timestamp_s,window_start_s,window_end_s,edge_padded,f0_hz,voiced,voicing_probability,relative_pitch_semitones,rms_amplitude,rms_dbfs,praat_timestamp_s,praat_time_offset_s,praat_f0_hz,praat_voiced,praat_strength,absolute_difference_hz,signed_difference_semitones,flags,praat_relative_semitones,agreement_screen_pass
0.0,0.0,0.042666666666666665,True,187.0613654014066,True,0.026168028608935755,-0.30000000000000204,0.0462208356366209,-26.703244141615592,,,,,,,,pyin_probability_below_0.5|edge_window,,False
0.01,0.0,0.05266666666666667,True,185.98397121658357,True,0.030106861794195014,-0.4000000000000028,0.051033182928474495,-25.84294687942078,,,,,,,,pyin_probability_below_0.5|edge_window,,False
0.02,0.0,0.06266666666666666,True,184.9127823656466,True,0.034897428019625254,-0.5000000000000001,0.05298844518244682,-25.516376472363113,0.024999999999999575,0.004999999999999574,187.279370615005,True,0.8063469729356172,2.366588249358415,-0.22016441466348685,pyin_probability_below_0.5|edge_window,-0.2466217421593213,False
0.03,0.0,0.07266666666666667,True,183.84776310850236,True,0.030106861794195014,-0.5999999999999991,0.05514621293673788,-25.169686131257116,0.03499999999999957,0.004999999999999574,186.44174176602235,True,0.9006487104846701,2.5939786575199832,-0.24255927200179186,pyin_probability_below_0.5|edge_window,-0.3242268848210188,False
0.04,0.0,0.08266666666666667,True,182.78887791090543,True,0.03489742801962526,-0.7000000000000002,0.05763222783551531,-24.78669183951289,0.044999999999999575,0.004999999999999574,183.69166082488547,True,0.8911195065720888,0.9027829139800474,-0.0852941161036569,pyin_probability_below_0.5|edge_window,-0.5814920407191541,False
0.05,0.007333333333333333,0.09266666666666666,False,181.73609144327253,True,0.04069733156888106,-0.8000000000000008,0.0616264224384477,-24.20466086746613,0.05499999999999958,0.004999999999999574,181.63855110432522,True,0.952288996475015,0.09754033894731151,0.009294273195015842,pyin_probability_below_0.5,-0.7760804300178243,False
0.06,0.017333333333333333,0.10266666666666667,False,181.73609144327253,True,0.07797523762294818,-0.8000000000000008,0.06614735890779457,-23.589749827615563,0.06499999999999957,0.004999999999999574,180.0645564730137,True,0.9663553047600126,1.6715349702588185,0.15996869331106486,pyin_probability_below_0.5,-0.926754850133876,False
0.07,0.027333333333333334,0.11266666666666666,False,180.68936857950385,True,0.1504646013433388,-0.8999999999999966,0.06714488541233271,-23.459741259844993,0.07499999999999958,0.004999999999999574,179.3944928143391,True,0.9744073610003461,1.294875765164761,0.12451225491483503,pyin_probability_below_0.5,-0.991298411737644,False
0.08,0.037333333333333336,0.12266666666666666,False,179.64867439581087,True,0.37213589829750865,-1.0000000000000013,0.06744437322692289,-23.421085539094744,0.08499999999999958,0.004999999999999574,178.99732635989483,True,0.9764558423218523,0.651348035916044,0.06288301751415672,pyin_probability_below_0.5,-1.0296691743369708,False
0.09,0.04733333333333333,0.13266666666666665,False,178.6139741695516,True,0.3721358982975087,-1.0999999999999999,0.06662196638822401,-23.5276510597501,0.09499999999999958,0.004999999999999588,178.4498316742719,True,0.9613781010628851,0.16414249527969105,0.01591699254270563,pyin_probability_below_0.5,-1.0827031493655144,False
0.1,0.05733333333333333,0.14266666666666666,False,178.6139741695516,True,0.3721358982975087,-1.0999999999999999,0.06451876033102838,-23.806279715483587,0.10499999999999958,0.004999999999999574,177.33202437485323,True,0.9457831292168816,1.2819497946983631,0.12470232780735635,pyin_probability_below_0.5,-1.1914884846301657,False
0.11,0.06733333333333333,0.15266666666666667,False,177.5852333780714,True,0.42606232904328145,-1.2000000000000022,0.06073337926486213,-24.33145107267387,0.11499999999999957,0.004999999999999574,176.38686976144476,True,0.9256002473548571,1.1983636166266365,0.11722143095858112,pyin_probability_below_0.5,-1.2840075877813928,False
0.12,0.07733333333333334,0.16266666666666665,False,177.5852333780714,True,0.3721358982975087,-1.2000000000000022,0.05516533063969053,-25.16667548968219,0.12499999999999958,0.004999999999999588,174.91148196020958,True,0.8744584248413994,2.6737514178618085,0.26263951233178834,pyin_probability_below_0.5,-1.429425669154603,False
0.13,0.08733333333333333,0.17266666666666666,False,176.56241769755178,True,0.32333605839064083,-1.3000000000000005,0.049789492621944875,-26.05724598728949,0.13499999999999956,0.00499999999999956,172.63670128073835,True,0.7669197602045998,3.9257164168134295,0.38926903853454575,pyin_probability_below_0.5,-1.6560551953573561,False
0.14,0.09733333333333333,0.18266666666666667,False,175.5454930018647,True,0.3233360583906409,-1.3999999999999984,0.04298815750165285,-27.33302337214839,0.14499999999999957,0.00499999999999956,168.58240572744936,True,0.617060007493483,6.963087274415358,0.700691769256406,pyin_probability_below_0.5,-2.0674779260792135,False
0.15,0.10733333333333334,0.19266666666666668,False,175.5454930018647,True,0.2065067991177523,-1.3999999999999984,0.03711210183069484,-28.609688976821836,0.15499999999999958,0.004999999999999588,149.96730745009765,True,0.5725783048053795,25.578185551767064,2.726363112008498,pyin_probability_below_0.5|pitch_difference_over_1_semitone,-4.093149268831308,False
0.16,0.11733333333333333,0.20266666666666666,False,173.52918104210445,True,0.15046460134333883,-1.6000000000000023,0.029508832390600287,-30.600959487636466,0.1649999999999996,0.004999999999999588,,False,0.0,,,pyin_probability_below_0.5|voicing_disagreement,,False
0.17,0.12733333333333333,0.21266666666666667,False,169.56576906952336,True,0.03489742801962526,-2.0000000000000004,0.01897864692039696,-34.43469507521599,0.17499999999999957,0.00499999999999956,,False,0.0,,,pyin_probability_below_0.5|voicing_disagreement,,False
0.18,0.13733333333333334,0.22266666666666668,False,,False,0.010349055133375846,,0.008086411564252044,-41.84488317363834,0.18499999999999958,0.004999999999999588,,False,0.0,,,,,False
0.19,0.14733333333333334,0.23266666666666666,False,,False,0.010000000000221913,,0.01904806485030468,-34.402982780369356,0.1949999999999996,0.004999999999999588,,False,0.0,,,,,False
0.2,0.15733333333333333,0.24266666666666667,False,,False,0.010000000000221913,,0.023051971731422295,-32.745838433292754,0.20499999999999957,0.00499999999999956,,False,0.0,,,,,False
0.21,0.16733333333333333,0.25266666666666665,False,,False,0.010000000000221913,,0.023902664178147483,-32.43107380247285,0.21499999999999958,0.004999999999999588,,False,0.0,,,,,False
0.22,0.17733333333333334,0.26266666666666666,False,,False,0.010000000000221913,,0.02411611615921565,-32.353852659025655,0.2249999999999996,0.004999999999999588,,False,0.0,,,,,False
0.23,0.18733333333333332,0.27266666666666667,False,,False,0.010000000000221911,,0.024237810174013837,-32.31013240323582,0.23499999999999957,0.00499999999999956,,False,0.0,,,,,False
0.24,0.19733333333333333,0.2826666666666667,False,,False,0.010000000000221911,,0.024404214441118285,-32.250703349887715,0.24499999999999958,0.004999999999999588,,False,0.0,,,,,False
0.25,0.20733333333333334,0.2926666666666667,False,,False,0.0100000000000754,,0.02460577238354079,-32.17925995529681,0.25499999999999956,0.00499999999999956,,False,0.0,,,,,False
0.26,0.21733333333333332,0.30266666666666664,False,,False,0.01000000521622945,,0.02480702287098228,-32.10850705900218,0.26499999999999957,0.00499999999999956,,False,0.0,,,,,False
0.27,0.22733333333333333,0.31266666666666665,False,,False,0.010000005216229449,,0.023770164615418185,-32.47935621287417,0.2749999999999996,0.00499999999999956,,False,0.0,,,,,False
0.28,0.23733333333333334,0.32266666666666666,False,,False,0.01000000000950597,,0.013143032325341916,-37.62608847903578,0.2849999999999996,0.00499999999999956,,False,0.0,,,,,False
0.29,0.24733333333333332,0.33266666666666667,False,193.6580702059513,True,0.010000516719604523,0.3000000000000021,0.012505831726109199,-38.057748386470024,0.2949999999999996,0.004999999999999616,,False,0.0,,,pyin_probability_below_0.5|voicing_disagreement,,False
0.3,0.25733333333333336,0.3426666666666667,False,193.6580702059513,True,0.010467533617069905,0.3000000000000021,0.015782289428795327,-36.036599928524524,0.3049999999999996,0.004999999999999616,,False,0.0,,,pyin_probability_below_0.5|voicing_disagreement,,False
0.31,0.2673333333333333,0.3526666666666667,False,194.7799199939686,True,0.022944219124638603,0.4000000000000011,0.020654057531197364,-33.699892352008696,0.31499999999999956,0.00499999999999956,185.82313387855874,True,0.647982337966659,8.95678611540987,0.814978040467895,pyin_probability_below_0.5,-0.3817641972907038,False
0.32,0.2773333333333333,0.3626666666666667,False,194.7799199939686,True,0.06608151270920701,0.4000000000000011,0.025211117787600167,-31.968157970862325,0.32499999999999957,0.00499999999999956,190.69091027195978,True,0.8652448428732552,4.089009722008825,0.36730656875173945,pyin_probability_below_0.5,0.06590727442544898,False
0.33,0.28733333333333333,0.37266666666666665,False,193.6580702059513,True,0.1504646013433388,0.3000000000000021,0.030173517161175466,-30.407481271036648,0.3349999999999996,0.00499999999999956,193.92391548213033,True,0.9101857405768339,0.26584527617902154,-0.023749321850645454,pyin_probability_below_0.5,0.35696316502783754,False
0.34,0.29733333333333334,0.38266666666666665,False,193.6580702059513,True,0.32333605839064083,0.3000000000000021,0.03407673512539921,-29.350840428896664,0.3449999999999996,0.00499999999999956,194.3374652680684,True,0.9282554193524268,0.679395062117095,-0.060629206209360104,pyin_probability_below_0.5,0.39384304938655224,False
0.35,0.30733333333333335,0.39266666666666666,False,192.54268179725335,True,0.32333605839064083,0.20000000000000068,0.03803706330451261,-28.39586041296689,0.3549999999999996,0.004999999999999616,193.7076282559336,True,0.9501723877287385,1.164946458680248,-0.10442974606907565,pyin_probability_below_0.5,0.33764358924626675,False
0.36,0.31733333333333336,0.4026666666666667,False,192.54268179725335,True,0.4260623290432814,0.20000000000000068,0.041383756197677576,-27.66340186263248,0.3649999999999996,0.004999999999999616,193.1719851931723,True,0.9636811853063526,0.6293033959189529,-0.05649110734574006,pyin_probability_below_0.5,0.28970495052293027,False
0.37,0.3273333333333333,0.4126666666666667,False,191.43371755306833,True,0.48498680771591124,0.10000000000000017,0.04445123285526055,-27.042323787323447,0.3749999999999996,0.004999999999999616,192.30368496357573,True,0.9595101072159475,0.8699674105073996,-0.07849741896980031,pyin_probability_below_0.5,0.2117112621469926,False
0.38,0.3373333333333333,0.4226666666666667,False,191.43371755306833,True,0.5485250542599845,0.10000000000000017,0.04671790588214716,-26.610332651907523,0.38499999999999956,0.00499999999999956,190.84098355214533,True,0.9672513549878218,0.5927340009230022,0.05368715762951132,,0.0795266855476789,True
0.39,0.3473333333333333,0.43266666666666664,False,191.43371755306833,True,0.6159498854580681,0.10000000000000017,0.04791910233086454,-26.389826523728672,0.3949999999999996,0.00499999999999956,190.37263272197313,True,0.9686361231930405,1.0610848310952008,0.09622631559465902,,0.03698752758252842,True
0.4,0.35733333333333334,0.44266666666666665,False,191.43371755306833,True,0.615949885458068,0.10000000000000017,0.048781830319478074,-26.23483817526463,0.4049999999999996,0.00499999999999956,190.56457052883388,True,0.964868057152845,0.8691470242344508,0.07878043255543409,,0.05443341062175451,True
0.41,0.36733333333333335,0.45266666666666666,False,191.43371755306833,True,0.5485250542599845,0.10000000000000017,0.048998613109626304,-26.19632424733195,0.4149999999999996,0.004999999999999616,190.85056402779858,True,0.9711544324803769,0.5831535252697506,0.05281807652117329,,0.08039576665601675,True
0.42,0.37733333333333335,0.46266666666666667,False,192.54268179725335,True,0.2407543944755743,0.20000000000000068,0.048898896170143646,-26.2140188881314,0.4249999999999996,0.004999999999999616,191.5654352455641,True,0.969945418056219,0.9772465516892623,0.08809218446374385,pyin_probability_below_0.5,0.14512165871344562,False
0.43,0.3873333333333333,0.4726666666666667,False,193.6580702059513,True,0.056071395445892624,0.3000000000000021,0.04896747297922055,-26.201846153042947,0.4349999999999996,0.004999999999999616,193.06178562364832,True,0.9608126081373423,0.5962845823029852,0.05338794863250426,pyin_probability_below_0.5,0.27982589454468865,False
0.44,0.3973333333333333,0.4826666666666667,False,194.7799199939686,True,0.016467587593113005,0.4000000000000011,0.04885177567120176,-26.22239291722996,0.44499999999999956,0.00499999999999956,194.96948474311057,True,0.9381945441044641,0.1895647491419652,-0.016840614513169573,pyin_probability_below_0.5,0.45005445769035973,False
0.45,0.4073333333333333,0.49266666666666664,False,197.04315364635175,True,0.010824463728234167,0.6000000000000013,0.048187713055785154,-26.34127368846884,0.45499999999999957,0.00499999999999956,198.0528737339053,True,0.9062119113368186,1.0097200875535464,-0.08848813858668363,pyin_probability_below_0.5,0.721701981763875,False
0.46,0.41733333333333333,0.5026666666666667,False,199.33268480704808,True,0.010101974593744989,0.8000000000000002,0.04779311346260271,-26.412693532465866,0.4649999999999996,0.00499999999999956,201.77768032005235,True,0.9072629345901604,2.4449955130042724,-0.211059712060059,pyin_probability_below_0.5,1.0442735552372502,False
0.47,0.42733333333333334,0.5126666666666667,False,201.6488190383855,True,0.01001876450976914,1.0000000000000009,0.04748308692463663,-26.46922109731574,0.4749999999999996,0.004999999999999616,205.81581559918794,True,0.906471595897369,4.166996560802431,-0.3541066989811287,pyin_probability_below_0.5,1.3873205421583181,False
0.48,0.43733333333333335,0.5226666666666666,False,205.1735783080468,True,0.010009025493342986,1.2999999999999994,0.04714690290273643,-26.530936619054373,0.4849999999999996,0.004999999999999616,210.0996718900059,True,0.9120312407544747,4.926093581959094,-0.4107474286451885,pyin_probability_below_0.5,1.7439612718223796,False
0.49,0.44733333333333336,0.5326666666666666,False,207.55758045272898,True,0.010006178555334078,1.5000000000000004,0.04639921471978559,-26.669787391380755,0.4949999999999996,0.004999999999999616,215.06345783583959,True,0.8989786853549032,7.505877383110601,-0.6150094692661073,pyin_probability_below_0.5,2.148223312443299,False
0.5,0.4573333333333333,0.5426666666666666,False,209.96928336801093,True,0.010013068846238975,1.6999999999999993,0.04513118234235725,-26.910465774518286,0.5049999999999996,0.00499999999999956,220.60684034456423,True,0.8904138090767951,10.637556976553299,-0.8555908232499995,pyin_probability_below_0.5,2.5888046664271886,False
0.51,0.4673333333333333,0.5526666666666666,False,214.87708272009507,True,0.010013068846238975,2.100000000000002,0.04329349788705012,-27.27154648116151,0.5149999999999996,0.00499999999999956,226.75511988176265,True,0.8898389083902488,11.878037161667578,-0.9314820280633256,pyin_probability_below_0.5,3.0646958712405192,False
0.52,0.47733333333333333,0.5626666666666666,False,222.45470667747657,True,0.010073751764282884,2.7,0.04051721821764669,-27.847207591110525,0.5249999999999996,0.00499999999999956,232.69493092307542,True,0.9143250807893009,10.240224245598853,-0.7791379181960402,pyin_probability_below_0.5,3.5123517613732305,False
0.53,0.48733333333333334,0.5726666666666667,False,227.65433896553014,True,0.011085791888943373,3.0999999999999988,0.03735963066327903,-28.55194851698275,0.5349999999999996,0.00499999999999956,236.60154967763484,True,0.9348224124655043,8.947210712104692,-0.6673747967148986,pyin_probability_below_0.5,3.800588639892088,False
0.54,0.49733333333333335,0.5826666666666667,False,231.63366671648822,True,0.02616802860893576,3.4000000000000004,0.03407702994420604,-29.350765282245067,0.5449999999999996,0.00499999999999956,239.6714874471433,True,0.9355836985785673,8.037820730655085,-0.5905599862304244,pyin_probability_below_0.5,4.023773829407614,False
0.55,0.5073333333333333,0.5926666666666667,False,234.3251202788159,True,0.12793708630129033,3.6000000000000005,0.030469702658848366,-30.322635677116253,0.5549999999999996,0.00499999999999956,242.6415443481557,True,0.9404216292016264,8.316424069339803,-0.6037795465925129,pyin_probability_below_0.5,4.236993389769703,False
0.56,0.5173333333333333,0.6026666666666667,False,237.04784702513638,True,0.32333605839064083,3.8000000000000007,0.0262294060372385,-31.624230877228715,0.5649999999999996,0.00499999999999956,245.44339902669887,True,0.9186959729815899,8.395552001562493,-0.6025449282715902,pyin_probability_below_0.5,4.43575877144878,False
0.57,0.5273333333333333,0.6126666666666667,False,239.8022103323442,True,0.6159498854580681,4.0,0.021785740363077698,-33.23655352967983,0.5749999999999996,0.004999999999999671,248.58244302469626,True,0.9060470677611975,8.780232692352058,-0.622553378251351,,4.655767221428541,False
0.58,0.5373333333333333,0.6226666666666667,False,241.19137040474044,True,0.615949885458068,4.099999999999998,0.01700918444730046,-35.386330186923566,0.5849999999999996,0.004999999999999671,246.25171673065944,True,0.8728982600334885,5.060346325918999,-0.35946590825897934,,4.492679751436169,True
0.59,0.5473333333333333,0.6326666666666667,False,243.99387913449723,True,0.6159498854580681,4.3000000000000025,0.011591767400823466,-38.717006839130235,0.5949999999999996,0.004999999999999671,239.90933479701113,True,0.8746316118692568,4.084544337486108,0.29226795662163196,,4.040945886555558,True
0.6,0.5573333333333333,0.6426666666666667,False,248.25881701670832,True,0.5485250542599844,4.600000000000001,0.007088933896090365,-42.98838146801379,0.6049999999999995,0.00499999999999956,,False,0.0,,,voicing_disagreement,,False
0.61,0.5673333333333334,0.6526666666666666,False,248.25881701670832,True,0.2796051653363589,4.600000000000001,0.004100305394405439,-47.74367590869933,0.6149999999999995,0.00499999999999956,,False,0.0,,,pyin_probability_below_0.5|voicing_disagreement,,False
0.62,0.5773333333333334,0.6626666666666666,False,242.58857779956992,True,0.32333605839064083,4.199999999999998,0.002275292944672527,-52.859253597154094,0.6249999999999996,0.00499999999999956,,False,0.0,,,pyin_probability_below_0.5|voicing_disagreement,,False
0.63,0.5873333333333334,0.6726666666666666,False,239.8022103323442,True,0.2065067991177523,4.0,0.0011546461881018555,-58.751021477254326,0.6349999999999996,0.00499999999999956,,False,0.0,,,pyin_probability_below_0.5|voicing_disagreement,,False
0.64,0.5973333333333334,0.6826666666666666,False,239.8022103323442,True,0.010073751764282884,4.0,0.0004863145268420182,-66.26165514603727,0.6449999999999996,0.00499999999999956,,False,0.0,,,pyin_probability_below_0.5|voicing_disagreement,,False
0.65,0.6073333333333333,0.6926666666666667,False,,False,0.01,,0.0003372462615668408,-69.44105711717695,0.6549999999999996,0.00499999999999956,,False,0.0,,,,,False
0.66,0.6173333333333333,0.7026666666666667,False,,False,0.01,,0.00026809869737423874,-71.43410592284555,0.6649999999999996,0.00499999999999956,,False,0.0,,,,,False
0.67,0.6273333333333333,0.7126666666666667,False,,False,0.01,,0.00022531350439678778,-72.94425555218615,0.6749999999999996,0.00499999999999956,,False,0.0,,,,,False
0.68,0.6373333333333333,0.7226666666666667,False,,False,0.01,,0.00023519143907565728,-72.57156981092035,0.6849999999999996,0.00499999999999956,,False,0.0,,,,,False
0.69,0.6473333333333333,0.7326666666666667,False,,False,0.01,,0.00023370761555332835,-72.62654271074344,0.6949999999999996,0.004999999999999671,,False,0.0,,,,,False
0.7,0.6573333333333333,0.7426666666666667,False,,False,0.01,,0.00017051446089299247,-75.36477567422556,0.7049999999999996,0.004999999999999671,,False,0.0,,,,,False
0.71,0.6673333333333333,0.7526666666666667,False,,False,0.01,,0.00015541673104812567,-76.17004459992347,0.7149999999999996,0.004999999999999671,,False,0.0,,,,,False
0.72,0.6773333333333333,0.7626666666666667,False,,False,0.01,,0.00015478489649010772,-76.2054283783618,0.7249999999999996,0.004999999999999671,,False,0.0,,,,,False
0.73,0.6873333333333334,0.7726666666666666,False,,False,0.01,,0.0001538389299955777,-76.25867498863026,0.7349999999999995,0.00499999999999956,,False,0.0,,,,,False
0.74,0.6973333333333334,0.7826666666666666,False,,False,0.01,,0.00025612503557730895,-71.83095936529254,0.7449999999999996,0.00499999999999956,,False,0.0,,,,,False
0.75,0.7073333333333334,0.7926666666666666,False,211.18562305262122,True,0.010000000814014906,1.7999999999999972,0.0034956311217906166,-49.129488055210466,0.7549999999999996,0.00499999999999956,,False,0.0,,,pyin_probability_below_0.5|voicing_disagreement,,False
0.76,0.7173333333333334,0.8026666666666666,False,190.3311404729313,True,0.012403124793551348,0.0,0.011219890969451446,-39.000227267293525,0.7649999999999996,0.00499999999999956,,False,0.0,,,pyin_probability_below_0.5|voicing_disagreement,,False
0.77,0.7273333333333334,0.8126666666666666,False,189.23491376948436,True,0.0779752376229482,-0.09999999999999873,0.017550289153862444,-35.114314476393474,0.7749999999999996,0.00499999999999956,,False,0.0,,,pyin_probability_below_0.5|voicing_disagreement,,False
0.78,0.7373333333333333,0.8226666666666667,False,185.98397121658357,True,0.1765306086328976,-0.4000000000000028,0.023610189156697773,-32.5380106697927,0.7849999999999996,0.00499999999999956,190.73932476165615,True,0.8227123138452803,4.75535354507258,-0.4370883011763501,pyin_probability_below_0.5,0.0703021443535386,False
0.79,0.7473333333333333,0.8326666666666667,False,183.84776310850236,True,0.3233360583906408,-0.5999999999999991,0.030357400693589248,-30.354708339825113,0.7949999999999996,0.00499999999999956,186.30685795877815,True,0.9334463602696168,2.4590948502757897,-0.2300298916025702,pyin_probability_below_0.5,-0.33675626522023805,False
0.8,0.7573333333333333,0.8426666666666667,False,184.9127823656466,True,0.4849868077159112,-0.5000000000000001,0.03628288341072835,-28.805964134769848,0.8049999999999996,0.00499999999999956,184.2303328735772,True,0.9855229574419442,0.6824494920693951,0.06401209150069234,pyin_probability_below_0.5,-0.5307982483234995,False
0.81,0.7673333333333333,0.8526666666666667,False,184.9127823656466,True,0.6159498854580678,-0.5000000000000001,0.041477576531021194,-27.643732533582735,0.8149999999999996,0.00499999999999956,182.9661407777167,True,0.9937627983969177,1.9466415879298893,0.18321917573207508,,-0.6500053325548831,True
0.82,0.7773333333333333,0.8626666666666667,False,184.9127823656466,True,0.6860828109301792,-0.5000000000000001,0.04670140110814914,-26.613401795782767,0.8249999999999996,0.004999999999999671,182.85233419918885,True,0.9962035920640189,2.0604481664577463,0.19399095701643604,,-0.660777113839247,True
0.83,0.7873333333333333,0.8726666666666667,False,185.98397121658357,True,0.7571601330199093,-0.4000000000000028,0.05155057257771343,-25.75533013196995,0.8349999999999996,0.004999999999999671,183.83138325442374,True,0.9976714440852434,2.152587962159828,0.20154250581785177,,-0.5683286626406624,True
0.84,0.7973333333333333,0.8826666666666667,False,187.0613654014066,True,0.8266685594724994,-0.30000000000000204,0.055274280064402305,-25.149538106090745,0.8449999999999996,0.004999999999999671,184.85871018095548,True,0.9980214621757417,2.2026552204511063,0.20506321389283816,,-0.47184937071565003,True
0.85,0.8073333333333333,0.8926666666666667,False,188.14500086724917,True,0.8266685594724994,-0.19999999999999973,0.05791067636116815,-24.744827254878455,0.8549999999999996,0.004999999999999671,186.45699932169063,True,0.9977132574727612,1.688001545558535,0.15602402169256935,,-0.32281017851537896,True
0.86,0.8173333333333334,0.9026666666666666,False,188.14500086724917,True,0.8266685594724995,-0.19999999999999973,0.060083952436668586,-24.42483012694328,0.8649999999999995,0.00499999999999956,188.68461979933187,True,0.9978971750632352,0.5396189320827034,-0.049582477388968225,,-0.11720367943384033,True
0.87,0.8273333333333334,0.9126666666666666,False,190.3311404729313,True,0.8266685594724995,0.0,0.06148855873718572,-24.224113729877217,0.8749999999999996,0.00499999999999956,190.65408353043415,True,0.99856711932576,0.32294305750284025,-0.029349702599413593,,0.06256354577660506,True
0.88,0.8373333333333334,0.9226666666666666,False,191.43371755306833,True,0.8266685594724996,0.10000000000000017,0.06254283681413107,-24.076448478880543,0.8849999999999996,0.00499999999999956,192.1578246646797,True,0.9992327282557392,0.7241071116113744,-0.06536121044710674,,0.1985750536242965,True
0.89,0.8473333333333334,0.9326666666666666,False,193.6580702059513,True,0.8266685594724996,0.3000000000000021,0.06329464536973778,-23.972660581560966,0.8949999999999996,0.00499999999999956,193.67736414875134,True,0.9997048327230904,0.019293942800032937,-0.0017247237294173842,,0.3349385669066071,True
0.9,0.8573333333333333,0.9426666666666667,False,194.7799199939686,True,0.8911444948731203,0.4000000000000011,0.06314839863590668,-23.992753162634518,0.9049999999999996,0.00499999999999956,194.68090992478136,True,0.9991560262089141,0.0990100691872442,0.008802405454015106,,0.42441143772317413,True
0.91,0.8673333333333333,0.9526666666666667,False,195.90826859169485,True,0.8911444948731203,0.49999999999999706,0.06262858912592983,-24.06454743633151,0.9149999999999996,0.00499999999999956,196.19527951980243,True,0.9945279380951499,0.287010928107577,-0.025344487818541955,,0.5585583309957312,True
0.92,0.8773333333333333,0.9626666666666667,False,198.18461302324906,True,0.8911444948731203,0.699999999999998,0.062054738890746954,-24.14450094873098,0.9249999999999996,0.00499999999999956,199.41814790532828,True,0.98512580870235,1.2335348820792262,-0.10742100659404397,,0.8406348497712341,True
0.93,0.8873333333333333,0.9726666666666667,False,199.33268480704808,True,0.8911444948731204,0.8000000000000002,0.06141723073860035,-24.234195389919666,0.9349999999999996,0.00499999999999956,199.89465249831477,True,0.9899790458157742,0.5619676912666876,-0.04873905934122727,,0.8819529025184181,True
0.94,0.8973333333333333,0.9826666666666667,False,199.33268480704808,True,0.8911444948731204,0.8000000000000002,0.06038282241633565,-24.381731820563655,0.9449999999999996,0.004999999999999671,200.0700932619668,True,0.995958198221891,0.7374084549187216,-0.06392685008168544,,0.897140693258878,True
0.95,0.9073333333333333,0.9926666666666667,False,200.48740730303228,True,0.8911444948731204,0.8999999999999985,0.059101393817955934,-24.5680455362466,0.9549999999999996,0.004999999999999671,200.17546843531937,True,0.9964068442976134,0.3119388677129109,0.026957291569970232,,0.9062565516072187,True
0.96,0.9173333333333333,1.0026666666666666,False,200.48740730303228,True,0.8911444948731204,0.8999999999999985,0.05762235240718078,-24.788180316251456,0.9649999999999996,0.004999999999999671,200.1568818638893,True,0.9967411955734268,0.33052543914297416,0.028564841162911705,,0.9046490020142752,True
0.97,0.9273333333333333,1.0126666666666666,False,200.48740730303228,True,0.8911444948731203,0.8999999999999985,0.056090320803453456,-25.02224152151721,0.9749999999999996,0.004999999999999671,200.21330406732673,True,0.9962403006006796,0.27410323570555306,0.023685354937746077,,0.9095284882394401,True
0.98,0.9373333333333334,1.0226666666666666,False,200.48740730303228,True,0.8911444948731203,0.8999999999999985,0.05485963461863246,-25.214941785027214,0.9849999999999995,0.00499999999999956,200.27444165324783,True,0.9961330242857606,0.21296564978445076,0.018399626603857085,,0.9148142165733302,True
0.99,0.9473333333333334,1.0326666666666666,False,200.48740730303228,True,0.8911444948731203,0.8999999999999985,0.05390047733385339,-25.36814777509987,0.9949999999999996,0.00499999999999956,200.4854000348966,True,0.9948162112433031,0.0020072681356850808,0.00017333100292868928,,0.9330405121742607,True
1.0,0.9573333333333334,1.0426666666666666,False,200.48740730303228,True,0.8911444948731204,0.8999999999999985,0.05296141461081826,-25.520808466281206,1.0049999999999994,0.004999999999999449,200.83680032367946,True,0.9950166303868965,0.34939302064717026,-0.030144269155853474,,0.9633581123330408,True
1.01,0.9673333333333334,1.0526666666666666,False,200.48740730303228,True,0.8911444948731204,0.8999999999999985,0.052194957729282475,-25.64742899593915,1.0149999999999995,0.004999999999999449,200.80687331165177,True,0.9925113898520748,0.3194660086194858,-0.027564337454895192,,0.9607781806320826,True
1.02,0.9773333333333334,1.0626666666666666,False,200.48740730303228,True,0.8911444948731203,0.8999999999999985,0.05148628759685773,-25.76616843431343,1.0249999999999995,0.004999999999999449,200.6381329316477,True,0.9911394998775905,0.15072562861541883,-0.01301045814506814,,0.9462243013222549,True
1.03,0.9873333333333333,1.0726666666666667,False,200.48740730303228,True,0.8911444948731204,0.8999999999999985,0.050892021963925754,-25.867005881205316,1.0349999999999995,0.004999999999999449,200.72912253955826,True,0.9944818781234152,0.2417152365259767,-0.02085984335909405,,0.9540736865362842,True
1.04,0.9973333333333333,1.0826666666666667,False,200.48740730303228,True,0.8911444948731203,0.8999999999999985,0.05014675932515488,-25.995142550050886,1.0449999999999995,0.004999999999999449,200.1586375085619,True,0.9948835074068152,0.32876979447038934,0.028412989351619254,,0.9048008538255692,True
1.05,1.0073333333333334,1.0926666666666667,False,200.48740730303228,True,0.8911444948731204,0.8999999999999985,0.049231578856511304,-26.155124723636725,1.0549999999999995,0.004999999999999449,199.43862215898133,True,0.9952152371320264,1.048785144050953,0.09080162730640082,,0.8424122158707872,True
1.06,1.0173333333333334,1.1026666666666667,False,199.33268480704808,True,0.8911444948731203,0.8000000000000002,0.048153523394778984,-26.347438600725937,1.0649999999999995,0.004999999999999449,198.8548694181814,True,0.99224089139355,0.47781538886667363,0.04154879571908274,,0.7916650474581096,True
1.07,1.0273333333333334,1.1126666666666667,False,199.33268480704808,True,0.8911444948731204,0.8000000000000002,0.046705219644076486,-26.612691623818613,1.0749999999999995,0.004999999999999449,197.98043460983635,True,0.991845931101744,1.3522501972117311,0.11784512060284197,,0.7153687225743479,True
1.08,1.0373333333333334,1.1226666666666667,False,198.18461302324906,True,0.9459302094659092,0.699999999999998,0.045062305106646404,-26.92373192490625,1.0849999999999995,0.004999999999999449,197.60957679017798,True,0.9936955060614728,0.5750362330710743,0.05030508442110493,,0.6829087587560849,True
1.09,1.0473333333333332,1.1326666666666667,False,197.04315364635175,True,0.9459302094659093,0.6000000000000013,0.04283099917279609,-27.36483588299073,1.0949999999999995,0.004999999999999449,196.8542374171143,True,0.9936242893268945,0.18891622923746354,0.016606265538913163,,0.6166075776382776,True
1.1,1.0573333333333332,1.1426666666666667,False,197.04315364635175,True,0.9459302094659092,0.6000000000000013,0.04000829915425674,-27.956998221918624,1.1049999999999995,0.004999999999999449,196.1085011282765,True,0.9928645262091382,0.9346525180752678,0.08231456192781231,,0.5508992812493771,True
1.11,1.0673333333333332,1.1526666666666667,False,195.90826859169485,True,0.9459302094659092,0.49999999999999706,0.036607916772226246,-28.728499691732296,1.1149999999999995,0.004999999999999449,194.25509719939902,True,0.9890925255355555,1.6531713922958318,0.14671001851827756,,0.3865038246589122,True
1.12,1.0773333333333333,1.1626666666666667,False,195.90826859169485,True,0.9459302094659093,0.49999999999999706,0.03273010751306278,-29.70105136206282,1.1249999999999996,0.004999999999999449,193.1364171360772,True,0.9823112504699283,2.77185145561765,0.24669684462759836,,0.28651699854958945,True
1.13,1.0873333333333333,1.1726666666666667,False,194.7799199939686,True,0.9459302094659092,0.4000000000000011,0.028679345577500605,-30.848615257660033,1.1349999999999996,0.004999999999999671,187.50072699372757,True,0.9724373345818246,7.279193000241037,0.6593852067369537,,-0.2261713635597643,False
1.14,1.0973333333333333,1.1826666666666668,False,193.6580702059513,True,0.8911444948731203,0.3000000000000021,0.024400564342154,-32.25200258154581,1.1449999999999996,0.004999999999999671,183.09396072410996,True,0.9483160434968988,10.564109481841342,0.9711290161418062,,-0.637915172964616,False
1.15,1.1073333333333333,1.1926666666666668,False,192.54268179725335,True,0.8911444948731202,0.20000000000000068,0.019932419582271557,-34.00879958800947,1.1549999999999996,0.004999999999999671,178.95821714442008,True,0.8906577366796579,13.584464652833276,1.2666660127469618,pitch_difference_over_1_semitone,-1.0334521695697727,False
1.16,1.1173333333333333,1.2026666666666668,False,190.3311404729313,True,0.8266685594724996,0.0,0.015361341297009834,-36.27141723236938,1.1649999999999996,0.004999999999999671,,False,0.0,,,voicing_disagreement,,False
1.17,1.1273333333333333,1.2126666666666666,False,184.9127823656466,True,0.7571601330199093,-0.5000000000000001,0.010723564887567726,-39.39321631967274,1.1749999999999996,0.004999999999999671,,False,0.0,,,voicing_disagreement,,False
1.18,1.1373333333333333,1.2226666666666666,False,179.64867439581087,True,0.5485250542599845,-1.0000000000000013,0.006925582721587284,-43.19087357993391,1.1849999999999994,0.004999999999999449,,False,0.0,,,voicing_disagreement,,False
1.19,1.1473333333333333,1.2326666666666666,False,180.68936857950385,True,0.10857977072874497,-0.8999999999999966,0.0038153881401055815,-48.36922549215534,1.1949999999999994,0.004999999999999449,,False,0.0,,,pyin_probability_below_0.5|voicing_disagreement,,False
1.2,1.1573333333333333,1.2426666666666666,False,184.9127823656466,True,0.010000000000221913,-0.5000000000000001,0.0016035071561631244,-55.898581951066014,1.2049999999999994,0.004999999999999449,,False,0.0,,,pyin_probability_below_0.5|voicing_disagreement,,False
1.21,1.1673333333333333,1.2526666666666666,False,172.52972650401387,True,0.010259050559778863,-1.6999999999999988,0.0033068827097151665,-49.611624172042426,1.2149999999999994,0.004999999999999449,,False,0.0,,,pyin_probability_below_0.5|voicing_disagreement,,False
1.22,1.1773333333333333,1.2626666666666666,False,166.65273064969477,True,0.012403124793551348,-2.3,0.0071563368984021,-42.90618444741203,1.2249999999999994,0.004999999999999449,,False,0.0,,,pyin_probability_below_0.5|voicing_disagreement,,False
1.23,1.1873333333333334,1.2726666666666666,False,162.84637702113662,True,0.04768699308253104,-2.700000000000001,0.011136346085358554,-39.0651456182012,1.2349999999999994,0.004999999999999449,,False,0.0,,,pyin_probability_below_0.5|voicing_disagreement,,False
1.24,1.1973333333333334,1.2826666666666666,False,160.97592684906726,True,0.15046460134333883,-2.8999999999999995,0.01476502506102599,-36.61531623119978,1.2449999999999994,0.004999999999999449,164.33901276080402,True,0.9260771068722989,3.3630859117367606,-0.3579605827960484,pyin_probability_below_0.5,-2.50882557402676,False
1.25,1.2073333333333334,1.2926666666666666,False,160.04877373483913,True,0.3721358982975087,-2.9999999999999987,0.017690962148770965,-35.04497093418661,1.2549999999999994,0.004999999999999449,162.7210758431776,True,0.9582940167689651,2.672302108338471,-0.28667399492958673,pyin_probability_below_0.5,-2.680112161893221,False
1.26,1.2173333333333334,1.3026666666666666,False,158.21045677717683,True,0.5485250542599844,-3.2000000000000006,0.019950502549124925,-34.00092320098533,1.2649999999999995,0.004999999999999449,160.17554483476616,True,0.9734749061506971,1.9650880575893268,-0.21370729475369046,,-2.9530788620691197,True
1.27,1.2273333333333334,1.3126666666666666,False,158.21045677717683,True,0.7571601330199093,-3.2000000000000006,0.021345472761419276,-33.41388443921809,1.2749999999999995,0.004999999999999449,158.0310342181505,True,0.9875889243714333,0.1794225590263352,0.019644637755083242,,-3.1864307945778925,True
1.28,1.2373333333333334,1.3226666666666667,False,158.21045677717683,True,0.8911444948731202,-3.2000000000000006,0.021942150339957785,-33.174416272677355,1.2849999999999995,0.004999999999999449,156.54318441001098,True,0.9893133498867966,1.6672723671658503,0.18341110701666027,,-3.350197263839468,True
1.29,1.2473333333333334,1.3326666666666667,False,157.29923159850804,True,0.9459302094659091,-3.299999999999999,0.021999952337391035,-33.15156520140177,1.2949999999999995,0.004999999999999449,155.598619427267,True,0.9906874876701797,1.7006121712410334,0.18818836088337598,,-3.4549745177061864,True
1.3,1.2573333333333334,1.3426666666666667,False,157.29923159850804,True,0.9848789761259923,-3.299999999999999,0.021647196969065256,-33.29196662332925,1.3049999999999995,0.004999999999999449,155.9485610797114,True,0.9838787760676991,1.3506705187966475,0.14929658483214062,,-3.416082741654951,True
1.31,1.2673333333333334,1.3526666666666667,False,156.39325469067515,True,0.9848789761259923,-3.4000000000000012,0.020383297190853356,-33.81451126824908,1.3149999999999995,0.004999999999999449,156.6027751846176,True,0.9711147430384035,0.2095204939424491,-0.02317787017392379,,-3.343608286648889,True
1.32,1.2773333333333334,1.3626666666666667,False,156.39325469067515,True,0.9848789761259922,-3.4000000000000012,0.018139521056692406,-34.827483678684494,1.3249999999999995,0.004999999999999449,156.81592662191625,True,0.9649871857327145,0.4226719312410978,-0.046725608750067524,,-3.3200605480727443,True
1.33,1.2873333333333334,1.3726666666666667,False,156.39325469067515,True,0.9459302094659091,-3.4000000000000012,0.01479744445419945,-36.59626563165666,1.3349999999999995,0.004999999999999449,158.57393459477746,True,0.9309091690209178,2.1806799041023055,-0.23972831157071273,,-3.1270578452520996,True
1.34,1.2973333333333332,1.3826666666666667,False,157.29923159850804,True,0.09203757081218103,-3.299999999999999,0.01241297060961066,-38.12248545789479,1.3449999999999995,0.004999999999999449,,False,0.0,,,pyin_probability_below_0.5|voicing_disagreement,,False
1.35,1.3073333333333332,1.3926666666666667,False,,False,0.01000020633903134,,0.021470015218249414,-33.36335295459184,1.3549999999999995,0.004999999999999449,,False,0.0,,,,,False
1.36,1.3173333333333332,1.4026666666666667,False,191.43371755306833,True,0.010622609040911534,0.10000000000000017,0.03262963343590416,-29.727756101722306,1.3649999999999995,0.004999999999999449,,False,0.0,,,pyin_probability_below_0.5|voicing_disagreement,,False
1.37,1.3273333333333333,1.4126666666666667,False,190.3311404729313,True,0.04069733156888106,0.0,0.04265636306212928,-27.400323516588614,1.3749999999999996,0.004999999999999449,,False,0.0,,,pyin_probability_below_0.5|voicing_disagreement,,False
1.38,1.3373333333333333,1.4226666666666667,False,190.3311404729313,True,0.12793708630129036,0.0,0.05121596919566088,-25.811892088209465,1.3849999999999996,0.004999999999999671,194.15714945522575,True,0.6028132229991946,3.8260089822944394,-0.3445585125439106,pyin_probability_below_0.5,0.37777235572110135,False
1.39,1.3473333333333333,1.4326666666666668,False,189.23491376948436,True,0.2407543944755743,-0.09999999999999873,0.05767445703354635,-24.780329707596298,1.3949999999999996,0.004999999999999671,190.107405439263,True,0.872711800069346,0.8724916697786398,-0.07963730241993934,pyin_probability_below_0.5,0.012851145597129559,False
1.4,1.3573333333333333,1.4426666666666668,False,188.14500086724917,True,0.32333605839064083,-0.19999999999999973,0.0626915449574903,-24.055820547312333,1.4049999999999996,0.004999999999999671,189.49021153404166,True,0.975873113316366,1.3452106667924966,-0.1233404239681443,pyin_probability_below_0.5,-0.04344573285466412,False
1.41,1.3673333333333333,1.4526666666666668,False,188.14500086724917,True,0.42606232904328145,-0.19999999999999973,0.06769281094282441,-23.389149029146314,1.4149999999999996,0.004999999999999671,188.8584440017924,True,0.9834822770144125,0.7134431345432404,-0.0655239912435819,pyin_probability_below_0.5,-0.10126216557922738,False
1.42,1.3773333333333333,1.4626666666666666,False,188.14500086724917,True,0.4849868077159113,-0.19999999999999973,0.07190286403495504,-22.8650762090866,1.4249999999999996,0.004999999999999671,187.9795025845482,True,0.9851452028563725,0.16549828270098033,0.015235182921357828,pyin_probability_below_0.5,-0.18202133974416562,False
1.43,1.3873333333333333,1.4726666666666666,False,188.14500086724917,True,0.8266685594724994,-0.19999999999999973,0.07461580006309763,-22.543383999164192,1.4349999999999994,0.004999999999999449,186.874064020349,True,0.9896355459495022,1.270936846900156,0.117343237892383,,-0.28412939471519133,True
1.44,1.3973333333333333,1.4826666666666666,False,188.14500086724917,True,0.8266685594724995,-0.19999999999999973,0.07450116510204532,-22.556738707871045,1.4449999999999994,0.004999999999999449,186.83886228423503,True,0.9884054119378762,1.3061385830141319,0.12060469555346093,,-0.287390852376269,True
1.45,1.4073333333333333,1.4926666666666666,False,188.14500086724917,True,0.8266685594724996,-0.19999999999999973,0.07264361391845639,-22.77605116809772,1.4549999999999994,0.004999999999999449,187.9953510381669,True,0.987937559634882,0.14964982908227853,0.013775650067945035,,-0.18056180689075246,True
1.46,1.4173333333333333,1.5026666666666666,False,189.23491376948436,True,0.6860828109301793,-0.09999999999999873,0.07029666889016488,-23.06130508335773,1.4649999999999994,0.004999999999999449,188.98500973535545,True,0.9924682037235809,0.24990403412891737,0.02287782366587493,,-0.08966398048868525,True
1.47,1.4273333333333333,1.5126666666666666,False,189.23491376948436,True,0.5485250542599847,-0.09999999999999873,0.0679225414042998,-23.359721456102168,1.4749999999999994,0.004999999999999449,189.87985578217868,True,0.9890959099489307,0.6449420126943153,-0.058902830426264194,,-0.00788332639654603,True
1.48,1.4373333333333334,1.5226666666666666,False,190.3311404729313,True,0.4260623290432814,0.0,0.06613540989088675,-23.591319009200884,1.4849999999999994,0.004999999999999449,191.48097282057722,True,0.981585509867862,1.149832347645912,-0.10427301070348853,pyin_probability_below_0.5,0.13748685388067766,False
1.49,1.4473333333333334,1.5326666666666666,False,191.43371755306833,True,0.4260623290432814,0.10000000000000017,0.06398010419869574,-23.879101139092086,1.4949999999999994,0.004999999999999449,193.58187857237655,True,0.9809384805659025,2.148161019308219,-0.19318739957399056,pyin_probability_below_0.5,0.3264012427511819,False
1.5,1.4573333333333334,1.5426666666666666,False,192.54268179725335,True,0.4849868077159113,0.20000000000000068,0.06149127870900443,-24.223729514455727,1.5049999999999994,0.004999999999999449,195.62198754217212,True,0.9783463037317793,3.07930574491877,-0.2746829481963961,pyin_probability_below_0.5,0.507896791373588,False
1.51,1.4673333333333334,1.5526666666666666,False,193.6580702059513,True,0.5485250542599845,0.3000000000000021,0.059023795076447255,-24.579457398662413,1.5149999999999995,0.004999999999999449,197.08043703684433,True,0.9799456531212614,3.4223668308930257,-0.3032754332297669,,0.6364892764069576,True
1.52,1.4773333333333334,1.5626666666666666,False,194.7799199939686,True,0.6860828109301792,0.4000000000000011,0.05728351419279185,-24.839406941195747,1.5249999999999995,0.004999999999999449,197.321101175864,True,0.9754857312993107,2.5411811818953822,-0.2244034443151341,,0.6576172874923257,True
1.53,1.4873333333333334,1.5726666666666667,False,195.90826859169485,True,0.7571601330199093,0.49999999999999706,0.056064150007431715,-25.02629515662364,1.5349999999999995,0.004999999999999449,196.149673668976,True,0.9566854906045386,0.24140507728114358,-0.021319743699812495,,0.5545335868770026,True
1.54,1.4973333333333334,1.5826666666666667,False,195.90826859169485,True,0.7571601330199094,0.49999999999999706,0.05502272518570896,-25.189158070345883,1.5449999999999995,0.004999999999999449,194.50843638247142,True,0.9580501848992691,1.3998322092234332,0.12414671492138452,,0.40906712825580294,True
1.55,1.5073333333333334,1.5926666666666667,False,195.90826859169485,True,0.7571601330199093,0.49999999999999706,0.05423048721315141,-25.315129875874092,1.5549999999999995,0.004999999999999449,194.1806981599493,True,0.9811671616918153,1.727570431745562,0.15334185592497945,,0.3798719872522086,True
1.56,1.5173333333333334,1.6026666666666667,False,195.90826859169485,True,0.7571601330199094,0.49999999999999706,0.053957066310356926,-25.359033426058822,1.5649999999999995,0.004999999999999449,194.42868958878802,True,0.9928245433613256,1.4795790029068314,0.13124608174673308,,0.40196776143045543,True
1.57,1.5273333333333334,1.6126666666666667,False,195.90826859169485,True,0.7571601330199094,0.49999999999999706,0.05460756774358213,-25.2549433358209,1.5749999999999995,0.004999999999999449,194.77765110796108,True,0.9976312454812494,1.1306174837337721,0.10020166327141584,,0.4330121799057734,True
1.58,1.5373333333333334,1.6226666666666667,False,197.04315364635175,True,0.6860828109301794,0.6000000000000013,0.05506971200913486,-25.181743893715772,1.5849999999999995,0.004999999999999449,195.20532183402844,True,0.9983031824140647,1.8378318123233157,0.1622308557781041,,0.47098298739908506,True
1.59,1.5473333333333332,1.6326666666666667,False,199.33268480704808,True,0.42606232904328145,0.8000000000000002,0.05648956924354051,-24.960634738541877,1.5949999999999995,0.004999999999999449,196.64035443484735,True,0.9953439881772096,2.692330372200729,0.23542642447118844,pyin_probability_below_0.5,0.5977874187059998,False
1.6,1.5573333333333332,1.6426666666666667,False,200.48740730303228,True,0.3721358982975087,0.8999999999999985,0.05861546359259437,-24.63975591615673,1.6049999999999995,0.004999999999999449,199.24007874450206,True,0.981287030961644,1.2473285585302278,0.10804484330971269,pyin_probability_below_0.5,0.825168999867476,False
1.61,1.5673333333333332,1.6526666666666667,False,201.6488190383855,True,0.42606232904328145,1.0000000000000009,0.061443261440894015,-24.230514795666842,1.6149999999999995,0.004999999999999449,203.0499330991338,True,0.9261835930762247,1.4011140607482844,-0.11987514403529295,pyin_probability_below_0.5,1.153088987212483,False
1.62,1.5773333333333333,1.6626666666666667,False,201.6488190383855,True,0.48498680771591124,1.0000000000000009,0.06417260589476875,-23.853006493983,1.6249999999999996,0.004999999999999449,203.39409650255186,True,0.8707926787884659,1.7452774641663495,-0.14919418928881154,pyin_probability_below_0.5,1.182408032466003,False
1.63,1.5873333333333333,1.6726666666666667,False,202.8169587634771,True,0.4849868077159112,1.099999999999998,0.0669494647173723,-23.485057819259254,1.6349999999999996,0.004999999999999671,202.09123608704076,True,0.9226115341904501,0.7257226764363338,0.06205837120373921,pyin_probability_below_0.5,1.0711554719734495,False
1.64,1.5973333333333333,1.6826666666666668,False,202.8169587634771,True,0.48498680771591124,1.099999999999998,0.06958025786348915,-23.150279321920102,1.6449999999999996,0.004999999999999671,201.90155839870258,True,0.9672274328924159,0.9154003647745128,0.0783149233507204,pyin_probability_below_0.5,1.0548989198264687,False
1.65,1.6073333333333333,1.6926666666666668,False,203.99186545315516,True,0.4260623290432815,1.199999999999996,0.07191055782859548,-22.864146846004118,1.6549999999999996,0.004999999999999671,202.19482269635085,True,0.9792927216253349,1.7970427568043021,0.1531867979652694,pyin_probability_below_0.5,1.080027045211917,False
1.66,1.6173333333333333,1.7026666666666668,False,205.1735783080468,True,0.32333605839064083,1.2999999999999994,0.07376032566489152,-22.643543489263944,1.6649999999999996,0.004999999999999671,203.43384598122407,True,0.972235987011254,1.7397323268227467,0.14742277606962081,pyin_probability_below_0.5,1.185791067107568,False
1.67,1.6273333333333333,1.7126666666666666,False,206.36213675586595,True,0.20650679911775227,1.4000000000000004,0.07646879824417106,-22.330314699432122,1.6749999999999996,0.004999999999999671,205.24908802022517,True,0.9731571728536962,1.1130487356407741,0.09362973846435652,pyin_probability_below_0.5,1.3395841047128332,False
1.68,1.6373333333333333,1.7226666666666666,False,206.36213675586595,True,0.1504646013433388,1.4000000000000004,0.07702379904999336,-22.267501288984345,1.6849999999999996,0.004999999999999671,207.1494483687359,True,0.9704189235941588,0.7873116128699564,-0.06592426270427271,pyin_probability_below_0.5,1.4991381058814635,False
1.69,1.6473333333333333,1.7326666666666666,False,208.75994928447787,True,0.10857977072874496,1.599999999999999,0.07694565749041204,-22.27631770018945,1.6949999999999994,0.004999999999999449,209.19955706395535,True,0.9754693942823064,0.439607779477484,-0.03641808477398089,pyin_probability_below_0.5,1.6696319279511702,False
1.7,1.6573333333333333,1.7426666666666666,False,209.96928336801093,True,0.1279370863012904,1.6999999999999993,0.07639361154530894,-22.33885916006349,1.7049999999999994,0.004999999999999449,210.89284002865355,True,0.9779605616226069,0.9235566606426175,-0.07598190546466566,pyin_probability_below_0.5,1.8091957486418546,False
1.71,1.6673333333333333,1.7526666666666666,False,211.18562305262122,True,0.20650679911775227,1.7999999999999972,0.0754652930426909,-22.445054743735216,1.7149999999999994,0.004999999999999449,212.56413138879375,True,0.9797236917571166,1.3785083361725299,-0.1126386015434846,pyin_probability_below_0.5,1.945852444720675,False
1.72,1.6773333333333333,1.7626666666666666,False,212.40900892134297,True,0.2796051653363589,1.9000000000000006,0.07384766069222874,-22.633265149775287,1.7249999999999994,0.004999999999999449,214.21403225144564,True,0.9863234047340514,1.8050233301026708,-0.14649637705533783,pyin_probability_below_0.5,2.079710220232527,False
1.73,1.6873333333333334,1.7726666666666666,False,213.63948179230545,True,0.48498680771591135,1.9999999999999973,0.07027832269392666,-23.06357224389479,1.7349999999999994,0.004999999999999449,215.50684931184165,True,0.9872984645957307,1.8673675195362023,-0.1506651881540475,pyin_probability_below_0.5,2.183879031331236,False
1.74,1.6973333333333334,1.7826666666666666,False,213.63948179230545,True,0.6860828109301794,1.9999999999999973,0.06563927835655238,-23.656724045215572,1.7449999999999994,0.004999999999999449,216.84780242283017,True,0.9820883577643104,3.2083206305247245,-0.2580543936814936,,2.2912682368586816,True
1.75,1.7073333333333334,1.7926666666666666,False,214.87708272009507,True,0.7571601330199094,2.100000000000002,0.05977609313477743,-24.469449462567148,1.7549999999999994,0.004999999999999449,217.8845827027633,True,0.9746241191550319,3.007499982668236,-0.2406299176754662,,2.373843760852658,True
1.76,1.7173333333333334,1.8026666666666666,False,216.12185299712482,True,0.8911444948731203,2.1999999999999993,0.0533884877768393,-25.451047606245154,1.7649999999999995,0.004999999999999449,217.52299751379573,True,0.93831275970544,1.4011445166709109,-0.11187576808661115,,2.345089611263801,True
1.77,1.7273333333333334,1.8126666666666666,False,216.12185299712482,True,0.8266685594724995,2.1999999999999993,0.04722931255127171,-26.515767515466674,1.7749999999999995,0.004999999999999449,213.83435399200832,True,0.8879068137038768,2.2874990051165014,0.18421566971024222,,2.048998173466946,True
1.78,1.7373333333333334,1.8226666666666667,False,217.37383415501247,True,0.7571601330199093,2.3000000000000003,0.04068344564210496,-27.811645441445055,1.7849999999999995,0.004999999999999449,204.90261027132553,True,0.871521422393555,12.471223883686946,1.0228791221104783,pitch_difference_over_1_semitone,1.310334721066713,False
1.79,1.7473333333333334,1.8326666666666667,False,217.37383415501247,True,0.6159498854580681,2.3000000000000003,0.03291510297061369,-29.652095638720823,1.7949999999999995,0.004999999999999449,207.3866639185601,True,0.6303058890936409,9.987170236452386,0.8142619903396566,,1.5189518528375363,False
1.8,1.7573333333333334,1.8426666666666667,False,216.12185299712482,True,0.2796051653363588,2.1999999999999993,0.024089076464328237,-32.363596996408795,1.8049999999999995,0.004999999999999449,,False,0.0,,,pyin_probability_below_0.5|voicing_disagreement,,False
1.81,1.7673333333333334,1.8526666666666667,False,209.96928336801093,True,0.07797523762294818,1.6999999999999993,0.014901595437398312,-36.535344628311684,1.8149999999999995,0.004999999999999449,,False,0.0,,,pyin_probability_below_0.5|voicing_disagreement,,False
1.82,1.7773333333333334,1.8626666666666667,False,208.75994928447787,True,0.010140046044704068,1.599999999999999,0.009522779780460889,-40.424725177067614,1.8249999999999995,0.004999999999999449,,False,0.0,,,pyin_probability_below_0.5|voicing_disagreement,,False
1.83,1.7873333333333334,1.8726666666666667,False,,False,0.010000000000000439,,0.006351820940392519,-43.94203506582435,1.8349999999999995,0.004999999999999449,,False,0.0,,,,,False
1.84,1.7973333333333332,1.8826666666666667,False,,False,0.01,,0.006306879458132906,-44.003709389862465,1.8449999999999995,0.004999999999999449,,False,0.0,,,,,False
1.85,1.8073333333333332,1.8926666666666667,False,,False,0.01,,0.006481521080842597,-43.766461242168134,1.8549999999999995,0.004999999999999449,,False,0.0,,,,,False
1.86,1.8173333333333332,1.9026666666666667,False,,False,0.01000000000000011,,0.006531333821686622,-43.699962370684624,1.8649999999999995,0.004999999999999449,,False,0.0,,,,,False
1.87,1.8273333333333333,1.9126666666666667,False,,False,0.010000000000221913,,0.013080144066701884,-37.66774945199484,1.8749999999999996,0.004999999999999449,,False,0.0,,,,,False
1.88,1.8373333333333333,1.9226666666666667,False,222.45470667747657,True,0.010037765502929688,2.7,0.02697186911423949,-31.381779129619854,1.8849999999999996,0.004999999999999671,,False,0.0,,,pyin_probability_below_0.5|voicing_disagreement,,False
1.89,1.8473333333333333,1.9326666666666668,False,214.87708272009507,True,0.012403124793551348,2.100000000000002,0.036121792159554446,-28.844614211635296,1.8949999999999996,0.004999999999999671,,False,0.0,,,pyin_probability_below_0.5|voicing_disagreement,,False
1.9,1.8573333333333333,1.9426666666666668,False,209.96928336801093,True,0.013980210380185928,1.6999999999999993,0.043183083768495494,-27.29372694553807,1.9049999999999996,0.004999999999999671,229.09140021579927,True,0.5639058649952214,19.122116847788334,-1.5089401547989172,pyin_probability_below_0.5|pitch_difference_over_1_semitone,3.242153997976106,False
1.91,1.8673333333333333,1.9526666666666668,False,207.55758045272898,True,0.015085587297504336,1.5000000000000004,0.049199345430647946,-26.16081350471323,1.9149999999999996,0.004999999999999671,217.88823030305616,True,0.6876958795351458,10.330649850327177,-0.8409197407041689,pyin_probability_below_0.5,2.37413358388136,False
1.92,1.8773333333333333,1.9626666666666666,False,205.1735783080468,True,0.015085587297504338,1.2999999999999994,0.054487797746699214,-25.27401489560993,1.9249999999999996,0.004999999999999671,211.41501789481865,True,0.8414624757855653,6.241439586771833,-0.5187948697667631,pyin_probability_below_0.5,1.8520087129439546,False
1.93,1.8873333333333333,1.9726666666666666,False,203.99186545315516,True,0.01646758759311301,1.199999999999996,0.05874945981381555,-24.619922445280316,1.9349999999999996,0.004999999999999671,206.05536195781457,True,0.9213764009524759,2.063496504659412,-0.17424459071732235,pyin_probability_below_0.5,1.4074584338945098,False
1.94,1.8973333333333333,1.9826666666666666,False,202.8169587634771,True,0.02031762855636058,1.099999999999998,0.06185072149708628,-24.173104598021162,1.9449999999999994,0.004999999999999449,202.64400769867328,True,0.9515995835701303,0.1729510648038115,0.014769302849685428,pyin_probability_below_0.5,1.118444540327503,False
1.95,1.9073333333333333,1.9926666666666666,False,202.8169587634771,True,0.020317628556360583,1.099999999999998,0.06495688643136625,-23.747496004796883,1.9549999999999994,0.004999999999999449,200.14469698797328,True,0.9533049602626431,2.672261775503813,0.22961879014490144,pyin_probability_below_0.5,0.903595053032288,False
1.96,1.9173333333333333,2.002666666666667,False,201.6488190383855,True,0.07797523762294818,1.0000000000000009,0.06299017293628091,-24.01454398630643,1.9649999999999994,0.004999999999999449,198.78397431325476,True,0.9601686519697039,2.8648447251307516,0.2477220367289359,pyin_probability_below_0.5,0.7854918064482567,False
1.97,1.9273333333333333,2.0126666666666666,False,200.48740730303228,True,0.24075439447557428,0.8999999999999985,0.05907874906647473,-24.571374180295482,1.9749999999999994,0.004999999999999449,197.6769050617147,True,0.9434918951321362,2.810502241317579,0.24440753908991417,pyin_probability_below_0.5,0.6888063040872732,False
1.98,1.9373333333333334,2.022666666666667,False,199.33268480704808,True,0.3233360583906408,0.8000000000000002,0.05474006793829788,-25.233893358390183,1.9849999999999994,0.004999999999999449,195.43212507945262,True,0.8793776797808851,3.900559727595464,0.34212783963669136,pyin_probability_below_0.5,0.4910860035404989,False
1.99,1.9473333333333334,2.0326666666666666,False,198.18461302324906,True,0.32333605839064083,0.699999999999998,0.04989027838385553,-26.039681454495582,1.9949999999999994,0.004999999999999449,190.77427729605532,True,0.7950279143287747,7.41033572719374,0.6597395436241522,pyin_probability_below_0.5,0.0734742995530355,False
2.0,1.9573333333333334,2.042666666666667,False,197.04315364635175,True,0.2796051653363589,0.6000000000000013,0.04400590419463175,-27.129781021582346,2.0049999999999994,0.004999999999999449,182.1972767055703,True,0.8698127821729749,14.845876940781466,1.35612273419928,pyin_probability_below_0.5|pitch_difference_over_1_semitone,-0.7229088910220911,False
2.01,1.9673333333333334,2.0526666666666666,False,195.90826859169485,True,0.1765306086328976,0.49999999999999706,0.03747276420296069,-28.525685394161098,2.0149999999999997,0.004999999999999893,174.54333733411957,True,0.9320682805373866,21.36493125757528,1.9991160301680972,pyin_probability_below_0.5|pitch_difference_over_1_semitone,-1.465902186990908,False
2.02,1.9773333333333334,2.062666666666667,False,192.54268179725335,True,0.056071395445892624,0.20000000000000068,0.03232225109728886,-29.80996800430674,2.0249999999999995,0.004999999999999449,164.52059733249664,True,0.9473098105229093,28.022084464756716,2.722920898808895,pyin_probability_below_0.5|pitch_difference_over_1_semitone,-2.489707055631705,False
2.03,1.9873333333333334,2.0726666666666667,False,191.43371755306833,True,0.013100262550513397,0.10000000000000017,0.03273754785459742,-29.6990770745966,2.0349999999999997,0.004999999999999893,161.80936250351743,True,0.9620076955927673,29.6243550495509,2.9105984419526383,pyin_probability_below_0.5|pitch_difference_over_1_semitone,-2.777384598775447,False
2.04,1.9973333333333334,2.082666666666667,False,190.3311404729313,True,0.04069733156888106,0.0,0.03387831360379984,-29.401564322666204,2.0449999999999995,0.004999999999999449,175.51051582810504,True,0.7132320816183048,14.820624644826268,1.40344980133256,pyin_probability_below_0.5|pitch_difference_over_1_semitone,-1.3702359581553685,False
2.05,2.0073333333333334,2.0926666666666667,False,188.14500086724917,True,0.09203757081218102,-0.19999999999999973,0.03817724357231038,-28.363908624425967,2.0549999999999997,0.004999999999999893,198.98589383717632,True,0.5968753494350798,10.840892969927154,-0.9698544572692834,pyin_probability_below_0.5,0.8030683004464736,False
2.06,2.017333333333333,2.1026666666666665,False,187.0613654014066,True,0.10857977072874499,-0.30000000000000204,0.04162998005198404,-27.61187594431842,2.0649999999999995,0.004999999999999449,195.23185542394106,True,0.7884189284830592,8.170490022534466,-0.7401221913724807,pyin_probability_below_0.5,0.4733360345496679,False
2.07,2.0273333333333334,2.1126666666666667,False,184.9127823656466,True,0.108579770728745,-0.5000000000000001,0.04584838898658511,-26.77351839792866,2.0749999999999993,0.004999999999999449,188.6772093283827,True,0.9194814773351402,3.7644269627361098,-0.3489025326442603,pyin_probability_below_0.5,-0.1178836241785507,False
2.08,2.037333333333333,2.1226666666666665,False,183.84776310850236,True,0.10857977072874499,-0.5999999999999991,0.04865402501932678,-26.257624517418996,2.0849999999999995,0.004999999999999449,185.24286598349977,True,0.9650058298599763,1.3951028749974057,-0.13087631661378613,pyin_probability_below_0.5,-0.4359098402090228,False
2.09,2.0473333333333334,2.1326666666666667,False,180.68936857950385,True,0.056071395445892624,-0.8999999999999966,0.051568467687543515,-25.75231546173629,2.0949999999999993,0.004999999999999449,181.85821869922884,True,0.9513736676082248,1.1688501197249934,-0.11163004292883688,pyin_probability_below_0.5,-0.7551561138939693,False
2.1,2.0573333333333332,2.1426666666666665,False,179.64867439581087,True,0.03010686179419501,-1.0000000000000013,0.05395284645717926,-25.35971275528945,2.1049999999999995,0.004999999999999449,178.448905260437,True,0.9271895325684552,1.1997691353738844,0.1160068689703009,pyin_probability_below_0.5,-1.0827930257931153,False
2.11,2.0673333333333335,2.1526666666666667,False,177.5852333780714,True,0.0229442191246386,-1.2000000000000022,0.05418346096906543,-25.32266515705682,2.1149999999999993,0.004999999999999449,174.26435065202992,True,0.9087362281774558,3.320882726041475,0.32680987768920994,pyin_probability_below_0.5,-1.4935960345120205,False
2.12,2.0773333333333333,2.1626666666666665,False,174.53442536143424,True,0.011853505394683413,-1.5000000000000004,0.05195158445460616,-25.688024049951746,2.1249999999999996,0.004999999999999449,169.11893066962477,True,0.8909561277713427,5.415494691809471,0.5456815617460468,pyin_probability_below_0.5,-2.0124677185688578,False
2.13,2.0873333333333335,2.1726666666666667,False,171.53602840047625,True,0.010259050559778863,-1.800000000000001,0.049703311556117895,-26.072293495902098,2.1349999999999993,0.004999999999999449,164.5943185363247,True,0.8827030412049613,6.941709864151562,0.7151650266690402,pyin_probability_below_0.5,-2.4819511834918493,False
2.14,2.0973333333333333,2.1826666666666665,False,167.61814009714527,True,0.01010197459374499,-2.200000000000002,0.047803458370173885,-26.410813659074858,2.1449999999999996,0.004999999999999449,159.79658860668843,True,0.882878853999988,7.821551490456841,0.8273001657925083,pyin_probability_below_0.5,-2.994086322615321,False
2.15,2.1073333333333335,2.1926666666666668,False,162.84637702113662,True,0.010191075496968311,-2.700000000000001,0.04403373322006824,-27.124289861945048,2.1549999999999994,0.004999999999999449,156.42526577843736,True,0.8804136068190948,6.421111242699254,0.6964568155880313,pyin_probability_below_0.5,-3.363242972410843,False
2.16,2.1173333333333333,2.2026666666666666,False,159.12696062960518,True,0.010349055133375844,-3.100000000000001,0.040971105921889135,-27.750446261922477,2.1649999999999996,0.004999999999999449,151.77817833141154,True,0.845197468330703,7.34878229819364,0.8185668655841631,pyin_probability_below_0.5,-3.8853530224069748,False
2.17,2.1273333333333335,2.212666666666667,False,156.39325469067515,True,0.010824463728234167,-3.4000000000000012,0.0379374273093511,-28.41864247434307,2.1749999999999994,0.004999999999999449,147.02039926621137,True,0.8841314589172973,9.37285542446378,1.0699433425183709,pyin_probability_below_0.5|pitch_difference_over_1_semitone,-4.436729499341183,False
2.18,2.1373333333333333,2.2226666666666666,False,153.70651218352927,True,0.011422334250709074,-3.6999999999999984,0.03464355320473467,-29.207551421967402,2.1849999999999996,0.004999999999999449,142.82449470996087,True,0.9056876031381187,10.882017473568396,1.2712183681440066,pyin_probability_below_0.5|pitch_difference_over_1_semitone,-4.938004524966814,False
2.19,2.1473333333333335,2.232666666666667,False,150.19585059339548,True,0.011853505394683411,-4.100000000000002,0.03199984731334369,-29.897041878058438,2.1949999999999994,0.004999999999999449,139.1611402677129,True,0.934348344820115,11.034710325682568,1.3210626146230062,pyin_probability_below_0.5|pitch_difference_over_1_semitone,-5.38784877144582,False
2.2,2.1573333333333333,2.2426666666666666,False,145.9200662802185,True,0.013980210380185928,-4.599999999999999,0.028171722526768046,-31.003731955563573,2.2049999999999996,0.004999999999999449,134.97851060439152,True,0.9169392646886342,10.941555675826976,1.3493826017092092,pyin_probability_below_0.5|pitch_difference_over_1_semitone,-5.9161687585320175,False
2.21,2.167333333333333,2.252666666666667,False,141.7660052464835,True,0.015085587297504338,-5.1,0.024972043566290975,-32.0509183213765,2.2149999999999994,0.004999999999999449,131.139152950277,True,0.9464416803020499,10.626852296206494,1.3489577022915364,pyin_probability_below_0.5|pitch_difference_over_1_semitone,-6.415743859114346,False
2.22,2.1773333333333333,2.2626666666666666,False,134.5844400993791,True,0.04069733156888106,-5.999999999999998,0.021772506337989106,-33.24183148706469,2.2249999999999996,0.004999999999999449,128.49027482942887,True,0.9698777464691462,6.094165269950224,0.8022294526742049,pyin_probability_below_0.5,-6.769015609497012,False
2.23,2.187333333333333,2.272666666666667,False,132.2723599733492,True,0.12793708630129036,-6.3000000000000025,0.019968451539639165,-33.9931122267358,2.2349999999999994,0.004999999999999449,127.53572489448452,True,0.9830335199249864,4.736635078864694,0.6313223579120477,pyin_probability_below_0.5,-6.898108514734858,False
2.24,2.1973333333333334,2.2826666666666666,False,129.25125509628117,True,0.4849868077159113,-6.699999999999999,0.01749133190173322,-35.143542386127265,2.2449999999999997,0.004999999999999449,127.57145844788671,True,0.9791864343847324,1.6797966483944577,0.22647238513291434,pyin_probability_below_0.5,-6.893258541955723,False
2.25,2.207333333333333,2.292666666666667,False,128.5068226458765,True,0.7571601330199093,-6.8,0.015802381983994654,-36.025548888083456,2.2549999999999994,0.004999999999999449,127.72589564134694,True,0.9565971218248623,0.7809270045295591,0.10552685192689923,,-6.87231300874971,True
2.26,2.2173333333333334,2.3026666666666666,False,127.76667781088264,True,0.8266685594724995,-6.8999999999999995,0.014211055020189331,-36.94747358228347,2.2649999999999997,0.004999999999999893,129.24033193397963,True,0.9407786910415693,1.473654123096992,-0.1985368536958281,,-6.668249303126981,True
2.27,2.227333333333333,2.312666666666667,False,127.76667781088264,True,0.8266685594724995,-6.8999999999999995,0.012441565521311003,-38.102499379255825,2.2749999999999995,0.004999999999999449,129.22166059560345,True,0.9469045899679256,1.454982784720812,-0.19603556083815443,,-6.670750595984655,True
2.28,2.2373333333333334,2.3226666666666667,False,128.5068226458765,True,0.7571601330199094,-6.8,0.01095350087247477,-39.20894105647539,2.2849999999999997,0.004999999999999893,130.970359186219,True,0.9298768789350068,2.463536540342517,-0.3287446291025915,,-6.43804152772022,True
2.29,2.247333333333333,2.332666666666667,False,128.5068226458765,True,0.6860828109301793,-6.8,0.00951037088837834,-40.436050919642355,2.2949999999999995,0.004999999999999449,133.40423616463653,True,0.8994491073021996,4.8974135187600325,-0.6475142700509354,,-6.119271886771874,False
2.3,2.2573333333333334,2.3426666666666667,False,130.0,True,0.615949885458068,-6.6000000000000005,0.007301433145466172,-42.73183773983793,2.3049999999999997,0.004999999999999893,,False,0.0,,,voicing_disagreement,,False
2.31,2.267333333333333,2.3526666666666665,False,130.75308233882095,True,0.5485250542599845,-6.5,0.005514847985395591,-45.169329084289956,2.3149999999999995,0.004999999999999449,,False,0.0,,,voicing_disagreement,,False
2.32,2.2773333333333334,2.3626666666666667,False,133.03860595958074,True,0.32333605839064083,-6.200000000000002,0.004045278601408102,-47.86103125662091,2.3249999999999997,0.004999999999999893,,False,0.0,,,pyin_probability_below_0.5|voicing_disagreement,,False
2.33,2.287333333333333,2.3726666666666665,False,134.5844400993791,True,0.1765306086328976,-5.999999999999998,0.002658601288684683,-51.50693578144505,2.3349999999999995,0.004999999999999449,,False,0.0,,,pyin_probability_below_0.5|voicing_disagreement,,False
2.34,2.2973333333333334,2.3826666666666667,False,134.5844400993791,True,0.01240312479355135,-5.999999999999998,0.0015906472837041775,-55.968522236400425,2.3449999999999993,0.004999999999999449,,False,0.0,,,pyin_probability_below_0.5|voicing_disagreement,,False
2.35,2.3073333333333332,2.3926666666666665,False,133.03860595958074,True,0.0100000000000754,-6.200000000000002,0.0009463993589114652,-60.47851125140022,2.3549999999999995,0.004999999999999449,,False,0.0,,,pyin_probability_below_0.5|voicing_disagreement,,False
2.36,2.3173333333333335,2.4026666666666667,False,,False,0.01,,0.0008337982783771083,-61.57878011876132,2.3649999999999993,0.004999999999999449,,False,0.0,,,,,False
2.37,2.3273333333333333,2.4126666666666665,False,,False,0.01,,0.0008769607058583191,-61.140397314234946,2.3749999999999996,0.004999999999999449,,False,0.0,,,,,False
2.38,2.3373333333333335,2.4226666666666667,False,,False,0.01,,0.0009038742342901202,-60.87783986734064,2.3849999999999993,0.004999999999999449,,False,0.0,,,,,False
2.39,2.3473333333333333,2.4326666666666665,False,,False,0.01,,0.0008948092898196336,-60.965390315011476,2.3949999999999996,0.004999999999999449,,False,0.0,,,,,False
2.4,2.3573333333333335,2.4426666666666668,False,,False,0.01,,0.0007633619330817008,-62.34539002016607,2.4049999999999994,0.004999999999999449,,False,0.0,,,,,False
2.41,2.3673333333333333,2.4526666666666666,False,,False,0.01,,0.0006432839012373314,-63.83194634153335,2.4149999999999996,0.004999999999999449,,False,0.0,,,,,False
2.42,2.3773333333333335,2.462666666666667,False,,False,0.01,,0.0006750902795654168,-63.412762904998985,2.4249999999999994,0.004999999999999449,,False,0.0,,,,,False
2.43,2.3873333333333333,2.4726666666666666,False,,False,0.01,,0.0007618153755137678,-62.36300532677002,2.4349999999999996,0.004999999999999449,,False,0.0,,,,,False
2.44,2.3973333333333335,2.482666666666667,False,,False,0.01,,0.000786560200919657,-62.0853606438613,2.4449999999999994,0.004999999999999449,,False,0.0,,,,,False
2.45,2.4073333333333333,2.4926666666666666,False,,False,0.01,,0.0007302866547956545,-62.73013271102592,2.4549999999999996,0.004999999999999449,,False,0.0,,,,,False
2.46,2.417333333333333,2.502666666666667,False,,False,0.01,,0.0006915579021015404,-63.203429036749625,2.4649999999999994,0.004999999999999449,,False,0.0,,,,,False
2.47,2.4273333333333333,2.5126666666666666,False,,False,0.01,,0.0006784402489529947,-63.36976790312608,2.4749999999999996,0.004999999999999449,,False,0.0,,,,,False
2.48,2.437333333333333,2.522666666666667,False,,False,0.01,,0.000671866770913288,-63.45433675301882,2.4849999999999994,0.004999999999999449,,False,0.0,,,,,False
2.49,2.4473333333333334,2.5326666666666666,False,,False,0.01,,0.0006971147249601575,-63.13391487370473,2.4949999999999997,0.004999999999999449,,False,0.0,,,,,False
2.5,2.457333333333333,2.542666666666667,False,,False,0.01,,0.0007415457142929767,-62.5972414145403,2.5049999999999994,0.004999999999999449,,False,0.0,,,,,False
2.51,2.4673333333333334,2.5526666666666666,False,,False,0.01,,0.0006963393282377277,-63.143581516155464,2.5149999999999997,0.004999999999999893,,False,0.0,,,,,False
2.52,2.477333333333333,2.562666666666667,False,,False,0.01,,0.0006081496694695815,-64.3197904992308,2.5249999999999995,0.004999999999999449,,False,0.0,,,,,False
2.53,2.4873333333333334,2.5726666666666667,False,,False,0.01,,0.0005305837146683176,-65.50492168105139,2.5349999999999997,0.004999999999999893,,False,0.0,,,,,False
2.54,2.497333333333333,2.582666666666667,False,,False,0.01,,0.0004857728086104136,-66.27133597427178,2.5449999999999995,0.004999999999999449,,False,0.0,,,,,False
2.55,2.5073333333333334,2.5926666666666667,False,,False,0.01,,0.0004592998874172831,-66.75807322071006,2.5549999999999997,0.004999999999999893,,False,0.0,,,,,False
2.56,2.517333333333333,2.6026666666666665,False,,False,0.01,,0.0005129996670768016,-65.7976583346742,2.5649999999999995,0.004999999999999449,,False,0.0,,,,,False
2.57,2.5273333333333334,2.6126666666666667,False,,False,0.010000002871100366,,0.006750782925746424,-43.412917134153936,2.5749999999999997,0.004999999999999893,,False,0.0,,,,,False
2.58,2.537333333333333,2.6226666666666665,False,213.63948179230545,True,0.010259050559778863,1.9999999999999973,0.017133041929463275,-35.32331044542432,2.5849999999999995,0.004999999999999449,,False,0.0,,,pyin_probability_below_0.5|voicing_disagreement,,False
2.59,2.5473333333333334,2.6326666666666667,False,212.40900892134297,True,0.056071395445892624,1.9000000000000006,0.026785593107657622,-31.441974653897063,2.5949999999999993,0.004999999999999449,,False,0.0,,,pyin_probability_below_0.5|voicing_disagreement,,False
2.6,2.5573333333333332,2.6426666666666665,False,211.18562305262122,True,0.1765306086328976,1.7999999999999972,0.03472431605511146,-29.18732599109635,2.6049999999999995,0.004999999999999449,216.80262472282914,True,0.5425968346863507,5.617001670207912,-0.4544471945234933,pyin_probability_below_0.5,2.2876610377006816,False
2.61,2.5673333333333335,2.6526666666666667,False,209.96928336801093,True,0.2796051653363589,1.6999999999999993,0.041945610349016706,-27.54626963637163,2.6149999999999993,0.004999999999999449,212.57569840439038,True,0.8487776372574836,2.6064150363794454,-0.21358065447988686,pyin_probability_below_0.5,1.946794497657077,False
2.62,2.5773333333333333,2.6626666666666665,False,208.75994928447787,True,0.37213589829750876,1.599999999999999,0.048497170972325,-26.28567189473539,2.6249999999999996,0.004999999999999449,211.26860398252177,True,0.9605352160679488,2.508654698043898,-0.2068011824203011,pyin_probability_below_0.5,1.8400150255974883,False
2.63,2.5873333333333335,2.6726666666666667,False,208.75994928447787,True,0.48498680771591124,1.599999999999999,0.05476933346348789,-25.229250887062644,2.6349999999999993,0.004999999999999449,209.95888512080492,True,0.9799218605327904,1.1989358363270526,-0.0991426248121379,pyin_probability_below_0.5,1.7323564679893289,False
2.64,2.5973333333333333,2.6826666666666665,False,208.75994928447787,True,0.5485250542599845,1.599999999999999,0.06030384266507305,-24.393100259662994,2.6449999999999996,0.004999999999999449,207.7946325572293,True,0.9845057932134387,0.9653167272485632,0.08023880906767428,,1.5529750341095132,True
2.65,2.6073333333333335,2.6926666666666668,False,208.75994928447787,True,0.6860828109301792,1.599999999999999,0.06496692182880423,-23.74615419753367,2.6549999999999994,0.004999999999999449,206.8502440484682,True,0.9899722601525615,1.9097052360096711,0.15909956250857557,,1.4741142806686125,True
2.66,2.6173333333333333,2.7026666666666666,False,208.75994928447787,True,0.7571601330199093,1.599999999999999,0.06846971039630838,-23.290030180948122,2.6649999999999996,0.004999999999999449,207.06450205703416,True,0.9880216097393063,1.695447227443708,0.14117650968985512,,1.4920373334873316,True
2.67,2.6273333333333335,2.712666666666667,False,208.75994928447787,True,0.7571601330199094,1.599999999999999,0.06887488800409367,-23.238781886721473,2.6749999999999994,0.004999999999999449,208.79833750230665,True,0.980330031587415,0.03838821782878199,-0.003183219784085328,,1.6363970629612736,True
2.68,2.6373333333333333,2.7226666666666666,False,208.75994928447787,True,0.7571601330199094,1.599999999999999,0.06820938548570099,-23.32311726223477,2.6849999999999996,0.004999999999999449,210.88741694532885,True,0.9843672908772441,2.127467660850982,-0.17553671504392382,,1.808750558221114,True
2.69,2.6473333333333335,2.732666666666667,False,209.96928336801093,True,0.6860828109301792,1.6999999999999993,0.0667616928565621,-23.50945319152077,2.6949999999999994,0.004999999999999449,213.94337902444735,True,0.9830200733538262,3.9740956564364183,-0.32460890613267734,,2.057822749309868,True
2.7,2.6573333333333333,2.7426666666666666,False,211.18562305262122,True,0.7571601330199093,1.7999999999999972,0.06450867259492574,-23.807637891193618,2.7049999999999996,0.004999999999999449,216.496060618678,True,0.9871930148115334,5.310437566056777,-0.42994980637808644,,2.263163649555276,True
2.71,2.667333333333333,2.752666666666667,False,213.63948179230545,True,0.7571601330199093,1.9999999999999973,0.06226416415857998,-24.11523675093148,2.7149999999999994,0.004999999999999449,217.94340649431146,True,0.9909446984131426,4.3039247020060145,-0.34530321787490836,,2.378517061052096,True
2.72,2.6773333333333333,2.7626666666666666,False,214.87708272009507,True,0.7571601330199094,2.100000000000002,0.05966683779617304,-24.485339562898044,2.7249999999999996,0.004999999999999449,218.51060780753915,True,0.9941380651830937,3.6335250874440703,-0.2903003422802317,,2.4235141854574245,True
2.73,2.687333333333333,2.772666666666667,False,217.37383415501247,True,0.7571601330199094,2.3000000000000003,0.057372986580748526,-24.82585084206573,2.7349999999999994,0.004999999999999449,218.36487238056725,True,0.9982928285944888,0.9910382255547745,-0.07875004229181891,,2.4119638854690097,True
2.74,2.6973333333333334,2.7826666666666666,False,219.8995964441766,True,0.7571601330199095,2.4999999999999987,0.055579443769647324,-25.101716077758624,2.7449999999999997,0.004999999999999449,220.94220673391482,True,0.9950374753631145,1.0426102897382066,-0.08188904890089141,,2.6151028920780806,True
2.75,2.707333333333333,2.792666666666667,False,222.45470667747657,True,0.7571601330199094,2.7,0.05392001616743609,-25.36499972506778,2.7549999999999994,0.004999999999999449,226.18602426053693,True,0.9928220600058126,3.7313175830603598,-0.2879779989932063,,3.021191842170394,True
2.76,2.7173333333333334,2.8026666666666666,False,226.34314645699226,True,0.8266685594724995,2.999999999999999,0.05337312729881677,-25.45354699551943,2.7649999999999997,0.004999999999999893,230.31246796409962,True,0.9966074851264264,3.9693215071073666,-0.3009706833437265,,3.334184526520916,True
2.77,2.727333333333333,2.812666666666667,False,230.29955496661373,True,0.8266685594724995,3.2999999999999976,0.05310857055260575,-25.4967077541328,2.7749999999999995,0.004999999999999449,232.1337700829012,True,0.9985795744385062,1.8342151162874814,-0.13733752061403248,,3.4705513637912198,True
2.78,2.7373333333333334,2.8226666666666667,False,232.97550689710764,True,0.8266685594724995,3.4999999999999982,0.052939415463359965,-25.524417166412622,2.7849999999999997,0.004999999999999893,232.5319685476853,True,0.9990902385842741,0.44353834942234016,0.03299061628260232,,3.5002232268945885,True
2.79,2.747333333333333,2.832666666666667,False,234.3251202788159,True,0.8911444948731203,3.6000000000000005,0.052972102467182126,-25.51905579075943,2.7949999999999995,0.004999999999999449,234.5078735822042,True,0.9952479042685741,0.18275330338832418,-0.013496863982398853,,3.6467107071595897,True
2.8,2.7573333333333334,2.8426666666666667,False,234.3251202788159,True,0.9848789761259924,3.6000000000000005,0.05118821314164576,-25.81660060738055,2.8049999999999997,0.004999999999999893,239.63009205506043,True,0.9938221651881193,5.3049717762445425,-0.387569588723243,,4.020783431900433,True
2.81,2.767333333333333,2.8526666666666665,False,235.68255189130872,True,0.9848789761259924,3.7000000000000015,0.048305893925641955,-26.319997532705173,2.8149999999999995,0.004999999999999449,240.89788303353532,True,0.9963554001250199,5.215331142226603,-0.3789211068636311,,4.112134950040824,True
2.82,2.7773333333333334,2.8626666666666667,False,235.68255189130872,True,0.9848789761259924,3.7000000000000015,0.04441117941107674,-27.050153865541947,2.8249999999999997,0.004999999999999893,236.55812497006647,True,0.9880712349663803,0.8755730787577534,-0.06419708159874137,,3.7974109247759316,True
2.83,2.787333333333333,2.8726666666666665,False,237.04784702513638,True,0.9459302094659092,3.8000000000000007,0.04011941296090262,-27.932908606604613,2.8349999999999995,0.004999999999999449,230.1480152428623,True,0.9725369082752979,6.899831782274077,0.5113954663241065,,3.3218183768530833,False
2.84,2.7973333333333334,2.8826666666666667,False,237.04784702513638,True,0.9459302094659091,3.8000000000000007,0.035798648566694666,-28.922667361594815,2.8449999999999993,0.004999999999999449,223.5525529034993,True,0.946113641472068,13.495294121637073,1.0147712255827215,pitch_difference_over_1_semitone,2.8184426175944677,False
2.85,2.8073333333333332,2.8926666666666665,False,235.68255189130872,True,0.9459302094659091,3.7000000000000015,0.03085594749012035,-30.213222264257446,2.8549999999999995,0.004999999999999449,218.51866997029347,True,0.8888446310144271,17.163881921015246,1.3090609137554297,pitch_difference_over_1_semitone,2.4241529294217603,False
2.86,2.8173333333333335,2.9026666666666667,False,239.8022103323442,True,0.42606232904328145,4.0,0.026022665426174336,-31.692964439428977,2.8649999999999993,0.004999999999999449,,False,0.0,,,pyin_probability_below_0.5|voicing_disagreement,,False
2.87,2.8273333333333333,2.9126666666666665,False,232.97550689710764,True,0.018187375734912182,3.4999999999999982,0.02234852634444264,-33.01502217688434,2.8749999999999996,0.004999999999999449,,False,0.0,,,pyin_probability_below_0.5|voicing_disagreement,,False
2.88,2.8373333333333335,2.9226666666666667,False,232.97550689710764,True,0.010000802780927255,3.4999999999999982,0.0178309156656627,-34.97652708115502,2.8849999999999993,0.004999999999999449,,False,0.0,,,pyin_probability_below_0.5|voicing_disagreement,,False
2.89,2.8473333333333333,2.9326666666666665,False,,False,0.01000000000399662,,0.014937125088189562,-36.514659641417765,2.8949999999999996,0.004999999999999449,,False,0.0,,,,,False
2.9,2.8573333333333335,2.9426666666666668,False,,False,0.01000000000022191,,0.015201025032342833,-36.36254251626144,2.9049999999999994,0.004999999999999449,,False,0.0,,,,,False
2.91,2.8673333333333333,2.9526666666666666,False,,False,0.0100000000000754,,0.01572531842249424,-36.0680110350058,2.9149999999999996,0.004999999999999449,,False,0.0,,,,,False
2.92,2.8773333333333335,2.962666666666667,False,,False,0.010000000000001869,,0.016230005086663626,-35.793626881220774,2.9249999999999994,0.004999999999999449,,False,0.0,,,,,False
2.93,2.8873333333333333,2.9726666666666666,False,,False,0.010000000000000437,,0.018183842261017154,-34.806286892633736,2.9349999999999996,0.004999999999999449,,False,0.0,,,,,False
2.94,2.8973333333333335,2.982666666666667,False,191.43371755306833,True,0.01000012784523254,0.10000000000000017,0.021761021560426547,-33.24641441509998,2.9449999999999994,0.004999999999999449,,False,0.0,,,pyin_probability_below_0.5|voicing_disagreement,,False
2.95,2.9073333333333333,2.9926666666666666,False,191.43371755306833,True,0.010622609040911533,0.10000000000000017,0.024199011661789695,-32.32404742303285,2.9549999999999996,0.004999999999999449,,False,0.0,,,pyin_probability_below_0.5|voicing_disagreement,,False
2.96,2.917333333333333,3.002666666666667,False,190.3311404729313,True,0.03489742801962526,0.0,0.02873482668677531,-30.831828359124284,2.9649999999999994,0.004999999999999449,189.9691396418829,True,0.6488369298888084,0.3620008310484195,0.032958605951836584,pyin_probability_below_0.5,0.00025523722535283737,False
2.97,2.9273333333333333,3.0126666666666666,False,187.0613654014066,True,0.06608151270920702,-0.30000000000000204,0.033702401067527414,-29.446783149794715,2.9749999999999996,0.004999999999999449,190.60085710875546,True,0.8955421219602802,3.5394917073488728,-0.32451580358348037,pyin_probability_below_0.5,0.057729646760668774,False
2.98,2.937333333333333,3.022666666666667,False,181.73609144327253,True,0.022944219124638603,-0.8000000000000008,0.03947684860443088,-28.073150477866058,2.9849999999999994,0.004999999999999449,190.34733767001003,True,0.9529667317768189,8.611246226737507,-0.8014732190396392,pyin_probability_below_0.5,0.034687062216828546,False
2.99,2.9473333333333334,3.0326666666666666,False,176.56241769755178,True,0.011422334250709074,-1.3000000000000005,0.045256581395371816,-26.886365100069266,2.9949999999999997,0.004999999999999449,187.74395190044424,True,0.9133829584540445,11.181534202892465,-1.0630577123898255,pyin_probability_below_0.5|pitch_difference_over_1_semitone,-0.2037284444329855,False
3.0,2.957333333333333,3.042666666666667,False,174.53442536143424,True,0.010140046044704068,-1.5000000000000004,0.0493529975067733,-26.1337292971241,3.0049999999999994,0.004999999999999449,182.47783105812925,True,0.8211037201237668,7.9434056966950095,-0.7705149678674309,pyin_probability_below_0.5,-0.69627118895538,False
3.01,2.9673333333333334,3.0526666666666666,False,172.52972650401387,True,0.01000419105279527,-1.6999999999999988,0.05243044597922599,-25.60832896226449,3.0149999999999997,0.004999999999999893,177.22551447587142,True,0.8118711771151922,4.6957879718575555,-0.4648963381905902,pyin_probability_below_0.5,-1.2018898186322193,False
3.02,2.977333333333333,3.062666666666667,False,175.5454930018647,True,0.010000027850262286,-1.3999999999999984,0.05522229062263492,-25.15771165544257,3.0249999999999995,0.004999999999999449,172.76454660977444,True,0.8337552446719713,2.7809463920902715,0.2764532077811487,pyin_probability_below_0.5,-1.643239364603959,False
3.03,2.9873333333333334,3.0726666666666667,False,175.5454930018647,True,0.01000000928748663,-1.3999999999999984,0.055845606508795824,-25.06021976127727,3.0349999999999997,0.004999999999999893,168.37342563211772,True,0.7745497267254151,7.172067369746998,0.7221660082712527,pyin_probability_below_0.5,-2.0889521650940623,False
3.04,2.997333333333333,3.082666666666667,False,174.53442536143424,True,0.010000016226422834,-1.5000000000000004,0.05659770688377959,-24.94402328715165,3.0449999999999995,0.004999999999999449,163.10913983580267,True,0.7753793182275808,11.42528552563158,1.1720879686587724,pyin_probability_below_0.5|pitch_difference_over_1_semitone,-2.6388741254815846,False
3.05,3.0073333333333334,3.0926666666666667,False,172.52972650401387,True,0.010000016226422836,-1.6999999999999988,0.05529328680385038,-25.146551869755307,3.0549999999999997,0.004999999999999893,158.88650028721867,True,0.7479205994464354,13.643226216795199,1.4261808547554138,pyin_probability_below_0.5|pitch_difference_over_1_semitone,-3.0929670115782226,False
3.06,3.017333333333333,3.1026666666666665,False,169.56576906952336,True,0.01000000928748663,-2.0000000000000004,0.0538971622332269,-25.368682009398608,3.0649999999999995,0.004999999999999449,153.82579171681004,True,0.7197339143419793,15.73997735271331,1.6865704644937434,pyin_probability_below_0.5|pitch_difference_over_1_semitone,-3.653356621316555,False
3.07,3.0273333333333334,3.1126666666666667,False,163.7897364863335,True,0.010000027850262286,-2.6000000000000005,0.04974328275701214,-26.06531114601345,3.0749999999999997,0.004999999999999893,149.7543191664913,True,0.7446723268768517,14.035417319842196,1.5509681186516078,pyin_probability_below_0.5|pitch_difference_over_1_semitone,-4.117754275474418,False
3.08,3.037333333333333,3.1226666666666665,False,159.12696062960518,True,0.010000078102280324,-3.100000000000001,0.04546900059275493,-26.845691829388812,3.0849999999999995,0.004999999999999449,145.54202138608912,True,0.7232960667641688,13.584939243516061,1.544910442044964,pyin_probability_below_0.5|pitch_difference_over_1_semitone,-4.6116965988677725,False
3.09,3.0473333333333334,3.1326666666666667,False,155.49249582586248,True,0.0100000470079773,-3.5000000000000027,0.04310330926385122,-27.30978771054041,3.0949999999999998,0.004999999999999893,141.64154638608656,True,0.73200952039023,13.850949439775917,1.615205482665318,pyin_probability_below_0.5|pitch_difference_over_1_semitone,-5.081991639488129,False
3.1,3.0573333333333332,3.1426666666666665,False,150.19585059339548,True,0.010006178555334078,-4.100000000000002,0.03828689864102174,-28.338996228878518,3.1049999999999995,0.004999999999999449,137.17979466811607,True,0.7016848786201677,13.016055925279403,1.569323462908235,pyin_probability_below_0.5|pitch_difference_over_1_semitone,-5.636109619731048,False
3.11,3.0673333333333335,3.1526666666666667,False,147.61557577921405,True,0.010013068846238975,-4.4,0.03473882579361793,-29.183697304405165,3.1149999999999993,0.004999999999999449,133.69034559956418,True,0.8594440236582034,13.925230179649873,1.715396053199561,pyin_probability_below_0.5|pitch_difference_over_1_semitone,-6.082182210022372,False
3.12,3.0773333333333333,3.1626666666666665,False,142.58724736030138,True,0.010191075496968311,-5.0,0.029795473364606934,-30.51699420981582,3.1249999999999996,0.004999999999999449,131.99161483583282,True,0.9110523426765916,10.595632524468556,1.336784107586331,pyin_probability_below_0.5|pitch_difference_over_1_semitone,-6.3035702644091405,False
3.13,3.0873333333333335,3.1726666666666667,False,138.52806521170294,True,0.010824463728234167,-5.5000000000000036,0.026328939850398327,-31.591332553079056,3.1349999999999993,0.004999999999999449,131.77584659930437,True,0.9260789378592211,6.752218612398565,0.8651079500401152,pyin_probability_below_0.5,-6.3318941068629275,False
3.14,3.0973333333333333,3.1826666666666665,False,133.80929076365396,True,0.2796051653363588,-6.1,0.021436563896705584,-33.37689654403846,3.1449999999999996,0.004999999999999449,131.69180291885812,True,0.9353521312543314,2.1174878447958463,0.2761528951328926,pyin_probability_below_0.5,-6.342939051955703,False
3.15,3.1073333333333335,3.1926666666666668,False,132.2723599733492,True,0.4260623290432814,-6.3000000000000025,0.018507841694838805,-34.65288447710176,3.1549999999999994,0.004999999999999449,133.11772599527183,True,0.938425461607275,0.8453660219226151,-0.11029284577079679,pyin_probability_below_0.5,-6.156493311052017,False
3.16,3.1173333333333333,3.2026666666666666,False,131.51052723924994,True,0.48498680771591124,-6.399999999999999,0.01513019750139337,-36.40310805790311,3.1649999999999996,0.004999999999999449,133.4701813796611,True,0.8683105881991929,1.9596541404111747,-0.2560700997927096,pyin_probability_below_0.5,-6.1107160570301,False
3.17,3.1273333333333335,3.212666666666667,False,131.51052723924994,True,0.48498680771591124,-6.399999999999999,0.012997534752472563,-37.72278025374934,3.1749999999999994,0.004999999999999449,136.25265337057783,True,0.7720698048793955,4.742126131327893,-0.6132724217042205,pyin_probability_below_0.5,-5.753513735118588,False
3.18,3.1373333333333333,3.2226666666666666,False,133.03860595958074,True,0.37213589829750876,-6.200000000000002,0.010868946020585997,-39.27625136231568,3.1849999999999996,0.004999999999999449,137.0877036414309,True,0.6187436930847948,4.0490976818501565,-0.5190505786398799,pyin_probability_below_0.5,-5.647735578182929,False
3.19,3.1473333333333335,3.232666666666667,False,134.5844400993791,True,0.24075439447557426,-5.999999999999998,0.008134013896315554,-41.7939017994646,3.1949999999999994,0.004999999999999449,,False,0.0,,,pyin_probability_below_0.5|voicing_disagreement,,False
3.2,3.1573333333333333,3.2426666666666666,False,137.7302022667084,True,0.09203757081218104,-5.599999999999999,0.005930918477140726,-44.53756090955842,3.2049999999999996,0.004999999999999449,,False,0.0,,,pyin_probability_below_0.5|voicing_disagreement,,False
3.21,3.167333333333333,3.252666666666667,False,137.7302022667084,True,0.010467533617069905,-5.599999999999999,0.0037049144988682953,-48.62443620226613,3.2149999999999994,0.004999999999999449,,False,0.0,,,pyin_probability_below_0.5|voicing_disagreement,,False
3.22,3.1773333333333333,3.2626666666666666,False,136.93693467412865,True,0.010001873046012551,-5.700000000000003,0.002130189404726644,-53.43163559535125,3.2249999999999996,0.004999999999999449,,False,0.0,,,pyin_probability_below_0.5|voicing_disagreement,,False
3.23,3.187333333333333,3.272666666666667,False,,False,0.010000000021701592,,0.0016892508031360139,-55.44611731844653,3.2349999999999994,0.004999999999999449,,False,0.0,,,,,False
3.24,3.1973333333333334,3.2826666666666666,False,,False,0.010000000000221913,,0.0011686526795332435,-58.64629081653177,3.2449999999999997,0.004999999999999449,,False,0.0,,,,,False
3.25,3.207333333333333,3.292666666666667,False,,False,0.01,,0.0009845806341039585,-60.13497421393236,3.2549999999999994,0.004999999999999449,,False,0.0,,,,,False
3.26,3.2173333333333334,3.3026666666666666,False,,False,0.01,,0.000937142613676112,-60.56388626933884,3.2649999999999997,0.004999999999999893,,False,0.0,,,,,False
3.27,3.227333333333333,3.312666666666667,False,,False,0.01,,0.0009409088259036486,-60.52904915367213,3.2749999999999995,0.004999999999999449,,False,0.0,,,,,False
3.28,3.2373333333333334,3.3226666666666667,False,,False,0.01,,0.0009729995121383459,-60.237747549734245,3.2849999999999997,0.004999999999999893,,False,0.0,,,,,False
3.29,3.247333333333333,3.332666666666667,False,,False,0.01,,0.0010084083406095591,-59.92727141806878,3.2949999999999995,0.004999999999999449,,False,0.0,,,,,False
3.3,3.2573333333333334,3.3426666666666667,False,,False,0.01,,0.0010018871816624712,-59.9836235961216,3.3049999999999997,0.004999999999999893,,False,0.0,,,,,False
3.31,3.267333333333333,3.3526666666666665,False,,False,0.01,,0.0009105896917275936,-60.81354540805853,3.3149999999999995,0.004999999999999449,,False,0.0,,,,,False
3.32,3.2773333333333334,3.3626666666666667,False,,False,0.01,,0.0008438899618110668,-61.474283581558346,3.3249999999999997,0.004999999999999893,,False,0.0,,,,,False
3.33,3.287333333333333,3.3726666666666665,False,,False,0.01,,0.0007946940096640298,-61.99600121291397,3.3349999999999995,0.004999999999999449,,False,0.0,,,,,False
3.34,3.2973333333333334,3.3826666666666667,False,,False,0.01,,0.0007874841152041773,-62.075163957084705,3.3449999999999998,0.004999999999999893,,False,0.0,,,,,False
3.35,3.3073333333333332,3.3926666666666665,False,,False,0.01,,0.0008109989417262692,-61.81959424999985,3.3549999999999995,0.004999999999999449,,False,0.0,,,,,False
3.36,3.3173333333333335,3.4026666666666667,False,,False,0.01,,0.0008238211683172453,-61.68334105834081,3.3649999999999993,0.004999999999999449,,False,0.0,,,,,False
3.37,3.3273333333333333,3.4126666666666665,False,,False,0.01,,0.0008328951646475058,-61.58819318387717,3.3749999999999996,0.004999999999999449,,False,0.0,,,,,False
3.38,3.3373333333333335,3.4226666666666667,False,,False,0.01,,0.0008333250160476655,-61.5837116130156,3.3849999999999993,0.004999999999999449,,False,0.0,,,,,False
3.39,3.3473333333333333,3.4326666666666665,False,,False,0.010000000000000439,,0.0008316975068538497,-61.6006920076351,3.3949999999999996,0.004999999999999449,,False,0.0,,,,,False
3.4,3.3573333333333335,3.4426666666666668,False,,False,0.010000000000000439,,0.0008166342740471455,-61.75944793481488,3.4049999999999994,0.004999999999999449,,False,0.0,,,,,False
3.41,3.3673333333333333,3.4526666666666666,False,,False,0.01,,0.0008317426141660686,-61.60022093911757,3.4149999999999996,0.004999999999999449,,False,0.0,,,,,False
3.42,3.3773333333333335,3.462666666666667,False,,False,0.01,,0.0008289251357791817,-61.62969381809362,3.4249999999999994,0.004999999999999449,,False,0.0,,,,,False
3.43,3.3873333333333333,3.4726666666666666,False,,False,0.01,,0.000805134140653967,-61.88263514562188,3.4349999999999996,0.004999999999999449,,False,0.0,,,,,False
3.44,3.3973333333333335,3.482666666666667,False,,False,0.01,,0.0007888374049966916,-62.060250085107036,3.4449999999999994,0.004999999999999449,,False,0.0,,,,,False
3.45,3.4073333333333333,3.4926666666666666,False,,False,0.01,,0.0007806693723677612,-62.15065717542164,3.4549999999999996,0.004999999999999449,,False,0.0,,,,,False
3.46,3.417333333333333,3.502666666666667,False,,False,0.01,,0.0007766130139921106,-62.19590672190797,3.4649999999999994,0.004999999999999449,,False,0.0,,,,,False
3.47,3.4273333333333333,3.5126666666666666,False,,False,0.01,,0.0007755779465090716,-62.20749097086578,3.4749999999999996,0.004999999999999449,,False,0.0,,,,,False
3.48,3.437333333333333,3.522666666666667,False,,False,0.01,,0.0007930161782803678,-62.01435905147339,3.4849999999999994,0.004999999999999449,,False,0.0,,,,,False
3.49,3.4473333333333334,3.5326666666666666,False,,False,0.01,,0.0008139321166201574,-61.7882362905856,3.4949999999999997,0.004999999999999449,,False,0.0,,,,,False
3.5,3.457333333333333,3.542666666666667,False,,False,0.01,,0.0007763040738310762,-62.19936269544313,3.5049999999999994,0.004999999999999449,,False,0.0,,,,,False
3.51,3.4673333333333334,3.5526666666666666,False,,False,0.01,,0.000773988820465889,-62.22530624487028,3.5149999999999997,0.004999999999999893,,False,0.0,,,,,False
3.52,3.477333333333333,3.562666666666667,False,,False,0.01,,0.0007780381112743958,-62.17998258177991,3.5249999999999995,0.004999999999999449,,False,0.0,,,,,False
3.53,3.4873333333333334,3.5726666666666667,False,,False,0.01,,0.0007683387083319054,-62.288945736563946,3.5349999999999997,0.004999999999999893,,False,0.0,,,,,False
3.54,3.497333333333333,3.582666666666667,False,,False,0.01,,0.0007631599584453642,-62.3476884862685,3.5449999999999995,0.004999999999999449,,False,0.0,,,,,False
3.55,3.5073333333333334,3.5926666666666667,False,,False,0.01,,0.0007452591052603072,-62.55385418473519,3.5549999999999997,0.004999999999999893,,False,0.0,,,,,False
3.56,3.517333333333333,3.6026666666666665,False,,False,0.01,,0.0007243333793010622,-62.80123001675781,3.5649999999999995,0.004999999999999449,,False,0.0,,,,,False
3.57,3.5273333333333334,3.6126666666666667,False,,False,0.01,,0.0007037215058824886,-63.05198353271691,3.5749999999999997,0.004999999999999893,,False,0.0,,,,,False
3.58,3.537333333333333,3.6226666666666665,False,,False,0.01,,0.0006738726423682079,-63.428443491936704,3.5849999999999995,0.004999999999999449,,False,0.0,,,,,False
3.59,3.5473333333333334,3.6326666666666667,False,,False,0.01,,0.0006614276269470958,-63.59035338287943,3.5949999999999998,0.004999999999999893,,False,0.0,,,,,False
3.6,3.5573333333333332,3.6426666666666665,False,,False,0.01,,0.0006611264228644096,-63.59430970582344,3.6049999999999995,0.004999999999999449,,False,0.0,,,,,False
3.61,3.5673333333333335,3.6526666666666667,False,,False,0.01,,0.0006673618394493634,-63.51277260901525,3.6149999999999993,0.004999999999999449,,False,0.0,,,,,False
3.62,3.5773333333333333,3.6626666666666665,False,,False,0.01,,0.0006620179466129975,-63.58260474264565,3.6249999999999996,0.004999999999999449,,False,0.0,,,,,False
3.63,3.5873333333333335,3.6726666666666667,False,,False,0.010000000047726025,,0.002727052260293235,-51.286130786165565,3.6349999999999993,0.004999999999999449,,False,0.0,,,,,False
3.64,3.5973333333333333,3.6826666666666665,False,165.6928815515041,True,0.010013068846238975,-2.4000000000000004,0.00569090155814336,-44.896378536032046,3.6449999999999996,0.004999999999999449,,False,0.0,,,pyin_probability_below_0.5|voicing_disagreement,,False
3.65,3.6073333333333335,3.6926666666666668,False,163.7897364863335,True,0.015085587297504338,-2.6000000000000005,0.01086246948411423,-39.28142861206125,3.6549999999999994,0.004999999999999449,,False,0.0,,,pyin_probability_below_0.5|voicing_disagreement,,False
3.66,3.6173333333333333,3.7026666666666666,False,162.84637702113662,True,0.0779752376229482,-2.700000000000001,0.014447206852497865,-36.804322180365965,3.6649999999999996,0.004999999999999449,169.97767292736182,True,0.5550646515353538,7.131295906225205,-0.7420035992595098,pyin_probability_below_0.5,-1.9247825575633009,False
3.67,3.6273333333333335,3.712666666666667,False,160.97592684906726,True,0.2065067991177523,-2.8999999999999995,0.01840820221689871,-34.699772470446575,3.6749999999999994,0.004999999999999449,161.30623049559202,True,0.8624098804885563,0.3303036465247544,-0.03548648949874614,pyin_probability_below_0.5,-2.8312996673240622,False
3.68,3.6373333333333333,3.7226666666666666,False,161.90845090664698,True,0.3721358982975087,-2.8,0.02181503886707558,-33.224880178190105,3.6849999999999996,0.004999999999999449,161.22876816728802,True,0.9588888886766809,0.6796827393589524,0.07282922342631201,pyin_probability_below_0.5,-2.8396153802491226,False
3.69,3.6473333333333335,3.732666666666667,False,161.90845090664698,True,0.48498680771591135,-2.8,0.024607078341169777,-32.178798961728134,3.6949999999999994,0.004999999999999449,160.80756724920943,True,0.9794692594140028,1.1008836574375493,0.11811590113869279,pyin_probability_below_0.5,-2.8849020579615043,False
3.7,3.6573333333333333,3.7426666666666666,False,162.84637702113662,True,0.5485250542599845,-2.700000000000001,0.027961703244516918,-31.06872755468919,3.7049999999999996,0.004999999999999449,160.9292796801604,True,0.9916837036653673,1.9170973409762269,0.20501745023263987,,-2.871803607055448,True
3.71,3.667333333333333,3.752666666666667,False,163.7897364863335,True,0.5485250542599845,-2.6000000000000005,0.030918702707525617,-30.195574731544266,3.7149999999999994,0.004999999999999449,161.78304683621138,True,0.9960989357851252,2.0066896501221265,0.2134142422031755,,-2.780200399025988,True
3.72,3.6773333333333333,3.7626666666666666,False,165.6928815515041,True,0.48498680771591135,-2.4000000000000004,0.03369960444778706,-29.447503933405017,3.7249999999999996,0.004999999999999449,163.1903678298433,True,0.9940097222257224,2.5025137216607902,0.263468607083186,pyin_probability_below_0.5,-2.630254763905995,False
3.73,3.687333333333333,3.772666666666667,False,168.58914210463126,True,0.3721358982975087,-2.0999999999999996,0.03662395883319821,-28.724694256674233,3.7349999999999994,0.004999999999999449,165.75089955777045,True,0.9929726226137149,2.838242546860812,0.2939390777768076,pyin_probability_below_0.5,-2.3607252345996175,False
3.74,3.6973333333333334,3.7826666666666666,False,173.52918104210445,True,0.09203757081218103,-1.6000000000000023,0.03978308047216838,-28.006031834856234,3.7449999999999997,0.004999999999999449,169.25057548790377,True,0.9889345438709979,4.278605554200681,0.4322106077067779,pyin_probability_below_0.5,-1.9989967645295907,False
3.75,3.707333333333333,3.792666666666667,False,181.73609144327253,True,0.04768699308253103,-0.8000000000000008,0.04337322102777699,-27.255566492396692,3.7549999999999994,0.004999999999999449,173.54516020282477,True,0.9822857677226831,8.190931240447753,0.7984058938477103,pyin_probability_below_0.5,-1.5651920506705177,False
3.76,3.7173333333333334,3.8026666666666666,False,185.98397121658357,True,0.07797523762294818,-0.4000000000000028,0.04686050167832283,-26.583861325041035,3.7649999999999997,0.004999999999999893,179.2465108796221,True,0.947006995483904,6.737460336961476,0.6387990417534406,pyin_probability_below_0.5,-1.0055851985762543,False
3.77,3.727333333333333,3.812666666666667,False,188.14500086724917,True,0.12793708630129036,-0.19999999999999973,0.050464052149176056,-25.94035759108545,3.7749999999999995,0.004999999999999449,186.2686290723353,True,0.904116882971508,1.8763717949138652,0.17352284615951155,pyin_probability_below_0.5,-0.3403090029823179,False
3.78,3.7373333333333334,3.8226666666666667,False,189.23491376948436,True,0.17653060863289757,-0.09999999999999873,0.05309106778558564,-25.49957079785786,3.7849999999999997,0.004999999999999893,187.56355126611345,True,0.9178253256695011,1.671362503370915,0.15358547976833647,pyin_probability_below_0.5,-0.22037163659114367,False
3.79,3.747333333333333,3.832666666666667,False,191.43371755306833,True,0.17653060863289763,0.10000000000000017,0.05526759981436257,-25.15058791481001,3.7949999999999995,0.004999999999999449,188.74569378924895,True,0.9487541050252392,2.6880237638193876,0.2448147202937323,pyin_probability_below_0.5,-0.11160087711654232,False
3.8,3.7573333333333334,3.8426666666666667,False,192.54268179725335,True,0.12793708630129036,0.20000000000000068,0.057381564269633506,-24.824552333926558,3.8049999999999997,0.004999999999999893,190.29883317865992,True,0.9571936510840721,2.2438486185934323,0.20293889035976678,pyin_probability_below_0.5,0.030274952817421465,False
3.81,3.767333333333333,3.8526666666666665,False,193.6580702059513,True,0.066081512709207,0.3000000000000021,0.05904746638934937,-24.57597464745508,3.8149999999999995,0.004999999999999449,192.75975222188475,True,0.9471983407347085,0.8983179840665514,0.08049325845123811,pyin_probability_below_0.5,0.25272058472595416,False
3.82,3.7773333333333334,3.8626666666666667,False,194.7799199939686,True,0.022944219124638603,0.4000000000000011,0.059912975872471866,-24.449582170070173,3.8249999999999997,0.004999999999999893,195.44624537085286,True,0.9545640256951343,0.6663253768842594,-0.05912296015749163,pyin_probability_below_0.5,0.4923368033346802,False
3.83,3.787333333333333,3.8726666666666665,False,197.04315364635175,True,0.013980210380185928,0.6000000000000013,0.05971694131541772,-24.4780488963196,3.8349999999999995,0.004999999999999449,198.28454855251965,True,0.9369932611030588,1.2413949061678977,-0.10872762935514618,pyin_probability_below_0.5,0.741941472532337,False
3.84,3.7973333333333334,3.8826666666666667,False,199.33268480704808,True,0.013980210380185928,0.8000000000000002,0.058486655968057924,-24.658864182799256,3.8449999999999998,0.004999999999999893,201.67799562237533,True,0.9420355922315402,2.3453108153272524,-0.20250474274908906,pyin_probability_below_0.5,1.03571858592628,False
3.85,3.8073333333333332,3.8926666666666665,False,200.48740730303228,True,0.02616802860893576,0.8999999999999985,0.0563104530900785,-24.988219563735946,3.8549999999999995,0.004999999999999449,204.9132880204999,True,0.948682611173783,4.4258807174676065,-0.3780230236100433,pyin_probability_below_0.5,1.3112368667872323,False
3.86,3.8173333333333335,3.9026666666666667,False,202.8169587634771,True,0.06608151270920701,1.099999999999998,0.05379539068964287,-25.38509868139724,3.8649999999999993,0.004999999999999449,207.6678294884732,True,0.9574926167124715,4.850870724996099,-0.40919341083049404,pyin_probability_below_0.5,1.5424072540076825,False
3.87,3.8273333333333333,3.9126666666666665,False,203.99186545315516,True,0.1504646013433388,1.199999999999996,0.049887446211287025,-26.04017454929149,3.8749999999999996,0.004999999999999449,209.18933417582295,True,0.9586218016948195,5.197468722667793,-0.43557206747339483,pyin_probability_below_0.5,1.6687859106505827,False
3.88,3.8373333333333335,3.9226666666666667,False,205.1735783080468,True,0.4260623290432815,1.2999999999999994,0.045426022869228165,-26.853905695826153,3.8849999999999993,0.004999999999999449,209.14888976407607,True,0.9508169379317053,3.97531145602926,-0.3322245969855451,pyin_probability_below_0.5,1.6654384401627365,False
3.89,3.8473333333333333,3.9326666666666665,False,207.55758045272898,True,0.6159498854580681,1.5000000000000004,0.040549243628317695,-27.840344846867374,3.8949999999999996,0.004999999999999449,206.3212290929017,True,0.9091823431201779,1.236351359827296,0.10343220711490352,,1.4297816360622875,True
3.9,3.8573333333333335,3.9426666666666668,False,208.75994928447787,True,0.7571601330199093,1.599999999999999,0.03551159801344638,-28.992595682209632,3.9049999999999994,0.004999999999999449,201.56277202642462,True,0.8225319744630697,7.1971772580532445,0.6073890494464771,,1.0258247937307121,False
3.91,3.8673333333333333,3.9526666666666666,False,208.75994928447787,True,0.6159498854580681,1.599999999999999,0.02961497968480502,-30.569771218779245,3.9149999999999996,0.004999999999999449,193.03933519947668,True,0.7101918695845142,15.720614085001188,1.3554012522304246,pitch_difference_over_1_semitone,0.2778125909467646,False
3.92,3.8773333333333335,3.962666666666667,False,207.55758045272898,True,0.5485250542599844,1.5000000000000004,0.02323530701223653,-32.677031694742226,3.9249999999999994,0.004999999999999449,,False,0.0,,,voicing_disagreement,,False
3.93,3.8873333333333333,3.9726666666666666,False,202.8169587634771,True,0.1504646013433388,1.099999999999998,0.01740093220904571,-35.1885496982562,3.9349999999999996,0.004999999999999449,,False,0.0,,,pyin_probability_below_0.5|voicing_disagreement,,False
3.94,3.8973333333333335,3.982666666666667,False,,False,0.010000001546554296,,0.016442843034850593,-35.68046178020436,3.9449999999999994,0.004999999999999449,,False,0.0,,,,,False
3.95,3.9073333333333333,3.9926666666666666,False,,False,0.010000000000000437,,0.01871657028788373,-34.55547460929826,3.9549999999999996,0.004999999999999449,,False,0.0,,,,,False
3.96,3.917333333333333,4.002666666666666,False,,False,0.010000000000000439,,0.021665856317727394,-33.28448282613995,3.9649999999999994,0.004999999999999449,,False,0.0,,,,,False
3.97,3.9273333333333333,4.012666666666667,False,,False,0.010000000000000437,,0.02331346011549467,-32.64786529960415,3.9749999999999996,0.004999999999999449,,False,0.0,,,,,False
3.98,3.937333333333333,4.022666666666667,False,,False,0.010000000000000439,,0.023979447863589437,-32.403216418535706,3.9849999999999994,0.004999999999999449,,False,0.0,,,,,False
3.99,3.9473333333333334,4.032666666666667,False,,False,0.010000000000000439,,0.024393925473992467,-32.25436614664285,3.9949999999999997,0.004999999999999449,,False,0.0,,,,,False
4.0,3.957333333333333,4.042666666666666,False,,False,0.010000000000000439,,0.025317366505997425,-31.931629426012623,4.005,0.004999999999999893,,False,0.0,,,,,False
4.01,3.9673333333333334,4.052666666666667,False,239.8022103323442,True,0.010000005216229449,4.0,0.02926500773245062,-30.673027135995028,4.005,-0.004999999999999893,,False,0.0,,,pyin_probability_below_0.5|voicing_disagreement,,False
4.02,3.977333333333333,4.062666666666667,False,232.97550689710764,True,0.01001876450976914,3.4999999999999982,0.03196771598180732,-29.90576783880307,4.015,-0.004999999999999893,,False,0.0,,,pyin_probability_below_0.5|voicing_disagreement,,False
4.03,3.9873333333333334,4.072666666666667,False,232.97550689710764,True,0.015085587297504338,3.4999999999999982,0.03386332052105677,-29.405409174236425,4.034999999999999,0.004999999999999005,225.870161490131,True,0.6816452168095565,7.105345406976625,0.5362151207643306,pyin_probability_below_0.5,2.996998722412858,False
4.04,3.997333333333333,4.082666666666666,False,222.45470667747657,True,0.092037570812181,2.7,0.03586324310083502,-28.9070087979242,4.045,0.004999999999999893,224.21545093138909,True,0.9128365073672416,1.7607442539125202,-0.13648891205765043,pyin_probability_below_0.5,2.8697027552348393,False
4.05,4.007333333333333,4.092666666666666,False,217.37383415501247,True,0.32333605839064083,2.3000000000000003,0.03786300770254136,-28.435697803886875,4.045,-0.004999999999999893,224.21545093138909,True,0.9128365073672416,6.841616776376611,-0.5364889120576475,pyin_probability_below_0.5,2.8697027552348393,False
4.06,4.017333333333333,4.102666666666667,False,218.63306796596578,True,0.5485250542599845,2.399999999999998,0.040288162942098055,-27.896450702021003,4.055,-0.004999999999999893,222.15862978978475,True,0.9860651652422603,3.5255618238189754,-0.27694273100514344,,2.7101565741823346,True
4.07,4.027333333333333,4.112666666666667,False,217.37383415501247,True,0.615949885458068,2.3000000000000003,0.04326018142298909,-27.278233271291374,4.074999999999999,0.004999999999999005,217.92182202445028,True,0.98815666193821,0.5479878694378044,-0.043588570009449816,,2.3768024131866414,True
4.08,4.037333333333334,4.1226666666666665,False,214.87708272009507,True,0.615949885458068,2.100000000000002,0.047083090349473035,-26.54270079011644,4.085,0.004999999999999893,214.3352737908838,True,0.9885152408039198,0.5418089292112711,0.043707901244634195,,2.0895059419325577,True
4.09,4.0473333333333334,4.132666666666666,False,211.18562305262122,True,0.615949885458068,1.7999999999999972,0.050560956035728695,-25.923694455147913,4.085,-0.004999999999999893,214.3352737908838,True,0.9885152408039198,3.1496507382625794,-0.25629209875536924,,2.0895059419325577,True
4.1,4.057333333333333,4.142666666666667,False,207.55758045272898,True,0.6159498854580681,1.5000000000000004,0.053196143398410535,-25.482397038873856,4.095,-0.004999999999999893,210.21486405817214,True,0.9922062041436724,2.657283605443155,-0.22023673209067862,,1.7534505752678715,True
4.11,4.067333333333333,4.152666666666667,False,205.1735783080468,True,0.6860828109301792,1.2999999999999994,0.055058257181626304,-25.183550798331417,4.114999999999999,0.004999999999999005,205.40012142004588,True,0.9905114121020384,0.22654311199906374,-0.019104934833189244,,1.3523187780103787,True
4.12,4.077333333333334,4.1626666666666665,False,202.8169587634771,True,0.615949885458068,1.099999999999998,0.0558426000996872,-25.06068737264867,4.124999999999999,0.004999999999999005,203.97440879197083,True,0.9865878919251414,1.1574500284937415,-0.0985184282058753,,1.2317322713830645,True
4.13,4.0873333333333335,4.172666666666666,False,200.48740730303228,True,0.6159498854580681,0.8999999999999985,0.05660033082549671,-24.943620607588706,4.135,0.004999999999999893,201.592487096539,True,0.98353476186904,1.105079793506718,-0.0951630066203369,,1.0283768497975259,True
4.14,4.097333333333333,4.182666666666667,False,199.33268480704808,True,0.6860828109301793,0.8000000000000002,0.05726190726425734,-24.842683814186515,4.135,-0.004999999999999893,201.592487096539,True,0.98353476186904,2.2598022894909207,-0.19516300662033417,,1.0283768497975259,True
4.15,4.107333333333333,4.192666666666667,False,198.18461302324906,True,0.6860828109301793,0.699999999999998,0.057797876801960975,-24.76176230083808,4.154999999999999,0.004999999999999005,194.99424127752562,True,0.9872016785276182,3.1903717457234393,0.280961265379036,,0.4522525777981539,True
4.16,4.117333333333334,4.2026666666666666,False,198.18461302324906,True,0.7571601330199094,0.699999999999998,0.05819417398799901,-24.702409836731754,4.164999999999999,0.004999999999999005,192.74694337587457,True,0.9937690370437646,5.437669647374491,0.48164369815064856,,0.2515701450265413,True
4.17,4.1273333333333335,4.212666666666666,False,197.04315364635175,True,0.7571601330199094,0.6000000000000013,0.05846140132258302,-24.66261557588667,4.175,0.004999999999999893,192.44119416141893,True,0.9983057522843374,4.60195948493282,0.40912759550504607,,0.22408624767214286,True
4.18,4.137333333333333,4.222666666666667,False,198.18461302324906,True,0.615949885458068,0.699999999999998,0.05861767582509937,-24.639428104285614,4.175,-0.004999999999999893,192.44119416141893,True,0.9983057522843374,5.743418861830122,0.5091275955050453,,0.22408624767214286,False
4.19,4.147333333333333,4.232666666666667,False,201.6488190383855,True,0.32333605839064083,1.0000000000000009,0.05954571485662177,-24.5029897318473,4.194999999999999,0.004999999999999005,196.840039348763,True,0.9902123159125861,4.808779689622497,0.41785495930064687,pyin_probability_below_0.5,0.6153588838765451,False
4.2,4.157333333333334,4.242666666666667,False,203.99186545315516,True,0.32333605839064083,1.199999999999996,0.061377202599212095,-24.23985818755646,4.204999999999999,0.004999999999999005,201.79540668325816,True,0.978451859189114,2.196458769896992,0.18741944898629725,pyin_probability_below_0.5,1.0457943941908867,False
4.21,4.167333333333334,4.252666666666666,False,205.1735783080468,True,0.3721358982975087,1.2999999999999994,0.06401541509574465,-23.874308681289506,4.215,0.004999999999999893,205.39518461689056,True,0.9667291952651491,0.22160630884374655,-0.018688826781765946,pyin_probability_below_0.5,1.3519026699589574,False
4.22,4.177333333333333,4.262666666666667,False,206.36213675586595,True,0.48498680771591135,1.4000000000000004,0.06728820839140809,-23.44122070043089,4.215,-0.004999999999999893,205.39518461689056,True,0.9667291952651491,0.9669521389753868,0.08131117321823464,pyin_probability_below_0.5,1.3519026699589574,False
4.23,4.187333333333333,4.272666666666667,False,207.55758045272898,True,0.5485250542599845,1.5000000000000004,0.07106150373535096,-22.96731213252758,4.234999999999999,0.004999999999999005,206.322234781878,True,0.9513642999143522,1.2353456708509896,0.10334782031850634,,1.429866022858687,True
4.24,4.197333333333333,4.282666666666667,False,207.55758045272898,True,0.5485250542599847,1.5000000000000004,0.07424677747148924,-22.586447825190447,4.244999999999999,0.004999999999999005,206.67736603362758,True,0.9663783218730772,0.8802144191014065,0.073574645466337,,1.4596391977108554,True
4.25,4.207333333333334,4.292666666666666,False,208.75994928447787,True,0.5485250542599845,1.599999999999999,0.07647647081111066,-22.329443236455262,4.255,0.004999999999999893,207.46019137571292,True,0.973939336312441,1.2997579087649456,0.10812511177482206,,1.52508873140237,True
4.26,4.217333333333333,4.302666666666667,False,208.75994928447787,True,0.5485250542599847,1.599999999999999,0.07727297468036762,-22.239447378911336,4.255,-0.004999999999999893,207.46019137571292,True,0.973939336312441,1.2997579087649456,0.10812511177482206,,1.52508873140237,True
4.27,4.227333333333333,4.312666666666667,False,209.96928336801093,True,0.48498680771591124,1.6999999999999993,0.07736894733661556,-22.22866624018009,4.265,-0.004999999999999893,208.8036629881406,True,0.9718329386421241,1.1656203798703473,0.09637522761831255,pyin_probability_below_0.5,1.6368386155588759,False
4.28,4.237333333333333,4.322666666666667,False,211.18562305262122,True,0.4260623290432814,1.7999999999999972,0.07647359247117938,-22.329770152867724,4.284999999999999,0.004999999999999005,211.35115694655138,True,0.9814271087299972,0.16553389393016005,-0.013564638236138186,pyin_probability_below_0.5,1.8467784814133266,False
4.29,4.247333333333334,4.332666666666666,False,211.18562305262122,True,0.37213589829750865,1.7999999999999972,0.07539764716281634,-22.45284412773685,4.295,0.004999999999999893,212.4183556621341,True,0.9800638588207391,1.2327326095128797,-0.10076178689307716,pyin_probability_below_0.5,1.9339756300702673,False
4.3,4.257333333333333,4.342666666666666,False,212.40900892134297,True,0.32333605839064083,1.9000000000000006,0.07426356569685873,-22.584484047176222,4.295,-0.004999999999999893,212.4183556621341,True,0.9800638588207391,0.009346740791130514,-0.0007617868930777057,pyin_probability_below_0.5,1.9339756300702673,False
4.31,4.267333333333333,4.352666666666667,False,214.87708272009507,True,0.32333605839064083,2.100000000000002,0.07297152413835514,-22.736931653002152,4.305,-0.004999999999999893,213.55304616446207,True,0.9759741380524126,1.3240365556330005,0.10700575474635468,pyin_probability_below_0.5,2.0262080884308347,False
4.32,4.277333333333333,4.362666666666667,False,216.12185299712482,True,0.2796051653363589,2.1999999999999993,0.07099593615813171,-22.9753301959311,4.324999999999999,0.004999999999999005,216.90733533672199,True,0.9737238959445026,0.7854823395971664,-0.0628066328710587,pyin_probability_below_0.5,2.2960204760482474,False
4.33,4.287333333333334,4.3726666666666665,False,217.37383415501247,True,0.37213589829750865,2.3000000000000003,0.06898800744916295,-23.224527968246,4.335,0.004999999999999893,218.51792842583873,True,0.982079890698002,1.1440942708262583,-0.09088033661061974,pyin_probability_below_0.5,2.4240941797878106,False
4.34,4.2973333333333334,4.382666666666666,False,218.63306796596578,True,0.48498680771591124,2.399999999999998,0.06715020164736094,-23.45905357674682,4.335,-0.004999999999999893,218.51792842583873,True,0.982079890698002,0.1151395401270463,0.00911966338937736,pyin_probability_below_0.5,2.4240941797878106,False
4.35,4.307333333333333,4.392666666666667,False,218.63306796596578,True,0.615949885458068,2.399999999999998,0.06641465066251606,-23.55472214756467,4.345,-0.004999999999999893,219.32874524323208,True,0.9859808589017696,0.6956772772662987,-0.05499937054721511,,2.4882132137244053,True
4.36,4.317333333333333,4.402666666666667,False,219.8995964441766,True,0.7571601330199094,2.4999999999999987,0.06495734013131463,-23.747435337265934,4.364999999999999,0.004999999999999005,220.618661153421,True,0.9847258126857217,0.7190647092443783,-0.05651844809107312,,2.589732291268264,True
4.37,4.327333333333334,4.4126666666666665,False,219.8995964441766,True,0.8266685594724996,2.4999999999999987,0.062153588519137944,-24.13067583471264,4.375,0.004999999999999893,221.0753584971971,True,0.9838451519792054,1.1757620530204917,-0.09231926214998269,,2.6255331053271704,True
4.38,4.3373333333333335,4.422666666666666,False,219.8995964441766,True,0.7571601330199095,2.4999999999999987,0.06114272078505462,-24.273104790888546,4.375,-0.004999999999999893,221.0753584971971,True,0.9838451519792054,1.1757620530204917,-0.09231926214998269,,2.6255331053271704,True
4.39,4.347333333333333,4.432666666666667,False,219.8995964441766,True,0.7571601330199094,2.4999999999999987,0.0595039685338885,-24.509081372859555,4.385,-0.004999999999999893,221.06860920695192,True,0.979220099075144,1.16901276277531,-0.09179071932529684,,2.6250045625024856,True
4.4,4.357333333333333,4.442666666666667,False,221.17346184722248,True,0.7571601330199094,2.6000000000000005,0.05769283015330113,-24.777563119324398,4.404999999999999,0.004999999999999005,218.3233896138648,True,0.9000264043415581,2.850072233357679,0.22453909481723738,,2.408674748359953,True
4.41,4.367333333333334,4.4526666666666666,False,221.17346184722248,True,0.7571601330199093,2.6000000000000005,0.055804780202831236,-25.066571961465506,4.414999999999999,0.004999999999999005,217.82459325708305,True,0.9340493420738777,3.348868590139432,0.2641372884029316,,2.369076554774259,True
4.42,4.3773333333333335,4.462666666666666,False,221.17346184722248,True,0.5485250542599844,2.6000000000000005,0.05337571041117263,-25.453126632556582,4.425,0.004999999999999893,222.92224585020213,True,0.9844094741559041,1.7487840029796473,-0.13634763890800944,,2.7695614820851993,True
4.43,4.387333333333333,4.472666666666667,False,221.17346184722248,True,0.4849868077159113,2.6000000000000005,0.0504580204991424,-25.941395822766896,4.425,-0.004999999999999893,222.92224585020213,True,0.9844094741559041,1.7487840029796473,-0.13634763890800944,pyin_probability_below_0.5,2.7695614820851993,False
4.44,4.397333333333333,4.482666666666667,False,222.45470667747657,True,0.3721358982975087,2.7,0.04608648653880217,-26.728527991978105,4.444999999999999,0.004999999999999005,229.26604329291732,True,0.9732195000294207,6.8113366154407515,-0.5221328305350099,pyin_probability_below_0.5,3.255346673712201,False
4.45,4.407333333333334,4.492666666666667,False,225.0395058615972,True,0.48498680771591124,2.9,0.04305206356828502,-27.32012054281714,4.454999999999999,0.004999999999999005,230.69740807048694,True,0.8476158132806201,5.6579022088897375,-0.4298820628413079,pyin_probability_below_0.5,3.3630959060185006,False
4.46,4.417333333333334,4.502666666666666,False,225.0395058615972,True,0.48498680771591124,2.9,0.04042285327031891,-27.86746069626563,4.465,0.004999999999999893,224.2444446140982,True,0.6885255752516442,0.7950612474990066,0.06127254437212802,pyin_probability_below_0.5,2.871941298805061,False
4.47,4.427333333333333,4.512666666666667,False,225.0395058615972,True,0.32333605839064083,2.9,0.034869854603662216,-29.150997269835695,4.465,-0.004999999999999893,224.2444446140982,True,0.6885255752516442,0.7950612474990066,0.06127254437212802,pyin_probability_below_0.5,2.871941298805061,False
4.48,4.437333333333333,4.522666666666667,False,225.0395058615972,True,0.12793708630129036,2.9,0.0292693636350165,-30.67173439505847,4.484999999999999,0.004999999999999005,211.73948143493004,True,0.6216248002901879,13.300024426667164,1.0546558467305034,pyin_probability_below_0.5|pitch_difference_over_1_semitone,1.8785579964466899,False
4.49,4.447333333333333,4.532666666666667,False,225.0395058615972,True,0.018187375734912182,2.9,0.022165834707455635,-33.08631819321097,4.494999999999999,0.004999999999999005,,False,0.0,,,pyin_probability_below_0.5|voicing_disagreement,,False
4.5,4.457333333333334,4.542666666666666,False,219.8995964441766,True,0.010622609040911533,2.4999999999999987,0.0176051586415556,-35.08720114224597,4.505,0.004999999999999893,,False,0.0,,,pyin_probability_below_0.5|voicing_disagreement,,False
4.51,4.467333333333333,4.552666666666667,False,212.40900892134297,True,0.013980210380185928,1.9000000000000006,0.01506022905016703,-36.44336845850031,4.505,-0.004999999999999893,,False,0.0,,,pyin_probability_below_0.5|voicing_disagreement,,False
4.52,4.477333333333333,4.562666666666667,False,214.87708272009507,True,0.010622609040911534,2.100000000000002,0.018418154414352544,-34.69507780614892,4.515,-0.004999999999999893,,False,0.0,,,pyin_probability_below_0.5|voicing_disagreement,,False
4.53,4.487333333333333,4.572666666666667,False,212.40900892134297,True,0.022944219124638603,1.9000000000000006,0.02606544337506909,-31.678697665874314,4.534999999999999,0.004999999999999005,211.34826782826843,True,0.6972349686286438,1.0607410930745402,0.08667201881377128,pyin_probability_below_0.5,1.8465418243634186,False
4.54,4.497333333333334,4.582666666666666,False,209.96928336801093,True,0.012403124793551348,1.6999999999999993,0.032055828155868764,-29.881859974495644,4.545,0.004999999999999893,214.84362952833132,True,0.7374078701469025,4.8743461603203855,-0.3973045141601244,pyin_probability_below_0.5,2.130518357337317,False
4.55,4.507333333333333,4.592666666666666,False,207.55758045272898,True,0.010140046044704068,1.5000000000000004,0.036235082994348515,-28.817414792366627,4.545,-0.004999999999999893,214.84362952833132,True,0.7374078701469025,7.286049075602335,-0.5973045141601239,pyin_probability_below_0.5,2.130518357337317,False
4.56,4.517333333333333,4.602666666666667,False,206.36213675586595,True,0.010001873046012551,1.4000000000000004,0.03993869421535628,-27.97212276744139,4.555,-0.004999999999999893,213.15778869792834,True,0.778804318233843,6.795651942062392,-0.5609217819359833,pyin_probability_below_0.5,1.994135625113174,False
4.57,4.527333333333333,4.612666666666667,False,202.8169587634771,True,0.010000027850262286,1.099999999999998,0.04345900497071499,-27.23840442854496,4.574999999999999,0.004999999999999005,204.75964935122977,True,0.7718430053266612,1.9426905877526792,-0.16503781108074944,pyin_probability_below_0.5,1.2982516542579368,False
4.58,4.537333333333334,4.6226666666666665,False,198.18461302324906,True,0.010000016226422836,0.699999999999998,0.046688203840116765,-26.615856673164032,4.585,0.004999999999999893,198.95579068204688,True,0.8095545734319654,0.771177658797825,-0.06723519875622998,pyin_probability_below_0.5,0.8004490419334187,False
4.59,4.5473333333333334,4.632666666666666,False,193.6580702059513,True,0.010000328604501658,0.3000000000000021,0.049652150041583014,-26.081238818103767,4.585,-0.004999999999999893,198.95579068204688,True,0.8095545734319654,5.297720476095577,-0.4672351987562292,pyin_probability_below_0.5,0.8004490419334187,False
4.6,4.557333333333333,4.642666666666667,False,192.54268179725335,True,0.010006178555334077,0.20000000000000068,0.05105832875610286,-25.838668092978093,4.595,-0.004999999999999893,194.27187005433805,True,0.9059718791468141,1.7291882570847008,-0.1547847419506688,pyin_probability_below_0.5,0.3879985851278601,False
4.61,4.567333333333333,4.652666666666667,False,192.54268179725335,True,0.011085791888943373,0.20000000000000068,0.05114914831947141,-25.823231865911616,4.614999999999999,0.004999999999999005,189.90460035784992,True,0.9749933944882755,2.638081439403436,0.23884122406044317,pyin_probability_below_0.5,-0.005627380883252594,False
4.62,4.577333333333334,4.6626666666666665,False,191.43371755306833,True,0.06608151270920701,0.10000000000000017,0.05008181717815644,-26.006398429767135,4.625,0.004999999999999893,189.03124313174067,True,0.9657485495683071,2.4024744213276676,0.21864304117606825,pyin_probability_below_0.5,-0.0854291979988791,False
4.63,4.5873333333333335,4.672666666666666,False,189.23491376948436,True,0.24075439447557428,-0.09999999999999873,0.04914274117600812,-26.170812445758852,4.625,-0.004999999999999893,189.03124313174067,True,0.9657485495683071,0.20367063774369853,0.018643041176069512,pyin_probability_below_0.5,-0.0854291979988791,False
4.64,4.597333333333333,4.682666666666667,False,188.14500086724917,True,0.42606232904328145,-0.19999999999999973,0.0476591899549855,-26.437066869279107,4.635,-0.004999999999999893,188.21180364515106,True,0.9594076639778006,0.06680277790189848,-0.006145829888230334,pyin_probability_below_0.5,-0.1606403269345771,False
4.65,4.607333333333333,4.692666666666667,False,188.14500086724917,True,0.4849868077159113,-0.19999999999999973,0.045942130824700285,-26.755777316494882,4.654999999999999,0.004999999999999005,185.78437253628587,True,0.9493755605139214,2.3606283309632943,0.2185896443572295,pyin_probability_below_0.5,-0.3853758011800389,False
4.66,4.617333333333334,4.7026666666666666,False,187.0613654014066,True,0.5485250542599847,-0.30000000000000204,0.044417090432918895,-27.048997871317695,4.664999999999999,0.004999999999999005,184.24823198158566,True,0.9490430649195845,2.813133419820929,0.26233017302769934,,-0.5291163298505093,True
4.67,4.6273333333333335,4.712666666666666,False,185.98397121658357,True,0.5485250542599845,-0.4000000000000028,0.04282780488639962,-27.36548369075386,4.675,0.004999999999999893,182.62704162617214,True,0.9665424363543949,3.3569295904114256,0.3153346633161487,,-0.6821208201389592,True
4.68,4.637333333333333,4.722666666666667,False,185.98397121658357,True,0.4260623290432815,-0.4000000000000028,0.04243425759995846,-27.445667830657037,4.675,-0.004999999999999893,182.62704162617214,True,0.9665424363543949,3.3569295904114256,0.3153346633161487,pyin_probability_below_0.5,-0.6821208201389592,False
4.69,4.647333333333333,4.732666666666667,False,188.14500086724917,True,0.2065067991177523,-0.19999999999999973,0.0435414868089658,-27.221934904196697,4.694999999999999,0.004999999999999005,184.3762931344797,True,0.9874467091420217,3.7687077327694567,0.35030146511131055,pyin_probability_below_0.5,-0.5170876219341198,False
4.7,4.657333333333334,4.742666666666667,False,190.3311404729313,True,0.15046460134333883,0.0,0.04583648533775292,-26.775773814242193,4.704999999999999,0.004999999999999005,188.16196029882363,True,0.9751876065939475,2.16918017410768,0.1984395321668546,pyin_probability_below_0.5,-0.1652256889896639,False
4.71,4.667333333333334,4.752666666666666,False,191.43371755306833,True,0.20650679911775233,0.10000000000000017,0.04885023286198618,-26.22266723442735,4.715,0.004999999999999893,191.3752811285442,True,0.9647751719984891,0.05843642452413178,0.005285514654886964,pyin_probability_below_0.5,0.1279283285223049,False
4.72,4.677333333333333,4.762666666666667,False,191.43371755306833,True,0.3233360583906409,0.10000000000000017,0.052694184899815394,-25.56474617972116,4.715,-0.004999999999999893,191.3752811285442,True,0.9647751719984891,0.05843642452413178,0.005285514654886964,pyin_probability_below_0.5,0.1279283285223049,False
4.73,4.687333333333333,4.772666666666667,False,191.43371755306833,True,0.3721358982975087,0.10000000000000017,0.05749259832988618,-24.807761266693692,4.734999999999999,0.004999999999999005,193.10689035263349,True,0.9395627835979082,1.673172799565151,-0.15065623453438562,pyin_probability_below_0.5,0.283870077711574,False
4.74,4.697333333333333,4.782666666666667,False,191.43371755306833,True,0.4849868077159113,0.10000000000000017,0.061822705979432006,-24.177039795801733,4.744999999999999,0.004999999999999005,192.2262380310842,True,0.9407937884617836,0.7925204780158595,-0.07152377347069913,pyin_probability_below_0.5,0.20473761664788792,False
4.75,4.707333333333334,4.792666666666666,False,191.43371755306833,True,0.5485250542599845,0.10000000000000017,0.0655463946873931,-23.669023824842284,4.755,0.004999999999999893,191.25795151974236,True,0.955356366452101,0.17576603332597074,0.015902732541683454,,0.11731111063550645,True
4.76,4.717333333333333,4.802666666666667,False,190.3311404729313,True,0.615949885458068,0.0,0.0684075871468054,-23.2979145523651,4.755,-0.004999999999999893,191.25795151974236,True,0.955356366452101,0.9268110468110535,-0.08409726745831632,,0.11731111063550645,True
4.77,4.727333333333333,4.812666666666667,False,190.3311404729313,True,0.6860828109301792,0.0,0.06999118543700708,-23.09913301603232,4.765,-0.004999999999999893,190.6589401089857,True,0.9770808450380668,0.32779963605437956,-0.029790698507215913,,0.06300454168440885,True
4.78,4.737333333333333,4.822666666666667,False,190.3311404729313,True,0.7571601330199093,0.0,0.0703503209174934,-23.05467834201793,4.784999999999999,0.004999999999999005,189.90110363649012,True,0.9905626501956044,0.4300368364411895,0.03915999984578282,,-0.005946156668591147,True
4.79,4.747333333333334,4.832666666666666,False,190.3311404729313,True,0.8266685594724995,0.0,0.07000895419453625,-23.096928197263725,4.795,0.004999999999999893,189.70697640700905,True,0.986849623464156,0.6241640659222583,0.05686666714259522,,-0.023652823965405148,True
4.8,4.757333333333333,4.842666666666666,False,190.3311404729313,True,0.8911444948731202,0.0,0.06909937845812636,-23.210517180857565,4.795,-0.004999999999999893,189.70697640700905,True,0.986849623464156,0.6241640659222583,0.05686666714259522,,-0.023652823965405148,True
4.81,4.767333333333333,4.852666666666667,False,190.3311404729313,True,0.8911444948731202,0.0,0.06698895439906663,-23.479936017326082,4.805,-0.004999999999999893,190.2110977332138,True,0.9821692173814411,0.120042739717519,0.010922418820855227,,0.022291424356333668,True
4.82,4.777333333333333,4.862666666666667,False,190.3311404729313,True,0.8266685594724994,0.0,0.0635517908441455,-23.937444136574925,4.824999999999999,0.004999999999999005,190.27624790103397,True,0.9775840215428578,0.05489257189734076,0.0049936965529982225,,0.028220146624192238,True
4.83,4.787333333333334,4.8726666666666665,False,189.23491376948436,True,0.7571601330199093,-0.09999999999999873,0.06010283648100612,-24.422100630168085,4.835,0.004999999999999893,190.11135026722442,True,0.9750813387510261,0.8764364977400589,-0.07999653880069457,,0.01321038197788639,True
4.84,4.7973333333333334,4.882666666666666,False,189.23491376948436,True,0.6860828109301792,-0.09999999999999873,0.057072803595242604,-24.871415860379855,4.835,-0.004999999999999893,190.11135026722442,True,0.9750813387510261,0.8764364977400589,-0.07999653880069457,,0.01321038197788639,True
4.85,4.807333333333333,4.892666666666667,False,189.23491376948436,True,0.5485250542599845,-0.09999999999999873,0.054004194632170564,-25.351450123964558,4.845,-0.004999999999999893,189.29398386537113,True,0.970696492461242,0.05907009588676715,-0.0054032420113715755,,-0.061382914811438094,True
4.86,4.817333333333333,4.902666666666667,False,188.14500086724917,True,0.48498680771591124,-0.19999999999999973,0.0504920772993419,-25.9355352317297,4.864999999999999,0.004999999999999005,186.71274438329576,True,0.9647163646486809,1.4322564839534095,0.13229462587107454,pyin_probability_below_0.5,-0.29908078269388316,False
4.87,4.827333333333334,4.9126666666666665,False,187.0613654014066,True,0.4849868077159113,-0.30000000000000204,0.04690260267693805,-26.57606114276861,4.875,0.004999999999999893,185.03085493382486,True,0.9655566224479869,2.0305104675817347,0.18894905944462317,pyin_probability_below_0.5,-0.4557352162674344,False
4.88,4.8373333333333335,4.922666666666666,False,185.98397121658357,True,0.48498680771591124,-0.4000000000000028,0.0435838894349343,-27.213480316693403,4.875,-0.004999999999999893,185.03085493382486,True,0.9655566224479869,0.9531162827587139,0.08894905944462173,pyin_probability_below_0.5,-0.4557352162674344,False
4.89,4.847333333333333,4.932666666666667,False,184.9127823656466,True,0.48498680771591135,-0.5000000000000001,0.040601010979697684,-27.82926304400412,4.885,-0.004999999999999893,183.39136428212387,True,0.9628747890778988,1.5214180835227182,0.14303101363871898,pyin_probability_below_0.5,-0.6098171704615285,False
4.9,4.857333333333333,4.942666666666667,False,183.84776310850236,True,0.48498680771591135,-0.5999999999999991,0.03921981952978577,-28.12988818144145,4.904999999999999,0.004999999999999005,180.3372016764603,True,0.9854406509757366,3.510561432042067,0.3337749948125352,pyin_probability_below_0.5,-0.9005611516353439,False
4.91,4.867333333333334,4.9526666666666666,False,182.78887791090543,True,0.48498680771591135,-0.7000000000000002,0.03896412338913796,-28.186701800554324,4.914999999999999,0.004999999999999005,179.5720101514847,True,0.991106842020854,3.2168677594207225,0.3073895384006529,pyin_probability_below_0.5,-0.9741756952234613,False
4.92,4.8773333333333335,4.962666666666666,False,180.68936857950385,True,0.5485250542599845,-0.8999999999999966,0.03833864893516549,-28.327263916973937,4.925,0.004999999999999893,181.13702311075997,True,0.9704938752090477,0.44765453125612,-0.04283795654228487,,-0.8239482002805217,True
4.93,4.887333333333333,4.972666666666667,False,179.64867439581087,True,0.3721358982975087,-1.0000000000000013,0.03635118819359837,-28.78962778001107,4.925,-0.004999999999999893,181.13702311075997,True,0.9704938752090477,1.4883487149490975,-0.1428379565422893,pyin_probability_below_0.5,-0.8239482002805217,False
4.94,4.897333333333333,4.982666666666667,False,178.6139741695516,True,0.07797523762294818,-1.0999999999999999,0.036023017963734784,-28.86839810679207,4.944999999999999,0.004999999999999005,180.7431475536805,True,0.9283976825514837,2.1291733841289044,-0.20515194332273737,pyin_probability_below_0.5,-0.8616342135000711,False
4.95,4.907333333333334,4.992666666666667,False,177.5852333780714,True,0.02031762855636058,-1.2000000000000022,0.035563592569652316,-28.97988747688955,4.954999999999999,0.004999999999999005,177.86342443041846,True,0.8856829047104383,0.27819105234706853,-0.02709893030818261,pyin_probability_below_0.5,-1.139687226514629,False
4.96,4.917333333333334,5.002666666666666,False,178.6139741695516,True,0.010467533617069905,-1.0999999999999999,0.0359944675405501,-28.875284929795043,4.965,0.004999999999999893,171.27587710557987,True,0.8207827719923151,7.3380970639717304,0.7262758007441863,pyin_probability_below_0.5,-1.7930619575669948,False
4.97,4.927333333333333,5.012666666666667,False,178.6139741695516,True,0.010073751764282884,-1.0999999999999999,0.03553399620541001,-28.987118967373963,4.965,-0.004999999999999893,171.27587710557987,True,0.8207827719923151,7.3380970639717304,0.7262758007441863,pyin_probability_below_0.5,-1.7930619575669948,False
4.98,4.937333333333333,5.022666666666667,False,175.5454930018647,True,0.010009025493342986,-1.3999999999999984,0.03437720227530637,-29.274589409196157,4.984999999999999,0.004999999999999005,157.4054263516942,True,0.8589793135012683,18.140066650170525,1.8883161577128436,pyin_probability_below_0.5|pitch_difference_over_1_semitone,-3.255102314535651,False
4.99,4.947333333333333,5.032666666666667,False,167.61814009714527,True,0.010001873046012551,-2.200000000000002,0.03212386845210548,-29.863443224130712,4.994999999999999,0.004999999999999005,152.31978559614691,True,0.8627164559994043,15.298354500998357,1.6568992426082625,pyin_probability_below_0.5|pitch_difference_over_1_semitone,-3.8236853994310773,False
5.0,4.957333333333334,5.042666666666666,False,158.21045677717683,True,0.01002672467381077,-3.2000000000000006,0.02868878401310636,-30.845757182580638,5.005,0.004999999999999893,147.66709201081264,True,0.8419170600089657,10.543364766364192,1.193959235345884,pyin_probability_below_0.5|pitch_difference_over_1_semitone,-4.360745392168695,False
5.01,4.967333333333333,5.052666666666667,False,155.49249582586248,True,0.010052967545965855,-3.5000000000000027,0.02687092194731916,-31.41434865141524,5.005,-0.004999999999999893,147.66709201081264,True,0.8419170600089657,7.825403815049839,0.8939592353458802,pyin_probability_below_0.5,-4.360745392168695,False
5.02,4.977333333333333,5.062666666666667,False,151.06592630451914,True,0.010140046044704068,-4.000000000000001,0.02461964016308186,-32.17436597880889,5.015,-0.004999999999999893,142.06169233082372,True,0.8541573222937402,9.00423397369542,1.0639285568081889,pyin_probability_below_0.5|pitch_difference_over_1_semitone,-5.030714713630999,False
5.03,4.987333333333333,5.072666666666667,False,146.76537262479707,True,0.01010197459374499,-4.500000000000001,0.022028155466024015,-33.14043734201912,5.034999999999999,0.004999999999999005,132.86545556194673,True,0.8718573150387164,13.899917062850335,1.7225467715421754,pyin_probability_below_0.5|pitch_difference_over_1_semitone,-6.189332928364985,False
5.04,4.997333333333334,5.082666666666666,False,140.13768379557115,True,0.010349055133375844,-5.300000000000002,0.020018731773109345,-33.97126878826955,5.045,0.004999999999999893,129.586370501085,True,0.9087503053084617,10.551313294486135,1.3551716237554543,pyin_probability_below_0.5|pitch_difference_over_1_semitone,-6.621957780578266,False
5.05,5.007333333333333,5.092666666666666,False,133.03860595958074,True,0.013100262550513395,-6.200000000000002,0.01755344402645175,-35.112753225055,5.045,-0.004999999999999893,129.586370501085,True,0.9087503053084617,3.4522354584957213,0.4551716237554573,pyin_probability_below_0.5,-6.621957780578266,False
5.06,5.017333333333333,5.102666666666667,False,130.75308233882095,True,0.03010686179419501,-6.5,0.016071481642210433,-35.878881668996605,5.055,-0.004999999999999893,126.88733936089542,True,0.9518754052181195,3.865742977925521,0.5195619635509308,pyin_probability_below_0.5,-6.986348120373742,False
5.07,5.027333333333333,5.112666666666667,False,127.76667781088264,True,0.1504646013433388,-6.8999999999999995,0.014799880122949128,-36.59483604636105,5.074999999999999,0.004999999999999005,123.7503000683985,True,0.9619883337341132,4.0163777424841385,0.5529551979096122,pyin_probability_below_0.5,-7.419741354732421,False
5.08,5.037333333333334,5.1226666666666665,False,126.29915234996876,True,0.4849868077159113,-7.100000000000001,0.013099382763383332,-37.65498335218553,5.085,0.004999999999999893,123.06183049245628,True,0.9642775855621238,3.237321857512484,0.4495391915996985,pyin_probability_below_0.5,-7.5163253484225105,False
5.09,5.0473333333333334,5.132666666666666,False,124.84848285663055,True,0.6159498854580681,-7.300000000000001,0.011633659229961889,-38.68567323178557,5.085,-0.004999999999999893,123.06183049245628,True,0.9642775855621238,1.786652364174273,0.24953919159969873,,-7.5163253484225105,True
5.1,5.057333333333333,5.142666666666667,False,124.12940850835416,True,0.6159498854580681,-7.399999999999998,0.010519304405889428,-39.56025954332556,5.095,-0.004999999999999893,123.03429409089061,True,0.9631691514872978,1.0951144174635488,0.15341344652825212,,-7.520199603351059,True
5.11,5.067333333333333,5.152666666666667,False,124.12940850835416,True,0.5485250542599844,-7.399999999999998,0.00875959053676575,-41.150323885267035,5.114999999999999,0.004999999999999005,131.12283011066398,True,0.8977508074455648,6.993421602309823,-0.948887303269528,,-6.417898853553281,False
5.12,5.077333333333334,5.1626666666666665,False,124.12940850835416,True,0.4849868077159113,-7.399999999999998,0.007562925259904388,-42.42620382936856,5.125,0.004999999999999893,133.59671348237262,True,0.899733479693061,9.467304974018461,-1.272474731375222,pyin_probability_below_0.5|pitch_difference_over_1_semitone,-6.094311425447588,False
5.13,5.0873333333333335,5.172666666666666,False,126.29915234996876,True,0.4849868077159113,-7.100000000000001,0.0066063865577200695,-43.6007203628978,5.125,-0.004999999999999893,133.59671348237262,True,0.899733479693061,7.297561132403857,-0.9724747313752236,pyin_probability_below_0.5,-6.094311425447588,False
5.14,5.097333333333333,5.182666666666667,False,129.25125509628117,True,0.37213589829750876,-6.699999999999999,0.005607651407023683,-45.024379832038726,5.135,-0.004999999999999893,,False,0.0,,,pyin_probability_below_0.5|voicing_disagreement,,False
5.15,5.107333333333333,5.192666666666667,False,133.03860595958074,True,0.32333605839064083,-6.200000000000002,0.004025214311383915,-47.90421983748171,5.154999999999999,0.004999999999999005,,False,0.0,,,pyin_probability_below_0.5|voicing_disagreement,,False
5.16,5.117333333333334,5.2026666666666666,False,138.52806521170294,True,0.20650679911775227,-5.5000000000000036,0.00257490025618209,-51.784791790931294,5.164999999999999,0.004999999999999005,,False,0.0,,,pyin_probability_below_0.5|voicing_disagreement,,False
5.17,5.1273333333333335,5.212666666666666,False,137.7302022667084,True,0.10857977072874499,-5.599999999999999,0.0017071263077085032,-55.354686898016226,5.175,0.004999999999999893,,False,0.0,,,pyin_probability_below_0.5|voicing_disagreement,,False
5.18,5.137333333333333,5.222666666666667,False,134.5844400993791,True,0.011853505394683413,-5.999999999999998,0.0011280933229562565,-58.95309942605251,5.175,-0.004999999999999893,,False,0.0,,,pyin_probability_below_0.5|voicing_disagreement,,False
5.19,5.147333333333333,5.232666666666667,False,127.76667781088264,True,0.01,-6.8999999999999995,0.0007493022199166187,-62.506859614790685,5.194999999999999,0.004999999999999005,,False,0.0,,,pyin_probability_below_0.5|voicing_disagreement,,False
5.2,5.157333333333334,5.242666666666667,False,127.03079589645196,True,0.01,-7.0000000000000036,0.0006891615124439508,-63.23357969122262,5.204999999999999,0.004999999999999005,,False,0.0,,,pyin_probability_below_0.5|voicing_disagreement,,False
5.21,5.167333333333334,5.252666666666666,False,,False,0.01,,0.0006345479017549108,-63.95071175247019,5.215,0.004999999999999893,,False,0.0,,,,,False
5.22,5.177333333333333,5.262666666666667,False,,False,0.01,,0.0006293860336696325,-64.02165796971775,5.215,-0.004999999999999893,,False,0.0,,,,,False
5.23,5.187333333333333,5.272666666666667,False,,False,0.01,,0.000678519337804171,-63.36875540866362,5.234999999999999,0.004999999999999005,,False,0.0,,,,,False
5.24,5.197333333333333,5.282666666666667,False,,False,0.01,,0.0007204086337985498,-62.848421819643114,5.244999999999999,0.004999999999999005,,False,0.0,,,,,False
5.25,5.207333333333334,5.292666666666666,False,,False,0.01,,0.0007453875385382538,-62.55235744198196,5.255,0.004999999999999893,,False,0.0,,,,,False
5.26,5.217333333333333,5.302666666666667,False,,False,0.01,,0.0007664350063715092,-62.31049334772443,5.255,-0.004999999999999893,,False,0.0,,,,,False
5.27,5.227333333333333,5.312666666666667,False,,False,0.01,,0.0007782035014030911,-62.17813638977633,5.265,-0.004999999999999893,,False,0.0,,,,,False
5.28,5.237333333333333,5.322666666666667,False,,False,0.01,,0.0007400718543542406,-62.61452224228347,5.284999999999999,0.004999999999999005,,False,0.0,,,,,False
5.29,5.247333333333334,5.332666666666666,False,,False,0.01,,0.0007641931009122669,-62.33593774826907,5.295,0.004999999999999893,,False,0.0,,,,,False
5.3,5.257333333333333,5.342666666666666,False,,False,0.01,,0.0007519926081701511,-62.47572856706854,5.295,-0.004999999999999893,,False,0.0,,,,,False
5.31,5.267333333333333,5.352666666666667,False,,False,0.01,,0.0007196517006520712,-62.85755287925486,5.305,-0.004999999999999893,,False,0.0,,,,,False
5.32,5.277333333333333,5.362666666666667,False,,False,0.01,,0.0006988637050836061,-63.11215027340275,5.324999999999999,0.004999999999999005,,False,0.0,,,,,False
5.33,5.287333333333334,5.3726666666666665,False,,False,0.01,,0.0006991925542044422,-63.10806410418765,5.335,0.004999999999999893,,False,0.0,,,,,False
5.34,5.2973333333333334,5.382666666666666,False,,False,0.01,,0.0006950303568264264,-63.15992452649163,5.335,-0.004999999999999893,,False,0.0,,,,,False
5.35,5.307333333333333,5.392666666666667,False,,False,0.01,,0.0006565124748818479,-63.655140342872365,5.345,-0.004999999999999893,,False,0.0,,,,,False
5.36,5.317333333333333,5.402666666666667,False,,False,0.01,,0.000677320621819639,-63.38411403176359,5.364999999999999,0.004999999999999005,,False,0.0,,,,,False
5.37,5.327333333333334,5.4126666666666665,False,,False,0.01,,0.000709383061529991,-62.98238371428975,5.375,0.004999999999999893,,False,0.0,,,,,False
5.38,5.3373333333333335,5.422666666666666,False,,False,0.01,,0.0006662403175402794,-63.52738179028329,5.375,-0.004999999999999893,,False,0.0,,,,,False
5.39,5.347333333333333,5.432666666666667,False,,False,0.01,,0.0006480948510047983,-63.76722857846935,5.385,-0.004999999999999893,,False,0.0,,,,,False
5.4,5.357333333333333,5.442666666666667,False,,False,0.01,,0.0006774558937115756,-63.3823794922068,5.404999999999999,0.004999999999999005,,False,0.0,,,,,False
5.41,5.367333333333334,5.4526666666666666,False,,False,0.01,,0.000724625568244298,-62.797726921030886,5.414999999999999,0.004999999999999005,,False,0.0,,,,,False
5.42,5.3773333333333335,5.462666666666666,False,,False,0.01,,0.000714237760290252,-62.92314386549731,5.425,0.004999999999999893,,False,0.0,,,,,False
5.43,5.387333333333333,5.472666666666667,False,,False,0.01,,0.0007313817805002717,-62.7171172520336,5.425,-0.004999999999999893,,False,0.0,,,,,False
5.44,5.397333333333333,5.482666666666667,False,,False,0.01,,0.0006929443127172452,-63.18603330636031,5.444999999999999,0.004999999999999005,,False,0.0,,,,,False
5.45,5.407333333333334,5.492666666666667,False,,False,0.01,,0.0005926949690514791,-64.54337518298931,5.454999999999999,0.004999999999999005,,False,0.0,,,,,False
5.46,5.417333333333334,5.502666666666666,False,172.52972650401387,True,0.01,-1.6999999999999988,0.0018393174886880436,-54.706865995070935,5.465,0.004999999999999893,,False,0.0,,,pyin_probability_below_0.5|voicing_disagreement,,False
5.47,5.427333333333333,5.512666666666667,False,164.73856077731807,True,0.010140046044704068,-2.5000000000000013,0.004446857760671046,-47.03893523761734,5.465,-0.004999999999999893,,False,0.0,,,pyin_probability_below_0.5|voicing_disagreement,,False
5.48,5.437333333333333,5.522666666666667,False,161.90845090664698,True,0.01818737573491218,-2.8,0.007016441326938987,-43.07766204213792,5.484999999999999,0.004999999999999005,,False,0.0,,,pyin_probability_below_0.5|voicing_disagreement,,False
5.49,5.447333333333333,5.532666666666667,False,160.04877373483913,True,0.09203757081218103,-2.9999999999999987,0.010620922290701046,-39.47675537437434,5.494999999999999,0.004999999999999005,167.2690939070046,True,0.6883244123961935,7.220320172165458,-0.7639113823084207,pyin_probability_below_0.5,-2.2028747745143864,False
5.5,5.457333333333334,5.542666666666666,False,159.12696062960518,True,0.20650679911775227,-3.100000000000001,0.01318985321800815,-37.595200748608406,5.505,0.004999999999999893,160.83510012644228,True,0.8825036538346782,1.7081394968371058,-0.18484800007750063,pyin_probability_below_0.5,-2.881938156745309,False
5.51,5.467333333333333,5.552666666666667,False,158.21045677717683,True,0.3721358982975087,-3.2000000000000006,0.0161458699566758,-35.8387709953396,5.505,-0.004999999999999893,160.83510012644228,True,0.8825036538346782,2.6246433492654546,-0.28484800007750044,pyin_probability_below_0.5,-2.881938156745309,False
5.52,5.477333333333333,5.562666666666667,False,159.12696062960518,True,0.48498680771591135,-3.100000000000001,0.018467092804055958,-34.672029366270785,5.515,-0.004999999999999893,158.56843412131482,True,0.972053796597504,0.5585265082903561,0.0608722141164747,pyin_probability_below_0.5,-3.127658370939286,False
5.53,5.487333333333333,5.572666666666667,False,160.04877373483913,True,0.6159498854580678,-2.9999999999999987,0.02035499839866127,-33.826578549015245,5.534999999999999,0.004999999999999005,157.50118758384139,True,0.99120811465863,2.547586150997745,0.2777869974191195,,-3.2445731542419285,True
5.54,5.497333333333334,5.582666666666666,False,160.04877373483913,True,0.6159498854580678,-2.9999999999999987,0.022689985783401926,-32.883315524515496,5.545,0.004999999999999893,158.35007847449856,True,0.9925455472474913,1.6986952603405712,0.1847284910689398,,-3.1515146478917497,True
5.55,5.507333333333333,5.592666666666666,False,161.90845090664698,True,0.6159498854580678,-2.8,0.024651270353370263,-32.16321390644256,5.545,-0.004999999999999893,158.35007847449856,True,0.9925455472474913,3.558372432148417,0.3847284910689386,,-3.1515146478917497,True
5.56,5.517333333333333,5.602666666666667,False,162.84637702113662,True,0.5485250542599845,-2.700000000000001,0.026261312983997604,-31.613671286598652,5.555,-0.004999999999999893,160.17801984579862,True,0.9955605718135347,2.668357175338002,0.28602519935009296,,-2.9528113561729024,True
5.57,5.527333333333333,5.612666666666667,False,167.61814009714527,True,0.32333605839064083,-2.200000000000002,0.028472465961764143,-30.911498351329605,5.574999999999999,0.004999999999999005,163.27220108522235,True,0.9940808855704835,4.345939011922923,0.45478935656473624,pyin_probability_below_0.5,-2.621575513387548,False
5.58,5.537333333333334,5.6226666666666665,False,178.6139741695516,True,0.03489742801962526,-1.0999999999999999,0.03297823486148247,-29.635451867967785,5.585,0.004999999999999893,167.2207700643758,True,0.9897120534003726,11.393204105175784,1.14109085490914,pyin_probability_below_0.5|pitch_difference_over_1_semitone,-2.207877011731947,False
5.59,5.5473333333333334,5.632666666666666,False,185.98397121658357,True,0.047686993082531035,-0.4000000000000028,0.039320588535269284,-28.10759980880872,5.585,-0.004999999999999893,167.2207700643758,True,0.9897120534003726,18.763201152207756,1.8410908549091354,pyin_probability_below_0.5|pitch_difference_over_1_semitone,-2.207877011731947,False
5.6,5.557333333333333,5.642666666666667,False,187.0613654014066,True,0.12793708630129036,-0.30000000000000204,0.045386444725321926,-26.861476713791426,5.595,-0.004999999999999893,172.85203048630467,True,0.9779188627142194,14.20933491510192,1.3676888672335532,pyin_probability_below_0.5|pitch_difference_over_1_semitone,-1.6344750240563666,False
5.61,5.567333333333333,5.652666666666667,False,185.98397121658357,True,0.2407543944755743,-0.4000000000000028,0.05016007628995601,-25.992836232908154,5.614999999999999,0.004999999999999005,189.4247352197599,True,0.909757684693581,3.4407640031763265,-0.31735729626144965,pyin_probability_below_0.5,-0.04942886056136249,False
5.62,5.577333333333334,5.6626666666666665,False,185.98397121658357,True,0.37213589829750876,-0.4000000000000028,0.0542163765965156,-25.317390213429462,5.625,0.004999999999999893,188.86697568516294,True,0.9176506919235147,2.8830044685793723,-0.2663060588503482,pyin_probability_below_0.5,-0.10048009797246173,False
5.63,5.5873333333333335,5.672666666666666,False,187.0613654014066,True,0.4260623290432814,-0.30000000000000204,0.05873076907993696,-24.622686240595023,5.625,-0.004999999999999893,188.86697568516294,True,0.9176506919235147,1.8056102837563515,-0.16630605885034888,pyin_probability_below_0.5,-0.10048009797246173,False
5.64,5.597333333333333,5.682666666666667,False,188.14500086724917,True,0.48498680771591135,-0.19999999999999973,0.06363182972380009,-23.926511770219783,5.635,-0.004999999999999893,186.85414793990012,True,0.945741771696946,1.29085292734905,0.11918839678198478,pyin_probability_below_0.5,-0.2859745536047943,False
5.65,5.607333333333333,5.692666666666667,False,189.23491376948436,True,0.48498680771591135,-0.09999999999999873,0.06803498973610934,-23.345353527902788,5.654999999999999,0.004999999999999005,186.7004282113305,True,0.9738087228354841,2.534485558153875,0.23343664108816026,pyin_probability_below_0.5,-0.30022279791096845,False
5.66,5.617333333333334,5.7026666666666666,False,189.23491376948436,True,0.4849868077159113,-0.09999999999999873,0.07200724468363377,-22.85247613586261,5.664999999999999,0.004999999999999005,188.63455467673631,True,0.9851215999781596,0.6003590927480502,0.055011746879496295,pyin_probability_below_0.5,-0.12179790370230598,False
5.67,5.6273333333333335,5.712666666666666,False,190.3311404729313,True,0.48498680771591124,0.0,0.07432185942113592,-22.577668669675507,5.675,0.004999999999999893,190.19883491997632,True,0.9895975040939393,0.13230555295498903,0.012038572632789643,pyin_probability_below_0.5,0.021175270544399695,False
5.68,5.637333333333333,5.722666666666667,False,191.43371755306833,True,0.37213589829750865,0.10000000000000017,0.07556783531719129,-22.433260364236194,5.675,-0.004999999999999893,190.19883491997632,True,0.9895975040939393,1.2348826330920133,0.1120385726327893,pyin_probability_below_0.5,0.021175270544399695,False
5.69,5.647333333333333,5.732666666666667,False,192.54268179725335,True,0.3721358982975087,0.20000000000000068,0.07706431876749194,-22.262933126202483,5.694999999999999,0.004999999999999005,192.9572212227986,True,0.9929289657026981,0.41453942554525725,-0.0372329559194384,pyin_probability_below_0.5,0.27044679909662805,False
5.7,5.657333333333334,5.742666666666667,False,193.6580702059513,True,0.48498680771591124,0.3000000000000021,0.0782981883067392,-22.12496573393404,5.704999999999999,0.004999999999999005,194.4412801466289,True,0.9882949189769727,0.7832099406776081,-0.06987497177423313,pyin_probability_below_0.5,0.4030888149514218,False
5.71,5.667333333333334,5.752666666666666,False,194.7799199939686,True,0.6159498854580681,0.4000000000000011,0.0779081051310763,-22.168347167320533,5.715,0.004999999999999893,196.45491506746427,True,0.9880581139905794,1.6749950734956656,-0.14823967402589283,,0.5814535172030859,True
5.72,5.677333333333333,5.762666666666667,False,195.90826859169485,True,0.7571601330199094,0.49999999999999706,0.07582576572422853,-22.403663905706217,5.715,-0.004999999999999893,196.45491506746427,True,0.9880581139905794,0.5466464757694212,-0.04823967402589597,,0.5814535172030859,True
5.73,5.687333333333333,5.772666666666667,False,195.90826859169485,True,0.8266685594724996,0.49999999999999706,0.07253109250369948,-22.78951561807384,5.734999999999999,0.004999999999999005,198.66095347708315,True,0.9893362810896267,2.7526848853883052,-0.2415606108916708,,0.7747744540688601,True
5.74,5.697333333333333,5.782666666666667,False,197.04315364635175,True,0.8911444948731203,0.6000000000000013,0.0679525688654283,-23.355882412774783,5.744999999999999,0.004999999999999005,198.36826430827347,True,0.9830422890533322,1.3251106619217126,-0.11603535864671465,,0.7492492018239053,True
5.75,5.707333333333334,5.792666666666666,False,197.04315364635175,True,0.8266685594724995,0.6000000000000013,0.06224728920035493,-24.117591137162357,5.755,0.004999999999999893,196.85387212783596,True,0.9656159227161442,0.18928151851579855,0.01663839092424645,,0.6165754522529431,True
5.76,5.717333333333333,5.802666666666667,False,198.18461302324906,True,0.6860828109301794,0.699999999999998,0.056108578707687526,-25.01941464632877,5.755,-0.004999999999999893,196.85387212783596,True,0.9656159227161442,1.3307408954131006,0.11663839092424781,,0.6165754522529431,True
5.77,5.727333333333333,5.812666666666667,False,197.04315364635175,True,0.3721358982975087,0.6000000000000013,0.0497357956071299,-26.066618608019994,5.765,-0.004999999999999893,193.06411159349432,True,0.9236935829398114,3.9790420528574373,0.3531793742673237,pyin_probability_below_0.5,0.2800344689098654,False
5.78,5.737333333333333,5.822666666666667,False,197.04315364635175,True,0.10857977072874497,0.6000000000000013,0.04251766851376479,-27.428611166779177,5.784999999999999,0.004999999999999005,174.06390117950542,True,0.7440631252208283,22.979252466846333,2.1467350481819114,pyin_probability_below_0.5|pitch_difference_over_1_semitone,-1.5135212050047184,False
5.79,5.747333333333334,5.832666666666666,False,193.6580702059513,True,0.015085587297504336,0.3000000000000021,0.035840437417038955,-28.91253397202466,5.795,0.004999999999999893,,False,0.0,,,pyin_probability_below_0.5|voicing_disagreement,,False
5.8,5.757333333333333,5.842666666666666,False,188.14500086724917,True,0.01001876450976914,-0.19999999999999973,0.03127240363581132,-30.09677474121031,5.795,-0.004999999999999893,,False,0.0,,,pyin_probability_below_0.5|voicing_disagreement,,False
5.81,5.767333333333333,5.852666666666667,False,171.53602840047625,True,0.010000002871100368,-1.800000000000001,0.03012452187256304,-30.42159674710026,5.805,-0.004999999999999893,,False,0.0,,,pyin_probability_below_0.5|voicing_disagreement,,False
5.82,5.777333333333333,5.862666666666667,False,180.68936857950385,True,0.010000000000023851,-0.8999999999999966,0.030452649903557963,-30.32749820615907,5.824999999999999,0.004999999999999005,,False,0.0,,,pyin_probability_below_0.5|voicing_disagreement,,False
5.83,5.787333333333334,5.8726666666666665,False,,False,0.01000000000000011,,0.0328356528405561,-29.673086892396007,5.835,0.004999999999999893,,False,0.0,,,,,False
5.84,5.7973333333333334,5.882666666666666,False,,False,0.01000000000000011,,0.034505695985616654,-29.242184167556733,5.835,-0.004999999999999893,,False,0.0,,,,,False
5.85,5.807333333333333,5.892666666666667,False,,False,0.010000000000000437,,0.03589594941037716,-28.899091110868888,5.845,-0.004999999999999893,,False,0.0,,,,,False
5.86,5.817333333333333,5.902666666666667,False,,False,0.010000000000006923,,0.03702691905616505,-28.62964846631488,5.864999999999999,0.004999999999999005,,False,0.0,,,,,False
5.87,5.827333333333334,5.9126666666666665,False,,False,0.01000000000002385,,0.037923757677240016,-28.421772742271678,5.875,0.004999999999999893,,False,0.0,,,,,False
5.88,5.8373333333333335,5.922666666666666,False,,False,0.01000000000002385,,0.03745277081171799,-28.530320940478187,5.875,-0.004999999999999893,,False,0.0,,,,,False
5.89,5.847333333333333,5.932666666666667,False,,False,0.0100000000000754,,0.036422440800553485,-28.77261907818447,5.885,-0.004999999999999893,,False,0.0,,,,,False
5.9,5.857333333333333,5.942666666666667,False,,False,0.01000000000061386,,0.03482458738691873,-29.162280410726602,5.904999999999999,0.004999999999999005,,False,0.0,,,,,False
5.91,5.867333333333334,5.9526666666666666,False,,False,0.010000000000075395,,0.03253789686124506,-29.752210436141926,5.914999999999999,0.004999999999999005,,False,0.0,,,,,False
5.92,5.8773333333333335,5.962666666666666,False,,False,0.010000000000075398,,0.03024898091443893,-30.38578504217469,5.925,0.004999999999999893,,False,0.0,,,,,False
5.93,5.887333333333333,5.972666666666667,False,,False,0.010000000000613858,,0.027987827207623595,-31.060616320328165,5.925,-0.004999999999999893,,False,0.0,,,,,False
5.94,5.897333333333333,5.982666666666667,False,,False,0.010000000000613858,,0.02633510332811958,-31.589299466202817,5.944999999999999,0.004999999999999005,,False,0.0,,,,,False
5.95,5.907333333333334,5.992666666666667,False,200.48740730303228,True,0.010000027850262286,0.8999999999999985,0.0261099776984184,-31.663869982505464,5.954999999999999,0.004999999999999005,,False,0.0,,,pyin_probability_below_0.5|voicing_disagreement,,False
5.96,5.917333333333334,6.002666666666666,False,200.48740730303228,True,0.010052967545965859,0.8999999999999985,0.027986402461925516,-31.06105849466345,5.965,0.004999999999999893,,False,0.0,,,pyin_probability_below_0.5|voicing_disagreement,,False
5.97,5.927333333333333,6.012666666666667,False,200.48740730303228,True,0.013980210380185924,0.8999999999999985,0.030691781999643033,-30.259557904127206,5.965,-0.004999999999999893,,False,0.0,,,pyin_probability_below_0.5|voicing_disagreement,,False
5.98,5.937333333333333,6.022666666666667,False,200.48740730303228,True,0.06608151270920702,0.8999999999999985,0.03313501065879085,-29.594257707401056,5.984999999999999,0.004999999999999005,200.40826459727933,True,0.9569276731890067,0.07914270575295745,0.006835421697882236,pyin_probability_below_0.5,0.926378421479306,False
5.99,5.947333333333333,6.032666666666667,False,205.1735783080468,True,0.24075439447557434,1.2999999999999994,0.03548489219951635,-28.99913019575349,5.994999999999999,0.004999999999999005,200.7441772109954,True,0.9883494943788126,4.429401097051425,0.37784178089248865,pyin_probability_below_0.5,0.955372062284702,False
6.0,5.957333333333334,6.042666666666666,False,199.33268480704808,True,0.5485250542599845,0.8000000000000002,0.03755777303854206,-28.506003336502705,6.005,0.004999999999999893,200.5013473636403,True,0.9920351928585012,1.16866255659221,-0.1012036999691118,,0.934417543146303,True
6.01,5.967333333333333,6.052666666666667,False,197.04315364635175,True,0.6860828109301794,0.6000000000000013,0.03974945374042583,-28.01337670575971,6.005,-0.004999999999999893,200.5013473636403,True,0.9920351928585012,3.4581937172885375,-0.3012036999691119,,0.934417543146303,True
6.02,5.977333333333333,6.062666666666667,False,195.90826859169485,True,0.8266685594724996,0.49999999999999706,0.041631020021450575,-27.611658962538094,6.015,-0.004999999999999893,199.60787571775157,True,0.9901449241009483,3.699607126056719,-0.323884257321033,,0.857098100498222,True
6.03,5.987333333333333,6.072666666666667,False,195.90826859169485,True,0.8266685594724996,0.49999999999999706,0.04237010813861048,-27.458808551492183,6.034999999999999,0.004999999999999005,193.58518667749516,True,0.9944575752415868,2.3230819141996903,0.20651675376272396,,0.3266970894144648,True
6.04,5.997333333333334,6.082666666666666,False,194.7799199939686,True,0.8266685594724996,0.4000000000000011,0.04222448684653078,-27.488712393966427,6.045,0.004999999999999893,192.24639460966142,True,0.9959741964361944,2.5335253843071825,0.22666097351959463,,0.2065528696575952,True
6.05,6.007333333333333,6.092666666666666,False,192.54268179725335,True,0.8266685594724996,0.20000000000000068,0.04122260759439278,-27.69729079551396,6.045,-0.004999999999999893,192.24639460966142,True,0.9959741964361944,0.29628718759192907,0.026660973519594025,,0.2065528696575952,True
6.06,6.017333333333333,6.102666666666667,False,191.43371755306833,True,0.8911444948731204,0.10000000000000017,0.04016182659370252,-27.923730866700037,6.055,-0.004999999999999893,190.9771072664023,True,0.9952788005661665,0.4566102866660344,0.04134295369269324,,0.09187088948449659,True
6.07,6.027333333333333,6.112666666666667,False,190.3311404729313,True,0.8911444948731203,0.0,0.0388362479865178,-28.215254688288738,6.074999999999999,0.004999999999999005,188.24391930494312,True,0.994065092024496,2.08722116798819,0.19090031814535569,,-0.1576864749681675,True
6.08,6.037333333333334,6.1226666666666665,False,189.23491376948436,True,0.9459302094659091,-0.09999999999999873,0.0371963945163793,-28.589983093506085,6.085,0.004999999999999893,187.3931445835918,True,0.9959585731950877,1.8417691858925593,0.1693213700482747,,-0.23610752687108547,True
6.09,6.0473333333333334,6.132666666666666,False,189.23491376948436,True,0.9459302094659092,-0.09999999999999873,0.035419064472287785,-29.015258281263762,6.085,-0.004999999999999893,187.3931445835918,True,0.9959585731950877,1.8417691858925593,0.1693213700482747,,-0.23610752687108547,True
6.1,6.057333333333333,6.142666666666667,False,188.14500086724917,True,0.9848789761259924,-0.19999999999999973,0.033187745898401386,-29.580444874774567,6.095,-0.004999999999999893,187.11842004139137,True,0.9954629870763664,1.026580825857792,0.0947204557805014,,-0.26150661260331215,True
6.11,6.067333333333333,6.152666666666667,False,188.14500086724917,True,0.9848789761259923,-0.19999999999999973,0.03029507473324144,-30.37255943658267,6.114999999999999,0.004999999999999005,188.74283110026775,True,0.9921850418536599,0.5978302330185841,-0.05492270300210474,,-0.11186345382070292,True
6.12,6.077333333333334,6.1626666666666665,False,188.14500086724917,True,0.9848789761259923,-0.19999999999999973,0.027280472518540853,-31.282962232790894,6.125,0.004999999999999893,190.82879519043385,True,0.9858309543468902,2.683794323184685,-0.245207127012363,,0.07842097018955409,True
6.13,6.0873333333333335,6.172666666666666,False,189.23491376948436,True,0.9459302094659091,-0.09999999999999873,0.02455934677340496,-32.195663773808306,6.125,-0.004999999999999893,190.82879519043385,True,0.9858309543468902,1.5938814209494865,-0.14520712701236344,,0.07842097018955409,True
6.14,6.097333333333333,6.182666666666667,False,189.23491376948436,True,0.9459302094659091,-0.09999999999999873,0.02121481710840062,-33.46721415813092,6.135,-0.004999999999999893,193.59455641371792,True,0.9754486603863621,4.35964264423356,-0.3943211623045375,,0.3275350054817303,True
6.15,6.107333333333333,6.192666666666667,False,190.3311404729313,True,0.8911444948731203,0.0,0.01742627528839236,-35.17590859120427,6.154999999999999,0.004999999999999005,190.28808455980928,True,0.8361166726004198,0.04305591312203205,0.003916768162306445,,0.02929707501488406,True
6.16,6.117333333333334,6.2026666666666666,False,192.54268179725335,True,0.8266685594724996,0.20000000000000068,0.013696285159245189,-37.2679442095922,6.165,0.004999999999999893,,False,0.0,,,voicing_disagreement,,False
6.17,6.1273333333333335,6.212666666666666,False,193.6580702059513,True,0.6860828109301793,0.3000000000000021,0.009727795562984311,-40.23971130007968,6.165,-0.004999999999999893,,False,0.0,,,voicing_disagreement,,False
6.18,6.137333333333333,6.222666666666667,False,191.43371755306833,True,0.20650679911775233,0.10000000000000017,0.005988905040196442,-44.453051460291576,6.175,-0.004999999999999893,,False,0.0,,,pyin_probability_below_0.5|voicing_disagreement,,False
6.19,6.147333333333333,6.232666666666667,False,190.3311404729313,True,0.012403124793551348,0.0,0.003204745880751647,-49.884128040299665,6.194999999999999,0.004999999999999005,,False,0.0,,,pyin_probability_below_0.5|voicing_disagreement,,False
6.2,6.157333333333334,6.242666666666667,False,,False,0.01000000928748663,,0.0033270479562237747,-49.558818782904545,6.204999999999999,0.004999999999999005,,False,0.0,,,,,False
6.21,6.167333333333334,6.252666666666666,False,195.90826859169485,True,0.011853505394683413,0.49999999999999706,0.006339661649945594,-43.95867839909319,6.215,0.004999999999999893,,False,0.0,,,pyin_probability_below_0.5|voicing_disagreement,,False
6.22,6.177333333333333,6.262666666666667,False,193.6580702059513,True,0.04069733156888105,0.3000000000000021,0.01066717553177066,-39.43901116792874,6.215,-0.004999999999999893,,False,0.0,,,pyin_probability_below_0.5|voicing_disagreement,,False
6.23,6.187333333333333,6.272666666666667,False,192.54268179725335,True,0.10857977072874499,0.20000000000000068,0.015709403657934533,-36.076806016557626,6.234999999999999,0.004999999999999005,200.09015433797896,True,0.791615741092179,7.547472540725607,-0.6656626755711271,pyin_probability_below_0.5,0.8988765187483168,False
6.24,6.197333333333333,6.282666666666667,False,190.3311404729313,True,0.24075439447557426,0.0,0.020855295801339012,-33.615672919069084,6.244999999999999,0.004999999999999005,194.1101014158292,True,0.9191901766329824,3.7789609428978963,-0.3403628886296588,pyin_probability_below_0.5,0.3735767318068497,False
6.25,6.207333333333334,6.292666666666666,False,188.14500086724917,True,0.3233360583906408,-0.19999999999999973,0.025377442297720345,-31.911043020682165,6.255,0.004999999999999893,191.6573025617811,True,0.9739870742012999,3.512301694531942,-0.32020814916404855,pyin_probability_below_0.5,0.15342199234123843,False
6.26,6.217333333333333,6.302666666666667,False,185.98397121658357,True,0.4260623290432814,-0.4000000000000028,0.029854271922126103,-30.49987031617807,6.255,-0.004999999999999893,191.6573025617811,True,0.9739870742012999,5.673331345197539,-0.5202081491640517,pyin_probability_below_0.5,0.15342199234123843,False
6.27,6.227333333333333,6.312666666666667,False,184.9127823656466,True,0.5485250542599844,-0.5000000000000001,0.03319904585101483,-29.577487956999896,6.265,-0.004999999999999893,189.9663389322557,True,0.9828413106381573,5.053556566609103,-0.46678615682281016,,0.0,True
6.28,6.237333333333333,6.322666666666667,False,183.84776310850236,True,0.6159498854580678,-0.5999999999999991,0.0367420892881534,-28.696723035444943,6.284999999999999,0.004999999999999005,183.56465219607236,True,0.9923191473841634,0.2831109124300042,0.02668017344272268,,-0.5934663302655319,True
6.29,6.247333333333334,6.332666666666666,False,181.73609144327253,True,0.6860828109301792,-0.8000000000000008,0.03920489953612388,-28.133193094011233,6.295,0.004999999999999893,181.37260648114352,True,0.9935862249798058,0.36348496212900727,0.0346605716994813,,-0.8014467285222917,True
6.3,6.257333333333333,6.342666666666666,False,180.68936857950385,True,0.7571601330199091,-0.8999999999999966,0.04039702965455604,-27.873011337421936,6.295,-0.004999999999999893,181.37260648114352,True,0.9935862249798058,0.6832379016396715,-0.06533942830051505,,-0.8014467285222917,True
6.31,6.267333333333333,6.352666666666667,False,179.64867439581087,True,0.8266685594724994,-1.0000000000000013,0.04059333251741477,-27.830905874607964,6.305,-0.004999999999999893,179.15686024457244,True,0.9942951941035395,0.49181415123842953,0.04746002251758229,,-1.0142461793403923,True
6.32,6.277333333333333,6.362666666666667,False,177.5852333780714,True,0.8266685594724994,-1.2000000000000022,0.04053435721397038,-27.843534191006928,6.324999999999999,0.004999999999999005,175.17339386856344,True,0.9902988665968985,2.4118395095079563,0.23673545708680999,,-1.403521613909625,True
6.33,6.287333333333334,6.3726666666666665,False,176.56241769755178,True,0.8266685594724994,-1.3000000000000005,0.040345193409578754,-27.88416396483038,6.335,0.004999999999999893,173.62970138058085,True,0.9974571446123656,2.932716316970925,0.2899743750617585,,-1.5567605318845699,True
6.34,6.2973333333333334,6.382666666666666,False,175.5454930018647,True,0.8266685594724994,-1.3999999999999984,0.03984791130928095,-27.991888757943066,6.335,-0.004999999999999893,173.62970138058085,True,0.9974571446123656,1.9157916212838586,0.18997437506175924,,-1.5567605318845699,True
6.35,6.307333333333333,6.392666666666667,False,174.53442536143424,True,0.8266685594724994,-1.5000000000000004,0.0390937250395394,-28.157858918272332,6.345,-0.004999999999999893,172.85089211409522,True,0.9999510733894241,1.683533247339028,0.16780288355223294,,-1.6345890403750416,True
6.36,6.317333333333333,6.402666666666667,False,173.52918104210445,True,0.7571601330199093,-1.6000000000000023,0.0392094731080049,-28.13217987311012,6.364999999999999,0.004999999999999005,173.4037293237203,True,0.9973073110224902,0.1254517183841415,0.012520362834284666,,-1.5793065196570941,True
6.37,6.327333333333334,6.4126666666666665,False,174.53442536143424,True,0.8266685594724995,-1.5000000000000004,0.039055256525880135,-28.16641010561935,6.375,0.004999999999999893,173.18293692215988,True,0.9963597587676222,1.3514884392743625,0.13457795548236146,,-1.6013641123051712,True
6.38,6.3373333333333335,6.422666666666666,False,175.5454930018647,True,0.5485250542599847,-1.3999999999999984,0.04005406568650025,-27.947067885929325,6.375,-0.004999999999999893,173.18293692215988,True,0.9963597587676222,2.362556079704831,0.2345779554823599,,-1.6013641123051712,True
6.39,6.347333333333333,6.432666666666667,False,176.56241769755178,True,0.5485250542599845,-1.3000000000000005,0.04084953082515247,-27.7762585433253,6.385,-0.004999999999999893,173.19018518638595,True,0.9976268886341887,3.3722325111658336,0.3338533933829557,,-1.6006395502057642,True
6.4,6.357333333333333,6.442666666666667,False,176.56241769755178,True,0.5485250542599845,-1.3000000000000005,0.041927203409733035,-27.55008209093454,6.404999999999999,0.004999999999999005,177.31870842285957,True,0.9421119801776467,0.7562907253077924,-0.07399763092014315,,-1.1927885259026676,True
6.41,6.367333333333334,6.4526666666666666,False,176.56241769755178,True,0.5485250542599845,-1.3000000000000005,0.042947006000684726,-27.34134214198844,6.415,0.004999999999999893,179.79136619920843,True,0.9047547288087369,3.228948501656646,-0.31374543142899364,,-0.9530407253938167,True
6.42,6.3773333333333335,6.462666666666666,False,176.56241769755178,True,0.6159498854580681,-1.3000000000000005,0.04396156837284474,-27.138536441658022,6.415,-0.004999999999999893,179.79136619920843,True,0.9047547288087369,3.228948501656646,-0.31374543142899364,,-0.9530407253938167,True
6.43,6.387333333333333,6.472666666666667,False,176.56241769755178,True,0.615949885458068,-1.3000000000000005,0.044550012520340174,-27.023043391458454,6.425,-0.004999999999999893,177.4406415693805,True,0.9266533874201248,0.878223871828709,-0.08589836437700607,,-1.1808877924458048,True
6.44,6.397333333333333,6.482666666666667,False,176.56241769755178,True,0.6159498854580681,-1.3000000000000005,0.044790193097713545,-26.97634130476077,6.444999999999999,0.004999999999999005,176.4261345126299,True,0.9798622773818592,0.1362831849218935,0.013368031359532117,,-1.2801541881823424,True
6.45,6.407333333333334,6.492666666666667,False,176.56241769755178,True,0.6159498854580681,-1.3000000000000005,0.044577142282707594,-27.01775552762775,6.454999999999999,0.004999999999999005,176.24429531190842,True,0.9788078987724774,0.31812238564336326,0.03122074692731254,,-1.298006903750122,True
6.46,6.417333333333334,6.502666666666666,False,176.56241769755178,True,0.7571601330199093,-1.3000000000000005,0.04477279862278223,-26.979715164623258,6.465,0.004999999999999893,176.31263703734112,True,0.9783071182105462,0.2497806602106607,0.024508893455325538,,-1.2912950502781382,True
6.47,6.427333333333333,6.512666666666667,False,176.56241769755178,True,0.7571601330199094,-1.3000000000000005,0.04440625319061141,-27.051117383763206,6.465,-0.004999999999999893,176.31263703734112,True,0.9783071182105462,0.2497806602106607,0.024508893455325538,,-1.2912950502781382,True
6.48,6.437333333333333,6.522666666666667,False,177.5852333780714,True,0.7571601330199094,-1.2000000000000022,0.043854834569996226,-27.159650458120396,6.484999999999999,0.004999999999999005,177.39239975262,True,0.9793200360649327,0.19283362545138516,0.018809082030348694,,-1.1855952388531625,True
6.49,6.447333333333333,6.532666666666667,False,177.5852333780714,True,0.7571601330199093,-1.2000000000000022,0.043060346080785586,-27.31844968051005,6.494999999999999,0.004999999999999005,177.601677828489,True,0.9838400833691985,0.01644445041759468,-0.001603054144351644,,-1.1651831026784605,True
6.5,6.457333333333334,6.542666666666666,False,177.5852333780714,True,0.7571601330199093,-1.2000000000000022,0.0413298258218764,-27.674728499619814,6.505,0.004999999999999893,178.09152279895557,True,0.9797731307763237,0.5062894208841726,-0.04928666610304232,,-1.11749949071977,True
6.51,6.467333333333333,6.552666666666667,False,177.5852333780714,True,0.7571601330199093,-1.2000000000000022,0.03933019969332836,-28.10547697036067,6.505,-0.004999999999999893,178.09152279895557,True,0.9797731307763237,0.5062894208841726,-0.04928666610304232,,-1.11749949071977,True
6.52,6.477333333333333,6.562666666666667,False,178.6139741695516,True,0.6860828109301793,-1.0999999999999999,0.03629164880935309,-28.803866007971664,6.515,-0.004999999999999893,179.26103491814237,True,0.9734165166043974,0.6470607485907749,-0.0626036907873195,,-1.0041824660354883,True
6.53,6.487333333333333,6.572666666666667,False,178.6139741695516,True,0.6159498854580681,-1.0999999999999999,0.03274961504866899,-29.695876010067728,6.534999999999999,0.004999999999999005,180.6627584364813,True,0.9470447386962052,2.048784266929715,-0.19745022196964396,,-0.8693359348531644,True
6.54,6.497333333333334,6.582666666666666,False,178.6139741695516,True,0.6159498854580681,-1.0999999999999999,0.029133431222149193,-30.712167256921795,6.545,0.004999999999999893,176.05560119922816,True,0.8159098991278201,2.5583729703234326,0.2497659527138399,,-1.3165521095366493,True
6.55,6.507333333333333,6.592666666666666,False,179.64867439581087,True,0.4849868077159113,-1.0000000000000013,0.02528880334439125,-31.9414344160565,6.545,-0.004999999999999893,176.05560119922816,True,0.8159098991278201,3.593073196582708,0.34976595271383926,pyin_probability_below_0.5,-1.3165521095366493,False
6.56,6.517333333333333,6.602666666666667,False,179.64867439581087,True,0.32333605839064083,-1.0000000000000013,0.021788489757261203,-33.23545742611516,6.555,-0.004999999999999893,168.61451214603403,True,0.7126125742803152,11.034162249776841,1.097394958267388,pyin_probability_below_0.5|pitch_difference_over_1_semitone,-2.0641811150901983,False
6.57,6.527333333333333,6.612666666666667,False,177.5852333780714,True,0.10857977072874497,-1.2000000000000022,0.01685570967059342,-35.46505915590741,6.574999999999999,0.004999999999999005,,False,0.0,,,pyin_probability_below_0.5|voicing_disagreement,,False
6.58,6.537333333333334,6.6226666666666665,False,172.52972650401387,True,0.03489742801962526,-1.6999999999999988,0.012038606602909604,-38.38847554343607,6.585,0.004999999999999893,,False,0.0,,,pyin_probability_below_0.5|voicing_disagreement,,False
6.59,6.5473333333333334,6.632666666666666,False,173.52918104210445,True,0.010101974593744989,-1.6000000000000023,0.009934080090802948,-40.05744685892472,6.585,-0.004999999999999893,,False,0.0,,,pyin_probability_below_0.5|voicing_disagreement,,False
6.6,6.557333333333333,6.642666666666667,False,182.78887791090543,True,0.026168028608935755,-0.7000000000000002,0.011698661422164011,-38.63727656033354,6.595,-0.004999999999999893,,False,0.0,,,pyin_probability_below_0.5|voicing_disagreement,,False
6.61,6.567333333333333,6.652666666666667,False,181.73609144327253,True,0.10857977072874499,-0.8000000000000008,0.01574928107378831,-36.0547853235991,6.614999999999999,0.004999999999999005,178.18985503177015,True,0.7985996321396445,3.5462364115023775,0.3411570604297157,pyin_probability_below_0.5,-1.107943217252524,False
6.62,6.577333333333334,6.6626666666666665,False,181.73609144327253,True,0.17653060863289757,-0.8000000000000008,0.020156982177493284,-33.91148976374433,6.625,0.004999999999999893,180.55429015966996,True,0.8763710001472294,1.1818012836025673,0.11294707131612058,pyin_probability_below_0.5,-0.8797332281389311,False
6.63,6.5873333333333335,6.672666666666666,False,180.68936857950385,True,0.27960516533635893,-0.8999999999999966,0.02517878119727455,-31.979305923092976,6.625,-0.004999999999999893,180.55429015966996,True,0.8763710001472294,0.13507841983388857,0.012947071316125613,pyin_probability_below_0.5,-0.8797332281389311,False
6.64,6.597333333333333,6.682666666666667,False,179.64867439581087,True,0.4260623290432815,-1.0000000000000013,0.030521700915860477,-30.30782535288254,6.635,-0.004999999999999893,180.71992450251346,True,0.9470929716656686,1.0712501067025926,-0.10292739868363224,pyin_probability_below_0.5,-0.8638587581391786,False
6.65,6.607333333333333,6.692666666666667,False,177.5852333780714,True,0.42606232904328145,-1.2000000000000022,0.03527569543846654,-29.050488312854924,6.654999999999999,0.004999999999999005,180.73115283968326,True,0.988699286810291,3.145919461611868,-0.30400300093508825,pyin_probability_below_0.5,-0.8627831558877237,False
6.66,6.617333333333334,6.7026666666666666,False,176.56241769755178,True,0.615949885458068,-1.3000000000000005,0.037992878784931475,-28.405955959364814,6.665,0.004999999999999893,178.7798549864166,True,0.9886133190691971,2.2174372888648293,-0.21607070494439434,,-1.0507154518784154,True
6.67,6.6273333333333335,6.712666666666666,False,174.53442536143424,True,0.6159498854580678,-1.5000000000000004,0.038916681918549,-28.197283905532416,6.665,-0.004999999999999893,178.7798549864166,True,0.9886133190691971,4.245429624982364,-0.4160707049443947,,-1.0507154518784154,True
6.68,6.637333333333333,6.722666666666667,False,174.53442536143424,True,0.615949885458068,-1.5000000000000004,0.038806272551967086,-28.22196140845935,6.675,-0.004999999999999893,176.34902032562496,True,0.9899159327634847,1.814594964190718,-0.17906325488585956,,-1.2877229019369496,True
6.69,6.647333333333333,6.732666666666667,False,173.52918104210445,True,0.5485250542599847,-1.6000000000000023,0.038230449838866865,-28.351811836434372,6.694999999999999,0.004999999999999005,169.48534428974838,True,0.9370213343953162,4.043836752356071,0.40821316398975904,,-1.9749993208125698,True
6.7,6.657333333333334,6.742666666666667,False,172.52972650401387,True,0.48498680771591124,-1.6999999999999988,0.03685879122459272,-28.66917822938024,6.704999999999999,0.004999999999999005,162.31203804851884,True,0.914997456876943,10.217688455495022,1.056899444269646,pyin_probability_below_0.5|pitch_difference_over_1_semitone,-2.723685601092457,False
6.71,6.667333333333334,6.752666666666666,False,170.54805357686834,True,0.3721358982975087,-1.9000000000000006,0.03544660882842775,-29.008506147586402,6.715,0.004999999999999893,154.56183723215,True,0.9861705090145584,15.986216344718343,1.7039296995686213,pyin_probability_below_0.5|pitch_difference_over_1_semitone,-3.5707158563914305,False
6.72,6.677333333333333,6.762666666666667,False,166.65273064969477,True,0.2065067991177523,-2.3,0.03453772474965624,-29.234125519051645,6.715,-0.004999999999999893,154.56183723215,True,0.9861705090145584,12.090893417544777,1.3039296995686231,pyin_probability_below_0.5|pitch_difference_over_1_semitone,-3.5707158563914305,False
6.73,6.687333333333333,6.772666666666667,False,160.97592684906726,True,0.1765306086328976,-2.8999999999999995,0.03452247687054196,-29.237961053679292,6.734999999999999,0.004999999999999005,148.86262446612153,True,0.9962698853952056,12.113302382945733,1.35436056492228,pyin_probability_below_0.5|pitch_difference_over_1_semitone,-4.22114672174509,False
6.74,6.697333333333333,6.782666666666667,False,158.21045677717683,True,0.32333605839064083,-3.2000000000000006,0.034491380802493886,-29.245788381193755,6.744999999999999,0.004999999999999005,155.71136682608443,True,0.9457168222251208,2.499089951092401,0.2756483105843233,pyin_probability_below_0.5,-3.4424344674071348,False
6.75,6.707333333333334,6.792666666666666,False,157.29923159850804,True,0.32333605839064083,-3.299999999999999,0.035115503499152045,-29.09002200254426,6.755,0.004999999999999893,159.08529334404622,True,0.9395176495769972,1.786061745538177,-0.19546618189567733,pyin_probability_below_0.5,-3.0713199749271305,False
6.76,6.717333333333333,6.802666666666667,False,155.49249582586248,True,0.3233360583906409,-3.5000000000000027,0.03662166393228546,-28.72523854192466,6.755,-0.004999999999999893,159.08529334404622,True,0.9395176495769972,3.592797518183744,-0.39546618189568,pyin_probability_below_0.5,-3.0713199749271305,False
6.77,6.727333333333333,6.812666666666667,False,154.59692495035372,True,0.24075439447557434,-3.6000000000000014,0.0377535526075571,-28.460843500423664,6.765,-0.004999999999999893,159.39732790187566,True,0.943155109448012,4.8004029515219315,-0.5293898554535836,pyin_probability_below_0.5,-3.0373963013692284,False
6.78,6.737333333333333,6.822666666666667,False,153.70651218352927,True,0.1765306086328976,-3.6999999999999984,0.03875271906982047,-28.233956399623054,6.784999999999999,0.004999999999999005,153.10488105976995,True,0.9250046498398536,0.6016311237593186,0.06789615016748705,pyin_probability_below_0.5,-3.734682306990297,False
6.79,6.747333333333334,6.832666666666666,False,153.70651218352927,True,0.12793708630129036,-3.6999999999999984,0.03904949553025345,-28.167691445640088,6.795,0.004999999999999893,150.01915360817583,True,0.9605131681393099,3.687358575353443,0.42037898627460635,pyin_probability_below_0.5,-4.087165143097414,False
6.8,6.757333333333333,6.842666666666666,False,152.82122781686914,True,0.09203757081218102,-3.8,0.037923315730896905,-28.421873964296203,6.795,-0.004999999999999893,150.01915360817583,True,0.9605131681393099,2.8020742086933126,0.32037898627460526,pyin_probability_below_0.5,-4.087165143097414,False
6.81,6.767333333333333,6.852666666666667,False,150.19585059339548,True,0.09203757081218102,-4.100000000000002,0.03576132679184018,-28.93172753371621,6.805,-0.004999999999999893,147.60155311764893,True,0.9521653130532208,2.5942974757465436,0.3016446545137153,pyin_probability_below_0.5,-4.368430811336526,False
6.82,6.777333333333333,6.862666666666667,False,147.61557577921405,True,0.10857977072874499,-4.4,0.03145541997228438,-30.04609024046294,6.824999999999999,0.004999999999999005,141.10006366481844,True,0.9372409170028122,6.515512114395619,0.7815158124352097,pyin_probability_below_0.5,-5.148301969258019,False
6.83,6.787333333333334,6.8726666666666665,False,145.9200662802185,True,0.07797523762294818,-4.599999999999999,0.02846290915791672,-30.91441426587716,6.835,0.004999999999999893,137.8181772761725,True,0.926811973413192,8.101889004046,0.9889452924906339,pyin_probability_below_0.5,-5.555731449313445,False
6.84,6.7973333333333334,6.882666666666666,False,142.58724736030138,True,0.0779752376229482,-5.0,0.02552635996600086,-31.860222214990593,6.835,-0.004999999999999893,137.8181772761725,True,0.926811973413192,4.7690700841288844,0.5889452924906353,pyin_probability_below_0.5,-5.555731449313445,False
6.85,6.807333333333333,6.892666666666667,False,140.13768379557115,True,0.06608151270920702,-5.300000000000002,0.023267528444735716,-32.6649949297275,6.845,-0.004999999999999893,134.74137490185967,True,0.953067376488938,5.396308893711478,0.6798243696553071,pyin_probability_below_0.5,-5.946610526478121,False
6.86,6.817333333333333,6.902666666666667,False,134.5844400993791,True,0.10857977072874499,-5.999999999999998,0.020241214219736604,-33.87526877625491,6.864999999999999,0.004999999999999005,129.40573483723097,True,0.9186779704633711,5.178705262148128,0.6793208279977181,pyin_probability_below_0.5,-6.646106984820526,False
6.87,6.827333333333334,6.9126666666666665,False,133.03860595958074,True,0.12793708630129033,-6.200000000000002,0.018335921368574825,-34.733945242582266,6.875,0.004999999999999893,126.28211087019505,True,0.9230685111112704,6.75649508938568,0.9023361028208774,pyin_probability_below_0.5,-7.06912225964369,False
6.88,6.8373333333333335,6.922666666666666,False,131.51052723924994,True,0.12793708630129036,-6.399999999999999,0.016546870626720556,-35.625682573177684,6.875,-0.004999999999999893,126.28211087019505,True,0.9230685111112704,5.228416369054884,0.7023361028208825,pyin_probability_below_0.5,-7.06912225964369,False
6.89,6.847333333333333,6.932666666666667,False,127.03079589645196,True,0.2065067991177523,-7.0000000000000036,0.015194432649015259,-36.36631023152556,6.885,-0.004999999999999893,122.5194492157909,True,0.9305868864177487,4.511346680661063,0.6260100416233462,pyin_probability_below_0.5,-7.592796198446159,False
6.9,6.857333333333333,6.942666666666667,False,124.84848285663055,True,0.32333605839064083,-7.300000000000001,0.013727343990892649,-37.248269665581624,6.904999999999999,0.004999999999999005,120.2242661366343,True,0.9345983100399754,4.624216719996255,0.6534020407652928,pyin_probability_below_0.5,-7.920188197588102,False
6.91,6.867333333333334,6.9526666666666666,False,122.70366064862014,True,0.48498680771591135,-7.600000000000001,0.01189270854408949,-38.49438448577407,6.915,0.004999999999999893,120.97223886295534,True,0.9314202188662586,1.731421785664807,0.24602735035853096,pyin_probability_below_0.5,-7.8128135071813425,False
6.92,6.8773333333333335,6.962666666666666,False,120.59568520237023,True,0.6159498854580681,-7.899999999999999,0.010487360942489265,-39.58667569334346,6.915,-0.004999999999999893,120.97223886295534,True,0.9314202188662586,0.37655366058510253,-0.05397264964146632,,-7.8128135071813425,True
6.93,6.887333333333333,6.972666666666667,False,120.59568520237023,True,0.5485250542599847,-7.899999999999999,0.009089112512416012,-40.82957040987787,6.925,-0.004999999999999893,121.61967742555288,True,0.9212908381649931,1.0239922231826455,-0.14638053879193436,,-7.720405618030875,True
6.94,6.897333333333333,6.982666666666667,False,120.59568520237023,True,0.5485250542599845,-7.899999999999999,0.007762494298747946,-42.19997411575517,6.944999999999999,0.004999999999999005,120.33688167270519,True,0.8424215095253719,0.2588035296650446,0.037192950767384936,,-7.903979107590192,True
6.95,6.907333333333334,6.992666666666667,False,121.29428889978496,True,0.4260623290432814,-7.800000000000002,0.0062754138580076255,-44.047152551290196,6.954999999999999,0.004999999999999005,,False,0.0,,,pyin_probability_below_0.5|voicing_disagreement,,False
6.96,6.917333333333334,7.002666666666666,False,122.70366064862014,True,0.3233360583906409,-7.600000000000001,0.004785923554567317,-46.40068485283329,6.965,0.004999999999999893,,False,0.0,,,pyin_probability_below_0.5|voicing_disagreement,,False
6.97,6.927333333333333,7.012666666666667,False,124.12940850835416,True,0.12793708630129033,-7.399999999999998,0.0035671291931573834,-48.95362322473115,6.965,-0.004999999999999893,,False,0.0,,,pyin_probability_below_0.5|voicing_disagreement,,False
6.98,6.937333333333333,7.022666666666667,False,119.9011051661721,True,0.03489742801962526,-8.0,0.002190562710159357,-53.18888619154369,6.984999999999999,0.004999999999999005,,False,0.0,,,pyin_probability_below_0.5|voicing_disagreement,,False
6.99,6.947333333333333,7.032666666666667,False,113.17157322849613,True,0.010073751764282886,-9.0,0.0012466247033712634,-58.085285425801246,6.994999999999999,0.004999999999999005,,False,0.0,,,pyin_probability_below_0.5|voicing_disagreement,,False
7.0,6.957333333333334,7.042666666666666,False,113.82716948276507,True,0.010000000000006923,-8.9,0.0005187580674652114,-65.7007027259486,7.005,0.004999999999999893,,False,0.0,,,pyin_probability_below_0.5|voicing_disagreement,,False
7.01,6.967333333333333,7.052666666666667,False,,False,0.01,,0.0004009936842262586,-67.93724935194975,7.005,-0.004999999999999893,,False,0.0,,,,,False
7.02,6.977333333333333,7.062666666666667,False,,False,0.01,,0.00037160944927577317,-68.59826502617553,7.015,-0.004999999999999893,,False,0.0,,,,,False
7.03,6.987333333333333,7.072666666666667,False,,False,0.01,,0.0003656859160989521,-68.7378353121504,7.034999999999999,0.004999999999999005,,False,0.0,,,,,False
7.04,6.997333333333334,7.082666666666666,False,,False,0.01,,0.00028622386256957886,-70.8658832361034,7.045,0.004999999999999893,,False,0.0,,,,,False
7.05,7.007333333333333,7.092666666666666,False,,False,0.01,,0.0001219081546670301,-78.27934485261339,7.045,-0.004999999999999893,,False,0.0,,,,,False
7.06,7.017333333333333,7.102666666666667,False,,False,0.01,,7.192500165925905e-05,-82.86240238837537,7.055,-0.004999999999999893,,False,0.0,,,,,False
7.07,7.027333333333333,7.112666666666667,False,,False,0.01,,6.0447456227476925e-05,-84.37243941123866,7.074999999999999,0.004999999999999005,,False,0.0,,,,,False
7.08,7.037333333333334,7.1226666666666665,False,,False,0.01,,3.4556714881884456e-05,-89.22935100469769,7.085,0.004999999999999893,,False,0.0,,,,,False
7.09,7.0473333333333334,7.132666666666666,False,,False,0.01,,3.4226147546627735e-05,-89.31283963535455,7.085,-0.004999999999999893,,False,0.0,,,,,False
7.1,7.057333333333333,7.142666666666667,False,,False,0.01,,3.4523800582691105e-05,-89.2376280127663,7.095,-0.004999999999999893,,False,0.0,,,,,False
7.11,7.067333333333333,7.15,True,,False,0.01,,3.3135562086847004e-05,-89.59411315928442,7.114999999999999,0.004999999999999005,,False,0.0,,,edge_window,,False
7.12,7.077333333333334,7.15,True,,False,0.01,,2.592923416363151e-05,-91.72420620408121,7.125,0.004999999999999893,,False,0.0,,,edge_window,,False
7.13,7.0873333333333335,7.15,True,,False,0.01,,2.2089671409433115e-05,-93.11621488685503,7.125,-0.004999999999999893,,False,0.0,,,edge_window,,False
7.14,7.097333333333333,7.15,True,,False,0.01,,2.4095704958892126e-05,-92.36120726376245,,,,,,,,edge_window,,False
