timestamp_s,window_start_s,window_end_s,edge_padded,f0_hz,voiced,voicing_probability,relative_pitch_semitones,rms_amplitude,rms_dbfs,praat_timestamp_s,praat_time_offset_s,praat_f0_hz,praat_voiced,praat_strength,absolute_difference_hz,signed_difference_semitones,flags,praat_relative_semitones,agreement_screen_pass,pyin_speaker_relative_st,praat_speaker_relative_st
0.0,0.0,0.042666666666666665,True,,False,0.01,,0.00010726186637117379,-79.39109301047411,,,,,,,,edge_window,,False,,
0.01,0.0,0.05266666666666667,True,,False,0.010000000000001869,,0.00010528648430715586,-79.55254751789703,,,,,,,,edge_window,,False,,
0.02,0.0,0.06266666666666666,True,,False,0.01,,0.0001038440581576774,-79.6723669653718,0.024666666666666722,0.004666666666666722,,False,0.0,,,edge_window,,False,,
0.03,0.0,0.07266666666666667,True,,False,0.01,,0.00010650987138707921,-79.45220279468958,0.03466666666666672,0.004666666666666722,,False,0.0,,,edge_window,,False,,
0.04,0.0,0.08266666666666667,True,,False,0.010000000000006925,,0.00012156840940091035,-78.3035853113465,0.04466666666666672,0.004666666666666722,,False,0.0,,,edge_window,,False,,
0.05,0.007333333333333333,0.09266666666666666,False,,False,0.010000000003996623,,0.0001226982713751391,-78.2232311150649,0.054666666666666724,0.004666666666666722,,False,0.0,,,,,False,,
0.06,0.017333333333333333,0.10266666666666667,False,,False,0.010000000000023851,,0.00012801545866640852,-77.85475166826964,0.06466666666666672,0.004666666666666722,,False,0.0,,,,,False,,
0.07,0.027333333333333334,0.11266666666666666,False,,False,0.010000000000001869,,0.00012697574552647504,-77.92558457143109,0.07466666666666673,0.004666666666666722,,False,0.0,,,,,False,,
0.08,0.037333333333333336,0.12266666666666666,False,,False,0.010000000000006925,,0.0001299930159095694,-77.72159960515776,0.08466666666666672,0.004666666666666722,,False,0.0,,,,,False,,
0.09,0.04733333333333333,0.13266666666666665,False,,False,0.010000000000001869,,0.00012695873287084557,-77.92674841535178,0.09466666666666673,0.004666666666666736,,False,0.0,,,,,False,,
0.1,0.05733333333333333,0.14266666666666666,False,,False,0.01,,0.00013011714432456048,-77.71330953456278,0.10466666666666673,0.004666666666666722,,False,0.0,,,,,False,,
0.11,0.06733333333333333,0.15266666666666667,False,,False,0.010000000000000437,,0.00013190388032547078,-77.59484856531952,0.11466666666666672,0.004666666666666722,,False,0.0,,,,,False,,
0.12,0.07733333333333334,0.16266666666666665,False,,False,0.010000000003996623,,0.00011609393604134982,-78.70380928525579,0.12466666666666673,0.004666666666666736,,False,0.0,,,,,False,,
0.13,0.08733333333333333,0.17266666666666666,False,,False,0.010000000101429396,,0.00010784639827063141,-79.34388708768856,0.1346666666666667,0.004666666666666708,,False,0.0,,,,,False,,
0.14,0.09733333333333333,0.18266666666666667,False,,False,0.010000000001606035,,0.0001036843997360811,-79.68573164525662,0.14466666666666672,0.004666666666666708,,False,0.0,,,,,False,,
0.15,0.10733333333333334,0.19266666666666668,False,,False,0.01000000000061386,,9.101096429948153e-05,-80.81812568150721,0.15466666666666673,0.004666666666666736,,False,0.0,,,,,False,,
0.16,0.11733333333333333,0.20266666666666666,False,,False,0.010000000814014904,,8.805492437274395e-05,-81.10492703172892,0.16466666666666674,0.004666666666666736,,False,0.0,,,,,False,,
0.17,0.12733333333333333,0.21266666666666667,False,,False,0.01000000154654595,,7.823036397863705e-05,-82.13249298256616,0.17466666666666672,0.004666666666666708,,False,0.0,,,,,False,,
0.18,0.13733333333333334,0.22266666666666668,False,,False,0.010000002871100368,,7.784284456879858e-05,-82.17562604524619,0.18466666666666673,0.004666666666666736,,False,0.0,,,,,False,,
0.19,0.14733333333333334,0.23266666666666666,False,,False,0.01000000000000011,,6.863474198853582e-05,-83.26911989154112,0.19466666666666674,0.004666666666666736,,False,0.0,,,,,False,,
0.2,0.15733333333333333,0.24266666666666667,False,,False,0.010000000000023851,,8.300802286906793e-05,-81.61759860564031,0.20466666666666672,0.004666666666666708,,False,0.0,,,,,False,,
0.21,0.16733333333333333,0.25266666666666665,False,,False,0.010000078102280322,,0.00010019028407718888,-79.98348784008458,0.21466666666666673,0.004666666666666736,,False,0.0,,,,,False,,
0.22,0.17733333333333334,0.26266666666666666,False,,False,0.010000005216229449,,0.00013394626527781414,-77.46138781981625,0.22466666666666674,0.004666666666666736,,False,0.0,,,,,False,,
0.23,0.18733333333333332,0.27266666666666667,False,,False,0.010000127845232541,,0.0001583501465988574,-76.00763060453474,0.23466666666666672,0.004666666666666708,,False,0.0,,,,,False,,
0.24,0.19733333333333333,0.2826666666666667,False,,False,0.010000047007977299,,0.0001744852651892799,-75.16482484311375,0.24466666666666673,0.004666666666666736,,False,0.0,,,,,False,,
0.25,0.20733333333333334,0.2926666666666667,False,,False,0.01000000928748663,,0.0001833226485532062,-74.73567753828391,0.2546666666666667,0.004666666666666708,,False,0.0,,,,,False,,
0.26,0.21733333333333332,0.30266666666666664,False,,False,0.010000005216229449,,0.0002018035471317634,-73.90142408743186,0.2646666666666667,0.004666666666666708,,False,0.0,,,,,False,,
0.27,0.22733333333333333,0.31266666666666665,False,,False,0.01000000928748663,,0.0002141046629714309,-73.38747748262975,0.2746666666666667,0.004666666666666708,,False,0.0,,,,,False,,
0.28,0.23733333333333334,0.32266666666666666,False,,False,0.010000016226422836,,0.00022313584500822055,-73.02861316278349,0.28466666666666673,0.004666666666666708,,False,0.0,,,,,False,,
0.29,0.24733333333333332,0.33266666666666667,False,,False,0.010000002871100366,,0.00023002636373336543,-72.76444771723362,0.29466666666666674,0.004666666666666763,,False,0.0,,,,,False,,
0.3,0.25733333333333336,0.3426666666666667,False,,False,0.010000000208892744,,0.00023409256613265907,-72.6122475516828,0.30466666666666675,0.004666666666666763,,False,0.0,,,,,False,,
0.31,0.2673333333333333,0.3526666666666667,False,,False,0.010000000009505966,,0.00024307846940871137,-72.28507013873102,0.3146666666666667,0.004666666666666708,,False,0.0,,,,,False,,
0.32,0.2773333333333333,0.3626666666666667,False,,False,0.010000000021701594,,0.00025236941643041864,-71.95926553057745,0.3246666666666667,0.004666666666666708,,False,0.0,,,,,False,,
0.33,0.28733333333333333,0.37266666666666665,False,,False,0.010000000208892742,,0.0002621529098638193,-71.62890634620439,0.3346666666666667,0.004666666666666708,,False,0.0,,,,,False,,
0.34,0.29733333333333334,0.38266666666666665,False,,False,0.010000000208892742,,0.000265276643906563,-71.52601970966518,0.34466666666666673,0.004666666666666708,,False,0.0,,,,,False,,
0.35,0.30733333333333335,0.39266666666666666,False,,False,0.010000000208892742,,0.0003049950511548636,-70.31414414903617,0.35466666666666674,0.004666666666666763,,False,0.0,,,,,False,,
0.36,0.31733333333333336,0.4026666666666667,False,,False,0.010000000047726023,,0.0003213797548344311,-69.85962969772737,0.36466666666666675,0.004666666666666763,,False,0.0,,,,,False,,
0.37,0.3273333333333333,0.4126666666666667,False,,False,0.010000000021701592,,0.0003349790369475589,-69.49964740689667,0.37466666666666676,0.004666666666666763,,False,0.0,,,,,False,,
0.38,0.3373333333333333,0.4226666666666667,False,,False,0.01000000000950597,,0.00034321909240215317,-69.28857122915468,0.3846666666666667,0.004666666666666708,,False,0.0,,,,,False,,
0.39,0.3473333333333333,0.43266666666666664,False,,False,0.01000000000061386,,0.00035389702566709756,-69.02246174763371,0.3946666666666667,0.004666666666666708,,False,0.0,,,,,False,,
0.4,0.35733333333333334,0.44266666666666665,False,,False,0.010000000000075398,,0.00034736629687584936,-69.18424642306901,0.40466666666666673,0.004666666666666708,,False,0.0,,,,,False,,
0.41,0.36733333333333335,0.45266666666666666,False,,False,0.0100000000000754,,0.00035280858780930186,-69.04921704264115,0.41466666666666674,0.004666666666666763,,False,0.0,,,,,False,,
0.42,0.37733333333333335,0.46266666666666667,False,,False,0.010000000021701592,,0.00034929355241506105,-69.1361886179888,0.42466666666666675,0.004666666666666763,,False,0.0,,,,,False,,
0.43,0.3873333333333333,0.4726666666666667,False,,False,0.010000000003996623,,0.00032132067380366303,-69.8612266199995,0.43466666666666676,0.004666666666666763,,False,0.0,,,,,False,,
0.44,0.3973333333333333,0.4826666666666667,False,,False,0.01000000002170159,,0.00029747569332539916,-70.53097029187941,0.4446666666666667,0.004666666666666708,,False,0.0,,,,,False,,
0.45,0.4073333333333333,0.49266666666666664,False,,False,0.010000000814014906,,0.00028003822602288815,-71.05565364332077,0.4546666666666667,0.004666666666666708,,False,0.0,,,,,False,,
0.46,0.41733333333333333,0.5026666666666667,False,,False,0.01000000521622945,,0.0002569055057641492,-71.8045317646251,0.46466666666666673,0.004666666666666708,,False,0.0,,,,,False,,
0.47,0.42733333333333334,0.5126666666666667,False,,False,0.01000020633903134,,0.0002208420218962469,-73.11836570751143,0.47466666666666674,0.004666666666666763,,False,0.0,,,,,False,,
0.48,0.43733333333333335,0.5226666666666666,False,,False,0.010000047007977299,,0.00019808667274349743,-74.06289485557537,0.48466666666666675,0.004666666666666763,,False,0.0,,,,,False,,
0.49,0.44733333333333336,0.5326666666666666,False,,False,0.010000002871100366,,0.00017646067580228675,-75.06704123723709,0.49466666666666675,0.004666666666666763,,False,0.0,,,,,False,,
0.5,0.4573333333333333,0.5426666666666666,False,,False,0.010000000101429396,,0.0001507431515861373,-76.43524818354534,0.5046666666666667,0.004666666666666708,,False,0.0,,,,,False,,
0.51,0.4673333333333333,0.5526666666666666,False,,False,0.010000000000006923,,0.0001250632150556849,-78.0574082182093,0.5146666666666667,0.004666666666666708,,False,0.0,,,,,False,,
0.52,0.47733333333333333,0.5626666666666666,False,,False,0.010000000009505966,,0.00011283925935216676,-78.95079546208859,0.5246666666666667,0.004666666666666708,,False,0.0,,,,,False,,
0.53,0.48733333333333334,0.5726666666666667,False,,False,0.010000000003996623,,9.317134513758593e-05,-80.6143526889948,0.5346666666666667,0.004666666666666708,,False,0.0,,,,,False,,
0.54,0.49733333333333335,0.5826666666666667,False,,False,0.01,,0.00013683066380392248,-77.2763313229993,0.5446666666666667,0.004666666666666708,,False,0.0,,,,,False,,
0.55,0.5073333333333333,0.5926666666666667,False,,False,0.01000000000061386,,0.00014576015781787234,-76.72722340300413,0.5546666666666668,0.004666666666666708,,False,0.0,,,,,False,,
0.56,0.5173333333333333,0.6026666666666667,False,,False,0.0100000000000754,,0.00015399035030043315,-76.25012986152767,0.5646666666666668,0.004666666666666708,,False,0.0,,,,,False,,
0.57,0.5273333333333333,0.6126666666666667,False,,False,0.010000000000006925,,0.00016261825027476191,-75.77661432258223,0.5746666666666668,0.004666666666666819,,False,0.0,,,,,False,,
0.58,0.5373333333333333,0.6226666666666667,False,,False,0.010000000000000439,,0.00016324414081153935,-75.7432479509974,0.5846666666666668,0.004666666666666819,,False,0.0,,,,,False,,
0.59,0.5473333333333333,0.6326666666666667,False,,False,0.01,,0.00016377326056566738,-75.71514009018655,0.5946666666666668,0.004666666666666819,,False,0.0,,,,,False,,
0.6,0.5573333333333333,0.6426666666666667,False,,False,0.01,,0.000168384292480313,-75.47396847137001,0.6046666666666667,0.004666666666666708,,False,0.0,,,,,False,,
0.61,0.5673333333333334,0.6526666666666666,False,,False,0.010000000001606035,,0.0001727118405178784,-75.25355775411633,0.6146666666666667,0.004666666666666708,,False,0.0,,,,,False,,
0.62,0.5773333333333334,0.6626666666666666,False,,False,0.010000000000001869,,0.00018051545895704158,-74.86971200234035,0.6246666666666667,0.004666666666666708,,False,0.0,,,,,False,,
0.63,0.5873333333333334,0.6726666666666666,False,,False,0.0100000000000754,,0.00015029525994050288,-76.46109432227983,0.6346666666666667,0.004666666666666708,,False,0.0,,,,,False,,
0.64,0.5973333333333334,0.6826666666666666,False,,False,0.010000000001606035,,0.00014638357121316952,-76.69015323766052,0.6446666666666667,0.004666666666666708,,False,0.0,,,,,False,,
0.65,0.6073333333333333,0.6926666666666667,False,,False,0.010000000000613858,,0.00013550987197422505,-77.3605813005502,0.6546666666666667,0.004666666666666708,,False,0.0,,,,,False,,
0.66,0.6173333333333333,0.7026666666666667,False,,False,0.01000000000000011,,0.00012924310307618585,-77.77185246578269,0.6646666666666667,0.004666666666666708,,False,0.0,,,,,False,,
0.67,0.6273333333333333,0.7126666666666667,False,,False,0.01000000000002385,,0.00013612427292825552,-77.32128853797808,0.6746666666666667,0.004666666666666708,,False,0.0,,,,,False,,
0.68,0.6373333333333333,0.7226666666666667,False,,False,0.01000000000000011,,0.0005394103249179758,-65.36161489841199,0.6846666666666668,0.004666666666666708,,False,0.0,,,,,False,,
0.69,0.6473333333333333,0.7326666666666667,False,,False,0.010000000000023851,,0.0005477514176632893,-65.22832979492352,0.6946666666666668,0.004666666666666819,,False,0.0,,,,,False,,
0.7,0.6573333333333333,0.7426666666666667,False,,False,0.010000000000023851,,0.000557360021502276,-65.07728371437861,0.7046666666666668,0.004666666666666819,,False,0.0,,,,,False,,
0.71,0.6673333333333333,0.7526666666666667,False,,False,0.010000000000023851,,0.0005574646502375912,-65.0756533348694,0.7146666666666668,0.004666666666666819,,False,0.0,,,,,False,,
0.72,0.6773333333333333,0.7626666666666667,False,,False,0.010000000000023851,,0.0005583425132106003,-65.06198605843683,0.7246666666666668,0.004666666666666819,,False,0.0,,,,,False,,
0.73,0.6873333333333334,0.7726666666666666,False,,False,0.0100000000000754,,0.0005580816216111104,-65.06604558314834,0.7346666666666667,0.004666666666666708,,False,0.0,,,,,False,,
0.74,0.6973333333333334,0.7826666666666666,False,,False,0.0100000000000754,,0.0005580671580097956,-65.06627069515329,0.7446666666666667,0.004666666666666708,,False,0.0,,,,,False,,
0.75,0.7073333333333334,0.7926666666666666,False,,False,0.01001876450976914,,0.0005556478874207369,-65.10400665010788,0.7546666666666667,0.004666666666666708,,False,0.0,,,,,False,,
0.76,0.7173333333333334,0.8026666666666666,False,,False,0.010001873046012548,,0.0005555068985464964,-65.10621086832101,0.7646666666666667,0.004666666666666708,,False,0.0,,,,,False,,
0.77,0.7273333333333334,0.8126666666666666,False,,False,0.010000016226422838,,0.00016793064704774167,-75.49740077299418,0.7746666666666667,0.004666666666666708,,False,0.0,,,,,False,,
0.78,0.7373333333333333,0.8226666666666667,False,,False,0.010000000021701592,,0.00010649493676899842,-79.45342079953907,0.7846666666666667,0.004666666666666708,,False,0.0,,,,,False,,
0.79,0.7473333333333333,0.8326666666666667,False,,False,0.01,,0.00040995351926994395,-67.74530762018591,0.7946666666666667,0.004666666666666708,,False,0.0,,,,,False,,
0.8,0.7573333333333333,0.8426666666666667,False,,False,0.010622609040911533,,0.005366365672574265,-45.40639474297113,0.8046666666666668,0.004666666666666708,,False,0.0,,,,,False,,
0.81,0.7673333333333333,0.8526666666666667,False,,False,0.0100000470079773,,0.014753999091298023,-36.62180495251858,0.8146666666666668,0.004666666666666708,,False,0.0,,,,,False,,
0.82,0.7773333333333333,0.8626666666666667,False,203.99186545315516,True,0.01010197459374499,1.499999999999997,0.03698147545514733,-28.640315314458533,0.8246666666666668,0.004666666666666819,,False,0.0,,,pyin_probability_below_0.5|voicing_disagreement,,False,1.199999999999996,
0.83,0.7873333333333333,0.8726666666666667,False,202.8169587634771,True,0.04069733156888105,1.4000000000000004,0.05591071986593883,-25.050098320881876,0.8346666666666668,0.004666666666666819,360.68102194403514,True,0.8060375499045078,157.86406318055805,-9.966542694079596,pyin_probability_below_0.5|pitch_difference_over_1_semitone,11.613557707833309,False,1.099999999999998,11.157658089395422
0.84,0.7973333333333333,0.8826666666666667,False,202.8169587634771,True,0.17653060863289755,1.4000000000000004,0.07030385126001303,-23.06041767167777,0.8446666666666668,0.004666666666666819,,False,0.0,,,pyin_probability_below_0.5|voicing_disagreement,,False,1.099999999999998,
0.85,0.8073333333333333,0.8926666666666667,False,202.8169587634771,True,0.32333605839064083,1.4000000000000004,0.08244964782293171,-21.676223901392056,0.8546666666666668,0.004666666666666819,201.93166528231544,True,0.8493673076678039,0.8852934811616535,0.07573355762537012,pyin_probability_below_0.5,1.5712814561283452,False,1.099999999999998,1.115381837690458
0.86,0.8173333333333334,0.9026666666666666,False,202.8169587634771,True,0.42606232904328145,1.4000000000000004,0.09381894880299667,-20.554188748522364,0.8646666666666667,0.004666666666666708,201.2640453747722,True,0.9508568796223824,1.5529133887048943,0.13306588242613437,pyin_probability_below_0.5,1.5139491313275808,False,1.099999999999998,1.0580495128896925
0.87,0.8273333333333334,0.9126666666666666,False,202.8169587634771,True,0.6159498854580682,1.4000000000000004,0.10259311765973714,-19.77763544776905,0.8746666666666667,0.004666666666666708,203.01672586456849,True,0.9820498982831415,0.19976710109139617,-0.017043614087495138,,1.6640586278412086,True,1.099999999999998,1.2081590094033197
0.88,0.8373333333333334,0.9226666666666666,False,202.8169587634771,True,0.7571601330199094,1.4000000000000004,0.1076101100067805,-19.362938492742874,0.8846666666666667,0.004666666666666708,203.56640361351302,True,0.996579769159585,0.7494448500359283,-0.06385428308821918,,1.7108692968419335,True,1.099999999999998,1.2549696784040463
0.89,0.8473333333333334,0.9326666666666666,False,201.6488190383855,True,0.8911444948731203,1.300000000000003,0.11006991455764396,-19.16662741295316,0.8946666666666667,0.004666666666666708,203.29603237640097,True,0.9947841552726565,1.6472133380154617,-0.14084523044180502,,1.6878602441955213,True,1.0000000000000009,1.2319606257576348
0.9,0.8573333333333333,0.9426666666666667,False,202.8169587634771,True,0.8911444948731204,1.4000000000000004,0.11141807279408615,-19.060887156650608,0.9046666666666667,0.004666666666666708,202.12180347695036,True,0.9876297518876334,0.6951552865267274,0.05943998430753332,,1.5875750294461795,True,1.099999999999998,1.1316754110082932
0.91,0.8673333333333333,0.9526666666666667,False,202.8169587634771,True,0.8266685594724995,1.4000000000000004,0.10759827132238253,-19.36389412008052,0.9146666666666667,0.004666666666666708,200.0109360229775,True,0.9840440744270451,2.8060227404996,0.24119286415802418,,1.4058221495956873,True,1.099999999999998,0.949922531157801
0.92,0.8773333333333333,0.9626666666666667,False,203.99186545315516,True,0.6159498854580681,1.499999999999997,0.10465883801086838,-19.60448182767508,0.9246666666666667,0.004666666666666708,199.20455846729115,True,0.9855538525508614,4.7873069858640065,0.411131541322919,,1.3358834724307924,True,1.199999999999996,0.8799838539929073
0.93,0.8873333333333333,0.9726666666666667,False,205.1735783080468,True,0.42606232904328145,1.6000000000000023,0.10192824451558784,-19.834109109355285,0.9346666666666668,0.004666666666666708,205.79091339843848,True,0.9006830505284943,0.6173350903916628,-0.05201190631378057,pyin_probability_below_0.5,1.8990269200674939,False,1.2999999999999994,1.4431273016296098
0.94,0.8973333333333333,0.9826666666666667,False,207.55758045272898,True,0.2065067991177523,1.800000000000001,0.0989358006682411,-20.09293054434771,0.9446666666666668,0.004666666666666819,217.174832948846,True,0.9319564317476683,9.617252496117004,-0.7841436545968187,pyin_probability_below_0.5,2.831158668350533,False,1.5000000000000004,2.3752590499126462
0.95,0.9073333333333333,0.9926666666666667,False,213.63948179230545,True,0.108579770728745,2.3000000000000003,0.09443936456943344,-20.49693887424594,0.9546666666666668,0.004666666666666819,218.65176555601647,True,0.9609118642241197,5.012283763711025,-0.4014804951861837,pyin_probability_below_0.5,2.9484955089398945,False,1.9999999999999973,2.49259589050201
0.96,0.9173333333333333,1.0026666666666666,False,222.45470667747657,True,0.15046460134333883,2.999999999999999,0.09014160188586028,-20.901494568964406,0.9646666666666668,0.004666666666666819,221.12922772152072,True,0.9589875052623363,1.3254789559558446,0.1034627700263599,pyin_probability_below_0.5,3.143552243727353,False,2.7,2.6876526252894655
0.97,0.9273333333333333,1.0126666666666666,False,228.9731271349986,True,0.2065067991177523,3.500000000000001,0.08936094699932497,-20.977044748967582,0.9746666666666668,0.004666666666666819,230.35523728607228,True,0.9672415093295564,1.3821101510736753,-0.10418530880252852,pyin_probability_below_0.5,3.851200322556244,False,3.2,3.395300704118359
0.98,0.9373333333333334,1.0226666666666666,False,237.04784702513638,True,0.2065067991177523,4.100000000000001,0.09062689481849236,-20.854858002766537,0.9846666666666667,0.004666666666666708,238.50712015146289,True,0.9720651143531449,1.459273126326508,-0.10624854862412025,pyin_probability_below_0.5,4.4532635623778365,False,3.8000000000000007,3.9973639439399484
0.99,0.9473333333333334,1.0326666666666666,False,245.40732129724032,True,0.06608151270920701,4.700000000000002,0.089828837273097,-20.931684434108565,0.9946666666666667,0.004666666666666708,248.2754070979299,True,0.9628716803227109,2.8680858006895846,-0.20115687145430927,pyin_probability_below_0.5,5.148171885208024,False,4.399999999999999,4.6922722667701375
1.0,0.9573333333333334,1.0426666666666666,False,257.013645291753,True,0.05607139544589262,5.5,0.09186051337697615,-20.737422635761238,1.0046666666666666,0.004666666666666597,260.5488317507346,True,0.9659075260511041,3.5351864589816273,-0.23650595326304036,pyin_probability_below_0.5,5.983520967016754,False,5.200000000000001,5.527621348578869
1.01,0.9673333333333334,1.0526666666666666,False,267.61858152730787,True,0.1279370863012904,6.199999999999997,0.09105893691658859,-20.81354848489535,1.0146666666666666,0.004666666666666597,268.89348316156253,True,0.9343168510752954,1.274901634254661,-0.08227801080672537,pyin_probability_below_0.5,6.529293024560436,False,5.899999999999995,6.073393406122549
1.02,0.9773333333333334,1.0626666666666666,False,273.87386934825736,True,0.2407543944755743,6.600000000000003,0.09566953610422468,-20.384526637997247,1.0246666666666666,0.004666666666666597,275.9702643949655,True,0.9416838528309028,2.096395046708153,-0.13201443277792252,pyin_probability_below_0.5,6.979029446531639,False,6.3000000000000025,6.523129828093753
1.03,0.9873333333333333,1.0726666666666667,False,272.296471933363,True,0.4260623290432815,6.500000000000006,0.10670275426430983,-19.43648740413415,1.0346666666666666,0.004666666666666597,278.41623288467736,True,0.9782774766077725,6.119760951314333,-0.3847804698282081,pyin_probability_below_0.5,7.131795483581929,False,6.200000000000005,6.675895865144043
1.04,0.9973333333333333,1.0826666666666667,False,270.72815965904965,True,0.4849868077159113,6.400000000000001,0.11301932261298751,-18.936945999924195,1.0446666666666666,0.004666666666666597,277.9832735367672,True,0.9872698481198275,7.25511387771752,-0.4578374510943525,pyin_probability_below_0.5,7.104852464848069,False,6.099999999999998,6.648952846410181
1.05,1.0073333333333334,1.0926666666666667,False,267.61858152730787,True,0.2796051653363588,6.199999999999997,0.1182716933681858,-18.54238370169446,1.0546666666666666,0.004666666666666597,274.3579367956636,True,0.977115649403929,6.739355268355723,-0.4305722599595999,pyin_probability_below_0.5,6.87758727371331,False,5.899999999999995,6.421687655275424
1.06,1.0173333333333334,1.1026666666666667,False,266.0772119191614,True,0.17653060863289757,6.099999999999998,0.1217453801657588,-18.290950196777494,1.0646666666666667,0.004666666666666597,268.79743951627097,True,0.9527594120228517,2.720227597109556,-0.1760932669815724,pyin_probability_below_0.5,6.523108280735283,False,5.799999999999995,6.067208662297397
1.07,1.0273333333333334,1.1126666666666667,False,263.0210544784999,True,0.10857977072874497,5.900000000000003,0.12640727803076968,-17.964558407527228,1.0746666666666667,0.004666666666666597,261.1117599102159,True,0.9257079809956674,1.9092945682839968,0.12613025921936355,pyin_probability_below_0.5,6.020884754534351,False,5.600000000000002,5.564985136096466
1.08,1.0373333333333334,1.1226666666666667,False,261.5061646776419,True,0.06608151270920701,5.800000000000001,0.12934991695722545,-17.7646769152967,1.0846666666666667,0.004666666666666597,251.6376065563357,True,0.9464990598481398,9.868558121306194,0.6659689368574332,pyin_probability_below_0.5,5.381046076896281,False,5.5,4.925146458458395
1.09,1.0473333333333332,1.1326666666666667,False,258.50251019256234,True,0.047686993082531035,5.600000000000005,0.13084991316945216,-17.664531224339903,1.0946666666666667,0.004666666666666597,245.6094268773273,True,0.9659442145927161,12.893083315235032,0.8857482628519988,pyin_probability_below_0.5,4.961266750901717,False,5.300000000000002,4.505367132463832
1.1,1.0573333333333332,1.1426666666666667,False,252.59830469993753,True,0.04069733156888105,5.200000000000001,0.13019635272925784,-17.708023635132843,1.1046666666666667,0.004666666666666597,241.38786989663654,True,0.9787566072204744,11.210434803300984,0.7859013152085268,pyin_probability_below_0.5,4.661113698545187,False,4.899999999999999,4.205214080107298
1.11,1.0673333333333332,1.1526666666666667,False,243.99387913449723,True,0.06608151270920701,4.600000000000001,0.1233195878764035,-18.179358706368077,1.1146666666666667,0.004666666666666597,238.3581664504506,True,0.9806780893692358,5.635712684046638,0.40456682144197853,pyin_probability_below_0.5,4.442448192311735,False,4.3000000000000025,3.986548573873849
1.12,1.0773333333333333,1.1626666666666667,False,238.4210512332145,True,0.15046460134333883,4.200000000000001,0.11385834477871845,-18.87270268111898,1.1246666666666667,0.004666666666666597,235.3273508488689,True,0.9673610273363645,3.093700384345624,0.226111393918946,pyin_probability_below_0.5,4.220903619834768,False,3.9000000000000004,3.765004001396882
1.13,1.0873333333333333,1.1726666666666667,False,235.68255189130872,True,0.20650679911775233,4.0000000000000036,0.1066933731964231,-19.437251081726366,1.1346666666666667,0.004666666666666819,230.41629340017747,True,0.945297777178478,5.2662584911312535,0.3912266289053485,pyin_probability_below_0.5,3.855788384848367,False,3.7000000000000015,3.3998887664104815
1.14,1.0973333333333333,1.1826666666666668,False,234.3251202788159,True,0.2407543944755743,3.9000000000000035,0.09844529081533814,-20.136101074890675,1.1446666666666667,0.004666666666666819,223.31570686025714,True,0.9170445424120922,11.00941341855875,0.8331227627028278,pyin_probability_below_0.5,3.3138922510508912,False,3.6000000000000005,2.857992632613005
1.15,1.1073333333333333,1.1926666666666668,False,231.63366671648822,True,0.2407543944755743,3.7000000000000015,0.08936183700734777,-20.976958240562887,1.1546666666666667,0.004666666666666819,216.34810388442918,True,0.9063004815338694,15.285562832059043,1.1818857578781998,pyin_probability_below_0.5|pitch_difference_over_1_semitone,2.765129255875514,False,3.4000000000000004,2.3092296374376295
1.16,1.1173333333333333,1.2026666666666668,False,228.9731271349986,True,0.24075439447557428,3.500000000000001,0.07978687616658775,-21.9613707637523,1.1646666666666667,0.004666666666666819,213.3884319687077,True,0.8490584247995252,15.584695166290913,1.2203558614643981,pyin_probability_below_0.5|pitch_difference_over_1_semitone,2.5266591522893194,False,3.2,2.0707595338514335
1.17,1.1273333333333333,1.2126666666666666,False,225.0395058615972,True,0.32333605839064083,3.2000000000000033,0.06838281585267755,-23.301060397755133,1.1746666666666667,0.004666666666666819,225.1387705170596,True,0.7837004034604826,0.09926465546240593,-0.007634768855261138,pyin_probability_below_0.5,3.4546497826089766,False,2.9,2.9987501641710907
1.18,1.1373333333333333,1.2226666666666666,False,218.63306796596578,True,0.42606232904328145,2.7,0.05532383301819615,-25.14175476323438,1.1846666666666665,0.004666666666666597,227.09035080106196,True,0.83716724508355,8.45728283509618,-0.6570573978677654,pyin_probability_below_0.5,3.6040724116214804,False,2.399999999999998,3.148172793183596
1.19,1.1473333333333333,1.2326666666666666,False,214.87708272009507,True,0.2407543944755743,2.400000000000005,0.045231800907867825,-26.89112240878756,1.1946666666666665,0.004666666666666597,226.30298338073428,True,0.8884603905202972,11.4259006606392,-0.8969277684826091,pyin_probability_below_0.5,3.5439427822363263,False,2.100000000000002,3.0880431637984387
1.2,1.1573333333333333,1.2426666666666666,False,219.8995964441766,True,0.026168028608935755,2.8000000000000003,0.029072479420613768,-30.730358564610256,1.2046666666666666,0.004666666666666597,224.71082752238968,True,0.8101979117651295,4.811231078213069,-0.3746962173860188,pyin_probability_below_0.5,3.4217112311397315,False,2.4999999999999987,2.965811612701849
1.21,1.1673333333333333,1.2526666666666666,False,227.65433896553014,True,0.010349055133375844,3.4000000000000004,0.017674417874694436,-35.05309762470474,1.2146666666666666,0.004666666666666597,,False,0.0,,,pyin_probability_below_0.5|voicing_disagreement,,False,3.0999999999999988,
1.22,1.1773333333333333,1.2626666666666666,False,225.0395058615972,True,0.010013068846238975,3.2000000000000033,0.015152850439848039,-36.39011326553762,1.2246666666666666,0.004666666666666597,,False,0.0,,,pyin_probability_below_0.5|voicing_disagreement,,False,2.9,
1.23,1.1873333333333334,1.2726666666666666,False,203.99186545315516,True,0.0100028158258111,1.499999999999997,0.02616168350418265,-31.64668625202271,1.2346666666666666,0.004666666666666597,,False,0.0,,,pyin_probability_below_0.5|voicing_disagreement,,False,1.199999999999996,
1.24,1.1973333333333334,1.2826666666666666,False,191.43371755306833,True,0.012403124793551348,0.4000000000000011,0.03841094381724517,-28.310900428117677,1.2446666666666666,0.004666666666666597,,False,0.0,,,pyin_probability_below_0.5|voicing_disagreement,,False,0.10000000000000017,
1.25,1.2073333333333334,1.2926666666666666,False,184.9127823656466,True,0.022944219124638603,-0.1999999999999978,0.04974331372970755,-26.065305737738896,1.2546666666666666,0.004666666666666597,199.18200876316493,True,0.5596971797621088,14.269226397518338,-1.2869086126966887,pyin_probability_below_0.5|pitch_difference_over_1_semitone,1.3339236264504049,False,-0.5000000000000001,0.8780240080125166
1.26,1.2173333333333334,1.3026666666666666,False,181.73609144327253,True,0.06608151270920701,-0.4999999999999981,0.060348404465354506,-24.386684152112178,1.2646666666666666,0.004666666666666597,193.1035761440319,True,0.7600992549934404,11.367484700759377,-1.0503591079013892,pyin_probability_below_0.5|pitch_difference_over_1_semitone,0.7973741216551034,False,-0.8000000000000008,0.3414745032172163
1.27,1.2273333333333334,1.3126666666666666,False,181.73609144327253,True,0.2065067991177523,-0.4999999999999981,0.06807448817305234,-23.340312305512345,1.2746666666666666,0.004666666666666597,185.65831034685175,True,0.8564843736044924,3.922218903579221,-0.36965924716307186,pyin_probability_below_0.5,0.11667426091678659,False,-0.8000000000000008,-0.33922535752109895
1.28,1.2373333333333334,1.3226666666666667,False,181.73609144327253,True,0.32333605839064083,-0.4999999999999981,0.07409791304904756,-22.603880473084455,1.2846666666666666,0.004666666666666597,181.53317034878472,True,0.9649593593077397,0.20292109448780593,0.01934124251841921,pyin_probability_below_0.5,-0.27232622876470575,False,-0.8000000000000008,-0.7282258472025906
1.29,1.2473333333333334,1.3326666666666667,False,181.73609144327253,True,0.4849868077159113,-0.4999999999999981,0.07687504782243867,-22.284292021009623,1.2946666666666666,0.004666666666666597,180.03216276534988,True,0.985015120927237,1.7039286779226472,0.16308347258220196,pyin_probability_below_0.5,-0.41606845882848753,False,-0.8000000000000008,-0.8719680772663744
1.3,1.2573333333333334,1.3426666666666667,False,181.73609144327253,True,0.48498680771591135,-0.4999999999999981,0.07858041403177761,-22.093713745342324,1.3046666666666666,0.004666666666666597,180.05612686126022,True,0.9826129640737944,1.6799645820123033,0.16077917888249132,pyin_probability_below_0.5,-0.4137641651287762,False,-0.8000000000000008,-0.8696637835666625
1.31,1.2673333333333334,1.3526666666666667,False,181.73609144327253,True,0.6159498854580682,-0.4999999999999981,0.08062339747965759,-21.870778091513927,1.3146666666666667,0.004666666666666597,180.73639449247233,True,0.9715987720800712,0.9996969508001996,0.09549490542749431,,-0.3484798916737805,True,-0.8000000000000008,-0.8043795101116669
1.32,1.2773333333333334,1.3626666666666667,False,181.73609144327253,True,0.5485250542599845,-0.4999999999999981,0.07871571924778653,-22.07877063848937,1.3246666666666667,0.004666666666666597,182.30928177296414,True,0.9492672429431598,0.573190329691613,-0.05451668986225116,,-0.1984682963840343,True,-0.8000000000000008,-0.6543679148219197
1.33,1.2873333333333334,1.3726666666666667,False,181.73609144327253,True,0.42606232904328145,-0.4999999999999981,0.07637851499324359,-22.34057579500931,1.3346666666666667,0.004666666666666597,185.01855368621068,True,0.9378521647058596,3.282462242938152,-0.30989994081169653,pyin_probability_below_0.5,0.056914954565409306,False,-0.8000000000000008,-0.3989846638724756
1.34,1.2973333333333332,1.3826666666666667,False,182.78887791090543,True,0.42606232904328145,-0.3999999999999989,0.07117461599149998,-22.953497346485605,1.3446666666666667,0.004666666666666597,193.74171266916306,True,0.936309237840024,10.952834758257637,-1.0074757234728116,pyin_probability_below_0.5|pitch_difference_over_1_semitone,0.8544907372265265,False,-0.7000000000000002,0.39859111878864095
1.35,1.3073333333333332,1.3926666666666667,False,185.98397121658357,True,0.42606232904328145,-0.10000000000000067,0.06474461545210539,-23.77592688522036,1.3546666666666667,0.004666666666666597,196.60394906530146,True,0.9674283930010819,10.619977848717895,-0.961368127162707,pyin_probability_below_0.5,1.108383140916418,False,-0.4000000000000028,0.6524835224785323
1.36,1.3173333333333332,1.4026666666666667,False,189.23491376948436,True,0.5485250542599844,0.20000000000000068,0.058293206620399086,-24.687641082926145,1.3646666666666667,0.004666666666666597,195.37852539227018,True,0.9802205449079772,6.143611622785812,-0.5531233847636989,,1.0001383985174153,False,-0.09999999999999873,0.5442387800795276
1.37,1.3273333333333333,1.4126666666666667,False,192.54268179725335,True,0.6860828109301793,0.5000000000000008,0.054383611606977134,-25.290639087269795,1.3746666666666667,0.004666666666666597,194.14976331944933,True,0.9865940837272857,1.6070815221959833,-0.14389990311265877,,0.8909149168663743,True,0.20000000000000068,0.4350152984284883
1.38,1.3373333333333333,1.4226666666666667,False,193.6580702059513,True,0.8266685594724997,0.6000000000000013,0.05154177482837641,-25.756812614072896,1.3846666666666667,0.004666666666666819,191.4074148471062,True,0.9822077037874201,2.2506553588451084,0.20237885307309772,,0.6446361606806184,True,0.3000000000000021,0.1887365422427319
1.39,1.3473333333333333,1.4326666666666668,False,192.54268179725335,True,0.8911444948731204,0.5000000000000008,0.04877716573408588,-26.235668771633883,1.3946666666666667,0.004666666666666819,185.97278505873234,True,0.983999844599577,6.56989673852101,0.601041296173784,,0.1459737175799292,False,0.20000000000000068,-0.30992590085795724
1.4,1.3573333333333333,1.4426666666666668,False,191.43371755306833,True,0.8266685594724996,0.4000000000000011,0.04391633235255793,-27.147478737988216,1.4046666666666667,0.004666666666666819,182.75076055635643,True,0.9885890856572915,8.682956996711908,0.8036105557564974,,-0.15659554200278014,False,0.10000000000000017,-0.6124951604406669
1.41,1.3673333333333333,1.4526666666666668,False,189.23491376948436,True,0.7571601330199094,0.20000000000000068,0.037484721113714294,-28.52291431912676,1.4146666666666667,0.004666666666666819,183.15518323746917,True,0.9617268118482208,6.079730532015191,0.5653411254432672,,-0.1183261116895525,False,-0.09999999999999873,-0.5742257301274389
1.42,1.3773333333333333,1.4626666666666666,False,187.0613654014066,True,0.6159498854580677,0.0,0.03167229841417644,-29.98640838688793,1.4246666666666667,0.004666666666666819,181.11383935291184,True,0.9166153451177693,5.947526048494751,0.5593779946222632,,-0.3123629808685486,False,-0.30000000000000204,-0.7682625993064354
1.43,1.3873333333333333,1.4726666666666666,False,187.0613654014066,True,0.07797523762294818,0.0,0.030004137510117764,-30.456377056331437,1.4346666666666665,0.004666666666666597,174.60725885495896,True,0.6780568153708391,12.454106546447633,1.192777039727323,pyin_probability_below_0.5|pitch_difference_over_1_semitone,-0.9457620259736095,False,-0.30000000000000204,-1.4016616444114958
1.44,1.3973333333333333,1.4826666666666666,False,197.04315364635175,True,0.034897428019625254,0.9000000000000021,0.03754356262730093,-28.509290363667553,1.4446666666666665,0.004666666666666597,186.34038721955787,True,0.4361057251080954,10.702766426793886,0.9668547225299845,pyin_probability_below_0.5,0.1801602912237299,False,0.6000000000000013,-0.27573932721415606
1.45,1.4073333333333333,1.4926666666666666,False,193.6580702059513,True,0.06608151270920701,0.6000000000000013,0.05060876797091022,-25.915484702134076,1.4546666666666666,0.004666666666666597,189.2968407672043,True,0.7395808578738492,4.361229438747017,0.39433547507278977,pyin_probability_below_0.5,0.4526795386809265,False,0.3000000000000021,-0.003220079756961138
1.46,1.4173333333333333,1.5026666666666666,False,190.3311404729313,True,0.2065067991177523,0.3000000000000021,0.06175895513071933,-24.186001204483173,1.4646666666666666,0.004666666666666597,198.95052460139942,True,0.8997330201028636,8.619384128468113,-0.7667769593278824,pyin_probability_below_0.5,1.3137919730815992,False,0.0,0.8578923546437136
1.47,1.4273333333333333,1.5126666666666666,False,188.14500086724917,True,0.3233360583906409,0.100000000000004,0.06813716709230877,-23.332318537098615,1.4746666666666666,0.004666666666666597,195.59549272063225,True,0.9302323958584064,7.450491853383085,-0.6723380255097559,pyin_probability_below_0.5,1.0193530392634709,False,-0.19999999999999973,0.5634534208255868
1.48,1.4373333333333334,1.5226666666666666,False,187.0613654014066,True,0.4260623290432814,0.0,0.07319926952633914,-22.709865057046095,1.4846666666666666,0.004666666666666597,190.59218073121306,True,0.9447528068579234,3.5308153298064724,-0.323727707331164,pyin_probability_below_0.5,0.5707427210848764,False,-0.30000000000000204,0.11484310264699293
1.49,1.4473333333333334,1.5326666666666666,False,185.98397121658357,True,0.4260623290432814,-0.10000000000000067,0.07698093842271031,-22.27233598035969,1.4946666666666666,0.004666666666666597,186.7052099820925,True,0.9671140659610894,0.7212387655089287,-0.06700675684222807,pyin_probability_below_0.5,0.21402177059594057,False,-0.4000000000000028,-0.24187784784194377
1.5,1.4573333333333334,1.5426666666666666,False,184.9127823656466,True,0.42606232904328145,-0.1999999999999978,0.07975577781691597,-21.964756903193408,1.5046666666666666,0.004666666666666597,183.795773072383,True,0.9764505663581026,1.1170092932635782,0.10489642343651631,pyin_probability_below_0.5,-0.05788140968280314,False,-0.5000000000000001,-0.5137810281206883
1.51,1.4673333333333334,1.5526666666666666,False,183.84776310850236,True,0.37213589829750865,-0.2999999999999981,0.08269177421357911,-21.650753797178673,1.5146666666666666,0.004666666666666597,181.05718891031592,True,0.9829057166864285,2.790574198186448,0.2647939538383786,pyin_probability_below_0.5,-0.317778940084666,False,-0.5999999999999991,-0.7736785585225514
1.52,1.4773333333333334,1.5626666666666666,False,182.78887791090543,True,0.4849868077159113,-0.3999999999999989,0.08300827613025716,-21.617572104643088,1.5246666666666666,0.004666666666666597,179.56940043399766,True,0.9821110467558262,3.2194774769077696,0.30764114022873223,pyin_probability_below_0.5,-0.4606261264750158,False,-0.7000000000000002,-0.9165257449129015
1.53,1.4873333333333334,1.5726666666666667,False,180.68936857950385,True,0.5485250542599845,-0.5999999999999951,0.07993976008894524,-21.944743189119876,1.5346666666666666,0.004666666666666597,178.1082425028152,True,0.984089793507293,2.581126076688662,0.2490880818079374,,-0.6020730680542206,True,-0.8999999999999966,-1.057972686492105
1.54,1.4973333333333334,1.5826666666666667,False,178.6139741695516,True,0.6159498854580681,-0.7999999999999968,0.07475368985562428,-22.527347312408704,1.5446666666666666,0.004666666666666597,176.45681589722096,True,0.9829482273821011,2.1571582723306335,0.21035759077300126,,-0.7633425770192868,True,-1.0999999999999999,-1.2192421954571733
1.55,1.5073333333333334,1.5926666666666667,False,176.56241769755178,True,0.6159498854580681,-0.9999999999999994,0.07143661889620258,-22.92158217686698,1.5546666666666666,0.004666666666666597,175.79534468107784,True,0.9929189998716862,0.7670730164739439,0.07537708340202232,,-0.828362069648308,True,-1.3000000000000005,-1.2842616880861941
1.56,1.5173333333333334,1.6026666666666667,False,175.5454930018647,True,0.6159498854580681,-1.0999999999999979,0.07009574170334752,-23.086167289999562,1.5646666666666667,0.004666666666666597,175.63341163433944,True,0.9873814212884213,0.0879186324747252,-0.008668387039094205,,-0.8443165992071899,True,-1.3999999999999984,-1.3002162176450753
1.57,1.5273333333333334,1.6126666666666667,False,174.53442536143424,True,0.6159498854580681,-1.199999999999998,0.06983408480182304,-23.11865108098779,1.5746666666666667,0.004666666666666597,176.0017995220367,True,0.96334554923384,1.4673741606024464,-0.14494267741380218,,-0.8080423088324847,True,-1.5000000000000004,-1.2639419272703694
1.58,1.5373333333333334,1.6226666666666667,False,174.53442536143424,True,0.6159498854580681,-1.199999999999998,0.0697583164935274,-23.128080179168514,1.5846666666666667,0.004666666666666597,175.36531988102067,True,0.9524149402892481,0.8308945195864226,-0.08222215688485826,,-0.8707628293614267,True,-1.5000000000000004,-1.3266624477993139
1.59,1.5473333333333332,1.6326666666666667,False,173.52918104210445,True,0.5485250542599845,-1.3000000000000005,0.06928161284693835,-23.187640213586622,1.5946666666666667,0.004666666666666597,173.91755608224068,True,0.9675984428884697,0.3883750401362249,-0.03870339257702474,,-1.014281593669262,True,-1.6000000000000023,-1.4701812121071485
1.6,1.5573333333333332,1.6426666666666667,False,173.52918104210445,True,0.5485250542599845,-1.3000000000000005,0.06899917352903244,-23.22312222407527,1.6046666666666667,0.004666666666666597,172.41708786882396,True,0.9651211192666208,1.112093173280499,0.11130631385981246,,-1.1642913001060986,True,-1.6000000000000023,-1.6201909185439831
1.61,1.5673333333333332,1.6526666666666667,False,172.52972650401387,True,0.5485250542599845,-1.3999999999999961,0.0683291446080435,-23.30788032089877,1.6146666666666667,0.004666666666666597,171.31473876028906,True,0.9618793017796764,1.2149877437248051,0.12234816133969609,,-1.2753331475859773,True,-1.6999999999999988,-1.7312327660238638
1.62,1.5773333333333333,1.6626666666666667,False,172.52972650401387,True,0.6159498854580681,-1.3999999999999961,0.06563727793013023,-23.65698876092148,1.6246666666666667,0.004666666666666597,171.758335148762,True,0.9581604526031289,0.7713913552518648,0.07757813080368198,,-1.2305631170499667,True,-1.6999999999999988,-1.6864627354878512
1.63,1.5873333333333333,1.6726666666666667,False,172.52972650401387,True,0.7571601330199093,-1.3999999999999961,0.06249988955086582,-24.082415002715898,1.6346666666666667,0.004666666666666819,172.36942457167817,True,0.9764134863850468,0.1603019323356989,0.01609283075985969,,-1.1690778170061449,True,-1.6999999999999988,-1.62497743544403
1.64,1.5973333333333333,1.6826666666666668,False,171.53602840047625,True,0.7571601330199093,-1.4999999999999982,0.05840785278764973,-24.670575183412204,1.6446666666666667,0.004666666666666819,171.88566548274628,True,0.9722211759167961,0.34963708227002144,-0.035251345011739536,,-1.2177336412345456,True,-1.800000000000001,-1.6736332596724313
1.65,1.6073333333333333,1.6926666666666668,False,171.53602840047625,True,0.6860828109301792,-1.4999999999999982,0.05434280552490814,-25.29715888533552,1.6546666666666667,0.004666666666666819,171.257033857672,True,0.9732233849875924,0.2789945428042415,0.028180556250115438,,-1.2811655424964021,True,-1.800000000000001,-1.737065160934287
1.66,1.6173333333333333,1.7026666666666668,False,171.53602840047625,True,0.6860828109301792,-1.4999999999999982,0.05031698350751404,-25.96570805288892,1.6646666666666667,0.004666666666666819,170.38232779448643,True,0.9462475644212751,1.153700605989826,0.11683101040815963,,-1.3698159966544465,True,-1.800000000000001,-1.8257156150923333
1.67,1.6273333333333333,1.7126666666666666,False,171.53602840047625,True,0.7571601330199093,-1.4999999999999982,0.04819953648224695,-26.339142763924393,1.6746666666666667,0.004666666666666819,169.51400410515413,True,0.9113839809801396,2.022024295322126,0.2052859106706306,,-1.458270896916915,True,-1.800000000000001,-1.9141705153548003
1.68,1.6373333333333333,1.7226666666666666,False,171.53602840047625,True,0.7571601330199093,-1.4999999999999982,0.04389558935151749,-27.15158231339471,1.6846666666666668,0.004666666666666819,172.21507300780502,True,0.9274828540313826,0.6790446073287626,-0.0683975509808699,,-1.1845874352654149,True,-1.800000000000001,-1.6404870537033007
1.69,1.6473333333333333,1.7326666666666666,False,170.54805357686834,True,0.6860828109301792,-1.6,0.03987119941363451,-27.986813992100483,1.6946666666666665,0.004666666666666597,172.3152672012767,True,0.9845815987327952,1.767213624408356,-0.17846688792470372,,-1.174518098321581,True,-1.9000000000000006,-1.6304177167594684
1.7,1.6573333333333333,1.7426666666666666,False,170.54805357686834,True,0.6860828109301792,-1.6,0.0381859914306676,-28.361918584779538,1.7046666666666666,0.004666666666666597,171.91357024535415,True,0.992565077244873,1.3655166684858102,-0.13806168722565665,,-1.214923299020628,True,-1.9000000000000006,-1.6708229174585147
1.71,1.6673333333333333,1.7526666666666666,False,171.53602840047625,True,0.6860828109301792,-1.4999999999999982,0.036058769975441704,-28.85978183734681,1.7146666666666666,0.004666666666666597,171.39870820490756,True,0.9936818031552342,0.1373201955686909,0.013864644524055052,,-1.26684963077034,True,-1.800000000000001,-1.722749249208226
1.72,1.6773333333333333,1.7626666666666666,False,171.53602840047625,True,0.5485250542599844,-1.4999999999999982,0.03569146721002656,-28.948711972732646,1.7246666666666666,0.004666666666666597,170.2186725936621,True,0.9890051507535501,1.317355806814163,0.1334678069798011,,-1.3864527932260864,True,-1.800000000000001,-1.8423524116639727
1.73,1.6873333333333334,1.7726666666666666,False,170.54805357686834,True,0.5485250542599847,-1.6,0.035126826358507154,-29.087221722206266,1.7346666666666666,0.004666666666666597,169.81503064265533,True,0.9893846313162419,0.733022934213011,0.07456955723543321,,-1.4275545434817194,True,-1.9000000000000006,-1.883454161919605
1.74,1.6973333333333334,1.7826666666666666,False,169.56576906952336,True,0.5485250542599844,-1.6999999999999988,0.03491770118383928,-29.13908711836518,1.7446666666666666,0.004666666666666597,169.77292995909912,True,0.9367552443276622,0.20716088957576062,-0.02113782078198622,,-1.4318471654642984,True,-2.0000000000000004,-1.8877467839021844
1.75,1.7073333333333334,1.7926666666666666,False,169.56576906952336,True,0.5485250542599847,-1.6999999999999988,0.03433048406537157,-29.286401458174403,1.7546666666666666,0.004666666666666597,168.3986082441753,True,0.8280960466255863,1.1671608253480485,0.11957689806409184,,-1.5725618843103761,True,-2.0000000000000004,-2.0284615027482618
1.76,1.7173333333333334,1.8026666666666666,False,169.56576906952336,True,0.5485250542599845,-1.6999999999999988,0.03394186091931709,-29.38528700887884,1.7646666666666666,0.004666666666666597,168.78834820243827,True,0.9142823064559142,0.777420867085084,0.07955569477562258,,-1.5325406810219078,True,-2.0000000000000004,-1.9884402994597923
1.77,1.7273333333333334,1.8126666666666666,False,169.56576906952336,True,0.5485250542599847,-1.6999999999999988,0.034207141027550236,-29.317664437283412,1.7746666666666666,0.004666666666666597,169.36028619768086,True,0.9781973326428565,0.20548287184249148,0.020992129834324705,,-1.4739771160806079,True,-2.0000000000000004,-1.9298767345184946
1.78,1.7373333333333334,1.8226666666666667,False,169.56576906952336,True,0.5485250542599845,-1.6999999999999988,0.03413472137466865,-29.336072754700908,1.7846666666666666,0.004666666666666597,169.37002362422328,True,0.9797667039810076,0.19574544530007643,0.01999677961638572,,-1.47298176586267,True,-2.0000000000000004,-1.9288813843005572
1.79,1.7473333333333334,1.8326666666666667,False,168.58914210463126,True,0.5485250542599845,-1.799999999999999,0.03374522585583264,-29.435753215846084,1.7946666666666666,0.004666666666666597,169.26807333989015,True,0.9856197274104045,0.6789312352588865,-0.06957912395356974,,-1.4834058622927138,True,-2.0999999999999996,-1.9393054807305998
1.8,1.7573333333333334,1.8426666666666667,False,168.58914210463126,True,0.8266685594724995,-1.799999999999999,0.03365287579406265,-29.459556347595296,1.8046666666666666,0.004666666666666597,169.07135452371773,True,0.9861113230613694,0.4822124190864656,-0.049447485546726094,,-1.5035375006995586,True,-2.0999999999999996,-1.9594371191374447
1.81,1.7673333333333334,1.8526666666666667,False,168.58914210463126,True,0.8266685594724994,-1.799999999999999,0.03328775848547675,-29.554308963291156,1.8146666666666667,0.004666666666666597,168.6422462921393,True,0.9877468910579722,0.05310418750804047,-0.005452385601407022,,-1.547532600644876,True,-2.0999999999999996,-2.0034322190827623
1.82,1.7773333333333334,1.8626666666666667,False,168.58914210463126,True,0.8266685594724994,-1.799999999999999,0.03220946802404192,-29.84032895975705,1.8246666666666667,0.004666666666666597,168.305469898267,True,0.9872352131286157,0.2836722063642583,0.029154701856218705,,-1.5821396881025032,True,-2.0999999999999996,-2.0380393065403886
1.83,1.7873333333333334,1.8726666666666667,False,168.58914210463126,True,0.8266685594724994,-1.799999999999999,0.03153438900237946,-30.02431158608215,1.8346666666666667,0.004666666666666597,167.96482214979605,True,0.98369113190048,0.6243199548352152,0.0642301275818034,,-1.6172151138280881,True,-2.0999999999999996,-2.0731147322659735
1.84,1.7973333333333332,1.8826666666666667,False,168.58914210463126,True,0.8911444948731202,-1.799999999999999,0.030206091931010856,-30.398109203629105,1.8446666666666667,0.004666666666666597,167.22756348111483,True,0.9825064299732038,1.3615786235164364,0.14038754780965348,,-1.6933725340559376,True,-2.0999999999999996,-2.149272152493822
1.85,1.8073333333333332,1.8926666666666667,False,168.58914210463126,True,0.8911444948731202,-1.799999999999999,0.02770686507293742,-31.148252204344384,1.8546666666666667,0.004666666666666597,168.46872415973598,True,0.9655497262210234,0.12041794489528002,0.012370080989438495,,-1.5653550672357222,True,-2.0999999999999996,-2.0212546856736076
1.86,1.8173333333333332,1.9026666666666667,False,168.58914210463126,True,0.8266685594724994,-1.799999999999999,0.025341797366860336,-31.923251720521794,1.8646666666666667,0.004666666666666597,172.53144358509152,True,0.9467771530738701,3.9423014804602587,-0.40017229810157495,,-1.1528126881447094,True,-2.0999999999999996,-1.6087123065825943
1.87,1.8273333333333333,1.9126666666666667,False,168.58914210463126,True,0.7571601330199091,-1.799999999999999,0.023157309654396004,-32.70623794044497,1.8746666666666667,0.004666666666666597,173.27730172351264,True,0.897266521017413,4.688159618881372,-0.47485271176036276,,-1.0781322744859219,True,-2.0999999999999996,-1.5340318929238093
1.88,1.8373333333333333,1.9226666666666667,False,169.56576906952336,True,0.6860828109301792,-1.6999999999999988,0.019917403803841757,-34.01534543385576,1.8846666666666667,0.004666666666666819,169.48831013964312,True,0.6946310782190408,0.07745892988023684,0.007910215353177675,,-1.4608952015994656,True,-2.0000000000000004,-1.9167948200373504
1.89,1.8473333333333333,1.9326666666666668,False,171.53602840047625,True,0.6159498854580678,-1.4999999999999982,0.016817124289826964,-35.48496532157584,1.8946666666666667,0.004666666666666819,,False,0.0,,,voicing_disagreement,,False,-1.800000000000001,
1.9,1.8573333333333333,1.9426666666666668,False,173.52918104210445,True,0.48498680771591135,-1.3000000000000005,0.013583182493455014,-37.33996928827045,1.9046666666666667,0.004666666666666819,,False,0.0,,,pyin_probability_below_0.5|voicing_disagreement,,False,-1.6000000000000023,
1.91,1.8673333333333333,1.9526666666666668,False,170.54805357686834,True,0.10857977072874496,-1.6,0.008833928228053352,-41.07692267046133,1.9146666666666667,0.004666666666666819,,False,0.0,,,pyin_probability_below_0.5|voicing_disagreement,,False,-1.9000000000000006,
1.92,1.8773333333333333,1.9626666666666666,False,168.58914210463126,True,0.0100028158258111,-1.799999999999999,0.0036414352615520367,-48.774548132981195,1.9246666666666667,0.004666666666666819,,False,0.0,,,pyin_probability_below_0.5|voicing_disagreement,,False,-2.0999999999999996,
1.93,1.8873333333333333,1.9726666666666666,False,,False,0.010824463728234169,,0.002262813689935665,-52.90702404917586,1.9346666666666668,0.004666666666666819,,False,0.0,,,,,False,,
1.94,1.8973333333333333,1.9826666666666666,False,,False,0.047686993082531035,,0.0016588445145103543,-55.60388638023298,1.9446666666666665,0.004666666666666597,,False,0.0,,,,,False,,
1.95,1.9073333333333333,1.9926666666666666,False,,False,0.010000000047726023,,0.0030434654121530825,-50.33263258954794,1.9546666666666666,0.004666666666666597,,False,0.0,,,,,False,,
1.96,1.9173333333333333,2.002666666666667,False,230.29955496661373,True,0.010000000101429396,3.6000000000000005,0.0033106202605373645,-49.601812629061286,1.9646666666666666,0.004666666666666597,,False,0.0,,,pyin_probability_below_0.5|voicing_disagreement,,False,3.2999999999999976,
1.97,1.9273333333333333,2.0126666666666666,False,230.29955496661373,True,0.010000002871100366,3.6000000000000005,0.0034507958611118147,-49.24161463054206,1.9746666666666666,0.004666666666666597,,False,0.0,,,pyin_probability_below_0.5|voicing_disagreement,,False,3.2999999999999976,
1.98,1.9373333333333334,2.022666666666667,False,230.29955496661373,True,0.01000012784523254,3.6000000000000005,0.005582173208259848,-45.06393383984129,1.9846666666666666,0.004666666666666597,,False,0.0,,,pyin_probability_below_0.5|voicing_disagreement,,False,3.2999999999999976,
1.99,1.9473333333333334,2.0326666666666666,False,230.29955496661373,True,0.010622609040911533,3.6000000000000005,0.025579365327540148,-31.842204707832686,1.9946666666666666,0.004666666666666597,,False,0.0,,,pyin_probability_below_0.5|voicing_disagreement,,False,3.2999999999999976,
2.0,1.9573333333333334,2.042666666666667,False,221.17346184722248,True,0.07797523762294817,2.9,0.03985333908451208,-27.990705713599905,2.0046666666666666,0.004666666666666597,,False,0.0,,,pyin_probability_below_0.5|voicing_disagreement,,False,2.6000000000000005,
2.01,1.9673333333333334,2.0526666666666666,False,218.63306796596578,True,0.2796051653363589,2.7,0.05035843906864862,-25.95855479859832,2.014666666666667,0.004666666666667041,228.86247925667118,True,0.7931652653718558,10.2294112907054,-0.7916320454122574,pyin_probability_below_0.5,3.7386470591659706,False,2.399999999999998,3.2827474407280857
2.02,1.9773333333333334,2.062666666666667,False,219.8995964441766,True,0.42606232904328145,2.8000000000000003,0.06176899862406773,-24.18458878450299,2.0246666666666666,0.004666666666666597,223.0180546190295,True,0.8749269023075457,3.11845817485289,-0.2437866348978632,pyin_probability_below_0.5,3.2908016486515788,False,2.4999999999999987,2.83490203021369
2.03,1.9873333333333334,2.0726666666666667,False,219.8995964441766,True,0.5485250542599845,2.8000000000000003,0.0707087293313942,-23.010539343176347,2.034666666666667,0.004666666666667041,219.07482605000246,True,0.9535553289801911,0.824770394174152,0.06505491874105726,,2.9819600950126595,True,2.4999999999999987,2.526060476574773
2.04,1.9973333333333334,2.082666666666667,False,221.17346184722248,True,0.6860828109301793,2.9,0.07843081333237793,-22.110265626119187,2.0446666666666666,0.004666666666666597,217.70231558203994,True,0.9930365739283628,3.47114626518254,0.2738584457294349,,2.873156568024279,True,2.6000000000000005,2.4172569495863945
2.05,2.0073333333333334,2.0926666666666667,False,221.17346184722248,True,0.7571601330199094,2.9,0.08326301959742721,-21.590956862806458,2.054666666666667,0.004666666666667041,219.30215393342453,True,0.9914539795530126,1.8713079137979491,0.14709969639453233,,2.999915317359184,True,2.6000000000000005,2.5440156989212968
2.06,2.017333333333333,2.1026666666666665,False,221.17346184722248,True,0.8266685594724995,2.9,0.08818757834197152,-21.091851661865228,2.0646666666666667,0.004666666666666597,221.36440223718552,True,0.9928553168767866,0.19094038996303198,-0.01493940075129656,,3.1619544145050127,True,2.6000000000000005,2.706054796067124
2.07,2.0273333333333334,2.1126666666666667,False,221.17346184722248,True,0.8911444948731203,2.9,0.09169012941957065,-20.753548285365618,2.0746666666666664,0.004666666666666597,223.3480362689948,True,0.9965118165977058,2.17457442177232,-0.16938336295216783,,3.3163983767058838,True,2.6000000000000005,2.860498758267997
2.08,2.037333333333333,2.1226666666666665,False,222.45470667747657,True,0.9459302094659093,2.999999999999999,0.0916871266261525,-20.75383274738453,2.0846666666666667,0.004666666666666597,224.19243311551597,True,0.9995669028369537,1.7377264380394024,-0.13471154693864063,,3.3817265606923548,True,2.7,2.925826942254468
2.09,2.0473333333333334,2.1326666666666667,False,222.45470667747657,True,0.9459302094659092,2.999999999999999,0.09038503055260953,-20.87806981675929,2.0946666666666665,0.004666666666666597,224.02453926909553,True,0.9997499848025148,1.5698325916189617,-0.12174177671330046,,3.3687567904670144,True,2.7,2.9128571720291285
2.1,2.0573333333333332,2.1426666666666665,False,223.74337368352585,True,0.9459302094659092,3.1000000000000023,0.08890206066959187,-21.02176344717373,2.1046666666666667,0.004666666666666597,224.00309929064133,True,0.9994390079025869,0.25972560711548454,-0.020084842294750948,,3.3670998560484664,True,2.8000000000000034,2.91120023761058
2.11,2.0673333333333335,2.1526666666666667,False,225.0395058615972,True,0.9459302094659092,3.2000000000000033,0.08596183995204436,-21.31388594633225,2.1146666666666665,0.004666666666666597,224.44912456918058,True,0.9987037616424931,0.5903812924166232,0.045477848110985576,,3.401537165642728,True,2.9,2.9456375472048424
2.12,2.0773333333333333,2.1626666666666665,False,225.0395058615972,True,0.9459302094659092,3.2000000000000033,0.08444068182711573,-21.468965371674535,2.1246666666666667,0.004666666666666597,225.14008556679573,True,0.9988615407254297,0.10057970519852688,-0.0077358910309365935,,3.454750904784654,True,2.9,2.998851286346768
2.13,2.0873333333333335,2.1726666666666667,False,226.34314645699226,True,0.8911444948731204,3.3000000000000003,0.08293868037410815,-21.624857578331333,2.1346666666666665,0.004666666666666597,226.10517519384993,True,0.998729255908338,0.23797126314232742,0.018211317037856358,,3.5288036967158565,True,2.999999999999999,3.0729040782779706
2.14,2.0973333333333333,2.1826666666666665,False,227.65433896553014,True,0.8911444948731204,3.4000000000000004,0.08361908358553215,-21.553891927275682,2.1446666666666667,0.004666666666666597,227.55264015760244,True,0.9995397618531058,0.10169880792770414,0.007735577442262512,,3.6392794363114516,True,3.0999999999999988,3.1833798178735666
2.15,2.1073333333333335,2.1926666666666668,False,227.65433896553014,True,0.9459302094659092,3.4000000000000004,0.0835326380682744,-21.56287605597168,2.1546666666666665,0.004666666666666597,228.90596568475132,True,0.9987553969637204,1.2516267192211785,-0.09492127104687773,,3.741936284800591,True,3.0999999999999988,3.2860366663627074
2.16,2.1173333333333333,2.2026666666666666,False,227.65433896553014,True,0.9459302094659092,3.4000000000000004,0.08295835210684895,-21.62279766806264,2.1646666666666667,0.004666666666666597,229.35498817366474,True,0.9991194259838057,1.7006492081345925,-0.12884793505074948,,3.7758629488044626,True,3.0999999999999988,3.3199633303665763
2.17,2.1273333333333335,2.212666666666667,False,228.9731271349986,True,0.8911444948731203,3.500000000000001,0.0831924176182631,-21.59832509356276,2.1746666666666665,0.004666666666666597,229.26031789178032,True,0.9982827577240143,0.2871907567817118,-0.021700488570291707,,3.7687155023240084,True,3.2,3.3128158838861212
2.18,2.1373333333333333,2.2226666666666666,False,230.29955496661373,True,0.8911444948731204,3.6000000000000005,0.08609900196297574,-21.300037654895437,2.1846666666666668,0.004666666666666597,229.15103627921587,True,0.9998266429345852,1.1485186873978535,0.0865537595180677,,3.7604612542356453,True,3.2999999999999976,3.3045616357977594
2.19,2.1473333333333335,2.232666666666667,False,231.63366671648822,True,0.8266685594724996,3.7000000000000015,0.08809346335786875,-21.101126311424743,2.1946666666666665,0.004666666666666597,229.47219626728227,True,0.9992536936099595,2.16147044920595,0.1623071379792897,,3.7847078757744255,True,3.4000000000000004,3.328808257336537
2.2,2.1573333333333333,2.2426666666666666,False,231.63366671648822,True,0.9459302094659092,3.7000000000000015,0.08876463368464836,-21.035200696816,2.2046666666666668,0.004666666666666597,230.75330509589807,True,0.9982341078374538,0.8803616205901506,0.06592373693987974,,3.8810912768138337,True,3.4000000000000004,3.4251916583759474
2.21,2.167333333333333,2.252666666666667,False,230.29955496661373,True,0.8266685594724995,3.6000000000000005,0.08867522239713725,-21.043954272913258,2.2146666666666666,0.004666666666666597,232.73011705067185,True,0.9929075326082213,2.430562084058124,-0.1817555436345957,,4.028770557388308,True,3.2999999999999976,3.5728709389504214
2.22,2.1773333333333333,2.2626666666666666,False,228.9731271349986,True,0.6860828109301793,3.500000000000001,0.08972376108061446,-20.941850595156065,2.224666666666667,0.004666666666666597,234.05973790090354,True,0.9826861411368428,5.086610765904936,-0.38038198503626214,,4.127396998789978,True,3.2,3.6714973803520916
2.23,2.187333333333333,2.272666666666667,False,227.65433896553014,True,0.615949885458068,3.4000000000000004,0.0886339151022247,-21.048001335759636,2.2346666666666666,0.004666666666666597,231.8462620926849,True,0.9639961417659472,4.191923127154752,-0.31588212808715366,,3.9628971418408687,True,3.0999999999999988,3.5069975234029798
2.24,2.1973333333333334,2.2826666666666666,False,225.0395058615972,True,0.42606232904328145,3.2000000000000033,0.08549781196603011,-21.360899989235026,2.244666666666667,0.004666666666666597,224.1476193572857,True,0.9682725682060126,0.8918865043115147,0.06874935752195212,pyin_probability_below_0.5,3.3782656562317612,False,2.9,2.9223660377938776
2.25,2.207333333333333,2.292666666666667,False,225.0395058615972,True,0.24075439447557428,3.2000000000000033,0.08230732485515714,-21.691230269601512,2.2546666666666666,0.004666666666666597,219.99944545202578,True,0.9687982104779261,5.040060409571424,0.39214083284303114,pyin_probability_below_0.5,3.054874180910684,False,2.9,2.598974562472799
2.26,2.2173333333333334,2.3026666666666666,False,223.74337368352585,True,0.12793708630129036,3.1000000000000023,0.07786693651774576,-22.172938224225177,2.264666666666667,0.004666666666667041,215.88240723253568,True,0.945119022520933,7.860966450990162,0.619191324770336,pyin_probability_below_0.5,2.7278236889833787,False,2.8000000000000034,2.2719240705454933
2.27,2.227333333333333,2.312666666666667,False,219.8995964441766,True,0.09203757081218106,2.8000000000000003,0.07146305604999781,-22.918368310874406,2.2746666666666666,0.004666666666666597,211.04123354025432,True,0.9194839786688562,8.858362903922284,0.7118406513455431,pyin_probability_below_0.5,2.335174362408173,False,2.4999999999999987,1.8792747439702877
2.28,2.2373333333333334,2.3226666666666667,False,214.87708272009507,True,0.06608151270920701,2.400000000000005,0.06508855387343732,-23.729907548656314,2.284666666666667,0.004666666666667041,205.28538864741407,True,0.847441029273581,9.591694072681008,0.7905681255900484,pyin_probability_below_0.5,1.8564468881636667,False,2.100000000000002,1.4005472697257821
2.29,2.247333333333333,2.332666666666667,False,213.63948179230545,True,0.030106861794195007,2.3000000000000003,0.060314341441606766,-24.391588195537466,2.2946666666666666,0.004666666666666597,200.48611765637784,True,0.8841725600857556,13.153364135927603,1.1001113629733863,pyin_probability_below_0.5|pitch_difference_over_1_semitone,1.4469036507803241,False,1.9999999999999973,0.991004032342439
2.3,2.2573333333333334,2.3426666666666667,False,207.55758045272898,True,0.018187375734912182,1.800000000000001,0.054409691238314954,-25.286474772040528,2.304666666666667,0.004666666666667041,195.2075550215372,True,0.8735986716979367,12.350025431191796,1.062032800310043,pyin_probability_below_0.5|pitch_difference_over_1_semitone,0.9849822134436725,False,1.5000000000000004,0.5290825950057848
2.31,2.267333333333333,2.3526666666666665,False,201.6488190383855,True,0.010824463728234169,1.300000000000003,0.047933994388992214,-26.387127585898853,2.3146666666666667,0.004666666666666597,190.02852228668866,True,0.8556504065288534,11.620296751696856,1.0275477696363469,pyin_probability_below_0.5|pitch_difference_over_1_semitone,0.5194672441173688,False,1.0000000000000009,0.06356762567948411
2.32,2.2773333333333334,2.3626666666666667,False,194.7799199939686,True,0.010259050559778863,0.7000000000000017,0.044295812421808606,-27.072746571729365,2.324666666666667,0.004666666666667041,185.02991914708682,True,0.8650452959306885,9.75000084688179,0.889036616190815,pyin_probability_below_0.5,0.05797839756289877,False,0.4000000000000011,-0.3979212208749869
2.33,2.287333333333333,2.3726666666666665,False,191.43371755306833,True,0.010467533617069905,0.4000000000000011,0.043720354439616235,-27.18632651791168,2.3346666666666667,0.004666666666666597,179.84940701688842,True,0.8699088536337679,11.584310536179913,1.0806666459460454,pyin_probability_below_0.5|pitch_difference_over_1_semitone,-0.4336516321923297,False,0.10000000000000017,-0.8895512506302153
2.34,2.2973333333333334,2.3826666666666667,False,185.98397121658357,True,0.010622609040911533,-0.10000000000000067,0.04261113875837363,-27.4095371874439,2.3446666666666665,0.004666666666666597,174.5676266501524,True,0.8509951529056501,11.416344566431178,1.0967070258485236,pyin_probability_below_0.5|pitch_difference_over_1_semitone,-0.9496920120948102,False,-0.4000000000000028,-1.405591630532696
2.35,2.3073333333333332,2.3926666666666665,False,171.53602840047625,True,0.011853505394683413,-1.4999999999999982,0.03962034122333291,-28.041635769905795,2.3546666666666667,0.004666666666666597,168.88542313076874,True,0.8429356247172469,2.650605269707512,0.2696017427584029,pyin_probability_below_0.5,-1.5225867290046875,False,-1.800000000000001,-1.9784863474425733
2.36,2.3173333333333335,2.4026666666666667,False,170.54805357686834,True,0.016467587593113005,-1.6,0.03812659943852314,-28.375438565884412,2.3646666666666665,0.004666666666666597,164.4901293276475,True,0.8099888431442601,6.057924249220832,0.6261273138755514,pyin_probability_below_0.5,-1.9791123001218378,False,-1.9000000000000006,-2.435011918559723
2.37,2.3273333333333333,2.4126666666666665,False,167.61814009714527,True,0.030106861794195007,-1.9000000000000006,0.03649805741582649,-28.754604999110633,2.3746666666666667,0.004666666666666597,160.60945972339437,True,0.8014581714396197,7.008680373750906,0.7394570566293528,pyin_probability_below_0.5,-2.392442042875639,False,-2.200000000000002,-2.8483416613135253
2.38,2.3373333333333335,2.4226666666666667,False,165.6928815515041,True,0.04069733156888105,-2.099999999999997,0.03589550719196172,-28.899198116925998,2.3846666666666665,0.004666666666666597,160.04153730685044,True,0.8784778028914029,5.651344244653643,0.6007827759915008,pyin_probability_below_0.5,-2.453767762237785,False,-2.4000000000000004,-2.9096673806756708
2.39,2.3473333333333333,2.4326666666666665,False,160.97592684906726,True,0.1279370863012904,-2.599999999999996,0.034120348781450094,-29.33973076164658,2.3946666666666667,0.004666666666666597,157.09232841335833,True,0.9571234105189833,3.883598435708933,0.42278673706701375,pyin_probability_below_0.5,-2.775771723313298,False,-2.8999999999999995,-3.2316713417511824
2.4,2.3573333333333335,2.4426666666666668,False,158.21045677717683,True,0.24075439447557428,-2.8999999999999977,0.03352876326642426,-29.491649311067615,2.4046666666666665,0.004666666666666597,155.46346189036709,True,0.9747440388864932,2.7469948868097447,0.3032329039921494,pyin_probability_below_0.5,-2.956217890238432,False,-3.2000000000000006,-3.4121175086763182
2.41,2.3673333333333333,2.4526666666666666,False,155.49249582586248,True,0.42606232904328145,-3.2000000000000006,0.032984630078475866,-29.633767643086383,2.4146666666666667,0.004666666666666597,153.89650231468343,True,0.962647156959388,1.5959935111790458,0.17861416108659472,pyin_probability_below_0.5,-3.131599147332882,False,-3.5000000000000027,-3.5874987657707704
2.42,2.3773333333333335,2.462666666666667,False,155.49249582586248,True,0.6159498854580678,-3.2000000000000006,0.03302166665722778,-29.62402021942286,2.4246666666666665,0.004666666666666597,153.90406917545567,True,0.9725757023042603,1.5884266504068023,0.17776296013185441,,-3.1307479463781425,True,-3.5000000000000027,-3.5866475648160288
2.43,2.3873333333333333,2.4726666666666666,False,155.49249582586248,True,0.7571601330199093,-3.2000000000000006,0.0329983805753473,-29.630147459683435,2.4346666666666668,0.004666666666666597,154.37595530145964,True,0.9836011228352003,1.1165405244028364,0.12476270699782026,,-3.077747693244109,True,-3.5000000000000027,-3.5336473116819946
2.44,2.3973333333333335,2.482666666666667,False,155.49249582586248,True,0.6860828109301792,-3.2000000000000006,0.03302944216593125,-29.62197522087572,2.4446666666666665,0.004666666666666597,154.60273980706518,True,0.9898999658602287,0.8897560187972999,0.0993488428948708,,-3.05233382914116,True,-3.5000000000000027,-3.508233447579045
2.45,2.4073333333333333,2.4926666666666666,False,154.59692495035372,True,0.6860828109301792,-3.3000000000000007,0.03379315524446234,-29.42342513089165,2.4546666666666668,0.004666666666666597,155.15934317947256,True,0.9910134081274604,0.5624182291188333,-0.06286740629458767,,-2.9901175799516992,True,-3.6000000000000014,-3.4460171983895846
2.46,2.417333333333333,2.502666666666667,False,155.49249582586248,True,0.7571601330199093,-3.2000000000000006,0.03413395743162816,-29.336267149115905,2.4646666666666666,0.004666666666666597,156.09008898059898,True,0.9891285595263892,0.5975931547365008,-0.06640774779867568,,-2.8865772384476127,True,-3.5000000000000027,-3.3424768568854994
2.47,2.4273333333333333,2.5126666666666666,False,155.49249582586248,True,0.7571601330199093,-3.2000000000000006,0.03392826001109874,-29.388768245915813,2.474666666666667,0.004666666666666597,156.06365886671514,True,0.9717816869448699,0.5711630408526673,-0.0634760698354095,,-2.88950891641088,True,-3.5000000000000027,-3.345408534848765
2.48,2.437333333333333,2.522666666666667,False,155.49249582586248,True,0.8266685594724994,-3.2000000000000006,0.033981660711331456,-29.37510801249234,2.4846666666666666,0.004666666666666597,154.59430073352507,True,0.9757949672843333,0.8981950923374029,0.10029387208617829,,-3.0532788583324653,True,-3.5000000000000027,-3.5091784767703516
2.49,2.4473333333333334,2.5326666666666666,False,155.49249582586248,True,0.8266685594724994,-3.2000000000000006,0.03318901175475865,-29.580113581442173,2.494666666666667,0.004666666666666597,154.71223826608247,True,0.9735296491316957,0.7802575597800114,0.08709159821369036,,-3.04007658445998,True,-3.5000000000000027,-3.495976202897866
2.5,2.457333333333333,2.542666666666667,False,155.49249582586248,True,0.8266685594724994,-3.2000000000000006,0.03258844017988533,-29.738728524038894,2.5046666666666666,0.004666666666666597,155.13048062052275,True,0.9777249817145163,0.36201520533973053,0.0403533145353282,,-2.9933383007816188,True,-3.5000000000000027,-3.449237919219503
2.51,2.4673333333333334,2.5526666666666666,False,155.49249582586248,True,0.8266685594724994,-3.2000000000000006,0.0313659393169934,-30.0708340419663,2.514666666666667,0.004666666666667041,154.62081446301957,True,0.9845086319762059,0.8716813628429065,0.09732496991256044,,-3.0503099561588494,True,-3.5000000000000027,-3.5062095745967343
2.52,2.477333333333333,2.562666666666667,False,155.49249582586248,True,0.8266685594724994,-3.2000000000000006,0.030177811471546953,-30.406245178746175,2.5246666666666666,0.004666666666666597,155.14604312686083,True,0.9871923066902477,0.3464526990016452,0.03861664812186588,,-2.991601634368154,True,-3.5000000000000027,-3.447501252806042
2.53,2.4873333333333334,2.5726666666666667,False,155.49249582586248,True,0.8266685594724994,-3.2000000000000006,0.028804922854205144,-30.810665671403402,2.534666666666667,0.004666666666667041,156.3763271845654,True,0.9826494798553256,0.8838313587029347,-0.09812606617332387,,-2.8548589200729637,True,-3.5000000000000027,-3.3107585385108504
2.54,2.497333333333333,2.582666666666667,False,156.39325469067515,True,0.7571601330199091,-3.100000000000001,0.02689035956897444,-31.408067809920425,2.5446666666666666,0.004666666666666597,159.52143523319967,True,0.9777280695608059,3.128180542524518,-0.3428640610136924,,-2.5101209252325956,True,-3.4000000000000012,-2.966020543670482
2.55,2.5073333333333334,2.5926666666666667,False,157.29923159850804,True,0.7571601330199091,-2.9999999999999987,0.025880422741375062,-31.74057268004588,2.554666666666667,0.004666666666667041,160.7240294334208,True,0.9900581531886793,3.4247978349127663,-0.37288818581113076,,-2.380096800435154,True,-3.299999999999999,-2.835996418873041
2.56,2.517333333333333,2.6026666666666665,False,160.04877373483913,True,0.8266685594724994,-2.6999999999999966,0.024132031918916923,-32.34812217846662,2.5646666666666667,0.004666666666666597,161.2785320732333,True,0.9894963220365575,1.2297583383941628,-0.13251347542152592,,-2.320471510824759,True,-2.9999999999999987,-2.776371129262644
2.57,2.5273333333333334,2.6126666666666667,False,160.97592684906726,True,0.8266685594724994,-2.599999999999996,0.023276215506430827,-32.66175260955153,2.574666666666667,0.004666666666667041,162.67869568486344,True,0.9864875090851403,1.7027688357961779,-0.18216446665618863,,-2.1708205195900967,True,-2.8999999999999995,-2.6267201380279808
2.58,2.537333333333333,2.6226666666666665,False,162.84637702113662,True,0.8911444948731202,-2.4000000000000004,0.021577725699540414,-33.31988664087568,2.5846666666666667,0.004666666666666597,163.56409661320575,True,0.987968068454363,0.7177195920691304,-0.07613374559555347,,-2.076851240650732,True,-2.700000000000001,-2.5327508590886176
2.59,2.5473333333333334,2.6326666666666667,False,162.84637702113662,True,0.945930209465909,-2.4000000000000004,0.020368556587168147,-33.820794921654866,2.5946666666666665,0.004666666666666597,164.19673732679107,True,0.9832190624637002,1.3503603056544478,-0.1429660446953352,,-2.010018941550952,True,-2.700000000000001,-2.465918559988838
2.6,2.5573333333333332,2.6426666666666665,False,163.7897364863335,True,0.8911444948731202,-2.3,0.019151728296364936,-34.355840563718246,2.6046666666666667,0.004666666666666597,164.5943105325705,True,0.9821749932404535,0.8045740462369793,-0.08483413148099668,,-1.9681508547652888,True,-2.6000000000000005,-2.4240504732031742
2.61,2.5673333333333335,2.6526666666666667,False,172.52972650401387,True,0.42606232904328145,-1.3999999999999961,0.01863425957103446,-34.59375718361473,2.6146666666666665,0.004666666666666597,165.64547702254222,True,0.9843278429312026,6.884249481471642,0.704953747916899,pyin_probability_below_0.5,-1.8579387341631814,False,-1.6999999999999988,-2.3138383526010666
2.62,2.5773333333333333,2.6626666666666665,False,172.52972650401387,True,0.03489742801962526,-1.3999999999999961,0.019981529396716505,-33.98742547421821,2.6246666666666667,0.004666666666666597,167.842359535954,True,0.9711714667898638,4.687366968059877,0.4768571032858653,pyin_probability_below_0.5,-1.6298420895321475,False,-1.6999999999999988,-2.0857417079700347
2.63,2.5873333333333335,2.6726666666666667,False,180.68936857950385,True,0.015085587297504338,-0.5999999999999951,0.022514400599051826,-32.95079221540619,2.6346666666666665,0.004666666666666597,175.39072907259893,True,0.8358533273336951,5.2986395069049195,0.5152695894255649,pyin_probability_below_0.5,-0.8682545756718478,False,-0.8999999999999966,-1.3241541941097346
2.64,2.5973333333333333,2.6826666666666665,False,180.68936857950385,True,0.026168028608935755,-0.5999999999999951,0.02652935590410609,-31.525465879123267,2.6446666666666667,0.004666666666666597,183.03050197846352,True,0.6676787414073398,2.34113339895967,-0.2228696398636718,pyin_probability_below_0.5,-0.13011534638261157,False,-0.8999999999999966,-0.5860149648204973
2.65,2.6073333333333335,2.6926666666666668,False,191.43371755306833,True,0.06608151270920701,0.4000000000000011,0.032765842835499735,-29.691573124217072,2.6546666666666665,0.004666666666666597,181.3289989649568,True,0.6251586985857628,10.104718588111524,0.9388234877741731,pyin_probability_below_0.5,-0.29180847402045906,False,0.10000000000000017,-0.7477080924583464
2.66,2.6173333333333333,2.7026666666666666,False,191.43371755306833,True,0.15046460134333883,0.4000000000000011,0.039834683514575316,-27.994772578839648,2.6646666666666667,0.004666666666666597,190.08734049970238,True,0.828409727249269,1.3463770533659556,0.12219002985979846,pyin_probability_below_0.5,0.5248249838939139,False,0.10000000000000017,0.0689253654560299
2.67,2.6273333333333335,2.712666666666667,False,191.43371755306833,True,0.2796051653363589,0.4000000000000011,0.046710182884677216,-26.611768646258625,2.6746666666666665,0.004666666666666597,190.46525289411744,True,0.9487010790313606,0.968464658950893,0.08780555679601423,pyin_probability_below_0.5,0.5592094569577024,False,0.10000000000000017,0.1033098385198152
2.68,2.6373333333333333,2.7226666666666666,False,191.43371755306833,True,0.42606232904328145,0.4000000000000011,0.05350263151908541,-25.43249713486074,2.6846666666666668,0.004666666666666597,190.64543839124053,True,0.9782343692080214,0.788279161827802,0.07143533690223736,pyin_probability_below_0.5,0.5755796768514769,False,0.10000000000000017,0.1196800584135916
2.69,2.6473333333333335,2.732666666666667,False,191.43371755306833,True,0.615949885458068,0.4000000000000011,0.05930391482018356,-24.538332733495487,2.6946666666666665,0.004666666666666597,191.47596742268297,True,0.9876285090432472,0.04224986961463628,-0.0038204524989736907,,0.6508354662526878,True,0.10000000000000017,0.19493584781480233
2.7,2.6573333333333333,2.7426666666666666,False,191.43371755306833,True,0.8911444948731202,0.4000000000000011,0.06140935709317628,-24.235308986193953,2.7046666666666668,0.004666666666666597,192.70227386175864,True,0.9942173105483152,1.2685563086903073,-0.11434366512935988,,0.761358678883076,True,0.10000000000000017,0.30545906044518956
2.71,2.667333333333333,2.752666666666667,False,191.43371755306833,True,0.9459302094659091,0.4000000000000011,0.061119616010691866,-24.276387658333682,2.7146666666666666,0.004666666666666597,193.37988902827593,True,0.9946491162144465,1.946171475207592,-0.1751137169861177,,0.8221287307398323,True,0.10000000000000017,0.3662291123019478
2.72,2.6773333333333333,2.7626666666666666,False,192.54268179725335,True,0.9459302094659092,0.5000000000000008,0.05978911695773799,-24.467557214993448,2.724666666666667,0.004666666666666597,193.27047425543327,True,0.9835887629842962,0.7277924581799198,-0.06531558393052754,,0.8123305976842398,True,0.20000000000000068,0.35643097924635414
2.73,2.687333333333333,2.772666666666667,False,192.54268179725335,True,0.9459302094659092,0.5000000000000008,0.0572931972376114,-24.837938826815204,2.7346666666666666,0.004666666666666597,191.51912747653844,True,0.9538926813013098,1.0235543207149078,0.09227766175337268,,0.6547373520003409,True,0.20000000000000068,0.1988377335624568
2.74,2.6973333333333334,2.7826666666666666,False,192.54268179725335,True,0.9459302094659091,0.5000000000000008,0.05331006335341725,-25.463816027226038,2.744666666666667,0.004666666666666597,187.16268890127216,True,0.9480858787646775,5.379992895981189,0.49062515115169547,,0.25638986260201657,True,0.20000000000000068,-0.1995097558358674
2.75,2.707333333333333,2.792666666666667,False,192.54268179725335,True,0.9459302094659091,0.5000000000000008,0.04781803599558576,-26.408165307941395,2.7546666666666666,0.004666666666666597,185.71913160760576,True,0.968672550127715,6.823550189647591,0.624670196331839,,0.12234481742187692,False,0.20000000000000068,-0.3335548010160104
2.76,2.7173333333333334,2.8026666666666666,False,191.43371755306833,True,0.8911444948731203,0.4000000000000011,0.0402271558344982,-27.9096134420613,2.764666666666667,0.004666666666667041,189.09518730570608,True,0.9757571514724829,2.3385302473622573,0.21278773335558393,,0.4342272803981291,True,0.10000000000000017,-0.02167233803975581
2.77,2.727333333333333,2.812666666666667,False,190.3311404729313,True,0.6159498854580681,0.3000000000000021,0.030652383512010228,-30.270714986783194,2.7746666666666666,0.004666666666666597,191.2969010457868,True,0.9701984005993229,0.965760572855487,-0.08762255254953678,,0.6346375663032512,True,0.0,0.17873794786536296
2.78,2.7373333333333334,2.8226666666666667,False,191.43371755306833,True,0.1504646013433388,0.4000000000000011,0.023877291284308603,-32.44029884984956,2.784666666666667,0.004666666666667041,191.54385662321548,True,0.9793980685196484,0.11013907014714164,-0.009957581147569651,pyin_probability_below_0.5,0.6569725949012823,False,0.10000000000000017,0.2010729764633976
2.79,2.747333333333333,2.832666666666667,False,194.7799199939686,True,0.07797523762294818,0.7000000000000017,0.029879449447074973,-30.492548180171696,2.7946666666666666,0.004666666666666597,194.8833427418782,True,0.9736729565386546,0.1034227479096046,-0.0091899341793949,pyin_probability_below_0.5,0.9562049479331114,False,0.4000000000000011,0.5003053294952235
2.8,2.7573333333333334,2.8426666666666667,False,193.6580702059513,True,0.15046460134333883,0.6000000000000013,0.04164743614816971,-27.608234579489412,2.804666666666667,0.004666666666667041,199.88645387122273,True,0.9471619604257784,6.228383665271423,-0.5480289836446428,pyin_probability_below_0.5,1.3950439973983593,False,0.3000000000000021,0.9391443789604706
2.81,2.767333333333333,2.8526666666666665,False,192.54268179725335,True,0.32333605839064083,0.5000000000000008,0.05279228649836919,-25.54859055535117,2.8146666666666667,0.004666666666666597,196.57713142355126,True,0.9462997008849796,4.0344496262979135,-0.3590064868453274,pyin_probability_below_0.5,1.1060215005990415,False,0.20000000000000068,0.6501218821611563
2.82,2.7773333333333334,2.8626666666666667,False,191.43371755306833,True,0.5485250542599845,0.4000000000000011,0.06211360347268881,-24.136265495298822,2.824666666666667,0.004666666666667041,194.28650718030693,True,0.9649883240671845,2.852789627238593,-0.2560890654374054,,0.9031040791911213,True,0.10000000000000017,0.44720446075323406
2.83,2.787333333333333,2.8726666666666665,False,190.3311404729313,True,0.6159498854580681,0.3000000000000021,0.06883256720877094,-23.244120650241182,2.8346666666666667,0.004666666666666597,192.61618991273636,True,0.9795434232041331,2.28504943980505,-0.20660816942302324,,0.753623183176737,True,0.0,0.29772356473885286
2.84,2.7973333333333334,2.8826666666666667,False,190.3311404729313,True,0.7571601330199093,0.3000000000000021,0.0739023117450639,-22.62683952373491,2.8446666666666665,0.004666666666666597,191.09112529096117,True,0.9894428100999548,0.7599848180298636,-0.06898985470972815,,0.6160048684634426,True,0.0,0.16010525002555745
2.85,2.8073333333333332,2.8926666666666665,False,189.23491376948436,True,0.8266685594724996,0.20000000000000068,0.07748202027980959,-22.215981278693434,2.8546666666666667,0.004666666666666597,189.3208319925097,True,0.989501333090592,0.08591822302534524,-0.007858528491831482,,0.45487354224554655,True,-0.09999999999999873,-0.0010260761923407064
2.86,2.8173333333333335,2.9026666666666667,False,189.23491376948436,True,0.8911444948731204,0.20000000000000068,0.07932892276202759,-22.011368862513834,2.8646666666666665,0.004666666666666597,187.12061715381859,True,0.9945559158017111,2.114296615665779,0.19451717843818228,,0.25249783531553216,True,-0.09999999999999873,-0.2034017831223528
2.87,2.8273333333333333,2.9126666666666665,False,189.23491376948436,True,0.8911444948731204,0.20000000000000068,0.07963529167424602,-21.977888498844532,2.8746666666666667,0.004666666666666597,186.05165097836843,True,0.9959988420431523,3.1832627911159364,0.293701167182008,,0.15331384657170774,True,-0.09999999999999873,-0.30258577186617924
2.88,2.8373333333333335,2.9226666666666667,False,188.14500086724917,True,0.8911444948731204,0.100000000000004,0.07793987825087006,-22.164805539000163,2.8846666666666665,0.004666666666666597,185.910960944143,True,0.9934518459398516,2.2340399231061667,0.206797504363411,,0.1402175093903052,True,-0.19999999999999973,-0.3156821090475814
2.89,2.8473333333333333,2.9326666666666665,False,188.14500086724917,True,0.8911444948731204,0.100000000000004,0.07463001436332273,-22.5417294959021,2.8946666666666667,0.004666666666666597,186.3939039048298,True,0.9969896244500547,1.7510969624193535,0.1618833576419757,,0.18513165611173968,True,-0.19999999999999973,-0.27076796232614797
2.9,2.8573333333333335,2.9426666666666668,False,188.14500086724917,True,0.8911444948731202,0.100000000000004,0.07005898643366598,-23.09072300107165,2.9046666666666665,0.004666666666666597,187.72612098666235,True,0.9997523994620394,0.4188798805868146,0.03858659895840378,,0.3084284147953131,True,-0.19999999999999973,-0.14747120364257327
2.91,2.8673333333333333,2.9526666666666666,False,188.14500086724917,True,0.8266685594724997,0.100000000000004,0.06625209692672684,-23.576007428790827,2.9146666666666667,0.004666666666666597,189.4526947564838,True,0.9968686929702711,1.3076938892346277,-0.11991244989323915,,0.4669274636469545,True,-0.19999999999999973,0.01102784520906921
2.92,2.8773333333333335,2.962666666666667,False,189.23491376948436,True,0.8266685594724997,0.20000000000000068,0.06314083360361422,-23.99379377448264,2.9246666666666665,0.004666666666666597,190.6419960771403,True,0.9942675359386481,1.4070823076559407,-0.1282520668336661,,0.5752670805873825,True,-0.09999999999999873,0.11936746214949503
2.93,2.8873333333333333,2.9726666666666666,False,190.3311404729313,True,0.8911444948731202,0.3000000000000021,0.060892200833964544,-24.30876657810705,2.9346666666666668,0.004666666666666597,191.42332403537787,True,0.9961637563906445,1.0921835624465643,-0.0990600349600427,,0.6460750487137581,True,0.0,0.19017543027587297
2.94,2.8973333333333335,2.982666666666667,False,191.43371755306833,True,0.8911444948731203,0.4000000000000011,0.059596307367861534,-24.4956129727937,2.9446666666666665,0.004666666666666597,192.61000100771798,True,0.9971858283383852,1.1762834546496492,-0.10605190178869921,,0.7530669155424123,True,0.10000000000000017,0.29716729710452616
2.95,2.9073333333333333,2.9926666666666666,False,191.43371755306833,True,0.9459302094659092,0.4000000000000011,0.058724676106060934,-24.623587397601725,2.9546666666666668,0.004666666666666597,193.16341352902845,True,0.9995453847228891,1.7296959759601123,-0.15572288590527616,,0.802737899658989,True,0.10000000000000017,0.34683828122110255
2.96,2.917333333333333,3.002666666666667,False,192.54268179725335,True,0.9459302094659093,0.5000000000000008,0.05745525956931469,-24.813404179417432,2.9646666666666666,0.004666666666666597,193.01137873574152,True,0.996874127629955,0.46869693848816496,-0.04209134756295253,,0.7891063613166676,True,0.20000000000000068,0.3332067428787793
2.97,2.9273333333333333,3.0126666666666666,False,192.54268179725335,True,0.8911444948731203,0.5000000000000008,0.05557650968333035,-25.10217462539646,2.974666666666667,0.004666666666666597,192.63352745032822,True,0.9881767966921112,0.09084565307486514,-0.008166396934868465,,0.7551814106885832,True,0.20000000000000068,0.29928179225069695
2.98,2.937333333333333,3.022666666666667,False,191.43371755306833,True,0.8266685594724996,0.4000000000000011,0.05290858335590366,-25.529477333694686,2.9846666666666666,0.004666666666666597,192.1461348198694,True,0.9806349039579955,0.7124172668010544,-0.06430798906488122,,0.7113230028185952,True,0.10000000000000017,0.25542338438070833
2.99,2.9473333333333334,3.0326666666666666,False,192.54268179725335,True,0.6860828109301792,0.5000000000000008,0.052203472578937364,-25.646012134702204,2.994666666666667,0.004666666666666597,190.5505097522446,True,0.9907908034423918,1.9921720450087435,0.18005786797891726,,0.566957145774798,True,0.20000000000000068,0.11105752733691035
3.0,2.957333333333333,3.042666666666667,False,191.43371755306833,True,0.6860828109301792,0.4000000000000011,0.051474269187574695,-25.768196212336232,3.0046666666666666,0.004666666666666597,189.0066736251341,True,0.9802355418022862,2.4270439279342213,0.220893374519922,,0.42612163923379376,True,0.10000000000000017,-0.029777979204094078
3.01,2.9673333333333334,3.0526666666666666,False,191.43371755306833,True,0.6860828109301792,0.4000000000000011,0.05131837835200099,-25.794541513559043,3.014666666666667,0.004666666666667041,187.29446357703793,True,0.9288366056983964,4.139253976030403,0.3784404291669321,,0.26857458458678257,True,0.10000000000000017,-0.18732503385110305
3.02,2.977333333333333,3.062666666666667,False,190.3311404729313,True,0.6860828109301792,0.3000000000000021,0.051826934645806726,-25.708889543363714,3.0246666666666666,0.004666666666666597,191.46158711559656,True,0.9364613290317326,1.1304466426652482,-0.1025202051358874,,0.649535218889603,True,0.0,0.19363560045171635
3.03,2.9873333333333334,3.0726666666666667,False,190.3311404729313,True,0.7571601330199093,0.3000000000000021,0.052310148232098036,-25.62828098607296,3.034666666666667,0.004666666666667041,191.60810964894068,True,0.9871477056926069,1.2769691760093735,-0.11576399931715596,,0.6627790130708704,True,0.0,0.20687939463298605
3.04,2.997333333333333,3.082666666666667,False,190.3311404729313,True,0.7571601330199093,0.3000000000000021,0.05257842614148256,-25.58384836014252,3.0446666666666666,0.004666666666666597,190.94062051379402,True,0.9965585978734135,0.6094800408627066,-0.055349155416007136,,0.6023641691697226,True,0.0,0.14646455073183537
3.05,3.0073333333333334,3.0926666666666667,False,189.23491376948436,True,0.8266685594724995,0.20000000000000068,0.05286049118211331,-25.537376114025502,3.054666666666667,0.004666666666667041,190.42046887270195,True,0.9947228397300367,1.185555103217581,-0.10812332062547209,,0.5551383343791885,True,-0.09999999999999873,0.09923871594130282
3.06,3.017333333333333,3.1026666666666665,False,190.3311404729313,True,0.8911444948731203,0.3000000000000021,0.05277156134204055,-25.552001124908795,3.0646666666666667,0.004666666666666597,188.91304883073659,True,0.9963989975082628,1.4180916421947245,0.12947119809369856,,0.41754381566001586,True,0.0,-0.03835580277786871
3.07,3.0273333333333334,3.1126666666666667,False,189.23491376948436,True,0.9459302094659091,0.20000000000000068,0.05129721732990571,-25.79812385996423,3.074666666666667,0.004666666666667041,187.6585836831175,True,0.9964992935136874,1.576330086366852,0.14481609522109246,,0.302198918532624,True,-0.09999999999999873,-0.15370069990526325
3.08,3.037333333333333,3.1226666666666665,False,188.14500086724917,True,0.8911444948731201,0.100000000000004,0.04901590718521793,-26.193259100798798,3.0846666666666667,0.004666666666666597,186.46263830994423,True,0.9944202948743962,1.6823625573049412,0.1555004553537377,,0.19151455839997533,True,-0.19999999999999973,-0.26438506003790857
3.09,3.0473333333333334,3.1326666666666667,False,185.98397121658357,True,0.8911444948731201,-0.10000000000000067,0.046579731094523985,-26.636060459651276,3.094666666666667,0.004666666666667041,185.47949201855891,True,0.9869883026611278,0.5044791980246544,0.047023311203112525,,0.09999170255059914,True,-0.4000000000000028,-0.3559079158872873
3.1,3.0573333333333332,3.1426666666666665,False,184.9127823656466,True,0.8911444948731201,-0.1999999999999978,0.04358875888147103,-27.212509932609006,3.1046666666666667,0.004666666666666597,182.33619395228976,True,0.9830310106303707,2.5765884133568306,0.24292788113235433,,-0.19591286737864025,True,-0.5000000000000001,-0.6518124858165262
3.11,3.0673333333333335,3.1526666666666667,False,182.78887791090543,True,0.8266685594724995,-0.3999999999999989,0.041137493637832936,-27.71524343727769,3.1146666666666665,0.004666666666666597,180.12907234526526,True,0.9976153127821287,2.65980556564017,0.25376691365671816,,-0.406751899903003,True,-0.7000000000000002,-0.8626515183408886
3.12,3.0773333333333333,3.1626666666666665,False,180.68936857950385,True,0.8266685594724994,-0.5999999999999951,0.03953588729328067,-28.06017020005807,3.1246666666666667,0.004666666666666597,179.12838101023672,True,0.9952417434435021,1.5609875692671267,0.15021225535332836,,-0.5031972415996121,True,-0.8999999999999966,-0.9590968600374989
3.13,3.0873333333333335,3.1726666666666667,False,179.64867439581087,True,0.7571601330199091,-0.7000000000000002,0.037648743229050013,-28.48499033231924,3.1346666666666665,0.004666666666666597,178.15061423740792,True,0.9968208390506835,1.49806015840295,0.14496998685517679,,-0.597954973101462,True,-1.0000000000000013,-1.0538545915393491
3.14,3.0973333333333333,3.1826666666666665,False,177.5852333780714,True,0.7571601330199093,-0.9000000000000006,0.035661777101685624,-28.955940376199443,3.1446666666666667,0.004666666666666597,177.82556120646015,True,0.986595242165364,0.24032782838875733,-0.02341312020898589,,-0.629571866037301,True,-1.2000000000000022,-1.0854714844751867
3.15,3.1073333333333335,3.1926666666666668,False,175.5454930018647,True,0.6860828109301793,-1.0999999999999979,0.034084467138417125,-29.34886982363117,3.1546666666666665,0.004666666666666597,177.1105263988676,True,0.984921605360989,1.5650333970028782,-0.15366003941373163,,-0.6993249468325539,True,-1.3999999999999984,-1.1552245652704385
3.16,3.1173333333333333,3.2026666666666666,False,173.52918104210445,True,0.48498680771591135,-1.3000000000000005,0.03367584576677405,-29.453629763781557,3.1646666666666667,0.004666666666666597,175.4061270164937,True,0.9772151949770366,1.8769459743892583,-0.18625023290526393,pyin_probability_below_0.5,-0.8667347533410221,False,-1.6000000000000023,-1.3226343717789093
3.17,3.1273333333333335,3.212666666666667,False,171.53602840047625,True,0.3233360583906409,-1.4999999999999982,0.03319682738159416,-29.578068396103184,3.1746666666666665,0.004666666666666597,172.67836530855547,True,0.9707642551029227,1.1423369080792156,-0.1149086062256843,pyin_probability_below_0.5,-1.1380763800206009,False,-1.800000000000001,-1.593975998458486
3.18,3.1373333333333333,3.2226666666666666,False,169.56576906952336,True,0.2407543944755743,-1.6999999999999988,0.03313068919777423,-29.595390593150395,3.1846666666666668,0.004666666666666597,169.19000659532017,True,0.9667578791876708,0.3757624742031851,0.038407200894811214,pyin_probability_below_0.5,-1.4913921871410958,False,-2.0000000000000004,-1.9472918055789823
3.19,3.1473333333333335,3.232666666666667,False,166.65273064969477,True,0.20650679911775227,-1.9999999999999962,0.03276104646668716,-29.692844685577228,3.1946666666666665,0.004666666666666597,166.21005635692637,True,0.9622355776219589,0.44267429276840176,0.04604739790774929,pyin_probability_below_0.5,-1.7990323841540339,False,-2.3,-2.25493200259192
3.2,3.1573333333333333,3.2426666666666666,False,165.6928815515041,True,0.24075439447557428,-2.099999999999997,0.032031204057228174,-29.888534716838,3.2046666666666668,0.004666666666666597,163.95572801299153,True,0.9698327922776196,1.7371535385125583,0.18246381790108346,pyin_probability_below_0.5,-2.0354488041473693,False,-2.4000000000000004,-2.4913484225852542
3.21,3.167333333333333,3.252666666666667,False,163.7897364863335,True,0.3721358982975087,-2.3,0.031510598231167586,-30.03086703266172,3.2146666666666666,0.004666666666666597,162.29667120650618,True,0.9762623127882569,1.4930652798273343,0.15853856234506036,pyin_probability_below_0.5,-2.2115235485913445,False,-2.6000000000000005,-2.6674231670292317
3.22,3.1773333333333333,3.2626666666666666,False,162.84637702113662,True,0.5485250542599845,-2.4000000000000004,0.030717055275084643,-30.25240841544074,3.224666666666667,0.004666666666666597,161.24526300912038,True,0.980386910529308,1.6011140120162395,0.17105813930304908,,-2.324043125549336,True,-2.700000000000001,-2.779942743987223
3.23,3.187333333333333,3.272666666666667,False,161.90845090664698,True,0.6860828109301793,-2.499999999999999,0.029587806444927933,-30.577744619853245,3.2346666666666666,0.004666666666666597,160.88333798018385,True,0.9804675350990112,1.0251129264631231,0.10996044074618336,,-2.3629454269924697,True,-2.8,-2.8188450454303555
3.24,3.1973333333333334,3.2826666666666666,False,160.97592684906726,True,0.7571601330199094,-2.599999999999996,0.027396430197102827,-31.246120456513204,3.244666666666667,0.004666666666666597,160.67922422108188,True,0.9634297178280594,0.2967026279853826,0.03193866698499763,,-2.384923653231281,True,-2.8999999999999995,-2.840823271669167
3.25,3.207333333333333,3.292666666666667,False,160.97592684906726,True,0.8266685594724994,-2.599999999999996,0.02478809937156007,-32.11513543002303,3.2546666666666666,0.004666666666666597,159.15425162200674,True,0.9285261985327194,1.821675227060524,0.19703111000112428,,-2.550016096247409,True,-2.8999999999999995,-3.005915714685295
3.26,3.2173333333333334,3.3026666666666666,False,160.97592684906726,True,0.7571601330199094,-2.599999999999996,0.022931502684324638,-32.79134970686017,3.264666666666667,0.004666666666667041,157.9133134170084,True,0.8703968130951854,3.0626134320588676,0.3325457876048854,,-2.68553077385117,True,-2.8999999999999995,-3.141430392289055
3.27,3.227333333333333,3.312666666666667,False,160.04877373483913,True,0.6860828109301792,-2.6999999999999966,0.019989763601400493,-33.983846836211306,3.2746666666666666,0.004666666666666597,160.22579208920888,True,0.8190279448643154,0.1770183543697499,-0.019137344410265163,,-2.433847641836019,True,-2.9999999999999987,-2.8897472602739045
3.28,3.2373333333333334,3.3226666666666667,False,160.04877373483913,True,0.6159498854580681,-2.6999999999999966,0.017008663459948337,-35.3865962377717,3.284666666666667,0.004666666666667041,,False,0.0,,,voicing_disagreement,,False,-2.9999999999999987,
3.29,3.247333333333333,3.332666666666667,False,158.21045677717683,True,0.48498680771591124,-2.8999999999999977,0.013513434487871607,-37.384685188960354,3.2946666666666666,0.004666666666666597,,False,0.0,,,pyin_probability_below_0.5|voicing_disagreement,,False,-3.2000000000000006,
3.3,3.2573333333333334,3.3426666666666667,False,160.04877373483913,True,0.12793708630129036,-2.6999999999999966,0.008376932737371647,-41.538299434271536,3.304666666666667,0.004666666666667041,,False,0.0,,,pyin_probability_below_0.5|voicing_disagreement,,False,-2.9999999999999987,
3.31,3.267333333333333,3.3526666666666665,False,160.97592684906726,True,0.010000005216229447,-2.599999999999996,0.005431097949435196,-45.30224729338105,3.3146666666666667,0.004666666666666597,,False,0.0,,,pyin_probability_below_0.5|voicing_disagreement,,False,-2.8999999999999995,
3.32,3.2773333333333334,3.3626666666666667,False,,False,0.010000000003996621,,0.005078910067528564,-45.88458954347483,3.324666666666667,0.004666666666667041,,False,0.0,,,,,False,,
3.33,3.287333333333333,3.3726666666666665,False,,False,0.010000000009505967,,0.005091167382730451,-45.86365248784795,3.3346666666666667,0.004666666666666597,,False,0.0,,,,,False,,
3.34,3.2973333333333334,3.3826666666666667,False,,False,0.010000000021701592,,0.005085664925080129,-45.87304514424645,3.344666666666667,0.004666666666667041,,False,0.0,,,,,False,,
3.35,3.3073333333333332,3.3926666666666665,False,,False,0.010000000009505967,,0.005168021659827342,-45.73351349652964,3.3546666666666667,0.004666666666666597,,False,0.0,,,,,False,,
3.36,3.3173333333333335,3.4026666666666667,False,,False,0.010000000009505966,,0.00864829221466982,-41.26139289109817,3.3646666666666665,0.004666666666666597,,False,0.0,,,,,False,,
3.37,3.3273333333333333,3.4126666666666665,False,222.45470667747657,True,0.01646758759311301,2.999999999999999,0.02266291400806642,-32.893684981898794,3.3746666666666667,0.004666666666666597,,False,0.0,,,pyin_probability_below_0.5|voicing_disagreement,,False,2.7,
3.38,3.3373333333333335,3.4226666666666667,False,209.96928336801093,True,0.09203757081218102,2.0000000000000004,0.029163425564303735,-30.703229294119986,3.3846666666666665,0.004666666666666597,,False,0.0,,,pyin_probability_below_0.5|voicing_disagreement,,False,1.6999999999999993,
3.39,3.3473333333333333,3.4326666666666665,False,207.55758045272898,True,0.1504646013433388,1.800000000000001,0.03352476488098778,-29.492685186006113,3.3946666666666667,0.004666666666666597,222.72464051444095,True,0.7947560447973789,15.167060061711965,-1.220994626537234,pyin_probability_below_0.5|pitch_difference_over_1_semitone,3.26800964029095,False,1.5000000000000004,2.812110021853062
3.4,3.3573333333333335,3.4426666666666668,False,202.8169587634771,True,0.17653060863289757,1.4000000000000004,0.03721857181498389,-28.58480592059721,3.4046666666666665,0.004666666666666597,214.82653441379105,True,0.8614073295980446,12.009575650313963,-0.9959269158596584,pyin_probability_below_0.5,2.642941929613373,False,1.099999999999998,2.187042311175487
3.41,3.3673333333333333,3.4526666666666666,False,200.48740730303228,True,0.27960516533635876,1.1999999999999993,0.040726557225570295,-27.80244601931225,3.4146666666666667,0.004666666666666597,204.97472092855702,True,0.9312370883430244,4.487313625524735,-0.3832124773455024,pyin_probability_below_0.5,1.830227491099214,False,0.8999999999999985,1.3743278726613313
3.42,3.3773333333333335,3.462666666666667,False,199.33268480704808,True,0.2796051653363588,1.1000000000000019,0.04174373979787048,-27.588172906646555,3.4246666666666665,0.004666666666666597,197.55013857232876,True,0.986864264493164,1.7825462347193195,0.15551317944354953,pyin_probability_below_0.5,1.191501834310166,False,0.8000000000000002,0.735602215872281
3.43,3.3873333333333333,3.4726666666666666,False,199.33268480704808,True,0.3233360583906407,1.1000000000000019,0.0422469793249604,-27.48408675648674,3.4346666666666668,0.004666666666666597,193.65376935560778,True,0.9835238574266834,5.678915451440304,0.5003844849443989,pyin_probability_below_0.5,0.8466305288093168,False,0.8000000000000002,0.39073091037143026
3.44,3.3973333333333335,3.482666666666667,False,199.33268480704808,True,0.37213589829750876,1.1000000000000019,0.04233306101381075,-27.466406549563732,3.4446666666666665,0.004666666666666597,191.1726021741811,True,0.9531379904900759,8.160082632866988,0.7236301326736649,pyin_probability_below_0.5,0.6233848810800493,False,0.8000000000000002,0.16748526264216446
3.45,3.4073333333333333,3.4926666666666666,False,194.7799199939686,True,0.7571601330199095,0.7000000000000017,0.03937299788236845,-28.09603033045773,3.4546666666666668,0.004666666666666597,185.9343814155174,True,0.9199893714844432,8.845538578451198,0.8046166881517635,,0.1423983256019517,False,0.4000000000000011,-0.31350129283593453
3.46,3.417333333333333,3.502666666666667,False,192.54268179725335,True,0.8266685594724996,0.5000000000000008,0.03396410881689648,-29.379595527239786,3.4646666666666666,0.004666666666666597,182.780598757032,True,0.9285703497709463,9.762083040221341,0.9007841548050564,,-0.1537691410513427,False,0.20000000000000068,-0.6096687594892294
3.47,3.4273333333333333,3.5126666666666666,False,190.3311404729313,True,0.7571601330199094,0.3000000000000021,0.0292346754884696,-30.682034451344386,3.474666666666667,0.004666666666666597,192.7403035353712,True,0.8796490585226184,2.4091630624398874,-0.2177599076467911,,0.7647749214005057,True,0.0,0.30887530296261934
3.48,3.437333333333333,3.522666666666667,False,189.23491376948436,True,0.6860828109301791,0.20000000000000068,0.024139526133811554,-32.34542518973671,3.4846666666666666,0.004666666666666597,195.888722138556,True,0.7266804521630885,6.6538083690716405,-0.5982726010642657,,1.0452876148179808,False,-0.09999999999999873,0.5893879963800941
3.49,3.4473333333333334,3.5326666666666666,False,183.84776310850236,True,0.4260623290432814,-0.2999999999999981,0.01632662460525426,-35.74207185558485,3.494666666666667,0.004666666666666597,,False,0.0,,,pyin_probability_below_0.5|voicing_disagreement,,False,-0.5999999999999991,
3.5,3.457333333333333,3.542666666666667,False,191.43371755306833,True,0.37213589829750876,0.4000000000000011,0.00999086729832331,-40.007936188380015,3.5046666666666666,0.004666666666666597,,False,0.0,,,pyin_probability_below_0.5|voicing_disagreement,,False,0.10000000000000017,
3.51,3.4673333333333334,3.5526666666666666,False,198.18461302324906,True,0.06608151270920702,1.0000000000000009,0.006243215783202345,-44.091833087263865,3.514666666666667,0.004666666666667041,,False,0.0,,,pyin_probability_below_0.5|voicing_disagreement,,False,0.699999999999998,
3.52,3.477333333333333,3.562666666666667,False,194.7799199939686,True,0.010824463728234165,0.7000000000000017,0.0034142431588505885,-49.33411104236071,3.5246666666666666,0.004666666666666597,,False,0.0,,,pyin_probability_below_0.5|voicing_disagreement,,False,0.4000000000000011,
3.53,3.4873333333333334,3.5726666666666667,False,203.99186545315516,True,0.011085791888943373,1.499999999999997,0.0028818647690677258,-50.80652804452522,3.534666666666667,0.004666666666667041,,False,0.0,,,pyin_probability_below_0.5|voicing_disagreement,,False,1.199999999999996,
3.54,3.497333333333333,3.582666666666667,False,223.74337368352585,True,0.0100000470079773,3.1000000000000023,0.004378019260114438,-47.1744466436531,3.5446666666666666,0.004666666666666597,,False,0.0,,,pyin_probability_below_0.5|voicing_disagreement,,False,2.8000000000000034,
3.55,3.5073333333333334,3.5926666666666667,False,203.99186545315516,True,0.010349055133375844,1.499999999999997,0.01377378331750763,-37.218935068150834,3.554666666666667,0.004666666666667041,,False,0.0,,,pyin_probability_below_0.5|voicing_disagreement,,False,1.199999999999996,
3.56,3.517333333333333,3.6026666666666665,False,190.3311404729313,True,0.020317628556360583,0.3000000000000021,0.02006622342278839,-33.95068713019674,3.5646666666666667,0.004666666666666597,,False,0.0,,,pyin_probability_below_0.5|voicing_disagreement,,False,0.0,
3.57,3.5273333333333334,3.6126666666666667,False,188.14500086724917,True,0.07797523762294818,0.100000000000004,0.02509816243882692,-32.00716148423681,3.574666666666667,0.004666666666667041,203.9866923912308,True,0.6551817297384328,15.841691523981638,-1.3995609680572794,pyin_probability_below_0.5|pitch_difference_over_1_semitone,1.7465759818109938,False,-0.19999999999999973,1.2906763633731102
3.58,3.537333333333333,3.6226666666666665,False,187.0613654014066,True,0.1504646013433388,0.0,0.02895765522079788,-30.76473214086238,3.5846666666666667,0.004666666666666597,192.14044131572243,True,0.7465285754161962,5.079075914315837,-0.4637949975189598,pyin_probability_below_0.5,0.710810011272675,False,-0.30000000000000204,0.25491039283478734
3.59,3.5473333333333334,3.6326666666666667,False,185.98397121658357,True,0.20650679911775227,-0.10000000000000067,0.032118733359790576,-29.864831799436367,3.594666666666667,0.004666666666667041,188.13415760921959,True,0.9145999838237514,2.150186392636016,-0.1990022185876697,pyin_probability_below_0.5,0.34601723234138354,False,-0.4000000000000028,-0.1098823860965035
3.6,3.5573333333333332,3.6426666666666665,False,184.9127823656466,True,0.2407543944755743,-0.1999999999999978,0.03453011355376488,-29.23603986904196,3.6046666666666667,0.004666666666666597,186.20749527861142,True,0.9656720184189962,1.294712912964826,-0.12079427113877883,pyin_probability_below_0.5,0.16780928489249153,False,-0.5000000000000001,-0.2880903335453927
3.61,3.5673333333333335,3.6526666666666667,False,184.9127823656466,True,0.24075439447557428,-0.1999999999999978,0.03645131230995765,-28.765736634319957,3.6146666666666665,0.004666666666666597,183.7140562476107,True,0.9663557051844403,1.1987261180358928,0.1125953169339089,pyin_probability_below_0.5,-0.06558030318019231,False,-0.5000000000000001,-0.5214799216180785
3.62,3.5773333333333333,3.6626666666666665,False,183.84776310850236,True,0.24075439447557434,-0.2999999999999981,0.03730660575283708,-28.56428524693458,3.6246666666666667,0.004666666666666597,182.01318421546705,True,0.9811777139021969,1.8345788930353137,0.17362400054841276,pyin_probability_below_0.5,-0.2266089867946992,False,-0.5999999999999991,-0.6825086052325845
3.63,3.5873333333333335,3.6726666666666667,False,183.84776310850236,True,0.42606232904328145,-0.2999999999999981,0.0370241257370486,-28.630303756504198,3.6346666666666665,0.004666666666666597,180.85680676923786,True,0.9651243008478554,2.9909563392644998,0.28396471954787184,pyin_probability_below_0.5,-0.33694970579415806,False,-0.5999999999999991,-0.7928493242320442
3.64,3.5973333333333333,3.6826666666666665,False,182.78887791090543,True,0.5485250542599845,-0.3999999999999989,0.03443276905097843,-29.26056100672359,3.6446666666666667,0.004666666666666597,177.13215849251233,True,0.897266079644381,5.656719418393095,0.5442255786264305,,-0.6972105648727155,False,-0.7000000000000002,-1.1531101833106014
3.65,3.6073333333333335,3.6926666666666668,False,180.68936857950385,True,0.5485250542599845,-0.5999999999999951,0.03131156168493465,-30.085905422343462,3.6546666666666665,0.004666666666666597,171.6670941563781,True,0.8652743271889443,9.022274423125737,0.8867771884693776,,-1.2397621747156595,False,-0.8999999999999966,-1.6956617931535454
3.66,3.6173333333333333,3.7026666666666666,False,179.64867439581087,True,0.37213589829750865,-0.7000000000000002,0.02830608208926859,-30.962404763713106,3.6646666666666667,0.004666666666666597,178.00251888617242,True,0.8621065594018013,1.6461555096384473,0.1593675987529441,pyin_probability_below_0.5,-0.6123525849992301,False,-1.0000000000000013,-1.0682522034371162
3.67,3.6273333333333335,3.712666666666667,False,180.68936857950385,True,0.03489742801962526,-0.5999999999999951,0.027442290571941714,-31.231592829249646,3.6746666666666665,0.004666666666666597,181.45598330023898,True,0.9120301865861513,0.7666147207351344,-0.07329606648874147,pyin_probability_below_0.5,-0.2796889197575406,False,-0.8999999999999966,-0.7355885381954271
3.68,3.6373333333333333,3.7226666666666666,False,187.0613654014066,True,0.020317628556360583,0.0,0.030126236486245996,-30.42110238169701,3.6846666666666668,0.004666666666666597,182.60375166507418,True,0.8958450082493713,4.457613736332405,0.41754260275879757,pyin_probability_below_0.5,-0.17052758900508397,False,-0.30000000000000204,-0.6264272074429686
3.69,3.6473333333333335,3.732666666666667,False,189.23491376948436,True,0.092037570812181,0.20000000000000068,0.03372931998379205,-29.43984829051407,3.6946666666666665,0.004666666666666597,201.67710184967348,True,0.8478856581136799,12.442188080189112,-1.102428019794885,pyin_probability_below_0.5|pitch_difference_over_1_semitone,1.5494430335485987,False,-0.09999999999999873,1.0935434151107124
3.7,3.6573333333333333,3.7426666666666666,False,188.14500086724917,True,0.27960516533635893,0.100000000000004,0.037136212917125475,-28.604047737855993,3.7046666666666668,0.004666666666666597,196.9207703391451,True,0.8906845782905565,8.775769471895927,-0.7892439818780589,pyin_probability_below_0.5,1.136258995631775,False,-0.19999999999999973,0.6803593771938897
3.71,3.667333333333333,3.752666666666667,False,187.0613654014066,True,0.42606232904328145,0.0,0.04035559743957838,-27.881924376942386,3.7146666666666666,0.004666666666666597,191.18734104446312,True,0.9434688519598783,4.125975643056535,-0.37770454866742426,pyin_probability_below_0.5,0.6247195624211385,False,-0.30000000000000204,0.16881994398325315
3.72,3.6773333333333333,3.7626666666666666,False,185.98397121658357,True,0.5485250542599844,-0.10000000000000067,0.04173318383656424,-27.59036963147604,3.724666666666667,0.004666666666666597,186.9563346556504,True,0.9726623389979963,0.9723634390668394,-0.09027678059065579,,0.23729179434436676,True,-0.4000000000000028,-0.21860782409351825
3.73,3.687333333333333,3.772666666666667,False,185.98397121658357,True,0.5485250542599844,-0.10000000000000067,0.04229578345450425,-27.47405852186911,3.7346666666666666,0.004666666666666597,183.98112175279383,True,0.986321309783014,2.002849463789744,0.18744660654163497,,-0.040431592787923354,True,-0.4000000000000028,-0.4963312112258098
3.74,3.6973333333333334,3.7826666666666666,False,185.98397121658357,True,0.6159498854580681,-0.10000000000000067,0.042385491278787144,-27.45565557374801,3.744666666666667,0.004666666666666597,182.6809256642071,True,0.9861360656886631,3.30304555237646,0.3102274173551115,,-0.16321240360140082,True,-0.4000000000000028,-0.6191120220392854
3.75,3.707333333333333,3.792666666666667,False,184.9127823656466,True,0.7571601330199093,-0.1999999999999978,0.04166574750905625,-27.604416445183112,3.7546666666666666,0.004666666666666597,181.6560310600938,True,0.9518428341704799,3.256751305552797,0.307628303146918,,-0.26061328939320316,True,-0.5000000000000001,-0.7165129078310892
3.76,3.7173333333333334,3.8026666666666666,False,183.84776310850236,True,0.8911444948731202,-0.2999999999999981,0.03859380977167569,-28.26964696231208,3.764666666666667,0.004666666666667041,177.8615776158228,True,0.9143877856742926,5.986185492679567,0.5730808303660482,,-0.626065816612331,False,-0.5999999999999991,-1.0819654350502175
3.77,3.727333333333333,3.812666666666667,False,182.78887791090543,True,0.8911444948731202,-0.3999999999999989,0.033617819299724044,-29.468609230669042,3.7746666666666666,0.004666666666666597,175.4468314523709,True,0.9267845666709024,7.342046458534526,0.7097327620244469,,-0.8627177482707304,False,-0.7000000000000002,-1.3186173667086172
3.78,3.7373333333333334,3.8226666666666667,False,181.73609144327253,True,0.8266685594724995,-0.4999999999999981,0.027194883440641075,-31.310255965286462,3.784666666666667,0.004666666666667041,181.59268859801168,True,0.9150953855593116,0.14340284526085156,0.013666074089263885,,-0.2666510603355485,True,-0.8000000000000008,-0.7225506787734343
3.79,3.747333333333333,3.832666666666667,False,179.64867439581087,True,0.5485250542599847,-0.7000000000000002,0.020118926735053364,-33.92790381772615,3.7946666666666666,0.004666666666666597,185.61418473325955,True,0.8628794266792832,5.965510337448677,-0.5655441152285097,,0.11255912898222381,False,-1.0000000000000013,-0.3433404894556628
3.8,3.7573333333333334,3.8426666666666667,False,175.5454930018647,True,0.20650679911775227,-1.0999999999999979,0.013579248653123042,-37.34248518259757,3.804666666666667,0.004666666666667041,,False,0.0,,,pyin_probability_below_0.5|voicing_disagreement,,False,-1.3999999999999984,
3.81,3.767333333333333,3.8526666666666665,False,180.68936857950385,True,0.01646758759311301,-0.5999999999999951,0.010165762624826866,-39.85720070976532,3.8146666666666667,0.004666666666666597,,False,0.0,,,pyin_probability_below_0.5|voicing_disagreement,,False,-0.8999999999999966,
3.82,3.7773333333333334,3.8626666666666667,False,180.68936857950385,True,0.010000206339031342,-0.5999999999999951,0.008852057340200514,-41.0591156308829,3.824666666666667,0.004666666666667041,,False,0.0,,,pyin_probability_below_0.5|voicing_disagreement,,False,-0.8999999999999966,
3.83,3.787333333333333,3.8726666666666665,False,,False,0.010000002871100368,,0.008217130761521977,-41.705596038413404,3.8346666666666667,0.004666666666666597,,False,0.0,,,,,False,,
3.84,3.7973333333333334,3.8826666666666667,False,,False,0.010000000814014908,,0.008304323423349044,-41.61391489935226,3.844666666666667,0.004666666666667041,,False,0.0,,,,,False,,
3.85,3.8073333333333332,3.8926666666666665,False,,False,0.010000000208892744,,0.008351363043350586,-41.564852732494586,3.8546666666666667,0.004666666666666597,,False,0.0,,,,,False,,
3.86,3.8173333333333335,3.9026666666666667,False,,False,0.010000000001606037,,0.008907085015904353,-41.00528804864055,3.8646666666666665,0.004666666666666597,,False,0.0,,,,,False,,
3.87,3.8273333333333333,3.9126666666666665,False,,False,0.010002815825811097,,0.015079289386823581,-36.432382483188206,3.8746666666666667,0.004666666666666597,,False,0.0,,,,,False,,
3.88,3.8373333333333335,3.9226666666666667,False,180.68936857950385,True,0.011085791888943373,-0.5999999999999951,0.019179641353489433,-34.34319036213586,3.8846666666666665,0.004666666666666597,,False,0.0,,,pyin_probability_below_0.5|voicing_disagreement,,False,-0.8999999999999966,
3.89,3.8473333333333333,3.9326666666666665,False,179.64867439581087,True,0.030106861794195014,-0.7000000000000002,0.02341895988615516,-32.60864794593436,3.8946666666666667,0.004666666666666597,196.0213041040006,True,0.6095377708750178,16.37262970818972,-1.5099860253839616,pyin_probability_below_0.5|pitch_difference_over_1_semitone,1.0570010391376738,False,-1.0000000000000013,0.6011014206997878
3.9,3.8573333333333335,3.9426666666666668,False,175.5454930018647,True,0.1765306086328976,-1.0999999999999979,0.025438835047499404,-31.89005561521061,3.9046666666666665,0.004666666666666597,184.84147252425268,True,0.7745065082394746,9.295979522387967,-0.893322374233553,pyin_probability_below_0.5,0.040337387987271434,False,-1.3999999999999984,-0.41556223045061697
3.91,3.8673333333333333,3.9526666666666666,False,175.5454930018647,True,0.20650679911775227,-1.0999999999999979,0.026554122038428954,-31.517361062580132,3.9146666666666667,0.004666666666666597,177.80391962346962,True,0.9250888151542056,2.2584266216049116,-0.22130605949468463,pyin_probability_below_0.5,-0.6316789267515985,False,-1.3999999999999984,-1.0875785451894862
3.92,3.8773333333333335,3.962666666666667,False,175.5454930018647,True,0.2407543944755743,-1.0999999999999979,0.027421177919303392,-31.238277867030835,3.9246666666666665,0.004666666666666597,175.0855846450192,True,0.9649363471836067,0.4599083568455171,0.04541579535832952,pyin_probability_below_0.5,-0.898400781604614,False,-1.3999999999999984,-1.3543004000424996
3.93,3.8873333333333333,3.9726666666666666,False,174.53442536143424,True,0.27960516533635893,-1.199999999999998,0.028488483966482604,-30.906613228274278,3.9346666666666668,0.004666666666666597,172.86510781659408,True,0.9238940067727271,1.669317544840169,0.1663791306327131,pyin_probability_below_0.5,-1.1193641168789974,False,-1.5000000000000004,-1.5752637353168835
3.94,3.8973333333333335,3.982666666666667,False,174.53442536143424,True,0.32333605839064083,-1.199999999999998,0.029117559494100255,-30.716900569777586,3.9446666666666665,0.004666666666666597,167.53857679896865,True,0.9409466868729686,6.995848562465596,0.7082195991608093,pyin_probability_below_0.5,-1.6612045854070945,False,-1.5000000000000004,-2.117104203844981
3.95,3.9073333333333333,3.9926666666666666,False,172.52972650401387,True,0.6860828109301793,-1.3999999999999961,0.028107089985717933,-31.02368231842069,3.9546666666666668,0.004666666666666597,165.79409658337462,True,0.9795545765497248,6.735629920639241,0.6894278251361156,,-1.8424128113823992,False,-1.6999999999999988,-2.298312429820286
3.96,3.917333333333333,4.002666666666666,False,171.53602840047625,True,0.6860828109301793,-1.4999999999999982,0.02559609147003657,-31.836526930161163,3.9646666666666666,0.004666666666666597,165.02581199137754,True,0.9705109231418397,6.510216409098717,0.6698391185184407,,-1.9228241047647265,False,-1.800000000000001,-2.378723723202613
3.97,3.9273333333333333,4.012666666666667,False,168.58914210463126,True,0.6159498854580678,-1.799999999999999,0.02198763519326763,-33.15642954442735,3.974666666666667,0.004666666666666597,163.8084573650873,True,0.9604773320087513,4.780684739543972,0.49802134301284134,,-2.051006329259125,True,-2.0999999999999996,-2.50690594769701
3.98,3.937333333333333,4.022666666666667,False,164.73856077731807,True,0.8266685594724994,-2.1999999999999997,0.017496411811799558,-35.141020157836195,3.9846666666666666,0.004666666666666597,161.36997930714776,True,0.9512159585587112,3.3685814701703123,0.35767296191192643,,-2.310657948158214,True,-2.5000000000000013,-2.7665575665960995
3.99,3.9473333333333334,4.032666666666667,False,164.73856077731807,True,0.8266685594724994,-2.1999999999999997,0.015048341343174012,-36.450227323933476,3.994666666666667,0.004666666666666597,162.2167856082283,True,0.9224606769468227,2.5217751690897785,0.2670621331035648,,-2.220047119349852,True,-2.5000000000000013,-2.6759467377877377
4.0,3.957333333333333,4.042666666666666,False,164.73856077731807,True,0.4849868077159113,-2.1999999999999997,0.013422075236968457,-37.44360662181063,4.004666666666667,0.004666666666667041,168.67980510423735,True,0.8524699395661776,3.941244326919275,-0.40930763872501374,pyin_probability_below_0.5,-1.543677347521272,False,-2.5000000000000013,-1.9995769659591576
4.01,3.9673333333333334,4.052666666666667,False,174.53442536143424,True,0.010824463728234167,-1.199999999999998,0.016336398297224452,-35.73687373215355,4.014666666666667,0.004666666666667041,169.77155915973674,True,0.7750410890143387,4.762866201697506,0.47900196499611736,pyin_probability_below_0.5,-1.4319869512424022,False,-1.5000000000000004,-1.887886569680287
4.02,3.977333333333333,4.062666666666667,False,172.52972650401387,True,0.010622609040911533,-1.3999999999999961,0.020577647789058098,-33.73208541034095,4.024666666666667,0.004666666666667041,175.35243736056844,True,0.541080085551447,2.822710856554579,-0.28095032746680165,pyin_probability_below_0.5,-0.8720346587794826,False,-1.6999999999999988,-1.3279342772173697
4.03,3.9873333333333334,4.072666666666667,False,165.6928815515041,True,0.015085587297504338,-2.099999999999997,0.02510783256892885,-32.00381552191192,4.034666666666666,0.004666666666666153,179.9424931507712,True,0.6714421555075735,14.249611599267126,-1.4282915261525762,pyin_probability_below_0.5|pitch_difference_over_1_semitone,-0.4246934600937071,False,-2.4000000000000004,-0.8805930785315935
4.04,3.997333333333333,4.082666666666666,False,162.84637702113662,True,0.020317628556360583,-2.4000000000000004,0.028774264362783387,-30.819915412881045,4.044666666666667,0.004666666666667041,180.0745375056496,True,0.6980526838798881,17.228160484512983,-1.7409909083449309,pyin_probability_below_0.5|pitch_difference_over_1_semitone,-0.41199407790135567,False,-2.700000000000001,-0.8678936963392412
4.05,4.007333333333333,4.092666666666666,False,160.97592684906726,True,0.04069733156888106,-2.599999999999996,0.033514514620375226,-29.495341319359518,4.054666666666667,0.004666666666667041,167.52595781367282,True,0.6952135556664549,6.550030964605554,-0.6904763883423484,pyin_probability_below_0.5,-1.6625085979039338,False,-2.8999999999999995,-2.11840821634182
4.06,4.017333333333333,4.102666666666667,False,160.04877373483913,True,0.07797523762294818,-2.6999999999999966,0.03714465874297771,-28.60207254532172,4.064666666666667,0.004666666666667041,161.14549561362423,True,0.9277147486246896,1.0967218787851039,-0.11822686884537584,pyin_probability_below_0.5,-2.334758117400908,False,-2.9999999999999987,-2.790657735838793
4.07,4.027333333333333,4.112666666666667,False,158.21045677717683,True,0.12793708630129036,-2.8999999999999977,0.04050318266895106,-27.850216986938374,4.074666666666666,0.004666666666666153,158.73894590905306,True,0.9642236174069697,0.5284891318762277,-0.05773408751355656,pyin_probability_below_0.5,-2.5952508987327287,False,-3.2000000000000006,-3.051150517170615
4.08,4.037333333333334,4.1226666666666665,False,158.21045677717683,True,0.1765306086328976,-2.8999999999999977,0.04231516838880913,-27.470078531116346,4.084666666666667,0.004666666666667041,157.62470327141432,True,0.9752832496615135,0.5857535057625114,0.06421562286209773,pyin_probability_below_0.5,-2.7172006091083807,False,-3.2000000000000006,-3.173100227546267
4.09,4.0473333333333334,4.132666666666666,False,156.39325469067515,True,0.32333605839064083,-3.100000000000001,0.04370868070495149,-27.188646039599114,4.094666666666667,0.004666666666667041,156.36304712512546,True,0.9687057325704479,0.030207565549687843,0.0033442246169307797,pyin_probability_below_0.5,-2.8563292108632194,False,-3.4000000000000012,-3.3122288293011044
4.1,4.057333333333333,4.142666666666667,False,155.49249582586248,True,0.48498680771591124,-3.2000000000000006,0.04278269902988376,-27.374636411741523,4.104666666666667,0.004666666666667041,154.8419021770352,True,0.9756233233980587,0.6505936488272823,0.07258824895247426,pyin_probability_below_0.5,-3.0255732351987596,False,-3.5000000000000027,-3.4814728536366477
4.11,4.067333333333333,4.152666666666667,False,155.49249582586248,True,0.6159498854580681,-3.2000000000000006,0.04233896721438648,-27.465194800948804,4.1146666666666665,0.004666666666666153,153.1336860618517,True,0.9829675113387301,2.358809764010772,0.2646393297739497,,-3.2176243160202347,True,-3.5000000000000027,-3.673523934458122
4.12,4.077333333333334,4.1626666666666665,False,154.59692495035372,True,0.6860828109301792,-3.3000000000000007,0.041206860548636,-27.700609441292325,4.124666666666666,0.004666666666666153,151.57821177308145,True,0.9941323462321726,3.018713177272275,0.34139077672566676,,-3.3943757629719524,True,-3.6000000000000014,-3.8502753814098387
4.13,4.0873333333333335,4.172666666666666,False,153.70651218352927,True,0.7571601330199094,-3.399999999999997,0.03933742361399056,-28.10388174795113,4.134666666666667,0.004666666666667041,151.64770894750558,True,0.9821972461067243,2.0588032360236923,0.2334550516730226,,-3.386440037919309,True,-3.6999999999999984,-3.842339656357195
4.14,4.097333333333333,4.182666666666667,False,152.82122781686914,True,0.8266685594724996,-3.4999999999999982,0.03735567264276239,-28.552868781718452,4.144666666666667,0.004666666666667041,151.54689921097173,True,0.9829742401672096,1.2743286058974093,0.14496747637319818,,-3.3979524626194824,True,-3.8,-3.8538520810573673
4.15,4.107333333333333,4.192666666666667,False,152.82122781686914,True,0.7571601330199094,-3.4999999999999982,0.03573741169007615,-28.937538096161436,4.1546666666666665,0.004666666666666153,151.85510825357736,True,0.9913576690081876,0.9661195632917838,0.10979419740978222,,-3.3627791836560674,True,-3.8,-3.818678802093954
4.16,4.117333333333334,4.2026666666666666,False,152.82122781686914,True,0.6860828109301793,-3.4999999999999982,0.035346892313858694,-29.032975264086378,4.164666666666666,0.004666666666666153,152.79839328108775,True,0.9928203958646644,0.022834535781385057,0.0025870018273646943,,-3.255571988073648,True,-3.8,-3.7114716065115347
4.17,4.1273333333333335,4.212666666666666,False,153.70651218352927,True,0.6860828109301793,-3.399999999999997,0.03570389682901624,-28.945687622305098,4.174666666666667,0.004666666666667041,153.39494423024894,True,0.9926897439523138,0.31156795328033127,0.03512827589181915,,-3.1881132621381023,True,-3.6999999999999984,-3.6440128805759873
4.18,4.137333333333333,4.222666666666667,False,154.59692495035372,True,0.6159498854580681,-3.3000000000000007,0.03635681571678067,-28.788283222527276,4.184666666666667,0.004666666666667041,154.33990489575837,True,0.9938590015277725,0.25702005459535826,0.028806016601452156,,-3.081791002847738,True,-3.6000000000000014,-3.5376906212856234
4.19,4.147333333333333,4.232666666666667,False,155.49249582586248,True,0.5485250542599844,-3.2000000000000006,0.03745932222614023,-28.52880169677581,4.1946666666666665,0.004666666666666153,155.14322467622432,True,0.9927694416723508,0.349271149638156,0.03893115450117009,,-2.9919161407474597,True,-3.5000000000000027,-3.447815759185345
4.2,4.157333333333334,4.242666666666667,False,156.39325469067515,True,0.6159498854580681,-3.100000000000001,0.03908473084866609,-28.159857488051344,4.204666666666666,0.004666666666666153,156.16462041944155,True,0.9905289002938777,0.22863427123360225,0.025327757657847526,,-2.8783127439041354,True,-3.4000000000000012,-3.3342123623420212
4.21,4.167333333333334,4.252666666666666,False,157.29923159850804,True,0.615949885458068,-2.9999999999999987,0.041096290911521484,-27.723947459971967,4.214666666666667,0.004666666666667041,157.15479771827694,True,0.987047805001538,0.14443388023110515,0.01590368356370494,,-2.7688886698099897,True,-3.299999999999999,-3.2247882882478764
4.22,4.177333333333333,4.262666666666667,False,158.21045677717683,True,0.6860828109301794,-2.8999999999999977,0.04245598122531157,-27.44122234860667,4.224666666666667,0.004666666666667041,158.04127651950267,True,0.9899499480176933,0.16918025767415656,0.0185226273640718,,-2.6715076136103573,True,-3.2000000000000006,-3.1274072320482427
4.23,4.187333333333333,4.272666666666667,False,158.21045677717683,True,0.6860828109301793,-2.8999999999999977,0.04379458105222133,-27.171592477001493,4.234666666666667,0.004666666666666153,158.92592240519366,True,0.9930097518622942,0.7154656280168297,-0.0781140631522309,,-2.574870923094053,True,-3.2000000000000006,-3.030770541531939
4.24,4.197333333333333,4.282666666666667,False,159.12696062960518,True,0.7571601330199094,-2.8,0.04376418693409282,-27.1776227118343,4.244666666666666,0.004666666666666153,159.58032292978902,True,0.9885878755052551,0.4533623001838407,-0.04925377112690385,,-2.5037312151193833,True,-3.100000000000001,-2.9596308335572683
4.25,4.207333333333334,4.292666666666666,False,159.12696062960518,True,0.8266685594724996,-2.8,0.04344629670098464,-27.240944725328518,4.254666666666667,0.004666666666667041,159.86783188343543,True,0.9761287483605996,0.7408712538302495,-0.08041660095459789,,-2.4725683852916878,True,-3.100000000000001,-2.9284680037295736
4.26,4.217333333333333,4.302666666666667,False,160.04877373483913,True,0.8266685594724996,-2.6999999999999966,0.04218741224118849,-27.49634226498142,4.264666666666667,0.004666666666667041,160.54624655408873,True,0.964874498057139,0.4974728192495945,-0.05372775744521955,,-2.399257228801064,True,-2.9999999999999987,-2.85515684723895
4.27,4.227333333333333,4.312666666666667,False,160.04877373483913,True,0.7571601330199094,-2.6999999999999966,0.04086239780393949,-27.773523051445025,4.274666666666667,0.004666666666667041,161.56403780159906,True,0.9685542998631924,1.5152640667599258,-0.16313380948688613,,-2.2898511767593996,True,-2.9999999999999987,-2.7457507951972846
4.28,4.237333333333333,4.322666666666667,False,160.97592684906726,True,0.7571601330199093,-2.599999999999996,0.03897355692934536,-28.18459912854245,4.284666666666666,0.004666666666666153,162.80510287995702,True,0.9762932977822741,1.8291760308897551,-0.19561155386362988,,-2.1573734323826557,True,-2.8999999999999995,-2.6132730508205406
4.29,4.247333333333334,4.332666666666666,False,161.90845090664698,True,0.6860828109301792,-2.499999999999999,0.03687525774696757,-28.66529870830569,4.294666666666667,0.004666666666667041,164.2983720187551,True,0.9819742166201452,2.3899211121081123,-0.2536787426870622,,-1.9993062435592237,True,-2.8,-2.45520586199711
4.3,4.257333333333333,4.342666666666666,False,162.84637702113662,True,0.6860828109301792,-2.4000000000000004,0.03525945647358539,-29.054487733157075,4.304666666666667,0.004666666666667041,165.81041201532585,True,0.9778962865153048,2.964034994189234,-0.3122757603465667,,-1.8407092258997197,True,-2.700000000000001,-2.296608844337607
4.31,4.267333333333333,4.352666666666667,False,163.7897364863335,True,0.7571601330199094,-2.3,0.03246523362307975,-29.771629351065954,4.314666666666667,0.004666666666667041,166.99413978694824,True,0.9811552905728779,3.2044033006147288,-0.3354302336836545,,-1.7175547525626318,True,-2.6000000000000005,-2.173454371000518
4.32,4.277333333333333,4.362666666666667,False,164.73856077731807,True,0.6860828109301793,-2.1999999999999997,0.030318036105127052,-30.365978683708626,4.324666666666666,0.004666666666666153,167.6026447289712,True,0.9883392979629124,2.8640839516531287,-0.29839949608024385,,-1.654585490166044,True,-2.5000000000000013,-2.11048510860393
4.33,4.287333333333334,4.3726666666666665,False,164.73856077731807,True,0.6860828109301793,-2.1999999999999997,0.028396660024584967,-30.934654761167643,4.334666666666667,0.004666666666667041,166.42296564642177,True,0.9734258686190815,1.6844048691037017,-0.1761149153499176,,-1.7768700708963707,True,-2.5000000000000013,-2.2327696893342566
4.34,4.2973333333333334,4.382666666666666,False,164.73856077731807,True,0.48498680771591135,-2.1999999999999997,0.026475082581927257,-31.543253531061577,4.344666666666667,0.004666666666667041,163.9761686734213,True,0.9477251849533703,0.762392103896758,0.08030559128605333,pyin_probability_below_0.5,-2.033290577532338,False,-2.5000000000000013,-2.4891901959702265
4.35,4.307333333333333,4.392666666666667,False,164.73856077731807,True,0.24075439447557428,-2.1999999999999997,0.025111208014189215,-32.00264788729705,4.354666666666667,0.004666666666667041,162.32742275526854,True,0.8632754789816517,2.4111380220495278,0.25525857608227404,pyin_probability_below_0.5,-2.208243562328559,False,-2.5000000000000013,-2.664143180766445
4.36,4.317333333333333,4.402666666666667,False,164.73856077731807,True,0.047686993082531035,-2.1999999999999997,0.024375754981377878,-32.26083848352711,4.3646666666666665,0.004666666666666153,163.6116108091977,True,0.7035995748897719,1.126949968120357,0.1188378740799011,pyin_probability_below_0.5,-2.0718228603261872,False,-2.5000000000000013,-2.5277224787640726
4.37,4.327333333333334,4.4126666666666665,False,164.73856077731807,True,0.015085587297504338,-2.1999999999999997,0.023353729551119227,-32.63287506929732,4.374666666666667,0.004666666666667041,,False,0.0,,,pyin_probability_below_0.5|voicing_disagreement,,False,-2.5000000000000013,
4.38,4.3373333333333335,4.422666666666666,False,164.73856077731807,True,0.010073751764282884,-2.1999999999999997,0.02222660707254633,-33.06253655990525,4.384666666666667,0.004666666666667041,,False,0.0,,,pyin_probability_below_0.5|voicing_disagreement,,False,-2.5000000000000013,
4.39,4.347333333333333,4.432666666666667,False,163.7897364863335,True,0.010000009287486629,-2.3,0.02188232624955058,-33.198130224796316,4.394666666666667,0.004666666666667041,,False,0.0,,,pyin_probability_below_0.5|voicing_disagreement,,False,-2.6000000000000005,
4.4,4.357333333333333,4.442666666666667,False,172.52972650401387,True,0.010000000009505967,-1.3999999999999961,0.021448608078800054,-33.37201772768377,4.4046666666666665,0.004666666666666153,,False,0.0,,,pyin_probability_below_0.5|voicing_disagreement,,False,-1.6999999999999988,
4.41,4.367333333333334,4.4526666666666666,False,,False,0.010000000001606035,,0.021998018016480148,-33.15232893199354,4.414666666666666,0.004666666666666153,,False,0.0,,,,,False,,
4.42,4.3773333333333335,4.462666666666666,False,,False,0.010000000208892742,,0.022774340471571987,-32.85108382053885,4.424666666666667,0.004666666666667041,,False,0.0,,,,,False,,
4.43,4.387333333333333,4.472666666666667,False,,False,0.010000000009505967,,0.02330405911351127,-32.65136853479008,4.434666666666667,0.004666666666667041,,False,0.0,,,,,False,,
4.44,4.397333333333333,4.482666666666667,False,,False,0.010000000208892745,,0.022366734580437458,-33.00794831736412,4.4446666666666665,0.004666666666666153,,False,0.0,,,,,False,,
4.45,4.407333333333334,4.492666666666667,False,,False,0.01000000000950597,,0.020288675218313835,-33.85492619995375,4.454666666666666,0.004666666666666153,,False,0.0,,,,,False,,
4.46,4.417333333333334,4.502666666666666,False,,False,0.01000000002170159,,0.020542504469946456,-33.746932197080326,4.464666666666667,0.004666666666667041,,False,0.0,,,,,False,,
4.47,4.427333333333333,4.512666666666667,False,,False,0.010000328604501658,,0.02369312822785971,-32.507551902972445,4.474666666666667,0.004666666666667041,,False,0.0,,,,,False,,
4.48,4.437333333333333,4.522666666666667,False,195.90826859169485,True,0.010191075496968313,0.8000000000000002,0.02576141042611326,-31.780607264513407,4.484666666666667,0.004666666666666153,,False,0.0,,,pyin_probability_below_0.5|voicing_disagreement,,False,0.49999999999999706,
4.49,4.447333333333333,4.532666666666667,False,193.6580702059513,True,0.018187375734912182,0.6000000000000013,0.027620862142469026,-31.175255394312614,4.494666666666666,0.004666666666666153,209.65377630415986,True,0.6187481131101603,15.995706098208558,-1.3739663175318781,pyin_probability_below_0.5|pitch_difference_over_1_semitone,2.2209813312855937,False,0.3000000000000021,1.7650817128477079
4.5,4.457333333333334,4.542666666666666,False,192.54268179725335,True,0.07797523762294818,0.5000000000000008,0.029263388067259102,-30.673507867883046,4.504666666666667,0.004666666666667041,198.41979402214156,True,0.8200473954337726,5.877112224888208,-0.5205319655286873,pyin_probability_below_0.5,1.2675469792824006,False,0.20000000000000068,0.8116473608445138
4.51,4.467333333333333,4.552666666666667,False,195.90826859169485,True,0.32333605839064083,0.8000000000000002,0.029430196551929057,-30.624136748403195,4.514666666666667,0.004666666666667041,195.62539713945722,True,0.9542081908938063,0.2828714522376288,0.02501530865362308,pyin_probability_below_0.5,1.0219997051000873,False,0.49999999999999706,0.5661000866622015
4.52,4.477333333333333,4.562666666666667,False,194.7799199939686,True,0.48498680771591124,0.7000000000000017,0.030402462410647674,-30.34182479621476,4.524666666666667,0.004666666666667041,194.06462560110774,True,0.9886156386994978,0.7152943928608693,0.06369349493864268,pyin_probability_below_0.5,0.8833215188150743,False,0.4000000000000011,0.42742190037718875
4.53,4.487333333333333,4.572666666666667,False,194.7799199939686,True,0.5485250542599844,0.7000000000000017,0.031355957784046484,-30.07359857870178,4.534666666666666,0.004666666666666153,193.85939560261565,True,0.9831256499857947,0.9205243913529557,0.08201157657356908,,0.8650034371801474,True,0.4000000000000011,0.4091038187422633
4.54,4.497333333333334,4.582666666666666,False,194.7799199939686,True,0.7571601330199094,0.7000000000000017,0.03207220905674157,-29.87742251760682,4.544666666666667,0.004666666666667041,193.38907832102922,True,0.9805041319428707,1.3908416729393878,0.12406363084437769,,0.8229513829093347,True,0.4000000000000011,0.36705176447145205
4.55,4.507333333333333,4.592666666666666,False,193.6580702059513,True,0.9459302094659092,0.6000000000000013,0.02987817932293916,-30.492917410286715,4.554666666666667,0.004666666666667041,192.77815072114365,True,0.9824293561751251,0.8799194848076581,0.07884091204639476,,0.7681741017073183,True,0.3000000000000021,0.3122744832694323
4.56,4.517333333333333,4.602666666666667,False,193.6580702059513,True,0.9459302094659092,0.6000000000000013,0.026643882582418787,-31.488049778279823,4.564666666666667,0.004666666666667041,192.51418009551824,True,0.9749883694470654,1.1438901104330625,0.10256290026089968,,0.744452113492817,True,0.3000000000000021,0.28855249505493163
4.57,4.527333333333333,4.612666666666667,False,193.6580702059513,True,0.9459302094659092,0.6000000000000013,0.02323544555772241,-32.67697990342258,4.574666666666666,0.004666666666666153,193.699026300872,True,0.9710737032245217,0.04095609492068775,-0.0036609416451719935,,0.8506759553988864,True,0.3000000000000021,0.39477633696099945
4.58,4.537333333333334,4.6226666666666665,False,193.6580702059513,True,0.8911444948731204,0.6000000000000013,0.01972120888085454,-34.10132933942465,4.584666666666667,0.004666666666667041,193.88078158919492,True,0.9651049129879546,0.22271138324362028,-0.019898163523247244,,0.8669131772769637,True,0.3000000000000021,0.41101355883907864
4.59,4.5473333333333334,4.632666666666666,False,193.6580702059513,True,0.8911444948731204,0.6000000000000013,0.016320974716551282,-35.74507815995336,4.594666666666667,0.004666666666667041,193.2142164702302,True,0.9281724742590682,0.4438537357210919,0.03972448085308429,,0.8072905329006339,True,0.3000000000000021,0.3513909144627456
4.6,4.557333333333333,4.642666666666667,False,192.54268179725335,True,0.8911444948731203,0.5000000000000008,0.013332378139477505,-37.50184754325513,4.604666666666667,0.004666666666667041,,False,0.0,,,voicing_disagreement,,False,0.20000000000000068,
4.61,4.567333333333333,4.652666666666667,False,194.7799199939686,True,0.8266685594724996,0.7000000000000017,0.010574224599217462,-39.51502938615575,4.6146666666666665,0.004666666666666153,,False,0.0,,,voicing_disagreement,,False,0.4000000000000011,
4.62,4.577333333333334,4.6626666666666665,False,193.6580702059513,True,0.686082810930179,0.6000000000000013,0.007533396863531566,-42.460183061804024,4.624666666666667,0.004666666666667041,,False,0.0,,,voicing_disagreement,,False,0.3000000000000021,
4.63,4.5873333333333335,4.672666666666666,False,194.7799199939686,True,0.2796051653363589,0.7000000000000017,0.004584074807798155,-46.77496607409061,4.634666666666667,0.004666666666667041,,False,0.0,,,pyin_probability_below_0.5|voicing_disagreement,,False,0.4000000000000011,
4.64,4.597333333333333,4.682666666666667,False,192.54268179725335,True,0.1504646013433388,0.5000000000000008,0.0026476461680062847,-51.54280109121774,4.644666666666667,0.004666666666667041,,False,0.0,,,pyin_probability_below_0.5|voicing_disagreement,,False,0.20000000000000068,
4.65,4.607333333333333,4.692666666666667,False,194.7799199939686,True,0.48498680771591124,0.7000000000000017,0.002201242963593278,-53.146640385422316,4.6546666666666665,0.004666666666666153,,False,0.0,,,pyin_probability_below_0.5|voicing_disagreement,,False,0.4000000000000011,
4.66,4.617333333333334,4.7026666666666666,False,194.7799199939686,True,0.5485250542599845,0.7000000000000017,0.0017071470187665532,-55.35458152041619,4.664666666666666,0.004666666666666153,,False,0.0,,,voicing_disagreement,,False,0.4000000000000011,
4.67,4.6273333333333335,4.712666666666666,False,193.6580702059513,True,0.37213589829750865,0.6000000000000013,0.0011462355980256292,-58.81452216034975,4.674666666666667,0.004666666666667041,,False,0.0,,,pyin_probability_below_0.5|voicing_disagreement,,False,0.3000000000000021,
4.68,4.637333333333333,4.722666666666667,False,193.6580702059513,True,0.3233360583906409,0.6000000000000013,0.0008999980200791115,-60.915168919428226,4.684666666666667,0.004666666666667041,,False,0.0,,,pyin_probability_below_0.5|voicing_disagreement,,False,0.3000000000000021,
4.69,4.647333333333333,4.732666666666667,False,194.7799199939686,True,0.17653060863289755,0.7000000000000017,0.0007216295129915697,-62.83371426909835,4.6946666666666665,0.004666666666666153,,False,0.0,,,pyin_probability_below_0.5|voicing_disagreement,,False,0.4000000000000011,
4.7,4.657333333333334,4.742666666666667,False,193.6580702059513,True,0.24075439447557428,0.6000000000000013,0.0005729374563373521,-64.83785568805453,4.704666666666666,0.004666666666666153,,False,0.0,,,pyin_probability_below_0.5|voicing_disagreement,,False,0.3000000000000021,
4.71,4.667333333333334,4.752666666666666,False,192.54268179725335,True,0.10857977072874496,0.5000000000000008,0.00048391383849434973,-66.30463916370479,4.714666666666667,0.004666666666667041,,False,0.0,,,pyin_probability_below_0.5|voicing_disagreement,,False,0.20000000000000068,
4.72,4.677333333333333,4.762666666666667,False,191.43371755306833,True,0.015085587297504336,0.4000000000000011,0.00036310077245636264,-68.79945654346184,4.724666666666667,0.004666666666667041,,False,0.0,,,pyin_probability_below_0.5|voicing_disagreement,,False,0.10000000000000017,
4.73,4.687333333333333,4.772666666666667,False,197.04315364635175,True,0.01001876450976914,0.9000000000000021,0.00028712487265100564,-70.83858368840524,4.734666666666667,0.004666666666666153,,False,0.0,,,pyin_probability_below_0.5|voicing_disagreement,,False,0.6000000000000013,
4.74,4.697333333333333,4.782666666666667,False,182.78887791090543,True,0.01000032860450166,-0.3999999999999989,0.00022949296109089432,-72.784612608309,4.744666666666666,0.004666666666666153,,False,0.0,,,pyin_probability_below_0.5|voicing_disagreement,,False,-0.7000000000000002,
4.75,4.707333333333334,4.792666666666666,False,179.64867439581087,True,0.01000000928748663,-0.7000000000000002,0.00019920325288352896,-74.01407148111463,4.754666666666667,0.004666666666667041,,False,0.0,,,pyin_probability_below_0.5|voicing_disagreement,,False,-1.0000000000000013,
4.76,4.717333333333333,4.802666666666667,False,179.64867439581087,True,0.010000000417925077,-0.7000000000000002,0.00017565997480089234,-75.1065436777024,4.764666666666667,0.004666666666667041,,False,0.0,,,pyin_probability_below_0.5|voicing_disagreement,,False,-1.0000000000000013,
4.77,4.727333333333333,4.812666666666667,False,179.64867439581087,True,0.010000000021701592,-0.7000000000000002,0.00016521908668594323,-75.63879565804113,4.774666666666667,0.004666666666667041,,False,0.0,,,pyin_probability_below_0.5|voicing_disagreement,,False,-1.0000000000000013,
4.78,4.737333333333333,4.822666666666667,False,179.64867439581087,True,0.010000000047726025,-0.7000000000000002,0.00015486713671112733,-76.20081462212066,4.784666666666666,0.004666666666666153,,False,0.0,,,pyin_probability_below_0.5|voicing_disagreement,,False,-1.0000000000000013,
4.79,4.747333333333334,4.832666666666666,False,,False,0.010000000021701592,,0.00013903135714814658,-77.13774475742694,4.794666666666667,0.004666666666667041,,False,0.0,,,,,False,,
4.8,4.757333333333333,4.842666666666666,False,,False,0.010000000101429398,,0.00012158880037782653,-78.30212852727102,4.804666666666667,0.004666666666667041,,False,0.0,,,,,False,,
4.81,4.767333333333333,4.852666666666667,False,,False,0.010000000021701592,,0.0001205379825386918,-78.37752163311225,4.814666666666667,0.004666666666667041,,False,0.0,,,,,False,,
4.82,4.777333333333333,4.862666666666667,False,,False,0.010000000021701592,,0.0001062319991023135,-79.47489291550065,4.824666666666666,0.004666666666666153,,False,0.0,,,,,False,,
4.83,4.787333333333334,4.8726666666666665,False,,False,0.0100000000000754,,0.00010677319929047577,-79.43075488265012,4.834666666666667,0.004666666666667041,,False,0.0,,,,,False,,
4.84,4.7973333333333334,4.882666666666666,False,,False,0.010000000417925077,,0.0001143146851841393,-78.837959506745,4.844666666666667,0.004666666666667041,,False,0.0,,,,,False,,
4.85,4.807333333333333,4.892666666666667,False,,False,0.010000002871100366,,0.00011892571098629331,-78.49448487022329,4.854666666666667,0.004666666666667041,,False,0.0,,,,,False,,
4.86,4.817333333333333,4.902666666666667,False,,False,0.01000020633903134,,0.0001254172376250065,-78.03285538000438,4.8646666666666665,0.004666666666666153,,False,0.0,,,,,False,,
4.87,4.827333333333334,4.9126666666666665,False,,False,0.01000032860450166,,0.00012798437240120545,-77.85686113739715,4.874666666666667,0.004666666666667041,,False,0.0,,,,,False,,
4.88,4.8373333333333335,4.922666666666666,False,,False,0.010000000003996623,,0.00026222055305303,-71.62666541938006,4.884666666666667,0.004666666666667041,,False,0.0,,,,,False,,
4.89,4.847333333333333,4.932666666666667,False,,False,0.010000001546554296,,0.00036113324429413096,-68.84665061091872,4.894666666666667,0.004666666666667041,,False,0.0,,,,,False,,
4.9,4.857333333333333,4.942666666666667,False,,False,0.010000000208892744,,0.0004504902490866534,-66.92629209874568,4.9046666666666665,0.004666666666666153,,False,0.0,,,,,False,,
4.91,4.867333333333334,4.949333333333334,True,,False,0.010000000021701592,,0.0005234214103174876,-65.62297033424508,4.914666666666666,0.004666666666666153,,False,0.0,,,edge_window,,False,,
4.92,4.8773333333333335,4.949333333333334,True,,False,0.010000000047726025,,0.0005551349400174779,-65.11202874901232,4.924666666666667,0.004666666666667041,,False,0.0,,,edge_window,,False,,
4.93,4.887333333333333,4.949333333333334,True,,False,0.010000000101429396,,0.0005941025157070834,-64.5227721722814,,,,,,,,edge_window,,False,,
4.94,4.897333333333333,4.949333333333334,True,,False,0.010000000208892744,,0.0006460439681752142,-63.79475847953869,,,,,,,,edge_window,,False,,
