timestamp_s,window_start_s,window_end_s,edge_padded,f0_hz,voiced,voicing_probability,relative_pitch_semitones,rms_amplitude,rms_dbfs,praat_timestamp_s,praat_time_offset_s,praat_f0_hz,praat_voiced,praat_strength,absolute_difference_hz,signed_difference_semitones,flags,praat_relative_semitones,agreement_screen_pass,pyin_speaker_relative_st,praat_speaker_relative_st
0.0,0.0,0.042666666666666665,True,,False,0.01000419105279527,,0.000388733140077192,-68.20696867082495,,,,,,,,edge_window,,False,,
0.01,0.0,0.05266666666666667,True,,False,0.01000419105279527,,0.0003908166309700405,-68.1605392683163,,,,,,,,edge_window,,False,,
0.02,0.0,0.06266666666666666,True,,False,0.010037765502929688,,0.0003972494947017084,-68.01873293078921,0.02333333333333309,0.003333333333333091,,False,0.0,,,edge_window,,False,,
0.03,0.0,0.07266666666666667,True,,False,0.010037765502929688,,0.0004051323899604111,-67.84806067971272,0.03333333333333309,0.003333333333333091,,False,0.0,,,edge_window,,False,,
0.04,0.0,0.08266666666666667,True,,False,0.010073751764282884,,0.00040375582866259677,-67.87762390187409,0.04333333333333309,0.003333333333333091,,False,0.0,,,edge_window,,False,,
0.05,0.007333333333333333,0.09266666666666666,False,,False,0.010037765502929688,,0.000410831395026344,-67.72672751543298,0.053333333333333094,0.003333333333333091,,False,0.0,,,,,False,,
0.06,0.017333333333333333,0.10266666666666667,False,,False,0.010037765502929688,,0.00042533339937554274,-67.42541025801805,0.06333333333333309,0.003333333333333091,,False,0.0,,,,,False,,
0.07,0.027333333333333334,0.11266666666666666,False,,False,0.010349055133375844,,0.0004294730691618253,-67.34128128303945,0.0733333333333331,0.003333333333333091,,False,0.0,,,,,False,,
0.08,0.037333333333333336,0.12266666666666666,False,,False,0.010622609040911533,,0.0004401501431848884,-67.12798305055384,0.08333333333333309,0.003333333333333091,,False,0.0,,,,,False,,
0.09,0.04733333333333333,0.13266666666666665,False,,False,0.010467533617069905,,0.0004585591993319441,-66.77209179165386,0.0933333333333331,0.003333333333333105,,False,0.0,,,,,False,,
0.1,0.05733333333333333,0.14266666666666666,False,,False,0.010349055133375844,,0.00046886745765689457,-66.57899817953675,0.1033333333333331,0.003333333333333091,,False,0.0,,,,,False,,
0.11,0.06733333333333333,0.15266666666666667,False,,False,0.010622609040911534,,0.00048586149899764906,-66.26975028527008,0.11333333333333309,0.003333333333333091,,False,0.0,,,,,False,,
0.12,0.07733333333333334,0.16266666666666665,False,,False,0.010191075496968311,,0.0005545068764670404,-65.12186127548405,0.1233333333333331,0.003333333333333105,,False,0.0,,,,,False,,
0.13,0.08733333333333333,0.17266666666666666,False,,False,0.010824463728234167,,0.0005759034213950351,-64.79300682709,0.13333333333333308,0.0033333333333330772,,False,0.0,,,,,False,,
0.14,0.09733333333333333,0.18266666666666667,False,,False,0.010622609040911531,,0.0005689972154685548,-64.89779717858717,0.1433333333333331,0.0033333333333330772,,False,0.0,,,,,False,,
0.15,0.10733333333333334,0.19266666666666668,False,,False,0.010259050559778864,,0.0005621893917510203,-65.00234707167085,0.1533333333333331,0.003333333333333105,,False,0.0,,,,,False,,
0.16,0.11733333333333333,0.20266666666666666,False,,False,0.010259050559778861,,0.0005647056660808662,-64.96355709331239,0.1633333333333331,0.003333333333333105,,False,0.0,,,,,False,,
0.17,0.12733333333333333,0.21266666666666667,False,,False,0.010140046044704068,,0.0005714614333788828,-64.86026147635943,0.1733333333333331,0.0033333333333330772,,False,0.0,,,,,False,,
0.18,0.13733333333333334,0.22266666666666668,False,,False,0.01010197459374499,,0.0005500522790723097,-65.1919206307105,0.1833333333333331,0.003333333333333105,,False,0.0,,,,,False,,
0.19,0.14733333333333334,0.23266666666666666,False,,False,0.010191075496968311,,0.000538435727127731,-65.37732261685386,0.1933333333333331,0.003333333333333105,,False,0.0,,,,,False,,
0.2,0.15733333333333333,0.24266666666666667,False,,False,0.01010197459374499,,0.00046239659203909343,-66.6997075083626,0.2033333333333331,0.0033333333333330772,,False,0.0,,,,,False,,
0.21,0.16733333333333333,0.25266666666666665,False,,False,0.01003776550292969,,0.00043088273151762783,-67.31281821555842,0.2133333333333331,0.003333333333333105,,False,0.0,,,,,False,,
0.22,0.17733333333333334,0.26266666666666666,False,,False,0.010052967545965857,,0.00040117990888641794,-67.93321649200777,0.2233333333333331,0.003333333333333105,,False,0.0,,,,,False,,
0.23,0.18733333333333332,0.27266666666666667,False,,False,0.01001876450976914,,0.00038170807068232536,-68.36537314811028,0.2333333333333331,0.0033333333333330772,,False,0.0,,,,,False,,
0.24,0.19733333333333333,0.2826666666666667,False,,False,0.010009025493342986,,0.00036926843406221777,-68.65315630560558,0.2433333333333331,0.003333333333333105,,False,0.0,,,,,False,,
0.25,0.20733333333333334,0.2926666666666667,False,,False,0.010001873046012551,,0.0003504396277706351,-69.10773579271506,0.2533333333333331,0.0033333333333330772,,False,0.0,,,,,False,,
0.26,0.21733333333333332,0.30266666666666664,False,,False,0.010009025493342986,,0.00032885416088296364,-69.6599331757096,0.2633333333333331,0.0033333333333330772,,False,0.0,,,,,False,,
0.27,0.22733333333333333,0.31266666666666665,False,,False,0.010037765502929688,,0.0003414007535379881,-69.33471049295359,0.2733333333333331,0.0033333333333330772,,False,0.0,,,,,False,,
0.28,0.23733333333333334,0.32266666666666666,False,,False,0.010037765502929686,,0.0003627963116486666,-68.80674273647115,0.2833333333333331,0.0033333333333330772,,False,0.0,,,,,False,,
0.29,0.24733333333333332,0.33266666666666667,False,,False,0.010037765502929686,,0.00038710250201220303,-68.24348043274868,0.2933333333333331,0.0033333333333331328,,False,0.0,,,,,False,,
0.3,0.25733333333333336,0.3426666666666667,False,,False,0.010259050559778861,,0.00041497135530450336,-67.63963761576022,0.3033333333333331,0.0033333333333331328,,False,0.0,,,,,False,,
0.31,0.2673333333333333,0.3526666666666667,False,,False,0.01,,0.0009058597118795936,-60.85878110328665,0.3133333333333331,0.0033333333333330772,,False,0.0,,,,,False,,
0.32,0.2773333333333333,0.3626666666666667,False,,False,0.010000000001606035,,0.0011498485877408896,-58.78718687706541,0.3233333333333331,0.0033333333333330772,,False,0.0,,,,,False,,
0.33,0.28733333333333333,0.37266666666666665,False,,False,0.01,,0.0013801055454810676,-57.20175398114603,0.3333333333333331,0.0033333333333330772,,False,0.0,,,,,False,,
0.34,0.29733333333333334,0.38266666666666665,False,,False,0.01,,0.0020924682142234984,-53.586822609271685,0.3433333333333331,0.0033333333333330772,,False,0.0,,,,,False,,
0.35,0.30733333333333335,0.39266666666666666,False,,False,0.01,,0.0023574010246833013,-52.55133064062476,0.3533333333333331,0.0033333333333331328,,False,0.0,,,,,False,,
0.36,0.31733333333333336,0.4026666666666667,False,,False,0.01000000000061386,,0.002480400793394137,-52.10956276818663,0.3633333333333331,0.0033333333333331328,,False,0.0,,,,,False,,
0.37,0.3273333333333333,0.4126666666666667,False,,False,0.01,,0.0028965972713496354,-50.762237655391864,0.37333333333333313,0.0033333333333331328,,False,0.0,,,,,False,,
0.38,0.3373333333333333,0.4226666666666667,False,,False,0.01000000000000011,,0.0032642634292482644,-49.72429601029713,0.3833333333333331,0.0033333333333330772,,False,0.0,,,,,False,,
0.39,0.3473333333333333,0.43266666666666664,False,,False,0.010000000814014906,,0.0034665875454053694,-49.20195655256755,0.3933333333333331,0.0033333333333330772,,False,0.0,,,,,False,,
0.4,0.35733333333333334,0.44266666666666665,False,,False,0.010000002871100368,,0.003403355160140816,-49.36185454708217,0.4033333333333331,0.0033333333333330772,,False,0.0,,,,,False,,
0.41,0.36733333333333335,0.45266666666666666,False,,False,0.0100000470079773,,0.0036381265880442984,-48.78244387602435,0.4133333333333331,0.0033333333333331328,,False,0.0,,,,,False,,
0.42,0.37733333333333335,0.46266666666666667,False,,False,0.01000020633903134,,0.004430599318117178,-47.070750473522395,0.4233333333333331,0.0033333333333331328,,False,0.0,,,,,False,,
0.43,0.3873333333333333,0.4726666666666667,False,,False,0.01000032860450166,,0.0046782879248963745,-46.598261061628804,0.4333333333333331,0.0033333333333331328,,False,0.0,,,,,False,,
0.44,0.3973333333333333,0.4826666666666667,False,,False,0.010000516719604524,,0.004636646296313117,-46.67592065451598,0.4433333333333331,0.0033333333333330772,,False,0.0,,,,,False,,
0.45,0.4073333333333333,0.49266666666666664,False,,False,0.0100000470079773,,0.004530882087597436,-46.8763447964609,0.4533333333333331,0.0033333333333330772,,False,0.0,,,,,False,,
0.46,0.41733333333333333,0.5026666666666667,False,,False,0.010000001546554296,,0.004244582911344371,-47.44329957460093,0.4633333333333331,0.0033333333333330772,,False,0.0,,,,,False,,
0.47,0.42733333333333334,0.5126666666666667,False,,False,0.010000000009505967,,0.004376155295475103,-47.178145494136004,0.4733333333333331,0.0033333333333331328,,False,0.0,,,,,False,,
0.48,0.43733333333333335,0.5226666666666666,False,,False,0.010000002871100368,,0.004402602259741793,-47.12581095672735,0.4833333333333331,0.0033333333333331328,,False,0.0,,,,,False,,
0.49,0.44733333333333336,0.5326666666666666,False,,False,0.010000005216229449,,0.004284455952032993,-47.36208635477258,0.4933333333333331,0.0033333333333331328,,False,0.0,,,,,False,,
0.5,0.4573333333333333,0.5426666666666666,False,,False,0.010000000417925077,,0.004025946490265293,-47.90264003423764,0.5033333333333331,0.0033333333333330772,,False,0.0,,,,,False,,
0.51,0.4673333333333333,0.5526666666666666,False,,False,0.010000000001606035,,0.0024585591164934346,-52.1863868911964,0.5133333333333331,0.0033333333333330772,,False,0.0,,,,,False,,
0.52,0.47733333333333333,0.5626666666666666,False,,False,0.010000000001606035,,0.0024524188422266587,-52.208107115912966,0.5233333333333331,0.0033333333333330772,,False,0.0,,,,,False,,
0.53,0.48733333333333334,0.5726666666666667,False,,False,0.01000000000061386,,0.0023956398959922485,-52.411569259352106,0.5333333333333331,0.0033333333333330772,,False,0.0,,,,,False,,
0.54,0.49733333333333335,0.5826666666666667,False,,False,0.010000000814014906,,0.002351310281523798,-52.5738011421961,0.5433333333333331,0.0033333333333330772,,False,0.0,,,,,False,,
0.55,0.5073333333333333,0.5926666666666667,False,,False,0.010000000814014906,,0.002140677190038457,-53.388976370645615,0.5533333333333331,0.0033333333333330772,,False,0.0,,,,,False,,
0.56,0.5173333333333333,0.6026666666666667,False,,False,0.01,,0.001124618491655728,-58.97989559672048,0.5633333333333331,0.0033333333333330772,,False,0.0,,,,,False,,
0.57,0.5273333333333333,0.6126666666666667,False,,False,0.010000000009505967,,0.00098916819951398,-60.09459708191229,0.5733333333333331,0.0033333333333331883,,False,0.0,,,,,False,,
0.58,0.5373333333333333,0.6226666666666667,False,,False,0.01000123296498612,,0.0007625155463344426,-62.355025947992466,0.5833333333333331,0.0033333333333331883,,False,0.0,,,,,False,,
0.59,0.5473333333333333,0.6326666666666667,False,,False,0.01010197459374499,,0.0007423957943965201,-62.5872899404056,0.5933333333333332,0.0033333333333331883,,False,0.0,,,,,False,,
0.6,0.5573333333333333,0.6426666666666667,False,,False,0.0100028158258111,,0.0004804346751968422,-66.3673131018528,0.603333333333333,0.0033333333333330772,,False,0.0,,,,,False,,
0.61,0.5673333333333334,0.6526666666666666,False,,False,0.010000078102280324,,0.00036177582085227173,-68.83120924821611,0.6133333333333331,0.0033333333333330772,,False,0.0,,,,,False,,
0.62,0.5773333333333334,0.6626666666666666,False,,False,0.01000000928748663,,0.00034211163683910004,-69.31664306297779,0.6233333333333331,0.0033333333333330772,,False,0.0,,,,,False,,
0.63,0.5873333333333334,0.6726666666666666,False,,False,0.010000027850262286,,0.0002982173287567527,-70.50934248494565,0.6333333333333331,0.0033333333333330772,,False,0.0,,,,,False,,
0.64,0.5973333333333334,0.6826666666666666,False,,False,0.010000078102280324,,0.000277428677786851,-71.13697295892126,0.6433333333333331,0.0033333333333330772,,False,0.0,,,,,False,,
0.65,0.6073333333333333,0.6926666666666667,False,,False,0.010000009150264857,,0.0002634826271851339,-71.58496029717779,0.6533333333333331,0.0033333333333330772,,False,0.0,,,,,False,,
0.66,0.6173333333333333,0.7026666666666667,False,,False,0.010000000000023851,,0.0002420370177953095,-72.32236413536896,0.6633333333333331,0.0033333333333330772,,False,0.0,,,,,False,,
0.67,0.6273333333333333,0.7126666666666667,False,,False,0.010000000047726025,,0.0002218548613918488,-73.07862100741619,0.6733333333333331,0.0033333333333330772,,False,0.0,,,,,False,,
0.68,0.6373333333333333,0.7226666666666667,False,65.0,True,0.01000000000002255,-11.750072202730935,0.00022382921088893147,-73.00166472791074,0.6833333333333331,0.0033333333333330772,,False,0.0,,,near_pyin_floor|pyin_probability_below_0.5|voicing_disagreement,,False,-9.7,
0.69,0.6473333333333333,0.7326666666666667,False,68.8651011333542,True,0.010000000814014906,-10.750072202730932,0.00023633234888727631,-72.52953657186427,0.6933333333333331,0.0033333333333331883,,False,0.0,,,pyin_probability_below_0.5|voicing_disagreement,,False,-8.699999999999996,
0.7,0.6573333333333333,0.7426666666666667,False,65.37654116941047,True,0.010000078102280324,-11.650072202730932,0.00023259244607657327,-72.66808787990145,0.7033333333333331,0.0033333333333331883,,False,0.0,,,near_pyin_floor|pyin_probability_below_0.5|voicing_disagreement,,False,-9.6,
0.71,0.6673333333333333,0.7526666666666667,False,65.0,True,0.010013068846238975,-11.750072202730935,0.0002429802333899586,-72.28858110242356,0.7133333333333332,0.0033333333333331883,,False,0.0,,,near_pyin_floor|pyin_probability_below_0.5|voicing_disagreement,,False,-9.7,
0.72,0.6773333333333333,0.7626666666666667,False,65.0,True,0.01000419105279527,-11.750072202730935,0.0002505560347252232,-72.02190265337704,0.7233333333333332,0.0033333333333331883,,False,0.0,,,near_pyin_floor|pyin_probability_below_0.5|voicing_disagreement,,False,-9.7,
0.73,0.6873333333333334,0.7726666666666666,False,65.0,True,0.01000419105279527,-11.750072202730935,0.00024994137303446296,-72.0432369748421,0.7333333333333331,0.0033333333333330772,,False,0.0,,,near_pyin_floor|pyin_probability_below_0.5|voicing_disagreement,,False,-9.7,
0.74,0.6973333333333334,0.7826666666666666,False,66.51930297979037,True,0.010009025493342986,-11.350072202730937,0.00025394790965592337,-71.90510715335142,0.7433333333333331,0.0033333333333330772,,False,0.0,,,near_pyin_floor|pyin_probability_below_0.5|voicing_disagreement,,False,-9.3,
0.75,0.7073333333333334,0.7926666666666666,False,66.51930297979037,True,0.010052967545965857,-11.350072202730937,0.0002460863209198654,-72.17825053083055,0.7533333333333331,0.0033333333333330772,,False,0.0,,,near_pyin_floor|pyin_probability_below_0.5|voicing_disagreement,,False,-9.3,
0.76,0.7173333333333334,0.8026666666666666,False,65.0,True,0.010013068846238975,-11.750072202730935,0.0002504729868760724,-72.02478210517688,0.7633333333333331,0.0033333333333330772,,False,0.0,,,near_pyin_floor|pyin_probability_below_0.5|voicing_disagreement,,False,-9.7,
0.77,0.7273333333333334,0.8126666666666666,False,65.0,True,0.0100028158258111,-11.750072202730935,0.000250743358566454,-72.0154112260623,0.7733333333333331,0.0033333333333330772,,False,0.0,,,near_pyin_floor|pyin_probability_below_0.5|voicing_disagreement,,False,-9.7,
0.78,0.7373333333333333,0.8226666666666667,False,65.0,True,0.010000000009505967,-11.750072202730935,0.00024794936172950553,-72.1127401066194,0.7833333333333331,0.0033333333333330772,,False,0.0,,,near_pyin_floor|pyin_probability_below_0.5|voicing_disagreement,,False,-9.7,
0.79,0.7473333333333333,0.8326666666666667,False,,False,0.010000000021701592,,0.0002554539089533736,-71.8537489472138,0.7933333333333331,0.0033333333333330772,,False,0.0,,,,,False,,
0.8,0.7573333333333333,0.8426666666666667,False,,False,0.010000000814014906,,0.00024711990839310923,-72.14184531397467,0.8033333333333331,0.0033333333333330772,,False,0.0,,,,,False,,
0.81,0.7673333333333333,0.8526666666666667,False,,False,0.010000016226422834,,0.00024244250625422498,-72.30782470221975,0.8133333333333331,0.0033333333333330772,,False,0.0,,,,,False,,
0.82,0.7773333333333333,0.8626666666666667,False,,False,0.010000047007977299,,0.00024286323393914102,-72.29276452529739,0.8233333333333331,0.0033333333333331883,,False,0.0,,,,,False,,
0.83,0.7873333333333333,0.8726666666666667,False,,False,0.010000206339031339,,0.00023966511065264532,-72.40790367926662,0.8333333333333331,0.0033333333333331883,,False,0.0,,,,,False,,
0.84,0.7973333333333333,0.8826666666666667,False,,False,0.010004191052795272,,0.0002233660185185584,-73.01965793975393,0.8433333333333332,0.0033333333333331883,,False,0.0,,,,,False,,
0.85,0.8073333333333333,0.8926666666666667,False,,False,0.010000516719604523,,0.00021605722636190003,-73.30862406943288,0.8533333333333332,0.0033333333333331883,,False,0.0,,,,,False,,
0.86,0.8173333333333334,0.9026666666666666,False,,False,0.010000027850262284,,0.00019287399945454482,-74.29452627703316,0.8633333333333331,0.0033333333333330772,,False,0.0,,,,,False,,
0.87,0.8273333333333334,0.9126666666666666,False,,False,0.010000000000009382,,0.0001750817221429889,-75.13518380440456,0.8733333333333331,0.0033333333333330772,,False,0.0,,,,,False,,
0.88,0.8373333333333334,0.9226666666666666,False,,False,0.010000000000023851,,0.0001611455637770418,-75.85563291611643,0.8833333333333331,0.0033333333333330772,,False,0.0,,,,,False,,
0.89,0.8473333333333334,0.9326666666666666,False,,False,0.0100000000000754,,0.0001644355500189473,-75.68008569358244,0.8933333333333331,0.0033333333333330772,,False,0.0,,,,,False,,
0.9,0.8573333333333333,0.9426666666666667,False,,False,0.010000000417925077,,0.00018542712807690818,-74.63653456108622,0.9033333333333331,0.0033333333333330772,,False,0.0,,,,,False,,
0.91,0.8673333333333333,0.9526666666666667,False,,False,0.0100000470079773,,0.00035179241027632064,-69.07427068874054,0.9133333333333331,0.0033333333333330772,,False,0.0,,,,,False,,
0.92,0.8773333333333333,0.9626666666666667,False,,False,0.010009025493342986,,0.016689134426652676,-35.55132374391841,0.9233333333333331,0.0033333333333330772,,False,0.0,,,,,False,,
0.93,0.8873333333333333,0.9726666666666667,False,,False,0.010001873046012551,,0.02621845946321244,-31.627856600959458,0.9333333333333331,0.0033333333333330772,,False,0.0,,,,,False,,
0.94,0.8973333333333333,0.9826666666666667,False,,False,0.010000016226422836,,0.03034772474170662,-30.357477274089057,0.9433333333333331,0.0033333333333331883,,False,0.0,,,,,False,,
0.95,0.9073333333333333,0.9926666666666667,False,123.4144757235675,True,0.010000000021701592,-0.6500722027309338,0.04187669497143124,-27.560552028072905,0.9533333333333331,0.0033333333333331883,,False,0.0,,,pyin_probability_below_0.5|voicing_disagreement,,False,1.4000000000000004,
0.96,0.9173333333333333,1.0026666666666666,False,122.70366064862014,True,0.01000617855533408,-0.750072202730935,0.05076208523879843,-25.889210919449425,0.9633333333333332,0.0033333333333331883,,False,0.0,,,pyin_probability_below_0.5|voicing_disagreement,,False,1.2999999999999994,
0.97,0.9273333333333333,1.0126666666666666,False,122.70366064862014,True,0.01000187304601255,-0.750072202730935,0.058110066961531676,-24.7149724822736,0.9733333333333332,0.0033333333333331883,,False,0.0,,,pyin_probability_below_0.5|voicing_disagreement,,False,1.2999999999999994,
0.98,0.9373333333333334,1.0226666666666666,False,122.70366064862014,True,0.010013068846238973,-0.750072202730935,0.06409863006732144,-23.863025044743964,0.9833333333333331,0.0033333333333330772,122.70636723756463,True,0.6324410492475674,0.0027065889444912727,-0.00038187020946866087,pyin_probability_below_0.5,-1.1294897776751056,False,1.2999999999999994,0.970014380812189
0.99,0.9473333333333334,1.0326666666666666,False,122.70366064862014,True,0.010009025493342984,-0.750072202730935,0.06709682715905561,-23.465960320880495,0.9933333333333331,0.0033333333333330772,122.11679538157081,True,0.7368149758643437,0.5868652670493333,0.0829998518149523,pyin_probability_below_0.5,-1.2128714996995267,False,1.2999999999999994,0.88663265878777
1.0,0.9573333333333334,1.0426666666666666,False,122.70366064862014,True,0.010052967545965855,-0.750072202730935,0.06922771320923084,-23.19440028298586,1.003333333333333,0.0033333333333329662,121.84949545741871,True,0.44476480922596573,0.8541651912014316,0.12093615142291347,pyin_probability_below_0.5,-1.250807799307486,False,1.2999999999999994,0.8486963591798096
1.01,0.9673333333333334,1.0526666666666666,False,121.9969395672486,True,0.010140046044704068,-0.8500722027309353,0.06963001179531164,-23.14407062510011,1.013333333333333,0.0033333333333329662,124.10077519161052,True,0.6099738144143037,2.1038356243619205,-0.2960060479055969,pyin_probability_below_0.5,-0.9338655999789757,False,1.1999999999999993,1.1656385585083209
1.02,0.9773333333333334,1.0626666666666666,False,121.9969395672486,True,0.011085791888943373,-0.8500722027309353,0.07039511351768873,-23.049149727941103,1.023333333333333,0.0033333333333329662,121.35843348381042,True,0.5710521778428101,0.6385060834381875,0.09084705999389461,pyin_probability_below_0.5,-1.3207187078784655,False,1.1999999999999993,0.7787854506088308
1.03,0.9873333333333333,1.0726666666666667,False,121.29428889978496,True,0.010349055133375844,-0.9500722027309344,0.06941225336793408,-23.1712771325912,1.033333333333333,0.0033333333333329662,120.06043658556521,True,0.8373852875038377,1.233852314219746,0.17700964772411132,pyin_probability_below_0.5,-1.5068812956086846,False,1.099999999999998,0.592622862878612
1.04,0.9973333333333333,1.0826666666666667,False,118.52392351256819,True,0.010013068846238975,-1.3500722027309342,0.06574186010573513,-23.643160242316984,1.043333333333333,0.0033333333333329662,119.42380132947696,True,0.9322154801986706,0.89987781690877,-0.13094527757118343,pyin_probability_below_0.5,-1.598926370313388,False,0.7000000000000017,0.5005777881739104
1.05,1.0073333333333334,1.0926666666666667,False,119.21052561660726,True,0.01019107549696831,-1.2500722027309354,0.06505689575949125,-23.73413326519245,1.053333333333333,0.0033333333333329662,118.40505565443169,True,0.9148208511144502,0.8054699621755645,0.11737129002412877,pyin_probability_below_0.5,-1.7472429379086991,False,0.8000000000000002,0.352261220578596
1.06,1.0173333333333334,1.1026666666666667,False,117.16256013940793,True,0.016467587593113005,-1.5500722027309344,0.06279291218813296,-24.041787498282634,1.063333333333333,0.0033333333333329662,116.98963276076591,True,0.9271562507424996,0.17292737864201513,0.025571216450441733,pyin_probability_below_0.5,-1.955442864335014,False,0.5000000000000008,0.14406129415228125
1.07,1.0273333333333334,1.1126666666666667,False,115.81683335824411,True,0.026168028608935755,-1.7500722027309341,0.059807388945436864,-24.464903149665087,1.073333333333333,0.0033333333333329662,115.47409963642694,True,0.8761910511813253,0.34273372181716866,0.05130791039573382,pyin_probability_below_0.5,-2.1811795582803057,False,0.3000000000000021,-0.0816753997930111
1.08,1.0373333333333334,1.1226666666666667,False,115.81683335824411,True,0.0779752376229482,-1.7500722027309341,0.057810668660523284,-24.759840147562176,1.083333333333333,0.0033333333333329662,114.10755759575154,True,0.8592233980905678,1.7092757624925667,0.25740730697570396,pyin_probability_below_0.5,-2.3872789548602764,False,0.3000000000000021,-0.2877747963729811
1.09,1.0473333333333332,1.1326666666666667,False,115.14977748330686,True,0.1504646013433388,-1.8500722027309362,0.05617017506584423,-25.00988445108259,1.093333333333333,0.0033333333333329662,113.41938504607495,True,0.9189883392916034,1.730392437231913,0.2621326084087753,pyin_probability_below_0.5,-2.4920042562933507,False,0.19999999999999687,-0.39250009780605466
1.1,1.0573333333333332,1.1426666666666667,False,114.4865635674993,True,0.2065067991177523,-1.9500722027309338,0.05422348376914993,-25.316251663139543,1.103333333333333,0.0033333333333329662,113.49300656957571,True,0.9314133919821216,0.9935569979235908,0.1508986610872176,pyin_probability_below_0.5,-2.4807703089717887,False,0.10000000000000017,-0.38126615048449125
1.11,1.0673333333333332,1.1526666666666667,False,113.82716948276507,True,0.32333605839064083,-2.050072202730934,0.05179793426138656,-25.71375119767059,1.113333333333333,0.0033333333333329662,113.35760471948291,True,0.9377555015133567,0.4695647632821647,0.07156532975455153,pyin_probability_below_0.5,-2.501436977639124,False,0.0,-0.4019328191518277
1.12,1.0773333333333333,1.1626666666666667,False,113.17157322849613,True,0.42606232904328145,-2.150072202730936,0.04884218174261306,-26.22409889388176,1.123333333333333,0.0033333333333329662,112.69187768034247,True,0.9502840159748038,0.4796955481536571,0.07353704297513096,pyin_probability_below_0.5,-2.603408690859704,False,-0.10000000000000067,-0.5039045323724078
1.13,1.0873333333333333,1.1726666666666667,False,113.17157322849613,True,0.42606232904328145,-2.150072202730936,0.04336179488335846,-27.257854985202957,1.133333333333333,0.0033333333333331883,112.30485569445953,True,0.978185579803545,0.8667175340365958,0.13309580104935367,pyin_probability_below_0.5,-2.6629674489339275,False,-0.10000000000000067,-0.5634632904466318
1.14,1.0973333333333333,1.1826666666666668,False,113.82716948276507,True,0.3721358982975087,-2.050072202730934,0.04050717533416997,-27.849360803844363,1.143333333333333,0.0033333333333331883,112.841872398157,True,0.985788593491866,0.985297084608078,0.15050935857257575,pyin_probability_below_0.5,-2.5803810064571495,False,0.0,-0.48087684796985364
1.15,1.1073333333333333,1.1926666666666668,False,115.14977748330686,True,0.20650679911775227,-1.8500722027309362,0.04272696326255629,-27.38595945476332,1.153333333333333,0.0033333333333331883,113.63794524485787,True,0.9784092307748811,1.5118322384489886,0.2288036712384206,pyin_probability_below_0.5,-2.4586753191229933,False,0.19999999999999687,-0.3591711606356979
1.16,1.1173333333333333,1.2026666666666668,False,115.81683335824411,True,0.20650679911775227,-1.7500722027309341,0.044100044460914374,-27.11121945367269,1.163333333333333,0.0033333333333331883,114.79857863000673,True,0.9631177348029112,1.0182547282373804,0.15288212500021098,pyin_probability_below_0.5,-2.282753772884782,False,0.3000000000000021,-0.1832496143974861
1.17,1.1273333333333333,1.2126666666666666,False,117.16256013940793,True,0.20650679911775227,-1.5500722027309344,0.04687500806176034,-26.58117289144866,1.1733333333333331,0.0033333333333331883,117.3818927911254,True,0.9756343190701691,0.2193326517174654,-0.03237904462607255,pyin_probability_below_0.5,-1.8974926032584982,False,0.5000000000000008,0.20201155522879727
1.18,1.1373333333333333,1.2226666666666666,False,117.84127594565435,True,0.17653060863289757,-1.4500722027309352,0.05060876111493909,-25.915485878811854,1.183333333333333,0.0033333333333329662,118.05449926598936,True,0.977826807625263,0.21322332033501823,-0.03129683627597913,pyin_probability_below_0.5,-1.7985748116085944,False,0.5999999999999976,0.3009293468787014
1.19,1.1473333333333333,1.2326666666666666,False,118.52392351256819,True,0.24075439447557428,-1.3500722027309342,0.05533818281573016,-25.13950212473926,1.193333333333333,0.0033333333333329662,118.01234397278623,True,0.9691914236823161,0.5115795397819625,0.07488621583893479,pyin_probability_below_0.5,-1.804757863723507,False,0.7000000000000017,0.2947462947637905
1.2,1.1573333333333333,1.2426666666666666,False,119.9011051661721,True,0.24075439447557428,-1.1500722027309334,0.0633018602703023,-23.97167054112021,1.203333333333333,0.0033333333333329662,118.62603572316048,True,0.9775441449982042,1.275069443011617,0.18509127749398785,pyin_probability_below_0.5,-1.7149629253785614,False,0.9000000000000021,0.38454123310873456
1.21,1.1673333333333333,1.2526666666666666,False,120.59568520237023,True,0.32333605839064083,-1.0500722027309328,0.06688734514272417,-23.493120829862498,1.213333333333333,0.0033333333333329662,119.47838090542125,True,0.9721559659348882,1.117304296948987,0.16114437008139276,pyin_probability_below_0.5,-1.591016017965965,False,1.0000000000000009,0.5084881405213313
1.22,1.1773333333333333,1.2626666666666666,False,121.29428889978496,True,0.24075439447557428,-0.9500722027309344,0.07166971587336092,-22.893286344786983,1.223333333333333,0.0033333333333329662,120.03930076264075,True,0.9776383181916124,1.2549881371442098,0.18005763576446038,pyin_probability_below_0.5,-1.5099292836490315,False,1.099999999999998,0.589574874838263
1.23,1.1873333333333334,1.2726666666666666,False,121.9969395672486,True,0.2407543944755743,-0.8500722027309353,0.07679449675051098,-22.293398025547052,1.233333333333333,0.0033333333333329662,121.32160642892747,True,0.9766185458791344,0.6753331383211361,0.09610140656912287,pyin_probability_below_0.5,-1.3259730544536952,False,1.1999999999999993,0.7735311040336008
1.24,1.1973333333333334,1.2826666666666666,False,123.4144757235675,True,0.2065067991177523,-0.6500722027309338,0.08481186418641508,-21.430867815647613,1.243333333333333,0.0033333333333329662,122.20379603319465,True,0.9674417537953994,1.2106796903728565,0.17067027321691483,pyin_probability_below_0.5,-1.200541921101486,False,1.4000000000000004,0.8989622373858108
1.25,1.2073333333333334,1.2926666666666666,False,124.12940850835416,True,0.24075439447557428,-0.5500722027309329,0.08982841367525435,-20.931725393480846,1.253333333333333,0.0033333333333329662,123.65832544687031,True,0.9639360188930254,0.4710830614838528,0.0658269887328453,pyin_probability_below_0.5,-0.9956986366174159,False,1.5000000000000004,1.1038055218698812
1.26,1.2173333333333334,1.3026666666666666,False,124.84848285663055,True,0.3233360583906409,-0.45007220273093373,0.09276201632401326,-20.652596397559936,1.263333333333333,0.0033333333333329662,124.5450852246337,True,0.9833666481922338,0.30339763199685876,0.04212238303339555,pyin_probability_below_0.5,-0.8719940309179681,False,1.6000000000000023,1.2275101275693305
1.27,1.2273333333333334,1.3126666666666666,False,125.57172276022992,True,0.4260623290432815,-0.3500722027309343,0.09436565879650612,-20.503720476032203,1.273333333333333,0.0033333333333329662,125.38440566086653,True,0.9858145302731363,0.18731709936338348,0.025844342009484118,pyin_probability_below_0.5,-0.7557159898940571,False,1.6999999999999993,1.3437881685932405
1.28,1.2373333333333334,1.3226666666666667,False,125.57172276022992,True,0.5485250542599844,-0.3500722027309343,0.09895826351960187,-20.090958682791225,1.283333333333333,0.0033333333333329662,126.36333590571465,True,0.985942910365355,0.7916131454847317,-0.10879566731529608,,-0.6210759805692754,True,1.6999999999999993,1.4784281779180202
1.29,1.2473333333333334,1.3326666666666667,False,126.29915234996876,True,0.6860828109301794,-0.25007220273093417,0.10007893936057527,-19.99314611910854,1.293333333333333,0.0033333333333329662,126.32564641477919,True,0.9844736961957328,0.02649406481042149,-0.0036312687820376083,,-0.6262403791025353,True,1.800000000000001,1.473263779384763
1.3,1.2573333333333334,1.3426666666666667,False,127.03079589645196,True,0.5485250542599847,-0.15007220273093552,0.10049117284321288,-19.957441700959382,1.303333333333333,0.0033333333333329662,126.45757169717272,True,0.9882532173377019,0.5732241992792382,0.07829842075556548,,-0.6081700686401398,True,1.9000000000000006,1.4913340898471557
1.31,1.2673333333333334,1.3526666666666667,False,127.03079589645196,True,0.5485250542599847,-0.15007220273093552,0.09857983352340532,-20.124238391900896,1.313333333333333,0.0033333333333329662,126.99859237439811,True,0.9902486439995463,0.03220352205384813,0.0043894003412480115,,-0.5342610482258218,True,1.9000000000000006,1.565243110261474
1.32,1.2773333333333334,1.3626666666666667,False,127.76667781088264,True,0.37213589829750876,-0.05007220273093406,0.09997150361941068,-20.002475516901942,1.323333333333333,0.0033333333333329662,127.12072671634242,True,0.9794717981792174,0.6459510945402229,0.0877481509965251,pyin_probability_below_0.5,-0.517619798881097,False,2.0000000000000004,1.5818843596062002
1.33,1.2873333333333334,1.3726666666666667,False,127.76667781088264,True,0.27960516533635893,-0.05007220273093406,0.09892384824863243,-20.09397994879499,1.333333333333333,0.0033333333333329662,127.70147245803814,True,0.9311366386219198,0.06520535284450091,0.008837557978038538,pyin_probability_below_0.5,-0.43870920586260964,False,2.0000000000000004,1.660794952624685
1.34,1.2973333333333332,1.3826666666666667,False,128.5068226458765,True,0.20650679911775227,0.049927797269063906,0.09659878707721382,-20.300566533590775,1.343333333333333,0.0033333333333329662,128.3069072981059,True,0.8348618894805263,0.19991534777059883,0.026953413041938837,pyin_probability_below_0.5,-0.3568250609265105,False,2.100000000000002,1.7426790975607844
1.35,1.3073333333333332,1.3926666666666667,False,128.5068226458765,True,0.12793708630129036,0.049927797269063906,0.09512865039091842,-20.433773292634534,1.353333333333333,0.0033333333333329662,129.29308107748872,True,0.8091681644101217,0.7862584316122252,-0.10560140396076462,pyin_probability_below_0.5,-0.22427024392380757,False,2.100000000000002,1.8752339145634902
1.36,1.3173333333333332,1.4026666666666667,False,128.5068226458765,True,0.10857977072874497,0.049927797269063906,0.09405264983854018,-20.532579282645393,1.363333333333333,0.0033333333333329662,129.53819466282715,True,0.8633104496452704,1.0313720169506553,-0.13839103577529432,pyin_probability_below_0.5,-0.1914806121092768,False,2.100000000000002,1.9080235463780193
1.37,1.3273333333333333,1.4126666666666667,False,129.25125509628117,True,0.10857977072874499,0.1499277972690682,0.09182978547089016,-20.740328605267905,1.373333333333333,0.0033333333333329662,130.10184720962653,True,0.852831016794272,0.8505921133453569,-0.11355787111940144,pyin_probability_below_0.5,-0.1163137767651696,False,2.200000000000003,1.9831903817221272
1.38,1.3373333333333333,1.4226666666666667,False,129.25125509628117,True,0.10857977072874499,0.1499277972690682,0.09000197372972622,-20.91495932887353,1.383333333333333,0.0033333333333331883,131.43760893565795,True,0.8548461857044027,2.1863538393767783,-0.290398208935724,pyin_probability_below_0.5,0.06052656105115391,False,2.200000000000003,2.160030719538449
1.39,1.3473333333333333,1.4326666666666668,False,130.0,True,0.15046460134333878,0.24992779726906492,0.08599079559802848,-21.31096065766785,1.393333333333333,0.0033333333333331883,132.44062238333873,True,0.8608029082365521,2.4406223833387344,-0.3220088678682027,pyin_probability_below_0.5,0.19213721998363115,False,2.3000000000000003,2.291641378470928
1.4,1.3573333333333333,1.4426666666666668,False,130.75308233882095,True,0.2065067991177523,0.3499277972690673,0.08308551674136086,-21.609493494836084,1.403333333333333,0.0033333333333331883,132.8614324458936,True,0.9266720716188221,2.1083501070726527,-0.27692900935848697,pyin_probability_below_0.5,0.24705736147391577,False,2.4000000000000012,2.3465615199612126
1.41,1.3673333333333333,1.4526666666666668,False,131.51052723924994,True,0.27960516533635893,0.4499277972690668,0.08082215219344448,-21.849391780344014,1.413333333333333,0.0033333333333331883,132.12808588483637,True,0.9664278902771221,0.6175586455864277,-0.08110651905969407,pyin_probability_below_0.5,0.15123487117512496,False,2.500000000000002,2.25073902966242
1.42,1.3773333333333333,1.4626666666666666,False,132.2723599733492,True,0.4260623290432815,0.5499277972690629,0.07815048994878351,-22.14136589828652,1.4233333333333331,0.0033333333333331883,131.17385610662288,True,0.9783785867255765,1.0985038667263325,0.14437696979621506,pyin_probability_below_0.5,0.025751382319209787,False,2.5999999999999974,2.125255540806505
1.43,1.3873333333333333,1.4726666666666666,False,132.2723599733492,True,0.37213589829750876,0.5499277972690629,0.0766849910645016,-22.30579257387867,1.433333333333333,0.0033333333333329662,130.78391494097298,True,0.9876935653992767,1.4884450323762337,0.19591809560640133,pyin_probability_below_0.5,-0.02578974349097663,False,2.5999999999999974,2.0737144149963216
1.44,1.3973333333333333,1.4826666666666666,False,132.2723599733492,True,0.37213589829750876,0.5499277972690629,0.07769456475965664,-22.19218723722573,1.443333333333333,0.0033333333333329662,130.68940838192685,True,0.9752845117214219,1.5829515914223578,0.20843279331446773,pyin_probability_below_0.5,-0.03830444119904134,False,2.5999999999999974,2.0611997172882535
1.45,1.4073333333333333,1.4926666666666666,False,132.2723599733492,True,0.4260623290432815,0.5499277972690629,0.08021571652682376,-21.914810656220354,1.453333333333333,0.0033333333333329662,130.26718317081875,True,0.9690900189498678,2.005176802530457,0.26445523715187347,pyin_probability_below_0.5,-0.09432688503644884,False,2.5999999999999974,2.0051772734508475
1.46,1.4173333333333333,1.5026666666666666,False,128.5068226458765,True,0.4260623290432815,0.049927797269063906,0.08109984807120924,-21.819599187514804,1.463333333333333,0.0033333333333329662,128.5947589180782,True,0.956201666897267,0.08793627220171629,-0.01184265562226543,pyin_probability_below_0.5,-0.3180289922623058,False,2.100000000000002,1.781475166224991
1.47,1.4273333333333333,1.5126666666666666,False,128.5068226458765,True,0.42606232904328145,0.049927797269063906,0.08349443950729088,-21.566848926665898,1.473333333333333,0.0033333333333329662,128.44664888407772,True,0.9765317442649679,0.060173761798779424,0.008108461549130455,pyin_probability_below_0.5,-0.3379801094337041,False,2.100000000000002,1.7615240490535917
1.48,1.4373333333333334,1.5226666666666666,False,128.5068226458765,True,0.4260623290432815,0.049927797269063906,0.0880676974746055,-21.103667162302315,1.483333333333333,0.0033333333333329662,128.32831343874642,True,0.9806161176203413,0.17850920713007667,0.024065341832109476,pyin_probability_below_0.5,-0.3539369897166802,False,2.100000000000002,1.7455671687706156
1.49,1.4473333333333334,1.5326666666666666,False,127.76667781088264,True,0.4849868077159113,-0.05007220273093406,0.09279411163351138,-20.649591632133443,1.493333333333333,0.0033333333333329662,127.99473756625483,True,0.9729224495304342,0.22805975537218615,-0.03087447086442496,pyin_probability_below_0.5,-0.39899717702014637,False,2.0000000000000004,1.70050698146715
1.5,1.4573333333333334,1.5426666666666666,False,127.76667781088264,True,0.5485250542599845,-0.05007220273093406,0.0956104025862814,-20.38989706241964,1.503333333333333,0.0033333333333329662,127.8177819849634,True,0.961042010545332,0.05110417408076273,-0.006923213364989464,,-0.4229484345195814,True,2.0000000000000004,1.6765557239677142
1.51,1.4673333333333334,1.5526666666666666,False,127.76667781088264,True,0.6159498854580681,-0.05007220273093406,0.09831460006249773,-20.147639662534328,1.513333333333333,0.0033333333333329662,127.94501142461415,True,0.956490512792868,0.17833361373151035,-0.0241472945692468,,-0.4057243533153255,True,2.0000000000000004,1.6937798051719697
1.52,1.4773333333333334,1.5626666666666666,False,127.76667781088264,True,0.6159498854580682,-0.05007220273093406,0.10026633834254084,-19.976896898073548,1.523333333333333,0.0033333333333329662,127.63345624430207,True,0.9680154052578283,0.13322156658057338,0.018060893656562257,,-0.44793254154113293,True,2.0000000000000004,1.6515716169461632
1.53,1.4873333333333334,1.5726666666666667,False,127.76667781088264,True,0.6860828109301792,-0.05007220273093406,0.10094315831710496,-19.91846222302891,1.533333333333333,0.0033333333333329662,127.57285457150273,True,0.9839378653096376,0.19382323937990975,0.02628292241574079,,-0.4561545703003136,True,2.0000000000000004,1.6433495881869828
1.54,1.4973333333333334,1.5826666666666667,False,127.76667781088264,True,0.6860828109301793,-0.05007220273093406,0.1010656656108631,-19.907927188536863,1.543333333333333,0.0033333333333329662,127.54084187689227,True,0.9874439059529887,0.22583593399036772,0.030627766928163953,,-0.4604994148127364,True,2.0000000000000004,1.6390047436745605
1.55,1.5073333333333334,1.5926666666666667,False,127.76667781088264,True,0.7571601330199091,-0.05007220273093406,0.10037331809613392,-19.967634378013777,1.553333333333333,0.0033333333333329662,127.52965000014075,True,0.9850585534504018,0.2370278107418926,0.03214701425270444,,-0.4620186621372754,True,2.0000000000000004,1.6374854963500205
1.56,1.5173333333333334,1.6026666666666667,False,127.76667781088264,True,0.7571601330199091,-0.05007220273093406,0.09958615829280723,-20.03602041923729,1.563333333333333,0.0033333333333329662,127.89573643528031,True,0.9917529293696089,0.1290586243976719,-0.017478572634172105,,-0.4123930752503987,True,2.0000000000000004,1.6871110832368954
1.57,1.5273333333333334,1.6126666666666667,False,127.76667781088264,True,0.8266685594724995,-0.05007220273093406,0.09839037107223045,-20.140948030319258,1.573333333333333,0.0033333333333329662,128.09609054371768,True,0.9963635816621599,0.32941273283503847,-0.0445778694604821,,-0.38529377842409007,True,2.0000000000000004,1.7142103800632074
1.58,1.5373333333333334,1.6226666666666667,False,127.76667781088264,True,0.8266685594724995,-0.05007220273093406,0.09607285537536142,-20.347986029344504,1.583333333333333,0.0033333333333329662,127.90085858590865,True,0.9967903680604809,0.13418077502601022,-0.018171908022210984,,-0.41169973986235897,True,2.0000000000000004,1.6878044186249368
1.59,1.5473333333333332,1.6326666666666667,False,127.76667781088264,True,0.8911444948731203,-0.05007220273093406,0.09256585977545269,-20.670983213452708,1.593333333333333,0.0033333333333329662,127.61389612120877,True,0.9959521648417928,0.15278168967387273,0.020714253298142644,,-0.4505859011827119,True,2.0000000000000004,1.6489182573045822
1.6,1.5573333333333332,1.6426666666666667,False,127.76667781088264,True,0.8911444948731203,-0.05007220273093406,0.09018539886185416,-20.897275392625126,1.603333333333333,0.0033333333333329662,127.31890988938336,True,0.9972631537454637,0.4477679214992776,0.060778962462648564,,-0.49065061034721985,True,2.0000000000000004,1.6088535481400759
1.61,1.5673333333333332,1.6526666666666667,False,127.03079589645196,True,0.8911444948731202,-0.15007220273093552,0.08803945232280025,-21.10645335552362,1.613333333333333,0.0033333333333329662,127.20810626640935,True,0.9947619982005769,0.17731036995738236,-0.024147822924010166,,-0.505723824960564,True,1.9000000000000006,1.5937803335267313
1.62,1.5773333333333333,1.6626666666666667,False,127.03079589645196,True,0.8266685594724997,-0.15007220273093552,0.08474997238259674,-21.4372086929608,1.623333333333333,0.0033333333333329662,127.02108594242723,True,0.9917513760761736,0.009709954024728518,0.001323367723866764,,-0.5311950156084411,True,1.9000000000000006,1.5683091428788551
1.63,1.5873333333333333,1.6726666666666667,False,127.03079589645196,True,0.8266685594724996,-0.15007220273093552,0.08251973595472353,-21.668843406898226,1.633333333333333,0.0033333333333331883,126.72446866529086,True,0.9972191066386483,0.30632723116110583,0.04179809954033613,,-0.571669747424908,True,1.9000000000000006,1.5278344110623892
1.64,1.5973333333333333,1.6826666666666668,False,127.76667781088264,True,0.6860828109301793,-0.05007220273093406,0.08170911215077452,-21.754590170176556,1.643333333333333,0.0033333333333331883,126.99632814673691,True,0.9994338486754469,0.7703496641457264,0.10469806068878687,,-0.5345697085733573,True,2.0000000000000004,1.5649344499139404
1.65,1.6073333333333333,1.6926666666666668,False,127.76667781088264,True,0.6159498854580682,-0.05007220273093406,0.08196586299416782,-21.727339684053867,1.653333333333333,0.0033333333333331883,127.64433196326216,True,0.9965196903420003,0.12234584762047973,0.016585762183869722,,-0.4464574100684422,True,2.0000000000000004,1.6530467484188542
1.66,1.6173333333333333,1.7026666666666668,False,127.76667781088264,True,0.4849868077159113,-0.05007220273093406,0.08432330014789466,-21.4810480976653,1.663333333333333,0.0033333333333331883,128.25432861575706,True,0.9976557721655382,0.4876508048744199,-0.06595073663698905,pyin_probability_below_0.5,-0.3639209112475825,False,2.0000000000000004,1.7355832472397132
1.67,1.6273333333333333,1.7126666666666666,False,128.5068226458765,True,0.4849868077159113,0.049927797269063906,0.091205090226848,-20.799618453663843,1.6733333333333331,0.0033333333333331883,128.82105851201413,True,0.9939342269018381,0.3142358661376363,-0.04228193997954211,pyin_probability_below_0.5,-0.2875897079050296,False,2.100000000000002,1.8119144505822664
1.68,1.6373333333333333,1.7226666666666666,False,128.5068226458765,True,0.4260623290432815,0.049927797269063906,0.09659210471355124,-20.301167413609285,1.6833333333333331,0.0033333333333331883,128.55788524891122,True,0.9871561082653363,0.05106260303472254,-0.006877748322149343,pyin_probability_below_0.5,-0.32299389956242275,False,2.100000000000002,1.776510258924875
1.69,1.6473333333333333,1.7326666666666666,False,128.5068226458765,True,0.48498680771591135,0.049927797269063906,0.10179401058037252,-19.84555549075479,1.693333333333333,0.0033333333333329662,128.42026805451871,True,0.978816959672818,0.08655459135778187,0.011664496797272697,pyin_probability_below_0.5,-0.341536144681845,False,2.100000000000002,1.75796801380545
1.7,1.6573333333333333,1.7426666666666666,False,129.25125509628117,True,0.4849868077159113,0.1499277972690682,0.10933398771828784,-19.22489623328327,1.703333333333333,0.0033333333333329662,128.43948829178467,True,0.9762796763863069,0.8117668044965001,0.10907360986960796,pyin_probability_below_0.5,-0.33894525775417905,False,2.200000000000003,1.760558900733118
1.71,1.6673333333333333,1.7526666666666666,False,129.25125509628117,True,0.5485250542599847,0.1499277972690682,0.11471084838177095,-18.807910165156535,1.713333333333333,0.0033333333333329662,128.5060490861158,True,0.9489848972610443,0.7452060101653615,0.10010421369075524,,-0.32997586157532427,True,2.200000000000003,1.7695282969119708
1.72,1.6773333333333333,1.7626666666666666,False,128.5068226458765,True,0.4849868077159113,0.049927797269063906,0.11806250056763248,-18.557760452920952,1.723333333333333,0.0033333333333329662,129.0059810674608,True,0.9455161580496438,0.4991584215842977,-0.06711597444301032,pyin_probability_below_0.5,-0.2627556734415609,False,2.100000000000002,1.836748485045736
1.73,1.6873333333333334,1.7726666666666666,False,128.5068226458765,True,0.5485250542599845,0.049927797269063906,0.12003103268934155,-18.414129148483653,1.733333333333333,0.0033333333333329662,129.2676613398402,True,0.9737257341760405,0.7608386939637057,-0.10219736705509996,,-0.22767428082947153,True,2.100000000000002,1.8718298776578233
1.74,1.6973333333333334,1.7826666666666666,False,128.5068226458765,True,0.615949885458068,0.049927797269063906,0.12079250522925214,-18.359200227965925,1.743333333333333,0.0033333333333329662,129.13066908993184,True,0.9544032626336377,0.6238464440553457,-0.08384077246525827,,-0.24603087541931504,True,2.100000000000002,1.8534732830679799
1.75,1.7073333333333334,1.7926666666666666,False,128.5068226458765,True,0.5485250542599845,0.049927797269063906,0.11916925006124933,-18.47671587371828,1.753333333333333,0.0033333333333329662,128.48252518705374,True,0.9401713053881473,0.024297458822758244,0.0032736444914800043,,-0.3331452923760513,True,2.100000000000002,1.7663588661112466
1.76,1.7173333333333334,1.8026666666666666,False,128.5068226458765,True,0.5485250542599844,0.049927797269063906,0.11585166265500349,-18.721954580300693,1.763333333333333,0.0033333333333329662,128.36124143488502,True,0.9803228629817062,0.14558121099148025,0.01962370661064948,,-0.3494953544952224,True,2.100000000000002,1.7500088039920758
1.77,1.7273333333333334,1.8126666666666666,False,128.5068226458765,True,0.6159498854580681,0.049927797269063906,0.10983175157653441,-19.185441805904247,1.773333333333333,0.0033333333333329662,128.0547901540217,True,0.9828776694922963,0.4520324918547942,0.06100482783934606,,-0.3908764757239173,True,2.100000000000002,1.70862768276338
1.78,1.7373333333333334,1.8226666666666667,False,128.5068226458765,True,0.6159498854580681,0.049927797269063906,0.10491668276345717,-19.583108986166792,1.783333333333333,0.0033333333333329662,127.55851602586294,True,0.9874096043001941,0.9483066200135539,0.12822885155755764,,-0.4581004994421287,True,2.100000000000002,1.6414036590451686
1.79,1.7473333333333334,1.8326666666666667,False,127.76667781088264,True,0.7571601330199093,-0.05007220273093406,0.0999013508724022,-20.008572783535712,1.793333333333333,0.0033333333333329662,127.07098280049215,True,0.9768897116303353,0.6956950103904944,0.09452401021844414,,-0.5243956581030152,True,2.0000000000000004,1.575108500384279
1.8,1.7573333333333334,1.8426666666666667,False,127.76667781088264,True,0.6860828109301792,-0.05007220273093406,0.09127753877692812,-20.792721576444002,1.803333333333333,0.0033333333333329662,126.38254396511739,True,0.9827302974290478,1.3841338457652483,0.18857294288435922,,-0.6184445907689329,True,2.0000000000000004,1.4810595677183636
1.81,1.7673333333333334,1.8526666666666667,False,127.03079589645196,True,0.7571601330199094,-0.15007220273093552,0.08387940405609363,-21.526893275166174,1.813333333333333,0.0033333333333329662,126.2433841411344,True,0.9821590864520239,0.7874117553175637,0.10764606429477808,,-0.6375177121793526,True,1.9000000000000006,1.461986446307943
1.82,1.7773333333333334,1.8626666666666667,False,127.03079589645196,True,0.7571601330199093,-0.15007220273093552,0.07913632006179246,-22.03248297677898,1.823333333333333,0.0033333333333329662,125.52970210795357,True,0.9763783570968748,1.5010937884983946,0.2057942789215226,,-0.735665926806094,True,1.9000000000000006,1.3638382316812017
1.83,1.7873333333333334,1.8726666666666667,False,126.29915234996876,True,0.7571601330199093,-0.25007220273093417,0.07413920686334137,-22.59904128674327,1.833333333333333,0.0033333333333329662,125.35850250531242,True,0.9904120982635002,0.9406498446563489,0.1294212667058653,,-0.759292914590437,True,1.800000000000001,1.3402112438968583
1.84,1.7973333333333332,1.8826666666666667,False,125.57172276022992,True,0.7571601330199093,-0.3500722027309343,0.06769290829051955,-23.389136538148875,1.843333333333333,0.0033333333333329662,125.49404371865637,True,0.9951297810323155,0.07767904157354621,0.01071277919313095,,-0.7405844270777039,True,1.6999999999999993,1.3589197314095929
1.85,1.8073333333333332,1.8926666666666667,False,125.57172276022992,True,0.7571601330199094,-0.3500722027309343,0.06703450970565356,-23.474031254554518,1.853333333333333,0.0033333333333329662,125.48303458428506,True,0.9942889840069993,0.08868817594485279,0.012231594251101168,,-0.7421032421356717,True,1.6999999999999993,1.3574009163516254
1.86,1.8173333333333332,1.9026666666666667,False,125.57172276022992,True,0.7571601330199093,-0.3500722027309343,0.06540663868332519,-23.68756338299088,1.863333333333333,0.0033333333333329662,125.75483434113983,True,0.990855628222889,0.18311158090990887,-0.02522686527030118,,-0.7046447826142719,True,1.6999999999999993,1.3948593758730248
1.87,1.8273333333333333,1.9126666666666667,False,125.57172276022992,True,0.7571601330199093,-0.3500722027309343,0.06303204407599178,-24.008772176850073,1.873333333333333,0.0033333333333329662,125.52522694284224,True,0.9884224110999377,0.046495817387679494,0.006411479168977608,,-0.7362831270535491,True,1.6999999999999993,1.3632210314337465
1.88,1.8373333333333333,1.9226666666666667,False,125.57172276022992,True,0.7571601330199094,-0.3500722027309343,0.06148051481462737,-24.22525009077969,1.883333333333333,0.0033333333333331883,125.09497756737969,True,0.9890280306867164,0.4767451928502311,0.06585306342576902,,-0.79572471131034,True,1.6999999999999993,1.3037794471769564
1.89,1.8473333333333333,1.9326666666666668,False,125.57172276022992,True,0.7571601330199093,-0.3500722027309343,0.06309331056037894,-24.00033368380814,1.893333333333333,0.0033333333333331883,125.37873871373985,True,0.9947470453639846,0.19298404649006784,0.0266268183854394,,-0.7564984662700119,True,1.6999999999999993,1.3430056922172866
1.9,1.8573333333333333,1.9426666666666668,False,125.57172276022992,True,0.8266685594724995,-0.3500722027309343,0.06281716973769541,-24.038432697493107,1.903333333333333,0.0033333333333331883,125.52542588423077,True,0.9949814767700819,0.04629687599914689,0.006384041351012434,,-0.7362556892355873,True,1.6999999999999993,1.363248469251709
1.91,1.8673333333333333,1.9526666666666668,False,125.57172276022992,True,0.8266685594724995,-0.3500722027309343,0.06124411793307419,-24.258712317840807,1.913333333333333,0.0033333333333331883,125.64301934258411,True,0.9947105796049377,0.07129658235419356,-0.009826738131246238,,-0.7200449097533261,True,1.6999999999999993,1.37945924873397
1.92,1.8773333333333333,1.9626666666666666,False,125.57172276022992,True,0.7571601330199094,-0.3500722027309343,0.058595314599095755,-24.642742193328008,1.9233333333333331,0.0033333333333331883,125.67765449965883,True,0.9916151263623407,0.10593173942891099,-0.014598455689172372,,-0.7152731921954012,True,1.6999999999999993,1.3842309662918972
1.93,1.8873333333333333,1.9726666666666666,False,125.57172276022992,True,0.6159498854580681,-0.3500722027309343,0.05798298513075379,-24.733988593541888,1.9333333333333331,0.0033333333333331883,125.81035714349812,True,0.9881244591301237,0.23863438326820585,-0.032868857943119265,,-0.6970027899414527,True,1.6999999999999993,1.4025013685458432
1.94,1.8973333333333333,1.9826666666666666,False,126.29915234996876,True,0.6159498854580681,-0.25007220273093417,0.05682790521742076,-24.908767051296955,1.943333333333333,0.0033333333333329662,126.14926829375497,True,0.9417519655278026,0.14988405621379286,0.020557420114394664,,-0.6504290679989659,True,1.800000000000001,1.449075090488329
1.95,1.9073333333333333,1.9926666666666666,False,126.29915234996876,True,0.5485250542599845,-0.25007220273093417,0.055169760856547075,-25.16597797134623,1.953333333333333,0.0033333333333329662,125.88179553519954,True,0.8841282643922733,0.4173568147692208,0.0573035349480394,,-0.6871751828326128,True,1.800000000000001,1.4123289756546846
1.96,1.9173333333333333,2.002666666666667,False,127.03079589645196,True,0.48498680771591135,-0.15007220273093552,0.05444114144149157,-25.281455554552462,1.963333333333333,0.0033333333333329662,129.93003466473198,True,0.9191004653274446,2.8992387682800143,-0.39068007867948895,pyin_probability_below_0.5,-0.13919156920508508,False,1.9000000000000006,1.960312589282212
1.97,1.9273333333333333,2.0126666666666666,False,127.76667781088264,True,0.48498680771591135,-0.05007220273093406,0.054229277457209506,-25.31532364001571,1.973333333333333,0.0033333333333329662,128.81066237307923,True,0.9562973514760954,1.0439845621965844,-0.14088474015873784,pyin_probability_below_0.5,-0.28898690772583374,False,2.0000000000000004,1.8105172507614622
1.98,1.9373333333333334,2.022666666666667,False,128.5068226458765,True,0.42606232904328145,0.049927797269063906,0.05382450088766355,-25.38039977360593,1.983333333333333,0.0033333333333329662,128.3617982415217,True,0.9861646655373236,0.14502440435478547,0.01954860913522017,pyin_probability_below_0.5,-0.34942025701979346,False,2.100000000000002,1.7500839014675025
1.99,1.9473333333333334,2.0326666666666666,False,130.0,True,0.42606232904328145,0.24992779726906492,0.05424679902470144,-25.312517668270047,1.993333333333333,0.0033333333333329662,128.76881254090273,True,0.9896400638247892,1.2311874590972707,0.16474085210348785,pyin_probability_below_0.5,-0.2946124999880583,False,2.3000000000000003,1.804891658499239
2.0,1.9573333333333334,2.042666666666667,False,130.75308233882095,True,0.5485250542599845,0.3499277972690673,0.054868397773381844,-25.213554431339432,2.003333333333333,0.0033333333333329662,129.6619323052723,True,0.9863619052212239,1.0911500335486437,0.14507974114668248,,-0.17495138903125418,True,2.4000000000000012,1.9245527694560414
2.01,1.9673333333333334,2.0526666666666666,False,131.51052723924994,True,0.48498680771591135,0.4499277972690668,0.05554936909876907,-25.106417383779704,2.013333333333333,0.0033333333333334103,131.59781471447613,True,0.9845430470402151,0.08728747522619074,-0.011486907149390737,pyin_probability_below_0.5,0.08161525926481927,False,2.500000000000002,2.181119417752118
2.02,1.9773333333333334,2.062666666666667,False,133.03860595958074,True,0.27960516533635893,0.6499277972690641,0.057384794130284,-24.824063441300616,2.023333333333333,0.0033333333333329662,133.1327372310044,True,0.9859398765822828,0.09413127142366307,-0.012244989788230244,pyin_probability_below_0.5,0.28237334190365565,False,2.7,2.381877500390952
2.03,1.9873333333333334,2.0726666666666667,False,134.5844400993791,True,0.24075439447557434,0.8499277972690685,0.05832975674110961,-24.682196695028722,2.033333333333333,0.0033333333333334103,134.90546069130883,True,0.9774233368770308,0.321020591929738,-0.04124548196012444,pyin_probability_below_0.5,0.5113738340755529,False,2.9000000000000035,2.610877992562851
2.04,1.9973333333333334,2.082666666666667,False,140.13768379557115,True,0.056071395445892624,1.5499277972690626,0.07469970390661566,-22.533622392601742,2.043333333333333,0.0033333333333329662,138.1306222697189,True,0.9762637990235263,2.0070615258522366,0.24974123410511662,pyin_probability_below_0.5,0.9203871180103085,False,3.599999999999997,3.0198912764976056
2.05,2.0073333333333334,2.0926666666666667,False,141.7660052464835,True,0.10857977072874499,1.7499277972690668,0.08336755159891766,-21.580059060066198,2.0533333333333332,0.0033333333333334103,141.0109207122688,True,0.9733260029128357,0.7550845342146886,0.09245670650676469,pyin_probability_below_0.5,1.2776716456086619,False,3.8000000000000007,3.377175804095957
2.06,2.017333333333333,2.1026666666666665,False,142.58724736030138,True,0.20650679911775227,1.8499277972690673,0.09400671132321324,-20.536822803199097,2.063333333333333,0.0033333333333329662,142.49813518099631,True,0.9230744332556277,0.08911217930506155,0.01082300626210694,pyin_probability_below_0.5,1.4593053458533187,False,3.9000000000000004,3.558809504340617
2.07,2.0273333333333334,2.1126666666666667,False,142.58724736030138,True,0.3721358982975087,1.8499277972690673,0.10594261503315508,-19.498586227318846,2.073333333333333,0.0033333333333329662,142.12090596050774,True,0.8904201656092938,0.46634139979363454,0.05671399448257658,pyin_probability_below_0.5,1.4134143576328522,False,3.9000000000000004,3.5129185161201484
2.08,2.037333333333333,2.1226666666666665,False,142.58724736030138,True,0.48498680771591135,1.8499277972690673,0.11485203359476329,-18.79722621379091,2.083333333333333,0.0033333333333329662,142.61939058422698,True,0.9581299451602654,0.032143223925601205,-0.003902254473698501,pyin_probability_below_0.5,1.4740306065891269,False,3.9000000000000004,3.5735347650764244
2.09,2.0473333333333334,2.1326666666666667,False,142.58724736030138,True,0.5485250542599845,1.8499277972690673,0.12578424352403794,-18.007475155420853,2.093333333333333,0.0033333333333329662,143.21920157334776,True,0.9941709030058131,0.6319542130463844,-0.0765596744333649,,1.5466880265487921,True,3.9000000000000004,3.6461921850360888
2.1,2.0573333333333332,2.1426666666666665,False,141.7660052464835,True,0.5485250542599847,1.7499277972690668,0.13166186463415297,-17.61079997187727,2.103333333333333,0.0033333333333329662,142.96364780028233,True,0.9881575960470773,1.1976425537988291,-0.1456407348908162,,1.5157690870062448,True,3.8000000000000007,3.6152732454935412
2.11,2.0673333333333335,2.1526666666666667,False,141.7660052464835,True,0.615949885458068,1.7499277972690668,0.13712646253314276,-17.257574547807,2.113333333333333,0.0033333333333329662,142.31024744878056,True,0.9933974966485843,0.5442422022970561,-0.06633513187991956,,1.4364634839953483,True,3.8000000000000007,3.5359676424826447
2.12,2.0773333333333333,2.1626666666666665,False,141.7660052464835,True,0.6159498854580681,1.7499277972690668,0.137247229619016,-17.249928263359543,2.123333333333333,0.0033333333333329662,141.35596404557825,True,0.9850112564633998,0.41004120090525475,0.05014642887885479,,1.3199819232365742,True,3.8000000000000007,3.4194860817238713
2.13,2.0873333333333335,2.1726666666666667,False,140.9494931391844,True,0.4260623290432814,1.6499277972690671,0.13474411626065486,-17.40980379277907,2.133333333333333,0.0033333333333329662,139.752985485172,True,0.971795075011468,1.1965076540124073,0.14759024191009232,pyin_probability_below_0.5,1.1225381102053342,False,3.7000000000000015,3.222042268692632
2.14,2.0973333333333333,2.1826666666666665,False,139.33055012971812,True,0.2796051653363589,1.449927797269067,0.1294805493270556,-17.755909335033568,2.143333333333333,0.0033333333333329662,138.14949155551506,True,0.9403688505393945,1.181058574203064,0.1473764493473365,pyin_probability_below_0.5,0.9227519027680919,False,3.500000000000001,3.022256061255388
2.15,2.1073333333333335,2.1926666666666668,False,137.7302022667084,True,0.15046460134333883,1.2499277972690686,0.12999151921115848,-17.721699612315593,2.153333333333333,0.0033333333333329662,136.08999464007522,True,0.9291421917148339,1.6402076266331846,0.20740743642045648,pyin_probability_below_0.5,0.6627209156949739,False,3.3000000000000034,2.762225074182269
2.16,2.1173333333333333,2.2026666666666666,False,136.14823596668148,True,0.10857977072874499,1.0499277972690657,0.1237694426407773,-18.147731295425974,2.163333333333333,0.0033333333333329662,134.3173379009645,True,0.8769084219582561,1.8308980657169798,0.23439297248216806,pyin_probability_below_0.5,0.43573537963326037,False,3.1000000000000023,2.535239538120555
2.17,2.1273333333333335,2.212666666666667,False,134.5844400993791,True,0.10857977072874499,0.8499277972690685,0.11966560752102993,-18.440613000232077,2.173333333333333,0.0033333333333329662,132.6185141832158,True,0.9116991647413036,1.965925916163286,0.25475311881702173,pyin_probability_below_0.5,0.21537523329841063,False,2.9000000000000035,2.314879391785706
2.18,2.1373333333333333,2.2226666666666666,False,133.03860595958074,True,0.09203757081218102,0.6499277972690641,0.11884953070885274,-18.500050575890278,2.183333333333333,0.0033333333333329662,131.20629267706266,True,0.9158710628172636,1.8323132825180721,0.2400965167416192,pyin_probability_below_0.5,0.0300318353738099,False,2.7,2.129535993861106
2.19,2.1473333333333335,2.232666666666667,False,129.25125509628117,True,0.1504646013433388,0.1499277972690682,0.11604217884509026,-18.70768250681251,2.193333333333333,0.0033333333333329662,129.7600387260569,True,0.949076186374754,0.5087836297757349,-0.06801438372762375,pyin_probability_below_0.5,-0.16185726415694637,False,2.200000000000003,1.9376468943303486
2.2,2.1573333333333333,2.2426666666666666,False,128.5068226458765,True,0.24075439447557428,0.049927797269063906,0.11776072788728438,-18.57999037187506,2.203333333333333,0.0033333333333329662,128.6740678871406,True,0.9693294517920611,0.1672452412641121,-0.02251650162930941,pyin_probability_below_0.5,-0.3073551462552624,False,2.100000000000002,1.792149012232034
2.21,2.167333333333333,2.252666666666667,False,127.76667781088264,True,0.3721358982975087,-0.05007220273093406,0.12048740593775677,-18.38116691532268,2.213333333333333,0.0033333333333329662,127.9456709987268,True,0.992418174840246,0.1789931878441564,-0.024236541833029052,pyin_probability_below_0.5,-0.40563510605154224,False,2.0000000000000004,1.6938690524357543
2.22,2.1773333333333333,2.2626666666666666,False,127.76667781088264,True,0.4260623290432814,-0.05007220273093406,0.12301057824171399,-18.2011507997541,2.223333333333333,0.0033333333333329662,127.44794681474004,True,0.9855147612108907,0.31873099614260525,0.043241898124147,pyin_probability_below_0.5,-0.47311354600871924,False,2.0000000000000004,1.6263906124785747
2.23,2.187333333333333,2.272666666666667,False,127.76667781088264,True,0.5485250542599845,-0.05007220273093406,0.12383377473532602,-18.143217771797882,2.233333333333333,0.0033333333333329662,127.1680884399162,True,0.9794983342297293,0.5985893709664367,0.08129924530076042,,-0.5111708931853306,True,2.0000000000000004,1.588333265301964
2.24,2.1973333333333334,2.2826666666666666,False,127.03079589645196,True,0.6860828109301794,-0.15007220273093552,0.12259782169888528,-18.23034492466503,2.243333333333333,0.0033333333333329662,126.98271153847304,True,0.9846069479230782,0.0480843579789223,0.0065543978031391125,,-0.5364260456877126,True,1.9000000000000006,1.563078112799583
2.25,2.207333333333333,2.292666666666667,False,127.03079589645196,True,0.7571601330199093,-0.15007220273093552,0.11903929302372837,-18.486193221448698,2.253333333333333,0.0033333333333329662,126.552462073864,True,0.9934542404441238,0.4783338225879561,0.06531257538725227,,-0.5951842232718282,True,1.9000000000000006,1.5043199352154706
2.26,2.2173333333333334,2.3026666666666666,False,126.29915234996876,True,0.8266685594724996,-0.25007220273093417,0.11708388647104663,-18.630057401410664,2.263333333333333,0.0033333333333334103,126.2655671171919,True,0.9942453977913063,0.033585232776857765,0.004604277192359634,,-0.6344759250769301,True,1.800000000000001,1.4650282334103673
2.27,2.227333333333333,2.312666666666667,False,126.29915234996876,True,0.8911444948731203,-0.25007220273093417,0.11267903806624927,-18.963137384293816,2.273333333333333,0.0033333333333329662,126.15646611892181,True,0.9874316363770397,0.14268623104695166,0.01956964074105312,,-0.6494412886256246,True,1.800000000000001,1.450062869861671
2.28,2.2373333333333334,2.3226666666666667,False,126.29915234996876,True,0.8266685594724995,-0.25007220273093417,0.10497327798846458,-19.57842481843806,2.283333333333333,0.0033333333333334103,125.86274869699923,True,0.9835764557967389,0.4364036529695312,0.05992321713284536,,-0.6897948650174186,True,1.800000000000001,1.4097092934698785
2.29,2.247333333333333,2.332666666666667,False,126.29915234996876,True,0.8266685594724995,-0.25007220273093417,0.095257989568833,-20.42197177128505,2.293333333333333,0.0033333333333329662,125.67828205570531,True,0.9748496950519571,0.6208702942634545,0.08531509746495242,,-0.7151867453495239,True,1.800000000000001,1.3843174131377731
2.3,2.2573333333333334,2.3426666666666667,False,125.57172276022992,True,0.7571601330199093,-0.3500722027309343,0.08942431885761315,-20.970887183491875,2.3033333333333332,0.0033333333333334103,125.18650981196117,True,0.951419716061734,0.3852129482687445,0.053190221508770744,,-0.7830618693933429,True,1.6999999999999993,1.3164422890939533
2.31,2.267333333333333,2.3526666666666665,False,125.57172276022992,True,0.7571601330199093,-0.3500722027309343,0.08187262489350387,-21.737225712059832,2.313333333333333,0.0033333333333329662,121.40344417756828,True,0.9609863287020112,4.168278582661642,0.5844272672942044,,-1.314298915178777,False,1.6999999999999993,0.7852052433085188
2.32,2.2773333333333334,2.3626666666666667,False,125.57172276022992,True,0.7571601330199093,-0.3500722027309343,0.07124838745478412,-22.94449920952282,2.3233333333333333,0.0033333333333334103,122.13338941482004,True,0.967383221035557,3.4383333454098732,0.4806474969587586,,-1.2105191448433303,True,1.6999999999999993,0.8889850136439656
2.33,2.287333333333333,2.3726666666666665,False,124.12940850835416,True,0.7571601330199093,-0.5500722027309329,0.06281475721928484,-24.03876628894831,2.333333333333333,0.0033333333333329662,123.43252151680053,True,0.9647087930557352,0.696886991553626,0.0974687565907328,,-1.0273404044753043,True,1.5000000000000004,1.0721637540119913
2.34,2.2973333333333334,2.3826666666666667,False,123.4144757235675,True,0.7571601330199093,-0.6500722027309338,0.056645465695490914,-24.93669696834734,2.343333333333333,0.0033333333333329662,124.15570935878442,True,0.988645804251761,0.7412336352169149,-0.1036677935710145,,-0.926203854313556,True,1.4000000000000004,1.17330030417374
2.35,2.3073333333333332,2.3926666666666665,False,122.70366064862014,True,0.7571601330199093,-0.750072202730935,0.051333401524143916,-25.791999139401746,2.353333333333333,0.0033333333333329662,124.25693136211315,True,0.9889497477519342,1.5532707134930064,-0.2177764949533269,,-0.9120951529312451,True,1.2999999999999994,1.18740900555605
2.36,2.3173333333333335,2.4026666666666667,False,123.4144757235675,True,0.8266685594724995,-0.6500722027309338,0.0480963909348959,-26.357750221323933,2.363333333333333,0.0033333333333329662,123.12891554834277,True,0.9745674008703934,0.285560175224731,0.04010423616968899,,-1.0699758840542608,True,1.4000000000000004,1.029528274433035
2.37,2.3273333333333333,2.4126666666666665,False,123.4144757235675,True,0.8266685594724996,-0.6500722027309338,0.043134263862752424,-27.3035521862406,2.373333333333333,0.0033333333333329662,121.78107532641397,True,0.992692224948524,1.6334003971535367,0.23065999381017938,,-1.2605316416947496,True,1.4000000000000004,0.838972516792546
2.38,2.3373333333333335,2.4226666666666667,False,123.4144757235675,True,0.8266685594724996,-0.6500722027309338,0.03931858888662598,-28.108041540983542,2.383333333333333,0.0033333333333329662,122.21295733783883,True,0.9835580326439767,1.2015183857286758,0.16937246017238802,,-1.1992441080569567,True,1.4000000000000004,0.9002600504303409
2.39,2.3473333333333333,2.4326666666666665,False,123.4144757235675,True,0.8266685594724996,-0.6500722027309338,0.03671153492205502,-28.70394914225865,2.393333333333333,0.0033333333333329662,122.8927073544031,True,0.9857381317460581,0.5217683691644055,0.07334780141774397,,-1.1032194493023173,True,1.4000000000000004,0.9962847091849785
2.4,2.3573333333333335,2.4426666666666668,False,123.4144757235675,True,0.8266685594724996,-0.6500722027309338,0.033968020354959216,-29.378595258637002,2.403333333333333,0.0033333333333329662,123.95224612677062,True,0.987733396395593,0.5377704032031119,-0.07527349615585648,,-0.9545981517287139,True,1.4000000000000004,1.144906006758582
2.41,2.3673333333333333,2.4526666666666666,False,124.12940850835416,True,0.8266685594724995,-0.5500722027309329,0.03037460400123951,-30.349787506521242,2.413333333333333,0.0033333333333329662,125.077213377591,True,0.9856203622318039,0.9478048692368333,-0.13168831236409853,,-0.798183335520473,True,1.5000000000000004,1.3013208229668232
2.42,2.3773333333333335,2.462666666666667,False,125.57172276022992,True,0.2796051653363589,-0.3500722027309343,0.030391980027163267,-30.344820097210725,2.423333333333333,0.0033333333333329662,125.64886174694256,True,0.9909295788025764,0.07713898671264019,-0.010631743793327032,pyin_probability_below_0.5,-0.7192399040912465,False,1.6999999999999993,1.38026425439605
2.43,2.3873333333333333,2.4726666666666666,False,131.51052723924994,True,0.013100262550513395,0.4499277972690668,0.03533908827949664,-29.034893182771437,2.433333333333333,0.0033333333333329662,127.51512210094916,True,0.9727401527724984,3.9954051383007823,0.5341193106116457,pyin_probability_below_0.5,-0.46399095849621563,False,2.500000000000002,1.635513199991081
2.44,2.3973333333333335,2.482666666666667,False,142.58724736030138,True,0.010052967545965857,1.8499277972690673,0.06809371564694124,-23.337859343475063,2.443333333333333,0.0033333333333329662,131.90920414426398,True,0.9250181652925552,10.678043216037395,1.3475966697026767,pyin_probability_below_0.5|pitch_difference_over_1_semitone,0.12253168241275292,False,3.9000000000000004,2.2220358409000496
2.45,2.4073333333333333,2.4926666666666666,False,145.07962854192903,True,0.015085587297504338,2.149927797269066,0.09672860325747824,-20.28890166621187,2.453333333333333,0.0033333333333329662,144.1160413030852,True,0.9321507294779532,0.9635872388438145,0.11536833946808016,pyin_probability_below_0.5,1.6547600126473485,False,4.200000000000001,3.754264171134645
2.46,2.417333333333333,2.502666666666667,False,146.76537262479707,True,0.07797523762294818,2.3499277972690664,0.1354092321198719,-17.367034494105777,2.463333333333333,0.0033333333333329662,147.2068926999428,True,0.7204918920031994,0.4415200751457462,-0.05200321610867355,pyin_probability_below_0.5,2.0221315682240997,False,4.400000000000002,4.121635726711398
2.47,2.4273333333333333,2.5126666666666666,False,147.61557577921405,True,0.17653060863289757,2.449927797269065,0.16122078954714344,-15.851579126121521,2.473333333333333,0.0033333333333329662,143.9844474437348,True,0.7992472818949977,3.6311283354792465,0.43118363966351275,pyin_probability_below_0.5,1.6389447124519125,False,4.499999999999999,3.7384488709392114
2.48,2.437333333333333,2.522666666666667,False,146.76537262479707,True,0.37213589829750865,2.3499277972690664,0.19073350703710928,-14.391460114638884,2.483333333333333,0.0033333333333329662,145.8689745526548,True,0.9290851676810175,0.8963980721422615,0.10606271839650948,pyin_probability_below_0.5,1.8640656337189192,False,4.400000000000002,3.9635697922062167
2.49,2.4473333333333334,2.5326666666666666,False,146.76537262479707,True,0.48498680771591124,2.3499277972690664,0.208618987495533,-13.612923334368025,2.493333333333333,0.0033333333333329662,147.5679255290529,True,0.9821174969633775,0.8025529042558333,-0.09441068109318493,pyin_probability_below_0.5,2.0645390332086153,False,4.400000000000002,4.16404319169591
2.5,2.457333333333333,2.542666666666667,False,146.76537262479707,True,0.6159498854580682,2.3499277972690664,0.22791317649486226,-12.844611318806917,2.503333333333333,0.0033333333333329662,147.4359135560342,True,0.9881453037669382,0.6705409312371273,-0.07891639881275772,,2.0490447509281875,True,4.400000000000002,4.1485489094154815
2.51,2.4673333333333334,2.5526666666666666,False,145.9200662802185,True,0.6860828109301793,2.2499277972690654,0.24178003995860983,-12.331591099582521,2.513333333333333,0.0033333333333334103,146.47707175361256,True,0.9914344984523604,0.5570054733940708,-0.0659587856430272,,1.936087137758454,True,4.3000000000000025,4.035591296245752
2.52,2.477333333333333,2.562666666666667,False,145.9200662802185,True,0.7571601330199093,2.2499277972690654,0.2506738507984104,-12.01781934766166,2.523333333333333,0.0033333333333329662,145.88092719182026,True,0.997426815725387,0.03913908839822966,0.004644187265065406,,1.8654841648503642,True,4.3000000000000025,3.9649883233376593
2.53,2.4873333333333334,2.5726666666666667,False,145.07962854192903,True,0.7571601330199093,2.149927797269066,0.25401470083475064,-11.902822966289417,2.533333333333333,0.0033333333333334103,144.87651281549205,True,0.991302891156474,0.20311572643697673,0.024254766074621105,,1.7458735860408066,True,4.200000000000001,3.8453777445281028
2.54,2.497333333333333,2.582666666666667,False,144.24403136881983,True,0.6860828109301792,2.0499277972690635,0.250895293354452,-12.010149714270757,2.543333333333333,0.0033333333333329662,143.45525861187198,True,0.9896522762383927,0.78877275694785,0.09492923499260626,,1.5751991171228181,True,4.099999999999998,3.674703275610115
2.55,2.5073333333333334,2.5926666666666667,False,143.41324688128702,True,0.7571601330199093,1.9499277972690625,0.24313352100323762,-12.283103210370843,2.5533333333333332,0.0033333333333334103,142.36277323381273,True,0.9842229169640038,1.0504736474742913,0.12727617499309268,,1.4428521771223313,True,3.9999999999999973,3.5423563356096297
2.56,2.517333333333333,2.6026666666666665,False,142.58724736030138,True,0.7571601330199093,1.8499277972690673,0.2288919887689995,-12.807388147758834,2.563333333333333,0.0033333333333329662,141.18684710664877,True,0.9848152477743272,1.400400253652606,0.17087114926506208,,1.2992572028503662,True,3.9000000000000004,3.3987613613376606
2.57,2.5273333333333334,2.6126666666666667,False,141.7660052464835,True,0.8266685594724995,1.7499277972690668,0.21376988634098545,-13.401069473382627,2.5733333333333333,0.0033333333333334103,140.85120802560107,True,0.9822196226235456,0.9147972208824342,0.11207623269551828,,1.2580521194199121,True,3.8000000000000007,3.3575562779072077
2.58,2.537333333333333,2.6226666666666665,False,140.9494931391844,True,0.8266685594724995,1.6499277972690671,0.19298904026169175,-14.289347072592678,2.583333333333333,0.0033333333333329662,140.61562992099473,True,0.9714107951156243,0.3338632181896628,0.041055911731022014,,1.2290724403844073,True,3.7000000000000015,3.3285765988717015
2.59,2.5473333333333334,2.6326666666666667,False,140.9494931391844,True,0.8266685594724996,1.6499277972690671,0.1763492132132393,-15.07252947217376,2.593333333333333,0.0033333333333329662,140.07570354365768,True,0.9550608894610725,0.8737895955267163,0.10765861511837078,,1.1624697369970582,True,3.7000000000000015,3.2619738954843545
2.6,2.5573333333333332,2.6426666666666665,False,140.13768379557115,True,0.8266685594724995,1.5499277972690626,0.15484163425412215,-16.20224507258454,2.603333333333333,0.0033333333333329662,139.5941458458374,True,0.8871428067311693,0.5435379497337465,0.0672781921878339,,1.102850159927593,True,3.599999999999997,3.202354318414888
2.61,2.5673333333333335,2.6526666666666667,False,140.13768379557115,True,0.6860828109301792,1.5499277972690626,0.13613942000530008,-17.320322079040672,2.613333333333333,0.0033333333333329662,140.1003483590309,True,0.7163872070920512,0.03733543654024629,0.004612962691803205,,1.1655153894236232,True,3.599999999999997,3.2650195479109194
2.62,2.5773333333333333,2.6626666666666665,False,140.13768379557115,True,0.5485250542599845,1.5499277972690626,0.11562005350918972,-18.73933667937021,2.623333333333333,0.0033333333333329662,141.16168338621483,True,0.7881760677605703,1.0239995906436832,-0.12604299867431493,,1.296171350789743,True,3.599999999999997,3.395675509277038
2.63,2.5873333333333335,2.6726666666666667,False,140.13768379557115,True,0.32333605839064083,1.5499277972690626,0.08839594119050187,-21.071353514000126,2.633333333333333,0.0033333333333329662,139.52083594284082,True,0.8479249600013219,0.6168478527303307,0.07637240865064152,pyin_probability_below_0.5,1.0937559434647859,False,3.599999999999997,3.1932601019520828
2.64,2.5973333333333333,2.6826666666666665,False,139.33055012971812,True,0.07797523762294817,1.449927797269067,0.061101679124601634,-24.278937096448804,2.643333333333333,0.0033333333333329662,138.27041123748685,True,0.7849290509179626,1.0601388922312651,0.1322299073024322,pyin_probability_below_0.5,0.9378984448129983,False,3.500000000000001,3.0374026033002934
2.65,2.6073333333333335,2.6926666666666668,False,142.58724736030138,True,0.030106861794195007,1.8499277972690673,0.04049352395058614,-27.852288541836394,2.653333333333333,0.0033333333333329662,139.89447816246803,True,0.6940080580754792,2.692769197833343,0.3300712586633543,pyin_probability_below_0.5,1.1400570934520755,False,3.9000000000000004,3.23956125193937
2.66,2.6173333333333333,2.7026666666666666,False,139.33055012971812,True,0.24075439447557434,1.449927797269067,0.03240441451532957,-29.78791641991091,2.663333333333333,0.0033333333333329662,136.68283389045456,True,0.8010297225919298,2.647716239263559,0.3321546982778529,pyin_probability_below_0.5,0.7379736538375764,False,3.500000000000001,2.837477812324873
2.67,2.6273333333333335,2.712666666666667,False,137.7302022667084,True,0.056071395445892624,1.2499277972690686,0.022283153279117156,-33.04046704660831,2.673333333333333,0.0033333333333329662,135.46447438866016,True,0.8685409960914643,2.2657278780482386,0.2871648329269422,pyin_probability_below_0.5,0.5829635191884895,False,3.3000000000000034,2.6824676776757843
2.68,2.6373333333333333,2.7226666666666666,False,137.7302022667084,True,0.06608151270920701,1.2499277972690686,0.016492896677150048,-35.6540612346872,2.683333333333333,0.0033333333333329662,136.76218894727236,True,0.8274489913153088,0.9680133194360394,0.12210644954692954,pyin_probability_below_0.5,0.7480219025685001,False,3.3000000000000034,2.8475260610557953
2.69,2.6473333333333335,2.732666666666667,False,137.7302022667084,True,0.022944219124638603,1.2499277972690686,0.013843195374728301,-37.17527303365888,2.693333333333333,0.0033333333333329662,,False,0.0,,,pyin_probability_below_0.5|voicing_disagreement,,False,3.3000000000000034,
2.7,2.6573333333333333,2.7426666666666666,False,135.36407982952485,True,0.010009025493342984,0.9499277972690675,0.0171061368557444,-35.33696115536644,2.703333333333333,0.0033333333333329662,,False,0.0,,,pyin_probability_below_0.5|voicing_disagreement,,False,3.0000000000000027,
2.71,2.667333333333333,2.752666666666667,False,143.41324688128702,True,0.010000000003996621,1.9499277972690625,0.02646974909873749,-31.54500350532947,2.713333333333333,0.0033333333333329662,,False,0.0,,,pyin_probability_below_0.5|voicing_disagreement,,False,3.9999999999999973,
2.72,2.6773333333333333,2.7626666666666666,False,,False,0.010000000000023851,,0.03217033809745244,-29.850887496237036,2.723333333333333,0.0033333333333329662,,False,0.0,,,,,False,,
2.73,2.687333333333333,2.772666666666667,False,,False,0.01000000000000011,,0.04113918023118274,-27.714887332369365,2.733333333333333,0.0033333333333329662,,False,0.0,,,,,False,,
2.74,2.6973333333333334,2.7826666666666666,False,,False,0.010000000000000439,,0.04589247286074776,-26.765170804772097,2.743333333333333,0.0033333333333329662,,False,0.0,,,,,False,,
2.75,2.707333333333333,2.792666666666667,False,,False,0.010000000000001867,,0.05020808611807883,-25.98452666361014,2.753333333333333,0.0033333333333329662,,False,0.0,,,,,False,,
2.76,2.7173333333333334,2.8026666666666666,False,,False,0.010000000009505966,,0.0575093685519833,-24.805228017857633,2.763333333333333,0.0033333333333334103,,False,0.0,,,,,False,,
2.77,2.727333333333333,2.812666666666667,False,145.9200662802185,True,0.010000047007977299,2.2499277972690654,0.06689690476674866,-23.491879520224693,2.773333333333333,0.0033333333333329662,,False,0.0,,,pyin_probability_below_0.5|voicing_disagreement,,False,4.3000000000000025,
2.78,2.7373333333333334,2.8226666666666667,False,142.58724736030138,True,0.01003776550292939,1.8499277972690673,0.07892443393236387,-22.05577048606869,2.783333333333333,0.0033333333333334103,,False,0.0,,,pyin_probability_below_0.5|voicing_disagreement,,False,3.9000000000000004,
2.79,2.747333333333333,2.832666666666667,False,142.58724736030138,True,0.011422334250709074,1.8499277972690673,0.08465552901133615,-21.446893440835613,2.793333333333333,0.0033333333333329662,146.78722628680484,True,0.6333406590160667,4.199978926503462,-0.5025776507498023,pyin_probability_below_0.5,1.9727060028652317,False,3.9000000000000004,4.072210161352527
2.8,2.7573333333333334,2.8426666666666667,False,141.7660052464835,True,0.026168028608935752,1.7499277972690668,0.09206376370027888,-20.718225489807494,2.8033333333333332,0.0033333333333334103,141.95142079367454,True,0.8870366906554487,0.1854155471910417,-0.022627990018240625,pyin_probability_below_0.5,1.392756342133668,False,3.8000000000000007,3.4922605006209655
2.81,2.767333333333333,2.8526666666666665,False,141.7660052464835,True,0.09203757081218103,1.7499277972690668,0.0966919648245506,-20.292192292352446,2.813333333333333,0.0033333333333329662,140.39396056164753,True,0.9647718173655057,1.37204468483597,0.16836897399889006,pyin_probability_below_0.5,1.2017593781165394,False,3.8000000000000007,3.3012635366038343
2.82,2.7773333333333334,2.8626666666666667,False,141.7660052464835,True,0.27960516533635893,1.7499277972690668,0.10058836865429326,-19.94904470395223,2.8233333333333333,0.0033333333333334103,139.26863315449756,True,0.9778261781374978,2.4973720919859375,0.3076951250336239,pyin_probability_below_0.5,1.0624332270818053,False,3.8000000000000007,3.161937385569102
2.83,2.787333333333333,2.8726666666666665,False,139.33055012971812,True,0.48498680771591135,1.449927797269067,0.10805324761120304,-19.327243511583497,2.833333333333333,0.0033333333333329662,138.3714911475969,True,0.9887731058030378,0.9590589821212063,0.119578679246389,pyin_probability_below_0.5,0.9505496728690397,False,3.500000000000001,3.0500538313563386
2.84,2.7973333333333334,2.8826666666666667,False,140.13768379557115,True,0.6159498854580681,1.5499277972690626,0.11216399476408523,-19.00293063071814,2.843333333333333,0.0033333333333329662,137.9205730638834,True,0.9913349247365636,2.2171107316877396,0.2760873911549539,,0.8940409609604713,True,3.599999999999997,2.993545119447769
2.85,2.8073333333333332,2.8926666666666665,False,140.9494931391844,True,0.5485250542599845,1.6499277972690671,0.11942210286678284,-18.458305714600566,2.853333333333333,0.0033333333333329662,138.4968699863182,True,0.9935815138852703,2.4526231528662095,0.30389901627765803,,0.9662293358377712,True,3.7000000000000015,3.065733494325068
2.86,2.8173333333333335,2.9026666666666667,False,140.9494931391844,True,0.48498680771591135,1.6499277972690671,0.12525634614634745,-18.044005225139333,2.863333333333333,0.0033333333333329662,139.9445618679126,True,0.9833846998697184,1.0049312712718006,0.12387436654384054,pyin_probability_below_0.5,1.1462539855715903,False,3.7000000000000015,3.245758144058886
2.87,2.8273333333333333,2.9126666666666665,False,141.7660052464835,True,0.42606232904328145,1.7499277972690668,0.13269102596993673,-17.543168958464953,2.873333333333333,0.0033333333333329662,140.99622846725546,True,0.988099266261785,0.7697767792280388,0.09426061218230257,pyin_probability_below_0.5,1.275867739933123,False,3.8000000000000007,3.37537189842042
2.88,2.8373333333333335,2.9226666666666667,False,142.58724736030138,True,0.3721358982975087,1.8499277972690673,0.14093101097708244,-17.019868652453898,2.883333333333333,0.0033333333333329662,141.57122328335706,True,0.9859707334376411,1.0160240769443192,0.12380295886849416,pyin_probability_below_0.5,1.346325393246933,False,3.9000000000000004,3.445829551734229
2.89,2.8473333333333333,2.9326666666666665,False,142.58724736030138,True,0.42606232904328145,1.8499277972690673,0.15079961811708142,-16.431995165326786,2.893333333333333,0.0033333333333329662,142.5058785112358,True,0.9810571150738472,0.0813688490655693,0.009882281477681675,pyin_probability_below_0.5,1.4602460706377483,False,3.9000000000000004,3.5597502291250427
2.9,2.8573333333333335,2.9426666666666668,False,143.41324688128702,True,0.48498680771591135,1.9499277972690625,0.1560984623063267,-16.13202750123293,2.903333333333333,0.0033333333333329662,144.54869872124334,True,0.9772989020664199,1.1354518399563176,-0.13652797559462346,pyin_probability_below_0.5,1.7066563277100508,False,3.9999999999999973,3.806160486197345
2.91,2.8673333333333333,2.9526666666666666,False,145.07962854192903,True,0.5485250542599845,2.149927797269066,0.16105691500908723,-15.860412478566325,2.913333333333333,0.0033333333333329662,145.77734765344294,True,0.9854688065693208,0.6977191115139192,-0.08305920080033924,,1.8531875529157653,True,4.200000000000001,3.952691711403063
2.92,2.8773333333333335,2.962666666666667,False,145.9200662802185,True,0.6159498854580681,2.2499277972690654,0.16325639006891743,-15.742596217308037,2.923333333333333,0.0033333333333329662,146.4069221397795,True,0.9842064561212389,0.4868558595610182,-0.05766571365199204,,1.9277940657674217,True,4.3000000000000025,4.027298224254716
2.93,2.8873333333333333,2.9726666666666666,False,146.76537262479707,True,0.615949885458068,2.3499277972690664,0.16301752948442877,-15.755313856825415,2.933333333333333,0.0033333333333329662,147.7584936406303,True,0.9821956470792401,0.9931210158332249,-0.11675328424719772,,2.0868816363626257,True,4.400000000000002,4.186385794849923
2.94,2.8973333333333335,2.982666666666667,False,147.61557577921405,True,0.615949885458068,2.449927797269065,0.1640339416751455,-15.701325580868444,2.943333333333333,0.0033333333333329662,149.09716535017645,True,0.9837550159005096,1.4815895709623987,-0.1728944716374095,,2.243022823752837,True,4.499999999999999,4.342526982240132
2.95,2.9073333333333333,2.9926666666666666,False,149.33078614961454,True,0.615949885458068,2.6499277972690654,0.15943235708448544,-15.948470662919135,2.953333333333333,0.0033333333333329662,151.2153955303928,True,0.9853514026634793,1.8846093807782722,-0.2171208880945029,,2.487249240209929,True,4.699999999999999,4.586753398697225
2.96,2.917333333333333,3.002666666666667,False,150.19585059339548,True,0.6860828109301793,2.749927797269064,0.1574280697658139,-16.058356588517935,2.963333333333333,0.0033333333333329662,153.60807533233054,True,0.9987699612966635,3.412224738935066,-0.388909264888208,,2.7590376170036355,True,4.799999999999999,4.858541775490931
2.97,2.9273333333333333,3.0126666666666666,False,151.06592630451914,True,0.8266685594724996,2.8499277972690655,0.14773927507982468,-16.610080725713715,2.973333333333333,0.0033333333333329662,154.16086759328908,True,0.9951902800208463,3.0949412887699452,-0.3510996733334574,,2.821228025448885,True,4.899999999999999,4.920732183936181
2.98,2.937333333333333,3.022666666666667,False,151.9410423129619,True,0.8911444948731204,2.9499277972690634,0.14251125219190097,-16.923016878453158,2.983333333333333,0.0033333333333329662,153.38544707088545,True,0.9930130043897135,1.444404757923536,-0.1637998299369157,,2.7339281820523444,True,5.0,4.833432340539638
2.99,2.9473333333333334,3.0326666666666666,False,152.82122781686914,True,0.8911444948731204,3.049927797269068,0.13480123170681138,-17.406122790876346,2.993333333333333,0.0033333333333329662,152.80924449742326,True,0.9926104011523014,0.01198331944587494,0.0013575826061517345,,2.6687707695092784,True,5.100000000000001,4.768274927996574
3.0,2.957333333333333,3.042666666666667,False,151.9410423129619,True,0.8266685594724995,2.9499277972690634,0.1306496138281833,-17.677837392294062,3.003333333333333,0.0033333333333329662,152.13989474490663,True,0.9952158301014484,0.19885243194471514,-0.022642665688090396,,2.5927710178035186,True,5.0,4.692275176290816
3.01,2.9673333333333334,3.0526666666666666,False,151.06592630451914,True,0.8266685594724996,2.8499277972690655,0.12502941957740404,-18.059755698748496,3.013333333333333,0.0033333333333334103,150.33013442406272,True,0.9958710512999311,0.7357918804564179,0.08452867525924249,,2.3855996768561845,True,4.899999999999999,4.48510383534348
3.02,2.977333333333333,3.062666666666667,False,150.19585059339548,True,0.8911444948731203,2.749927797269064,0.12086367974311377,-18.35408375233844,3.023333333333333,0.0033333333333329662,148.14050986511032,True,0.9967585746052112,2.0553407282851595,0.2385449861270812,,2.1315833659883454,True,4.799999999999999,4.2310875244756385
3.03,2.9873333333333334,3.0726666666666667,False,149.33078614961454,True,0.8911444948731202,2.6499277972690654,0.10849626676666961,-19.29170410276593,3.033333333333333,0.0033333333333334103,146.2821208982184,True,0.9910318232565457,3.0486652513961303,0.3570980895712435,,1.9130302625441824,True,4.699999999999999,4.012534421031479
3.04,2.997333333333333,3.082666666666667,False,148.4707041104003,True,0.945930209465909,2.549927797269068,0.10039358366385528,-19.96588085705255,3.043333333333333,0.0033333333333329662,145.5965708555895,True,0.986197544784264,2.8741332548108005,0.33842295446486903,,1.831705397650559,True,4.600000000000001,3.9312095561378557
3.05,3.0073333333333334,3.0926666666666667,False,146.76537262479707,True,0.8911444948731202,2.3499277972690664,0.08659725776334783,-21.249917207482714,3.0533333333333332,0.0033333333333334103,145.2810642864348,True,0.969625844964751,1.4843083383622684,0.1759793605576253,,1.7941489915578068,True,4.400000000000002,3.8936531500451004
3.06,3.017333333333333,3.1026666666666665,False,145.9200662802185,True,0.8266685594724994,2.2499277972690654,0.07979592235416186,-21.960386018682954,3.063333333333333,0.0033333333333329662,143.86312008884872,True,0.9508410814191092,2.056946191369775,0.24577789606814593,,1.6243504560472828,True,4.3000000000000025,3.7238546145345777
3.07,3.0273333333333334,3.1126666666666667,False,144.24403136881983,True,0.5485250542599844,2.0499277972690635,0.06934348969830872,-23.17988612680176,3.0733333333333333,0.0033333333333334103,143.8027133980027,True,0.864122807631484,0.4413179708171242,0.053048701937134485,,1.6170796501782903,True,4.099999999999998,3.716583808665587
3.08,3.037333333333333,3.1226666666666665,False,149.33078614961454,True,0.27960516533635893,2.6499277972690654,0.06385179453083598,-23.896537850896884,3.083333333333333,0.0033333333333329662,143.15484809434562,True,0.5804996474071475,6.175938055268915,0.7312211238637594,pyin_probability_below_0.5,1.5389072282516663,False,4.699999999999999,3.6384113867389654
3.09,3.0473333333333334,3.1326666666666667,False,145.07962854192903,True,0.030106861794195004,2.149927797269066,0.05567149954322234,-25.087341611376605,3.0933333333333333,0.0033333333333334103,142.96688297321026,True,0.7445221264829305,2.112745568718765,0.2539675027106362,pyin_probability_below_0.5,1.5161608494047931,False,4.200000000000001,3.6156650078920887
3.1,3.0573333333333332,3.1426666666666665,False,146.76537262479707,True,0.010073751764282882,2.3499277972690664,0.05220933237749863,-25.64503720516786,3.103333333333333,0.0033333333333329662,143.18632091208667,True,0.6925257907673166,3.5790517127103953,0.427415397002908,pyin_probability_below_0.5,1.5427129551125205,False,4.400000000000002,3.642217113599816
3.11,3.0673333333333335,3.1526666666666667,False,140.13768379557115,True,0.010000802780927255,1.5499277972690626,0.051995872859659134,-25.68062253707682,3.113333333333333,0.0033333333333329662,141.6020339727945,True,0.5264985634640188,1.4643501772233378,-0.17996438239506143,pyin_probability_below_0.5,1.350092734510486,False,3.599999999999997,3.449596892997783
3.12,3.0773333333333333,3.1626666666666665,False,133.80929076365396,True,0.01000187304601255,0.7499277972690673,0.05488497417030867,-25.21093071686309,3.123333333333333,0.0033333333333329662,,False,0.0,,,pyin_probability_below_0.5|voicing_disagreement,,False,2.8000000000000003,
3.13,3.0873333333333335,3.1726666666666667,False,139.33055012971812,True,0.010073751764282884,1.449927797269067,0.06226806673423037,-24.114692356260775,3.133333333333333,0.0033333333333329662,,False,0.0,,,pyin_probability_below_0.5|voicing_disagreement,,False,3.500000000000001,
3.14,3.0973333333333333,3.1826666666666665,False,139.33055012971812,True,0.011085791888943373,1.449927797269067,0.06988399377396305,-23.112445672971663,3.143333333333333,0.0033333333333329662,,False,0.0,,,pyin_probability_below_0.5|voicing_disagreement,,False,3.500000000000001,
3.15,3.1073333333333335,3.1926666666666668,False,139.33055012971812,True,0.01398021038018593,1.449927797269067,0.07560386385114963,-22.429120172951315,3.153333333333333,0.0033333333333329662,138.88282731061514,True,0.703849657937231,0.44772281910297806,0.055720804314371035,pyin_probability_below_0.5,1.014407547801057,False,3.500000000000001,3.113911706288354
3.16,3.1173333333333333,3.2026666666666666,False,140.13768379557115,True,0.020317628556360583,1.5499277972690626,0.08353335527406218,-21.562801479809345,3.163333333333333,0.0033333333333329662,139.02314380134723,True,0.9079442398816987,1.114539994223918,0.13823858138323736,pyin_probability_below_0.5,1.0318897707321906,False,3.599999999999997,3.1313939292194846
3.17,3.1273333333333335,3.212666666666667,False,142.58724736030138,True,0.05607139544589262,1.8499277972690673,0.08832421262444429,-21.07840450880108,3.173333333333333,0.0033333333333329662,139.23973094116553,True,0.9514161735432233,3.347516419135843,0.41128830229103897,pyin_probability_below_0.5,1.058840049824391,False,3.9000000000000004,3.158344208311684
3.18,3.1373333333333333,3.2226666666666666,False,142.58724736030138,True,0.10857977072874497,1.8499277972690673,0.09946936267147986,-20.046213293954487,3.183333333333333,0.0033333333333329662,140.6959027900862,True,0.949449098480894,1.8913445702151819,0.23117568203549177,pyin_probability_below_0.5,1.2389526700799358,False,3.9000000000000004,3.3384568285672342
3.19,3.1473333333333335,3.232666666666667,False,143.41324688128702,True,0.15046460134333878,1.9499277972690625,0.10637839387476143,-19.462931420860393,3.193333333333333,0.0033333333333329662,142.19531083181644,True,0.9556213891943097,1.2179360494705804,0.1476527983946486,pyin_probability_below_0.5,1.4224755537207778,False,3.9999999999999973,3.5219797122080756
3.2,3.1573333333333333,3.2426666666666666,False,145.9200662802185,True,0.1765306086328976,2.2499277972690654,0.11873250290570851,-18.50860754166284,3.203333333333333,0.0033333333333329662,143.3835587065599,True,0.956336284226337,2.5365075736585823,0.3035842225662505,pyin_probability_below_0.5,1.5665441295491755,False,4.3000000000000025,3.666048288036473
3.21,3.167333333333333,3.252666666666667,False,146.76537262479707,True,0.20650679911775227,2.3499277972690664,0.12950424476971784,-17.754319928974567,3.213333333333333,0.0033333333333329662,144.9040903573069,True,0.9679440985498515,1.861282267490168,0.22095964010684999,pyin_probability_below_0.5,1.7491687120085788,False,4.400000000000002,3.848672870495875
3.22,3.1773333333333333,3.2626666666666666,False,146.76537262479707,True,0.2796051653363589,2.3499277972690664,0.14342095902011187,-16.867747556118438,3.223333333333333,0.0033333333333329662,145.96338600695216,True,0.9730661730593192,0.8019866178449035,0.09486119642065503,pyin_probability_below_0.5,1.8752671556947722,False,4.400000000000002,3.9747713141820715
3.23,3.187333333333333,3.272666666666667,False,146.76537262479707,True,0.37213589829750865,2.3499277972690664,0.15532204862510754,-16.17533779894624,3.233333333333333,0.0033333333333329662,147.16894700156237,True,0.9865889571668437,0.40357437676530594,-0.04754001794116797,pyin_probability_below_0.5,2.0176683700565974,False,4.400000000000002,4.117172528543893
3.24,3.1973333333333334,3.2826666666666666,False,146.76537262479707,True,0.48498680771591124,2.3499277972690664,0.16834123422702957,-15.4761898606524,3.243333333333333,0.0033333333333329662,147.66783257177943,True,0.9912736184045967,0.9024599469823613,-0.10612758705501599,pyin_probability_below_0.5,2.076255939170445,False,4.400000000000002,4.175760097657744
3.25,3.207333333333333,3.292666666666667,False,146.76537262479707,True,0.6159498854580678,2.3499277972690664,0.1780542561239291,-14.988952813954084,3.253333333333333,0.0033333333333329662,147.56540991554982,True,0.9901584575936283,0.8000372907527549,-0.09411555240198724,,2.064243904517416,True,4.400000000000002,4.1637480630047135
3.26,3.2173333333333334,3.3026666666666666,False,146.76537262479707,True,0.7571601330199094,2.3499277972690664,0.17968212212448662,-14.909902636889212,3.263333333333333,0.0033333333333334103,147.2229800323891,True,0.9846225985546262,0.457607407592036,-0.0538950715416113,,2.024023423657038,True,4.400000000000002,4.1235275821443365
3.27,3.227333333333333,3.312666666666667,False,146.76537262479707,True,0.8266685594724996,2.3499277972690664,0.1810507996469956,-14.843991053889322,3.273333333333333,0.0033333333333329662,146.73734846907522,True,0.976902468917499,0.028024155721851685,0.003306025412549966,,1.9668223267028782,True,4.400000000000002,4.066326485190174
3.28,3.2373333333333334,3.3226666666666667,False,146.76537262479707,True,0.7571601330199093,2.3499277972690664,0.17714895744264,-15.033227984678835,3.283333333333333,0.0033333333333334103,146.17529343325043,True,0.9717997982643387,0.5900791915466357,0.0697456302996105,,1.9003827218158171,True,4.400000000000002,3.9998868803031136
3.29,3.247333333333333,3.332666666666667,False,146.76537262479707,True,0.6860828109301792,2.3499277972690664,0.1765806183795291,-15.06113933258126,3.293333333333333,0.0033333333333329662,145.04806951470127,True,0.9679618669155171,1.7173031100957985,0.20376634585898584,,1.766362006256443,True,4.400000000000002,3.865866164743739
3.3,3.2573333333333334,3.3426666666666667,False,145.9200662802185,True,0.6159498854580681,2.2499277972690654,0.169497454398682,-15.416736397466629,3.3033333333333332,0.0033333333333334103,142.89962100463714,True,0.9838084175359609,3.020445275581352,0.36211439720366734,,1.5080139549117617,True,4.3000000000000025,3.6075181133990606
3.31,3.267333333333333,3.3526666666666665,False,145.07962854192903,True,0.5485250542599845,2.149927797269066,0.16949145060686763,-15.417044066964626,3.313333333333333,0.0033333333333329662,141.9767064788398,True,0.9984841000505995,3.1029220630892382,0.37428845220618256,,1.395839899909245,True,4.200000000000001,3.4953440583965403
3.32,3.2773333333333334,3.3626666666666667,False,144.24403136881983,True,0.4260623290432814,2.0499277972690635,0.1662153899938935,-15.586575341485009,3.3233333333333333,0.0033333333333334103,142.25938726482923,True,0.9935615807511989,1.984644103990604,0.23985322220954092,pyin_probability_below_0.5,1.4302751299058842,False,4.099999999999998,3.529779288393181
3.33,3.287333333333333,3.3726666666666665,False,144.24403136881983,True,0.2796051653363588,2.0499277972690635,0.18082734862751698,-14.854717709536413,3.333333333333333,0.0033333333333329662,142.83483373007363,True,0.9922531622664614,1.4091976387462068,0.1699651786361537,pyin_probability_below_0.5,1.5001631734792729,False,4.099999999999998,3.5996673319665673
3.34,3.2973333333333334,3.3826666666666667,False,145.9200662802185,True,0.32333605839064083,2.2499277972690654,0.19882189635003333,-14.030715764937774,3.3433333333333333,0.0033333333333334103,143.45520320844957,True,0.9958835451290038,2.4648630717689173,0.2949359211406647,pyin_probability_below_0.5,1.5751924309747647,False,4.3000000000000025,3.6746965894620596
3.35,3.3073333333333332,3.3926666666666665,False,145.9200662802185,True,0.48498680771591124,2.2499277972690654,0.219143644725491,-13.1854223916603,3.353333333333333,0.0033333333333329662,144.499286849603,True,0.9882552629387648,1.4207794306154824,0.16939100808389831,pyin_probability_below_0.5,1.70073734403153,False,4.3000000000000025,3.800241502518827
3.36,3.3173333333333335,3.4026666666666667,False,146.76537262479707,True,0.615949885458068,2.3499277972690664,0.23762025013867868,-12.48233102560661,3.363333333333333,0.0033333333333329662,146.27829677140755,True,0.974994231837478,0.48707585338951276,0.05755067701257184,,1.9125776751028578,True,4.400000000000002,4.012081833590154
3.37,3.3273333333333333,3.4126666666666665,False,146.76537262479707,True,0.6860828109301792,2.3499277972690664,0.2510538076041109,-12.004663750368287,3.373333333333333,0.0033333333333329662,147.32825772916667,True,0.9799070112334503,0.5628851043695988,-0.06627053072587993,,2.0363988828413104,True,4.400000000000002,4.135903041328605
3.38,3.3373333333333335,3.4226666666666667,False,147.61557577921405,True,0.7571601330199091,2.449927797269065,0.26444872684692405,-11.55317038985486,3.383333333333333,0.0033333333333329662,147.57876081750237,True,0.9941115909983256,0.03681496171168419,0.004318193654769648,,2.0658101584606587,True,4.499999999999999,4.1653143169479545
3.39,3.3473333333333333,3.4326666666666665,False,147.61557577921405,True,0.8266685594724994,2.449927797269065,0.27303953249256396,-11.275489366846887,3.393333333333333,0.0033333333333329662,147.6618950134359,True,0.9960236692943203,0.04631923422184059,-0.005431463216887018,,2.075559815332314,True,4.499999999999999,4.175063973819612
3.4,3.3573333333333335,3.4426666666666668,False,147.61557577921405,True,0.8266685594724994,2.449927797269065,0.28395138166834866,-10.935120275163898,3.403333333333333,0.0033333333333329662,147.78538122488865,True,0.9964958833450998,0.16980544567459788,-0.019903320871360746,,2.09003167298679,True,4.499999999999999,4.189535831474084
3.41,3.3673333333333333,3.4526666666666666,False,148.4707041104003,True,0.8266685594724996,2.549927797269068,0.28454476406116974,-10.916988029632746,3.413333333333333,0.0033333333333329662,147.85040860961035,True,0.9992469666330395,0.6202955007899504,0.07248071189879035,,2.0976476402166404,True,4.600000000000001,4.197151798703937
3.42,3.3773333333333335,3.462666666666667,False,148.4707041104003,True,0.7571601330199093,2.549927797269068,0.28644977420874707,-10.859030314852838,3.423333333333333,0.0033333333333329662,148.28230812176452,True,0.9995665509123033,0.18839598863579,0.02198175456412163,,2.1481465975513077,True,4.600000000000001,4.247650756038603
3.43,3.3873333333333333,3.4726666666666666,False,149.33078614961454,True,0.7571601330199093,2.6499277972690654,0.28282604109334153,-10.969612110906866,3.433333333333333,0.0033333333333329662,149.05158093078046,True,0.9972986593586738,0.279205218834079,0.032399349018528846,,2.2377290030968986,True,4.699999999999999,4.337233161584196
3.44,3.3973333333333335,3.482666666666667,False,150.19585059339548,True,0.7571601330199094,2.749927797269064,0.28786121968188516,-10.81633677625462,3.443333333333333,0.0033333333333329662,149.89020288413363,True,0.9965871273438531,0.3056477092618479,0.03526641096063012,,2.3348619411547964,True,4.799999999999999,4.434366099642091
3.45,3.4073333333333333,3.4926666666666666,False,150.19585059339548,True,0.7571601330199093,2.749927797269064,0.2906853092036756,-10.731538325237944,3.453333333333333,0.0033333333333329662,150.4727034817217,True,0.9973435671214238,0.276852888326232,-0.031882102455683056,,2.4020104545711103,True,4.799999999999999,4.501514613058405
3.46,3.417333333333333,3.502666666666667,False,151.06592630451914,True,0.7571601330199093,2.8499277972690655,0.29774687394345445,-10.523055789933737,3.463333333333333,0.0033333333333329662,151.06275225602135,True,0.9974562569708395,0.003174048497783133,0.00036375367337699715,,2.4697645984420507,True,4.899999999999999,4.569268756929345
3.47,3.4273333333333333,3.5126666666666666,False,151.06592630451914,True,0.7571601330199094,2.8499277972690655,0.304253578793977,-10.335286093258846,3.473333333333333,0.0033333333333329662,151.36075582354184,True,0.9965275007989502,0.2948295190226986,-0.03375489623531231,,2.5038832483507383,True,4.899999999999999,4.603387406838033
3.48,3.437333333333333,3.522666666666667,False,151.06592630451914,True,0.8266685594724995,2.8499277972690655,0.3092579186294469,-10.193583426665974,3.483333333333333,0.0033333333333329662,151.69239670961687,True,0.9957802893203702,0.6264704050977343,-0.07164582186532904,,2.5417741739807562,True,4.899999999999999,4.641278332468053
3.49,3.4473333333333334,3.5326666666666666,False,151.06592630451914,True,0.8266685594724996,2.8499277972690655,0.31465002833868094,-10.043444496042786,3.493333333333333,0.0033333333333329662,151.89334761624218,True,0.99429997277556,0.8274213117230431,-0.09456475722721439,,2.564693109342641,True,4.899999999999999,4.664197267829937
3.5,3.457333333333333,3.542666666666667,False,151.06592630451914,True,0.7571601330199093,2.8499277972690655,0.31930049708280817,-9.916008107121995,3.503333333333333,0.0033333333333329662,152.01672850289438,True,0.9936338246172095,0.9508021983752428,-0.10862162605098664,,2.578749978166412,True,4.899999999999999,4.678254136653709
3.51,3.4673333333333334,3.5526666666666666,False,151.06592630451914,True,0.7571601330199093,2.8499277972690655,0.32137396415125274,-9.859786203192941,3.513333333333333,0.0033333333333334103,151.35501160346405,True,0.993384296581539,0.28908529894491153,-0.03309787136543312,,2.5032262234808593,True,4.899999999999999,4.602730381968158
3.52,3.477333333333333,3.562666666666667,False,150.19585059339548,True,0.7571601330199093,2.749927797269064,0.31724083270448644,-9.972218376840331,3.523333333333333,0.0033333333333329662,150.02898751048494,True,0.9952092898785816,0.1668630829105382,0.019244182609072038,,2.350884169506352,True,4.799999999999999,4.45038832799365
3.53,3.4873333333333334,3.5726666666666667,False,149.33078614961454,True,0.7571601330199093,2.6499277972690654,0.3032399176223948,-10.36427260024189,3.533333333333333,0.0033333333333334103,148.8450260200598,True,0.9921573540237588,0.485760129554734,0.056407339939209315,,2.2137210121762183,True,4.699999999999999,4.313225170663515
3.54,3.497333333333333,3.582666666666667,False,148.4707041104003,True,0.6860828109301794,2.549927797269068,0.28734778970774516,-10.831842782606474,3.543333333333333,0.0033333333333329662,147.25401216347726,True,0.982557993333666,1.2166919469230493,0.1424561624374401,,2.0276721896779897,True,4.600000000000001,4.127176348165284
3.55,3.5073333333333334,3.5926666666666667,False,147.61557577921405,True,0.6159498854580681,2.449927797269065,0.263687866284325,-11.578197080051103,3.5533333333333332,0.0033333333333334103,145.0937262908345,True,0.9702347471290379,2.5218494883795586,0.2983177984792137,,1.771810553636213,True,4.499999999999999,3.8713147121235103
3.56,3.517333333333333,3.6026666666666665,False,146.76537262479707,True,0.4849868077159112,2.3499277972690664,0.2458540651813528,-12.186452125655505,3.563333333333333,0.0033333333333329662,142.01581307302126,True,0.9331578759559856,4.749559551775803,0.5695205331127697,pyin_probability_below_0.5,1.4006078190026603,False,4.400000000000002,3.500111977489956
3.57,3.5273333333333334,3.6126666666666667,False,145.9200662802185,True,0.4260623290432814,2.2499277972690654,0.21754156135508526,-13.249155174844446,3.5733333333333333,0.0033333333333334103,136.85683658099484,True,0.8955666065264148,9.063229699223655,1.1101294159775008,pyin_probability_below_0.5|pitch_difference_over_1_semitone,0.7599989361379298,False,4.3000000000000025,2.859503094625225
3.58,3.537333333333333,3.6226666666666665,False,144.24403136881983,True,0.17653060863289757,2.0499277972690635,0.19652654105172704,-14.131575790866878,3.583333333333333,0.0033333333333329662,133.50841457645063,True,0.7268749993476477,10.7356167923692,1.338971404392135,pyin_probability_below_0.5|pitch_difference_over_1_semitone,0.33115694772329063,False,4.099999999999998,2.4306611062105867
3.59,3.5473333333333334,3.6326666666666667,False,140.9494931391844,True,0.015085587297504338,1.6499277972690671,0.16275774769632756,-15.769166574190798,3.5933333333333333,0.0033333333333334103,,False,0.0,,,pyin_probability_below_0.5|voicing_disagreement,,False,3.7000000000000015,
3.6,3.5573333333333332,3.6426666666666665,False,135.36407982952485,True,0.010006178555334078,0.9499277972690675,0.14380840273995918,-16.84431474679824,3.603333333333333,0.0033333333333329662,,False,0.0,,,pyin_probability_below_0.5|voicing_disagreement,,False,3.0000000000000027,
3.61,3.5673333333333335,3.6526666666666667,False,123.4144757235675,True,0.010000078102280324,-0.6500722027309338,0.12884843524549658,-17.798417024352755,3.613333333333333,0.0033333333333329662,,False,0.0,,,pyin_probability_below_0.5|voicing_disagreement,,False,1.4000000000000004,
3.62,3.5773333333333333,3.6626666666666665,False,116.48775344855382,True,0.010000000047726025,-1.6500722027309345,0.11914537060852437,-18.478456549897505,3.623333333333333,0.0033333333333329662,,False,0.0,,,pyin_probability_below_0.5|voicing_disagreement,,False,0.4000000000000011,
3.63,3.5873333333333335,3.6726666666666667,False,115.81683335824411,True,0.010000000009505967,-1.7500722027309341,0.11526089033172804,-18.766360600756425,3.633333333333333,0.0033333333333329662,,False,0.0,,,pyin_probability_below_0.5|voicing_disagreement,,False,0.3000000000000021,
3.64,3.5973333333333333,3.6826666666666665,False,115.14977748330686,True,0.010000000009505967,-1.8500722027309362,0.11619031963177881,-18.696601071552223,3.643333333333333,0.0033333333333329662,,False,0.0,,,pyin_probability_below_0.5|voicing_disagreement,,False,0.19999999999999687,
3.65,3.6073333333333335,3.6926666666666668,False,113.82716948276507,True,0.010000000009505967,-2.050072202730934,0.1108754316686147,-19.10329352657617,3.653333333333333,0.0033333333333329662,,False,0.0,,,pyin_probability_below_0.5|voicing_disagreement,,False,0.0,
3.66,3.6173333333333333,3.7026666666666666,False,111.87168684176291,True,0.01000000928748663,-2.3500722027309333,0.10542002424973236,-19.541537764408755,3.663333333333333,0.0033333333333329662,,False,0.0,,,pyin_probability_below_0.5|voicing_disagreement,,False,-0.30000000000000004,
3.67,3.6273333333333335,3.712666666666667,False,108.06092649856241,True,0.010000000417925077,-2.9500722027309343,0.09465488796888857,-20.477139083955294,3.673333333333333,0.0033333333333329662,,False,0.0,,,pyin_probability_below_0.5|voicing_disagreement,,False,-0.9000000000000006,
3.68,3.6373333333333333,3.7226666666666666,False,103.77879022636449,True,0.010000027850262286,-3.650072202730934,0.0888032681464412,-21.031421019597385,3.683333333333333,0.0033333333333329662,,False,0.0,,,pyin_probability_below_0.5|voicing_disagreement,,False,-1.5999999999999979,
3.69,3.6473333333333335,3.732666666666667,False,101.40847938173854,True,0.010000000417925077,-4.050072202730936,0.07488630805472815,-22.511951597906105,3.693333333333333,0.0033333333333329662,,False,0.0,,,pyin_probability_below_0.5|voicing_disagreement,,False,-2.0000000000000004,
3.7,3.6573333333333333,3.7426666666666666,False,99.66634240352404,True,0.010000000001606035,-4.350072202730935,0.05563254261971092,-25.09342181377538,3.703333333333333,0.0033333333333329662,,False,0.0,,,pyin_probability_below_0.5|voicing_disagreement,,False,-2.3,
3.71,3.667333333333333,3.752666666666667,False,97.3899599969843,True,0.010000000000006925,-4.750072202730934,0.046683357408768285,-26.616758351733093,3.713333333333333,0.0033333333333329662,,False,0.0,,,pyin_probability_below_0.5|voicing_disagreement,,False,-2.699999999999999,
3.72,3.6773333333333333,3.7626666666666666,False,95.71685877653417,True,0.010000000101429396,-5.050072202730934,0.047107770045862765,-26.53814907197419,3.723333333333333,0.0033333333333329662,,False,0.0,,,pyin_probability_below_0.5|voicing_disagreement,,False,-2.9999999999999987,
3.73,3.687333333333333,3.772666666666667,False,92.9919856082918,True,0.010000000047726025,-5.550072202730933,0.043820029958966236,-27.166546597117737,3.733333333333333,0.0033333333333329662,,False,0.0,,,pyin_probability_below_0.5|voicing_disagreement,,False,-3.4999999999999982,
3.74,3.6973333333333334,3.7826666666666666,False,89.3069870847758,True,0.010000000417925077,-6.250072202730934,0.04129151279218424,-27.68278411278323,3.743333333333333,0.0033333333333329662,,False,0.0,,,pyin_probability_below_0.5|voicing_disagreement,,False,-4.199999999999999,
3.75,3.707333333333333,3.792666666666667,False,85.76801420023813,True,0.010000000208892744,-6.950072202730935,0.03990606826405921,-27.979221177387778,3.753333333333333,0.0033333333333329662,,False,0.0,,,pyin_probability_below_0.5|voicing_disagreement,,False,-4.9,
3.76,3.7173333333333334,3.8026666666666666,False,85.27402678843417,True,0.010000002871100368,-7.050072202730936,0.03874942539068936,-28.234694663929222,3.763333333333333,0.0033333333333334103,78.70846570771783,True,0.6121521937639898,6.565561080716336,1.3870508118691693,pyin_probability_below_0.5|pitch_difference_over_1_semitone,-8.81692245975374,False,-5.0,-6.717418301266445
3.77,3.727333333333333,3.812666666666667,False,88.7926166890357,True,0.01000123296498612,-6.350072202730937,0.03474773716872563,-29.18146944284939,3.773333333333333,0.0033333333333329662,79.6191816488857,True,0.6557901245512857,9.173435040149997,1.8878841013349794,pyin_probability_below_0.5|pitch_difference_over_1_semitone,-8.617755749219555,False,-4.300000000000003,-6.51825159073226
3.78,3.7373333333333334,3.8226666666666667,False,86.76459052105223,True,0.0100028158258111,-6.7500722027309354,0.03312906131485983,-29.595817386527422,3.783333333333333,0.0033333333333334103,,False,0.0,,,pyin_probability_below_0.5|voicing_disagreement,,False,-4.7,
3.79,3.747333333333333,3.832666666666667,False,79.10522838858842,True,0.011853505394683413,-8.350072202730935,0.032723789520472626,-29.70272818770743,3.793333333333333,0.0033333333333329662,,False,0.0,,,pyin_probability_below_0.5|voicing_disagreement,,False,-6.299999999999997,
3.8,3.7573333333333334,3.8426666666666667,False,,False,0.0100000470079773,,0.026756566890625187,-31.451392224740715,3.8033333333333332,0.0033333333333334103,,False,0.0,,,,,False,,
3.81,3.767333333333333,3.8526666666666665,False,65.0,True,0.01,-11.750072202730935,0.01957556862395163,-34.1657122771932,3.813333333333333,0.0033333333333329662,,False,0.0,,,near_pyin_floor|pyin_probability_below_0.5|voicing_disagreement,,False,-9.7,
3.82,3.7773333333333334,3.8626666666666667,False,65.0,True,0.01,-11.750072202730935,0.015829822607562893,-36.01047903817705,3.8233333333333333,0.0033333333333334103,,False,0.0,,,near_pyin_floor|pyin_probability_below_0.5|voicing_disagreement,,False,-9.7,
3.83,3.787333333333333,3.8726666666666665,False,65.0,True,0.01,-11.750072202730935,0.014807823083544364,-36.59017565914333,3.833333333333333,0.0033333333333329662,,False,0.0,,,near_pyin_floor|pyin_probability_below_0.5|voicing_disagreement,,False,-9.7,
3.84,3.7973333333333334,3.8826666666666667,False,65.0,True,0.01,-11.750072202730935,0.014708926605119639,-36.648380381591565,3.8433333333333333,0.0033333333333334103,,False,0.0,,,near_pyin_floor|pyin_probability_below_0.5|voicing_disagreement,,False,-9.7,
3.85,3.8073333333333332,3.8926666666666665,False,65.0,True,0.01,-11.750072202730935,0.014160034165930013,-36.9787139752174,3.853333333333333,0.0033333333333329662,,False,0.0,,,near_pyin_floor|pyin_probability_below_0.5|voicing_disagreement,,False,-9.7,
3.86,3.8173333333333335,3.9026666666666667,False,65.0,True,0.01,-11.750072202730935,0.013298188996253882,-37.52414998138952,3.863333333333333,0.0033333333333329662,,False,0.0,,,near_pyin_floor|pyin_probability_below_0.5|voicing_disagreement,,False,-9.7,
3.87,3.8273333333333333,3.9126666666666665,False,65.0,True,0.01,-11.750072202730935,0.01316853302575161,-37.60925205476015,3.873333333333333,0.0033333333333329662,,False,0.0,,,near_pyin_floor|pyin_probability_below_0.5|voicing_disagreement,,False,-9.7,
3.88,3.8373333333333335,3.9226666666666667,False,65.0,True,0.01,-11.750072202730935,0.01197634341852722,-38.43351518410671,3.883333333333333,0.0033333333333329662,,False,0.0,,,near_pyin_floor|pyin_probability_below_0.5|voicing_disagreement,,False,-9.7,
3.89,3.8473333333333333,3.9326666666666665,False,65.0,True,0.01,-11.750072202730935,0.005179610087655938,-45.71405863966285,3.893333333333333,0.0033333333333329662,,False,0.0,,,near_pyin_floor|pyin_probability_below_0.5|voicing_disagreement,,False,-9.7,
3.9,3.8573333333333335,3.9426666666666668,False,65.0,True,0.01,-11.750072202730935,0.0028381772256054136,-50.939209783636045,3.903333333333333,0.0033333333333329662,,False,0.0,,,near_pyin_floor|pyin_probability_below_0.5|voicing_disagreement,,False,-9.7,
3.91,3.8673333333333333,3.9526666666666666,False,65.0,True,0.01,-11.750072202730935,0.002223825726170751,-53.05798499942498,3.913333333333333,0.0033333333333329662,,False,0.0,,,near_pyin_floor|pyin_probability_below_0.5|voicing_disagreement,,False,-9.7,
3.92,3.8773333333333335,3.962666666666667,False,65.0,True,0.01,-11.750072202730935,0.0021469721060354816,-53.363471959654746,3.923333333333333,0.0033333333333329662,,False,0.0,,,near_pyin_floor|pyin_probability_below_0.5|voicing_disagreement,,False,-9.7,
3.93,3.8873333333333333,3.9726666666666666,False,65.0,True,0.01,-11.750072202730935,0.0020990211927298923,-53.55966353098005,3.933333333333333,0.0033333333333329662,,False,0.0,,,near_pyin_floor|pyin_probability_below_0.5|voicing_disagreement,,False,-9.7,
3.94,3.8973333333333335,3.982666666666667,False,65.0,True,0.01,-11.750072202730935,0.0018996911712281315,-54.42633991286869,3.943333333333333,0.0033333333333329662,,False,0.0,,,near_pyin_floor|pyin_probability_below_0.5|voicing_disagreement,,False,-9.7,
3.95,3.9073333333333333,3.9926666666666666,False,65.0,True,0.01,-11.750072202730935,0.0018381262240632244,-54.7124933787815,3.953333333333333,0.0033333333333329662,,False,0.0,,,near_pyin_floor|pyin_probability_below_0.5|voicing_disagreement,,False,-9.7,
3.96,3.917333333333333,4.002666666666666,False,65.0,True,0.010000005216229449,-11.750072202730935,0.0017134023800723052,-55.32281268320151,3.963333333333333,0.0033333333333329662,,False,0.0,,,near_pyin_floor|pyin_probability_below_0.5|voicing_disagreement,,False,-9.7,
3.97,3.9273333333333333,4.012666666666667,False,,False,0.01,,0.0012593551005716792,-57.997035890705526,3.973333333333333,0.0033333333333329662,,False,0.0,,,,,False,,
3.98,3.937333333333333,4.022666666666667,False,,False,0.01,,0.0010891523321620595,-59.2582274849447,3.983333333333333,0.0033333333333329662,,False,0.0,,,,,False,,
3.99,3.9473333333333334,4.032666666666667,False,,False,0.01,,0.0006908797799148787,-63.21195035387444,3.993333333333333,0.0033333333333329662,,False,0.0,,,,,False,,
4.0,3.957333333333333,4.042666666666666,False,,False,0.01,,0.0007155675208521498,-62.90698760006991,4.003333333333333,0.0033333333333329662,,False,0.0,,,,,False,,
4.01,3.9673333333333334,4.052666666666667,False,,False,0.01,,0.0006702030650217858,-63.475871806976905,4.013333333333334,0.0033333333333338544,,False,0.0,,,,,False,,
4.02,3.977333333333333,4.062666666666667,False,,False,0.01,,0.0007613920374062405,-62.36783338648803,4.023333333333333,0.0033333333333338544,,False,0.0,,,,,False,,
4.03,3.9873333333333334,4.072666666666667,False,65.0,True,0.01,-11.750072202730935,0.0007228263111390211,-62.819320946944934,4.033333333333333,0.0033333333333329662,,False,0.0,,,near_pyin_floor|pyin_probability_below_0.5|voicing_disagreement,,False,-9.7,
4.04,3.997333333333333,4.082666666666666,False,65.0,True,0.01,-11.750072202730935,0.0006981371514222738,-63.12118500728722,4.043333333333334,0.0033333333333338544,,False,0.0,,,near_pyin_floor|pyin_probability_below_0.5|voicing_disagreement,,False,-9.7,
4.05,4.007333333333333,4.092666666666666,False,65.0,True,0.01,-11.750072202730935,0.0006182803794370974,-64.17629070442015,4.053333333333334,0.0033333333333338544,,False,0.0,,,near_pyin_floor|pyin_probability_below_0.5|voicing_disagreement,,False,-9.7,
4.06,4.017333333333333,4.102666666666667,False,65.0,True,0.01,-11.750072202730935,0.0006126103105801855,-64.25631396089263,4.0633333333333335,0.0033333333333338544,,False,0.0,,,near_pyin_floor|pyin_probability_below_0.5|voicing_disagreement,,False,-9.7,
4.07,4.027333333333333,4.112666666666667,False,65.0,True,0.01,-11.750072202730935,0.0006152831090323371,-64.21850014305463,4.073333333333333,0.0033333333333329662,,False,0.0,,,near_pyin_floor|pyin_probability_below_0.5|voicing_disagreement,,False,-9.7,
4.08,4.037333333333334,4.1226666666666665,False,65.0,True,0.01,-11.750072202730935,0.0005956677187277276,-64.49991870335445,4.083333333333334,0.0033333333333338544,,False,0.0,,,near_pyin_floor|pyin_probability_below_0.5|voicing_disagreement,,False,-9.7,
4.09,4.0473333333333334,4.132666666666666,False,65.0,True,0.010000000000001869,-11.750072202730935,0.0005603749626926258,-65.03042554079249,4.093333333333334,0.0033333333333338544,,False,0.0,,,near_pyin_floor|pyin_probability_below_0.5|voicing_disagreement,,False,-9.7,
4.1,4.057333333333333,4.142666666666667,False,65.0,True,0.01,-11.750072202730935,0.00047182548880885406,-66.52437202992286,4.1033333333333335,0.0033333333333338544,,False,0.0,,,near_pyin_floor|pyin_probability_below_0.5|voicing_disagreement,,False,-9.7,
4.11,4.067333333333333,4.152666666666667,False,65.0,True,0.01,-11.750072202730935,0.0002765856932836548,-71.16340576064812,4.113333333333333,0.0033333333333329662,,False,0.0,,,near_pyin_floor|pyin_probability_below_0.5|voicing_disagreement,,False,-9.7,
4.12,4.077333333333334,4.1626666666666665,False,65.0,True,0.01,-11.750072202730935,0.0002827728778421322,-70.97124496457297,4.123333333333333,0.0033333333333329662,,False,0.0,,,near_pyin_floor|pyin_probability_below_0.5|voicing_disagreement,,False,-9.7,
4.13,4.0873333333333335,4.172666666666666,False,65.0,True,0.01,-11.750072202730935,0.0002998684028757666,-70.4613858685134,4.133333333333334,0.0033333333333338544,,False,0.0,,,near_pyin_floor|pyin_probability_below_0.5|voicing_disagreement,,False,-9.7,
4.14,4.097333333333333,4.182666666666667,False,65.0,True,0.01,-11.750072202730935,0.00029511212492660583,-70.60025893568415,4.1433333333333335,0.0033333333333338544,,False,0.0,,,near_pyin_floor|pyin_probability_below_0.5|voicing_disagreement,,False,-9.7,
4.15,4.107333333333333,4.192666666666667,False,65.0,True,0.01,-11.750072202730935,0.0002912928690778076,-70.7134029375919,4.153333333333333,0.0033333333333329662,,False,0.0,,,near_pyin_floor|pyin_probability_below_0.5|voicing_disagreement,,False,-9.7,
4.16,4.117333333333334,4.2026666666666666,False,65.0,True,0.01,-11.750072202730935,0.0002953273914882759,-70.59392541081566,4.163333333333333,0.0033333333333329662,,False,0.0,,,near_pyin_floor|pyin_probability_below_0.5|voicing_disagreement,,False,-9.7,
4.17,4.1273333333333335,4.212666666666666,False,65.0,True,0.01,-11.750072202730935,0.00028264942371206126,-70.97503791353608,4.173333333333334,0.0033333333333338544,,False,0.0,,,near_pyin_floor|pyin_probability_below_0.5|voicing_disagreement,,False,-9.7,
4.18,4.137333333333333,4.222666666666667,False,65.0,True,0.01,-11.750072202730935,0.00025895331044040073,-71.73557065242674,4.183333333333334,0.0033333333333338544,,False,0.0,,,near_pyin_floor|pyin_probability_below_0.5|voicing_disagreement,,False,-9.7,
4.19,4.147333333333333,4.232666666666667,False,65.0,True,0.01,-11.750072202730935,0.00024113443402746701,-72.35481535775038,4.193333333333333,0.0033333333333329662,,False,0.0,,,near_pyin_floor|pyin_probability_below_0.5|voicing_disagreement,,False,-9.7,
4.2,4.157333333333334,4.242666666666667,False,65.0,True,0.01,-11.750072202730935,0.0002369424902764175,-72.50714102801888,4.203333333333333,0.0033333333333329662,,False,0.0,,,near_pyin_floor|pyin_probability_below_0.5|voicing_disagreement,,False,-9.7,
4.21,4.167333333333334,4.252666666666666,False,65.0,True,0.01,-11.750072202730935,0.0002444431174413154,-72.23644372511788,4.213333333333334,0.0033333333333338544,,False,0.0,,,near_pyin_floor|pyin_probability_below_0.5|voicing_disagreement,,False,-9.7,
4.22,4.177333333333333,4.262666666666667,False,,False,0.01,,0.00023143555630922871,-72.71139835948875,4.223333333333334,0.0033333333333338544,,False,0.0,,,,,False,,
4.23,4.187333333333333,4.266666666666667,True,,False,0.01,,0.00021645838444212597,-73.29251174551031,4.233333333333333,0.0033333333333329662,,False,0.0,,,edge_window,,False,,
4.24,4.197333333333333,4.266666666666667,True,,False,0.01,,0.00021866658372897508,-73.20435160133633,4.243333333333333,0.0033333333333329662,,False,0.0,,,edge_window,,False,,
4.25,4.207333333333334,4.266666666666667,True,,False,0.010000000000000439,,0.00023037072585983755,-72.75145418599082,,,,,,,,edge_window,,False,,
4.26,4.217333333333333,4.266666666666667,True,,False,0.010000000000000439,,0.00023106828028291262,-72.72519335727887,,,,,,,,edge_window,,False,,
