timestamp_s,window_start_s,window_end_s,edge_padded,f0_hz,voiced,voicing_probability,relative_pitch_semitones,rms_amplitude,rms_dbfs,praat_timestamp_s,praat_time_offset_s,praat_f0_hz,praat_voiced,praat_strength,absolute_difference_hz,signed_difference_semitones,flags,praat_relative_semitones,agreement_screen_pass,pyin_speaker_relative_st,praat_speaker_relative_st
0.0,0.0,0.042666666666666665,True,,False,0.0100000470079773,,0.004644816592838292,-46.66062860128989,,,,,,,,edge_window,,False,,
0.01,0.0,0.05266666666666667,True,,False,0.010000016226422836,,0.004545635643804497,-46.84810756327585,,,,,,,,edge_window,,False,,
0.02,0.0,0.06266666666666666,True,,False,0.010000027850262286,,0.004570838804615109,-46.80008188574511,,,,,,,,edge_window,,False,,
0.03,0.0,0.07266666666666667,True,,False,0.010000027850262286,,0.004440068402923271,-47.05220678336845,0.025333333333333093,-0.004666666666666906,,False,0.0,,,edge_window,,False,,
0.04,0.0,0.08266666666666667,True,,False,0.010000016226422836,,0.004291049041097668,-47.34873044038176,0.03533333333333309,-0.004666666666666909,,False,0.0,,,edge_window,,False,,
0.05,0.007333333333333333,0.09266666666666666,False,,False,0.0100000470079773,,0.00417100891060495,-47.595177647233804,0.045333333333333094,-0.004666666666666909,,False,0.0,,,,,False,,
0.06,0.017333333333333333,0.10266666666666667,False,,False,0.010000027850262286,,0.003937651614430046,-48.09525421811578,0.055333333333333096,-0.004666666666666902,,False,0.0,,,,,False,,
0.07,0.027333333333333334,0.11266666666666666,False,,False,0.010000002871100368,,0.0035519832603152293,-48.99058179238368,0.06533333333333309,-0.004666666666666916,,False,0.0,,,,,False,,
0.08,0.037333333333333336,0.12266666666666666,False,,False,0.010000001546554296,,0.003214056939897912,-49.85892867177448,0.0753333333333331,-0.004666666666666902,,False,0.0,,,,,False,,
0.09,0.04733333333333333,0.13266666666666665,False,,False,0.010000005216229449,,0.0029590228112629084,-50.57703373654793,0.0853333333333331,-0.004666666666666902,,False,0.0,,,,,False,,
0.1,0.05733333333333333,0.14266666666666666,False,,False,0.010000078102280324,,0.0027369549450601744,-51.254647035157426,0.0953333333333331,-0.004666666666666902,,False,0.0,,,,,False,,
0.11,0.06733333333333333,0.15266666666666667,False,,False,0.010000009287486632,,0.002274039557053442,-52.86403970008432,0.1053333333333331,-0.004666666666666902,,False,0.0,,,,,False,,
0.12,0.07733333333333334,0.16266666666666665,False,,False,0.010000002871100368,,0.001934040697808655,-54.27068782690359,0.1153333333333331,-0.004666666666666902,,False,0.0,,,,,False,,
0.13,0.08733333333333333,0.17266666666666666,False,,False,0.0100000470079773,,0.0017078885887787344,-55.35080926376872,0.1253333333333331,-0.004666666666666902,,False,0.0,,,,,False,,
0.14,0.09733333333333333,0.18266666666666667,False,,False,0.010000027850262286,,0.0013944831008403824,-57.11173488799794,0.13533333333333308,-0.00466666666666693,,False,0.0,,,,,False,,
0.15,0.10733333333333334,0.19266666666666668,False,,False,0.010000206339031339,,0.0012115953654417827,-58.33284793172437,0.1453333333333331,-0.004666666666666902,,False,0.0,,,,,False,,
0.16,0.11733333333333333,0.20266666666666666,False,,False,0.010002815825811098,,0.0010594579119548146,-59.498325828027234,0.1553333333333331,-0.004666666666666902,,False,0.0,,,,,False,,
0.17,0.12733333333333333,0.21266666666666667,False,,False,0.01014004604470407,,0.0009352315749787559,-60.58161678184406,0.1653333333333331,-0.004666666666666902,,False,0.0,,,,,False,,
0.18,0.13733333333333334,0.22266666666666668,False,,False,0.010041559270026385,,0.000744619965499608,-62.56130646441913,0.1753333333333331,-0.004666666666666902,,False,0.0,,,,,False,,
0.19,0.14733333333333334,0.23266666666666666,False,,False,0.011853066504662415,,0.0006294093346801619,-64.0213364083091,0.1853333333333331,-0.004666666666666902,,False,0.0,,,,,False,,
0.2,0.15733333333333333,0.24266666666666667,False,,False,0.013084341443534944,,0.00058909810343993,-64.59624750884825,0.1953333333333331,-0.004666666666666902,,False,0.0,,,,,False,,
0.21,0.16733333333333333,0.25266666666666665,False,,False,0.01,,0.0016602079814238453,-55.596750052129444,0.2053333333333331,-0.004666666666666902,,False,0.0,,,,,False,,
0.22,0.17733333333333334,0.26266666666666666,False,,False,0.010009025493342986,,0.008635534955797447,-41.27421507008428,0.2153333333333331,-0.004666666666666902,,False,0.0,,,,,False,,
0.23,0.18733333333333332,0.27266666666666667,False,154.59692495035372,True,0.010000000208892744,6.199999999999999,0.021507859649934437,-33.348056123699266,0.2253333333333331,-0.004666666666666902,,False,0.0,,,pyin_probability_below_0.5|voicing_disagreement,,False,4.9999999999999964,
0.24,0.19733333333333333,0.2826666666666667,False,145.9200662802185,True,0.010349055133375844,5.200000000000001,0.03187419732779786,-29.931214860883625,0.2353333333333331,-0.004666666666666902,,False,0.0,,,pyin_probability_below_0.5|voicing_disagreement,,False,4.0,
0.25,0.20733333333333334,0.2926666666666667,False,148.4707041104003,True,0.026168028608935755,5.5,0.043278656840972915,-27.274524521618233,0.2453333333333331,-0.004666666666666902,,False,0.0,,,pyin_probability_below_0.5|voicing_disagreement,,False,4.3000000000000025,
0.26,0.21733333333333332,0.30266666666666664,False,150.19585059339548,True,0.056071395445892624,5.699999999999999,0.05375350151143465,-25.39186480961852,0.2553333333333331,-0.00466666666666693,,False,0.0,,,pyin_probability_below_0.5|voicing_disagreement,,False,4.4999999999999964,
0.27,0.22733333333333333,0.31266666666666665,False,151.9410423129619,True,0.10857977072874499,5.9,0.06496186155428763,-23.746830767957366,0.2653333333333331,-0.00466666666666693,146.66003573584703,True,0.6203132843881122,5.28100657711488,0.6124299267487319,pyin_probability_below_0.5,5.204307227302143,False,4.699999999999999,4.212314758994126
0.28,0.23733333333333334,0.32266666666666666,False,152.82122781686914,True,0.1765306086328976,6.000000000000002,0.07382911187897914,-22.635447117092763,0.2753333333333331,-0.00466666666666693,147.40347220511987,True,0.8817900270035126,5.417755611749271,0.6248933752024928,pyin_probability_below_0.5,5.291843778848386,False,4.8000000000000025,4.299851310540369
0.29,0.24733333333333332,0.33266666666666667,False,152.82122781686914,True,0.3233360583906409,6.000000000000002,0.08175975358248283,-21.749208522741363,0.2853333333333331,-0.004666666666666874,149.51611749712495,True,0.9574565586588124,3.3051103197441876,0.3785273344721655,pyin_probability_below_0.5,5.538209819578715,False,4.8000000000000025,4.546217351270697
0.3,0.25733333333333336,0.3426666666666667,False,151.9410423129619,True,0.3233360583906409,5.9,0.08874025234257303,-21.037586813080917,0.2953333333333331,-0.004666666666666874,151.61280487374748,True,0.9741021155848292,0.3282374392144334,0.03744021416229944,pyin_probability_below_0.5,5.779296939888577,False,4.699999999999999,4.787304471580559
0.31,0.2673333333333333,0.3526666666666667,False,151.9410423129619,True,0.5485250542599847,5.9,0.09463210089628435,-20.479230363445318,0.3053333333333331,-0.004666666666666874,153.01217692348138,True,0.9807286557755321,1.071134610519465,-0.12161815111348326,,5.938355305164361,True,4.699999999999999,4.946362836856343
0.32,0.2773333333333333,0.3626666666666667,False,151.9410423129619,True,0.6860828109301793,5.9,0.09758375352832727,-20.212449618041674,0.3153333333333331,-0.00466666666666693,153.4800553513697,True,0.9782835306113955,1.539013038407802,-0.17447480515535263,,5.991211959206229,True,4.699999999999999,4.999219490898214
0.33,0.28733333333333333,0.37266666666666665,False,151.9410423129619,True,0.6860828109301793,5.9,0.09774555438009727,-20.198059717434248,0.3253333333333331,-0.00466666666666693,152.64243345420138,True,0.9576428271325015,0.7013911412394691,-0.07973343719560204,,5.896470591246479,True,4.699999999999999,4.904478122938464
0.34,0.29733333333333334,0.38266666666666665,False,151.9410423129619,True,0.615949885458068,5.9,0.09875139527136441,-20.109135189093642,0.3353333333333331,-0.00466666666666693,149.69033454987556,True,0.9731733442361791,2.2507077630863535,0.25836663769095597,,5.55837051635992,True,4.699999999999999,4.566378048051904
0.35,0.30733333333333335,0.39266666666666666,False,148.4707041104003,True,0.6159498854580678,5.5,0.09443699094855276,-20.49715718647414,0.3453333333333331,-0.004666666666666874,149.16619818308433,True,0.9855206438602018,0.6954940726840277,-0.08090832835463399,,5.497645482405512,True,4.3000000000000025,4.505653014097497
0.36,0.31733333333333336,0.4026666666666667,False,145.9200662802185,True,0.42606232904328145,5.200000000000001,0.09572179296224102,-20.379783504491094,0.3553333333333331,-0.004666666666666874,147.62840998203862,True,0.9941752423149592,1.7083437018201266,-0.2015051286399073,pyin_probability_below_0.5,5.318242282690786,False,4.0,4.326249814382768
0.37,0.3273333333333333,0.4126666666666667,False,145.07962854192903,True,0.3233360583906409,5.100000000000001,0.09162336493974918,-20.759875249249433,0.3653333333333331,-0.004666666666666874,145.25536965548906,True,0.9874005185922995,0.1757411135600364,-0.02095848166175803,pyin_probability_below_0.5,5.037695635712636,False,3.9000000000000004,4.0457031674046195
0.38,0.3373333333333333,0.4226666666666667,False,140.9494931391844,True,0.24075439447557428,4.600000000000001,0.09245147105106481,-20.68172348257268,0.37533333333333313,-0.004666666666666874,143.58797992960123,True,0.9781759546051491,2.6384867904168345,-0.3210803168666611,pyin_probability_below_0.5,4.83781747091754,False,3.4000000000000004,3.845825002609522
0.39,0.3473333333333333,0.43266666666666664,False,139.33055012971812,True,0.10857977072874497,4.400000000000002,0.09058436209388693,-20.85893539359763,0.3853333333333331,-0.00466666666666693,141.41798546206311,True,0.9476778616659923,2.0874353323449952,-0.2574478767422033,pyin_probability_below_0.5,4.574185030793081,False,3.2,3.5821925624850652
0.4,0.35733333333333334,0.44266666666666665,False,136.14823596668148,True,0.09203757081218102,4.0,0.09123281450888247,-20.79697854112759,0.3953333333333331,-0.00466666666666693,139.60122270163947,True,0.9388650965386368,3.452986734957989,-0.4335994508612748,pyin_probability_below_0.5,4.350336604912153,False,2.8000000000000003,3.3583441366041384
0.41,0.36733333333333335,0.45266666666666666,False,135.36407982952485,True,0.0779752376229482,3.9000000000000035,0.08914173031980353,-20.99837880256265,0.4053333333333331,-0.004666666666666874,135.89059552867798,True,0.933905181778274,0.5265156991531228,-0.06720791442948437,pyin_probability_below_0.5,3.8839450684803656,False,2.7000000000000033,2.891952600172349
0.42,0.37733333333333335,0.46266666666666667,False,132.2723599733492,True,0.05607139544589263,3.4999999999999982,0.09229344721700929,-20.696582650883283,0.4153333333333331,-0.004666666666666874,134.81823871346833,True,0.9224606122898262,2.5458787401191216,-0.3300487155312887,pyin_probability_below_0.5,3.746785869582163,False,2.2999999999999963,2.754793401274147
0.43,0.3873333333333333,0.4726666666666667,False,131.51052723924994,True,0.09203757081218103,3.4000000000000004,0.09223498043005653,-20.702086800920576,0.4253333333333331,-0.004666666666666874,131.81371987255633,True,0.949305330073133,0.303192633306395,-0.03986701930576391,pyin_probability_below_0.5,3.3566041733566445,False,2.200000000000003,2.3646117050486257
0.44,0.3973333333333333,0.4826666666666667,False,130.75308233882095,True,0.09203757081218103,3.3000000000000003,0.09065151049057277,-20.85249910059055,0.43533333333333313,-0.004666666666666874,130.2824307672801,True,0.9428899323807182,0.4706515715408557,0.062428969847816984,pyin_probability_below_0.5,3.154308184203063,False,2.0999999999999988,2.162315715895046
0.45,0.4073333333333333,0.49266666666666664,False,128.5068226458765,True,0.06608151270920702,2.999999999999999,0.08933553875744038,-20.979514782840486,0.4453333333333331,-0.00466666666666693,128.67858489038858,True,0.9400487794133561,0.171762244512081,-0.023124227233769928,pyin_probability_below_0.5,2.9398613812846466,False,1.800000000000001,1.9478689129766311
0.46,0.41733333333333333,0.5026666666666667,False,127.03079589645196,True,0.07797523762294818,2.8000000000000003,0.08401536275364108,-21.51282586231225,0.4553333333333331,-0.00466666666666693,124.65956393908529,True,0.9236943731399553,2.3712319573666747,0.3262166234130855,pyin_probability_below_0.5,2.390520530637791,False,1.599999999999999,1.3985280623297738
0.47,0.42733333333333334,0.5126666666666667,False,124.12940850835416,True,0.09203757081218102,2.4000000000000012,0.081630867313382,-21.76291178349565,0.4653333333333331,-0.004666666666666874,122.56933138747954,True,0.921399661665431,1.5600771208746238,0.21896298585452956,pyin_probability_below_0.5,2.09777416819635,False,1.1999999999999993,1.105781699888335
0.48,0.43733333333333335,0.5226666666666666,False,121.9969395672486,True,0.07797523762294818,2.0999999999999988,0.07856196135977825,-22.095753651801054,0.4753333333333331,-0.004666666666666874,118.91553505661179,True,0.9473940832101752,3.0814045106368155,0.44289307616453644,pyin_probability_below_0.5,1.573844077886338,False,0.8999999999999985,0.5818516095783243
0.49,0.44733333333333336,0.5326666666666666,False,118.52392351256819,True,0.06608151270920701,1.6000000000000023,0.07344662456739262,-22.680563171181856,0.4853333333333331,-0.004666666666666874,115.85968162814574,True,0.9615853985065836,2.6642418844224522,0.3935962102462157,pyin_probability_below_0.5,1.1231409438046613,False,0.4000000000000011,0.13114847549664477
0.5,0.4573333333333333,0.5426666666666666,False,114.4865635674993,True,0.034897428019625254,1.0000000000000009,0.07384637393617002,-22.633416498083232,0.4953333333333331,-0.004666666666666874,115.64406141406045,True,0.9512403691342393,1.1574978465611423,-0.17415470735647187,pyin_probability_below_0.5,1.0908918614073495,False,-0.19999999999999973,0.09889939309933288
0.51,0.4673333333333333,0.5526666666666666,False,112.51975293079859,True,0.02616802860893576,0.699999999999998,0.07356162861576737,-22.66697328552226,0.5053333333333331,-0.00466666666666693,112.02765231491684,True,0.9414146148866147,0.49210061588175336,0.07588087733594628,pyin_probability_below_0.5,0.5408562767149313,False,-0.5000000000000001,-0.45113619159308394
0.52,0.47733333333333333,0.5626666666666666,False,110.58673092361124,True,0.013980210380185928,0.4000000000000011,0.07253709585966489,-22.78879672183626,0.5153333333333331,-0.00466666666666693,111.86662248580669,True,0.8682945286242073,1.279891562195445,-0.19921626426016553,pyin_probability_below_0.5,0.5159534183110449,False,-0.8000000000000008,-0.4760390499969721
0.53,0.48733333333333334,0.5726666666666667,False,108.06092649856241,True,0.010467533617069905,0.0,0.07116459077405832,-22.954720873501365,0.5253333333333331,-0.00466666666666693,110.80755320461554,True,0.8019797525750785,2.746626706053135,-0.43453523472358035,pyin_probability_below_0.5,0.35127238877445754,False,-1.2000000000000002,-0.6407200795335575
0.54,0.49733333333333335,0.5826666666666667,False,106.81974089615274,True,0.01002672467381077,-0.19999999999999973,0.07076554345277764,-23.003563075265063,0.5353333333333331,-0.00466666666666693,110.41169945528033,True,0.7779937520921962,3.5919585591275904,-0.5725771354600493,pyin_probability_below_0.5,0.28931428951092614,False,-1.4000000000000004,-0.7026781787970902
0.55,0.5073333333333333,0.5926666666666667,False,104.98464168400547,True,0.01000419105279527,-0.5000000000000001,0.07133566307672892,-22.933865951284552,0.5453333333333331,-0.00466666666666693,107.3727221587327,True,0.5210455114617335,2.388080474727232,-0.3893908313653564,pyin_probability_below_0.5,-0.19387201458376657,False,-1.6999999999999988,-1.1858644828917826
0.56,0.5173333333333333,0.6026666666666667,False,103.18106837793296,True,0.010026724673810768,-0.8000000000000008,0.07285951838704505,-22.75027407679835,0.5553333333333331,-0.00466666666666693,104.23947105855063,True,0.7405505687902665,1.0584026806176752,-0.17668054154224083,pyin_probability_below_0.5,-0.706582304406883,False,-2.0000000000000004,-1.6985747727149003
0.57,0.5273333333333333,0.6126666666666667,False,103.18106837793296,True,0.010349055133375843,-0.8000000000000008,0.07434478851091167,-22.574989392949455,0.5653333333333331,-0.004666666666666819,101.19894612536062,True,0.6726553348068216,1.9821222525723385,0.3358082865196612,pyin_probability_below_0.5,-1.2190711324687848,False,-2.0000000000000004,-2.2110636007767996
0.58,0.5373333333333333,0.6226666666666667,False,103.18106837793296,True,0.016467587593113005,-0.8000000000000008,0.07562412191716253,-22.426793099350128,0.5753333333333331,-0.004666666666666819,99.93739924509832,True,0.8711637789680875,3.24366913283464,0.5529805285266197,pyin_probability_below_0.5,-1.436243374475744,False,-2.0000000000000004,-2.4282358427837587
0.59,0.5473333333333333,0.6326666666666667,False,103.77879022636449,True,0.013100262550513395,-0.6999999999999982,0.07561069043300718,-22.428335923882955,0.5853333333333332,-0.004666666666666819,101.07980897572143,True,0.8748730417321721,2.698981250643058,0.4562013637570953,pyin_probability_below_0.5,-1.2394642097062194,False,-1.8999999999999986,-2.231456678014235
0.6,0.5573333333333333,0.6426666666666667,False,103.77879022636449,True,0.010824463728234165,-0.6999999999999982,0.07635762504703375,-22.34295175879113,0.5953333333333332,-0.004666666666666819,102.28671034337816,True,0.9318911474206018,1.4920798829863315,0.2507149072160265,pyin_probability_below_0.5,-1.033977753165147,False,-1.8999999999999986,-2.0259702214731634
0.61,0.5673333333333334,0.6526666666666666,False,104.37997464223893,True,0.010622609040911534,-0.6000000000000011,0.07677834434022292,-22.295225146184684,0.6053333333333331,-0.00466666666666693,103.64932186802928,True,0.9216015575414892,0.7306527742096591,0.12161134834329643,pyin_probability_below_0.5,-0.8048741942924187,False,-1.800000000000001,-1.7968666626004368
0.62,0.5773333333333334,0.6626666666666666,False,105.59281152631061,True,0.010824463728234165,-0.4000000000000008,0.07780124612449674,-22.18026893921428,0.6153333333333331,-0.00466666666666693,105.25969488604095,True,0.8903568414888192,0.33311664026966525,0.05470206255217967,pyin_probability_below_0.5,-0.5379649085013036,False,-1.6,-1.529957376809319
0.63,0.5873333333333334,0.6726666666666666,False,106.2045044606715,True,0.010259050559778863,-0.2999999999999981,0.0792619905626545,-22.01870050238295,0.6253333333333331,-0.00466666666666693,106.84304804392497,True,0.8654873675083965,0.6385435832534654,-0.10377699160158838,pyin_probability_below_0.5,-0.2794858543475321,False,-1.4999999999999982,-1.2714783226555484
0.64,0.5973333333333334,0.6826666666666666,False,107.43854136004751,True,0.010037765502929688,-0.10000000000000259,0.0814959148542056,-21.777283211885646,0.6353333333333331,-0.00466666666666693,108.46046134342156,True,0.8648955890583682,1.0219199833740475,-0.16389106583451513,pyin_probability_below_0.5,-0.01937178011460814,False,-1.3000000000000027,-1.0113642484226242
0.65,0.6073333333333333,0.6926666666666667,False,109.31653398298289,True,0.010000027850262284,0.20000000000000068,0.0866103157613976,-21.248607561168047,0.6453333333333331,-0.00466666666666693,109.89601932779111,True,0.8785431690743126,0.5794853448082193,-0.09153007723110801,pyin_probability_below_0.5,0.2082672312819859,False,-0.9999999999999994,-0.7837252370260303
0.66,0.6173333333333333,0.7026666666666667,False,117.84127594565435,True,0.010006178555334077,1.5000000000000004,0.08993665154986503,-20.921265715501022,0.6553333333333331,-0.00466666666666693,112.0765677742286,True,0.8471904130074531,5.764708171425752,0.8683233123782297,pyin_probability_below_0.5,0.5484138416726458,False,0.2999999999999983,-0.4435786266353698
0.67,0.6273333333333333,0.7126666666666667,False,118.52392351256819,True,0.010467533617069905,1.6000000000000023,0.09136692866669636,-20.784219476269314,0.6653333333333331,-0.00466666666666693,114.71320131864029,True,0.8838742096002854,3.8107221939279015,0.5657623453798664,pyin_probability_below_0.5,0.9509748086710104,False,0.4000000000000011,-0.04101765963700511
0.68,0.6373333333333333,0.7226666666666667,False,119.21052561660726,True,0.01398021038018593,1.6999999999999993,0.09264205180014455,-20.663836698495786,0.6753333333333331,-0.00466666666666693,117.22097268288958,True,0.8819677245276581,1.9895529337176754,0.2913709137289673,pyin_probability_below_0.5,1.3253662403219104,False,0.5000000000000008,0.3333737720138951
0.69,0.6473333333333333,0.7326666666666667,False,119.9011051661721,True,0.020317628556360583,1.800000000000001,0.09837651115313298,-20.142171668428585,0.6853333333333331,-0.004666666666666819,118.63607808427552,True,0.8846011230261899,1.2650270818965765,0.18362575253286065,pyin_probability_below_0.5,1.533111401518018,False,0.6000000000000013,0.541118933210003
0.7,0.6573333333333333,0.7426666666666667,False,121.29428889978496,True,0.02616802860893576,2.0000000000000004,0.10366368952077273,-19.687466762718195,0.6953333333333331,-0.004666666666666819,119.58143450967623,True,0.931415103146845,1.7128543901087312,0.2462184052715608,pyin_probability_below_0.5,1.6705187487793154,False,0.8000000000000002,0.6785262804712968
0.71,0.6673333333333333,0.7526666666666667,False,122.70366064862014,True,0.026168028608935755,2.1999999999999993,0.10735928927841655,-19.383207444150607,0.7053333333333331,-0.004666666666666819,120.51715887418192,True,0.9612092591745233,2.186501774438227,0.3112766666110269,pyin_probability_below_0.5,1.805460487439848,False,0.9999999999999971,0.8134680191318306
0.72,0.6773333333333333,0.7626666666666667,False,123.4144757235675,True,0.020317628556360583,2.3000000000000003,0.10762030929514879,-19.3621152829614,0.7153333333333332,-0.004666666666666819,121.90831204015312,True,0.9693563197826434,1.5061636834143854,0.21258152486132773,pyin_probability_below_0.5,2.0041556291895537,False,1.1000000000000019,1.0121631608815342
0.73,0.6873333333333334,0.7726666666666666,False,124.12940850835416,True,0.013980210380185926,2.4000000000000012,0.10745537547431942,-19.375437079404094,0.7253333333333332,-0.004666666666666819,123.21656858849632,True,0.9639514206870942,0.912839919857845,0.1277843079555691,pyin_probability_below_0.5,2.188952846095311,False,1.1999999999999993,1.1969603777872924
0.74,0.6973333333333334,0.7826666666666666,False,124.84848285663055,True,0.013980210380185928,2.500000000000002,0.10518190343989206,-19.561179483540812,0.7353333333333331,-0.00466666666666693,124.87610467273949,True,0.917949706141862,0.027621816108933217,-0.0038298054038626455,pyin_probability_below_0.5,2.420566959454739,False,1.2999999999999994,1.4285744911467244
0.75,0.7073333333333334,0.7926666666666666,False,125.57172276022992,True,0.016467587593113005,2.6000000000000005,0.10037824361948561,-19.967208154158925,0.7453333333333331,-0.00466666666666693,126.52781115427877,True,0.8833711967965427,0.956088394048848,-0.13131485740966936,pyin_probability_below_0.5,2.6480520114605453,False,1.4000000000000004,1.656059543152528
0.76,0.7173333333333334,0.8026666666666666,False,126.29915234996876,True,0.015085587297504338,2.7,0.09748645002766092,-20.221114883396147,0.7553333333333331,-0.00466666666666693,129.00806013808975,True,0.8624125766390447,2.7089077881209818,-0.3673949792480599,pyin_probability_below_0.5,2.9841321332989397,False,1.5000000000000004,1.9921396649909218
0.77,0.7273333333333334,0.8126666666666666,False,127.76667781088264,True,0.01646758759311301,2.9,0.0929842517260406,-20.631811989700598,0.7653333333333331,-0.00466666666666693,131.84801837381448,True,0.882125205844319,4.081340562931842,-0.5443711793663,pyin_probability_below_0.5,3.3611083334171754,False,1.6999999999999993,2.369115865109159
0.78,0.7373333333333333,0.8226666666666667,False,130.0,True,0.0229442191246386,3.2,0.08879671607382097,-21.032061904560923,0.7753333333333331,-0.00466666666666693,133.5690942717811,True,0.8575412534377198,3.569094271781097,-0.46889528246619705,pyin_probability_below_0.5,3.585632436517073,False,2.0000000000000004,2.593639968209058
0.79,0.7473333333333333,0.8326666666666667,False,132.2723599733492,True,0.06608151270920701,3.4999999999999982,0.08243469012591118,-21.677799804931862,0.7853333333333331,-0.00466666666666693,134.25341278970646,True,0.7631089426170801,1.9810528163572485,-0.25736567353527023,pyin_probability_below_0.5,3.6741028275861463,False,2.2999999999999963,2.6821103592781275
0.8,0.7573333333333333,0.8426666666666667,False,133.80929076365396,True,0.1504646013433388,3.699999999999999,0.07469249298872803,-22.534460900078187,0.7953333333333331,-0.00466666666666693,138.20798625211918,True,0.898634435306681,4.398695488465222,-0.5599523200977028,pyin_probability_below_0.5,4.1766894741485805,False,2.4999999999999987,3.1846970058405644
0.81,0.7673333333333333,0.8526666666666667,False,136.14823596668148,True,0.2065067991177523,4.0,0.07298726376621899,-22.73505834789922,0.8053333333333331,-0.00466666666666693,139.38189581754196,True,0.9844763718459867,3.2336598508604766,-0.40637871794615343,pyin_probability_below_0.5,4.3231158719970315,False,2.8000000000000003,3.3311234036890154
0.82,0.7773333333333333,0.8626666666666667,False,139.33055012971812,True,0.3233360583906409,4.400000000000002,0.07129380109835531,-22.93896459673945,0.8153333333333331,-0.004666666666666819,139.9872278941343,True,0.98526036347385,0.6566777644161732,-0.081402981767914,pyin_probability_below_0.5,4.398140135818792,False,3.2,3.406147667510777
0.83,0.7873333333333333,0.8726666666666667,False,140.13768379557115,True,0.48498680771591135,4.4999999999999964,0.07386991217479891,-22.630648346376766,0.8253333333333331,-0.004666666666666819,140.26661033371704,True,0.9904595756215637,0.1289265381458904,-0.01592001499750522,pyin_probability_below_0.5,4.43265716904838,False,3.2999999999999976,3.4406647007403626
0.84,0.7973333333333333,0.8826666666666667,False,139.33055012971812,True,0.42606232904328145,4.400000000000002,0.07531050903030902,-22.462888339087932,0.8353333333333332,-0.004666666666666819,140.25360776426643,True,0.9954305462738086,0.9230576345483144,-0.11431510458305849,pyin_probability_below_0.5,4.431052258633937,False,3.2,3.4390597903259192
0.85,0.8073333333333333,0.8926666666666667,False,138.52806521170294,True,0.3721358982975087,4.299999999999999,0.07563767623799218,-22.425236442790492,0.8453333333333332,-0.004666666666666819,140.11437870999157,True,0.9896713927909317,1.5863134982886322,-0.19712069503403098,pyin_probability_below_0.5,4.413857849084905,False,3.0999999999999956,3.4218653807768895
0.86,0.8173333333333334,0.9026666666666666,False,136.93693467412865,True,0.1504646013433388,4.099999999999998,0.07682680281896939,-22.289744795816638,0.8553333333333332,-0.004666666666666819,141.25879303229632,True,0.9233503622133641,4.321858358167674,-0.5379486178805954,pyin_probability_below_0.5,4.554685771931471,False,2.9,3.5626933036234556
0.87,0.8273333333333334,0.9126666666666666,False,136.14823596668148,True,0.09203757081218103,4.0,0.07722649577740745,-22.244673424445253,0.8653333333333331,-0.00466666666666693,139.85881674120262,True,0.8787335881912688,3.7105807745211337,-0.4655149761948638,pyin_probability_below_0.5,4.382252130245743,False,2.8000000000000003,3.390259661937726
0.88,0.8373333333333334,0.9226666666666666,False,135.36407982952485,True,0.05607139544589263,3.9000000000000035,0.07601803217717863,-22.381667536977158,0.8753333333333331,-0.00466666666666693,136.691247309185,True,0.9417313136275987,1.3271674796601474,-0.16891091825139687,pyin_probability_below_0.5,3.985648072302279,False,2.7000000000000033,2.9936556039942612
0.89,0.8473333333333334,0.9326666666666666,False,135.36407982952485,True,0.03489742801962526,3.9000000000000035,0.07610506382934526,-22.371728909272885,0.8853333333333331,-0.00466666666666693,134.41687503829863,True,0.9375807620445576,0.9472047912262269,0.1215682496978974,pyin_probability_below_0.5,3.6951689043529816,False,2.7000000000000033,2.703176436044965
0.9,0.8573333333333333,0.9426666666666667,False,133.80929076365396,True,0.01818737573491218,3.699999999999999,0.0764026447022398,-22.337832158405163,0.8953333333333331,-0.00466666666666693,131.7927534249922,True,0.9172849608914674,2.016537338661749,0.2628869212582468,pyin_probability_below_0.5,3.3538502327926327,False,2.4999999999999987,2.361857764484616
0.91,0.8673333333333333,0.9526666666666667,False,131.51052723924994,True,0.020317628556360583,3.4000000000000004,0.07390511984875152,-22.626509487843443,0.9053333333333331,-0.00466666666666693,128.92363995454306,True,0.940509648352864,2.586887284706876,0.3439375635414237,pyin_probability_below_0.5,2.9727995905094553,False,2.200000000000003,1.9808071222014363
0.92,0.8773333333333333,0.9626666666666667,False,130.0,True,0.01818737573491218,3.2,0.07166353196032478,-22.894035825971685,0.9153333333333331,-0.00466666666666693,125.62753653970867,True,0.9337713351816258,4.372463460291328,0.5923067673606943,pyin_probability_below_0.5,2.5244303866901845,False,2.0000000000000004,1.5324379183821697
0.93,0.8873333333333333,0.9726666666666667,False,126.29915234996876,True,0.026168028608935755,2.7,0.06527295309024733,-23.705334768667644,0.9253333333333331,-0.00466666666666693,122.45009103212253,True,0.923002108906545,3.8490613178462354,0.5358133218381107,pyin_probability_below_0.5,2.080923832212765,False,1.5000000000000004,1.0889313639047473
0.94,0.8973333333333333,0.9826666666666667,False,123.4144757235675,True,0.047686993082531035,2.3000000000000003,0.060030257262258864,-24.43259590904777,0.9353333333333331,-0.004666666666666819,118.39211139938021,True,0.9072454519226772,5.0223643241872935,0.7192640098894927,pyin_probability_below_0.5,1.4974731441613849,False,1.1000000000000019,0.505480675853369
0.95,0.9073333333333333,0.9926666666666667,False,121.29428889978496,True,0.056071395445892624,2.0000000000000004,0.055808420976172626,-25.06600530169556,0.9453333333333331,-0.004666666666666819,114.73078077845685,True,0.874797603128423,6.563508121328113,0.9631094835196412,pyin_probability_below_0.5,0.9536276705312369,False,0.8000000000000002,-0.03836479777678019
0.96,0.9173333333333333,1.0026666666666666,False,117.84127594565435,True,0.06608151270920701,1.5000000000000004,0.04927877427714754,-26.14680206041622,0.9553333333333331,-0.004666666666666819,111.39305926793838,True,0.7892607949785223,6.448216677715962,0.9742273589034132,pyin_probability_below_0.5,0.4425097951474649,False,0.2999999999999983,-0.5494826731605518
0.97,0.9273333333333333,1.0126666666666666,False,115.14977748330686,True,0.10857977072874497,1.099999999999998,0.04264681475772288,-27.402268004959872,0.9653333333333332,-0.004666666666666819,104.33190382972808,True,0.8172562246051776,10.817873653578786,1.7079748052162578,pyin_probability_below_0.5|pitch_difference_over_1_semitone,-0.691237651165383,False,-0.10000000000000259,-1.6832301194734005
0.98,0.9373333333333334,1.0226666666666666,False,111.87168684176291,True,0.09203757081218102,0.6000000000000013,0.036329826284470436,-28.79473357529527,0.9753333333333332,-0.004666666666666819,103.88471136805397,True,0.6822444778337831,7.986975473708938,1.2823392843226378,pyin_probability_below_0.5|pitch_difference_over_1_semitone,-0.7656021302717589,False,-0.5999999999999991,-1.7575945985797756
0.99,0.9473333333333334,1.0326666666666666,False,104.98464168400547,True,0.047686993082531035,-0.5000000000000001,0.02922695403378387,-30.684328869210727,0.9853333333333331,-0.00466666666666693,100.17487112163093,True,0.555149526468227,4.809770562374538,0.8118916347190788,pyin_probability_below_0.5,-1.3951544806682017,False,-1.6999999999999988,-2.387146948976218
1.0,0.9573333333333334,1.0426666666666666,False,103.77879022636449,True,0.026168028608935755,-0.6999999999999982,0.021792000694949555,-33.23405791835209,0.9953333333333331,-0.00466666666666693,98.97534661899678,True,0.5845606928662789,4.803443607367711,0.8204460414234384,pyin_probability_below_0.5,-1.6037088873725591,False,-1.8999999999999986,-2.595701355680575
1.01,0.9673333333333334,1.0526666666666666,False,105.59281152631061,True,0.010349055133375844,-0.4000000000000008,0.014518117662773162,-36.76179376316463,1.005333333333333,-0.004666666666667041,113.16060229663917,True,0.5810345047101546,7.567790770328557,-1.1983216481923915,pyin_probability_below_0.5|pitch_difference_over_1_semitone,0.7150588022432682,False,-1.6,-0.27693366606474956
1.02,0.9773333333333334,1.0626666666666666,False,102.5867891540234,True,0.011422334250709074,-0.8999999999999986,0.0099908777329305,-40.00792711671522,1.015333333333333,-0.004666666666667041,,False,0.0,,,pyin_probability_below_0.5|voicing_disagreement,,False,-2.0999999999999996,
1.03,0.9873333333333333,1.0726666666666667,False,112.51975293079859,True,0.013100262550513395,0.699999999999998,0.007649027270040791,-42.32787581487322,1.025333333333333,-0.004666666666667041,,False,0.0,,,pyin_probability_below_0.5|voicing_disagreement,,False,-0.5000000000000001,
1.04,0.9973333333333333,1.0826666666666667,False,117.84127594565435,True,0.011085791888943373,1.5000000000000004,0.004960496437151481,-46.089497159201194,1.035333333333333,-0.004666666666667041,,False,0.0,,,pyin_probability_below_0.5|voicing_disagreement,,False,0.2999999999999983,
1.05,1.0073333333333334,1.0926666666666667,False,,False,0.010140046044704068,,0.002814051287461059,-51.013359831995956,1.045333333333333,-0.004666666666667041,,False,0.0,,,,,False,,
1.06,1.0173333333333334,1.1026666666666667,False,,False,0.010009025493342984,,0.0018492292157046297,-54.66018507648233,1.055333333333333,-0.004666666666667041,,False,0.0,,,,,False,,
1.07,1.0273333333333334,1.1126666666666667,False,,False,0.010001873046012555,,0.0013968740881069753,-57.096854773990984,1.065333333333333,-0.004666666666667041,,False,0.0,,,,,False,,
1.08,1.0373333333333334,1.1226666666666667,False,,False,0.010000319455872124,,0.0010556831156130456,-59.529328488192945,1.075333333333333,-0.004666666666667041,,False,0.0,,,,,False,,
1.09,1.0473333333333332,1.1326666666666667,False,,False,1.7828734695235014e-06,,0.0009477712805760012,-60.46592910911003,1.085333333333333,-0.004666666666667041,,False,0.0,,,,,False,,
1.1,1.0573333333333332,1.1426666666666667,False,,False,0.010000000021311573,,0.0010717066561145672,-59.39848143959212,1.095333333333333,-0.004666666666667041,,False,0.0,,,,,False,,
1.11,1.0673333333333332,1.1526666666666667,False,,False,0.010000005216229449,,0.0056657402868438185,-44.93486674165479,1.105333333333333,-0.004666666666667041,,False,0.0,,,,,False,,
1.12,1.0773333333333333,1.1626666666666667,False,,False,0.01000020633903134,,0.011988318073093107,-38.42483485814375,1.115333333333333,-0.004666666666667041,,False,0.0,,,,,False,,
1.13,1.0873333333333333,1.1726666666666667,False,108.06092649856241,True,0.010467533617069905,0.0,0.016826394393939518,-35.48017871741297,1.125333333333333,-0.004666666666666819,,False,0.0,,,pyin_probability_below_0.5|voicing_disagreement,,False,-1.2000000000000002,
1.14,1.0973333333333333,1.1826666666666668,False,104.37997464223893,True,0.010101974593744989,-0.6000000000000011,0.02173019716225348,-33.25872666448663,1.135333333333333,-0.004666666666666819,,False,0.0,,,pyin_probability_below_0.5|voicing_disagreement,,False,-1.800000000000001,
1.15,1.1073333333333333,1.1926666666666668,False,102.5867891540234,True,0.010824463728234165,-0.8999999999999986,0.026596963240976816,-31.503358938788246,1.145333333333333,-0.004666666666666819,106.00672376563055,True,0.4988503322660373,3.4199346116071467,-0.5677298156647942,pyin_probability_below_0.5,-0.4155330302843274,False,-2.0999999999999996,-1.4075254985923424
1.16,1.1173333333333333,1.2026666666666668,False,101.99593272657759,True,0.016467587593113005,-0.9999999999999994,0.030825462987968063,-30.221807834557225,1.155333333333333,-0.004666666666666819,107.01259866296526,True,0.7272375001571499,5.016665936387668,-0.8312283935865494,pyin_probability_below_0.5,-0.25203445236257244,False,-2.1999999999999997,-1.2440269206705894
1.17,1.1273333333333333,1.2126666666666666,False,101.99593272657759,True,0.03489742801962526,-0.9999999999999994,0.03247693923982563,-29.768498143968344,1.165333333333333,-0.004666666666666819,105.05712101757437,True,0.6909349758750223,3.061188290996782,-0.5119479758210626,pyin_probability_below_0.5,-0.5713148701280607,False,-2.1999999999999997,-1.563307338436077
1.18,1.1373333333333333,1.2226666666666666,False,101.99593272657759,True,0.04069733156888105,-0.9999999999999994,0.03310407473872406,-29.602370923502285,1.1753333333333331,-0.004666666666666819,101.29203842458533,True,0.8045350515198487,0.7038943019922641,0.11989008948621624,pyin_probability_below_0.5,-1.203152935435337,False,-2.1999999999999997,-2.195145403743354
1.19,1.1473333333333333,1.2326666666666666,False,101.99593272657759,True,0.056071395445892624,-0.9999999999999994,0.03366038085997788,-29.4576194876727,1.185333333333333,-0.004666666666667041,101.57405179749645,True,0.943251959770288,0.4218809290811407,0.07175671564884845,pyin_probability_below_0.5,-1.1550195615979721,False,-2.1999999999999997,-2.1470120299059876
1.2,1.1573333333333333,1.2426666666666666,False,101.99593272657759,True,0.06608151270920701,-0.9999999999999994,0.03371855235277825,-29.442621586459627,1.195333333333333,-0.004666666666667041,101.72920016228747,True,0.8802773295529858,0.26673256429012326,0.04533331303860951,pyin_probability_below_0.5,-1.128596158987731,False,-2.1999999999999997,-2.120588627295748
1.21,1.1673333333333333,1.2526666666666666,False,101.40847938173854,True,0.10857977072874499,-1.1000000000000019,0.03372536224748179,-29.440867536612632,1.205333333333333,-0.004666666666667041,100.29645305686753,True,0.7793574381861214,1.1120263248710103,0.19089244067448558,pyin_probability_below_0.5,-1.3741552866236093,False,-2.3000000000000016,-2.3661477549316263
1.22,1.1773333333333333,1.2626666666666666,False,101.99593272657759,True,0.06608151270920701,-0.9999999999999994,0.03390931155110087,-29.39362054922924,1.215333333333333,-0.004666666666667041,98.2645209501496,True,0.7851314497538483,3.73141177642799,0.6452292248337176,pyin_probability_below_0.5,-1.7284920707828402,False,-2.1999999999999997,-2.720484539090858
1.23,1.1873333333333334,1.2726666666666666,False,102.5867891540234,True,0.0229442191246386,-0.8999999999999986,0.033875520488849606,-29.402280464816467,1.225333333333333,-0.004666666666667041,98.93191347462646,True,0.8739548533561198,3.6548756793969517,0.6280448470017234,pyin_probability_below_0.5,-1.6113076929508447,False,-2.0999999999999996,-2.603300161258861
1.24,1.1973333333333334,1.2826666666666666,False,106.2045044606715,True,0.026168028608935755,-0.2999999999999981,0.03401019066887768,-29.367818666132777,1.235333333333333,-0.004666666666667041,103.44357201937814,True,0.866573071604494,2.760932441293363,0.4560114915918241,pyin_probability_below_0.5,-0.8392743375409453,False,-1.4999999999999982,-1.8312668058489623
1.25,1.2073333333333334,1.2926666666666666,False,106.81974089615274,True,0.10857977072874497,-0.19999999999999973,0.034273831717688746,-29.300746799161942,1.245333333333333,-0.004666666666667041,106.64530469266926,True,0.8997016407466613,0.17443620348348077,0.02829409013980437,pyin_probability_below_0.5,-0.31155693608892676,False,-1.4000000000000004,-1.303549404396944
1.26,1.2173333333333334,1.3026666666666666,False,106.81974089615274,True,0.24075439447557428,-0.19999999999999973,0.037081771155876825,-28.616790611988957,1.255333333333333,-0.004666666666667041,107.41480504906409,True,0.957303646721735,0.5950641529113483,-0.09617477589921239,pyin_probability_below_0.5,-0.1870880700499103,False,-1.4000000000000004,-1.1790805383579255
1.27,1.2273333333333334,1.3126666666666666,False,106.2045044606715,True,0.37213589829750865,-0.2999999999999981,0.040347197267759344,-27.883732566259475,1.265333333333333,-0.004666666666667041,107.18810861322277,True,0.9654902608536817,0.9836041525512655,-0.15959887599045056,pyin_probability_below_0.5,-0.2236639699586708,False,-1.4999999999999982,-1.215656438266687
1.28,1.2373333333333334,1.3226666666666667,False,106.2045044606715,True,0.48498680771591124,-0.2999999999999981,0.04277605584295331,-27.37598523895914,1.275333333333333,-0.004666666666667041,106.77104503636419,True,0.9648040971169537,0.5665405756926845,-0.09210603288834437,pyin_probability_below_0.5,-0.29115681306077573,False,-1.4999999999999982,-1.2831492813687908
1.29,1.2473333333333334,1.3326666666666667,False,106.2045044606715,True,0.5485250542599845,-0.2999999999999981,0.04449785009518535,-27.033219427281516,1.285333333333333,-0.004666666666667041,106.37785268335291,True,0.9957525094951771,0.1733482226814118,-0.028234366765048865,,-0.35502847918407177,True,-1.4999999999999982,-1.3470209474920882
1.3,1.2573333333333334,1.3426666666666667,False,106.2045044606715,True,0.5485250542599844,-0.2999999999999981,0.04585955868633501,-26.771402577386176,1.295333333333333,-0.004666666666667041,105.94665690006079,True,0.983336470463067,0.25784756061071334,0.04208270115870899,,-0.42534554710783035,True,-1.4999999999999982,-1.417338015415846
1.31,1.2673333333333334,1.3526666666666667,False,105.59281152631061,True,0.6159498854580678,-0.4000000000000008,0.04588308270315599,-26.766948225182354,1.305333333333333,-0.004666666666667041,105.51188337788444,True,0.9754670293701361,0.08092814842616747,0.013273562959865287,,-0.49653640890898654,True,-1.6,-1.4885288772170038
1.32,1.2773333333333334,1.3626666666666667,False,105.59281152631061,True,0.5485250542599844,-0.4000000000000008,0.045357721394441185,-26.866975418580243,1.315333333333333,-0.004666666666667041,105.16037732643137,True,0.9969555327927733,0.43243419987923915,0.07104479562197387,,-0.5543076415710989,True,-1.6,-1.5463001098791147
1.33,1.2873333333333334,1.3726666666666667,False,104.37997464223893,True,0.48498680771591124,-0.6000000000000011,0.04530534402027901,-26.877011349751033,1.325333333333333,-0.004666666666667041,104.5362514031122,True,0.9847299931444964,0.15627676087326847,-0.025900496585267517,pyin_probability_below_0.5,-0.657362349363857,False,-1.800000000000001,-1.649354817671873
1.34,1.2973333333333332,1.3826666666666667,False,103.77879022636449,True,0.4849868077159112,-0.6999999999999982,0.044747382305230766,-26.984647311383938,1.335333333333333,-0.004666666666667041,103.54417443203113,True,0.9641154522116158,0.2346157943333651,0.03918283009825931,pyin_probability_below_0.5,-0.822445676047382,False,-1.8999999999999986,-1.814438144355397
1.35,1.3073333333333332,1.3926666666666667,False,103.18106837793296,True,0.4849868077159112,-0.8000000000000008,0.04385918548510424,-27.158788758509317,1.345333333333333,-0.004666666666667041,103.04084908855853,True,0.9780977726824395,0.1402192893744285,0.023542836619240393,pyin_probability_below_0.5,-0.9068056825683637,False,-2.0000000000000004,-1.8987981508763805
1.36,1.3173333333333332,1.4026666666666667,False,103.18106837793296,True,0.4849868077159113,-0.8000000000000008,0.04380962732224157,-27.16860882485577,1.355333333333333,-0.004666666666667041,103.0554897307482,True,0.9791039407019647,0.12557864718475287,0.02108317348821885,pyin_probability_below_0.5,-0.9043460194373448,False,-2.0000000000000004,-1.8963384877453606
1.37,1.3273333333333333,1.4126666666666667,False,102.5867891540234,True,0.4260623290432814,-0.8999999999999986,0.04404594158713257,-27.121882029947642,1.365333333333333,-0.004666666666667041,103.17092339791502,True,0.9653290895768852,0.5841342438916115,-0.09829773052373503,pyin_probability_below_0.5,-0.8849651154253881,False,-2.0999999999999996,-1.8769575837334034
1.38,1.3373333333333333,1.4226666666666667,False,102.5867891540234,True,0.37213589829750865,-0.8999999999999986,0.04447877761700151,-27.036943134224025,1.375333333333333,-0.004666666666666819,102.97949647308849,True,0.9505195062735258,0.3927073190650816,-0.06614597399299604,pyin_probability_below_0.5,-0.917116871956128,False,-2.0999999999999996,-1.909109340264143
1.39,1.3473333333333333,1.4326666666666668,False,102.5867891540234,True,0.3721358982975087,-0.8999999999999986,0.04505879920496749,-26.924407723883927,1.385333333333333,-0.004666666666666819,102.81992666522612,True,0.9585462098177455,0.2331375112027132,-0.03929917960241777,pyin_probability_below_0.5,-0.9439636663467033,False,-2.0999999999999996,-1.9359561346547198
1.4,1.3573333333333333,1.4426666666666668,False,103.18106837793296,True,0.3233360583906408,-0.8000000000000008,0.045856503113537096,-26.77198132809991,1.395333333333333,-0.004666666666666819,102.54126144596843,True,0.9645692060266778,0.6398069319645288,0.10768486995556444,pyin_probability_below_0.5,-0.9909477159046862,False,-2.0000000000000004,-1.9829401842127028
1.41,1.3673333333333333,1.4526666666666668,False,103.18106837793296,True,0.2796051653363589,-0.8000000000000008,0.04583369939203487,-26.776301759443207,1.405333333333333,-0.004666666666666819,102.46042803210257,True,0.9662613256084134,0.7206403458303896,0.12133759311074674,pyin_probability_below_0.5,-1.0046004390598717,False,-2.0000000000000004,-1.996592907367889
1.42,1.3773333333333333,1.4626666666666666,False,103.18106837793296,True,0.15046460134333878,-0.8000000000000008,0.04640659446185567,-26.66840602041102,1.415333333333333,-0.004666666666666819,102.84027947171087,True,0.9489148991427727,0.34078890622208746,0.057274248737718025,pyin_probability_below_0.5,-0.9405370946868437,False,-2.0000000000000004,-1.9325295629948602
1.43,1.3873333333333333,1.4726666666666666,False,103.18106837793296,True,0.04069733156888106,-0.8000000000000008,0.04790836918212368,-26.391772248568323,1.4253333333333331,-0.004666666666666819,103.33536197806627,True,0.9219957932363213,0.1542936001333146,-0.02586897162079374,pyin_probability_below_0.5,-0.85739387432833,False,-2.0000000000000004,-1.849386342636346
1.44,1.3973333333333333,1.4826666666666666,False,103.77879022636449,True,0.015085587297504338,-0.6999999999999982,0.04978908475003137,-26.05731714175907,1.435333333333333,-0.004666666666667041,104.10480343330285,True,0.8431889797250687,0.3260132069383559,-0.054300160687237156,pyin_probability_below_0.5,-0.7289626852618852,False,-1.8999999999999986,-1.7209551535699021
1.45,1.4073333333333333,1.4926666666666666,False,105.59281152631061,True,0.010140046044704068,-0.4000000000000008,0.051765413840369916,-25.719206193137538,1.445333333333333,-0.004666666666667041,105.25445462995619,True,0.7936104553257793,0.33835689635442634,0.05556396278857603,pyin_probability_below_0.5,-0.538826808737701,False,-1.6,-1.530819277045718
1.46,1.4173333333333333,1.5026666666666666,False,116.48775344855382,True,0.010824463728234167,1.2999999999999994,0.05363758966438394,-25.41061492922659,1.455333333333333,-0.004666666666667041,111.65090872288567,True,0.9041771304544942,4.8368447256681435,0.7341995600060438,pyin_probability_below_0.5,0.48253759404483265,False,0.10000000000000017,-0.5094548742631819
1.47,1.4273333333333333,1.5126666666666666,False,118.52392351256819,True,0.01646758759311301,1.6000000000000023,0.05476103937002479,-25.23056635013909,1.465333333333333,-0.004666666666667041,114.39228316860488,True,0.9402230065026388,4.131640343963312,0.6142626938474264,pyin_probability_below_0.5,0.9024744602034522,False,0.4000000000000011,-0.08951800810456415
1.48,1.4373333333333334,1.5226666666666666,False,121.29428889978496,True,0.010622609040911533,2.0000000000000004,0.06172620835645797,-24.19060799068926,1.475333333333333,-0.004666666666667041,117.67194134478355,True,0.9382087916963932,3.6223475550014115,0.5248952377792508,pyin_probability_below_0.5,1.3918419162716267,False,0.8000000000000002,0.3998494479636091
1.49,1.4473333333333334,1.5326666666666666,False,131.51052723924994,True,0.010622609040911533,3.4000000000000004,0.07222179178042842,-22.826634823667113,1.485333333333333,-0.004666666666667041,121.17312888913996,True,0.9791882518027955,10.337398350109979,1.4173018177192787,pyin_probability_below_0.5|pitch_difference_over_1_semitone,1.8994353363316014,False,2.200000000000003,0.9074428680235852
1.5,1.4573333333333334,1.5426666666666666,False,133.03860595958074,True,0.013100262550513393,3.6000000000000005,0.0791283404922161,-22.033358847115608,1.495333333333333,-0.004666666666667041,123.4915079058602,True,0.9601101286778666,9.547098053720532,1.2891974476093533,pyin_probability_below_0.5|pitch_difference_over_1_semitone,2.2275397064415237,False,2.399999999999998,1.235547238133507
1.51,1.4673333333333334,1.5526666666666666,False,133.80929076365396,True,0.03010686179419501,3.699999999999999,0.08518165332841485,-21.39307869533251,1.505333333333333,-0.004666666666667041,127.78209195684268,True,0.7506404174601442,6.027198806811285,0.7979115145512202,pyin_probability_below_0.5,2.8188256394996563,False,2.4999999999999987,1.826833171191641
1.52,1.4773333333333334,1.5626666666666666,False,134.5844400993791,True,0.04768699308253104,3.800000000000004,0.08939404220617483,-20.97382848833274,1.515333333333333,-0.004666666666667041,131.61467155425132,True,0.7465321318619411,2.9697685451277778,0.38629563459609895,pyin_probability_below_0.5,3.330441519454783,False,2.6000000000000005,2.3384490511467657
1.53,1.4873333333333334,1.5726666666666667,False,135.36407982952485,True,0.047686993082531035,3.9000000000000035,0.0935728898755695,-20.576999154049936,1.525333333333333,-0.004666666666667041,133.32155326310328,True,0.8634098327793515,2.0425265664215715,0.26321910967228335,pyin_probability_below_0.5,3.553518044378598,False,2.7000000000000033,2.561525576070582
1.54,1.4973333333333334,1.5826666666666667,False,135.36407982952485,True,0.056071395445892624,3.9000000000000035,0.10106483108864366,-19.907998910201997,1.535333333333333,-0.004666666666667041,134.77120851824256,True,0.9304068428222292,0.5928713112822948,0.07599160073266269,pyin_probability_below_0.5,3.7407455533182175,False,2.7000000000000033,2.748753085010201
1.55,1.5073333333333334,1.5926666666666667,False,136.14823596668148,True,0.05607139544589262,4.0,0.10470633287014275,-19.60054100875689,1.545333333333333,-0.004666666666667041,135.71152692628252,True,0.9790378142396916,0.4367090403989664,0.055620309717096,pyin_probability_below_0.5,3.8611168443337833,False,2.8000000000000003,2.8691243760257685
1.56,1.5173333333333334,1.6026666666666667,False,136.93693467412865,True,0.17653060863289763,4.099999999999998,0.10565819006720863,-19.521936661654003,1.555333333333333,-0.004666666666667041,136.38666685166578,True,0.9783029741990352,0.550267822462871,0.06970811683367238,pyin_probability_below_0.5,3.9470290372172037,False,2.9,2.955036568909189
1.57,1.5273333333333334,1.6126666666666667,False,136.93693467412865,True,0.48498680771591124,4.099999999999998,0.10620317433346763,-19.477250046464647,1.565333333333333,-0.004666666666667041,137.33432276004163,True,0.9742621868838541,0.39738808591297925,-0.050167288608829574,pyin_probability_below_0.5,4.066904442659707,False,2.9,3.0749119743516884
1.58,1.5373333333333334,1.6226666666666667,False,136.93693467412865,True,0.5485250542599847,4.099999999999998,0.1019364223368992,-19.833412258306744,1.575333333333333,-0.004666666666667041,137.8024694631451,True,0.9854370789899529,0.8655347890164364,-0.10908142277176988,,4.125818576822646,True,2.9,3.13382610851463
1.59,1.5473333333333332,1.6326666666666667,False,136.93693467412865,True,0.4849868077159113,4.099999999999998,0.09778260881822362,-20.194767600751366,1.585333333333333,-0.004666666666667041,138.05041992086888,True,0.9834628936190516,1.1134852467402254,-0.14020383671175746,pyin_probability_below_0.5,4.156940990762631,False,2.9,3.1649485224546163
1.6,1.5573333333333332,1.6426666666666667,False,136.93693467412865,True,0.15046460134333883,4.099999999999998,0.09672754002164981,-20.288997141588446,1.595333333333333,-0.004666666666667041,137.87367572052946,True,0.9745496338929862,0.9367410464008117,-0.11802486616980756,pyin_probability_below_0.5,4.134762020220682,False,2.9,3.1427695519126675
1.61,1.5673333333333332,1.6526666666666667,False,136.93693467412865,True,0.040697331568881064,4.099999999999998,0.0923772783600754,-20.688696743632455,1.605333333333333,-0.004666666666667041,136.98842391436077,True,0.9408679359927086,0.05148924023211521,-0.006508336968842166,pyin_probability_below_0.5,4.02324549101972,False,2.9,3.0312530227117005
1.62,1.5773333333333333,1.6626666666666667,False,136.93693467412865,True,0.015085587297504338,4.099999999999998,0.08827753418729312,-21.0829961254791,1.615333333333333,-0.004666666666667041,135.27665509871701,True,0.8890731245642457,1.6602795754116357,0.21118476684668336,pyin_probability_below_0.5,3.805552387204189,False,2.9,2.813559918896176
1.63,1.5873333333333333,1.6726666666666667,False,136.14823596668148,True,0.010824463728234167,4.0,0.08618349504769961,-21.29151795404752,1.625333333333333,-0.004666666666666819,132.82900516404322,True,0.9061876196920625,3.319230802638259,0.42729690221302485,pyin_probability_below_0.5,3.4894402518378516,False,2.8000000000000003,2.4974477835298363
1.64,1.5973333333333333,1.6826666666666668,False,133.80929076365396,True,0.010349055133375844,3.699999999999999,0.07904241317683051,-22.04279618283596,1.635333333333333,-0.004666666666666819,131.22481617695988,True,0.9375458738368285,2.5844745866940855,0.3376525600077353,pyin_probability_below_0.5,3.2790845940431423,False,2.4999999999999987,2.287092125735125
1.65,1.6073333333333333,1.6926666666666668,False,130.75308233882095,True,0.010824463728234167,3.3000000000000003,0.07490689482615534,-22.509564114064283,1.645333333333333,-0.004666666666666819,129.23964836706347,True,0.8977640137522019,1.513433971757479,0.20155471349778492,pyin_probability_below_0.5,3.015182440553091,False,2.0999999999999988,2.023189972245077
1.66,1.6173333333333333,1.7026666666666668,False,129.25125509628117,True,0.011853505394683413,3.1000000000000023,0.07264571566436837,-22.77579986907814,1.655333333333333,-0.004666666666666819,127.25234764165242,True,0.9209078119337482,1.9989074546287497,0.26983221013859304,pyin_probability_below_0.5,2.7469049439122837,False,1.9000000000000006,1.7549124756042693
1.67,1.6273333333333333,1.7126666666666666,False,127.76667781088264,True,0.011853505394683413,2.9,0.06980156183777794,-23.12269719511846,1.665333333333333,-0.004666666666666819,124.6927561572514,True,0.9058667404253882,3.0739216536312455,0.42160760284569,pyin_probability_below_0.5,2.395129551205189,False,1.6999999999999993,1.4031370828971728
1.68,1.6373333333333333,1.7226666666666666,False,125.57172276022992,True,0.012403124793551348,2.6000000000000005,0.06873625075840467,-23.256283205786392,1.6753333333333331,-0.004666666666666819,122.08921155083131,True,0.9200139955162522,3.4825112093986093,0.48691081762475097,pyin_probability_below_0.5,2.0298263364261233,False,1.4000000000000004,1.0378338681181072
1.69,1.6473333333333333,1.7326666666666666,False,123.4144757235675,True,0.011422334250709074,2.3000000000000003,0.06676270879615595,-23.509321015842282,1.6853333333333331,-0.004666666666666819,118.95927783884505,True,0.9132621435867061,4.455197884722452,0.6365259459976271,pyin_probability_below_0.5,1.5802112080532504,False,1.1000000000000019,0.5882187397452349
1.7,1.6573333333333333,1.7426666666666666,False,113.17157322849613,True,0.015085587297504338,0.8000000000000002,0.06299786097367635,-24.01348392619817,1.695333333333333,-0.004666666666667041,116.6232255271407,True,0.9619131701976719,3.451652298644575,-0.5201220811290279,pyin_probability_below_0.5,1.2368592351799041,False,-0.4000000000000008,0.2448667668718874
1.71,1.6673333333333333,1.7526666666666666,False,113.17157322849613,True,0.03010686179419501,0.8000000000000002,0.06019124793024491,-24.409333049237425,1.705333333333333,-0.004666666666667041,113.83272261422474,True,0.9288864901998043,0.6611493857286064,-0.10084457303175089,pyin_probability_below_0.5,0.8175817270826284,False,-0.4000000000000008,-0.1744107412253879
1.72,1.6773333333333333,1.7626666666666666,False,112.51975293079859,True,0.09203757081218102,0.699999999999998,0.058814345290534205,-24.61033466192103,1.715333333333333,-0.004666666666667041,111.20345424841926,True,0.9547916374273626,1.3162986823793261,0.20372025076112676,pyin_probability_below_0.5,0.4130169032897476,False,-0.5000000000000001,-0.578975565018267
1.73,1.6873333333333334,1.7726666666666666,False,111.2273533387383,True,0.20650679911775227,0.5000000000000008,0.05706253820904965,-24.872978286362816,1.725333333333333,-0.004666666666667041,110.33691247251254,True,0.9679989227102663,0.8904408662257595,0.1391532917274592,pyin_probability_below_0.5,0.27758386232341903,False,-0.6999999999999982,-0.7144086059845981
1.74,1.6973333333333334,1.7826666666666666,False,109.9497982220883,True,0.3721358982975087,0.2999999999999983,0.05427634428223807,-25.307788228174385,1.735333333333333,-0.004666666666667041,109.46671437744891,True,0.951285866078494,0.48308384463939547,0.07623241676988003,pyin_probability_below_0.5,0.1405047372809966,False,-0.9000000000000006,-0.8514877310270182
1.75,1.7073333333333334,1.7926666666666666,False,109.9497982220883,True,0.48498680771591124,0.2999999999999983,0.05255381123405643,-25.58791566392295,1.745333333333333,-0.004666666666667041,107.98420987738464,True,0.9468550079304516,1.9655883447036615,0.31229506338559543,pyin_probability_below_0.5,-0.09555790933471968,False,-0.9000000000000006,-1.0875503776427373
1.76,1.7173333333333334,1.8026666666666666,False,109.9497982220883,True,0.4260623290432814,0.2999999999999983,0.05159337976567993,-25.748120430900844,1.755333333333333,-0.004666666666667041,108.4310146960426,True,0.9582849812278904,1.5187835260457092,0.24080981405412225,pyin_probability_below_0.5,-0.024072660003247058,False,-0.9000000000000006,-1.0160651283112623
1.77,1.7273333333333334,1.8126666666666666,False,109.9497982220883,True,0.3721358982975087,0.2999999999999983,0.05072138159707942,-25.89617850480732,1.765333333333333,-0.004666666666667041,109.12071048039931,True,0.9913673451303143,0.8290877416889941,0.13104016505352187,pyin_probability_below_0.5,0.0856969889973537,False,-0.9000000000000006,-0.9062954793106619
1.78,1.7373333333333334,1.8226666666666667,False,111.87168684176291,True,0.1504646013433388,0.6000000000000013,0.051864484535842956,-25.702598681157227,1.775333333333333,-0.004666666666667041,109.5482500054355,True,0.9921515946881341,2.323436836327403,0.36334222341698275,pyin_probability_below_0.5,0.15339493063389525,False,-0.5999999999999991,-0.8385975376741208
1.79,1.7473333333333334,1.8326666666666667,False,115.14977748330686,True,0.06608151270920701,1.099999999999998,0.05484036729912396,-25.217992902796908,1.785333333333333,-0.004666666666667041,111.11410666786519,True,0.9841898408266252,4.0356708154416765,0.6176356231093404,pyin_probability_below_0.5,0.3991015309415342,False,-0.10000000000000259,-0.5928909373664818
1.8,1.7573333333333334,1.8426666666666667,False,117.84127594565435,True,0.04069733156888106,1.5000000000000004,0.05826104583132305,-24.692434474257674,1.795333333333333,-0.004666666666667041,112.66721622547107,True,0.9708308927398165,5.17405972018328,0.7773260847043425,pyin_probability_below_0.5,0.6394110693465316,False,0.2999999999999983,-0.35258139896148344
1.81,1.7673333333333334,1.8526666666666667,False,119.9011051661721,True,0.056071395445892624,1.800000000000001,0.06092099112885378,-24.304660794083468,1.805333333333333,-0.004666666666667041,115.84935596711094,True,0.9462081317528508,4.051749199061163,0.5951391915783173,pyin_probability_below_0.5,1.1215979624725636,False,0.6000000000000013,0.12960549416454503
1.82,1.7773333333333334,1.8626666666666667,False,121.29428889978496,True,0.10857977072874497,2.0000000000000004,0.06371852413725873,-23.914685839611323,1.815333333333333,-0.004666666666667041,119.55481842551832,True,0.9484167123137787,1.7394704742666391,0.25007216401969756,pyin_probability_below_0.5,1.6666649900311796,False,0.8000000000000002,0.6746725217231625
1.83,1.7873333333333334,1.8726666666666667,False,121.9969395672486,True,0.20650679911775227,2.0999999999999988,0.06736122726005692,-23.43180017974794,1.825333333333333,-0.004666666666667041,121.35239585852362,True,0.9591920717791892,0.6445437087249815,0.0917083765245559,pyin_probability_below_0.5,1.9250287775263217,False,0.8999999999999985,0.9330363092183056
1.84,1.7973333333333332,1.8826666666666667,False,122.70366064862014,True,0.3721358982975087,2.1999999999999993,0.06884148841877186,-23.242994967624206,1.835333333333333,-0.004666666666667041,122.27518679332776,True,0.9673533405292336,0.42847385529238124,0.06055945577033287,pyin_probability_below_0.5,2.056177698280542,False,0.9999999999999971,1.064185229972526
1.85,1.8073333333333332,1.8926666666666667,False,123.4144757235675,True,0.48498680771591135,2.3000000000000003,0.0692075943537249,-23.19692493024349,1.845333333333333,-0.004666666666667041,122.99556211577713,True,0.973130931983107,0.41891360779037257,0.05886433900868712,pyin_probability_below_0.5,2.1578728150421917,False,1.1000000000000019,1.1658803467341738
1.86,1.8173333333333332,1.9026666666666667,False,124.12940850835416,True,0.5485250542599845,2.4000000000000012,0.07096811365033702,-22.978734765405964,1.855333333333333,-0.004666666666667041,123.75325338015404,True,0.9871509859922803,0.376155128200125,0.05254204231667789,,2.2641951117342005,True,1.1999999999999993,1.272202643426183
1.87,1.8273333333333333,1.9126666666666667,False,124.84848285663055,True,0.6159498854580681,2.500000000000002,0.07226713055693,-22.821183781254003,1.865333333333333,-0.004666666666667041,124.37941072633885,True,0.9859642564202643,0.4690721302917069,0.0651672323372467,,2.3515699217136325,True,1.2999999999999994,1.3595774534056135
1.88,1.8373333333333333,1.9226666666666667,False,124.84848285663055,True,0.6860828109301792,2.500000000000002,0.07189843309642824,-22.86561148441188,1.875333333333333,-0.004666666666666819,125.39191151484263,True,0.9917682212325425,0.5434286582120791,-0.07519199109572715,,2.4919291451466057,True,1.2999999999999994,1.4999366768385876
1.89,1.8473333333333333,1.9326666666666668,False,125.57172276022992,True,0.6860828109301793,2.6000000000000005,0.0684356723292216,-23.294349235384324,1.885333333333333,-0.004666666666666819,126.24910750113402,True,0.9869990750388004,0.6773847409041025,-0.09313878880272516,,2.609875942853604,True,1.4000000000000004,1.617883474545585
1.9,1.8573333333333333,1.9426666666666668,False,125.57172276022992,True,0.7571601330199093,2.6000000000000005,0.06558108414152568,-23.66442816297308,1.895333333333333,-0.004666666666666819,126.90316685837904,True,0.9952731788703763,1.3314440981491202,-0.18259738456644856,,2.699334538617324,True,1.4000000000000004,1.7073420703093087
1.91,1.8673333333333333,1.9526666666666668,False,126.29915234996876,True,0.7571601330199093,2.7,0.06241489247198453,-24.094235467014933,1.905333333333333,-0.004666666666666819,127.10187342881777,True,0.9875892211434641,0.8027210788490038,-0.10968406365781921,,2.7264212177086957,True,1.5000000000000004,1.7344287494006803
1.92,1.8773333333333333,1.9626666666666666,False,126.29915234996876,True,0.6159498854580681,2.7,0.05926514357082836,-24.54401318351511,1.915333333333333,-0.004666666666666819,126.0797374151349,True,0.970444971946267,0.2194149348338641,0.03010225634283805,,2.586634897708038,True,1.5000000000000004,1.5946424294000234
1.93,1.8873333333333333,1.9726666666666666,False,125.57172276022992,True,0.48498680771591135,2.6000000000000005,0.053251624131778745,-25.473342841084794,1.9253333333333331,-0.004666666666666819,123.86877526831721,True,0.9565389087207856,1.7029474919127097,0.23638875887888758,pyin_probability_below_0.5,2.280348395171988,False,1.4000000000000004,1.2883559268639744
1.94,1.8973333333333333,1.9826666666666666,False,125.57172276022992,True,0.37213589829750876,2.6000000000000005,0.04808939907628225,-26.359012996467396,1.9353333333333331,-0.004666666666666819,120.56132380755072,True,0.9234670560813014,5.010398952679196,0.7049335175727853,pyin_probability_below_0.5,1.811803636478094,False,1.4000000000000004,0.8198111681700757
1.95,1.9073333333333333,1.9926666666666666,False,123.4144757235675,True,0.15046460134333883,2.3000000000000003,0.04351112507516971,-27.227993738594854,1.945333333333333,-0.004666666666667041,115.7873406807432,True,0.8892412132332803,7.627135042824307,1.104409137095699,pyin_probability_below_0.5|pitch_difference_over_1_semitone,1.1123280169551775,False,1.1000000000000019,0.12033554864716023
1.96,1.9173333333333333,2.002666666666667,False,122.70366064862014,True,0.056071395442233656,2.1999999999999993,0.039510169233621224,-28.065822202083325,1.955333333333333,-0.004666666666667041,114.23468983788749,True,0.8535685840875207,8.468970810732657,1.2381296050580195,pyin_probability_below_0.5|pitch_difference_over_1_semitone,0.8786075489928563,False,0.9999999999999971,-0.11338491931516154
1.97,1.9273333333333333,2.0126666666666666,False,119.21052561660726,True,0.012403124793551346,1.6999999999999993,0.03399124860568151,-29.372657642379455,1.965333333333333,-0.004666666666667041,114.39304474103267,True,0.7200568734281387,4.817480875574589,0.7141474364460993,pyin_probability_below_0.5,0.9025897176047802,False,0.5000000000000008,-0.08940275070323779
1.98,1.9373333333333334,2.022666666666667,False,120.59568520237023,True,0.010026724673810768,1.9000000000000006,0.029071731355173765,-30.730582064551783,1.975333333333333,-0.004666666666667041,,False,0.0,,,pyin_probability_below_0.5|voicing_disagreement,,False,0.7000000000000017,
1.99,1.9473333333333334,2.0326666666666666,False,124.84848285663055,True,0.0100000470079773,2.500000000000002,0.02526587984148022,-31.94931147185041,1.985333333333333,-0.004666666666667041,,False,0.0,,,pyin_probability_below_0.5|voicing_disagreement,,False,1.2999999999999994,
2.0,1.9573333333333334,2.042666666666667,False,124.84848285663055,True,0.010000000047726025,2.500000000000002,0.023259129020368745,-32.66813104471371,1.995333333333333,-0.004666666666667041,,False,0.0,,,pyin_probability_below_0.5|voicing_disagreement,,False,1.2999999999999994,
2.01,1.9673333333333334,2.0526666666666666,False,,False,0.010000000000001869,,0.023830147943140163,-32.45746522886612,2.005333333333333,-0.004666666666666597,,False,0.0,,,,,False,,
2.02,1.9773333333333334,2.062666666666667,False,,False,0.01000000928748663,,0.029355464695623522,-30.64622080741418,2.015333333333333,-0.004666666666667041,,False,0.0,,,,,False,,
2.03,1.9873333333333334,2.0726666666666667,False,135.36407982952485,True,0.010009025493342986,3.9000000000000035,0.03559922974637565,-28.97118797341757,2.025333333333333,-0.004666666666666597,,False,0.0,,,pyin_probability_below_0.5|voicing_disagreement,,False,2.7000000000000033,
2.04,1.9973333333333334,2.082666666666667,False,135.36407982952485,True,0.010824463728234169,3.9000000000000035,0.038719109619720485,-28.24149276471516,2.0353333333333334,-0.004666666666666597,,False,0.0,,,pyin_probability_below_0.5|voicing_disagreement,,False,2.7000000000000033,
2.05,2.0073333333333334,2.0926666666666667,False,133.03860595958074,True,0.015085587297504338,3.6000000000000005,0.041210418446163535,-27.699859513469814,2.0453333333333332,-0.004666666666666597,,False,0.0,,,pyin_probability_below_0.5|voicing_disagreement,,False,2.399999999999998,
2.06,2.017333333333333,2.1026666666666665,False,132.2723599733492,True,0.0229442191246386,3.4999999999999982,0.04495505882310733,-26.944428594592896,2.0553333333333335,-0.004666666666666597,135.47422496952998,True,0.5520154771843425,3.201864996180774,-0.4140812450713184,pyin_probability_below_0.5,3.8308183991221916,False,2.2999999999999963,2.838825930814178
2.07,2.0273333333333334,2.1126666666666667,False,131.51052723924994,True,0.0229442191246386,3.4000000000000004,0.047205340632516364,-26.520177283240987,2.0653333333333332,-0.004666666666666597,134.27389399915916,True,0.910020804395499,2.7633667599092178,-0.3600065794202845,pyin_probability_below_0.5,3.676743733471163,False,2.200000000000003,2.684751265163147
2.08,2.037333333333333,2.1226666666666665,False,131.51052723924994,True,0.02031762855636058,3.4000000000000004,0.04808171565631529,-26.360400883843006,2.075333333333333,-0.004666666666667041,132.4212836763008,True,0.9621756291114036,0.9107564370508499,-0.11948077097071916,pyin_probability_below_0.5,3.4362179250215976,False,2.200000000000003,2.444225456713584
2.09,2.0473333333333334,2.1326666666666667,False,130.75308233882095,True,0.030106861794195007,3.3000000000000003,0.048738436839223354,-26.24256807626596,2.0853333333333333,-0.004666666666666597,129.26295181446915,True,0.9487044729968374,1.4901305243517982,0.1984333737750663,pyin_probability_below_0.5,3.0183037802758106,False,2.0999999999999988,2.026311311967793
2.1,2.0573333333333332,2.1426666666666665,False,130.75308233882095,True,0.056071395445892624,3.3000000000000003,0.04544227615506254,-26.850798468112313,2.095333333333333,-0.004666666666667041,125.45199728977165,True,0.9088977380460713,5.301085049049291,0.7165142024565175,pyin_probability_below_0.5,2.5002229515943597,False,2.0999999999999988,1.508230483286341
2.11,2.0673333333333335,2.1526666666666667,False,129.25125509628117,True,0.022944219124638603,3.1000000000000023,0.04324300990019252,-27.281681697912546,2.1053333333333333,-0.004666666666666597,120.08154274689969,True,0.8511527114961257,9.169712349381484,1.2739664725705666,pyin_probability_below_0.5|pitch_difference_over_1_semitone,1.7427706814803114,False,1.9000000000000006,0.7507782131722949
2.12,2.0773333333333333,2.1626666666666665,False,125.57172276022992,True,0.01398021038018593,2.6000000000000005,0.04123301199551601,-27.695098792571393,2.115333333333333,-0.004666666666667041,113.48309331069753,True,0.7769451753837836,12.088629449532391,1.752410905885419,pyin_probability_below_0.5|pitch_difference_over_1_semitone,0.7643262481654578,False,1.4000000000000004,-0.2276662201425601
2.13,2.0873333333333335,2.1726666666666667,False,121.9969395672486,True,0.010349055133375843,2.0999999999999988,0.036417693790755545,-28.7737512013884,2.1253333333333333,-0.004666666666666597,109.67101492432835,True,0.585189600853591,12.325924642920256,1.8439520635326252,pyin_probability_below_0.5|pitch_difference_over_1_semitone,0.17278509051825122,False,0.8999999999999985,-0.8192073777897662
2.14,2.0973333333333333,2.1826666666666665,False,116.48775344855382,True,0.010009025493342988,1.2999999999999994,0.032567674082488035,-29.744265135248924,2.135333333333333,-0.004666666666667041,,False,0.0,,,pyin_probability_below_0.5|voicing_disagreement,,False,0.10000000000000017,
2.15,2.1073333333333335,2.1926666666666668,False,108.06092649856241,True,0.010000009287486634,0.0,0.02930051945764894,-30.662493602753482,2.1453333333333333,-0.004666666666666597,,False,0.0,,,pyin_probability_below_0.5|voicing_disagreement,,False,-1.2000000000000002,
2.16,2.1173333333333333,2.2026666666666666,False,108.06092649856241,True,0.01000000000061386,0.0,0.02658393840912466,-31.507613558427025,2.155333333333333,-0.004666666666667041,,False,0.0,,,pyin_probability_below_0.5|voicing_disagreement,,False,-1.2000000000000002,
2.17,2.1273333333333335,2.212666666666667,False,,False,0.010000000000006923,,0.024421630925849036,-32.24450672719605,2.1653333333333333,-0.004666666666666597,,False,0.0,,,,,False,,
2.18,2.1373333333333333,2.2226666666666666,False,,False,0.0100000000000754,,0.024465785083515493,-32.228816871763215,2.175333333333333,-0.004666666666667041,,False,0.0,,,,,False,,
2.19,2.1473333333333335,2.232666666666667,False,,False,0.010000000101429395,,0.025815825625791024,-31.76227962113517,2.1853333333333333,-0.004666666666666597,,False,0.0,,,,,False,,
2.2,2.1573333333333333,2.2426666666666666,False,97.3899599969843,True,0.010000002871100368,-1.799999999999999,0.02617575341503804,-31.64201618397792,2.195333333333333,-0.004666666666667041,,False,0.0,,,pyin_probability_below_0.5|voicing_disagreement,,False,-2.9999999999999987,
2.21,2.167333333333333,2.252666666666667,False,96.27134089862668,True,0.010013068846238976,-2.0000000000000004,0.02661732774215268,-31.496710957010613,2.2053333333333334,-0.004666666666666597,,False,0.0,,,pyin_probability_below_0.5|voicing_disagreement,,False,-3.2000000000000006,
2.22,2.1773333333333333,2.2626666666666666,False,96.82903510297565,True,0.010349055133375844,-1.8999999999999986,0.027163515331008203,-31.32028054197841,2.215333333333333,-0.004666666666667041,,False,0.0,,,pyin_probability_below_0.5|voicing_disagreement,,False,-3.0999999999999983,
2.23,2.187333333333333,2.272666666666667,False,96.82903510297565,True,0.012403124793551348,-1.8999999999999986,0.027587846692089055,-31.185643921723944,2.2253333333333334,-0.004666666666666597,,False,0.0,,,pyin_probability_below_0.5|voicing_disagreement,,False,-3.0999999999999983,
2.24,2.1973333333333334,2.2826666666666666,False,96.27134089862668,True,0.016467587593113005,-2.0000000000000004,0.027345311301091208,-31.262342564399702,2.235333333333333,-0.004666666666667041,97.04700496158075,True,0.9174486332247653,0.7756640629540783,-0.1389276570487012,pyin_probability_below_0.5,-1.944335188900422,False,-3.2000000000000006,-2.9363276572084387
2.25,2.207333333333333,2.292666666666667,False,96.27134089862668,True,0.0229442191246386,-2.0000000000000004,0.02784772870129799,-31.104204413911702,2.2453333333333334,-0.004666666666666597,96.97348299124363,True,0.9656340814315615,0.7021420926169526,-0.1258070071794469,pyin_probability_below_0.5,-1.9574558387696757,False,-3.2000000000000006,-2.9494483070776925
2.26,2.2173333333333334,2.3026666666666666,False,96.27134089862668,True,0.20650679911775227,-2.0000000000000004,0.02786178355403819,-31.0998217188412,2.255333333333333,-0.004666666666666597,95.57194082973379,True,0.8784970333161188,0.699400068892885,0.12623122026338685,pyin_probability_below_0.5,-2.2094940662125087,False,-3.2000000000000006,-3.201486534520525
2.27,2.227333333333333,2.312666666666667,False,95.71685877653417,True,0.17653060863289755,-2.0999999999999996,0.025714012961173455,-31.79660283050776,2.2653333333333334,-0.004666666666666597,93.09290540326299,True,0.8599976380825122,2.6239533732711777,0.4812219249549389,pyin_probability_below_0.5,-2.664484770904062,False,-3.299999999999999,-3.6564772392120783
2.28,2.2373333333333334,2.3226666666666667,False,94.61745688474217,True,0.20650679911775227,-2.3000000000000016,0.023386224107918036,-32.62079785665292,2.275333333333333,-0.004666666666666597,91.71601931582893,True,0.9554460055264064,2.901437568913238,0.5391917373784715,pyin_probability_below_0.5,-2.9224545833275957,False,-3.500000000000001,-3.9144470516356122
2.29,2.247333333333333,2.332666666666667,False,92.9919856082918,True,0.2796051653363589,-2.599999999999998,0.02191492324732732,-33.18520092075311,2.2853333333333334,-0.004666666666666597,91.7211398260705,True,0.9921014156871609,1.2708457822213006,0.23822521546736558,pyin_probability_below_0.5,-2.921488061416487,False,-3.8,-3.913480529724504
2.3,2.2573333333333334,2.3426666666666667,False,94.07250043362458,True,0.010140046044704068,-2.399999999999998,0.02356176117353035,-32.55584500829349,2.2953333333333332,-0.004666666666666597,91.56668187677347,True,0.9956271829323523,2.5058185568511107,0.46740368698684986,pyin_probability_below_0.5,-2.9506665329359727,False,-3.5999999999999988,-3.942659001243988
2.31,2.267333333333333,2.3526666666666665,False,,False,0.0100000470079773,,0.0293880959108756,-30.636571029271302,2.3053333333333335,-0.004666666666666597,92.5825582338365,True,0.9686339067497581,,,voicing_disagreement,-2.7596543322689477,False,,-3.7516468005769643
2.32,2.2773333333333334,2.3626666666666667,False,,False,0.010052967545965855,,0.03702790475893232,-28.62941724017695,2.3153333333333332,-0.004666666666666597,93.85991998028149,True,0.979278236863595,,,voicing_disagreement,-2.522428698775106,False,,-3.5144211670831216
2.33,2.287333333333333,2.3726666666666665,False,,False,0.011085791888943373,,0.04299015599097301,-27.332619580611297,2.3253333333333335,-0.004666666666666597,97.96830813893949,True,0.7943734531711799,,,voicing_disagreement,-1.7807579527367916,False,,-2.7727504210448077
2.34,2.2973333333333334,2.3826666666666667,False,,False,0.022944219124638603,,0.04691887595575073,-26.573048018113276,2.3353333333333333,-0.004666666666666597,106.52730552409388,True,0.5150197154176529,,,voicing_disagreement,-0.33072301929784204,False,,-1.3227154876058576
2.35,2.3073333333333332,2.3926666666666665,False,,False,0.03489742801962526,,0.049431287892167934,-26.11996148401716,2.345333333333333,-0.004666666666667041,110.07970446524537,True,0.7807581210415258,,,voicing_disagreement,0.23717969786654522,False,,-0.754812770441472
2.36,2.3173333333333335,2.4026666666666667,False,,False,0.020317628556360583,,0.05183786189976448,-25.70705839285865,2.3553333333333333,-0.004666666666666597,108.62516427708084,True,0.8888763452409222,,,voicing_disagreement,0.006897981471709441,False,,-0.9850944868363055
2.37,2.3273333333333333,2.4126666666666665,False,,False,0.011853505394683413,,0.05381390806243314,-25.382109351294805,2.365333333333333,-0.004666666666667041,107.06364499138601,True,0.9127722093835775,,,voicing_disagreement,-0.24377822159093665,False,,-1.2357706898989544
2.38,2.3373333333333335,2.4226666666666667,False,,False,0.010191075496968311,,0.05481475233421385,-25.22205087588713,2.3753333333333333,-0.004666666666666597,105.54331769029812,True,0.8969723450258241,,,voicing_disagreement,-0.4913794497735072,False,,-1.4833719180815241
2.39,2.3473333333333333,2.4326666666666665,False,,False,0.01010197459374499,,0.054997990837645165,-25.193063513410358,2.385333333333333,-0.004666666666667041,103.51347444699546,True,0.8499676356311873,,,voicing_disagreement,-0.827579401855318,False,,-1.8195718701633348
2.4,2.3573333333333335,2.4426666666666668,False,,False,0.010037765502929688,,0.05138131335147343,-25.783895979592003,2.3953333333333333,-0.004666666666666597,100.2399042753332,True,0.8642707289561466,,,voicing_disagreement,-1.383919020235086,False,,-2.3759114885431005
2.41,2.3673333333333333,2.4526666666666666,False,,False,0.010009025493342984,,0.04560347825244546,-26.820040634327604,2.405333333333333,-0.004666666666667041,98.0646185538076,True,0.8830352544062045,,,voicing_disagreement,-1.7637469448691254,False,,-2.755739413177141
2.42,2.3773333333333335,2.462666666666667,False,,False,0.010349055133375843,,0.04021313924857088,-27.912640445370368,2.4153333333333333,-0.004666666666666597,95.82983012923673,True,0.8656156843745539,,,voicing_disagreement,-2.1628417281357764,False,,-3.1548341964437943
2.43,2.3873333333333333,2.4726666666666666,False,,False,0.010824463728234167,,0.03570910696630549,-28.944420215105602,2.425333333333333,-0.004666666666667041,92.9892932944628,True,0.7232827778514956,,,voicing_disagreement,-2.6837640819229116,False,,-3.675756550230927
2.44,2.3973333333333335,2.482666666666667,False,,False,0.010824463728234169,,0.03188850393205595,-29.92731710921027,2.4353333333333333,-0.004666666666666597,,False,0.0,,,,,False,,
2.45,2.4073333333333333,2.4926666666666666,False,,False,0.010622609040911533,,0.027546152873985374,-31.19878093244413,2.445333333333333,-0.004666666666667041,,False,0.0,,,,,False,,
2.46,2.417333333333333,2.502666666666667,False,,False,0.011085791888943373,,0.02289100159245034,-32.80670408835468,2.4553333333333334,-0.004666666666666597,,False,0.0,,,,,False,,
2.47,2.4273333333333333,2.5126666666666666,False,,False,0.01508558729750434,,0.017764362412855214,-35.00900750629951,2.465333333333333,-0.004666666666667041,,False,0.0,,,,,False,,
2.48,2.437333333333333,2.522666666666667,False,,False,0.010001873046012551,,0.007900707060799508,-42.04668080998179,2.4753333333333334,-0.004666666666666597,,False,0.0,,,,,False,,
2.49,2.4473333333333334,2.5326666666666666,False,,False,0.010000027850262284,,0.004792902621725972,-46.38802789117062,2.485333333333333,-0.004666666666667041,,False,0.0,,,,,False,,
2.5,2.457333333333333,2.542666666666667,False,,False,0.0100028158258111,,0.0034236714699924947,-49.31015832390933,2.4953333333333334,-0.004666666666666597,,False,0.0,,,,,False,,
2.51,2.4673333333333334,2.5526666666666666,False,,False,0.01010197459374499,,0.002839904688001023,-50.93392470729745,2.505333333333333,-0.004666666666666597,,False,0.0,,,,,False,,
2.52,2.477333333333333,2.562666666666667,False,,False,0.010191075496968311,,0.0020808094553502322,-53.635353746836714,2.5153333333333334,-0.004666666666666597,,False,0.0,,,,,False,,
2.53,2.4873333333333334,2.5726666666666667,False,,False,0.010095715825068997,,0.0015386562771807749,-56.25716774107094,2.525333333333333,-0.004666666666666597,,False,0.0,,,,,False,,
2.54,2.497333333333333,2.582666666666667,False,,False,0.010467038822471396,,0.0011057508248562703,-59.12685455975694,2.5353333333333334,-0.004666666666666597,,False,0.0,,,,,False,,
2.55,2.5073333333333334,2.5926666666666667,False,,False,0.011422334250709074,,0.000896691610381192,-60.9471378712915,2.5453333333333332,-0.004666666666666597,,False,0.0,,,,,False,,
2.56,2.517333333333333,2.6026666666666665,False,,False,0.012403124793551348,,0.0007695591857758081,-62.27515947071417,2.5553333333333335,-0.004666666666666597,,False,0.0,,,,,False,,
2.57,2.5273333333333334,2.6126666666666667,False,,False,0.011853505394683415,,0.0007101328496559025,-62.97320794180571,2.5653333333333332,-0.004666666666666597,,False,0.0,,,,,False,,
2.58,2.537333333333333,2.6226666666666665,False,,False,0.010018687548691563,,0.0005870554873449266,-64.62641696282147,2.5753333333333335,-0.004666666666666597,,False,0.0,,,,,False,,
2.59,2.5473333333333334,2.6326666666666667,False,,False,0.010191075496968311,,0.0004852588344045388,-66.28053098594431,2.5853333333333333,-0.004666666666666597,,False,0.0,,,,,False,,
2.6,2.5573333333333332,2.6426666666666665,False,,False,0.010021076770298757,,0.00046326171697462645,-66.6834717508959,2.595333333333333,-0.004666666666667041,,False,0.0,,,,,False,,
2.61,2.5673333333333335,2.6526666666666667,False,,False,0.010043985221326898,,0.00045614477831317277,-66.81794584657504,2.6053333333333333,-0.004666666666666597,,False,0.0,,,,,False,,
2.62,2.5773333333333333,2.6626666666666665,False,,False,0.01002672467381077,,0.00047287414709795694,-66.50508858032224,2.615333333333333,-0.004666666666667041,,False,0.0,,,,,False,,
2.63,2.5873333333333335,2.6726666666666667,False,,False,0.01000000000061386,,0.0008292742454123445,-61.62603644392688,2.6253333333333333,-0.004666666666666597,,False,0.0,,,,,False,,
2.64,2.5973333333333333,2.6826666666666665,False,,False,0.01001876450976914,,0.006846649378489111,-43.29043824150378,2.635333333333333,-0.004666666666667041,,False,0.0,,,,,False,,
2.65,2.6073333333333335,2.6926666666666668,False,,False,0.010001873046012551,,0.011846677660457319,-38.528068564444176,2.6453333333333333,-0.004666666666666597,,False,0.0,,,,,False,,
2.66,2.6173333333333333,2.7026666666666666,False,96.82903510297565,True,0.010191075496968311,-1.8999999999999986,0.015605724831289386,-36.134321101435674,2.655333333333333,-0.004666666666667041,,False,0.0,,,pyin_probability_below_0.5|voicing_disagreement,,False,-3.0999999999999983,
2.67,2.6273333333333335,2.712666666666667,False,95.16557023646565,True,0.01010197459374499,-2.1999999999999997,0.018868220360226576,-34.4853812062206,2.6653333333333333,-0.004666666666666597,,False,0.0,,,pyin_probability_below_0.5|voicing_disagreement,,False,-3.3999999999999986,
2.68,2.6373333333333333,2.7226666666666666,False,94.61745688474217,True,0.011422334250709073,-2.3000000000000016,0.021413396524774503,-33.38628881667655,2.675333333333333,-0.004666666666667041,95.39688849952655,True,0.5559210020368314,0.7794316147843858,-0.14202992053438396,pyin_probability_below_0.5,-2.2412329254147423,False,-3.500000000000001,-3.2332253937227584
2.69,2.6473333333333335,2.732666666666667,False,93.53068270070331,True,0.010622609040911533,-2.499999999999999,0.023116258613627944,-32.72164910999707,2.6853333333333333,-0.004666666666666597,96.50535623290607,True,0.7188657234390081,2.9746735322027575,-0.5420315857403033,pyin_probability_below_0.5,-2.0412312602088187,False,-3.6999999999999984,-3.033223728516834
2.7,2.6573333333333333,2.7426666666666666,False,93.53068270070331,True,0.011085791888943373,-2.499999999999999,0.02452619222009181,-32.207397446933896,2.695333333333333,-0.004666666666667041,95.79733651707303,True,0.6742185132169571,2.2666538163697254,-0.4145499201873901,pyin_probability_below_0.5,-2.1687129257617315,False,-3.6999999999999984,-3.1607053940697467
2.71,2.667333333333333,2.752666666666667,False,92.9919856082918,True,0.013100262550513393,-2.599999999999998,0.026228017832409075,-31.62469059457878,2.7053333333333334,-0.004666666666666597,93.25400265145956,True,0.8989309486301786,0.2620170431677593,-0.04871118353389423,pyin_probability_below_0.5,-2.6345516624152276,False,-3.8,-3.6265441307232456
2.72,2.6773333333333333,2.7626666666666666,False,92.9919856082918,True,0.020317628556360583,-2.599999999999998,0.027362394280492995,-31.256918067904426,2.715333333333333,-0.004666666666667041,93.02526311422163,True,0.8570663491274998,0.033277505929831364,-0.006194173104266416,pyin_probability_below_0.5,-2.677068672844856,False,-3.8,-3.669061141152872
2.73,2.687333333333333,2.772666666666667,False,92.4563911828233,True,0.0779752376229482,-2.699999999999999,0.027136418561574734,-31.328949413246256,2.7253333333333334,-0.004666666666666597,91.44510813797845,True,0.8728988345769781,1.0112830448448449,0.19040467801775124,pyin_probability_below_0.5,-2.973667523966873,False,-3.8999999999999986,-3.9656599922748907
2.74,2.6973333333333334,2.7826666666666666,False,91.92388155425118,True,0.09203757081218102,-2.8,0.026762914692383274,-31.44933180471635,2.735333333333333,-0.004666666666667041,91.56272071675717,True,0.9663240024846184,0.36116083749401184,0.06815263226794296,pyin_probability_below_0.5,-2.951415478217065,False,-3.999999999999999,-3.943407946525082
2.75,2.707333333333333,2.792666666666667,False,91.39443895545271,True,0.10857977072874496,-2.8999999999999995,0.026365026057478185,-31.57943590207731,2.7453333333333334,-0.004666666666666597,91.83498723799126,True,0.9337540159715133,0.4405482825385434,-0.08325012772508827,pyin_probability_below_0.5,-2.9000127182240343,False,-4.1,-3.892005186532052
2.76,2.7173333333333334,2.8026666666666666,False,91.39443895545271,True,0.047686993082531035,-2.8999999999999995,0.027557298322318343,-31.195267245609447,2.755333333333333,-0.004666666666666597,91.84981793055573,True,0.869634366723913,0.4553789751030166,-0.08604572096657495,pyin_probability_below_0.5,-2.8972171249825487,False,-4.1,-3.889209593290564
2.77,2.727333333333333,2.812666666666667,False,91.92388155425118,True,0.034897428019625254,-2.8,0.028442577374313695,-30.920621035972538,2.7653333333333334,-0.004666666666666597,90.85527201001155,True,0.8070886869933882,1.068609544239635,0.20243384116140428,pyin_probability_below_0.5,-3.085696687110526,False,-3.999999999999999,-4.07768915541854
2.78,2.7373333333333334,2.8226666666666667,False,92.4563911828233,True,0.01646758759311301,-2.699999999999999,0.030132268660268486,-30.419363380774747,2.775333333333333,-0.004666666666666597,90.41903413925328,True,0.8656914467425244,2.0373570435700117,0.38575853612915145,pyin_probability_below_0.5,-3.1690213820782707,False,-3.8999999999999986,-4.161013850386288
2.79,2.747333333333333,2.832666666666667,False,93.53068270070331,True,0.011853505394683413,-2.499999999999999,0.03202195067420106,-29.89104431576871,2.7853333333333334,-0.004666666666666597,91.50472200897521,True,0.7950265018999723,2.025960691728102,0.3791222879946462,pyin_probability_below_0.5,-2.9623851339437675,False,-3.6999999999999984,-3.9543776022517845
2.8,2.7573333333333334,2.8426666666666667,False,94.61745688474217,True,0.018187375734912185,-2.3000000000000016,0.03314066014185776,-29.59277689895484,2.7953333333333332,-0.004666666666666597,92.93320808400233,True,0.783588545472065,1.6842488007398373,0.310946085652931,pyin_probability_below_0.5,-2.6942089316020574,False,-3.500000000000001,-3.6862013999100727
2.81,2.767333333333333,2.8526666666666665,False,95.16557023646565,True,0.034897428019625254,-2.1999999999999997,0.03448314212450976,-29.24786335743244,2.8053333333333335,-0.004666666666666597,93.55195548709447,True,0.8267375732712096,1.6136147493711803,0.29606289791138607,pyin_probability_below_0.5,-2.5793257438605077,False,-3.3999999999999986,-3.5713182121685243
2.82,2.7773333333333334,2.8626666666666667,False,95.71685877653417,True,0.015085587297504336,-2.0999999999999996,0.03667529362620682,-28.71252800928138,2.8153333333333332,-0.004666666666666597,95.07493214065707,True,0.8504798325192302,0.6419266358770983,0.11649656803032807,pyin_probability_below_0.5,-2.2997594139794515,False,-3.299999999999999,-3.291751882287468
2.83,2.787333333333333,2.8726666666666665,False,97.3899599969843,True,0.010191075496968313,-1.799999999999999,0.03873177550390792,-28.23865188115326,2.8253333333333335,-0.004666666666666597,95.54461062398902,True,0.9116933888308024,1.8453493729952868,0.3311826473078775,pyin_probability_below_0.5,-2.2144454932569997,False,-2.9999999999999987,-3.2064379615650163
2.84,2.7973333333333334,2.8826666666666667,False,99.09230651162453,True,0.010001873046012551,-1.5000000000000004,0.040615803793525675,-27.826098951688355,2.8353333333333333,-0.004666666666666597,95.66708126673264,True,0.9138881387812466,3.425225244891891,0.6090056168526904,pyin_probability_below_0.5,-2.1922684628018123,False,-2.700000000000001,-3.184260931109828
2.85,2.8073333333333332,2.8926666666666665,False,99.66634240352404,True,0.01000012784523254,-1.3999999999999984,0.041375590934678914,-27.665115809780684,2.845333333333333,-0.004666666666667041,97.19981691482099,True,0.776854821789201,2.4665254887030557,0.4338334611437145,pyin_probability_below_0.5,-1.9170963070928364,False,-2.6000000000000005,-2.9090887754008516
2.86,2.8173333333333335,2.9026666666666667,False,101.40847938173854,True,0.010000802780927253,-1.1000000000000019,0.04122684674471174,-27.696397623032535,2.8553333333333333,-0.004666666666666597,100.42396491502969,True,0.7941461392782396,0.984514466708859,0.16889638243218363,pyin_probability_below_0.5,-1.3521592283813093,False,-2.3000000000000016,-2.344151696689324
2.87,2.8273333333333333,2.9126666666666665,False,103.77879022636449,True,0.010000328604501662,-0.6999999999999982,0.04229627254465425,-27.47395808257807,2.865333333333333,-0.004666666666667041,103.45054973213362,True,0.7960572837130063,0.32824049423086876,0.054843739331952454,pyin_probability_below_0.5,-0.8381065852810725,False,-1.8999999999999986,-1.8300990535890893
2.88,2.8373333333333335,2.9226666666666667,False,108.06092649856241,True,0.010001873046012551,0.0,0.04358484010133518,-27.21329085922431,2.8753333333333333,-0.004666666666666597,107.55168721612772,True,0.7381319032506775,0.5092392824346916,0.0817775925967517,pyin_probability_below_0.5,-0.1650404385458753,False,-1.2000000000000002,-1.1570329068538916
2.89,2.8473333333333333,2.9326666666666665,False,108.06092649856241,True,0.010004191052795272,0.0,0.04527659470030785,-26.882524886607293,2.885333333333333,-0.004666666666667041,110.09257619860405,True,0.7066609184800802,2.0316497000416405,-0.32246677529651124,pyin_probability_below_0.5,0.23920392934738668,False,-1.2000000000000002,-0.7527885389606288
2.9,2.8573333333333335,2.9426666666666668,False,115.14977748330686,True,0.01002672467381077,1.099999999999998,0.04691278520189254,-26.574175646362555,2.8953333333333333,-0.004666666666666597,109.54992230649582,True,0.7825511580197261,5.599855176811047,0.8630779451251602,pyin_probability_below_0.5,0.15365920892571303,False,-0.10000000000000259,-0.8383332593823035
2.91,2.8673333333333333,2.9526666666666666,False,118.52392351256819,True,0.012403124793551348,1.6000000000000023,0.04945945143722596,-26.115014095566774,2.905333333333333,-0.004666666666667041,115.67247344934253,True,0.9042549084110937,2.8514500632256556,0.4215924290806126,pyin_probability_below_0.5,1.0951447249702615,False,0.4000000000000011,0.10315225666224592
2.92,2.8773333333333335,2.962666666666667,False,121.29428889978496,True,0.013100262550513397,2.0000000000000004,0.05784764749517333,-24.75428595832036,2.9153333333333333,-0.004666666666666597,117.90277738086574,True,0.9379270932891357,3.3915115189192164,0.49096703567979616,pyin_probability_below_0.5,1.42577011837108,False,0.8000000000000002,0.4337776500630652
2.93,2.8873333333333333,2.9726666666666666,False,122.70366064862014,True,0.010622609040911533,2.1999999999999993,0.06922605682930817,-23.194608108792316,2.925333333333333,-0.004666666666667041,118.96413624865811,True,0.958570765170209,3.7395243999620362,0.5358189080185269,pyin_probability_below_0.5,1.5809182460323479,False,0.9999999999999971,0.5889257777243316
2.94,2.8973333333333335,2.982666666666667,False,122.70366064862014,True,0.013980210380185926,2.1999999999999993,0.07845652015240775,-22.107419168106762,2.9353333333333333,-0.004666666666666597,119.8654894592261,True,0.9801283353684878,2.8381711893940462,0.4051432623544844,pyin_probability_below_0.5,1.7115938916963929,False,0.9999999999999971,0.7196014233883749
2.95,2.9073333333333333,2.9926666666666666,False,122.70366064862014,True,0.01646758759311301,2.1999999999999993,0.08424395592544856,-21.489224955099367,2.945333333333333,-0.004666666666667041,121.14487892968835,True,0.8525756941305775,1.5587817189317974,0.2213384382205054,pyin_probability_below_0.5,1.8953987158303685,False,0.9999999999999971,0.9034062475223515
2.96,2.917333333333333,3.002666666666667,False,121.9969395672486,True,0.016467587593113005,2.0999999999999988,0.08922051825568034,-20.990705167969978,2.9553333333333334,-0.004666666666666597,125.88134162998213,True,0.6427274023609547,3.8844020627335283,-0.542634040014182,pyin_probability_below_0.5,2.559371194065058,False,0.8999999999999985,1.5673787257570433
2.97,2.9273333333333333,3.0126666666666666,False,121.29428889978496,True,0.010349055133375844,2.0000000000000004,0.09502785349209292,-20.442981611079386,2.965333333333333,-0.004666666666667041,125.60926263743323,True,0.6562015244612392,4.314973737648273,-0.6051747797703038,pyin_probability_below_0.5,2.5219119338211797,False,0.8000000000000002,1.5299194655131658
2.98,2.937333333333333,3.022666666666667,False,121.29428889978496,True,0.010052967545965857,2.0000000000000004,0.09836413632667701,-20.14326433919495,2.9753333333333334,-0.004666666666666597,122.44541742299805,True,0.7733323020473267,1.1511285232130888,-0.16352589746400242,pyin_probability_below_0.5,2.080263051514879,False,0.8000000000000002,1.088270583206862
2.99,2.9473333333333334,3.0326666666666666,False,120.59568520237023,True,0.010006178555334078,1.9000000000000006,0.09876634333925588,-20.107820499393686,2.985333333333333,-0.004666666666667041,120.28427114224637,True,0.8488775094397426,0.31141406012386597,0.044763452533804766,pyin_probability_below_0.5,1.771973701517073,False,0.7000000000000017,0.7799812332090598
3.0,2.957333333333333,3.042666666666667,False,119.21052561660726,True,0.010013068846238975,1.6999999999999993,0.09824523472858702,-20.1537701078586,2.9953333333333334,-0.004666666666666597,118.62421649286857,True,0.8637498797738782,0.5863091237386868,0.08535677887028739,pyin_probability_below_0.5,1.5313803751805888,False,0.5000000000000008,0.5393879068725744
3.01,2.9673333333333334,3.0526666666666666,False,118.52392351256819,True,0.010073751764282884,1.6000000000000023,0.09322224635969419,-20.609608723227375,3.005333333333333,-0.004666666666666597,116.69835863157178,True,0.8895139310517224,1.82556488099641,0.26872824375042326,pyin_probability_below_0.5,1.248008910300455,False,0.4000000000000011,0.25601644199243806
3.02,2.977333333333333,3.062666666666667,False,117.16256013940793,True,0.010259050559778864,1.4000000000000004,0.08680536411649185,-21.229068737435025,3.0153333333333334,-0.004666666666666597,115.57055362964724,True,0.8878821163170455,1.5920065097606937,0.23685317668330103,pyin_probability_below_0.5,1.079883977367575,False,0.20000000000000068,0.08789150905956065
3.03,2.9873333333333334,3.0726666666666667,False,115.81683335824411,True,0.010824463728234169,1.1999999999999993,0.07782787081838284,-22.177297012629577,3.025333333333333,-0.004666666666666597,114.14946513918721,True,0.8055109814586383,1.6673682190568968,0.2510502831212376,pyin_probability_below_0.5,0.865686870929639,False,0.0,-0.12630559737837832
3.04,2.997333333333333,3.082666666666667,False,115.14977748330686,True,0.010824463728234167,1.099999999999998,0.07086637738650829,-22.991195346818788,3.0353333333333334,-0.004666666666666597,111.91648740913485,True,0.8183164740206609,3.233290074172018,0.4930684211578581,pyin_probability_below_0.5,0.5236687328930177,False,-0.10000000000000259,-0.46832373541499933
3.05,3.0073333333333334,3.0926666666666667,False,113.82716948276507,True,0.01019107549696831,0.8999999999999985,0.06456008604379092,-23.80071798941281,3.0453333333333332,-0.004666666666666597,109.61256509135312,True,0.852298133037233,4.214604391411953,0.6531812400535693,pyin_probability_below_0.5,0.1635559139973084,False,-0.30000000000000004,-0.8284365543107091
3.06,3.017333333333333,3.1026666666666665,False,111.2273533387383,True,0.01019107549696831,0.5000000000000008,0.0591433206000607,-24.561885913479603,3.0553333333333335,-0.004666666666666597,107.32354867809283,True,0.8641844595456994,3.903804660645463,0.6185395164838772,pyin_probability_below_0.5,-0.20180236243300004,False,-0.6999999999999982,-1.1937948307410156
3.07,3.0273333333333334,3.1126666666666667,False,108.68691707750624,True,0.010349055133375844,0.100000000000004,0.052583699832781626,-25.58297719668471,3.0653333333333332,-0.004666666666666597,105.5120397768823,True,0.869560518033052,3.1748773006239333,0.5132479011044453,pyin_probability_below_0.5,-0.496510747053564,False,-1.0999999999999979,-1.4885032153615807
3.08,3.037333333333333,3.1226666666666665,False,106.81974089615274,True,0.010467533617069905,-0.19999999999999973,0.0475771390039221,-26.452033546171446,3.0753333333333335,-0.004666666666666597,102.99693459014352,True,0.8972969820047174,3.8228063060092126,0.6309226748894452,pyin_probability_below_0.5,-0.9141855208385665,False,-1.4000000000000004,-1.9061779891465838
3.09,3.0473333333333334,3.1326666666666667,False,101.99593272657759,True,0.011853505394683413,-0.9999999999999994,0.044214461974538634,-27.088713106931802,3.0853333333333333,-0.004666666666666597,100.5596200310738,True,0.9205516424635365,1.436312695503787,0.24552623590484565,pyin_probability_below_0.5,-1.328789081853969,False,-2.1999999999999997,-2.3207815501619855
3.1,3.0573333333333332,3.1426666666666665,False,99.66634240352404,True,0.03489742801962527,-1.3999999999999984,0.04226552152861837,-27.480275354964427,3.0953333333333335,-0.004666666666666597,98.69711777360186,True,0.9239494752996453,0.9692246299221807,0.1691811619319695,pyin_probability_below_0.5,-1.65244400788109,False,-2.6000000000000005,-2.6444364761891066
3.11,3.0673333333333335,3.1526666666666667,False,98.52157682317586,True,0.1765306086328976,-1.6000000000000023,0.040776686770694306,-27.79176129732793,3.1053333333333333,-0.004666666666666597,97.45278536446608,True,0.9603538216801211,1.0687914587097822,0.18883556902287985,pyin_probability_below_0.5,-1.8720984149720077,False,-2.800000000000002,-2.864090883280023
3.12,3.0773333333333333,3.1626666666666665,False,97.95413429584742,True,0.37213589829750865,-1.7000000000000013,0.039935900740164926,-27.972730315241595,3.115333333333333,-0.004666666666667041,97.2220319674485,True,0.9913594263971985,0.7321023283989234,0.1298771716732602,pyin_probability_below_0.5,-1.913140017622385,False,-2.900000000000002,-2.9051324859304004
3.13,3.0873333333333335,3.1726666666666667,False,97.95413429584742,True,0.48498680771591124,-1.7000000000000013,0.03884587979318026,-28.21310076144597,3.1253333333333333,-0.004666666666666597,97.39200336729697,True,0.9767434420747562,0.5621309285504594,0.09963676798414076,pyin_probability_below_0.5,-1.882899613933266,False,-2.900000000000002,-2.8748920822412813
3.14,3.0973333333333333,3.1826666666666665,False,97.95413429584742,True,0.42606232904328145,-1.7000000000000013,0.03815641909998358,-28.368647793661566,3.135333333333333,-0.004666666666667041,97.6253217940127,True,0.9689778464827277,0.3288125018347188,0.058211833353866885,pyin_probability_below_0.5,-1.841474679302991,False,-2.900000000000002,-2.833467147611008
3.15,3.1073333333333335,3.1926666666666668,False,97.95413429584742,True,0.42606232904328145,-1.7000000000000013,0.03815483632992625,-28.36900810135052,3.1453333333333333,-0.004666666666666597,97.9100086559036,True,0.96137824333625,0.04412563994382879,0.007800489711774085,pyin_probability_below_0.5,-1.7910633356608963,False,-2.900000000000002,-2.7830558039689137
3.16,3.1173333333333333,3.2026666666666666,False,98.52157682317586,True,0.4260623290432814,-1.6000000000000023,0.0383299786839412,-28.329228445306534,3.155333333333333,-0.004666666666667041,98.12760837760219,True,0.9654300531711805,0.3939684455736767,0.06936743714899135,pyin_probability_below_0.5,-1.7526302830981166,False,-2.800000000000002,-2.7446227514061317
3.17,3.1273333333333335,3.212666666666667,False,98.52157682317586,True,0.3233360583906409,-1.6000000000000023,0.03845445690399459,-28.301066356971397,3.1653333333333333,-0.004666666666666597,98.89201910933556,True,0.9803762577722165,0.370442286159701,-0.06497253127080262,pyin_probability_below_0.5,-1.6182903146783223,False,-2.800000000000002,-2.6102827829863378
3.18,3.1373333333333333,3.2226666666666666,False,99.09230651162453,True,0.2796051653363589,-1.5000000000000004,0.03825222262559318,-28.346866506423464,3.175333333333333,-0.004666666666667041,99.4227713781123,True,0.9458201630149242,0.3304648664877732,-0.05763920438087217,pyin_probability_below_0.5,-1.5256236415682516,False,-2.700000000000001,-2.5176161098762684
3.19,3.1473333333333335,3.232666666666667,False,99.66634240352404,True,0.20650679911775224,-1.3999999999999984,0.03781966639147955,-28.445646127999677,3.1853333333333333,-0.004666666666666597,99.45936488875428,True,0.8916650567238169,0.20697751476976123,0.03598999394711047,pyin_probability_below_0.5,-1.5192528398962304,False,-2.6000000000000005,-2.511245308204247
3.2,3.1573333333333333,3.2426666666666666,False,100.82440951919276,True,0.17653060863289757,-1.199999999999998,0.0379553913077177,-28.41453053561084,3.195333333333333,-0.004666666666667041,99.85462215264953,True,0.8964522578220298,0.9697873665432297,0.1673260992984088,pyin_probability_below_0.5,-1.4505889452475325,False,-2.4000000000000004,-2.4425814135555477
3.21,3.167333333333333,3.252666666666667,False,101.99593272657759,True,0.17653060863289757,-0.9999999999999994,0.038601414804750975,-28.267935548722395,3.2053333333333334,-0.004666666666666597,101.88683394118742,True,0.9564182421206592,0.1090987853901737,0.01852785824850863,pyin_probability_below_0.5,-1.1017907041976311,False,-2.1999999999999997,-2.093783172505649
3.22,3.1773333333333333,3.2626666666666666,False,103.18106837793296,True,0.24075439447557426,-0.8000000000000008,0.03922769198944071,-28.128144867609098,3.215333333333333,-0.004666666666667041,102.80376725670631,True,0.9878880645224304,0.37730112122665105,0.06342188019047368,pyin_probability_below_0.5,-0.946684726139599,False,-2.0000000000000004,-1.9386771944476142
3.23,3.187333333333333,3.272666666666667,False,104.37997464223893,True,0.09203757081218103,-0.6000000000000011,0.041899761779653634,-27.55576892400393,3.2253333333333334,-0.004666666666666597,103.68564044346356,True,0.9937184935270508,0.6943341987753797,0.1155461913290074,pyin_probability_below_0.5,-0.7988090372781318,False,-1.800000000000001,-1.7908015055861497
3.24,3.1973333333333334,3.2826666666666666,False,107.43854136004751,True,0.07797523762294818,-0.10000000000000259,0.04541187179639403,-26.856611937716597,3.235333333333333,-0.004666666666667041,104.60791008713771,True,0.9856620676124831,2.830631272909798,0.4622361114207262,pyin_probability_below_0.5,-0.6454989573698506,False,-1.3000000000000027,-1.6374914256778672
3.25,3.207333333333333,3.292666666666667,False,107.43854136004751,True,0.07797523762294818,-0.10000000000000259,0.050054318249853486,-26.011168988594633,3.2453333333333334,-0.004666666666666597,105.4433193571907,True,0.9905290548147252,1.9952220028568064,0.324527172238668,pyin_probability_below_0.5,-0.507790018187795,False,-1.3000000000000027,-1.4997824864958107
3.26,3.2173333333333334,3.3026666666666666,False,108.06092649856241,True,0.10857977072874496,0.0,0.05433958504052967,-25.29767364714293,3.255333333333333,-0.004666666666666597,106.85189240414486,True,0.8791304675728061,1.2090340944175466,0.19478996955045583,pyin_probability_below_0.5,-0.27805281549958094,False,-1.2000000000000002,-1.2700452838075973
3.27,3.227333333333333,3.312666666666667,False,108.06092649856241,True,0.17653060863289757,0.0,0.05706837454757996,-24.872089941720958,3.2653333333333334,-0.004666666666666597,108.53387432744519,True,0.8459819005559734,0.47294782888278064,-0.0756052022465484,pyin_probability_below_0.5,-0.007657643702575069,False,-1.2000000000000002,-0.9996501120105912
3.28,3.2373333333333334,3.3226666666666667,False,107.43854136004751,True,0.1504646013433388,-0.10000000000000259,0.05918503542350517,-24.555761762348016,3.275333333333333,-0.004666666666666597,108.4244008947619,True,0.9198662223756415,0.9858595347143932,-0.15813417930262746,pyin_probability_below_0.5,-0.0251286666464985,False,-1.3000000000000027,-1.0171211349545155
3.29,3.247333333333333,3.332666666666667,False,107.43854136004751,True,0.17653060863289755,-0.10000000000000259,0.061017881718615864,-24.290857465791138,3.2853333333333334,-0.004666666666666597,108.03832829259522,True,0.8933977999086721,0.5997869325477154,-0.09637918383396443,pyin_probability_below_0.5,-0.08688366211515985,False,-1.3000000000000027,-1.078876130423176
3.3,3.2573333333333334,3.3426666666666667,False,107.43854136004751,True,0.24075439447557428,-0.10000000000000259,0.06306541806072122,-24.004174419686702,3.2953333333333332,-0.004666666666666597,107.90413615322446,True,0.8838198555166438,0.4655947931769475,-0.07486252370908252,pyin_probability_below_0.5,-0.10840032224004242,False,-1.3000000000000027,-1.1003927905480593
3.31,3.267333333333333,3.3526666666666665,False,107.43854136004751,True,0.2796051653363589,-0.10000000000000259,0.06402568841365561,-23.872914864720656,3.3053333333333335,-0.004666666666666597,107.4684449106308,True,0.9211932726900947,0.029903550583284755,-0.004817902497286043,pyin_probability_below_0.5,-0.1784449434518391,False,-1.3000000000000027,-1.1704374117598553
3.32,3.2773333333333334,3.3626666666666667,False,107.43854136004751,True,0.2796051653363588,-0.10000000000000259,0.06475721051548188,-23.774237344088412,3.3153333333333332,-0.004666666666666597,106.62958949533278,True,0.9565851811833606,0.8089518647147287,0.13084541573014158,pyin_probability_below_0.5,-0.31410826167926825,False,-1.3000000000000027,-1.306100729987283
3.33,3.287333333333333,3.3726666666666665,False,107.43854136004751,True,0.3233360583906408,-0.10000000000000259,0.06488920831383141,-23.756550489095485,3.3253333333333335,-0.004666666666666597,106.56577176078846,True,0.9761864339473565,0.8727695992590441,0.14120994126450592,pyin_probability_below_0.5,-0.3244727872136301,False,-1.3000000000000027,-1.3164652555216474
3.34,3.2973333333333334,3.3826666666666667,False,107.43854136004751,True,0.3233360583906408,-0.10000000000000259,0.06277770312397636,-24.043891561451872,3.3353333333333333,-0.004666666666666597,106.92951387592116,True,0.9784151471888923,0.5090274841263493,0.08221816144783385,pyin_probability_below_0.5,-0.26548100739695907,False,-1.3000000000000027,-1.2574734757049741
3.35,3.3073333333333332,3.3926666666666665,False,108.06092649856241,True,0.20650679911775227,0.0,0.062213507773844344,-24.122306224271327,3.3453333333333335,-0.004666666666666597,107.55435331308328,True,0.9607778675034155,0.5065731854791267,0.08134844260017526,pyin_probability_below_0.5,-0.1646112885492998,False,-1.2000000000000002,-1.1566037568573169
3.36,3.3173333333333335,3.4026666666666667,False,108.06092649856241,True,0.20650679911775227,0.0,0.06284482972860307,-24.034608922074693,3.3553333333333333,-0.004666666666666597,108.17700141372325,True,0.9412084369536985,0.11607491516083712,-0.018586273611701853,pyin_probability_below_0.5,-0.06467657233742188,False,-1.2000000000000002,-1.0566690406454393
3.37,3.3273333333333333,3.4126666666666665,False,108.68691707750624,True,0.17653060863289757,0.100000000000004,0.06381282860370842,-23.901840083338026,3.365333333333333,-0.004666666666667041,108.58189195840092,True,0.9636327606681588,0.10502511910532064,0.01673715405087802,pyin_probability_below_0.5,0.0,False,-1.0999999999999979,-0.9919924683080152
3.38,3.3373333333333335,3.4226666666666667,False,109.31653398298289,True,0.20650679911775224,0.20000000000000068,0.06402600239115881,-23.8728722698291,3.3753333333333333,-0.004666666666666597,109.12533727204881,True,0.9701094793118127,0.1911967109340793,0.030306125713498284,pyin_probability_below_0.5,0.0864310283373772,False,-0.9999999999999994,-0.9055614399706384
3.39,3.3473333333333333,3.4326666666666665,False,109.31653398298289,True,0.2796051653363588,0.20000000000000068,0.06424396239893299,-23.843353615197124,3.385333333333333,-0.004666666666667041,109.56371387464276,True,0.9784287042614124,0.24717989165986864,-0.039101420140610556,pyin_probability_below_0.5,0.15583857419148694,False,-0.9999999999999994,-0.8361538941165279
3.4,3.3573333333333335,3.4426666666666668,False,109.9497982220883,True,0.42606232904328145,0.2999999999999983,0.06340542744419235,-23.95747130666265,3.3953333333333333,-0.004666666666666597,109.95470299226638,True,0.9636832828774153,0.004904770178072226,-0.000772272062612404,pyin_probability_below_0.5,0.21750942611348956,False,-0.9000000000000006,-0.7744830421945275
3.41,3.3673333333333333,3.4526666666666666,False,109.9497982220883,True,0.48498680771591124,0.2999999999999983,0.06297068418089316,-24.017231760646904,3.405333333333333,-0.004666666666667041,110.39986847052049,True,0.9687682650887534,0.45007024843218346,-0.07072196058291672,pyin_probability_below_0.5,0.2874591146337936,False,-0.9000000000000006,-0.7045333536742239
3.42,3.3773333333333335,3.462666666666667,False,109.9497982220883,True,0.48498680771591124,0.2999999999999983,0.06372907870958534,-23.913247195830387,3.4153333333333333,-0.004666666666666597,110.49414639456819,True,0.9852422399202247,0.5443481724798858,-0.08549983151771084,pyin_probability_below_0.5,0.30223698556858514,False,-0.9000000000000006,-0.689755482739429
3.43,3.3873333333333333,3.4726666666666666,False,109.9497982220883,True,0.42606232904328145,0.2999999999999983,0.06399238358119425,-23.877434259540344,3.425333333333333,-0.004666666666667041,110.3661254613941,True,0.978517363974378,0.41632723930580084,-0.06542974634900696,pyin_probability_below_0.5,0.2821669003998851,False,-0.9000000000000006,-0.7098255679081311
3.44,3.3973333333333335,3.482666666666667,False,109.9497982220883,True,0.32333605839064083,0.2999999999999983,0.0643989408884316,-23.822425500658472,3.4353333333333333,-0.004666666666666597,110.15306645193455,True,0.9780758720534523,0.2032682298462447,-0.03197641077218227,pyin_probability_below_0.5,0.2487135648230613,False,-0.9000000000000006,-0.7432789034849561
3.45,3.4073333333333333,3.4926666666666666,False,109.31653398298289,True,0.24075439447557428,0.20000000000000068,0.06452561852461747,-23.805356474762593,3.445333333333333,-0.004666666666667041,109.6110641043165,True,0.9797376587681614,0.294530121333608,-0.04658169062369527,pyin_probability_below_0.5,0.16331884467457225,False,-0.9999999999999994,-0.8286736236334442
3.46,3.417333333333333,3.502666666666667,False,108.68691707750624,True,0.24075439447557426,0.100000000000004,0.06464067581138705,-23.789882234142816,3.4553333333333334,-0.004666666666666597,109.10668473692792,True,0.9644709323445604,0.41976765942168015,-0.06673446405109235,pyin_probability_below_0.5,0.08347161810197298,False,-1.0999999999999979,-0.9085208502060456
3.47,3.4273333333333333,3.5126666666666666,False,108.68691707750624,True,0.1765306086328976,0.100000000000004,0.06434325813417395,-23.829939032228637,3.465333333333333,-0.004666666666667041,108.6985365068932,True,0.9598614148611012,0.01161942938696825,-0.0018507173753278057,pyin_probability_below_0.5,0.018587871426208376,False,-1.0999999999999979,-0.9734045968818106
3.48,3.437333333333333,3.522666666666667,False,108.06092649856241,True,0.10857977072874497,0.0,0.06331169473800946,-23.97032122111542,3.4753333333333334,-0.004666666666666597,107.96754760295303,True,0.9560306383821016,0.0933788956093764,0.014966613478518454,pyin_probability_below_0.5,-0.09822945942764016,False,-1.2000000000000002,-1.0902219277356568
3.49,3.4473333333333334,3.5326666666666666,False,107.43854136004751,True,0.047686993082531035,-0.10000000000000259,0.06230549234296769,-24.109473356028012,3.485333333333333,-0.004666666666667041,107.40564869633327,True,0.962056969509541,0.03289266371423594,0.0053010416354829564,pyin_probability_below_0.5,-0.18856388758460713,False,-1.3000000000000027,-1.1805563558926226
3.5,3.457333333333333,3.542666666666667,False,106.81974089615274,True,0.03010686179419501,-0.19999999999999973,0.059854414915709434,-24.458076202456226,3.4953333333333334,-0.004666666666666597,106.67982687860757,True,0.928582338906437,0.1399140175451663,0.022690813692616517,pyin_probability_below_0.5,-0.3059536596417368,False,-1.4000000000000004,-1.297946127949754
3.51,3.4673333333333334,3.5526666666666666,False,106.2045044606715,True,0.022944219124638596,-0.2999999999999981,0.0557640611021788,-25.07291211210246,3.505333333333333,-0.004666666666666597,105.28974004405762,True,0.9311473658543375,0.9147644166138775,0.14976116105431148,pyin_probability_below_0.5,-0.5330240070034311,False,-1.4999999999999982,-1.5250164753114475
3.52,3.477333333333333,3.562666666666667,False,105.59281152631061,True,0.018187375734912182,-0.4000000000000008,0.052484815077888096,-25.599326572560347,3.5153333333333334,-0.004666666666666597,104.20287250624487,True,0.9478763592238715,1.3899390200657393,0.2293989008076946,pyin_probability_below_0.5,-0.7126617467568197,False,-1.6,-1.7046542150648363
3.53,3.4873333333333334,3.5726666666666667,False,104.37997464223893,True,0.01818737573491218,-0.6000000000000011,0.04812405092183246,-26.352756446697608,3.525333333333333,-0.004666666666666597,103.0866871901049,True,0.8840956932611072,1.293287452134038,0.21584309063843343,pyin_probability_below_0.5,-0.8991059365875587,False,-1.800000000000001,-1.8910984048955743
3.54,3.497333333333333,3.582666666666667,False,103.77879022636449,True,0.013100262550513397,-0.6999999999999982,0.04445668807138642,-27.04125788892459,3.5353333333333334,-0.004666666666666597,101.2299128043572,True,0.7741830968594879,2.548877422007294,0.4305115546438789,pyin_probability_below_0.5,-1.2137744005929991,False,-1.8999999999999986,-2.205766868901016
3.55,3.5073333333333334,3.5926666666666667,False,102.5867891540234,True,0.010349055133375844,-0.8999999999999986,0.0408707399387209,-27.771749991843745,3.5453333333333332,-0.004666666666666597,98.26073332829517,True,0.7798365594602934,4.326055825728233,0.7458965446592808,pyin_probability_below_0.5,-1.729159390608404,False,-2.0999999999999996,-2.7211518589164196
3.56,3.517333333333333,3.6026666666666665,False,100.24370365151614,True,0.010073751764282884,-1.3000000000000027,0.03729186129414499,-28.567718795845437,3.5553333333333335,-0.004666666666666597,96.58474228579301,True,0.8604763626412836,3.6589613657231297,0.6437330032700123,pyin_probability_below_0.5,-2.026995849219138,False,-2.5000000000000013,-3.018988317527154
3.57,3.5273333333333334,3.6126666666666667,False,97.95413429584742,True,0.010259050559778863,-1.7000000000000013,0.03368463347402574,-29.451363477773704,3.5653333333333332,-0.004666666666666597,94.88753217070882,True,0.6645951235798289,3.0666021251386013,0.5506541912419576,pyin_probability_below_0.5,-2.3339170371910813,False,-2.900000000000002,-3.3259095054990966
3.58,3.537333333333333,3.6226666666666665,False,96.82903510297565,True,0.010259050559778861,-1.8999999999999986,0.02990287938777142,-30.485739817449733,3.5753333333333335,-0.004666666666666597,90.59954085232725,True,0.8335169673721458,6.229494250648401,1.1512317510904808,pyin_probability_below_0.5|pitch_difference_over_1_semitone,-3.1344945970396028,False,-3.0999999999999983,-4.12648706534762
3.59,3.5473333333333334,3.6326666666666667,False,89.82433719790544,True,0.010140046044704068,-3.2000000000000006,0.02629371323419169,-31.602961558021324,3.5853333333333333,-0.004666666666666597,88.88360047546338,True,0.7869501858995721,0.940736722442054,0.18226951864934002,pyin_probability_below_0.5,-3.4655323645984666,False,-4.400000000000002,-4.457524832906484
3.6,3.5573333333333332,3.6426666666666665,False,89.82433719790544,True,0.010824463728234167,-3.2000000000000006,0.02356944727769782,-32.55301203815201,3.5953333333333335,-0.004666666666666597,86.30624576489043,True,0.8543729495265635,3.5180914330150017,0.6916970091782696,pyin_probability_below_0.5,-3.974959855127395,False,-4.400000000000002,-4.966952323435411
3.61,3.5673333333333335,3.6526666666666667,False,85.76801420023813,True,0.015085587297504338,-3.999999999999999,0.021237232435271886,-33.458041593998374,3.6053333333333333,-0.004666666666666597,85.01759619892891,True,0.7890751844028063,0.7504180013092139,0.15213899492370456,pyin_probability_below_0.5,-4.235401840872827,False,-5.200000000000001,-5.227394309180845
3.62,3.5773333333333333,3.6626666666666665,False,85.76801420023813,True,0.07797523762294818,-3.999999999999999,0.01859192406707292,-34.61351326053555,3.615333333333333,-0.004666666666667041,84.06799319979156,True,0.821484013681192,1.7000210004465686,0.3465970011331838,pyin_probability_below_0.5,-4.429859847082305,False,-5.200000000000001,-5.421852315390322
3.63,3.5873333333333335,3.6726666666666667,False,84.78288453476168,True,0.108579770728745,-4.199999999999999,0.015664639079044335,-36.10159214049096,3.6253333333333333,-0.004666666666666597,84.19788012240545,True,0.878257749199675,0.585004412356227,0.11986969117067386,pyin_probability_below_0.5,-4.403132537119797,False,-5.4,-5.395125005427811
3.64,3.5973333333333333,3.6826666666666665,False,84.29457105231563,True,0.1504646013433388,-4.299999999999998,0.014101792301211795,-37.014513722695746,3.635333333333333,-0.004666666666667041,84.68432834117144,True,0.8850579425436943,0.3897572888558045,-0.07986349637427885,pyin_probability_below_0.5,-4.303399349574843,False,-5.499999999999998,-5.295391817882859
3.65,3.6073333333333335,3.6926666666666668,False,84.29457105231563,True,0.1504646013433388,-4.299999999999998,0.010963024640148086,-39.20139219567551,3.6453333333333333,-0.004666666666666597,84.24404198817385,True,0.8636102973935079,0.050529064141784374,0.010380723722898267,pyin_probability_below_0.5,-4.3936435696720215,False,-5.499999999999998,-5.385636037980035
3.66,3.6173333333333333,3.7026666666666666,False,84.78288453476168,True,0.1765306086328976,-4.199999999999999,0.00892199651099324,-40.990759018562954,3.655333333333333,-0.004666666666667041,84.12506637816695,True,0.8129821588923488,0.657818156594729,0.134847760857483,pyin_probability_below_0.5,-4.418110606806605,False,-5.4,-5.4101030751146215
3.67,3.6273333333333335,3.712666666666667,False,84.78288453476168,True,0.056071395445892624,-4.199999999999999,0.007601283438745387,-42.38226146147353,3.6653333333333333,-0.004666666666666597,84.96099610069743,True,0.9208068779288926,0.17811156593575106,-0.0363315507450423,pyin_probability_below_0.5,-4.246931295204079,False,-5.4,-5.238923763512095
3.68,3.6373333333333333,3.7226666666666666,False,84.78288453476168,True,0.04768699308253103,-4.199999999999999,0.006787383239283113,-43.365952566761614,3.675333333333333,-0.004666666666667041,84.70248501017373,True,0.7562156302811505,0.0803995245879463,0.01642506433562813,pyin_probability_below_0.5,-4.299687910284749,False,-5.4,-5.291680378592766
3.69,3.6473333333333335,3.732666666666667,False,85.27402678843417,True,0.09203757081218102,-4.1,0.006107000049248029,-44.28344153003799,3.6853333333333333,-0.004666666666666597,85.53836994786388,True,0.7958578813100188,0.2643431594297141,-0.05358396139033961,pyin_probability_below_0.5,-4.129678884558785,False,-5.300000000000002,-5.121671352866801
3.7,3.6573333333333333,3.7426666666666666,False,85.76801420023813,True,0.04069733156888105,-3.999999999999999,0.005679495657195764,-44.91380456402514,3.695333333333333,-0.004666666666667041,86.38886749074574,True,0.822598272477032,0.6208532905076112,-0.12486831837618403,pyin_probability_below_0.5,-3.958394527572939,False,-5.200000000000001,-4.9503869958809545
3.71,3.667333333333333,3.752666666666667,False,85.76801420023813,True,0.013100262550513395,-3.999999999999999,0.005586189069604035,-45.057687385961515,3.7053333333333334,-0.004666666666666597,85.61897892250117,True,0.7169506809967466,0.14903527773695657,0.030109054096120254,pyin_probability_below_0.5,-4.1133719000452444,False,-5.200000000000001,-5.105364368353261
3.72,3.6773333333333333,3.7626666666666666,False,86.76459052105223,True,0.01014004604470407,-3.8,0.005665808529754183,-44.93476212217203,3.715333333333333,-0.004666666666667041,85.74392944393178,True,0.8383366049096364,1.020661077120451,0.2048622095428635,pyin_probability_below_0.5,-4.088125055491988,False,-5.000000000000002,-5.080117523800006
3.73,3.687333333333333,3.772666666666667,False,87.77274650093236,True,0.010001873046012551,-3.5999999999999988,0.006556402153500044,-43.66668831469262,3.7253333333333334,-0.004666666666666597,,False,0.0,,,pyin_probability_below_0.5|voicing_disagreement,,False,-4.799999999999998,
3.74,3.6973333333333334,3.7826666666666666,False,92.9919856082918,True,0.010026724673810768,-2.599999999999998,0.007391777102826445,-42.62502275262054,3.735333333333333,-0.004666666666667041,,False,0.0,,,pyin_probability_below_0.5|voicing_disagreement,,False,-3.8,
3.75,3.707333333333333,3.792666666666667,False,94.61745688474217,True,0.010467533617069905,-2.3000000000000016,0.00748949411325651,-42.51095032489204,3.7453333333333334,-0.004666666666666597,90.9055711548661,True,0.8103884717590576,3.711885729876073,0.6928520640395764,pyin_probability_below_0.5,-3.0761149099887017,False,-3.500000000000001,-4.06810737829672
3.76,3.7173333333333334,3.8026666666666666,False,95.16557023646565,True,0.011085791888943373,-2.1999999999999997,0.007720646954268243,-42.24692612567782,3.755333333333333,-0.004666666666666597,93.72814084866152,True,0.8394072813111131,1.43742938780413,0.26348942183539353,pyin_probability_below_0.5,-2.546752267784514,False,-3.3999999999999986,-3.5387447360925295
3.77,3.727333333333333,3.812666666666667,False,95.71685877653417,True,0.010824463728234167,-2.0999999999999996,0.007791766436492353,-42.16728148414638,3.7653333333333334,-0.004666666666666597,95.35688021367537,True,0.8561529981507435,0.3599785628587995,0.06523218581279715,pyin_probability_below_0.5,-2.2484950317619194,False,-3.299999999999999,-3.240487500069934
3.78,3.7373333333333334,3.8226666666666667,False,96.27134089862668,True,0.013100262550513395,-2.0000000000000004,0.007738724954838048,-42.22661177004625,3.775333333333333,-0.004666666666666597,96.82226048353027,True,0.8242109723587885,0.5509195849035962,-0.09878870401330794,pyin_probability_below_0.5,-1.9844741419358152,False,-3.2000000000000006,-2.9764666102438313
3.79,3.747333333333333,3.832666666666667,False,96.82903510297565,True,0.016467587593113005,-1.8999999999999986,0.007555268062759108,-42.43500244354269,3.7853333333333334,-0.004666666666666597,98.27011722911921,True,0.715294426275844,1.4410821261435558,-0.25575670505555004,pyin_probability_below_0.5,-1.7275061408935726,False,-3.0999999999999983,-2.7194986092015894
3.8,3.7573333333333334,3.8426666666666667,False,97.95413429584742,True,0.018187375734912182,-1.7000000000000013,0.007238077121207834,-42.80753587651393,3.7953333333333332,-0.004666666666666597,107.1118282805863,True,0.6589212257203957,9.15769398473887,-1.547274176634411,pyin_probability_below_0.5|pitch_difference_over_1_semitone,-0.23598866931471357,False,-2.900000000000002,-1.2279811376227294
3.81,3.767333333333333,3.8526666666666665,False,99.09230651162453,True,0.016467587593113005,-1.5000000000000004,0.006698725264611656,-43.48015667200264,3.8053333333333335,-0.004666666666666597,,False,0.0,,,pyin_probability_below_0.5|voicing_disagreement,,False,-2.700000000000001,
3.82,3.7773333333333334,3.8626666666666667,False,104.37997464223893,True,0.013100262550513395,-0.6000000000000011,0.005494848111583258,-45.20088615657666,3.8153333333333332,-0.004666666666666597,,False,0.0,,,pyin_probability_below_0.5|voicing_disagreement,,False,-1.800000000000001,
3.83,3.787333333333333,3.8726666666666665,False,114.4865635674993,True,0.1765306086328976,1.0000000000000009,0.004103595866996854,-47.7367083252514,3.8253333333333335,-0.004666666666666597,,False,0.0,,,pyin_probability_below_0.5|voicing_disagreement,,False,-0.19999999999999973,
3.84,3.7973333333333334,3.8826666666666667,False,,False,0.03010686179419501,,0.002855382365821038,-50.88671453822538,3.8353333333333333,-0.004666666666666597,,False,0.0,,,,,False,,
3.85,3.8073333333333332,3.8926666666666665,False,,False,0.010349055133375844,,0.0016485660527738111,-55.65787294760203,3.8453333333333335,-0.004666666666666597,,False,0.0,,,,,False,,
3.86,3.8173333333333335,3.9026666666666667,False,,False,0.010037765502929688,,0.0008729931254403936,-61.17978352440082,3.8553333333333333,-0.004666666666666597,,False,0.0,,,,,False,,
3.87,3.8273333333333333,3.9126666666666665,False,79.56348031480259,True,0.047686993082531035,-5.299999999999999,0.0006824352741124426,-63.31877066387798,3.865333333333333,-0.004666666666667041,,False,0.0,,,pyin_probability_below_0.5|voicing_disagreement,,False,-6.5,
3.88,3.8373333333333335,3.9226666666666667,False,79.10522838858842,True,0.10857977072874497,-5.4,0.0006753307154070852,-63.40966994478049,3.8753333333333333,-0.004666666666666597,,False,0.0,,,pyin_probability_below_0.5|voicing_disagreement,,False,-6.599999999999998,
3.89,3.8473333333333333,3.9326666666666665,False,79.10522838858842,True,0.20650679911775222,-5.4,0.0006401151240457791,-63.87483823152458,3.885333333333333,-0.004666666666667041,,False,0.0,,,pyin_probability_below_0.5|voicing_disagreement,,False,-6.599999999999998,
3.9,3.8573333333333335,3.9426666666666668,False,79.10522838858842,True,0.2407543944755743,-5.4,0.0006256681363238388,-64.07311923930514,3.8953333333333333,-0.004666666666666597,,False,0.0,,,pyin_probability_below_0.5|voicing_disagreement,,False,-6.599999999999998,
3.91,3.8673333333333333,3.9526666666666666,False,79.10522838858842,True,0.3233360583906409,-5.4,0.0005846758604900916,-64.66169673014214,3.905333333333333,-0.004666666666667041,,False,0.0,,,pyin_probability_below_0.5|voicing_disagreement,,False,-6.599999999999998,
3.92,3.8773333333333335,3.962666666666667,False,79.10522838858842,True,0.37211991882238016,-5.4,0.0005456152794396344,-65.262269523505,3.9153333333333333,-0.004666666666666597,,False,0.0,,,pyin_probability_below_0.5|voicing_disagreement,,False,-6.599999999999998,
3.93,3.8873333333333333,3.9726666666666666,False,79.10522838858842,True,0.35688576758336404,-5.4,0.0004883063950620659,-66.22615175957742,3.925333333333333,-0.004666666666667041,,False,0.0,,,pyin_probability_below_0.5|voicing_disagreement,,False,-6.599999999999998,
3.94,3.8973333333333335,3.982666666666667,False,77.29846247517686,True,0.27960516533635893,-5.800000000000001,0.00043889719805648196,-67.1527438341141,3.9353333333333333,-0.004666666666666597,,False,0.0,,,pyin_probability_below_0.5|voicing_disagreement,,False,-7.0000000000000036,
3.95,3.9073333333333333,3.9926666666666666,False,79.10522838858842,True,0.12227939973653291,-5.4,0.0003876263781978386,-68.23173353253048,3.945333333333333,-0.004666666666667041,,False,0.0,,,pyin_probability_below_0.5|voicing_disagreement,,False,-6.599999999999998,
3.96,3.917333333333333,4.002666666666666,False,79.10522838858842,True,0.02425950272381639,-5.4,0.0003329716694108153,-69.55185432939112,3.9553333333333334,-0.004666666666666597,,False,0.0,,,pyin_probability_below_0.5|voicing_disagreement,,False,-6.599999999999998,
3.97,3.9273333333333333,4.010666666666666,True,75.53296315225958,True,0.013100262550513397,-6.199999999999999,0.00029036397107092563,-70.74114545474268,3.965333333333333,-0.004666666666667041,,False,0.0,,,pyin_probability_below_0.5|voicing_disagreement|edge_window,,False,-7.399999999999998,
3.98,3.937333333333333,4.010666666666666,True,75.53296315225958,True,0.010109655473998197,-6.199999999999999,0.00026931477794962664,-71.3947963030369,3.9753333333333334,-0.004666666666666597,,False,0.0,,,pyin_probability_below_0.5|voicing_disagreement|edge_window,,False,-7.399999999999998,
3.99,3.9473333333333334,4.010666666666666,True,75.53296315225958,True,0.010009025420684168,-6.199999999999999,0.00024102189101355616,-72.35887020952916,3.985333333333333,-0.004666666666667041,,False,0.0,,,pyin_probability_below_0.5|voicing_disagreement|edge_window,,False,-7.399999999999998,
4.0,3.957333333333333,4.010666666666666,True,75.53296315225958,True,0.010000328604436625,-6.199999999999999,0.0002212401090670845,-73.10272272208118,,,,,,,,pyin_probability_below_0.5|edge_window,,False,-7.399999999999998,
4.01,3.9673333333333334,4.010666666666666,True,75.09792529669774,True,0.01000123296498612,-6.300000000000001,0.00022849416914213258,-72.82249756104733,,,,,,,,pyin_probability_below_0.5|edge_window,,False,-7.500000000000003,
