timestamp_s,window_start_s,window_end_s,edge_padded,f0_hz,voiced,voicing_probability,relative_pitch_semitones,rms_amplitude,rms_dbfs,praat_timestamp_s,praat_time_offset_s,praat_f0_hz,praat_voiced,praat_strength,absolute_difference_hz,signed_difference_semitones,flags,praat_relative_semitones,agreement_screen_pass,pyin_speaker_relative_st,praat_speaker_relative_st
0.0,0.0,0.042666666666666665,True,,False,0.010013068846238973,,0.0002920517627436423,-70.69080336270066,,,,,,,,edge_window,,False,,
0.01,0.0,0.05266666666666667,True,,False,0.010140046044704067,,0.0002823215272384129,-70.98512010589592,,,,,,,,edge_window,,False,,
0.02,0.0,0.06266666666666666,True,,False,0.010073751764282884,,0.0002796716552267215,-71.06703094446176,0.024333333333333203,0.004333333333333203,,False,0.0,,,edge_window,,False,,
0.03,0.0,0.07266666666666667,True,,False,0.010013068846238973,,0.0002754028290181475,-71.20063205713309,0.0343333333333332,0.004333333333333203,,False,0.0,,,edge_window,,False,,
0.04,0.0,0.08266666666666667,True,,False,0.010000002871100366,,0.0003428383968907514,-69.29821088643921,0.044333333333333204,0.004333333333333203,,False,0.0,,,edge_window,,False,,
0.05,0.007333333333333333,0.09266666666666666,False,201.6488190383855,True,0.010001873046012551,-0.8999999999999986,0.0012585440899534463,-58.00263130850095,0.054333333333333206,0.004333333333333203,,False,0.0,,,pyin_probability_below_0.5|voicing_disagreement,,False,-0.4000000000000008,
0.06,0.017333333333333333,0.10266666666666667,False,185.98397121658357,True,0.026168028608935752,-2.3000000000000016,0.0019291216753956567,-54.292807585158585,0.0643333333333332,0.004333333333333203,,False,0.0,,,pyin_probability_below_0.5|voicing_disagreement,,False,-1.800000000000003,
0.07,0.027333333333333334,0.11266666666666666,False,181.73609144327253,True,0.06608151270920702,-2.699999999999999,0.002475974544860089,-52.12507649096753,0.07433333333333321,0.004333333333333203,,False,0.0,,,pyin_probability_below_0.5|voicing_disagreement,,False,-2.200000000000002,
0.08,0.037333333333333336,0.12266666666666666,False,179.64867439581087,True,0.1504646013433388,-2.900000000000002,0.0029423002600365285,-50.62626019693465,0.0843333333333332,0.004333333333333203,,False,0.0,,,pyin_probability_below_0.5|voicing_disagreement,,False,-2.4000000000000026,
0.09,0.04733333333333333,0.13266666666666665,False,180.68936857950385,True,0.04768699308253103,-2.7999999999999954,0.0033600077857880543,-49.473194325293164,0.09433333333333321,0.004333333333333217,,False,0.0,,,pyin_probability_below_0.5|voicing_disagreement,,False,-2.2999999999999976,
0.1,0.05733333333333333,0.14266666666666666,False,181.73609144327253,True,0.013100262550513397,-2.699999999999999,0.0037298689285277776,-48.5661285896562,0.10433333333333321,0.004333333333333203,,False,0.0,,,pyin_probability_below_0.5|voicing_disagreement,,False,-2.200000000000002,
0.11,0.06733333333333333,0.15266666666666667,False,189.23491376948436,True,0.010000000101429398,-1.9999999999999987,0.008360202193642073,-41.55566437820258,0.1143333333333332,0.004333333333333203,,False,0.0,,,pyin_probability_below_0.5|voicing_disagreement,,False,-1.5000000000000004,
0.12,0.07733333333333334,0.16266666666666665,False,,False,0.010000000000023851,,0.01443138302927585,-36.81384092740152,0.12433333333333321,0.004333333333333217,,False,0.0,,,,,False,,
0.13,0.08733333333333333,0.17266666666666666,False,,False,0.010000000000006923,,0.01750253602650751,-35.13798039482036,0.1343333333333332,0.004333333333333189,,False,0.0,,,,,False,,
0.14,0.09733333333333333,0.18266666666666667,False,,False,0.010000000047726025,,0.024735207305900415,-32.13368890920495,0.1443333333333332,0.004333333333333189,,False,0.0,,,,,False,,
0.15,0.10733333333333334,0.19266666666666668,False,248.25881701670832,True,0.01002672467381077,2.7,0.03631969834684568,-28.79715534335187,0.1543333333333332,0.004333333333333217,,False,0.0,,,pyin_probability_below_0.5|voicing_disagreement,,False,3.2,
0.16,0.11733333333333333,0.20266666666666666,False,248.25881701670832,True,0.018187375734912182,2.7,0.05750867225123759,-24.80533318381925,0.16433333333333322,0.004333333333333217,,False,0.0,,,pyin_probability_below_0.5|voicing_disagreement,,False,3.2,
0.17,0.12733333333333333,0.21266666666666667,False,251.14344552045984,True,0.07797523762294818,2.9,0.07556988233249559,-22.433025080161535,0.1743333333333332,0.004333333333333189,246.77878541213693,True,0.5196709726852656,4.364660108322909,0.30351895408880314,pyin_probability_below_0.5,2.979575833379687,False,3.3999999999999977,2.8020412790953313
0.18,0.13733333333333334,0.22266666666666668,False,251.14344552045984,True,0.2796051653363588,2.9,0.08724685271149991,-21.185004611084924,0.1843333333333332,0.004333333333333217,246.7312858043994,True,0.8420958909388295,4.412159716060444,0.3068515279624745,pyin_probability_below_0.5,2.9762432595060173,False,3.3999999999999977,2.798708705221659
0.19,0.14733333333333334,0.23266666666666666,False,252.59830469993753,True,0.32333605839064083,2.999999999999999,0.09275626101658212,-20.65313531982585,0.19433333333333322,0.004333333333333217,249.6675239725505,True,0.9415956073429086,2.930780727387031,0.20204141644405288,pyin_probability_below_0.5,3.1810533710244364,False,3.4999999999999982,3.0035188167400806
0.2,0.15733333333333333,0.24266666666666667,False,254.06159179290393,True,0.3721358982975087,3.0999999999999988,0.09775412599554709,-20.197298057816987,0.2043333333333332,0.004333333333333189,252.37543897732021,True,0.9561314842778178,1.6861528155837107,0.11528129956248068,pyin_probability_below_0.5,3.367813487906008,False,3.599999999999997,3.190278933621652
0.21,0.16733333333333333,0.25266666666666665,False,254.06159179290393,True,0.37213589829750876,3.0999999999999988,0.10124875444890045,-19.892206214472633,0.2143333333333332,0.004333333333333217,253.3848867004842,True,0.9652423819815444,0.6767050924197235,0.046173759846404136,pyin_probability_below_0.5,3.436921027622086,False,3.599999999999997,3.259386473337731
0.22,0.17733333333333334,0.26266666666666666,False,255.5333556217653,True,0.3721358982975087,3.2000000000000033,0.10518900238684455,-19.560593274439732,0.22433333333333322,0.004333333333333217,254.7624015305544,True,0.9691407935231512,0.7709540912109105,0.05231095770470352,pyin_probability_below_0.5,3.5307838297637897,False,3.7000000000000015,3.353249275479433
0.23,0.18733333333333332,0.27266666666666667,False,255.5333556217653,True,0.4260623290432814,3.2000000000000033,0.1081690759681557,-19.317937604542724,0.2343333333333332,0.004333333333333189,258.16824298929373,True,0.9484697416191197,2.634887367528421,-0.17759908642163252,pyin_probability_below_0.5,3.7606938738901268,False,3.7000000000000015,3.583159319605769
0.24,0.19733333333333333,0.2826666666666667,False,258.50251019256234,True,0.42606232904328145,3.400000000000004,0.10704744407972148,-19.408473953719632,0.2443333333333332,0.004333333333333217,262.18261727027874,True,0.9442896612803141,3.6801070777164,-0.2447249760793211,pyin_probability_below_0.5,4.027819763547816,False,3.9000000000000004,3.850285209263458
0.25,0.20733333333333334,0.2926666666666667,False,260.0,True,0.37213589829750865,3.500000000000001,0.09682088454987225,-20.280619079766314,0.2543333333333332,0.004333333333333189,267.2903105827884,True,0.9563149150555976,7.290310582788379,-0.47875100166773743,pyin_probability_below_0.5,4.361845789136228,False,3.9999999999999973,4.184311234851871
0.26,0.21733333333333332,0.30266666666666664,False,261.5061646776419,True,0.37213589829750865,3.6000000000000005,0.08395587637764954,-21.51897801218153,0.2643333333333332,0.004333333333333189,272.0701581095919,True,0.9597512991832758,10.563993431949996,-0.6856052080183983,pyin_probability_below_0.5,4.6686999954868895,False,4.099999999999998,4.491165441202532
0.27,0.22733333333333333,0.31266666666666665,False,263.0210544784999,True,0.48498680771591124,3.7000000000000015,0.07645145242379105,-22.332285189036874,0.2743333333333332,0.004333333333333189,274.97408915288025,True,0.968977005378851,11.953034674380376,-0.7694086771779673,pyin_probability_below_0.5,4.85250346464646,False,4.200000000000001,4.6749689103621055
0.28,0.23733333333333334,0.32266666666666666,False,269.16888019875813,True,0.615949885458068,4.099999999999998,0.0689583463370323,-23.228263234070845,0.2843333333333332,0.004333333333333189,274.0240949808234,True,0.9421123496449127,4.855214782065275,-0.30949358287822004,,4.792588370346711,True,4.599999999999999,4.615053816062355
0.29,0.24733333333333332,0.33266666666666667,False,272.296471933363,True,0.7571601330199093,4.300000000000004,0.06319591673244122,-23.986219636206087,0.2943333333333332,0.004333333333333245,268.99275702446386,True,0.8609197158350351,3.303714908899167,0.21133155639362147,,4.471763231074875,True,4.8000000000000025,4.294228676790519
0.3,0.25733333333333336,0.3426666666666667,False,273.87386934825736,True,0.7571601330199093,4.400000000000002,0.05541899931641033,-25.126826408060488,0.30433333333333323,0.004333333333333245,259.3011036017957,True,0.7464789640178627,14.572765746461641,0.9465993221841453,,3.8364954652843473,False,4.900000000000001,3.658960910999989
0.31,0.2673333333333333,0.3526666666666667,False,273.87386934825736,True,0.6860828109301793,4.400000000000002,0.043423505815967295,-27.245502330176713,0.3143333333333332,0.004333333333333189,268.4901507121926,True,0.8559202480446265,5.383718636064771,0.34370949445186627,,4.439385293016626,True,4.900000000000001,4.26185073873227
0.32,0.2773333333333333,0.3626666666666667,False,272.296471933363,True,0.4849868077159113,4.300000000000004,0.031936322653621,-29.914301853608897,0.3243333333333332,0.004333333333333189,,False,0.0,,,pyin_probability_below_0.5|voicing_disagreement,,False,4.8000000000000025,
0.33,0.28733333333333333,0.37266666666666665,False,266.0772119191614,True,0.015085587297504338,3.8999999999999977,0.019093245428238637,-34.38240489804682,0.3343333333333332,0.004333333333333189,,False,0.0,,,pyin_probability_below_0.5|voicing_disagreement,,False,4.399999999999993,
0.34,0.29733333333333334,0.38266666666666665,False,273.87386934825736,True,0.010000005216229449,4.400000000000002,0.012292302196964037,-38.207335429652815,0.3443333333333332,0.004333333333333189,,False,0.0,,,pyin_probability_below_0.5|voicing_disagreement,,False,4.900000000000001,
0.35,0.30733333333333335,0.39266666666666666,False,,False,0.010000001546554295,,0.013071908751744467,-37.67321984773897,0.3543333333333332,0.004333333333333245,,False,0.0,,,,,False,,
0.36,0.31733333333333336,0.4026666666666667,False,,False,0.010000000417925077,,0.012804173479480674,-37.85296900753594,0.36433333333333323,0.004333333333333245,,False,0.0,,,,,False,,
0.37,0.3273333333333333,0.4126666666666667,False,,False,0.010000000047726025,,0.013651365197670913,-37.296478301156114,0.37433333333333324,0.004333333333333245,,False,0.0,,,,,False,,
0.38,0.3373333333333333,0.4226666666666667,False,,False,0.010000000003996624,,0.014401625065261223,-36.83176999551761,0.3843333333333332,0.004333333333333189,,False,0.0,,,,,False,,
0.39,0.3473333333333333,0.43266666666666664,False,,False,0.010000000000613858,,0.015165266601015368,-36.38299901028809,0.3943333333333332,0.004333333333333189,,False,0.0,,,,,False,,
0.4,0.35733333333333334,0.44266666666666665,False,,False,0.010000000101429396,,0.015533047717612814,-36.17486647193029,0.4043333333333332,0.004333333333333189,,False,0.0,,,,,False,,
0.41,0.36733333333333335,0.45266666666666666,False,,False,0.010000000417925077,,0.015797291077902457,-36.028347591017535,0.4143333333333332,0.004333333333333245,,False,0.0,,,,,False,,
0.42,0.37733333333333335,0.46266666666666667,False,,False,0.010000000009505966,,0.014723308971978677,-36.639891480985426,0.42433333333333323,0.004333333333333245,,False,0.0,,,,,False,,
0.43,0.3873333333333333,0.4726666666666667,False,242.58857779956992,True,0.010006178555334078,2.3000000000000003,0.022281022789460755,-33.04129754319446,0.43433333333333324,0.004333333333333245,,False,0.0,,,pyin_probability_below_0.5|voicing_disagreement,,False,2.799999999999997,
0.44,0.3973333333333333,0.4826666666666667,False,226.34314645699226,True,0.026168028608935752,1.099999999999998,0.033851970508444504,-29.408320923011782,0.4443333333333332,0.004333333333333189,,False,0.0,,,pyin_probability_below_0.5|voicing_disagreement,,False,1.599999999999999,
0.45,0.4073333333333333,0.49266666666666664,False,225.0395058615972,True,0.17653060863289757,1.0000000000000009,0.04283207517492125,-27.36461767845438,0.4543333333333332,0.004333333333333189,232.50118111880118,True,0.700682481791238,7.461675257203979,-0.5647170634695385,pyin_probability_below_0.5,1.9478118509380318,False,1.5000000000000004,1.770277296653675
0.46,0.41733333333333333,0.5026666666666667,False,223.74337368352585,True,0.2796051653363589,0.9000000000000021,0.04951968661604448,-26.104442247995138,0.4643333333333332,0.004333333333333189,227.22612301755834,True,0.8768213567547133,3.4827493340324907,-0.2674049641418963,pyin_probability_below_0.5,1.5504997516103889,False,1.4000000000000004,1.3729651973260317
0.47,0.42733333333333334,0.5126666666666667,False,222.45470667747657,True,0.37213589829750876,0.8000000000000002,0.0550161257115754,-25.1901999260831,0.4743333333333332,0.004333333333333245,225.19080063205374,True,0.948887330071448,2.7360939545771714,-0.21163523042058535,pyin_probability_below_0.5,1.3947300178890767,False,1.2999999999999994,1.2171954636047193
0.48,0.43733333333333335,0.5226666666666666,False,222.45470667747657,True,0.32333605839064083,0.8000000000000002,0.06388460287872094,-23.892076010716927,0.4843333333333332,0.004333333333333245,223.67149228777095,True,0.9777589736676693,1.2167856102943801,-0.09443722011221892,pyin_probability_below_0.5,1.2775320075807106,False,1.2999999999999994,1.0999974532963543
0.49,0.44733333333333336,0.5326666666666666,False,221.17346184722248,True,0.3721358982975087,0.7000000000000017,0.07325144799090624,-22.703675720297547,0.49433333333333324,0.004333333333333245,221.8460079646959,True,0.9780595791816078,0.6725461174734164,-0.052563632613311886,pyin_probability_below_0.5,1.135658420081802,False,1.1999999999999993,0.9581238657974469
0.5,0.4573333333333333,0.5426666666666666,False,221.17346184722248,True,0.4849868077159113,0.7000000000000017,0.08052521175644971,-21.881362488926875,0.5043333333333332,0.004333333333333189,219.5723446181129,True,0.971484389186449,1.601117229109576,0.12578319822870526,pyin_probability_below_0.5,0.9573115892397883,False,1.1999999999999993,0.7797770349554325
0.51,0.4673333333333333,0.5526666666666666,False,219.8995964441766,True,0.6159498854580681,0.6000000000000013,0.08653430198753828,-21.256234102515013,0.5143333333333332,0.004333333333333189,217.57156998768787,True,0.9627139942744608,2.328026456488743,0.18425885057885927,,0.7988359368896324,True,1.099999999999998,0.6213013826052773
0.52,0.47733333333333333,0.5626666666666666,False,218.63306796596578,True,0.6860828109301793,0.5000000000000008,0.08856429675435576,-21.054826430789113,0.5243333333333332,0.004333333333333189,216.1814350702135,True,0.9816522283935172,2.451632895752283,0.1952278635325963,,0.6878669239358934,True,0.9999999999999971,0.5103323696515405
0.53,0.48733333333333334,0.5726666666666667,False,217.37383415501247,True,0.7571601330199093,0.4000000000000011,0.0898291770363516,-20.931651581178023,0.5343333333333332,0.004333333333333189,215.33505765221608,True,0.9924055738816578,2.038776502796395,0.16314087766471586,,0.6199539098037795,True,0.9000000000000021,0.4424193555194237
0.54,0.49733333333333335,0.5826666666666667,False,216.12185299712482,True,0.8266685594724995,0.3000000000000021,0.08997766047599906,-20.91730606372309,0.5443333333333332,0.004333333333333189,213.99145235250708,True,0.9947678971068251,2.130400644617737,0.1715014276547709,,0.5115933598137198,True,0.8000000000000002,0.33405880552936573
0.55,0.5073333333333333,0.5926666666666667,False,214.87708272009507,True,0.8266685594724995,0.20000000000000445,0.09090036226455615,-20.82868771967853,0.5543333333333332,0.004333333333333189,212.52227874952288,True,0.9963642718453753,2.354803970572192,0.19077043307419136,,0.392324354394305,True,0.7000000000000017,0.21478980010994825
0.56,0.5173333333333333,0.6026666666666667,False,213.63948179230545,True,0.8911444948731203,0.10000000000000017,0.09162236994799894,-20.759969574921335,0.5643333333333332,0.004333333333333189,210.71457675375834,True,0.9963456368303516,2.9249050385471094,0.238658039531694,,0.24443674793679343,True,0.5999999999999976,0.0669021936524373
0.57,0.5273333333333333,0.6126666666666667,False,212.40900892134297,True,0.8911444948731203,0.0,0.08956974767911074,-20.95677298410959,0.5743333333333333,0.0043333333333333,208.615182143995,True,0.993445852717682,3.7938267773479595,0.3120096188760835,,0.07108516859240775,True,0.49999999999999706,-0.10644938569194712
0.58,0.5373333333333333,0.6226666666666667,False,209.96928336801093,True,0.8911444948731204,-0.19999999999999973,0.087253270429943,-21.184365716473884,0.5843333333333333,0.0043333333333333,207.8251548326919,True,0.9937886771037636,2.1441285353190267,0.17769604261458305,,0.00539874485390906,True,0.2999999999999983,-0.17213580943044737
0.59,0.5473333333333333,0.6326666666666667,False,208.75994928447787,True,0.8911444948731204,-0.30000000000000004,0.08469686435045973,-21.44265335666813,0.5943333333333333,0.0043333333333333,208.11603718595802,True,0.995153467669494,0.6439120985198485,0.053481777424872964,,0.029613010043618118,True,0.19999999999999687,-0.14792154424074003
0.6,0.5573333333333333,0.6426666666666667,False,207.55758045272898,True,0.8911444948731204,-0.3999999999999989,0.08269756313837999,-21.65014575360381,0.6043333333333332,0.004333333333333189,207.07043767877371,True,0.9972109996079407,0.48714277395527006,0.040680248714380834,,-0.057585461245889556,True,0.10000000000000017,-0.23512001553024547
0.61,0.5673333333333334,0.6526666666666666,False,206.36213675586595,True,0.8911444948731203,-0.4999999999999981,0.081761343621845,-21.749039603786482,0.6143333333333332,0.004333333333333189,205.3202842871552,True,0.9954455984488046,1.0418524687107436,0.08762552036993304,,-0.20453073290144194,True,0.0,-0.382065287185798
0.62,0.5773333333333334,0.6626666666666666,False,205.1735783080468,True,0.8911444948731203,-0.5999999999999991,0.0809259967640132,-21.83823885390606,0.6243333333333332,0.004333333333333189,202.4703436842979,True,0.9971546893328195,2.7032346237489264,0.22961217732078598,,-0.44651738985229344,True,-0.10000000000000067,-0.6240519441366499
0.63,0.5873333333333334,0.6726666666666666,False,202.8169587634771,True,0.8911444948731204,-0.8000000000000008,0.07966791069114688,-21.974331443108603,0.6343333333333332,0.004333333333333189,200.55262605039795,True,0.9998699601688558,2.264332713079142,0.19436919470965686,,-0.6112744072411692,True,-0.30000000000000204,-0.7888089615255256
0.64,0.5973333333333334,0.6826666666666666,False,201.6488190383855,True,0.8911444948731204,-0.8999999999999986,0.07725836261027272,-22.24109000791891,0.6443333333333332,0.004333333333333189,199.9857078522319,True,0.9968434913781717,1.6631111861535999,0.1433766758933076,,-0.660281888424813,True,-0.4000000000000008,-0.8378164427091692
0.65,0.6073333333333333,0.6926666666666667,False,199.33268480704808,True,0.8911444948731204,-1.0999999999999999,0.07479939868162368,-22.522037868994836,0.6543333333333332,0.004333333333333189,198.35852537558688,True,0.9925744172320841,0.974159431461203,0.08481461530565543,,-0.8017198278371658,True,-0.6000000000000011,-0.979254382121521
0.66,0.6173333333333333,0.7026666666666667,False,197.04315364635175,True,0.8266685594724996,-1.2999999999999985,0.07335425976305386,-22.69149322254296,0.6643333333333332,0.004333333333333189,195.93729348555414,True,0.9938387618715769,1.1058601607976186,0.09743527096005843,,-1.0143404834915652,True,-0.8000000000000008,-1.1918750377759209
0.67,0.6273333333333333,0.7126666666666667,False,195.90826859169485,True,0.8911444948731204,-1.4000000000000004,0.07225207657178051,-22.822993329710467,0.6743333333333332,0.004333333333333189,193.09285636011424,True,0.999323695385758,2.815412231580609,0.25060198098290315,,-1.2675071935144129,True,-0.9000000000000026,-1.4450417477987691
0.68,0.6373333333333333,0.7226666666666667,False,194.7799199939686,True,0.8911444948731204,-1.4999999999999982,0.0704943456046302,-23.036914332850177,0.6843333333333332,0.004333333333333189,192.02924285759673,True,0.9960137120969855,2.750677136371877,0.24622716561457844,,-1.3631323781460876,True,-0.9999999999999994,-1.540666932430443
0.69,0.6473333333333333,0.7326666666666667,False,193.6580702059513,True,0.8911444948731204,-1.5999999999999979,0.06804943454097684,-23.343509584599794,0.6943333333333332,0.0043333333333333,191.96745839736246,True,0.9937659078166032,1.6906118085888409,0.15179822191971087,,-1.3687034344512194,True,-1.0999999999999999,-1.5462379887355755
0.7,0.6573333333333333,0.7426666666666667,False,191.43371755306833,True,0.8911444948731204,-1.799999999999999,0.06533744017189995,-23.696757691364056,0.7043333333333333,0.0043333333333333,191.93720094658073,True,0.990746808167092,0.503483393512397,-0.04547283338713194,,-1.3714323791443772,True,-1.3000000000000005,-1.5489669334287335
0.71,0.6673333333333333,0.7526666666666667,False,190.3311404729313,True,0.8911444948731204,-1.8999999999999986,0.06405182200530939,-23.869370237793433,0.7143333333333333,0.0043333333333333,190.23129282304612,True,0.9960563992137778,0.09984764988519146,0.009084430834113356,,-1.5259896433656208,True,-1.4000000000000004,-1.7035241976499758
0.72,0.6773333333333333,0.7626666666666667,False,190.3311404729313,True,0.8911444948731203,-1.8999999999999986,0.06321023209427158,-23.98425230068209,0.7243333333333333,0.0043333333333333,187.74881767761167,True,0.9988777465499927,2.582322795319641,0.23649360791296709,,-1.7533988204444761,True,-1.4000000000000004,-1.9309333747288324
0.73,0.6873333333333334,0.7726666666666666,False,189.23491376948436,True,0.6860828109301793,-1.9999999999999987,0.06401968173507493,-23.873729784420146,0.7343333333333332,0.004333333333333189,187.18540458171495,True,0.9969032984080995,2.0495091877694165,0.188524103481725,,-1.8054293160132322,True,-1.5000000000000004,-1.982963870297589
0.74,0.6973333333333334,0.7826666666666666,False,187.0613654014066,True,0.6860828109301793,-2.1999999999999997,0.06365185657725195,-23.923778489225633,0.7443333333333332,0.004333333333333189,185.98869663881962,True,0.9940578249577013,1.0726687625869715,0.09956013908662235,,-1.9164653516181342,True,-1.7000000000000033,-2.0939999059024887
0.75,0.7073333333333334,0.7926666666666666,False,184.9127823656466,True,0.6159498854580678,-2.399999999999998,0.06258191871554122,-24.07102251673426,0.7543333333333332,0.004333333333333189,186.19927633661072,True,0.9830122444974074,1.2864939709641305,-0.12003011144428631,,-1.8968751010872233,True,-1.9000000000000006,-2.0744096553715785
0.76,0.7173333333333334,0.8026666666666666,False,183.84776310850236,True,0.6159498854580678,-2.499999999999999,0.06399855787068845,-23.8765962440281,0.7643333333333332,0.004333333333333189,187.504169021122,True,0.9074092851023899,3.656405912619647,-0.3409326000483203,,-1.7759726124831867,True,-2.0000000000000004,-1.9535071667675434
0.77,0.7273333333333334,0.8126666666666666,False,182.78887791090543,True,0.6159498854580681,-2.6000000000000005,0.06632095409353342,-23.566984693010816,0.7743333333333332,0.004333333333333189,183.53940010167543,True,0.9233055082016051,0.750522190769999,-0.07093808844103909,,-2.1459671240904705,True,-2.1000000000000014,-2.323501678374826
0.78,0.7373333333333333,0.8226666666666667,False,181.73609144327253,True,0.615949885458068,-2.699999999999999,0.06869942797080596,-23.260937581998725,0.7843333333333332,0.004333333333333189,181.56776403877987,True,0.9920131775293616,0.1683274044926577,0.016042447692418586,,-2.3329476602239283,True,-2.200000000000002,-2.5104822145082855
0.79,0.7473333333333333,0.8326666666666667,False,180.68936857950385,True,0.6159498854580681,-2.7999999999999954,0.07107461494994698,-22.965709688836583,0.7943333333333332,0.004333333333333189,180.94767970450715,True,0.994636745392149,0.2583111250033028,-0.02473181843695275,,-2.392173394094554,True,-2.2999999999999976,-2.569707948378909
0.8,0.7573333333333333,0.8426666666666667,False,179.64867439581087,True,0.6860828109301792,-2.900000000000002,0.07289041217707376,-22.746591878753094,0.8043333333333332,0.004333333333333189,180.17622599761847,True,0.9928236852928449,0.5275516018076019,-0.05076446622214036,,-2.4661407463093705,True,-2.4000000000000026,-2.643675300593727
0.81,0.7673333333333333,0.8526666666666667,False,179.64867439581087,True,0.8266685594724996,-2.900000000000002,0.07391889416636091,-22.624890776516487,0.8143333333333332,0.004333333333333189,179.13182544066973,True,0.9938971334272712,0.5168489551411426,0.04987936238122857,,-2.5667845749127407,True,-2.4000000000000026,-2.744319129197097
0.82,0.7773333333333333,0.8626666666666667,False,178.6139741695516,True,0.8266685594724994,-2.9999999999999987,0.07391145941563765,-22.625764445864608,0.8243333333333333,0.0043333333333333,178.28923409495457,True,0.9948338773619528,0.324740074597031,0.031504408835042436,,-2.648409621366551,True,-2.499999999999999,-2.825944175650907
0.83,0.7873333333333333,0.8726666666666667,False,177.5852333780714,True,0.8266685594724995,-3.100000000000001,0.07462632333352494,-22.542159090758517,0.8343333333333333,0.0043333333333333,177.2204390801592,True,0.9947464899331957,0.36479429791219786,0.0355994608321871,,-2.752504673363699,True,-2.6000000000000028,-2.930039227648054
0.84,0.7973333333333333,0.8826666666666667,False,177.5852333780714,True,0.8266685594724995,-3.100000000000001,0.07444239999764682,-22.56359267618473,0.8443333333333333,0.0043333333333333,176.12017488652552,True,0.9929821522508712,1.465058491545875,0.14341729531222597,,-2.860322507843736,True,-2.6000000000000028,-3.0378570621280936
0.85,0.8073333333333333,0.8926666666666667,False,176.56241769755178,True,0.8911444948731202,-3.2000000000000006,0.07216102208852604,-22.833946481533147,0.8543333333333333,0.0043333333333333,175.81074717269752,True,0.9939815747472396,0.7516705248542621,0.07386031116358285,,-2.8907655236950918,True,-2.700000000000001,-3.0683000779794476
0.86,0.8173333333333334,0.9026666666666666,False,175.5454930018647,True,0.9459302094659091,-3.299999999999999,0.06897714400618842,-23.225895830578857,0.8643333333333332,0.004333333333333189,175.2817552398336,True,0.9933290675284072,0.263737762031127,0.026029442237141362,,-2.942934654768649,True,-2.8,-3.120469209053005
0.87,0.8273333333333334,0.9126666666666666,False,175.5454930018647,True,0.9459302094659092,-3.299999999999999,0.06397552090052869,-23.879723386407022,0.8743333333333332,0.004333333333333189,174.2433524469817,True,0.9863424232270304,1.3021405548830103,0.12889607591493196,,-3.04580128844644,True,-2.8,-3.2233358427307968
0.88,0.8373333333333334,0.9226666666666666,False,174.53442536143424,True,0.8911444948731203,-3.3999999999999986,0.059600482551208034,-24.495004480202486,0.8843333333333332,0.004333333333333189,172.95775846818705,True,0.9777036837280487,1.576666893247193,0.15710270722746603,,-3.1740079197589743,True,-2.900000000000002,-3.35154247404333
0.89,0.8473333333333334,0.9326666666666666,False,174.53442536143424,True,0.8266685594724995,-3.3999999999999986,0.05624347620214275,-24.998556900321812,0.8943333333333332,0.004333333333333189,172.00704471713726,True,0.9740299049444323,2.527380644296983,0.2525276415197683,,-3.2694328540512765,True,-2.900000000000002,-3.446967408335632
0.9,0.8573333333333333,0.9426666666666667,False,174.53442536143424,True,0.7571601330199094,-3.3999999999999986,0.05357753820108181,-25.420344907593933,0.9043333333333332,0.004333333333333189,170.97470229189923,True,0.9805623035118621,3.5597230695350106,0.3567449516025937,,-3.3736501641341032,True,-2.900000000000002,-3.551184718418458
0.91,0.8673333333333333,0.9526666666666667,False,173.52918104210445,True,0.6860828109301793,-3.500000000000001,0.05110447174782858,-25.83082193059851,0.9143333333333332,0.004333333333333189,171.56406483547892,True,0.9831375790058478,1.965116206625538,0.19717064308894075,,-3.31407585562045,True,-3.0000000000000036,-3.4916104099048058
0.92,0.8773333333333333,0.9626666666666667,False,174.53442536143424,True,0.5485250542599845,-3.3999999999999986,0.04977957743860292,-26.058975885710392,0.9243333333333332,0.004333333333333189,174.54935104577444,True,0.9745541769087388,0.014925684340198586,-0.001480438490558076,,-3.0154247740409503,True,-2.900000000000002,-3.1929593283253066
0.93,0.8873333333333333,0.9726666666666667,False,175.5454930018647,True,0.5485250542599845,-3.299999999999999,0.049595817835577864,-26.09109887644932,0.9343333333333332,0.004333333333333189,177.21164924373429,True,0.9840952015533116,1.6661562418695723,-0.16354185483256076,,-2.753363357698946,True,-2.8,-2.930897911983304
0.94,0.8973333333333333,0.9826666666666667,False,177.5852333780714,True,0.6159498854580678,-3.100000000000001,0.05223590851419973,-25.640616948325075,0.9443333333333332,0.0043333333333333,177.89726513169248,True,0.9930319972042476,0.3120317536210848,-0.030392502430426294,,-2.6865127101010855,True,-2.6000000000000028,-2.8640472643854418
0.95,0.9073333333333333,0.9926666666666667,False,179.64867439581087,True,0.6159498854580678,-2.900000000000002,0.05660251241107485,-24.943285827807063,0.9543333333333333,0.0043333333333333,178.09999798111807,True,0.9915716116540971,1.5486764146928067,0.14988947801726565,,-2.666794690548778,True,-2.4000000000000026,-2.8443292448331334
0.96,0.9173333333333333,1.0026666666666666,False,179.64867439581087,True,0.6860828109301792,-2.900000000000002,0.06218680507289793,-24.12603510101952,0.9643333333333333,0.0043333333333333,179.02179536258086,True,0.9934903605739531,0.6268790332300114,0.060516575718595186,,-2.5774217882501063,True,-2.4000000000000026,-2.754956342534464
0.97,0.9273333333333333,1.0126666666666666,False,180.68936857950385,True,0.6860828109301792,-2.7999999999999954,0.06762627741011239,-23.397690366159004,0.9743333333333333,0.0043333333333333,180.36057314211732,True,0.9977807383805517,0.32879543738653183,0.03153148348513849,,-2.4484366960166435,True,-2.2999999999999976,-2.625971250301
0.98,0.9373333333333334,1.0226666666666666,False,182.78887791090543,True,0.7571601330199093,-2.6000000000000005,0.07192718710352332,-22.862138471255253,0.9843333333333332,0.004333333333333189,180.812009378134,True,0.9951494847445308,1.9768685327714195,0.188253437055296,,-2.405158649586803,True,-2.1000000000000014,-2.5826932038711594
0.99,0.9473333333333334,1.0326666666666666,False,182.78887791090543,True,0.8266685594724994,-2.6000000000000005,0.07566244822188775,-22.42239220560399,0.9943333333333332,0.004333333333333189,181.6865493076171,True,0.9921460769495496,1.1023286032883277,0.10472007096004063,,-2.3216252834915476,True,-2.1000000000000014,-2.499159837775905
1.0,0.9573333333333334,1.0426666666666666,False,183.84776310850236,True,0.8911444948731202,-2.499999999999999,0.07778901595198236,-22.18163444792306,1.004333333333333,0.004333333333333078,183.13239040589679,True,0.9966532051405853,0.7153727026055776,0.06749570173703703,,-2.184400914268545,True,-2.0000000000000004,-2.361935468552902
1.01,0.9673333333333334,1.0526666666666666,False,184.9127823656466,True,0.8911444948731202,-2.399999999999998,0.07925588444766869,-22.01936966402679,1.014333333333333,0.004333333333333078,184.78642102595572,True,0.9942482788344851,0.12636133969087382,0.011834543340666349,,-2.028739755872173,True,-1.9000000000000006,-2.2062743101565303
1.02,0.9773333333333334,1.0626666666666666,False,187.0613654014066,True,0.7571601330199091,-2.1999999999999997,0.07896807953202901,-22.0509684740769,1.024333333333333,0.004333333333333078,186.13336646191007,True,0.9915123286153853,0.9279989394965185,0.08609910782511257,,-1.9030043203566214,True,-1.7000000000000033,-2.080538874640977
1.03,0.9873333333333333,1.0726666666666667,False,189.23491376948436,True,0.6860828109301791,-1.9999999999999987,0.07761486816102903,-22.20110151767799,1.034333333333333,0.004333333333333078,187.9917993817145,True,0.9974831576415661,1.2431143877698787,0.11410272234018957,,-1.7310079348716962,True,-1.5000000000000004,-1.9085424891560532
1.04,0.9973333333333333,1.0826666666666667,False,191.43371755306833,True,0.6860828109301791,-1.799999999999999,0.075365350336585,-22.456565553779704,1.0443333333333331,0.004333333333333078,190.92043206279897,True,0.9753270915221072,0.513285490269368,0.046481402246645945,,-1.4633866147781514,True,-1.3000000000000005,-1.6409211690625076
1.05,1.0073333333333334,1.0926666666666667,False,192.54268179725335,True,0.615949885458068,-1.6999999999999988,0.07379263793105828,-22.639739285328943,1.0543333333333331,0.004333333333333078,197.28402531507467,True,0.8954641244015124,4.741343517821321,-0.4211502178121438,,-0.8957549947193653,True,-1.2000000000000022,-1.0732895490037206
1.06,1.0173333333333334,1.1026666666666667,False,193.6580702059513,True,0.6159498854580681,-1.5999999999999979,0.07314973388790473,-22.71574498919439,1.0643333333333331,0.004333333333333078,197.13345737948342,True,0.9176042853553371,3.4753871735321127,-0.30793232758704725,,-0.9089728849444612,True,-1.0999999999999999,-1.0865074392288183
1.07,1.0273333333333334,1.1126666666666667,False,194.7799199939686,True,0.6860828109301793,-1.4999999999999982,0.07180747397604965,-22.876607009965227,1.0743333333333331,0.004333333333333078,194.91278905644486,True,0.9891255671296706,0.13286906247626007,-0.011805581608173934,,-1.1050996309233334,True,-0.9999999999999994,-1.2826341852076895
1.08,1.0373333333333334,1.1226666666666667,False,194.7799199939686,True,0.6860828109301793,-1.4999999999999982,0.0709557282965064,-22.980250758988134,1.0843333333333331,0.004333333333333078,194.50130721237034,True,0.9900894710810508,0.2786127815982695,0.024781262627464003,,-1.1416864751589708,True,-0.9999999999999994,-1.3192210294433275
1.09,1.0473333333333332,1.1326666666666667,False,194.7799199939686,True,0.7571601330199093,-1.4999999999999982,0.06987445394970701,-23.11363145976499,1.0943333333333332,0.004333333333333078,194.24395669048198,True,0.9900458156341241,0.5359633034866249,0.04770290785344238,,-1.1646081203849485,True,-0.9999999999999994,-1.3421426746693066
1.1,1.0573333333333332,1.1426666666666667,False,194.7799199939686,True,0.8911444948731204,-1.4999999999999982,0.06919832308743529,-23.19808859719366,1.1043333333333332,0.004333333333333078,194.1891977999077,True,0.9955454862455164,0.590722194060902,0.0525840800903344,,-1.1694892926218405,True,-0.9999999999999994,-1.3470238469061957
1.11,1.0673333333333332,1.1526666666666667,False,194.7799199939686,True,0.9459302094659092,-1.4999999999999982,0.06892740212269341,-23.232161795571198,1.1143333333333332,0.004333333333333078,194.1691363579747,True,0.9937946407017036,0.6107836359938972,0.05437268861621699,,-1.1712779011477255,True,-0.9999999999999994,-1.3488124554320815
1.12,1.0773333333333333,1.1626666666666667,False,194.7799199939686,True,0.9459302094659092,-1.4999999999999982,0.06907622461278651,-23.21342813970604,1.1243333333333332,0.004333333333333078,194.4769062704735,True,0.9944584540422224,0.3030137234950985,0.02695329900545259,,-1.1438585115369606,True,-0.9999999999999994,-1.3213930658213173
1.13,1.0873333333333333,1.1726666666666667,False,194.7799199939686,True,0.9459302094659092,-1.4999999999999982,0.06779640854588513,-23.375866237707854,1.1343333333333332,0.0043333333333333,194.83803536111975,True,0.9948209492823975,0.05811536715114585,-0.005164613270481859,,-1.1117405992610263,True,-0.9999999999999994,-1.2892751535453832
1.14,1.0973333333333333,1.1826666666666668,False,194.7799199939686,True,0.9459302094659092,-1.4999999999999982,0.06500531143421058,-23.741023134119065,1.1443333333333332,0.0043333333333333,194.87865346979524,True,0.9939692657700873,0.09873347582663428,-0.008773360599894715,,-1.1081318519316126,True,-0.9999999999999994,-1.2856664062159688
1.15,1.1073333333333333,1.1926666666666668,False,194.7799199939686,True,0.9459302094659092,-1.4999999999999982,0.061302979147179595,-24.250368390303073,1.1543333333333332,0.0043333333333333,195.02263170564157,True,0.9852077459950533,0.24271171167296757,-0.021559162803097172,,-1.095346049728411,True,-0.9999999999999994,-1.2728806040127671
1.16,1.1173333333333333,1.2026666666666668,False,194.7799199939686,True,0.9459302094659092,-1.4999999999999982,0.05588665600337743,-25.053837515224796,1.1643333333333332,0.0043333333333333,195.70407243515996,True,0.9788329170229131,0.9241524411913531,-0.08194585134917812,,-1.034959361182328,True,-0.9999999999999994,-1.212493915466684
1.17,1.1273333333333333,1.2126666666666666,False,194.7799199939686,True,0.9459302094659092,-1.4999999999999982,0.05027876038007581,-25.972308767187506,1.1743333333333332,0.0043333333333333,196.5108346314765,True,0.9823908375986186,1.730914637507908,-0.1531668135516457,,-0.9637383989798622,True,-0.9999999999999994,-1.141272953264218
1.18,1.1373333333333333,1.2226666666666666,False,195.90826859169485,True,0.8911444948731203,-1.4000000000000004,0.04519063026244054,-26.89903203259645,1.184333333333333,0.004333333333333078,196.16255597489362,True,0.9693916178288892,0.254287383198772,-0.0224567098689959,,-0.9944485026625131,True,-0.9000000000000026,-1.1719830569468699
1.19,1.1473333333333333,1.2326666666666666,False,195.90826859169485,True,0.8911444948731202,-1.4000000000000004,0.04038495994777781,-27.87560686997407,1.194333333333333,0.004333333333333078,194.98552851000434,True,0.8919620612576495,0.922740081690506,0.08173483575193904,,-1.098640048283447,True,-0.9000000000000026,-1.2761746025678031
1.2,1.1573333333333333,1.2426666666666666,False,195.90826859169485,True,0.8266685594724997,-1.4000000000000004,0.0350322267924125,-29.1106451252302,1.204333333333333,0.004333333333333078,191.20553297226607,True,0.7328774219214587,4.702735619428779,0.42064821954587434,,-1.4375534320773866,True,-0.9000000000000026,-1.615087986361742
1.21,1.1673333333333333,1.2526666666666666,False,195.90826859169485,True,0.7571601330199094,-1.4000000000000004,0.02961954181985966,-30.568433275948937,1.214333333333333,0.004333333333333078,188.80737398724787,True,0.7940225935369768,7.100894604446978,0.6391581454176312,,-1.6560633579491426,False,-0.9000000000000026,-1.8335979122334982
1.22,1.1773333333333333,1.2626666666666666,False,194.7799199939686,True,0.6159498854580678,-1.4999999999999982,0.023604635651451617,-32.54005397437302,1.224333333333333,0.004333333333333078,187.84153582794502,True,0.9081776152926716,6.938384166023582,0.6279461667667273,,-1.744851379298236,False,-0.9999999999999994,-1.9223859335825928
1.23,1.1873333333333334,1.2726666666666666,False,192.54268179725335,True,0.15046460134333883,-1.6999999999999988,0.015357970436354845,-36.27332345500914,1.234333333333333,0.004333333333333078,,False,0.0,,,pyin_probability_below_0.5|voicing_disagreement,,False,-1.2000000000000022,
1.24,1.1973333333333334,1.2826666666666666,False,191.43371755306833,True,0.010000000208892738,-1.799999999999999,0.01099598458341556,-39.175317554349206,1.244333333333333,0.004333333333333078,,False,0.0,,,pyin_probability_below_0.5|voicing_disagreement,,False,-1.3000000000000005,
1.25,1.2073333333333334,1.2926666666666666,False,,False,0.010000002871100366,,0.016601804450363432,-35.596894118420586,1.254333333333333,0.004333333333333078,,False,0.0,,,,,False,,
1.26,1.2173333333333334,1.3026666666666666,False,,False,0.010000000047726028,,0.020780712061941223,-33.6467915039372,1.264333333333333,0.004333333333333078,,False,0.0,,,,,False,,
1.27,1.2273333333333334,1.3126666666666666,False,,False,0.010000000003996624,,0.023952199338762113,-32.41309205264222,1.274333333333333,0.004333333333333078,,False,0.0,,,,,False,,
1.28,1.2373333333333334,1.3226666666666667,False,,False,0.010000000000221911,,0.02653232847414887,-31.5244926942098,1.284333333333333,0.004333333333333078,,False,0.0,,,,,False,,
1.29,1.2473333333333334,1.3326666666666667,False,,False,0.0100000000000754,,0.02849756670402912,-30.90384442237598,1.2943333333333331,0.004333333333333078,,False,0.0,,,,,False,,
1.3,1.2573333333333334,1.3426666666666667,False,,False,0.010000000000023851,,0.029802269813491225,-30.515013154760794,1.3043333333333331,0.004333333333333078,,False,0.0,,,,,False,,
1.31,1.2673333333333334,1.3526666666666667,False,,False,0.010000000000006925,,0.03104156080561701,-30.161129000709337,1.3143333333333331,0.004333333333333078,,False,0.0,,,,,False,,
1.32,1.2773333333333334,1.3626666666666667,False,,False,0.010000000000023851,,0.031978693815168796,-29.902785583809166,1.3243333333333331,0.004333333333333078,,False,0.0,,,,,False,,
1.33,1.2873333333333334,1.3726666666666667,False,,False,0.010000000000006925,,0.03110417010088679,-30.143627633999678,1.3343333333333331,0.004333333333333078,,False,0.0,,,,,False,,
1.34,1.2973333333333332,1.3826666666666667,False,,False,0.010000000000075398,,0.02836077042151426,-30.94563951401936,1.3443333333333332,0.004333333333333078,,False,0.0,,,,,False,,
1.35,1.3073333333333332,1.3926666666666667,False,,False,0.01000000000002385,,0.025898185502790053,-31.734613254074336,1.3543333333333332,0.004333333333333078,,False,0.0,,,,,False,,
1.36,1.3173333333333332,1.4026666666666667,False,,False,0.010000000000006923,,0.02416110988182508,-32.337662390686226,1.3643333333333332,0.004333333333333078,,False,0.0,,,,,False,,
1.37,1.3273333333333333,1.4126666666666667,False,,False,0.010000000000221913,,0.02684982600606529,-31.421170485955603,1.3743333333333332,0.004333333333333078,,False,0.0,,,,,False,,
1.38,1.3373333333333333,1.4226666666666667,False,269.16888019875813,True,0.011085791888943373,4.099999999999998,0.03970491433004792,-28.02311473408978,1.3843333333333332,0.0043333333333333,,False,0.0,,,pyin_probability_below_0.5|voicing_disagreement,,False,4.599999999999999,
1.39,1.3473333333333333,1.4326666666666668,False,269.16888019875813,True,0.056071395445892624,4.099999999999998,0.04988787150296388,-26.040100502189382,1.3943333333333332,0.0043333333333333,,False,0.0,,,pyin_probability_below_0.5|voicing_disagreement,,False,4.599999999999999,
1.4,1.3573333333333333,1.4426666666666668,False,261.5061646776419,True,0.1765306086328976,3.6000000000000005,0.05783210744447856,-24.756619627961815,1.4043333333333332,0.0043333333333333,269.130988201658,True,0.7578284529197598,7.624823524016108,-0.49756269991779134,pyin_probability_below_0.5,4.480657487386282,False,4.099999999999998,4.303122933101926
1.41,1.3673333333333333,1.4526666666666668,False,258.50251019256234,True,0.32333605839064083,3.400000000000004,0.06690168223211075,-23.491259236590416,1.4143333333333332,0.0043333333333333,261.1162088156306,True,0.8920815131629407,2.6136986230682737,-0.17416471144465528,pyin_probability_below_0.5,3.957259498913148,False,3.9000000000000004,3.7797249446287937
1.42,1.3773333333333333,1.4626666666666666,False,257.013645291753,True,0.4849868077159112,3.3000000000000003,0.07501123846467506,-22.497473282153983,1.4243333333333332,0.0043333333333333,257.64954963025946,True,0.9788072678095951,0.6359043385064638,-0.0427813690141772,pyin_probability_below_0.5,3.725876156482668,False,3.799999999999997,3.548341602198312
1.43,1.3873333333333333,1.4726666666666666,False,255.5333556217653,True,0.5485250542599844,3.2000000000000033,0.08572132764429534,-21.33822222527653,1.434333333333333,0.004333333333333078,256.92370507138645,True,0.9956025997766739,1.3903494496211408,-0.09394060099509388,,3.6770353884635876,True,3.7000000000000015,3.49950083417923
1.44,1.3973333333333333,1.4826666666666666,False,255.5333556217653,True,0.615949885458068,3.2000000000000033,0.09585235268273908,-20.367944459142116,1.444333333333333,0.004333333333333078,255.64774446324236,True,0.9941429554436143,0.11438884147705153,-0.007748090078875441,,3.590842877547369,True,3.7000000000000015,3.4133083232630117
1.45,1.4073333333333333,1.4926666666666666,False,254.06159179290393,True,0.6860828109301793,3.0999999999999988,0.10781772979812489,-19.34619633765034,1.454333333333333,0.004333333333333078,253.81358695601747,True,0.9940818839523011,0.24800483688645159,0.01690787303825268,,3.466186914430238,True,3.599999999999997,3.2886523601458832
1.46,1.4173333333333333,1.5026666666666666,False,252.59830469993753,True,0.8266685594724995,2.999999999999999,0.11267449336197272,-18.963487720936325,1.464333333333333,0.004333333333333078,252.39411153070765,True,0.9949012865124743,0.20419316922988173,0.014000455256819682,,3.369094332211673,True,3.4999999999999982,3.191559777927318
1.47,1.4273333333333333,1.5126666666666666,False,251.14344552045984,True,0.9459302094659093,2.9,0.11406309853967364,-18.85709669843326,1.474333333333333,0.004333333333333078,251.39773947092422,True,0.9943293368602649,0.25429395046438685,-0.01752064890356011,,3.300615436372052,True,3.3999999999999977,3.123080882087694
1.48,1.4373333333333334,1.5226666666666666,False,251.14344552045984,True,0.9459302094659092,2.9,0.11053040268722239,-19.13036495483351,1.484333333333333,0.004333333333333078,250.10423903063818,True,0.9935482535728154,1.0392064898216518,0.07178535851096444,,3.2113094289575264,True,3.3999999999999977,3.033774874673169
1.49,1.4473333333333334,1.5326666666666666,False,249.6969657132611,True,0.9459302094659093,2.8000000000000003,0.10690395565793175,-19.42012449477141,1.494333333333333,0.004333333333333078,248.54826779849662,True,0.9901727546009619,1.1486979147644831,0.07982689373894941,,3.10326789372954,True,3.3000000000000003,2.925733339445183
1.5,1.4573333333333334,1.5426666666666666,False,249.6969657132611,True,0.9459302094659093,2.8000000000000003,0.10079490065703028,-19.9312287769631,1.504333333333333,0.004333333333333078,246.83034978932292,True,0.9745942232119971,2.866615923938184,0.19990192192866796,,2.983192865539823,True,3.3000000000000003,2.8056583112554656
1.51,1.4673333333333334,1.5526666666666666,False,249.6969657132611,True,0.8911444948731203,2.8000000000000003,0.09475648882651883,-20.467820806076958,1.514333333333333,0.004333333333333078,245.6486341973704,True,0.9172974031615226,4.048331515890709,0.2829848660569667,,2.9001099214115245,True,3.3000000000000003,2.7225753671271686
1.52,1.4773333333333334,1.5626666666666666,False,248.25881701670832,True,0.8911444948731204,2.7,0.08406442204045059,-21.507755370776668,1.524333333333333,0.004333333333333078,244.0501682914176,True,0.8064669445692475,4.208648725290715,0.2960065200671992,,2.7870882674012942,True,3.2,2.609553713116938
1.53,1.4873333333333334,1.5726666666666667,False,246.828951447135,True,0.7571601330199094,2.6000000000000005,0.07108918097498704,-22.963929785794704,1.534333333333333,0.004333333333333078,242.6097851699352,True,0.7219565544605975,4.219166277199804,0.2984866015842992,,2.6846081858841906,True,3.0999999999999988,2.5070736315998348
1.54,1.4973333333333334,1.5826666666666667,False,245.40732129724032,True,0.42606232904328145,2.500000000000002,0.05263472589613471,-25.57455268763843,1.5443333333333331,0.004333333333333078,239.88907094494144,True,0.6812076824130822,5.518250352298878,0.3937302987332068,pyin_probability_below_0.5,2.4893644887352826,False,2.999999999999999,2.3118299344509268
1.55,1.5073333333333334,1.5926666666666667,False,243.99387913449723,True,0.04768699308253104,2.4000000000000012,0.03602806194196332,-28.86718198516395,1.5543333333333331,0.004333333333333078,238.38806612344015,True,0.6419520956244281,5.60581301105708,0.4023952958601672,pyin_probability_below_0.5,2.3806994916083273,False,2.9,2.2031649373239683
1.56,1.5173333333333334,1.6026666666666667,False,237.04784702513638,True,0.013980210380185928,1.9000000000000006,0.036602536695916156,-28.729776305848024,1.5643333333333331,0.004333333333333078,231.60100872220465,True,0.5873260241257297,5.446838302931724,0.40244103625092653,pyin_probability_below_0.5,1.8806537512175643,False,2.399999999999998,1.7031191969332098
1.57,1.5273333333333334,1.6126666666666667,False,243.99387913449723,True,0.056071395445892624,2.4000000000000012,0.04918059129901753,-26.164125080731427,1.5743333333333331,0.004333333333333078,212.0316849009994,True,0.7658643043046574,31.962194233497826,2.4307810430593824,pyin_probability_below_0.5|pitch_difference_over_1_semitone,0.3523137444091101,False,2.9,0.17477919012475396
1.58,1.5373333333333334,1.6226666666666667,False,241.19137040474044,True,0.20650679911775233,2.1999999999999993,0.06006906134459486,-24.426983088054026,1.5843333333333331,0.004333333333333078,226.75159688481253,True,0.8667903375633023,14.439773519927911,1.0687869484280645,pyin_probability_below_0.5|pitch_difference_over_1_semitone,1.5143078390404285,False,2.6999999999999966,1.3367732847560707
1.59,1.5473333333333332,1.6326666666666667,False,239.8022103323442,True,0.2796051653363588,2.100000000000002,0.0673662895152737,-23.43114745206163,1.5943333333333332,0.004333333333333078,240.63217175076937,True,0.8683614092868066,0.8299614184251709,-0.05981499034756134,pyin_probability_below_0.5,2.5429097778160523,False,2.6000000000000005,2.365375223531697
1.6,1.5573333333333332,1.6426666666666667,False,238.4210512332145,True,0.3721358982975087,2.0000000000000004,0.07370923719105603,-22.649561664874845,1.6043333333333332,0.004333333333333078,242.61842370486494,True,0.9146743593864355,4.197372471650425,-0.30212982283342543,pyin_probability_below_0.5,2.685224610301916,False,2.4999999999999987,2.5076900560175623
1.61,1.5673333333333332,1.6526666666666667,False,238.4210512332145,True,0.48498680771591124,2.0000000000000004,0.07991932937255489,-21.946963381282323,1.6143333333333332,0.004333333333333078,240.61751642798095,True,0.9496154703685905,2.196465194766432,-0.1587605774536952,pyin_probability_below_0.5,2.541855364922186,False,2.4999999999999987,2.364320810637831
1.62,1.5773333333333333,1.6626666666666667,False,238.4210512332145,True,0.5485250542599845,2.0000000000000004,0.08392122583815326,-21.52256362048982,1.6243333333333332,0.004333333333333078,238.5846102632121,True,0.9635151038838972,0.1635590299976002,-0.011872352708478008,,2.3949671401769677,True,2.4999999999999987,2.2174325858926123
1.63,1.5873333333333333,1.6726666666666667,False,237.04784702513638,True,0.615949885458068,1.9000000000000006,0.08714066872853017,-21.19558223113218,1.6343333333333332,0.0043333333333333,236.9223557482541,True,0.973074422807857,0.12549127688228623,0.009167444501988047,,2.2739273429665046,True,2.399999999999998,2.096392788682147
1.64,1.5973333333333333,1.6826666666666668,False,237.04784702513638,True,0.6860828109301793,1.9000000000000006,0.08811289450526828,-21.099210639316375,1.6443333333333332,0.0043333333333333,236.19588761181808,True,0.9801492989542817,0.8519594133182977,0.062333323410272326,,2.220761464058218,True,2.399999999999998,2.0432269097738622
1.65,1.6073333333333333,1.6926666666666668,False,237.04784702513638,True,0.7571601330199094,1.9000000000000006,0.08325956451333369,-21.591317300152433,1.6543333333333332,0.0043333333333333,236.2937157169392,True,0.9764051799036393,0.7541313081971737,0.05516434666376455,,2.2279304408047262,True,2.399999999999998,2.050395886520369
1.66,1.6173333333333333,1.7026666666666668,False,237.04784702513638,True,0.8266685594724994,1.9000000000000006,0.07903693143915677,-22.043398586250444,1.6643333333333332,0.0043333333333333,236.21600726047188,True,0.9664494733639231,0.8318397646644939,0.060858685654372524,,2.22223610181412,True,2.399999999999998,2.044701547529765
1.67,1.6273333333333333,1.7126666666666666,False,237.04784702513638,True,0.8911444948731203,1.9000000000000006,0.07223036104622066,-22.82560428593429,1.6743333333333332,0.0043333333333333,236.42897044764214,True,0.960772605272069,0.618876577494234,0.04525758279001008,,2.2378372046784802,True,2.399999999999998,2.0603026503941253
1.68,1.6373333333333333,1.7226666666666666,False,235.68255189130872,True,0.8911444948731202,1.800000000000001,0.06516396307516255,-23.7198502216671,1.6843333333333332,0.0043333333333333,237.63561807926,True,0.9724264663118833,1.9530661879512934,-0.14287361396876688,,2.325968401437258,True,2.3000000000000003,2.1484338471529036
1.69,1.6473333333333333,1.7326666666666666,False,235.68255189130872,True,0.8266685594724996,1.800000000000001,0.05699807051905621,-24.882796913606274,1.694333333333333,0.004333333333333078,237.31852753234836,True,0.9667980789695543,1.6359756410396358,-0.11975735998578449,,2.302852147454276,True,2.3000000000000003,2.125317593169921
1.7,1.6573333333333333,1.7426666666666666,False,235.68255189130872,True,0.6860828109301793,1.800000000000001,0.048926997417061274,-26.20902870961768,1.704333333333333,0.004333333333333078,232.21903979521687,True,0.9209481083203714,3.463512096091847,0.256304303971329,,1.9267904834971632,True,2.3000000000000003,1.749255929212807
1.71,1.6673333333333333,1.7526666666666666,False,237.04784702513638,True,0.1504646013433388,1.9000000000000006,0.04534620048993415,-26.86918192307394,1.714333333333333,0.004333333333333078,225.3343348436116,True,0.8275962653925028,11.713512181524777,0.8773335838321442,pyin_probability_below_0.5,1.4057612036363476,False,2.399999999999998,1.2282266493519924
1.72,1.6773333333333333,1.7626666666666666,False,237.04784702513638,True,0.12793708630129036,1.9000000000000006,0.039641955987489666,-28.036898499670674,1.724333333333333,0.004333333333333078,230.44703124949257,True,0.5884051304566831,6.6008157756438095,0.4889172929889465,pyin_probability_below_0.5,1.7941774944795448,False,2.399999999999998,1.6166429401951872
1.73,1.6873333333333334,1.7726666666666666,False,235.68255189130872,True,0.04069733156888106,1.800000000000001,0.03442502699369244,-29.262514210552464,1.734333333333333,0.004333333333333078,,False,0.0,,,pyin_probability_below_0.5|voicing_disagreement,,False,2.3000000000000003,
1.74,1.6973333333333334,1.7826666666666666,False,232.97550689710764,True,0.010191075496968311,1.599999999999999,0.02815063269570043,-31.010236795532595,1.744333333333333,0.004333333333333078,,False,0.0,,,pyin_probability_below_0.5|voicing_disagreement,,False,2.0999999999999988,
1.75,1.7073333333333334,1.7926666666666666,False,243.99387913449723,True,0.01,2.4000000000000012,0.02127933683845438,-33.44083821540411,1.754333333333333,0.004333333333333078,,False,0.0,,,pyin_probability_below_0.5|voicing_disagreement,,False,2.9,
1.76,1.7173333333333334,1.8026666666666666,False,,False,0.01,,0.02054518061353982,-33.74580072968842,1.764333333333333,0.004333333333333078,,False,0.0,,,,,False,,
1.77,1.7273333333333334,1.8126666666666666,False,,False,0.01,,0.021222521240996422,-33.46406046146558,1.774333333333333,0.004333333333333078,,False,0.0,,,,,False,,
1.78,1.7373333333333334,1.8226666666666667,False,,False,0.01,,0.023445377718424722,-32.59885532273282,1.784333333333333,0.004333333333333078,,False,0.0,,,,,False,,
1.79,1.7473333333333334,1.8326666666666667,False,,False,0.01,,0.024099560852924553,-32.35981742309953,1.7943333333333331,0.004333333333333078,,False,0.0,,,,,False,,
1.8,1.7573333333333334,1.8426666666666667,False,,False,0.01,,0.01992674287325875,-34.01127366249013,1.8043333333333331,0.004333333333333078,,False,0.0,,,,,False,,
1.81,1.7673333333333334,1.8526666666666667,False,,False,0.01,,0.020271246729076767,-33.862390807187694,1.8143333333333331,0.004333333333333078,,False,0.0,,,,,False,,
1.82,1.7773333333333334,1.8626666666666667,False,,False,0.01,,0.020461522903049093,-33.78124091807122,1.8243333333333331,0.004333333333333078,,False,0.0,,,,,False,,
1.83,1.7873333333333334,1.8726666666666667,False,,False,0.01,,0.020506940591683984,-33.761982534472835,1.8343333333333331,0.004333333333333078,,False,0.0,,,,,False,,
1.84,1.7973333333333332,1.8826666666666667,False,,False,0.01000000000000011,,0.019955285250424438,-33.99884119643667,1.8443333333333332,0.004333333333333078,,False,0.0,,,,,False,,
1.85,1.8073333333333332,1.8926666666666667,False,,False,0.01000000000022191,,0.0187502348387925,-34.53986577093535,1.8543333333333332,0.004333333333333078,,False,0.0,,,,,False,,
1.86,1.8173333333333332,1.9026666666666667,False,,False,0.010000000009505966,,0.016942842886761556,-35.42027432822343,1.8643333333333332,0.004333333333333078,,False,0.0,,,,,False,,
1.87,1.8273333333333333,1.9126666666666667,False,246.828951447135,True,0.010000000208892744,2.6000000000000005,0.018089459721973733,-34.85148808045929,1.8743333333333332,0.004333333333333078,,False,0.0,,,pyin_probability_below_0.5|voicing_disagreement,,False,3.0999999999999988,
1.88,1.8373333333333333,1.9226666666666667,False,238.4210512332145,True,0.011853505394683413,2.0000000000000004,0.02567198968329486,-31.810809408815874,1.8843333333333332,0.0043333333333333,,False,0.0,,,pyin_probability_below_0.5|voicing_disagreement,,False,2.4999999999999987,
1.89,1.8473333333333333,1.9326666666666668,False,237.04784702513638,True,0.07797523762294818,1.9000000000000006,0.03283849585329059,-29.672334873668458,1.8943333333333332,0.0043333333333333,240.4722988845592,True,0.5505182722104129,3.424451859422817,-0.24830907524653215,pyin_probability_below_0.5,2.531403862715026,False,2.399999999999998,2.353869308430668
1.9,1.8573333333333333,1.9426666666666668,False,235.68255189130872,True,0.2796051653363589,1.800000000000001,0.040875468384574204,-27.770745156029836,1.9043333333333332,0.0043333333333333,236.75368521054793,True,0.8261721699560095,1.071133319239209,-0.07850310815242283,pyin_probability_below_0.5,2.261597895620914,False,2.3000000000000003,2.0840633413365577
1.91,1.8673333333333333,1.9526666666666668,False,234.3251202788159,True,0.4260623290432815,1.7000000000000026,0.04693356793191732,-26.570328581531673,1.9143333333333332,0.0043333333333333,234.21151332792985,True,0.9324773122704824,0.11360695088603734,0.008395511101233707,pyin_probability_below_0.5,2.0746992763672583,False,2.1999999999999993,1.8971647220829015
1.92,1.8773333333333333,1.9626666666666666,False,234.3251202788159,True,0.6159498854580681,1.7000000000000026,0.052734014320385304,-25.558183344152766,1.9243333333333332,0.0043333333333333,234.64395391875027,True,0.9781730546671211,0.3188336399343825,-0.023539963245115182,,2.106634750713609,True,2.1999999999999993,1.9291001964292522
1.93,1.8873333333333333,1.9726666666666666,False,234.3251202788159,True,0.6860828109301792,1.7000000000000026,0.059327135969996045,-24.53493233628459,1.9343333333333332,0.0043333333333333,234.67668396539713,True,0.9904700710131494,0.35156368658124393,-0.025954660861221883,,2.1090494483297153,True,2.1999999999999993,1.9315148940453608
1.94,1.8973333333333333,1.9826666666666666,False,232.97550689710764,True,0.7571601330199093,1.599999999999999,0.06458631996717976,-23.79718920416046,1.944333333333333,0.004333333333333078,233.97263830177806,True,0.9904194366114822,0.9971314046704265,-0.07393842253615421,,2.057033210004647,True,2.0999999999999988,1.8794986557202877
1.95,1.9073333333333333,1.9926666666666666,False,232.97550689710764,True,0.8266685594724996,1.599999999999999,0.06919774844001698,-23.198160728201444,1.954333333333333,0.004333333333333078,232.79016862213876,True,0.9928847654990215,0.18533827496887056,0.013777913058925817,,1.9693168744095673,True,2.0999999999999988,1.791782320125211
1.96,1.9173333333333333,2.002666666666667,False,232.97550689710764,True,0.8911444948731204,1.599999999999999,0.07258856370531576,-22.78263593611009,1.964333333333333,0.004333333333333078,232.0395127142067,True,0.9949179106842639,0.9359941829009415,0.06969354189430552,,1.9134012455741845,True,2.0999999999999988,1.7358666912898293
1.97,1.9273333333333333,2.0126666666666666,False,232.97550689710764,True,0.8911444948731204,1.599999999999999,0.07356393758597601,-22.666700654994077,1.974333333333333,0.004333333333333078,231.5989784443448,True,0.9957959917883015,1.376528452762841,0.10259280163337395,,1.8805019858351197,True,2.0999999999999988,1.7029674315507606
1.98,1.9373333333333334,2.022666666666667,False,231.63366671648822,True,0.9459302094659092,1.5000000000000004,0.07333550282274819,-22.693714518855103,1.984333333333333,0.004333333333333078,231.32386478729023,True,0.9953524184152758,0.3098019291979881,0.02317014809587408,,1.8599246393726179,True,2.0000000000000004,1.6823900850882634
1.99,1.9473333333333334,2.0326666666666666,False,231.63366671648822,True,0.9459302094659092,1.5000000000000004,0.07239660582495316,-22.80563588767237,1.994333333333333,0.004333333333333078,230.53847324510218,True,0.9950846517992311,1.0951934713860396,0.0820490727587323,,1.8010457147097623,True,2.0000000000000004,1.623511160425406
2.0,1.9573333333333334,2.042666666666667,False,230.29955496661373,True,0.9459302094659092,1.3999999999999968,0.07061088274667028,-23.02256718219578,2.0043333333333333,0.0043333333333333,229.94862377850743,True,0.9955334824040694,0.3509311881063013,0.026400718895771252,,1.7566940685727173,True,1.8999999999999972,1.5791595142883608
2.01,1.9673333333333334,2.0526666666666666,False,230.29955496661373,True,0.9459302094659092,1.3999999999999968,0.06809963858781423,-23.337103858582612,2.014333333333333,0.0043333333333333,229.33842073214964,True,0.9945881602707134,0.9611342344640832,0.0724026658217471,,1.7106921216467417,True,1.8999999999999972,1.533157567362386
2.02,1.9773333333333334,2.062666666666667,False,228.9731271349986,True,0.9459302094659092,1.300000000000003,0.06558286156564082,-23.664192755146306,2.0243333333333333,0.0043333333333333,227.77771180916983,True,0.9885758181453509,1.195415325828776,0.09062045490648174,,1.5924743325620074,True,1.800000000000001,1.4149397782776534
2.03,1.9873333333333334,2.0726666666666667,False,228.9731271349986,True,0.8911444948731203,1.300000000000003,0.06428785829513334,-23.83742084426578,2.0343333333333335,0.004333333333333744,225.04070608407488,True,0.9887086420893353,3.932421050923722,0.2999076668573857,,1.383187120611105,True,1.800000000000001,1.2056525663267492
2.04,1.9973333333333334,2.082666666666667,False,227.65433896553014,True,0.8911444948731203,1.1999999999999993,0.061685241790935326,-24.196374571984997,2.0443333333333333,0.0043333333333333,226.0606000182749,True,0.9911195488671067,1.5937389472552468,0.12162466966997151,,1.461470117798518,True,1.6999999999999993,1.2839355635141632
2.05,2.0073333333333334,2.0926666666666667,False,227.65433896553014,True,0.8911444948731204,1.1999999999999993,0.0592622857288632,-24.54443203845972,2.0543333333333336,0.004333333333333744,226.65375079539405,True,0.9958109590588514,1.0005881701360977,0.07625904751403917,,1.5068357399544516,True,1.6999999999999993,1.3293011856700927
2.06,2.017333333333333,2.1026666666666665,False,226.34314645699226,True,0.8911444948731203,1.099999999999998,0.05794709329365028,-24.73936687931873,2.0643333333333334,0.0043333333333333,226.36906104232295,True,0.9979372128669896,0.025914585330696127,-0.0019820191193322713,,1.4850768065878222,True,1.599999999999999,1.3075422523034663
2.07,2.0273333333333334,2.1126666666666667,False,225.0395058615972,True,0.8911444948731203,1.0000000000000009,0.05826522650705437,-24.69181121759114,2.074333333333333,0.0043333333333333,226.181591279851,True,0.9968367120249942,1.1420854182537994,-0.08763869410757819,,1.4707334815760724,True,1.5000000000000004,1.2931989272917137
2.08,2.037333333333333,2.1226666666666665,False,225.0395058615972,True,0.8911444948731204,1.0000000000000009,0.05878926061038769,-24.614040037534203,2.0843333333333334,0.0043333333333333,225.3368215324918,True,0.9957890885596405,0.29731567089459077,-0.022857466355912508,,1.4059522538244054,True,1.5000000000000004,1.2284176995400484
2.09,2.0473333333333334,2.1326666666666667,False,223.74337368352585,True,0.8911444948731203,0.9000000000000021,0.05966744504863226,-24.48525116369343,2.094333333333333,0.0043333333333333,223.87875989685227,True,0.9965475280143606,0.1353862133264272,-0.010472459328913667,,1.2935672467974086,True,1.4000000000000004,1.1160326925130506
2.1,2.0573333333333332,2.1426666666666665,False,222.45470667747657,True,0.8266685594724996,0.8000000000000002,0.0601109613973508,-24.420926519907177,2.1043333333333334,0.0043333333333333,222.2691416010599,True,0.9968901071920302,0.1855650764166512,0.01444746435334456,,1.1686473231151446,True,1.2999999999999994,0.9911127688307912
2.11,2.0673333333333335,2.1526666666666667,False,219.8995964441766,True,0.7571601330199095,0.6000000000000013,0.060840334306566775,-24.316168164866543,2.114333333333333,0.0043333333333333,220.25342033748012,True,0.992931174670528,0.35382389330351316,-0.027833597864809545,,1.0109283853332995,True,1.099999999999998,0.8333938310489438
2.12,2.0773333333333333,2.1626666666666665,False,218.63306796596578,True,0.7571601330199094,0.5000000000000008,0.05996366152472565,-24.442237119066018,2.1243333333333334,0.0043333333333333,216.99425712112654,True,0.9894024164413944,1.6388108448392416,0.13025714207720263,,0.7528376453912877,True,0.9999999999999971,0.5753030911069321
2.13,2.0873333333333335,2.1726666666666667,False,216.12185299712482,True,0.7571601330199094,0.3000000000000021,0.0589029476603606,-24.59725942833353,2.134333333333333,0.0043333333333333,212.14867507648287,True,0.9874804601594936,3.9731779206419446,0.32123145522134355,,0.36186333224714634,True,0.8000000000000002,0.18432877796279168
2.14,2.0973333333333333,2.1826666666666665,False,213.63948179230545,True,0.6860828109301792,0.10000000000000017,0.05772966560412212,-24.772019162414402,2.1443333333333334,0.0043333333333333,209.01679671839096,True,0.9859408967167191,4.622685073914482,0.3787128851338005,,0.10438190233468836,True,0.5999999999999976,-0.07315265194966845
2.15,2.1073333333333335,2.1926666666666668,False,209.96928336801093,True,0.6860828109301793,-0.19999999999999973,0.05679025533947853,-24.914523572878714,2.154333333333333,0.0043333333333333,207.69555709743443,True,0.9835083489241263,2.2737262705765033,0.18849521641232936,,-0.005400428943836404,True,0.2999999999999983,-0.18293498322819332
2.16,2.1173333333333333,2.2026666666666666,False,206.36213675586595,True,0.6860828109301792,-0.4999999999999981,0.05487936809182946,-25.21181795907694,2.1643333333333334,0.0043333333333333,204.29852379427197,True,0.9916991430463441,2.063612961593975,0.1739941240164789,,-0.2908993365479876,True,0.0,-0.46843389083234305
2.17,2.1273333333333335,2.212666666666667,False,202.8169587634771,True,0.6860828109301793,-0.8000000000000008,0.05365393285262123,-25.407968771783192,2.1743333333333332,0.0043333333333333,201.40123956942608,True,0.9935499079028453,1.4157191940510074,0.12126872587002188,,-0.5381739384015322,True,-0.30000000000000204,-0.7157084926858885
2.18,2.1373333333333333,2.2226666666666666,False,201.6488190383855,True,0.37213589829750865,-0.8999999999999986,0.05409369727553168,-25.337066674917025,2.1843333333333335,0.0043333333333333,199.02767008129456,True,0.9890892121457864,2.621148957090952,0.2265112717871233,pyin_probability_below_0.5,-0.7434164843186303,False,-0.4000000000000008,-0.9209510386029873
2.19,2.1473333333333335,2.232666666666667,False,198.18461302324906,True,0.24075439447557426,-1.2000000000000002,0.05382121846130677,-25.380929488921346,2.1943333333333332,0.0043333333333333,196.9085357616813,True,0.9897623475498963,1.2760772615677638,0.11183165758096203,pyin_probability_below_0.5,-0.9287368701124712,False,-0.7000000000000022,-1.1062714243968264
2.2,2.1573333333333333,2.2426666666666666,False,195.90826859169485,True,0.20650679911775227,-1.4000000000000004,0.05431784987864026,-25.30114859057585,2.2043333333333335,0.0043333333333333,197.09946506142947,True,0.9246659868189222,1.1911964697346207,-0.10494685097067877,pyin_probability_below_0.5,-0.9119583615608311,False,-0.9000000000000026,-1.0894929158451871
2.21,2.167333333333333,2.252666666666667,False,193.6580702059513,True,0.2796051653363589,-1.5999999999999979,0.0559651133675799,-25.041652243192814,2.2143333333333333,0.0043333333333333,198.2776538577673,True,0.745957454259882,4.6195836518159865,-0.40812563903726395,pyin_probability_below_0.5,-0.8087795734942423,False,-1.0999999999999999,-0.9863141277785994
2.22,2.1773333333333333,2.2626666666666666,False,193.6580702059513,True,0.3233360583906409,-1.5999999999999979,0.05739312632203016,-24.82280235384072,2.2243333333333335,0.0043333333333333,193.17865057078822,True,0.8196990658281915,0.47941963516308306,0.042911542599074884,pyin_probability_below_0.5,-1.2598167551305832,False,-1.0999999999999999,-1.4373513094149395
2.23,2.187333333333333,2.272666666666667,False,193.6580702059513,True,0.37213589829750865,-1.5999999999999979,0.058426665979258524,-24.6677779055325,2.2343333333333333,0.0043333333333333,191.68789077054626,True,0.9631945000235647,1.9701794354050435,0.17702904856021418,pyin_probability_below_0.5,-1.3939342610917225,False,-1.0999999999999999,-1.5714688153760776
2.24,2.1973333333333334,2.2826666666666666,False,193.6580702059513,True,0.42606232904328145,-1.5999999999999979,0.0586572293027916,-24.63356909881998,2.2443333333333335,0.0043333333333333,191.55007324145316,True,0.983595836842863,2.107996964498142,0.18948055032228311,pyin_probability_below_0.5,-1.4063857628537915,False,-1.0999999999999999,-1.5839203171381482
2.25,2.207333333333333,2.292666666666667,False,192.54268179725335,True,0.42606232904328145,-1.6999999999999988,0.05893853999945694,-24.592012530235216,2.2543333333333333,0.0043333333333333,192.05178502038723,True,0.9881530980523281,0.49089677686612276,0.04419500276483002,pyin_probability_below_0.5,-1.3611002152963405,False,-1.2000000000000022,-1.5386347695806963
2.26,2.2173333333333334,2.3026666666666666,False,192.54268179725335,True,0.7571601330199094,-1.6999999999999988,0.05782806288440398,-24.75722710765611,2.2643333333333335,0.004333333333333744,193.56377504217406,True,0.9850915402682364,1.0210932449207064,-0.09156829587877371,,-1.2253369166527333,True,-1.2000000000000022,-1.402871470937091
2.27,2.227333333333333,2.312666666666667,False,192.54268179725335,True,0.8911444948731203,-1.6999999999999988,0.056365639954648404,-24.979711156308923,2.2743333333333333,0.0043333333333333,194.51456569852954,True,0.9903601648645904,1.9718839012761862,-0.17639881994937584,,-1.1405063925821333,True,-1.2000000000000022,-1.3180409468664895
2.28,2.2373333333333334,2.3226666666666667,False,192.54268179725335,True,0.8266685594724995,-1.6999999999999988,0.05294481195821783,-25.523531796420325,2.2843333333333335,0.004333333333333744,194.63014620044734,True,0.9818658003841707,2.087464403193991,-0.18668275289739372,,-1.1302224596341164,True,-1.2000000000000022,-1.3077570139184724
2.29,2.247333333333333,2.332666666666667,False,192.54268179725335,True,0.6159498854580681,-1.6999999999999988,0.04904472919922426,-26.188153181660496,2.2943333333333333,0.0043333333333333,195.09133030588617,True,0.9724442087661286,2.548648508632823,-0.22765652760813188,,-1.0892486849233753,True,-1.2000000000000022,-1.2667832392077318
2.3,2.2573333333333334,2.3426666666666667,False,194.7799199939686,True,0.37213589829750876,-1.4999999999999982,0.04509595768950304,-26.91724771313823,2.3043333333333336,0.004333333333333744,191.5727875407487,True,0.9183431285638781,3.207132453219913,0.287427748340855,pyin_probability_below_0.5,-1.404332960872364,False,-0.9999999999999994,-1.581867515156721
2.31,2.267333333333333,2.3526666666666665,False,195.90826859169485,True,0.1765306086328976,-1.4000000000000004,0.040324415213452265,-27.888638441042787,2.3143333333333334,0.0043333333333333,190.0275910116209,True,0.706719450077532,5.88067758007395,0.5276326126397827,pyin_probability_below_0.5,-1.5445378251712905,False,-0.9000000000000026,-1.7220723794556485
2.32,2.2773333333333334,2.3626666666666667,False,197.04315364635175,True,0.03489742801962526,-1.2999999999999985,0.03700460408055368,-28.634884760614774,2.3243333333333336,0.004333333333333744,,False,0.0,,,pyin_probability_below_0.5|voicing_disagreement,,False,-0.8000000000000008,
2.33,2.287333333333333,2.3726666666666665,False,195.90826859169485,True,0.011853505394683413,-1.4000000000000004,0.03395277954508851,-29.382493328004507,2.3343333333333334,0.0043333333333333,,False,0.0,,,pyin_probability_below_0.5|voicing_disagreement,,False,-0.9000000000000026,
2.34,2.2973333333333334,2.3826666666666667,False,197.04315364635175,True,0.010006178555334082,-1.2999999999999985,0.030036082856508377,-30.44713412625263,2.344333333333333,0.0043333333333333,,False,0.0,,,pyin_probability_below_0.5|voicing_disagreement,,False,-0.8000000000000008,
2.35,2.3073333333333332,2.3926666666666665,False,197.04315364635175,True,0.010000000001606037,-1.2999999999999985,0.02630732921096327,-31.598464807816526,2.3543333333333334,0.0043333333333333,,False,0.0,,,pyin_probability_below_0.5|voicing_disagreement,,False,-0.8000000000000008,
2.36,2.3173333333333335,2.4026666666666667,False,191.43371755306833,True,0.01,-1.799999999999999,0.025171754657787405,-31.981730197070704,2.364333333333333,0.0043333333333333,,False,0.0,,,pyin_probability_below_0.5|voicing_disagreement,,False,-1.3000000000000005,
2.37,2.3273333333333333,2.4126666666666665,False,,False,0.01,,0.024468254586194012,-32.22794018846098,2.3743333333333334,0.0043333333333333,,False,0.0,,,,,False,,
2.38,2.3373333333333335,2.4226666666666667,False,,False,0.01,,0.02521633525573848,-31.966360602569214,2.384333333333333,0.0043333333333333,,False,0.0,,,,,False,,
2.39,2.3473333333333333,2.4326666666666665,False,,False,0.01,,0.02545174985339948,-31.885647075541765,2.3943333333333334,0.0043333333333333,,False,0.0,,,,,False,,
2.4,2.3573333333333335,2.4426666666666668,False,,False,0.01,,0.02584560070690489,-31.752267388972225,2.404333333333333,0.0043333333333333,,False,0.0,,,,,False,,
2.41,2.3673333333333333,2.4526666666666666,False,,False,0.010000000000000439,,0.025015758498156848,-32.03572648837579,2.4143333333333334,0.0043333333333333,,False,0.0,,,,,False,,
2.42,2.3773333333333335,2.462666666666667,False,,False,0.010000000000001867,,0.024187985849453288,-32.32800588277235,2.4243333333333332,0.0043333333333333,,False,0.0,,,,,False,,
2.43,2.3873333333333333,2.4726666666666666,False,,False,0.010000000000001867,,0.02340851416061529,-32.61252303945929,2.4343333333333335,0.0043333333333333,,False,0.0,,,,,False,,
2.44,2.3973333333333335,2.482666666666667,False,,False,0.010000000000000439,,0.022094781206884042,-33.11420589345119,2.4443333333333332,0.0043333333333333,,False,0.0,,,,,False,,
2.45,2.4073333333333333,2.4926666666666666,False,,False,0.010000000000006922,,0.020780674718319445,-33.64680711278005,2.4543333333333335,0.0043333333333333,,False,0.0,,,,,False,,
2.46,2.417333333333333,2.502666666666667,False,,False,0.010000000000075396,,0.01966682544340574,-34.12531473722838,2.4643333333333333,0.0043333333333333,,False,0.0,,,,,False,,
2.47,2.4273333333333333,2.5126666666666666,False,,False,0.010000000001606033,,0.02140598242649686,-33.38929670897327,2.4743333333333335,0.0043333333333333,,False,0.0,,,,,False,,
2.48,2.437333333333333,2.522666666666667,False,246.828951447135,True,0.010259050559778864,2.6000000000000005,0.02958732695748188,-30.577885380838474,2.4843333333333333,0.0043333333333333,,False,0.0,,,pyin_probability_below_0.5|voicing_disagreement,,False,3.0999999999999988,
2.49,2.4473333333333334,2.5326666666666666,False,248.25881701670832,True,0.04768699308253104,2.7,0.03796420083908404,-28.41251475508856,2.4943333333333335,0.0043333333333333,,False,0.0,,,pyin_probability_below_0.5|voicing_disagreement,,False,3.2,
2.5,2.457333333333333,2.542666666666667,False,235.68255189130872,True,0.24075439447557428,1.800000000000001,0.04503034675031787,-26.929894175922406,2.5043333333333333,0.0043333333333333,246.21413674322596,True,0.7782673655146293,10.531584851917245,-0.7568237046025947,pyin_probability_below_0.5,2.9399184920710875,False,2.3000000000000003,2.7623839377867316
2.51,2.4673333333333334,2.5526666666666666,False,234.3251202788159,True,0.3721358982975087,1.7000000000000026,0.049904032124426255,-26.037287260420673,2.5143333333333335,0.004333333333333744,236.21937959106089,True,0.9068240315687306,1.8942593122449978,-0.13938847167985624,pyin_probability_below_0.5,2.2224832591483485,False,2.1999999999999993,2.044948704863994
2.52,2.477333333333333,2.562666666666667,False,232.97550689710764,True,0.5485250542599845,1.599999999999999,0.05445884587495682,-25.278631334636042,2.5243333333333333,0.0043333333333333,234.76372525540538,True,0.9787096526072123,1.7882183582977405,-0.13237459590320025,,2.1154693833716927,True,2.0999999999999988,1.937934829087335
2.53,2.4873333333333334,2.5726666666666667,False,232.97550689710764,True,0.6159498854580681,1.599999999999999,0.05787102660258094,-24.750776268097496,2.5343333333333335,0.004333333333333744,233.61832133181838,True,0.9905237392482379,0.6428144347107434,-0.04770157140285536,,2.0307963588713465,True,2.0999999999999988,1.8532618045869915
2.54,2.497333333333333,2.582666666666667,False,231.63366671648822,True,0.6159498854580681,1.5000000000000004,0.06064181914982381,-24.344555581926354,2.5443333333333333,0.0043333333333333,231.92889803654745,True,0.9903559122434515,0.29523132005923003,-0.022051590081009424,,1.9051463775495012,True,2.0000000000000004,1.7276118232651476
2.55,2.5073333333333334,2.5926666666666667,False,231.63366671648822,True,0.6860828109301792,1.5000000000000004,0.06291844141539141,-24.024440880885614,2.5543333333333336,0.004333333333333744,229.41795294064224,True,0.9836881739649966,2.215713775845984,0.16639996475334023,,1.716694822715154,True,2.0000000000000004,1.5391602684307963
2.56,2.517333333333333,2.6026666666666665,False,230.29955496661373,True,0.7571601330199093,1.3999999999999968,0.06201555743834133,-24.149986964205063,2.5643333333333334,0.0043333333333333,227.2701174000903,True,0.9792823882761023,3.029437566523427,0.22924343175352474,,1.5538513557149645,True,1.8999999999999972,1.37631680143061
2.57,2.5273333333333334,2.6126666666666667,False,228.9731271349986,True,0.6860828109301793,1.300000000000003,0.05933527302883313,-24.533741098120046,2.5743333333333336,0.004333333333333744,223.62364057334418,True,0.9776480920819154,5.34948656165443,0.4092669345521971,,1.2738278529162943,True,1.800000000000001,1.0962932986319394
2.58,2.537333333333333,2.6226666666666665,False,227.65433896553014,True,0.6860828109301794,1.1999999999999993,0.05573647633832577,-25.077209817295774,2.5843333333333334,0.0043333333333333,221.09493306299314,True,0.9825553642029976,6.559405902537009,0.5061479277327064,,1.076946859735784,False,1.6999999999999993,0.8994123054514307
2.59,2.5473333333333334,2.6326666666666667,False,222.45470667747657,True,0.6860828109301793,0.8000000000000002,0.05148106104307099,-25.76705021421779,2.594333333333333,0.0043333333333333,218.54242318904065,True,0.9813164570055057,3.912283488435918,0.30717914565690896,,0.8759156418115823,True,1.2999999999999994,0.6983810875272259
2.6,2.5573333333333332,2.6426666666666665,False,219.8995964441766,True,0.6159498854580681,0.6000000000000013,0.047074530062409366,-26.544280135656074,2.6043333333333334,0.0043333333333333,216.4081367938326,True,0.9778100960267295,3.4914596503440123,0.2770825449966212,,0.7060122424718697,True,1.099999999999998,0.5284776881875127
2.61,2.5673333333333335,2.6526666666666667,False,217.37383415501247,True,0.615949885458068,0.4000000000000011,0.04302984599997314,-27.32460416432684,2.614333333333333,0.0043333333333333,214.1868826916043,True,0.9624407524319873,3.186951463408178,0.2556979339667908,,0.5273968535017001,True,0.9000000000000021,0.34986229921734574
2.62,2.5773333333333333,2.6626666666666665,False,216.12185299712482,True,0.4849868077159113,0.3000000000000021,0.03936536472524703,-28.097714408164162,2.6243333333333334,0.0043333333333333,208.5553796172081,True,0.9385392885069034,7.566473379916715,0.6169731604484218,pyin_probability_below_0.5,0.06612162702006671,False,0.8000000000000002,-0.11141292726428936
2.63,2.5873333333333335,2.6726666666666667,False,213.63948179230545,True,0.3721358982975087,0.10000000000000017,0.03638476749468334,-28.78160791909611,2.634333333333333,0.0043333333333333,196.3425663232612,True,0.9121259876196915,17.29691546904425,1.461663748773535,pyin_probability_below_0.5|pitch_difference_over_1_semitone,-0.9785689613050481,False,0.5999999999999976,-1.1561035155894037
2.64,2.5973333333333333,2.6826666666666665,False,202.8169587634771,True,0.32333605839064083,-0.8000000000000008,0.033626880322333436,-29.466268435236486,2.6443333333333334,0.0043333333333333,195.22783189738996,True,0.9351963176039272,7.589126866087128,0.6602346017300603,pyin_probability_below_0.5,-1.077139814261571,False,-0.30000000000000204,-1.254674368545928
2.65,2.6073333333333335,2.6926666666666668,False,201.6488190383855,True,0.2796051653363588,-0.8999999999999986,0.03224539036390988,-29.830647222189288,2.654333333333333,0.0043333333333333,193.51700873140484,True,0.9508275971339125,8.131810306980668,0.7126149874739971,pyin_probability_below_0.5,-1.2295202000055039,False,-0.4000000000000008,-1.40705475428986
2.66,2.6173333333333333,2.7026666666666666,False,193.6580702059513,True,0.4260623290432815,-1.5999999999999979,0.030482074044971826,-30.319109725886445,2.6643333333333334,0.0043333333333333,192.3448026551342,True,0.9491969502604547,1.313267550817102,0.11780131349854449,pyin_probability_below_0.5,-1.334706526030051,False,-1.0999999999999999,-1.512241080314408
2.67,2.6273333333333335,2.712666666666667,False,193.6580702059513,True,0.4260623290432815,-1.5999999999999979,0.03104728176064203,-30.159528340041227,2.6743333333333332,0.0043333333333333,191.9178903338094,True,0.9533594462472594,1.7401798721419084,0.15626903176592877,pyin_probability_below_0.5,-1.3731742442974362,False,-1.0999999999999999,-1.5507087985817922
2.68,2.6373333333333333,2.7226666666666666,False,194.7799199939686,True,0.48498680771591124,-1.4999999999999982,0.03376219915830909,-29.43138545229475,2.6843333333333335,0.0043333333333333,193.2918416844427,True,0.9558520212723485,1.4880783095259176,0.1327705191812145,pyin_probability_below_0.5,-1.2496757317127216,False,-0.9999999999999994,-1.4272102859970783
2.69,2.6473333333333335,2.732666666666667,False,194.7799199939686,True,0.5485250542599845,-1.4999999999999982,0.03673171766797921,-28.699175249438788,2.6943333333333332,0.0043333333333333,193.60240081026706,True,0.9852829126153656,1.1775191837015484,0.10497736077790126,,-1.2218825733094092,True,-0.9999999999999994,-1.3994171275937672
2.7,2.6573333333333333,2.7426666666666666,False,194.7799199939686,True,0.7571601330199094,-1.4999999999999982,0.03765571487223547,-28.483382063034664,2.7043333333333335,0.0043333333333333,194.55847463946623,True,0.9848375251054199,0.22144535450237868,0.01969360249836235,,-1.1365988150298691,True,-0.9999999999999994,-1.3141333693142268
2.71,2.667333333333333,2.752666666666667,False,194.7799199939686,True,0.48498680771591124,-1.4999999999999982,0.03891139327705874,-28.198464367885492,2.7143333333333333,0.0043333333333333,196.26256174967625,True,0.984337529973335,1.4826417557076468,-0.1312804776827805,pyin_probability_below_0.5,-0.9856247348487276,False,-0.9999999999999994,-1.163159289133083
2.72,2.6773333333333333,2.7626666666666666,False,194.7799199939686,True,0.4849868077159113,-1.4999999999999982,0.04240065589879689,-27.452548504454327,2.7243333333333335,0.0043333333333333,197.30434598749855,True,0.9758903362353365,2.5244259935299453,-0.22293333371670626,pyin_probability_below_0.5,-0.8939718788148017,False,-0.9999999999999994,-1.071506433099159
2.73,2.687333333333333,2.772666666666667,False,195.90826859169485,True,0.5485250542599845,-1.4000000000000004,0.044908766858261444,-26.953377399749993,2.7343333333333333,0.0043333333333333,195.99808447024495,True,0.937861068687547,0.0898158785500982,-0.007935176789055316,,-1.008970035742454,True,-0.9000000000000026,-1.186504590026809
2.74,2.6973333333333334,2.7826666666666666,False,197.04315364635175,True,0.5485250542599844,-1.2999999999999985,0.04747989038946575,-26.469805846288747,2.7443333333333335,0.0043333333333333,189.46442848284525,True,0.9289966888900141,7.578725163506505,0.6790153459037804,,-1.5959205584352902,False,-0.8000000000000008,-1.7734551127196463
2.75,2.707333333333333,2.792666666666667,False,198.18461302324906,True,0.4849868077159113,-1.2000000000000002,0.05028251926950422,-25.971659425833344,2.7543333333333333,0.0043333333333333,194.49120174533806,True,0.9447681269497579,3.6934112779109967,0.3256807621401316,pyin_probability_below_0.5,-1.1425859746716394,False,-0.7000000000000022,-1.3201205289559952
2.76,2.7173333333333334,2.8026666666666666,False,200.48740730303228,True,0.42606232904328145,-1.0000000000000013,0.05331581306129035,-25.46287926910006,2.7643333333333335,0.004333333333333744,197.17085568857053,True,0.9808752709190882,3.3165516144617584,0.2887836491792443,pyin_probability_below_0.5,-0.9056888617107557,False,-0.5000000000000041,-1.0832234159951128
2.77,2.727333333333333,2.812666666666667,False,202.8169587634771,True,0.42606232904328145,-0.8000000000000008,0.05619859044854465,-25.005491542033703,2.7743333333333333,0.0043333333333333,199.82671155941867,True,0.9908030423393273,2.99024720405842,0.2571461236112736,pyin_probability_below_0.5,-0.6740513361427842,False,-0.30000000000000204,-0.8515858904271404
2.78,2.7373333333333334,2.8226666666666667,False,205.1735783080468,True,0.4849868077159112,-0.5999999999999991,0.05916014299182378,-24.559415699424143,2.7843333333333335,0.004333333333333744,202.22479486933793,True,0.9877603344767043,2.9487834387088867,0.25062070847599116,pyin_probability_below_0.5,-0.4675259210075001,False,-0.10000000000000067,-0.6450604752918561
2.79,2.747333333333333,2.832666666666667,False,206.36213675586595,True,0.5485250542599844,-0.4999999999999981,0.06301724811050546,-24.01081131759674,2.7943333333333333,0.0043333333333333,204.77244871612191,True,0.9896949237948718,1.5896880397440327,0.1338800419315329,,-0.25078525446304084,True,0.0,-0.42831980874739733
2.8,2.7573333333333334,2.8426666666666667,False,207.55758045272898,True,0.615949885458068,-0.3999999999999989,0.06518007810605285,-23.717702469007726,2.8043333333333336,0.004333333333333744,206.6550669542317,True,0.991116887664058,0.9025134984972851,0.07544262980385277,,-0.09234784233536072,True,0.10000000000000017,-0.26988239661971625
2.81,2.767333333333333,2.8526666666666665,False,209.96928336801093,True,0.6860828109301793,-0.19999999999999973,0.0668496306017555,-23.498019764468495,2.8143333333333334,0.0043333333333333,208.67212892584482,True,0.9905924256697002,1.2971544421661179,0.10728442327488262,,0.07581036419360933,True,0.2999999999999983,-0.10172419009074835
2.82,2.7773333333333334,2.8626666666666667,False,211.18562305262122,True,0.6860828109301793,-0.10000000000000067,0.06894612532736653,-23.229802710495633,2.8243333333333336,0.004333333333333744,210.62707670214542,True,0.9927932181214807,0.5585463504758081,0.04584854963591103,,0.2372462378325785,True,0.39999999999999736,0.05971168354822361
2.83,2.787333333333333,2.8726666666666665,False,211.18562305262122,True,0.6860828109301792,-0.10000000000000067,0.07114583245528709,-22.957010694357617,2.8343333333333334,0.0043333333333333,212.01988425518002,True,0.9948040176186871,0.8342612025587925,-0.0682554099885621,,0.3513501974570532,True,0.39999999999999736,0.17381564317269704
2.84,2.7973333333333334,2.8826666666666667,False,212.40900892134297,True,0.6159498854580681,0.0,0.07486873629494731,-22.513989944828793,2.844333333333333,0.0043333333333333,212.73221927954657,True,0.9965553615408763,0.3232103582035961,-0.026323153240271364,,0.4094179407087616,True,0.49999999999999706,0.23188338642440393
2.85,2.8073333333333332,2.8926666666666665,False,213.63948179230545,True,0.6159498854580681,0.10000000000000017,0.07841026772976148,-22.112541265086815,2.8543333333333334,0.0043333333333333,213.29495539838138,True,0.9951319669363469,0.34452639392407036,0.027941337192734082,,0.4551534502757575,True,0.5999999999999976,0.2776188959913999
2.86,2.8173333333333335,2.9026666666666667,False,213.63948179230545,True,0.7571601330199094,0.10000000000000017,0.08069095968388872,-21.863502385937714,2.864333333333333,0.0043333333333333,213.7878058724463,True,0.9571279556258153,0.14832408014086695,-0.01201531654876847,,0.49511010401725697,True,0.5999999999999976,0.3175755497329025
2.87,2.8273333333333333,2.9126666666666665,False,213.63948179230545,True,0.7571601330199093,0.10000000000000017,0.08271741732511648,-21.648060679142095,2.8743333333333334,0.0043333333333333,214.273726872647,True,0.9484449670755706,0.6342450803415431,-0.051320102318799056,,0.5344148897872897,True,0.5999999999999976,0.35688033550293025
2.88,2.8373333333333335,2.9226666666666667,False,213.63948179230545,True,0.7571601330199093,0.10000000000000017,0.08431174379604245,-21.482238564303984,2.884333333333333,0.0043333333333333,214.96612867122775,True,0.9812586539016447,1.326646878922304,-0.10717281932818243,,0.5902676067966708,True,0.5999999999999976,0.41273305251231485
2.89,2.8473333333333333,2.9326666666666665,False,212.40900892134297,True,0.6860828109301793,0.0,0.08530546015610818,-21.380463400148727,2.8943333333333334,0.0043333333333333,213.72096152349945,True,0.9813081022872275,1.311952602156481,-0.10660147605457204,,0.48969626352306406,True,0.49999999999999706,0.3121617092387087
2.9,2.8573333333333335,2.9426666666666668,False,212.40900892134297,True,0.615949885458068,0.0,0.08558988514848166,-21.35155112789556,2.904333333333333,0.0043333333333333,211.00890687681294,True,0.9866142479444836,1.4001020445300298,0.11449270688076985,,0.2686020805877197,True,0.49999999999999706,0.0910675263033637
2.91,2.8673333333333333,2.9526666666666666,False,211.18562305262122,True,0.5485250542599844,-0.10000000000000067,0.08531560189174672,-21.379430819580524,2.9143333333333334,0.0043333333333333,208.73117525852493,True,0.9851930782382704,2.4544477940962963,0.20238637760703945,,0.08070840986145117,True,0.39999999999999736,-0.09682614442290396
2.92,2.8773333333333335,2.962666666666667,False,209.96928336801093,True,0.5485250542599844,-0.19999999999999973,0.08345144906097769,-21.57132235555503,2.9243333333333332,0.0043333333333333,205.83634706631554,True,0.9820097087254304,4.132936301695395,0.3441663685150834,,-0.1610715810465921,True,0.2999999999999983,-0.3386061353309492
2.93,2.8873333333333333,2.9726666666666666,False,207.55758045272898,True,0.5485250542599844,-0.3999999999999989,0.0797682389018699,-21.963399921202516,2.9343333333333335,0.0043333333333333,203.29642446840774,True,0.9899878068043183,4.261155984321249,0.35912137970941316,,-0.3760265922409213,True,0.10000000000000017,-0.5535611465252783
2.94,2.8973333333333335,2.982666666666667,False,205.1735783080468,True,0.5485250542599845,-0.5999999999999991,0.07603394293130947,-22.379849749936316,2.9443333333333332,0.0043333333333333,201.19355418693112,True,0.9840166048255097,3.98002412111569,0.3391304589644084,,-0.5560356714959171,True,-0.10000000000000067,-0.733570225780272
2.95,2.9073333333333333,2.9926666666666666,False,202.8169587634771,True,0.5485250542599844,-0.8000000000000008,0.07309078257623527,-22.722747762807288,2.9543333333333335,0.0043333333333333,198.75058402199195,True,0.9840519707165878,4.066374741485134,0.35063028246839256,,-0.7675354949999045,True,-0.30000000000000204,-0.9450700492842605
2.96,2.917333333333333,3.002666666666667,False,199.33268480704808,True,0.6159498854580681,-1.0999999999999999,0.07014793648598276,-23.07970199832385,2.9643333333333333,0.0043333333333333,196.98603921386018,True,0.9891955544265106,2.346645593187901,0.2050188388427414,,-0.9219240513742496,True,-0.6000000000000011,-1.0994586056586046
2.97,2.9273333333333333,3.0126666666666666,False,197.04315364635175,True,0.6159498854580681,-1.2999999999999985,0.06810653253577124,-23.336224602221726,2.9743333333333335,0.0043333333333333,195.51331422937844,True,0.9870280442665348,1.5298394169733172,0.13493719825023393,,-1.0518424107817421,True,-0.8000000000000008,-1.2293769650660986
2.98,2.937333333333333,3.022666666666667,False,195.90826859169485,True,0.6860828109301793,-1.4000000000000004,0.06700086344029153,-23.47839201018114,2.9843333333333333,0.0043333333333333,194.3247571498356,True,0.9899184060571719,1.5835114418592582,0.14050291961728156,,-1.1574081321487926,True,-0.9000000000000026,-1.3349426864331486
2.99,2.9473333333333334,3.0326666666666666,False,194.7799199939686,True,0.7571601330199093,-1.4999999999999982,0.06573223498624572,-23.644432017197488,2.9943333333333335,0.0043333333333333,193.57591337183345,True,0.9944171986071838,1.2040066221351537,0.1073460861780951,,-1.2242512987096033,True,-0.9999999999999994,-1.40178585299396
3.0,2.957333333333333,3.042666666666667,False,193.6580702059513,True,0.7571601330199094,-1.5999999999999979,0.06452016007580676,-23.806091275768985,3.0043333333333333,0.0043333333333333,193.1211844374392,True,0.9891233280064079,0.5368857685120929,0.048062325407656176,,-1.2649675379391643,True,-1.0999999999999999,-1.4425020922235205
3.01,2.9673333333333334,3.0526666666666666,False,193.6580702059513,True,0.8266685594724995,-1.5999999999999979,0.06385627536439188,-23.895928335369774,3.0143333333333335,0.004333333333333744,193.45705223650782,True,0.9675911321915338,0.20101796944348393,0.017979622302459686,,-1.2348848348339652,True,-1.0999999999999999,-1.4124193891183212
3.02,2.977333333333333,3.062666666666667,False,192.54268179725335,True,0.7571601330199093,-1.6999999999999988,0.06305436668787046,-24.00569663930304,3.0243333333333333,0.0043333333333333,191.20995439477937,True,0.9644858645385661,1.332727402473978,0.12024789490142467,,-1.4371531074329331,True,-1.2000000000000022,-1.6146876617172876
3.03,2.9873333333333334,3.0726666666666667,False,192.54268179725335,True,0.8266685594724995,-1.6999999999999988,0.061653743912356715,-24.20081091628529,3.0343333333333335,0.004333333333333744,189.58102004038648,True,0.9863261047202829,2.9616617568668744,0.26836505151817214,,-1.5852702640496805,True,-1.2000000000000022,-1.7628048183340368
3.04,2.997333333333333,3.082666666666667,False,191.43371755306833,True,0.8266685594724995,-1.799999999999999,0.060372392493438856,-24.383232263579853,3.0443333333333333,0.0043333333333333,189.67947736437534,True,0.9944788772110273,1.7542401886929895,0.15937636555350643,,-1.5762815780850143,True,-1.3000000000000005,-1.753816132369371
3.05,3.0073333333333334,3.0926666666666667,False,191.43371755306833,True,0.8266685594724995,-1.799999999999999,0.05907614858328862,-24.57175651755637,3.0543333333333336,0.004333333333333744,189.86651148129974,True,0.9933464835118031,1.5672060717685952,0.14231388209786663,,-1.5592190946293734,True,-1.3000000000000005,-1.736753648913731
3.06,3.017333333333333,3.1026666666666665,False,190.3311404729313,True,0.8266685594724996,-1.8999999999999986,0.05748088284908494,-24.809531403121767,3.0643333333333334,0.0043333333333333,190.5209691682629,True,0.9881802865345144,0.18982869533158464,-0.017258033748191952,,-1.4996471787833157,True,-1.4000000000000004,-1.6771817330676724
3.07,3.0273333333333334,3.1126666666666667,False,190.3311404729313,True,0.8266685594724995,-1.8999999999999986,0.05714340523195875,-24.86067766290008,3.0743333333333336,0.004333333333333744,191.52109313283705,True,0.995184684759966,1.1899526599057424,-0.10790002251735605,,-1.409005190014151,True,-1.4000000000000004,-1.5865397442985074
3.08,3.037333333333333,3.1226666666666665,False,191.43371755306833,True,0.8266685594724996,-1.799999999999999,0.056974623035748226,-24.886370791678726,3.0843333333333334,0.0043333333333333,192.28735612191304,True,0.9965010560873723,0.8536385688447012,-0.07702733549591301,,-1.3398778770355952,True,-1.3000000000000005,-1.517412431319951
3.09,3.0473333333333334,3.1326666666666667,False,192.54268179725335,True,0.8266685594724996,-1.6999999999999988,0.057247046176819305,-24.844938341229756,3.0943333333333336,0.004333333333333744,193.98563434356666,True,0.9968381367941913,1.4429525463133075,-0.1292583275112621,,-1.1876468850202455,True,-1.2000000000000022,-1.3651814393046025
3.1,3.0573333333333332,3.1426666666666665,False,194.7799199939686,True,0.8266685594724996,-1.4999999999999982,0.05776680481735807,-24.76643306757785,3.1043333333333334,0.0043333333333333,194.95587886425324,True,0.9954518003059297,0.17595887028463153,-0.0156324365922995,,-1.1012727759392082,True,-0.9999999999999994,-1.2788073302235632
3.11,3.0673333333333335,3.1526666666666667,False,195.90826859169485,True,0.8266685594724996,-1.4000000000000004,0.05839534549696796,-24.672435354170258,3.114333333333333,0.0043333333333333,195.46236045968487,True,0.9970363581497619,0.4459081320099756,0.039449647859346626,,-1.0563548603908575,True,-0.9000000000000026,-1.2338894146752137
3.12,3.0773333333333333,3.1626666666666665,False,197.04315364635175,True,0.8266685594724996,-1.2999999999999985,0.059267777338280606,-24.543627187569832,3.1243333333333334,0.0043333333333333,196.77541548283364,True,0.9978221215089239,0.26773816351811774,0.023539646561330507,,-0.9404448590928376,True,-0.8000000000000008,-1.1179794133771948
3.13,3.0873333333333335,3.1726666666666667,False,199.33268480704808,True,0.7571601330199095,-1.0999999999999999,0.06135599714520907,-24.242859628656532,3.134333333333333,0.0043333333333333,198.5643092543837,True,0.9945638390906534,0.768375552664395,0.0668635145596521,,-0.7837687270911607,True,-0.6000000000000011,-0.9613032813755177
3.14,3.0973333333333333,3.1826666666666665,False,201.6488190383855,True,0.7571601330199094,-0.8999999999999986,0.06360453137884527,-23.93023885598619,3.1443333333333334,0.0043333333333333,200.80407462151285,True,0.9970790638451803,0.8447444168726577,0.07267695017365781,,-0.5895821627051663,True,-0.4000000000000008,-0.7671167169895226
3.15,3.1073333333333335,3.1926666666666668,False,203.99186545315516,True,0.6860828109301794,-0.7000000000000022,0.06598586668335708,-23.61098149483668,3.154333333333333,0.0043333333333333,203.23380612376508,True,0.9976372483968343,0.758059329390079,0.0644546613716861,,-0.3813598739031979,True,-0.20000000000000362,-0.558894428187553
3.16,3.1173333333333333,3.2026666666666666,False,206.36213675586595,True,0.7571601330199094,-0.4999999999999981,0.0681127203635151,-23.33543548045259,3.1643333333333334,0.0043333333333333,205.47205974115303,True,0.9952177660986083,0.8900770147129151,0.07483273834516767,,-0.19173795087667603,True,0.0,-0.36927250516103083
3.17,3.1273333333333335,3.212666666666667,False,207.55758045272898,True,0.8266685594724996,-0.3999999999999989,0.06918453563830215,-23.19981939337839,3.1743333333333332,0.0043333333333333,207.62724640033096,True,0.99272430190459,0.06966594760197609,-0.005809849198735031,,-0.011095363332773354,True,0.10000000000000017,-0.1886299176171288
3.18,3.1373333333333333,3.2226666666666666,False,209.96928336801093,True,0.8266685594724996,-0.19999999999999973,0.06948366444153689,-23.16234571446625,3.1843333333333335,0.0043333333333333,209.90185801224942,True,0.993489370290631,0.06742535576151454,0.005560233184134094,,0.17753455428435724,True,0.2999999999999983,0.0
3.19,3.1473333333333335,3.232666666666667,False,211.18562305262122,True,0.8911444948731203,-0.10000000000000067,0.06967966085463896,-23.137879435931318,3.1943333333333332,0.0043333333333333,212.13765846561816,True,0.9949129754609624,0.9520354129969348,-0.07786951361357598,,0.36096430108206634,True,0.39999999999999736,0.1834297467977094
3.2,3.1573333333333333,3.2426666666666666,False,212.40900892134297,True,0.8911444948731204,0.0,0.06905324976936282,-23.216317558595996,3.2043333333333335,0.0043333333333333,213.76340108798135,True,0.9938534063904568,1.3543921666383767,-0.11003892667153457,,0.49313371414002455,True,0.49999999999999706,0.31559915985566955
3.21,3.167333333333333,3.252666666666667,False,212.40900892134297,True,0.9459302094659092,0.0,0.0668538988932875,-23.497465195575025,3.2143333333333333,0.0043333333333333,214.81845180160693,True,0.9933400994242811,2.4094428802639527,-0.19527554582769377,,0.5783703332961838,True,0.49999999999999706,0.40083577901182976
3.22,3.1773333333333333,3.2626666666666666,False,213.63948179230545,True,0.9848789761259924,0.10000000000000017,0.0630477819376184,-24.006603751745757,3.2243333333333335,0.0043333333333333,215.45649424254407,True,0.991497204864774,1.8170124502386216,-0.1466195349813746,,0.6297143224498645,True,0.5999999999999976,0.452179768165507
3.23,3.187333333333333,3.272666666666667,False,214.87708272009507,True,0.9848789761259924,0.20000000000000445,0.05795333688097912,-24.738431056898488,3.2343333333333333,0.0043333333333333,216.03151795863081,True,0.9874439460564335,1.15443523853574,-0.0927622410350936,,0.6758570285035855,True,0.7000000000000017,0.4983224742192297
3.24,3.1973333333333334,3.2826666666666666,False,214.87708272009507,True,0.9848789761259924,0.20000000000000445,0.05214555466685614,-25.655654172722926,3.2443333333333335,0.0043333333333333,216.40515405568806,True,0.987427623681611,1.5280713355929834,-0.12267883858633982,,0.7057736260548338,True,0.7000000000000017,0.5282390717704779
3.25,3.207333333333333,3.292666666666667,False,216.12185299712482,True,0.9848789761259924,0.3000000000000021,0.04511708390596827,-26.913179565455906,3.2543333333333333,0.0043333333333333,217.4360676840706,True,0.982856590803288,1.3142146869457747,-0.10495576594640812,,0.7880505534149005,True,0.8000000000000002,0.6105159991305449
3.26,3.2173333333333334,3.3026666666666666,False,216.12185299712482,True,0.9848789761259924,0.3000000000000021,0.03866563095217399,-28.25349797077554,3.2643333333333335,0.004333333333333744,220.05912934586485,True,0.9680575891026746,3.9372763487400277,-0.31255521426279465,,0.9956500017312864,True,0.8000000000000002,0.8181154474469284
3.27,3.227333333333333,3.312666666666667,False,217.37383415501247,True,0.9848789761259924,0.4000000000000011,0.031953614835367,-29.909600080784635,3.2743333333333333,0.0043333333333333,221.76746521462843,True,0.9564196638005376,4.393631059615956,-0.3464332559288306,,1.1295280433973238,True,0.9000000000000021,0.9519934891129667
3.28,3.2373333333333334,3.3226666666666667,False,217.37383415501247,True,0.9459302094659092,0.4000000000000011,0.024177343376514168,-32.3318284287323,3.2843333333333335,0.004333333333333744,222.06857964079163,True,0.9225727701987704,4.694745485779151,-0.3699238954684494,,1.1530186829369422,True,0.9000000000000021,0.9754841286525879
3.29,3.247333333333333,3.332666666666667,False,219.8995964441766,True,0.8911444948731204,0.6000000000000013,0.016825293257845826,-35.48074714932572,3.2943333333333333,0.0043333333333333,,False,0.0,,,voicing_disagreement,,False,1.099999999999998,
3.3,3.2573333333333334,3.3426666666666667,False,221.17346184722248,True,0.7571601330199095,0.7000000000000017,0.011199516045455386,-39.01601487397009,3.3043333333333336,0.004333333333333744,,False,0.0,,,voicing_disagreement,,False,1.1999999999999993,
3.31,3.267333333333333,3.3526666666666665,False,221.17346184722248,True,0.6860828109301793,0.7000000000000017,0.0063501969447294845,-43.944256106182856,3.3143333333333334,0.0043333333333333,,False,0.0,,,voicing_disagreement,,False,1.1999999999999993,
3.32,3.2773333333333334,3.3626666666666667,False,222.45470667747657,True,0.24075439447557426,0.8000000000000002,0.0036009739186474315,-48.871600483035394,3.3243333333333336,0.004333333333333744,,False,0.0,,,pyin_probability_below_0.5|voicing_disagreement,,False,1.2999999999999994,
3.33,3.287333333333333,3.3726666666666665,False,216.12185299712482,True,0.12793708630129036,0.3000000000000021,0.0019690210859526712,-54.114992660844976,3.3343333333333334,0.0043333333333333,,False,0.0,,,pyin_probability_below_0.5|voicing_disagreement,,False,0.8000000000000002,
3.34,3.2973333333333334,3.3826666666666667,False,218.63306796596578,True,0.1765306086328976,0.5000000000000008,0.0016765224915989143,-55.51181231727375,3.3443333333333336,0.004333333333333744,,False,0.0,,,pyin_probability_below_0.5|voicing_disagreement,,False,0.9999999999999971,
3.35,3.3073333333333332,3.3926666666666665,False,218.63306796596578,True,0.37213589829750865,0.5000000000000008,0.0017178671949663205,-55.300208273688874,3.3543333333333334,0.0043333333333333,,False,0.0,,,pyin_probability_below_0.5|voicing_disagreement,,False,0.9999999999999971,
3.36,3.3173333333333335,3.4026666666666667,False,218.63306796596578,True,0.32333605839064083,0.5000000000000008,0.0017808509427598702,-54.98744858935332,3.364333333333333,0.0043333333333333,,False,0.0,,,pyin_probability_below_0.5|voicing_disagreement,,False,0.9999999999999971,
3.37,3.3273333333333333,3.4126666666666665,False,218.63306796596578,True,0.4260623290432815,0.5000000000000008,0.0017946959135739036,-54.920182521037745,3.3743333333333334,0.0043333333333333,,False,0.0,,,pyin_probability_below_0.5|voicing_disagreement,,False,0.9999999999999971,
3.38,3.3373333333333335,3.4226666666666667,False,218.63306796596578,True,0.48498680771591135,0.5000000000000008,0.0018006880088790478,-54.89123054938082,3.384333333333333,0.0043333333333333,,False,0.0,,,pyin_probability_below_0.5|voicing_disagreement,,False,0.9999999999999971,
3.39,3.3473333333333333,3.4326666666666665,False,218.63306796596578,True,0.48498680771591135,0.5000000000000008,0.0017943704755785848,-54.92175770422613,3.3943333333333334,0.0043333333333333,,False,0.0,,,pyin_probability_below_0.5|voicing_disagreement,,False,0.9999999999999971,
3.4,3.3573333333333335,3.4426666666666668,False,219.8995964441766,True,0.48498680771591135,0.6000000000000013,0.001751870452042486,-55.129960246957836,3.404333333333333,0.0043333333333333,,False,0.0,,,pyin_probability_below_0.5|voicing_disagreement,,False,1.099999999999998,
3.41,3.3673333333333333,3.4526666666666666,False,219.8995964441766,True,0.3721358982975087,0.6000000000000013,0.0015886399393295946,-55.97949046468365,3.4143333333333334,0.0043333333333333,,False,0.0,,,pyin_probability_below_0.5|voicing_disagreement,,False,1.099999999999998,
3.42,3.3773333333333335,3.462666666666667,False,219.8995964441766,True,0.24075439447557428,0.6000000000000013,0.0013619363278606408,-57.3168639146197,3.4243333333333332,0.0043333333333333,,False,0.0,,,pyin_probability_below_0.5|voicing_disagreement,,False,1.099999999999998,
3.43,3.3873333333333333,3.4726666666666666,False,222.45470667747657,True,0.07797523762294818,0.8000000000000002,0.0010102589424986334,-59.911345932566526,3.4343333333333335,0.0043333333333333,,False,0.0,,,pyin_probability_below_0.5|voicing_disagreement,,False,1.2999999999999994,
3.44,3.3973333333333335,3.482666666666667,False,222.45470667747657,True,0.02616802860893576,0.8000000000000002,0.0007231706744773779,-62.81518386776889,3.4443333333333332,0.0043333333333333,,False,0.0,,,pyin_probability_below_0.5|voicing_disagreement,,False,1.2999999999999994,
3.45,3.4073333333333333,3.4926666666666666,False,,False,8.542068392700291e-05,,0.00046498787156777253,-66.65116749617445,3.4543333333333335,0.0043333333333333,,False,0.0,,,,,False,,
3.46,3.417333333333333,3.498666666666667,True,,False,0.010007958622230324,,0.000313614428030118,-70.07207931071329,3.4643333333333333,0.0043333333333333,,False,0.0,,,edge_window,,False,,
3.47,3.4273333333333333,3.498666666666667,True,,False,0.010000078102280324,,0.00026708380791030706,-71.4670488100228,3.4743333333333335,0.0043333333333333,,False,0.0,,,edge_window,,False,,
3.48,3.437333333333333,3.498666666666667,True,,False,0.010000005216229452,,0.00025663155281785947,-71.8137989645027,,,,,,,,edge_window,,False,,
3.49,3.4473333333333334,3.498666666666667,True,,False,7.057341140946173e-13,,0.00022693399702838318,-72.88200874992404,,,,,,,,edge_window,,False,,
