timestamp_s,window_start_s,window_end_s,edge_padded,f0_hz,voiced,voicing_probability,relative_pitch_semitones,rms_amplitude,rms_dbfs,praat_timestamp_s,praat_time_offset_s,praat_f0_hz,praat_voiced,praat_strength,absolute_difference_hz,signed_difference_semitones,flags,praat_relative_semitones,agreement_screen_pass,pyin_speaker_relative_st,praat_speaker_relative_st
0.0,0.0,0.042666666666666665,True,,False,0.01000000928748663,,0.004413408917589366,-47.10451663607692,,,,,,,,edge_window,,False,,
0.01,0.0,0.05266666666666667,True,,False,0.010000000208892744,,0.004354680738467649,-47.220873592021064,,,,,,,,edge_window,,False,,
0.02,0.0,0.06266666666666666,True,,False,0.010000000814014906,,0.004204828004870331,-47.52503527943034,,,,,,,,edge_window,,False,,
0.03,0.0,0.07266666666666667,True,,False,0.010000000814014906,,0.004033644160534051,-47.88604833928638,0.025666666666666612,-0.004333333333333387,,False,0.0,,,edge_window,,False,,
0.04,0.0,0.08266666666666667,True,,False,0.010000009287486632,,0.0037964000579010877,-48.41256057302871,0.03566666666666661,-0.00433333333333339,,False,0.0,,,edge_window,,False,,
0.05,0.007333333333333333,0.09266666666666666,False,,False,0.010001873046012551,,0.00330937492508121,-49.60508056088264,0.04566666666666661,-0.00433333333333339,,False,0.0,,,,,False,,
0.06,0.017333333333333333,0.10266666666666667,False,,False,0.010009025493342986,,0.0030760875950656195,-50.240026033380985,0.055666666666666614,-0.0043333333333333834,,False,0.0,,,,,False,,
0.07,0.027333333333333334,0.11266666666666666,False,,False,0.01000419105279527,,0.002754346977607241,-51.19962701166042,0.06566666666666661,-0.004333333333333397,,False,0.0,,,,,False,,
0.08,0.037333333333333336,0.12266666666666666,False,,False,0.010349055133375846,,0.002475047465082024,-52.12832935985637,0.07566666666666662,-0.0043333333333333834,,False,0.0,,,,,False,,
0.09,0.04733333333333333,0.13266666666666665,False,,False,0.01002672467381077,,0.0018495367643585252,-54.65874063058517,0.08566666666666661,-0.0043333333333333834,,False,0.0,,,,,False,,
0.1,0.05733333333333333,0.14266666666666666,False,,False,0.01000123296498612,,0.0019153753899935064,-54.35492193964314,0.09566666666666662,-0.0043333333333333834,,False,0.0,,,,,False,,
0.11,0.06733333333333333,0.15266666666666667,False,,False,0.010000802780927255,,0.00878798727405789,-41.1222116131153,0.10566666666666662,-0.0043333333333333834,,False,0.0,,,,,False,,
0.12,0.07733333333333334,0.16266666666666665,False,111.87168684176291,True,0.010009025493342984,1.4000000000000004,0.018490986067015765,-34.66079857287377,0.11566666666666661,-0.0043333333333333834,,False,0.0,,,pyin_probability_below_0.5|voicing_disagreement,,False,-0.5999999999999991,
0.13,0.08733333333333333,0.17266666666666666,False,111.87168684176291,True,0.011422334250709073,1.4000000000000004,0.025709473838884497,-31.798136227708582,0.12566666666666662,-0.0043333333333333834,,False,0.0,,,pyin_probability_below_0.5|voicing_disagreement,,False,-0.5999999999999991,
0.14,0.09733333333333333,0.18266666666666667,False,111.2273533387383,True,0.018187375734912185,1.300000000000003,0.03183910713487743,-29.940782393959253,0.1356666666666666,-0.004333333333333411,,False,0.0,,,pyin_probability_below_0.5|voicing_disagreement,,False,-0.6999999999999982,
0.15,0.10733333333333334,0.19266666666666668,False,111.2273533387383,True,0.026168028608935755,1.300000000000003,0.03638453301977109,-28.781663893887576,0.1456666666666666,-0.0043333333333333834,111.19969374405316,True,0.5868198182510327,0.027659594685133015,0.004305702294496972,pyin_probability_below_0.5,1.4827220855493757,False,-0.6999999999999982,-0.5795610165516325
0.16,0.11733333333333333,0.20266666666666666,False,110.58673092361124,True,0.04069733156888106,1.1999999999999993,0.03950727885312869,-28.066457644674536,0.15566666666666662,-0.0043333333333333834,112.07013632235518,True,0.8207837440361608,1.4834053987439404,-0.23068320002924741,pyin_probability_below_0.5,1.6177109878731168,False,-0.8000000000000008,-0.4445721142278911
0.17,0.12733333333333333,0.21266666666666667,False,110.58673092361124,True,0.056071395445892624,1.1999999999999993,0.04153301068186031,-27.632131724478516,0.16566666666666663,-0.0043333333333333834,111.61712186964418,True,0.85047411402932,1.030390946032938,-0.16056073316859706,pyin_probability_below_0.5,1.5475885210124662,False,-0.8000000000000008,-0.5146945810885407
0.18,0.13733333333333334,0.22266666666666668,False,110.58673092361124,True,0.07797523762294818,1.1999999999999993,0.04255363010909646,-27.421267715534828,0.1756666666666666,-0.0043333333333333834,110.39192752927809,True,0.8484457050546168,0.19480339433314953,0.030523341834609224,pyin_probability_below_0.5,1.3565044460092621,False,-0.8000000000000008,-0.705778656091747
0.19,0.14733333333333334,0.23266666666666666,False,110.58673092361124,True,0.10857977072874497,1.1999999999999993,0.04318045859223267,-27.294254992227287,0.18566666666666662,-0.0043333333333333834,109.35525320352194,True,0.8440105456209648,1.231477720089302,0.19386916487824052,pyin_probability_below_0.5,1.1931586229656308,False,-0.8000000000000008,-0.8691244791353785
0.2,0.15733333333333333,0.24266666666666667,False,109.9497982220883,True,0.12793708630129036,1.1000000000000019,0.04195800512468541,-27.543703366641243,0.19566666666666663,-0.0043333333333333834,107.61027364340661,True,0.8446021002469072,2.33952457868169,0.37234964168759965,pyin_probability_below_0.5,0.914678146156271,False,-0.9000000000000006,-1.147604955944737
0.21,0.16733333333333333,0.25266666666666665,False,108.68691707750624,True,0.1504646013433388,0.9000000000000021,0.03891674161794575,-28.19727058111861,0.2056666666666666,-0.0043333333333333834,105.83601257472674,True,0.853982374600156,2.8509045027794997,0.4601721171866689,pyin_probability_below_0.5,0.6268556706572007,False,-1.0999999999999979,-1.4354274314438067
0.22,0.17733333333333334,0.26266666666666666,False,106.81974089615274,True,0.10857977072874497,0.6000000000000013,0.03483993273032137,-29.15845384417063,0.21566666666666662,-0.0043333333333333834,104.33042224560948,True,0.9670929189430844,2.489318650543254,0.40822065399221985,pyin_probability_below_0.5,0.37880713385165155,False,-1.4000000000000004,-1.6834759682493572
0.23,0.18733333333333332,0.27266666666666667,False,105.59281152631061,True,0.047686993082531035,0.4000000000000011,0.031482831602108415,-30.03852427221471,0.22566666666666663,-0.0043333333333333834,103.66300592991094,True,0.9142884247021849,1.9298055963996745,0.31932587751335406,pyin_probability_below_0.5,0.26770191033051416,False,-1.6,-1.7945811917704932
0.24,0.19733333333333333,0.2826666666666667,False,104.98464168400547,True,0.015085587297504336,0.3000000000000021,0.02886188926733704,-30.793504877515584,0.2356666666666666,-0.0043333333333333834,99.85407969504803,True,0.8616793261039684,5.130561988957439,0.8674201483870267,pyin_probability_below_0.5,-0.3803923605431583,False,-1.6999999999999988,-2.442675462644166
0.25,0.20733333333333334,0.2926666666666667,False,106.2045044606715,True,0.010467533617069905,0.5000000000000044,0.029827249714579354,-30.507735796887353,0.24566666666666662,-0.0043333333333333834,97.00963540301734,True,0.7594236542121305,9.19486905765416,1.5677400305771112,pyin_probability_below_0.5|pitch_difference_over_1_semitone,-0.8807122427332431,False,-1.4999999999999982,-2.942995344834251
0.26,0.21733333333333332,0.30266666666666664,False,106.2045044606715,True,0.010467533617069905,0.5000000000000044,0.03568405752037514,-28.95051538495382,0.2556666666666666,-0.004333333333333411,101.26280303664196,True,0.44411547939529716,4.941701424029546,0.824887580440428,pyin_probability_below_0.5,-0.13785979259655654,False,-1.4999999999999982,-2.2001428946975654
0.27,0.22733333333333333,0.31266666666666665,False,106.2045044606715,True,0.013980210380185926,0.5000000000000044,0.043148729273149576,-27.300639794009186,0.2656666666666666,-0.004333333333333411,106.24822619608905,True,0.4365057435135257,0.04372173541754876,-0.007125590513591981,pyin_probability_below_0.5,0.6941533783574612,False,-1.4999999999999982,-1.3681297237435461
0.28,0.23733333333333334,0.32266666666666666,False,105.59281152631061,True,0.030106861794195014,0.4000000000000011,0.04611497111481037,-26.723161181132337,0.2756666666666666,-0.004333333333333411,108.11561392763251,True,0.70072001137711,2.522802401321897,-0.40875920588747544,pyin_probability_below_0.5,0.9957869937313445,False,-1.6,-1.066496108369664
0.29,0.24733333333333332,0.33266666666666667,False,104.98464168400547,True,0.022944219124638603,0.3000000000000021,0.049254407284323246,-26.151098055155124,0.2856666666666666,-0.004333333333333356,106.28119856172202,True,0.805394733335376,1.2965568777165544,-0.21249735327868802,pyin_probability_below_0.5,0.6995251411225588,False,-1.6999999999999988,-1.3627579609784497
0.3,0.25733333333333336,0.3426666666666667,False,104.37997464223893,True,0.03010686179419501,0.20000000000000068,0.052727350758182766,-25.559280977696986,0.29566666666666663,-0.004333333333333356,105.83994500830865,True,0.8692628263384845,1.4599703660697116,-0.24047112666503914,pyin_probability_below_0.5,0.6274989145089098,False,-1.800000000000001,-1.4347841875921008
0.31,0.2673333333333333,0.3526666666666667,False,104.37997464223893,True,0.04768699308253103,0.20000000000000068,0.05616708218008791,-25.010362733444254,0.30566666666666664,-0.004333333333333356,105.0937380287807,True,0.8049808001276129,0.7137633865417712,-0.11798103393033325,pyin_probability_below_0.5,0.5050088217742009,False,-1.800000000000001,-1.5572742803268063
0.32,0.2773333333333333,0.3626666666666667,False,104.37997464223893,True,0.07797523762294818,0.20000000000000068,0.05831190364310534,-24.684855608484906,0.3156666666666666,-0.004333333333333411,102.36470995036744,True,0.8744396916374652,2.0152646918714936,0.337518264673458,pyin_probability_below_0.5,0.04950952317040994,False,-1.800000000000001,-2.012773578930599
0.33,0.28733333333333333,0.37266666666666665,False,104.37997464223893,True,0.10857977072874499,0.20000000000000068,0.05837701631711736,-24.675162116430997,0.3256666666666666,-0.004333333333333411,101.85217250993524,True,0.9907609013699383,2.527802132303691,0.4244184387119482,pyin_probability_below_0.5,-0.03739065086807936,False,-1.800000000000001,-2.099673752969089
0.34,0.29733333333333334,0.38266666666666665,False,103.77879022636449,True,0.1504646013433388,0.10000000000000017,0.056409448725516176,-24.972962889958076,0.3356666666666666,-0.004333333333333411,103.06794481930635,True,0.9338665513069797,0.7108454070581445,0.1189909636946785,pyin_probability_below_0.5,0.16803682414919469,False,-1.8999999999999986,-1.8942462779518157
0.35,0.30733333333333335,0.39266666666666666,False,103.18106837793296,True,0.17653060863289755,0.0,0.05150351121180779,-25.763263245221886,0.3456666666666666,-0.004333333333333356,104.67768359707438,True,0.8927362982290703,1.4966152191414182,-0.2493073759712311,pyin_probability_below_0.5,0.4363351638150982,False,-2.0000000000000004,-1.6259479382859083
0.36,0.31733333333333336,0.4026666666666667,False,103.77879022636449,True,0.20650679911775224,0.10000000000000017,0.04753725892678807,-26.45931727979282,0.35566666666666663,-0.004333333333333356,105.97450455415577,True,0.8141851641982851,2.195714327791279,-0.36246718021250884,pyin_probability_below_0.5,0.649494968056377,False,-1.8999999999999986,-1.4127881340446293
0.37,0.3273333333333333,0.4126666666666667,False,104.37997464223893,True,0.2796051653363589,0.20000000000000068,0.04480571409270084,-26.97333193401809,0.36566666666666664,-0.004333333333333356,107.2480779327298,True,0.8348740936591066,2.8681032904908648,-0.4692820299588981,pyin_probability_below_0.5,0.8563098178027673,False,-1.800000000000001,-1.2059732842982407
0.38,0.3373333333333333,0.4226666666666667,False,105.59281152631061,True,0.32333605839064083,0.4000000000000011,0.04153671169827095,-27.63135775728104,0.37566666666666665,-0.004333333333333356,104.98039188990434,True,0.9300348507780034,0.6124196364062726,0.10070082033424015,pyin_probability_below_0.5,0.4863269675096299,False,-1.6,-1.5759561345913795
0.39,0.3473333333333333,0.43266666666666664,False,106.2045044606715,True,0.17653060863289757,0.5000000000000044,0.03683448090839232,-28.674908921616616,0.3856666666666666,-0.004333333333333411,103.82125436036748,True,0.9788199906434817,2.383250100304025,0.39291759731345827,pyin_probability_below_0.5,0.2941101905304129,False,-1.4999999999999982,-1.7681729115705935
0.4,0.35733333333333334,0.44266666666666665,False,106.2045044606715,True,0.03010686179419501,0.5000000000000044,0.03373468327772562,-29.4384672583473,0.3956666666666666,-0.004333333333333411,103.14103184447572,True,0.9505460823911392,3.0634726161957815,0.5067188741024893,pyin_probability_below_0.5,0.18030891374137875,False,-1.4999999999999982,-1.8819741883596282
0.41,0.36733333333333335,0.45266666666666666,False,110.58673092361124,True,0.01010197459374499,1.1999999999999993,0.03622242526967419,-28.820449497902125,0.4056666666666666,-0.004333333333333356,102.1173723461711,True,0.9278442291313246,8.469358577440147,1.3793996350137017,pyin_probability_below_0.5|pitch_difference_over_1_semitone,0.00762815283016816,False,-0.8000000000000008,-2.05465494927084
0.42,0.37733333333333335,0.46266666666666667,False,,False,0.010037765502929688,,0.04159266754408108,-27.619664505649784,0.41566666666666663,-0.004333333333333356,104.62807304144732,True,0.9391503249791017,,,voicing_disagreement,0.4281282720331956,False,,-1.6341548300678115
0.43,0.3873333333333333,0.4726666666666667,False,129.25125509628117,True,0.01240312479355135,3.9000000000000035,0.045913022656552685,-26.761282295474878,0.42566666666666664,-0.004333333333333356,112.81894785526727,True,0.7939995867404511,16.432307241013902,2.3540268277816283,pyin_probability_below_0.5|pitch_difference_over_1_semitone,1.7330009600622436,False,1.9000000000000006,-0.3292821420387654
0.44,0.3973333333333333,0.4826666666666667,False,130.75308233882095,True,0.034897428019625254,4.100000000000001,0.05140955301684959,-25.779123442270148,0.43566666666666665,-0.004333333333333356,121.76369106308192,True,0.8236898929745667,8.989391275739024,1.2331315089320725,pyin_probability_below_0.5|pitch_difference_over_1_semitone,3.053896278911796,False,2.0999999999999988,0.9916131768107896
0.45,0.4073333333333333,0.49266666666666664,False,133.03860595958074,True,0.04069733156888105,4.400000000000002,0.05723780170718709,-24.846341084818036,0.4456666666666666,-0.004333333333333411,128.2599587327727,True,0.854907383957612,4.778647226808033,0.6332893017733445,pyin_probability_below_0.5,3.9537384860705247,False,2.399999999999998,1.8914553839695163
0.46,0.41733333333333333,0.5026666666666667,False,134.5844400993791,True,0.026168028608935755,4.600000000000005,0.06258851813850701,-24.070106615806704,0.4556666666666666,-0.004333333333333411,130.3447702930479,True,0.898153509589627,4.239669806331193,0.554147078223993,pyin_probability_below_0.5,4.232880709619877,False,2.6000000000000005,2.170597607518868
0.47,0.42733333333333334,0.5126666666666667,False,136.93693467412865,True,0.013980210380185928,4.899999999999999,0.07011591760331981,-23.08366756005436,0.4656666666666666,-0.004333333333333356,131.45869566401663,True,0.9404046243142173,5.47823901011202,0.7068245696611921,pyin_probability_below_0.5,4.380203218182678,False,2.9,2.3179201160816687
0.48,0.43733333333333335,0.5226666666666666,False,137.7302022667084,True,0.015085587297504338,5.000000000000003,0.07448947165917755,-22.558102121796306,0.4756666666666666,-0.004333333333333356,133.612686658738,True,0.9482993118611877,4.117515607970404,0.5254554831446397,pyin_probability_below_0.5,4.661572304699232,False,3.0000000000000027,2.5992892025982206
0.49,0.44733333333333336,0.5326666666666666,False,138.52806521170294,True,0.02031762855636058,5.099999999999998,0.07581435568779532,-22.404971030977414,0.48566666666666664,-0.004333333333333356,136.96812408595403,True,0.9091727465700377,1.5599411257489066,0.19605730743343652,pyin_probability_below_0.5,5.090970480410427,False,3.0999999999999956,3.0286873783094195
0.5,0.4573333333333333,0.5426666666666666,False,139.33055012971812,True,0.03010686179419501,5.200000000000004,0.07666006149528447,-22.308616733970407,0.49566666666666664,-0.004333333333333356,140.5625534689594,True,0.8675395816175613,1.2320033392412881,-0.1524081784803307,pyin_probability_below_0.5,5.539435966324201,False,3.2,3.477152864223193
0.51,0.4673333333333333,0.5526666666666666,False,140.13768379557115,True,0.06608151270920702,5.299999999999999,0.07397430579702816,-22.618382034650306,0.5056666666666666,-0.004333333333333411,143.76755183435168,True,0.8686674996039953,3.629868038780529,-0.4427176964792485,pyin_probability_below_0.5,5.929745484323116,False,3.2999999999999976,3.867462382222109
0.52,0.47733333333333333,0.5626666666666666,False,141.7660052464835,True,0.12793708630129036,5.5000000000000036,0.06992476939043456,-23.10737914485681,0.5156666666666666,-0.004333333333333411,144.5994090107051,True,0.8297581182421295,2.8334037642216003,-0.3426003916545378,pyin_probability_below_0.5,6.029628179498409,False,3.500000000000001,3.9673450773973986
0.53,0.48733333333333334,0.5726666666666667,False,142.58724736030138,True,0.1504646013433388,5.600000000000002,0.06645442414659122,-23.5495220194835,0.5256666666666666,-0.004333333333333411,141.92977297791987,True,0.8449346143508591,0.6574743823815083,0.08001237057043811,pyin_probability_below_0.5,5.707015417273433,False,3.6000000000000005,3.644732315172425
0.54,0.49733333333333335,0.5826666666666667,False,144.24403136881983,True,0.09203757081218102,5.799999999999998,0.061019298851639134,-24.29065573938308,0.5356666666666666,-0.004333333333333411,141.1873117027429,True,0.9006019027403208,3.05671966607693,0.3708141805551326,pyin_probability_below_0.5,5.616213607288735,False,3.799999999999997,3.5539305051877284
0.55,0.5073333333333333,0.5926666666666667,False,143.41324688128702,True,0.04069733156888105,5.699999999999999,0.0544565787042705,-25.278992943553256,0.5456666666666666,-0.004333333333333411,139.02868412462072,True,0.8477285024572905,4.384562756666298,0.5375486671059815,pyin_probability_below_0.5,5.349479120737886,False,3.699999999999999,3.2871960186368776
0.56,0.5173333333333333,0.6026666666666667,False,143.41324688128702,True,0.01818737573491218,5.699999999999999,0.047747370789796906,-26.421010757173462,0.5556666666666666,-0.004333333333333411,139.08552690000346,True,0.573211415997529,4.327719981283565,0.5304718514917194,pyin_probability_below_0.5,5.356555936352148,False,3.699999999999999,3.2942728342511405
0.57,0.5273333333333333,0.6126666666666667,False,143.41324688128702,True,0.010349055133375844,5.699999999999999,0.04031921460179473,-27.88975872640379,0.5656666666666667,-0.0043333333333333,,False,0.0,,,pyin_probability_below_0.5|voicing_disagreement,,False,3.699999999999999,
0.58,0.5373333333333333,0.6226666666666667,False,,False,0.010000206339031342,,0.03428344954457143,-29.29830973100898,0.5756666666666667,-0.0043333333333333,,False,0.0,,,,,False,,
0.59,0.5473333333333333,0.6326666666666667,False,172.52972650401387,True,0.01000000002170159,8.900000000000004,0.02966410140282665,-30.555376059090587,0.5856666666666667,-0.0043333333333333,,False,0.0,,,pyin_probability_below_0.5|voicing_disagreement,,False,6.900000000000004,
0.6,0.5573333333333333,0.6426666666666667,False,172.52972650401387,True,0.01000000002170159,8.900000000000004,0.02760284180921839,-31.180924069907018,0.5956666666666667,-0.0043333333333333,,False,0.0,,,pyin_probability_below_0.5|voicing_disagreement,,False,6.900000000000004,
0.61,0.5673333333333334,0.6526666666666666,False,172.52972650401387,True,0.010000000208892744,8.900000000000004,0.034583121847982165,-29.22271610316472,0.6056666666666666,-0.004333333333333411,,False,0.0,,,pyin_probability_below_0.5|voicing_disagreement,,False,6.900000000000004,
0.62,0.5773333333333334,0.6626666666666666,False,162.84637702113662,True,0.010140046044704068,7.900000000000001,0.051287512272853567,-25.799767322009004,0.6156666666666666,-0.004333333333333411,,False,0.0,,,pyin_probability_below_0.5|voicing_disagreement,,False,5.899999999999998,
0.63,0.5873333333333334,0.6726666666666666,False,162.84637702113662,True,0.018187375734912185,7.900000000000001,0.06159298287606116,-24.20937526054121,0.6256666666666666,-0.004333333333333411,,False,0.0,,,pyin_probability_below_0.5|voicing_disagreement,,False,5.899999999999998,
0.64,0.5973333333333334,0.6826666666666666,False,160.04877373483913,True,0.026168028608935752,7.600000000000002,0.07046652447311832,-23.04034296209917,0.6356666666666666,-0.004333333333333411,,False,0.0,,,pyin_probability_below_0.5|voicing_disagreement,,False,5.600000000000002,
0.65,0.6073333333333333,0.6926666666666667,False,157.29923159850804,True,0.026168028608935755,7.3000000000000025,0.08316279015940643,-21.601418965333217,0.6456666666666666,-0.004333333333333411,164.79567286622716,True,0.7434105396173587,7.496441267719121,-0.8060008571995365,pyin_probability_below_0.5,8.293028645043407,False,5.300000000000002,6.230745542942397
0.66,0.6173333333333333,0.7026666666666667,False,156.39325469067515,True,0.030106861794195014,7.199999999999998,0.09312737746034315,-20.618452538891113,0.6556666666666666,-0.004333333333333411,163.1438013006841,True,0.8674958753224266,6.750546610008939,-0.7315905948637518,pyin_probability_below_0.5,8.118618382707618,False,5.1999999999999975,6.056335280606611
0.67,0.6273333333333333,0.7126666666666667,False,154.59692495035372,True,0.02031762855636058,7.0,0.10278681059609578,-19.76125219180083,0.6656666666666666,-0.004333333333333411,159.96268153012105,True,0.9076842658045153,5.3657565797673215,-0.5906849734713713,pyin_probability_below_0.5,7.777712761315238,False,4.9999999999999964,5.715429659214228
0.68,0.6373333333333333,0.7226666666666667,False,153.70651218352927,True,0.015085587297504338,6.900000000000004,0.10880121943663748,-19.267324741353313,0.6756666666666666,-0.004333333333333411,156.72992583564903,True,0.9426634174286898,3.023413652119757,-0.33722859311429265,pyin_probability_below_0.5,7.4242563809581625,False,4.900000000000001,5.361973278857155
0.69,0.6473333333333333,0.7326666666666667,False,152.82122781686914,True,0.011853505394683411,6.800000000000001,0.11378481511145742,-18.87831383673176,0.6856666666666666,-0.0043333333333333,154.56446969168724,True,0.9426708952419921,1.7432418748180964,-0.19636515748376715,pyin_probability_below_0.5,7.183392945327636,False,4.8000000000000025,5.12110984322663
0.7,0.6573333333333333,0.7426666666666667,False,151.9410423129619,True,0.012403124793551348,6.700000000000001,0.11063317977252557,-19.12229210238105,0.6956666666666667,-0.0043333333333333,152.18652691087485,True,0.9314643916706705,0.24548459791293453,-0.027948231580038924,pyin_probability_below_0.5,6.914976019423907,False,4.699999999999999,4.852692917322898
0.71,0.6673333333333333,0.7526666666666667,False,151.06592630451914,True,0.013100262550513395,6.6000000000000005,0.10568117339224309,-19.520047466737502,0.7056666666666667,-0.0043333333333333,149.602346910413,True,0.9300543976133253,1.463579394106148,0.16854578413581733,pyin_probability_below_0.5,6.618482003708049,False,4.599999999999999,4.556198901607042
0.72,0.6773333333333333,0.7626666666666667,False,150.19585059339548,True,0.011853505394683415,6.499999999999998,0.10337050599268328,-19.71206715749488,0.7156666666666667,-0.0043333333333333,146.71363039215774,True,0.8859574797492538,3.4822202012377375,0.40610455364282705,pyin_probability_below_0.5,6.2809232342010395,False,4.4999999999999964,4.218640132100031
0.73,0.6873333333333334,0.7726666666666666,False,148.4707041104003,True,0.011853505394683413,6.3000000000000025,0.09595671984645815,-20.358492124657495,0.7256666666666667,-0.0043333333333333,142.84455719988043,True,0.8243997877186521,5.6261469105198785,0.6687866825635963,pyin_probability_below_0.5,5.818241105280272,False,4.3000000000000025,3.755958003179265
0.74,0.6973333333333334,0.7826666666666666,False,145.9200662802185,True,0.010467533617069905,6.000000000000002,0.08954066077727475,-20.95959410013137,0.7356666666666666,-0.004333333333333411,139.41293403148117,True,0.7247601708697015,6.507132248737321,0.7897665181010944,pyin_probability_below_0.5,5.397261269742776,False,4.0,3.3349781676417676
0.75,0.7073333333333334,0.7926666666666666,False,142.58724736030138,True,0.010026724673810768,5.600000000000002,0.08033514623136734,-21.90188822893855,0.7456666666666666,-0.004333333333333411,133.9470793715971,True,0.8574732329581364,8.640167988704263,1.0821819850201067,pyin_probability_below_0.5|pitch_difference_over_1_semitone,4.704845802823764,False,3.6000000000000005,2.642562700722757
0.76,0.7173333333333334,0.8026666666666666,False,139.33055012971812,True,0.01000419105279527,5.200000000000004,0.0755549903921247,-22.434736906264607,0.7556666666666666,-0.004333333333333411,132.11298043579455,True,0.917994395732858,7.217569693923565,0.9208728150461067,pyin_probability_below_0.5,4.466154972797763,False,3.2,2.4038718706967543
0.77,0.7273333333333334,0.8126666666666666,False,130.75308233882095,True,0.0100028158258111,4.100000000000001,0.0696041826544531,-23.147293239636767,0.7656666666666666,-0.004333333333333411,129.00250126495152,True,0.8670663633355064,1.7505810738694265,0.23335101428030403,pyin_probability_below_0.5,4.0536767735635655,False,2.0999999999999988,1.9913936714625549
0.78,0.7373333333333333,0.8226666666666667,False,126.29915234996876,True,0.01000032860450166,3.500000000000001,0.06996128340013874,-23.102844644677415,0.7756666666666666,-0.004333333333333411,123.574875573936,True,0.7519687245391957,2.7242767760327666,0.3775140328923017,pyin_probability_below_0.5,3.309513754951567,False,1.5000000000000004,1.2472306528505608
0.79,0.7473333333333333,0.8326666666666667,False,124.84848285663055,True,0.010000516719604524,3.3000000000000003,0.07165048892932174,-22.89561683427007,0.7856666666666666,-0.004333333333333411,118.77914641924504,True,0.5495666195103701,6.069336437385516,0.8627606371350057,pyin_probability_below_0.5,2.6242671507088606,False,1.2999999999999994,0.561984048607855
0.8,0.7573333333333333,0.8426666666666667,False,122.70366064862014,True,0.01000020633903134,2.999999999999999,0.070608791089183,-23.02282448212578,0.7956666666666666,-0.004333333333333411,113.63269205206728,True,0.5324170621421177,9.07096859655286,1.3296039951460892,pyin_probability_below_0.5|pitch_difference_over_1_semitone,1.8574237926977792,False,0.9999999999999971,-0.20485930940323013
0.81,0.7673333333333333,0.8526666666666667,False,121.29428889978496,True,0.010000047007977299,2.8000000000000003,0.07078826206783558,-23.000774999252673,0.8056666666666666,-0.004333333333333411,106.40814052561008,True,0.43565315657189124,14.88614837417488,2.266837174989015,pyin_probability_below_0.5|pitch_difference_over_1_semitone,0.7201906128548522,False,0.8000000000000002,-1.3420924892461537
0.82,0.7773333333333333,0.8626666666666667,False,,False,0.010002815825811098,,0.07072265557943745,-23.008828805532346,0.8156666666666667,-0.0043333333333333,102.84898367158684,True,0.6434837859824752,,,voicing_disagreement,0.13121875969898628,False,,-1.9310643424020224
0.83,0.7873333333333333,0.8726666666666667,False,101.40847938173854,True,0.010052967545965857,-0.30000000000000004,0.0688282601056599,-23.244664174830195,0.8256666666666667,-0.0043333333333333,101.53045385550634,True,0.8379228891200524,0.1219744737677928,-0.020810830545252013,pyin_probability_below_0.5,-0.092161381610882,False,-2.3000000000000016,-2.1544444837118886
0.84,0.7973333333333333,0.8826666666666667,False,101.99593272657759,True,0.013980210380185928,-0.19999999999999973,0.065544978519279,-23.66921149058485,0.8356666666666667,-0.0043333333333333,101.01718904699716,True,0.8609866228362926,0.9787436795804325,0.16692985129403454,pyin_probability_below_0.5,-0.17990206345016763,False,-2.1999999999999997,-2.242185165551174
0.85,0.8073333333333333,0.8926666666666667,False,101.40847938173854,True,0.07797523762294818,-0.30000000000000004,0.06258714668699689,-24.070296944757267,0.8456666666666667,-0.0043333333333333,101.42277324129469,True,0.7752515495850522,0.014293859556147481,-0.0024400595152008417,pyin_probability_below_0.5,-0.11053215264093261,False,-2.3000000000000016,-2.17281525474194
0.86,0.8173333333333334,0.9026666666666666,False,101.40847938173854,True,0.0779752376229482,-0.30000000000000004,0.05866346174868647,-24.63264625500132,0.8556666666666667,-0.0043333333333333,101.71449235381901,True,0.7777879728209658,0.30601297208046674,-0.05216352173300044,pyin_probability_below_0.5,-0.060808690423131556,False,-2.3000000000000016,-2.12309179252414
0.87,0.8273333333333334,0.9126666666666666,False,101.40847938173854,True,0.07797523762294818,-0.30000000000000004,0.05519365214627454,-25.16221735714485,0.8656666666666666,-0.004333333333333411,101.5432689239298,True,0.7548130281058204,0.13478954219125683,-0.02299583828742604,pyin_probability_below_0.5,-0.08997637386870666,False,-2.3000000000000016,-2.152259475969715
0.88,0.8373333333333334,0.9226666666666666,False,101.99593272657759,True,0.10857977072874497,-0.19999999999999973,0.05375173377671535,-25.392150458008413,0.8756666666666666,-0.004333333333333411,101.60436353146032,True,0.7714535659966953,0.3915691951172704,0.06659113679256375,pyin_probability_below_0.5,-0.07956334894869588,False,-2.1999999999999997,-2.1418464510497053
0.89,0.8473333333333334,0.9326666666666666,False,101.99593272657759,True,0.15046460134333883,-0.19999999999999973,0.05187058013237943,-25.70157789461751,0.8856666666666666,-0.004333333333333411,102.1068709157634,True,0.8818415849628076,0.11093818918580212,-0.018819926619986042,pyin_probability_below_0.5,0.005847714463855467,False,-2.1999999999999997,-2.0564353876371526
0.9,0.8573333333333333,0.9426666666666667,False,101.40847938173854,True,0.20650679911775227,-0.30000000000000004,0.05051108674596843,-25.932265750837907,0.8956666666666666,-0.004333333333333411,102.22063448104325,True,0.9487084347963199,0.8121550993047038,-0.1380979359828937,pyin_probability_below_0.5,0.025125723826761457,False,-2.3000000000000016,-2.037157378274247
0.91,0.8673333333333333,0.9526666666666667,False,101.40847938173854,True,0.32333605839064083,-0.30000000000000004,0.04860342069933087,-26.266663282011493,0.9056666666666666,-0.004333333333333411,101.86828187486294,True,0.9722648141055539,0.4598024931243998,-0.07831953683538012,pyin_probability_below_0.5,-0.03465267532075108,False,-2.3000000000000016,-2.096935777421759
0.92,0.8773333333333333,0.9626666666666667,False,101.40847938173854,True,0.42606232904328145,-0.30000000000000004,0.0474264767449422,-26.479582747133044,0.9156666666666666,-0.004333333333333411,101.33649565377864,True,0.9820045461966072,0.07198372795990338,0.012293343994106599,pyin_probability_below_0.5,-0.1252655561502375,False,-2.3000000000000016,-2.187548658251246
0.93,0.8873333333333333,0.9726666666666667,False,101.40847938173854,True,0.4260623290432815,-0.30000000000000004,0.047248286637440205,-26.512278713421033,0.9256666666666666,-0.004333333333333411,100.77391405245864,True,0.9815054187289285,0.6345653292799085,0.10867263890026341,pyin_probability_below_0.5,-0.22164485105639703,False,-2.3000000000000016,-2.2839279531574057
0.94,0.8973333333333333,0.9826666666666667,False,101.40847938173854,True,0.3721358982975087,-0.30000000000000004,0.04748475672136995,-26.468915653502588,0.9356666666666666,-0.0043333333333333,100.80827126712659,True,0.9876357395346521,0.6002081146119593,0.10277128602566521,pyin_probability_below_0.5,-0.21574349818179572,False,-2.3000000000000016,-2.2780266002828045
0.95,0.9073333333333333,0.9926666666666667,False,101.99593272657759,True,0.24075439447557428,-0.19999999999999973,0.04739250654496286,-26.48580642535422,0.9456666666666667,-0.0043333333333333,100.84560436827596,True,0.989091640865774,1.1503283583016355,0.19636106094054728,pyin_probability_below_0.5,-0.2093332730966782,False,-2.1999999999999997,-2.2716163751976857
0.96,0.9173333333333333,1.0026666666666666,False,102.5867891540234,True,0.1504646013433388,-0.09999999999999873,0.047052852223889274,-26.548280912300083,0.9556666666666667,-0.0043333333333333,101.71630675065833,True,0.9631753930111059,0.8704824033650738,0.14752766115566388,pyin_probability_below_0.5,-0.06049987331179417,False,-2.0999999999999996,-2.122782975412801
0.97,0.9273333333333333,1.0126666666666666,False,103.18106837793296,True,0.1765306086328976,0.0,0.04583070828955602,-26.77686861819883,0.9656666666666667,-0.0043333333333333,102.8888031020113,True,0.9502113731473156,0.2922652759216646,0.04910760924589219,pyin_probability_below_0.5,0.1379201785979736,False,-2.0000000000000004,-1.9243629235030335
0.98,0.9373333333333334,1.0226666666666666,False,103.77879022636449,True,0.17653060863289757,0.10000000000000017,0.044834573731002615,-26.967739099634574,0.9756666666666667,-0.0043333333333333,104.41260968206048,True,0.9592555174594224,0.6338194556959849,-0.10541196353066197,pyin_probability_below_0.5,0.3924397513745307,False,-1.8999999999999986,-1.669843350726477
0.99,0.9473333333333334,1.0326666666666666,False,104.37997464223893,True,0.20650679911775222,0.20000000000000068,0.044170862642648336,-27.097282380562902,0.9856666666666666,-0.004333333333333411,105.82593165618647,True,0.9674456432078491,1.4459570139475346,-0.23817879757041066,pyin_probability_below_0.5,0.6252065854142768,False,-1.800000000000001,-1.4370765166867303
1.0,0.9573333333333334,1.0426666666666666,False,105.59281152631061,True,0.24075439447557428,0.4000000000000011,0.04372078408549749,-27.186241160909912,0.9956666666666666,-0.004333333333333411,107.11149276681377,True,0.9229960144607462,1.518681240503156,-0.24721994791047008,pyin_probability_below_0.5,0.8342477357543387,False,-1.6,-1.2280353663466708
1.01,0.9673333333333334,1.0526666666666666,False,106.81974089615274,True,0.32333605839064083,0.6000000000000013,0.04278589479190665,-27.37398762145496,1.0056666666666665,-0.004333333333333522,107.13309415948864,True,0.9089891929530521,0.3133532633358982,-0.05071101082778538,pyin_probability_below_0.5,0.8377387986716571,False,-1.4000000000000004,-1.224544303429353
1.02,0.9773333333333334,1.0626666666666666,False,107.43854136004751,True,0.3721358982975087,0.699999999999998,0.04234165981108175,-27.464642429088457,1.0156666666666665,-0.004333333333333522,106.79061167833797,True,0.9591261479331589,0.6479296817095417,0.10472163389165298,pyin_probability_below_0.5,0.7823061539522129,False,-1.3000000000000027,-1.2799769481487928
1.03,0.9873333333333333,1.0726666666666667,False,108.68691707750624,True,0.2796051653363588,0.9000000000000021,0.04301704252037864,-27.327189025057407,1.0256666666666665,-0.004333333333333522,108.67966995665871,True,0.9628492273787712,0.007247120847523547,0.001154405793897453,pyin_probability_below_0.5,1.0858733820499735,False,-1.0999999999999979,-0.9764097200510338
1.04,0.9973333333333333,1.0826666666666667,False,111.87168684176291,True,0.03010686179419501,1.4000000000000004,0.046089529984829104,-26.727954414656892,1.0356666666666665,-0.004333333333333522,109.45918169058126,True,0.9848962876915673,2.412505151181648,0.3774237645478813,pyin_probability_below_0.5,1.2096040232959901,False,-0.5999999999999991,-0.8526790788050187
1.05,1.0073333333333334,1.0926666666666667,False,115.81683335824411,True,0.026168028608935755,2.0000000000000004,0.04853451556714149,-26.278986015993336,1.0456666666666665,-0.004333333333333522,109.73890620185932,True,0.9969368882235657,6.0779271563847885,0.9332382640431468,pyin_probability_below_0.5,1.253789523800719,False,0.0,-0.8084935783002867
1.06,1.0173333333333334,1.1026666666666667,False,116.48775344855382,True,0.056071395445892624,2.100000000000002,0.05142825845050324,-25.775963644685554,1.0556666666666665,-0.004333333333333522,110.5694433912543,True,0.9820238591869167,5.9183100572995215,0.9027065728365369,pyin_probability_below_0.5,1.384321215007332,False,0.10000000000000017,-0.6779618870936753
1.07,1.0273333333333334,1.1126666666666667,False,117.84127594565435,True,0.10857977072874497,2.3000000000000003,0.054507969347345,-25.270799939585416,1.0656666666666665,-0.004333333333333522,115.5673292212492,True,0.8135690379436963,2.2739467244051497,0.3373361962159106,pyin_probability_below_0.5,2.1496915916279598,False,0.2999999999999983,0.08740848952695243
1.08,1.0373333333333334,1.1226666666666667,False,117.84127594565435,True,0.20650679911775227,2.3000000000000003,0.05793281606008303,-24.741507206773612,1.0756666666666665,-0.004333333333333522,119.58813694331721,True,0.886391466886307,1.7468609976628642,-0.2547519089087432,pyin_probability_below_0.5,2.741779696752611,False,0.2999999999999983,0.6794965946516054
1.09,1.0473333333333332,1.1326666666666667,False,118.52392351256819,True,0.3721358982975087,2.4000000000000012,0.061964296301847716,-24.157169560187313,1.0856666666666666,-0.004333333333333522,119.17068516072705,True,0.9662551986110548,0.6467616481588578,-0.09421320546468816,pyin_probability_below_0.5,2.681240993308558,False,0.4000000000000011,0.6189578912075486
1.1,1.0573333333333332,1.1426666666666667,False,118.52392351256819,True,0.5485250542599845,2.4000000000000012,0.06430689639409796,-23.834849000209882,1.0956666666666666,-0.004333333333333522,118.36138407726645,True,0.9916907714795344,0.16253943530173842,0.02375781357940939,,2.5632699742644602,True,0.4000000000000011,0.5009868721634512
1.11,1.0673333333333332,1.1526666666666667,False,118.52392351256819,True,0.6159498854580681,2.4000000000000012,0.06666038667657359,-23.522643429166802,1.1056666666666666,-0.004333333333333522,118.00731979473377,True,0.9941035718025545,0.5166037178344141,0.07562327545299084,,2.511404512390881,True,0.4000000000000011,0.4491214102898707
1.12,1.0773333333333333,1.1626666666666667,False,118.52392351256819,True,0.6860828109301793,2.4000000000000012,0.06766604089052,-23.392584662942014,1.1156666666666666,-0.004333333333333522,118.04389362113287,True,0.9938265097639954,0.48002989143532204,0.07025851980041728,,2.5167692680434492,True,0.4000000000000011,0.4544861659424419
1.13,1.0873333333333333,1.1726666666666667,False,117.84127594565435,True,0.7571601330199094,2.3000000000000003,0.06830714496023893,-23.3106773306121,1.1256666666666666,-0.0043333333333333,118.29125903774727,True,0.9885900188888914,0.4499830920929213,-0.06598218187865723,,2.5530099697225244,True,0.2999999999999983,0.49072686762151607
1.14,1.0973333333333333,1.1826666666666668,False,117.84127594565435,True,0.7571601330199094,2.3000000000000003,0.06759650091181289,-23.401515688866134,1.1356666666666666,-0.0043333333333333,118.1401511829635,True,0.997995725751859,0.29887523730916143,-0.04385288030589493,,2.530880668149763,True,0.2999999999999983,0.46859756604875435
1.15,1.1073333333333333,1.1926666666666668,False,117.16256013940793,True,0.7571601330199094,2.1999999999999993,0.06629015662058271,-23.57101909788911,1.1456666666666666,-0.0043333333333333,117.88629079582618,True,0.9916571457292219,0.7237306564182546,-0.10661197528618814,,2.493639763130057,True,0.20000000000000068,0.43135666102904796
1.16,1.1173333333333333,1.2026666666666668,False,117.16256013940793,True,0.6860828109301793,2.1999999999999993,0.06542222561863453,-23.68549371126736,1.1556666666666666,-0.0043333333333333,117.21655234778821,True,0.9813678084444031,0.053992208380279294,-0.007976235611934146,,2.395004023455802,True,0.20000000000000068,0.33272092135479425
1.17,1.1273333333333333,1.2126666666666666,False,116.48775344855382,True,0.6159498854580681,2.100000000000002,0.06395193422397998,-23.882926315310016,1.1656666666666666,-0.0043333333333333,116.00137328972046,True,0.9751746990164767,0.48638015883335584,0.07243686034074118,,2.2145909275031297,True,0.10000000000000017,0.15230782540212112
1.18,1.1373333333333333,1.2226666666666666,False,115.81683335824411,True,0.6159498854580681,2.0000000000000004,0.06283913737276708,-24.03539570778406,1.1756666666666666,-0.0043333333333333,115.0066714331882,True,0.9859341361063423,0.8101619250559082,0.12152884263608713,,2.065498945207781,True,0.0,0.0032158431067719198
1.19,1.1473333333333333,1.2326666666666666,False,115.14977748330686,True,0.6159498854580681,1.9000000000000006,0.060450831074235434,-24.371954482177184,1.1856666666666664,-0.004333333333333522,114.86601587383602,True,0.9989734663277531,0.2837616094708437,0.042715154658077445,,2.0443126331857866,True,-0.10000000000000259,-0.017970468915220566
1.2,1.1573333333333333,1.2426666666666666,False,113.82716948276507,True,0.6159498854580681,1.6999999999999993,0.05818879426242325,-24.703212835716396,1.1956666666666664,-0.004333333333333522,114.72826056616812,True,0.9956766487727544,0.9010910834030454,-0.1365102240063965,,2.023538011850265,True,-0.30000000000000004,-0.03874509025074281
1.21,1.1673333333333333,1.2526666666666666,False,113.17157322849613,True,0.5485250542599845,1.599999999999999,0.05571217898806044,-25.080997105812223,1.2056666666666664,-0.004333333333333522,114.1212364156987,True,0.9784413985246374,0.9496631872025745,-0.14466791223355657,,1.9316957000774237,True,-0.4000000000000008,-0.13058740202358524
1.22,1.1773333333333333,1.2626666666666666,False,112.51975293079859,True,0.42606232904328145,1.5000000000000004,0.055441019374339345,-25.12337586208784,1.2156666666666665,-0.004333333333333522,112.97280012311974,True,0.9776758091749168,0.45304719232115076,-0.06956609164428226,pyin_probability_below_0.5,1.7565938794881495,False,-0.5000000000000001,-0.30568922261285725
1.23,1.1873333333333334,1.2726666666666666,False,111.2273533387383,True,0.32333605839064083,1.300000000000003,0.055135857728038314,-25.17131729758661,1.2256666666666665,-0.004333333333333522,111.26198852768452,True,0.9892611150705198,0.034635188946225526,-0.005390066632488604,pyin_probability_below_0.5,1.4924178544763604,False,-0.6999999999999982,-0.5698652476246489
1.24,1.1973333333333334,1.2826666666666666,False,110.58673092361124,True,0.3721358982975087,1.1999999999999993,0.054777610556936134,-25.22793831881174,1.2356666666666665,-0.004333333333333522,109.96258169353594,True,0.9841088227987203,0.6241492300753038,0.0979872728339507,pyin_probability_below_0.5,1.289040515009919,False,-0.8000000000000008,-0.7732425870910902
1.25,1.2073333333333334,1.2926666666666666,False,109.31653398298289,True,0.4849868077159113,1.0000000000000009,0.05410047640004415,-25.33597821099268,1.2456666666666665,-0.004333333333333522,108.92531307657993,True,0.9931235695381748,0.3912209064029639,0.062068360259688204,pyin_probability_below_0.5,1.124959427584183,False,-0.9999999999999994,-0.9373236745168267
1.26,1.2173333333333334,1.3026666666666666,False,108.06092649856241,True,0.5485250542599845,0.8000000000000002,0.05162111692294604,-25.74345205774754,1.2556666666666665,-0.004333333333333522,107.9000191783869,True,0.9848948316515693,0.1609073201755109,0.025798023999823796,,0.9612297638440479,True,-1.2000000000000002,-1.1010533382569605
1.27,1.2273333333333334,1.3126666666666666,False,106.81974089615274,True,0.42606232904328145,0.6000000000000013,0.049076892127106655,-26.18245894937504,1.2656666666666665,-0.004333333333333522,106.80544182493088,True,0.9813713859574185,0.014299071221856252,0.0023176143084790374,pyin_probability_below_0.5,0.784710173535393,False,-1.4000000000000004,-1.2775729285656166
1.28,1.2373333333333334,1.3226666666666667,False,106.2045044606715,True,0.32333605839064083,0.5000000000000044,0.04511008452332928,-26.91452718317055,1.2756666666666665,-0.004333333333333522,105.80221714315077,True,0.9816425545318507,0.4022873175207309,0.06570115628537433,pyin_probability_below_0.5,0.6213266315584994,False,-1.4999999999999982,-1.440956470542511
1.29,1.2473333333333334,1.3326666666666667,False,104.98464168400547,True,0.24075439447557428,0.3000000000000021,0.04230624848239818,-27.471909682751928,1.2856666666666665,-0.004333333333333522,104.50910847654366,True,0.9508814212614444,0.47553320746180816,0.07859525103218146,pyin_probability_below_0.5,0.4084325368116888,False,-1.6999999999999988,-1.6538505652893194
1.3,1.2573333333333334,1.3426666666666667,False,103.77879022636449,True,0.12793708630129036,0.10000000000000017,0.03957928132090162,-28.050641919217206,1.2956666666666665,-0.004333333333333522,101.49236815030883,True,0.8736800080153537,2.2864220760556577,0.38568452497613104,pyin_probability_below_0.5,-0.0986567371322624,False,-1.8999999999999986,-2.1609398392332704
1.31,1.2673333333333334,1.3526666666666667,False,101.99593272657759,True,0.06608151270920701,-0.19999999999999973,0.03679343282150601,-28.684593813430755,1.3056666666666665,-0.004333333333333522,97.41193785314356,True,0.8712868689695712,4.583994873434037,0.7960935890779555,pyin_probability_below_0.5,-0.8090658012340872,False,-2.1999999999999997,-2.8713489033350945
1.32,1.2773333333333334,1.3626666666666667,False,99.66634240352404,True,0.06608151270920701,-0.5999999999999991,0.034221661571220426,-29.313978157912533,1.3156666666666665,-0.004333333333333522,95.38929729963243,True,0.9363969923214971,4.277045103891609,0.7593477624128251,pyin_probability_below_0.5,-1.1723199745689565,False,-2.6000000000000005,-3.234603076669965
1.33,1.2873333333333334,1.3726666666666667,False,97.95413429584742,True,0.10857977072874497,-0.9000000000000006,0.0324581573863192,-29.773522764544293,1.3256666666666665,-0.004333333333333522,95.08210616385848,True,0.9070832720347574,2.872028131988941,0.5151902884046331,pyin_probability_below_0.5,-1.2281625005607664,False,-2.900000000000002,-3.290445602661773
1.34,1.2973333333333332,1.3826666666666667,False,97.3899599969843,True,0.10857977072874497,-0.9999999999999974,0.03197382097471041,-29.904109220719036,1.3356666666666666,-0.004333333333333522,98.16342451746448,True,0.8735177167819067,0.7734645204801751,-0.13695033708749038,pyin_probability_below_0.5,-0.6760218750686395,False,-2.9999999999999987,-2.738304977169647
1.35,1.3073333333333332,1.3926666666666667,False,96.82903510297565,True,0.1504646013433388,-1.0999999999999979,0.03224421238190822,-29.83096453912807,1.3456666666666666,-0.004333333333333522,98.93554971033485,True,0.927240192080248,2.106514607359202,-0.3725914551945248,pyin_probability_below_0.5,-0.5403807569616049,False,-3.0999999999999983,-2.602663859062614
1.36,1.3173333333333332,1.4026666666666667,False,96.82903510297565,True,0.17653060863289757,-1.0999999999999979,0.033294405278298266,-29.552574765847787,1.3556666666666666,-0.004333333333333522,98.15999275625666,True,0.943929599541808,1.3309576532810041,-0.23634509274788454,pyin_probability_below_0.5,-0.6766271194082449,False,-3.0999999999999983,-2.7389102215092547
1.37,1.3273333333333333,1.4126666666666667,False,96.27134089862668,True,0.20650679911775227,-1.199999999999998,0.0335361169134352,-29.489744499891962,1.3656666666666666,-0.004333333333333522,96.80869181716689,True,0.9446080906057113,0.5373509185402128,-0.0963623835342668,pyin_probability_below_0.5,-0.9166098286218642,False,-3.2000000000000006,-2.9788929307228726
1.38,1.3373333333333333,1.4226666666666667,False,96.27134089862668,True,0.20650679911775227,-1.199999999999998,0.03282524332680889,-29.675840917809282,1.3756666666666666,-0.0043333333333333,95.64469553324429,True,0.9538820933252508,0.6266453653823874,0.1130571127776629,pyin_probability_below_0.5,-1.1260293249337936,False,-3.2000000000000006,-3.188312427034803
1.39,1.3473333333333333,1.4326666666666668,False,95.71685877653417,True,0.24075439447557428,-1.2999999999999985,0.030910113944765148,-30.197987879651706,1.3856666666666666,-0.0043333333333333,94.85158867566659,True,0.969496032506114,0.8652701008675763,0.1572133660632965,pyin_probability_below_0.5,-1.270185578219428,False,-3.299999999999999,-3.3324686803204355
1.4,1.3573333333333333,1.4426666666666668,False,95.16557023646565,True,0.32333605839064083,-1.3999999999999984,0.02848961948798202,-30.906267024598513,1.3956666666666666,-0.0043333333333333,94.18770238319519,True,0.9040874403120805,0.9778678532704674,0.1788121377194422,pyin_probability_below_0.5,-1.391784349875572,False,-3.3999999999999986,-3.4540674519765795
1.41,1.3673333333333333,1.4526666666666668,False,94.61745688474217,True,0.2796051653363589,-1.5000000000000004,0.025512166115265182,-31.865053319400282,1.4056666666666666,-0.0043333333333333,92.93134681459011,True,0.7782696405607903,1.6861100701520542,0.311292821261858,pyin_probability_below_0.5,-1.6242650334179904,False,-3.500000000000001,-3.686548135518997
1.42,1.3773333333333333,1.4626666666666666,False,93.53068270070331,True,0.17653060863289757,-1.699999999999997,0.021730417443735724,-33.25863861508092,1.4156666666666666,-0.0043333333333333,88.67213720316325,True,0.7440341161368486,4.858545497540064,0.9235064389549035,pyin_probability_below_0.5,-2.4364786511110337,False,-3.6999999999999984,-4.49876175321204
1.43,1.3873333333333333,1.4726666666666666,False,92.4563911828233,True,0.07797523762294818,-1.8999999999999986,0.017594683573346342,-35.09237078411807,1.4256666666666666,-0.0043333333333333,88.51327462867113,True,0.8535383205098593,3.9431165541521693,0.7545505716445773,pyin_probability_below_0.5,-2.4675227838007077,False,-3.8999999999999986,-4.529805885901717
1.44,1.3973333333333333,1.4826666666666666,False,89.3069870847758,True,0.04069733156888106,-2.4999999999999973,0.012803229379021817,-37.85360947486032,1.4356666666666664,-0.004333333333333522,88.83828744694566,True,0.7827851065089928,0.46869963783014157,0.09109763323367517,pyin_probability_below_0.5,-2.4040698453898033,False,-4.499999999999998,-4.466352947490812
1.45,1.4073333333333333,1.4926666666666666,False,88.28120884877589,True,0.03489742801962527,-2.699999999999999,0.009050851852747174,-40.86621087437739,1.4456666666666664,-0.004333333333333522,,False,0.0,,,pyin_probability_below_0.5|voicing_disagreement,,False,-4.7,
1.46,1.4173333333333333,1.5026666666666666,False,91.39443895545271,True,0.011085791888943371,-2.0999999999999996,0.007461598649417623,-42.543362297088365,1.4556666666666664,-0.004333333333333522,,False,0.0,,,pyin_probability_below_0.5|voicing_disagreement,,False,-4.1,
1.47,1.4273333333333333,1.5126666666666666,False,101.40847938173854,True,0.010000078102280324,-0.30000000000000004,0.007891260566536709,-42.05707232272499,1.4656666666666665,-0.004333333333333522,,False,0.0,,,pyin_probability_below_0.5|voicing_disagreement,,False,-2.3000000000000016,
1.48,1.4373333333333334,1.5226666666666666,False,94.07250043362458,True,0.010009025493342986,-1.5999999999999979,0.01045758578187555,-39.61137128571422,1.4756666666666665,-0.004333333333333522,,False,0.0,,,pyin_probability_below_0.5|voicing_disagreement,,False,-3.5999999999999988,
1.49,1.4473333333333334,1.5326666666666666,False,96.27134089862668,True,0.010467533617069903,-1.199999999999998,0.014202889117126109,-36.95246607008539,1.4856666666666665,-0.004333333333333522,,False,0.0,,,pyin_probability_below_0.5|voicing_disagreement,,False,-3.2000000000000006,
1.5,1.4573333333333334,1.5426666666666666,False,95.71685877653417,True,0.013100262550513395,-1.2999999999999985,0.01636543842421255,-35.721447112141504,1.4956666666666665,-0.004333333333333522,,False,0.0,,,pyin_probability_below_0.5|voicing_disagreement,,False,-3.299999999999999,
1.51,1.4673333333333334,1.5526666666666666,False,94.61745688474217,True,0.01646758759311301,-1.5000000000000004,0.019376623781454147,-34.2544378592446,1.5056666666666665,-0.004333333333333522,95.6238509074637,True,0.5218003105436385,1.0063940227215369,-0.18316945696359418,pyin_probability_below_0.5,-1.1298027551925385,False,-3.500000000000001,-3.192085857293546
1.52,1.4773333333333334,1.5626666666666666,False,94.07250043362458,True,0.04069733156888106,-1.5999999999999979,0.022104183102323233,-33.11051061105344,1.5156666666666665,-0.004333333333333522,94.8195022406161,True,0.8064110124399182,0.7470018069915199,-0.13692921738111333,pyin_probability_below_0.5,-1.2760429947750178,False,-3.5999999999999988,-3.338326096876025
1.53,1.4873333333333334,1.5726666666666667,False,94.07250043362458,True,0.07797523762294818,-1.5999999999999979,0.025041406347792977,-32.026825688197704,1.5256666666666665,-0.004333333333333522,95.86900624409357,True,0.8372215822805553,1.796505810468986,-0.327497115370514,pyin_probability_below_0.5,-1.0854750967856142,False,-3.5999999999999988,-3.1477581988866232
1.54,1.4973333333333334,1.5826666666666667,False,94.07250043362458,True,0.12793708630129036,-1.5999999999999979,0.02769538971970891,-31.15185038472528,1.5356666666666665,-0.004333333333333522,93.67285581260994,True,0.9071444208260341,0.3996446210146445,0.07370402488427544,pyin_probability_below_0.5,-1.4866762370404039,False,-3.5999999999999988,-3.5489593391414114
1.55,1.5073333333333334,1.5926666666666667,False,93.53068270070331,True,0.1504646013433388,-1.699999999999997,0.028010170129719698,-31.053685066531788,1.5456666666666665,-0.004333333333333522,93.29027722194189,True,0.9658579011966356,0.24040547876141716,0.04455585500854108,pyin_probability_below_0.5,-1.557528067164672,False,-3.6999999999999984,-3.6198111692656787
1.56,1.5173333333333334,1.6026666666666667,False,93.53068270070331,True,0.1504646013433388,-1.699999999999997,0.027667966173955064,-31.16045527897487,1.5556666666666665,-0.004333333333333522,93.44763683242054,True,0.9760237619696823,0.08304586828276683,0.015378450787044133,pyin_probability_below_0.5,-1.5283506629431747,False,-3.6999999999999984,-3.5906337650441835
1.57,1.5273333333333334,1.6126666666666667,False,92.9919856082918,True,0.24075439447557428,-1.799999999999999,0.026430067772002977,-31.558034464971403,1.5656666666666665,-0.004333333333333522,93.8363416454624,True,0.9367702264616072,0.8443560371705985,-0.1564846075592929,pyin_probability_below_0.5,-1.4564876045968378,False,-3.8,-3.5187707066978433
1.58,1.5373333333333334,1.6226666666666667,False,92.9919856082918,True,0.17653060863289757,-1.799999999999999,0.024869793149875027,-32.08655653765833,1.5756666666666665,-0.004333333333333522,93.15852986837183,True,0.6821840922511485,0.16654426008003043,-0.030977853584643722,pyin_probability_below_0.5,-1.581994358571486,False,-3.8,-3.644277460672496
1.59,1.5473333333333332,1.6326666666666667,False,92.9919856082918,True,0.092037570812181,-1.799999999999999,0.022778817685430837,-32.84937642692827,1.5856666666666666,-0.004333333333333522,86.25567731137515,True,0.696166848325915,6.736308296916647,1.301843608089511,pyin_probability_below_0.5|pitch_difference_over_1_semitone,-2.914815820245641,False,-3.8,-4.977098922346649
1.6,1.5573333333333332,1.6426666666666667,False,92.9919856082918,True,0.030106861794195014,-1.799999999999999,0.020033196850922627,-33.96499482947299,1.5956666666666666,-0.004333333333333522,89.25110438190042,True,0.8128280081074264,3.74088122639138,0.7108363659507949,pyin_probability_below_0.5,-2.323808578106926,False,-3.8,-4.386091680207935
1.61,1.5673333333333332,1.6526666666666667,False,88.7926166890357,True,0.011853505394683413,-2.6000000000000005,0.01664984989224465,-35.571793550977496,1.6056666666666666,-0.004333333333333522,90.76684894618194,True,0.868599038466307,1.974232257146241,-0.38070906785063474,pyin_probability_below_0.5,-2.032263144305497,False,-4.600000000000001,-4.094546246406505
1.62,1.5773333333333333,1.6626666666666667,False,91.39443895545271,True,0.010052967545965857,-2.0999999999999996,0.01358503851808597,-37.33878251751146,1.6156666666666666,-0.004333333333333522,91.21291792763454,True,0.835329341598189,0.18152102781817803,0.03441871048939752,pyin_probability_below_0.5,-1.9473909226455288,False,-4.1,-4.009674024746535
1.63,1.5873333333333333,1.6726666666666667,False,93.53068270070331,True,0.010467533617069903,-1.699999999999997,0.014125903409687666,-36.999675353999265,1.6256666666666666,-0.0043333333333333,,False,0.0,,,pyin_probability_below_0.5|voicing_disagreement,,False,-3.6999999999999984,
1.64,1.5973333333333333,1.6826666666666668,False,92.9919856082918,True,0.013980210380185928,-1.799999999999999,0.015644501591812653,-36.112765364160076,1.6356666666666666,-0.0043333333333333,,False,0.0,,,pyin_probability_below_0.5|voicing_disagreement,,False,-3.8,
1.65,1.6073333333333333,1.6926666666666668,False,92.4563911828233,True,0.03010686179419501,-1.8999999999999986,0.01767588481148056,-35.05237674538721,1.6456666666666666,-0.0043333333333333,96.40962636944771,True,0.6524233541775067,3.9532351866244113,-0.7248498396157372,pyin_probability_below_0.5,-0.988122372540393,False,-3.8999999999999986,-3.0504054746414013
1.66,1.6173333333333333,1.7026666666666668,False,92.4563911828233,True,0.047686993082531035,-1.8999999999999986,0.019476207434833876,-34.209912171407694,1.6556666666666666,-0.0043333333333333,93.90309725514491,True,0.7675727343465638,1.4467060723216179,-0.2687963082862174,pyin_probability_below_0.5,-1.444175903869915,False,-3.8999999999999986,-3.5064590059709215
1.67,1.6273333333333333,1.7126666666666666,False,92.4563911828233,True,0.09203757081218103,-1.8999999999999986,0.021308403425733282,-33.42898178879423,1.6656666666666666,-0.0043333333333333,92.59905690620913,True,0.902220848372697,0.14266572338583217,-0.02669338400381633,pyin_probability_below_0.5,-1.686278828152314,False,-3.8999999999999986,-3.7485619302533224
1.68,1.6373333333333333,1.7226666666666666,False,92.4563911828233,True,0.17653060863289757,-1.8999999999999986,0.02259011888626034,-32.92162966976363,1.6756666666666666,-0.0043333333333333,92.20040367090391,True,0.9702224976959372,0.2559875119193862,0.04799981295232232,pyin_probability_below_0.5,-1.760972025108452,False,-3.8999999999999986,-3.8232551272094604
1.69,1.6473333333333333,1.7326666666666666,False,91.92388155425118,True,0.2796051653363589,-1.9999999999999987,0.023690737131394284,-32.508428522044056,1.6856666666666666,-0.0043333333333333,91.93108788477146,True,0.894606574034186,0.007206330520276083,-0.001357139794478785,pyin_probability_below_0.5,-1.811615072361651,False,-3.999999999999999,-3.873898174462658
1.7,1.6573333333333333,1.7426666666666666,False,91.92388155425118,True,0.42606232904328145,-1.9999999999999987,0.02408186130218565,-32.36619898447321,1.6956666666666664,-0.004333333333333522,91.91657616641213,True,0.8853585734974382,0.0073053878390538785,0.001375903468917371,pyin_probability_below_0.5,-1.8143481156250485,False,-3.999999999999999,-3.8766312177260565
1.71,1.6673333333333333,1.7526666666666666,False,91.92388155425118,True,0.3721358982975087,-1.9999999999999987,0.02373515972819591,-32.49215682612905,1.7056666666666664,-0.004333333333333522,92.15232722443939,True,0.9415397718697504,0.22844567018820783,-0.04297058574368789,pyin_probability_below_0.5,-1.770001626412443,False,-3.999999999999999,-3.832284728513452
1.72,1.6773333333333333,1.7626666666666666,False,91.92388155425118,True,0.2407543944755743,-1.9999999999999987,0.023116866495870664,-32.72142070241869,1.7156666666666665,-0.004333333333333522,92.05355657210413,True,0.954776480394243,0.12967501785294644,-0.024404932005106697,pyin_probability_below_0.5,-1.7885672801510228,False,-3.999999999999999,-3.8508503822520312
1.73,1.6873333333333334,1.7726666666666666,False,91.39443895545271,True,0.24075439447557428,-2.0999999999999996,0.02244095132875162,-32.979174723656385,1.7256666666666665,-0.004333333333333522,91.23739632685643,True,0.95574972969532,0.1570426285962867,0.029773299093202858,pyin_probability_below_0.5,-1.9427455112493326,False,-4.1,-4.0050286133503405
1.74,1.6973333333333334,1.7826666666666666,False,91.39443895545271,True,0.27960516533635893,-2.0999999999999996,0.022027026679485535,-33.140882443585966,1.7356666666666665,-0.004333333333333522,90.66588348539014,True,0.9559082800732921,0.7285554700625738,0.13855921513264022,pyin_probability_below_0.5,-2.051531427288773,False,-4.1,-4.11381452938978
1.75,1.7073333333333334,1.7926666666666666,False,90.34468428975191,True,0.32333605839064083,-2.2999999999999976,0.021189367904445647,-33.47763996885703,1.7456666666666665,-0.004333333333333522,90.12781466002069,True,0.9572288138591218,0.21686962973122093,0.041607698691516974,pyin_probability_below_0.5,-2.154579910847649,False,-4.300000000000001,-4.216863012948656
1.76,1.7173333333333334,1.8026666666666666,False,90.34468428975191,True,0.32333605839064083,-2.2999999999999976,0.020241890846047994,-33.87497842790056,1.7556666666666665,-0.004333333333333522,89.4842992898589,True,0.9543717977991623,0.8603849998930144,0.16566174631700542,pyin_probability_below_0.5,-2.2786339584731374,False,-4.300000000000001,-4.340917060574147
1.77,1.7273333333333334,1.8126666666666666,False,89.82433719790544,True,0.42606232904328145,-2.4000000000000004,0.019206329360486635,-34.33111255785077,1.7656666666666665,-0.004333333333333522,89.47059211483702,True,0.9493628394906273,0.3537450830684179,0.06831384796949835,pyin_probability_below_0.5,-2.2812860601256304,False,-4.400000000000002,-4.343569162226637
1.78,1.7373333333333334,1.8226666666666667,False,89.82433719790544,True,0.42606232904328145,-2.4000000000000004,0.017829279362039468,-34.97732420257764,1.7756666666666665,-0.004333333333333522,89.92734913991293,True,0.9346947131830792,0.10301194200749819,-0.0198426846079134,pyin_probability_below_0.5,-2.193129527548221,False,-4.400000000000002,-4.255412629649228
1.79,1.7473333333333334,1.8326666666666667,False,89.82433719790544,True,0.42606232904328145,-2.4000000000000004,0.016734459209705312,-35.52776635454441,1.7856666666666665,-0.004333333333333522,90.9863996728438,True,0.9509311788124543,1.1620624749383666,-0.2225343316361313,pyin_probability_below_0.5,-1.9904378805200007,False,-4.400000000000002,-4.052720982621008
1.8,1.7573333333333334,1.8426666666666667,False,89.82433719790544,True,0.3721358982975087,-2.4000000000000004,0.014845330252652219,-36.56820273089848,1.7956666666666665,-0.004333333333333522,91.20549935613177,True,0.8424600785590421,1.3811621582263314,-0.26417317691108233,pyin_probability_below_0.5,-1.9487990352450506,False,-4.400000000000002,-4.011082137346059
1.81,1.7673333333333334,1.8526666666666667,False,90.86804572163626,True,0.32333605839064083,-2.1999999999999975,0.012821976868681249,-37.84090021869658,1.8056666666666665,-0.004333333333333522,90.83261147321187,True,0.8027782591706605,0.035434248424394355,0.006752312193047444,pyin_probability_below_0.5,-2.019724524349176,False,-4.199999999999999,-4.082007626450184
1.82,1.7773333333333334,1.8626666666666667,False,91.39443895545271,True,0.27960516533635893,-2.0999999999999996,0.010879371047801836,-39.26792422210329,1.8156666666666665,-0.004333333333333522,89.87797121306184,True,0.8413114841252863,1.5164677423908728,0.28966590503983713,pyin_probability_below_0.5,-2.202638117195966,False,-4.1,-4.2649212192969745
1.83,1.7873333333333334,1.8726666666666667,False,90.86804572163626,True,0.09203757081218103,-2.1999999999999975,0.009148677508748747,-40.77283362066785,1.8256666666666665,-0.004333333333333522,90.48473950322112,True,0.7892626771772345,0.383306218415143,0.07318263834448041,pyin_probability_below_0.5,-2.086154850500613,False,-4.199999999999999,-4.148437952601619
1.84,1.7973333333333332,1.8826666666666667,False,90.34468428975191,True,0.04768699308253103,-2.2999999999999976,0.006850809461918753,-43.28516222248638,1.8356666666666666,-0.004333333333333522,,False,0.0,,,pyin_probability_below_0.5|voicing_disagreement,,False,-4.300000000000001,
1.85,1.8073333333333332,1.8926666666666667,False,92.9919856082918,True,0.010000000814014906,-1.799999999999999,0.007574998640467133,-42.4123488154245,1.8456666666666666,-0.004333333333333522,,False,0.0,,,pyin_probability_below_0.5|voicing_disagreement,,False,-3.8,
1.86,1.8173333333333332,1.9026666666666667,False,,False,0.010000078102280324,,0.013943591364506385,-37.112507065781735,1.8556666666666666,-0.004333333333333522,,False,0.0,,,,,False,,
1.87,1.8273333333333333,1.9126666666666667,False,113.17157322849613,True,0.010000002871100368,1.599999999999999,0.019857202455942066,-34.041638725601004,1.8656666666666666,-0.004333333333333522,,False,0.0,,,pyin_probability_below_0.5|voicing_disagreement,,False,-0.4000000000000008,
1.88,1.8373333333333333,1.9226666666666667,False,114.4865635674993,True,0.010191075496968311,1.800000000000001,0.025329704254786787,-31.927397618530904,1.8756666666666666,-0.0043333333333333,,False,0.0,,,pyin_probability_below_0.5|voicing_disagreement,,False,-0.19999999999999973,
1.89,1.8473333333333333,1.9326666666666668,False,113.82716948276507,True,0.015085587297504338,1.6999999999999993,0.030038765842357165,-30.44635829012476,1.8856666666666666,-0.0043333333333333,,False,0.0,,,pyin_probability_below_0.5|voicing_disagreement,,False,-0.30000000000000004,
1.9,1.8573333333333333,1.9426666666666668,False,113.17157322849613,True,0.03010686179419501,1.599999999999999,0.03369219933944791,-29.449412769507802,1.8956666666666666,-0.0043333333333333,,False,0.0,,,pyin_probability_below_0.5|voicing_disagreement,,False,-0.4000000000000008,
1.91,1.8673333333333333,1.9526666666666668,False,112.51975293079859,True,0.06608151270920701,1.5000000000000004,0.03544333735849137,-29.00930783043059,1.9056666666666666,-0.0043333333333333,113.64291427204323,True,0.8090010034145637,1.1231613412446393,-0.17195332599167343,pyin_probability_below_0.5,1.8589811138355437,False,-0.5000000000000001,-0.20330198826546558
1.92,1.8773333333333333,1.9626666666666666,False,111.87168684176291,True,0.056071395445892624,1.4000000000000004,0.03781118049988239,-28.44759526704102,1.9156666666666666,-0.0043333333333333,113.78968669025927,True,0.9723879898744555,1.9179998484963647,-0.2942981826286721,pyin_probability_below_0.5,1.8813259704725405,False,-0.5999999999999991,-0.18095713162846708
1.93,1.8873333333333333,1.9726666666666666,False,111.2273533387383,True,0.10857977072874497,1.300000000000003,0.03947831356982553,-28.072828154983235,1.9256666666666666,-0.0043333333333333,112.29840536487005,True,0.9599204123465502,1.0710520261317527,-0.16590982067105514,pyin_probability_below_0.5,1.6529376085149268,False,-0.6999999999999982,-0.4093454935860815
1.94,1.8973333333333333,1.9826666666666666,False,111.2273533387383,True,0.42606232904328145,1.300000000000003,0.03964175460142791,-28.0369426251813,1.9356666666666666,-0.0043333333333333,109.92967340529682,True,0.914818926174253,1.2976799334414721,0.20316907875938617,pyin_probability_below_0.5,1.2838587090844875,False,-0.6999999999999982,-0.7784243930165226
1.95,1.9073333333333333,1.9926666666666666,False,110.58673092361124,True,0.42606232904328145,1.1999999999999993,0.038479303884364435,-28.295455864656347,1.9456666666666664,-0.004333333333333522,107.35361191774109,True,0.9335225108098217,3.233119005870151,0.5136907003079898,pyin_probability_below_0.5,0.8733370875358806,False,-0.8000000000000008,-1.1889460145651263
1.96,1.9173333333333333,2.002666666666667,False,109.31653398298289,True,0.4849868077159113,1.0000000000000009,0.03488566071077202,-29.147060947275563,1.9556666666666664,-0.004333333333333522,107.64266563541997,True,0.9446553757765358,1.673868347562916,0.26713920227601007,pyin_probability_below_0.5,0.9198885855678601,False,-0.9999999999999994,-1.1423945165331486
1.97,1.9273333333333333,2.0126666666666666,False,108.06092649856241,True,0.6159498854580681,0.8000000000000002,0.03211670119410247,-29.8653813766914,1.9656666666666665,-0.004333333333333522,109.10301101522151,True,0.9543628211853171,1.0420845166591022,-0.16615153192394008,,1.1531793197678093,True,-1.2000000000000002,-0.9091037823331989
1.98,1.9373333333333334,2.022666666666667,False,107.43854136004751,True,0.6159498854580681,0.699999999999998,0.028870137651983294,-30.791022908215695,1.9756666666666665,-0.004333333333333522,108.60541196029455,True,0.9932712122637095,1.1668706002470373,-0.18701247841261145,,1.074040266256478,True,-1.3000000000000027,-0.9882428358445297
1.99,1.9473333333333334,2.0326666666666666,False,108.06092649856241,True,0.6860828109301793,0.8000000000000002,0.026458425555040868,-31.54872005338746,1.9856666666666665,-0.004333333333333522,107.05992838456496,True,0.9836621623451218,1.0009981139974542,0.1611163665719405,,0.8259114212719298,True,-1.2000000000000002,-1.2363716808290792
2.0,1.9573333333333334,2.042666666666667,False,108.06092649856241,True,0.015085587297504338,0.8000000000000002,0.029438780495706814,-30.621603693046005,1.9956666666666665,-0.004333333333333522,106.13983043908735,True,0.9575030156058075,1.9210960594750617,0.31054568955385725,pyin_probability_below_0.5,0.6764820982900089,False,-1.2000000000000002,-1.3858010038109978
2.01,1.9673333333333334,2.0526666666666666,False,115.14977748330686,True,0.010009025493342986,1.9000000000000006,0.03756942351570354,-28.50330937840742,2.0056666666666665,-0.0043333333333333,106.12475782719036,True,0.9565790118768337,9.025019656116498,1.413004339786702,pyin_probability_below_0.5|pitch_difference_over_1_semitone,0.6740234480571652,False,-0.10000000000000259,-1.3882596540438432
2.02,1.9773333333333334,2.062666666666667,False,116.48775344855382,True,0.010824463728234167,2.100000000000002,0.043716248162164933,-27.187142347249285,2.0156666666666667,-0.0043333333333333,106.574788872373,True,0.9679581954913439,9.912964576180812,1.539745111617599,pyin_probability_below_0.5|pitch_difference_over_1_semitone,0.7472826762262685,False,0.10000000000000017,-1.3150004258747399
2.03,1.9873333333333334,2.0726666666666667,False,116.48775344855382,True,0.020317628556360583,2.100000000000002,0.049181463608822286,-26.163971021593447,2.0256666666666665,-0.0043333333333333,124.67148782754884,True,0.5358734019844086,8.183734378995027,-1.1754392507008549,pyin_probability_below_0.5|pitch_difference_over_1_semitone,3.462467038544725,False,0.10000000000000017,1.4001839364437156
2.04,1.9973333333333334,2.082666666666667,False,116.48775344855382,True,0.05607139544589263,2.100000000000002,0.0537002577136701,-25.40047260133244,2.0356666666666667,-0.0043333333333333,126.53667898124947,True,0.5297688925784891,10.048925532695648,-1.4325281674233317,pyin_probability_below_0.5|pitch_difference_over_1_semitone,3.719555955267201,False,0.10000000000000017,1.6572728531661909
2.05,2.0073333333333334,2.0926666666666667,False,116.48775344855382,True,0.10857977072874497,2.100000000000002,0.057441640559622816,-24.815463298777217,2.0456666666666665,-0.0043333333333333,116.1499854795284,True,0.6983540533014841,0.33776796902542117,0.050271793583415825,pyin_probability_below_0.5,2.2367559942604553,False,0.10000000000000017,0.17447289215944403
2.06,2.017333333333333,2.1026666666666665,False,117.16256013940793,True,0.17653060863289757,2.1999999999999993,0.06011168701583523,-24.42082167041071,2.0556666666666668,-0.0043333333333333,116.39281844691718,True,0.9672849380846428,0.7697416924907543,0.11411493582724841,pyin_probability_below_0.5,2.2729128520166215,False,0.20000000000000068,0.21062974991561353
2.07,2.0273333333333334,2.1126666666666667,False,117.16256013940793,True,0.2796051653363589,2.1999999999999993,0.061812678933630676,-24.178448677465802,2.0656666666666665,-0.0043333333333333,116.66365921160606,True,0.9893420581533291,0.4989009278018699,0.07387670949694791,pyin_probability_below_0.5,2.313151078346924,False,0.20000000000000068,0.2508679762459149
2.08,2.037333333333333,2.1226666666666665,False,116.48775344855382,True,0.6860828109301793,2.100000000000002,0.06158737574827401,-24.210166017991885,2.0756666666666663,-0.004333333333333744,116.94211619640126,True,0.9782113829339077,0.4543627478474406,-0.06739576681533424,,2.354423554659203,True,0.10000000000000017,0.29214045255819543
2.09,2.0473333333333334,2.1326666666666667,False,117.16256013940793,True,0.8266685594724996,2.1999999999999993,0.058094465554384925,-24.717304785473058,2.0856666666666666,-0.0043333333333333,117.48630445521961,True,0.9588637709714736,0.3237443158116804,-0.0477715960252631,,2.434799383869132,True,0.20000000000000068,0.3725162817681254
2.1,2.0573333333333332,2.1426666666666665,False,117.16256013940793,True,0.7571601330199093,2.1999999999999993,0.0529448613325348,-25.523523696293942,2.0956666666666663,-0.004333333333333744,116.96655869237082,True,0.9219196992509912,0.19600144703710498,0.028986096196729483,,2.3580416916471396,True,0.20000000000000068,0.2957585895461292
2.11,2.0673333333333335,2.1526666666666667,False,117.16256013940793,True,0.5485250542599845,2.1999999999999993,0.04700666097189794,-26.556811939851933,2.1056666666666666,-0.0043333333333333,115.8473366149564,True,0.8830588278189136,1.3152235244515253,0.1954409629301735,,2.1915868249136974,True,0.20000000000000068,0.12930372281268745
2.12,2.0773333333333333,2.1626666666666665,False,117.16256013940793,True,0.24075439447557426,2.1999999999999993,0.039856487607751415,-27.99001953156868,2.1156666666666664,-0.004333333333333744,115.930648050226,True,0.8372756480514932,1.2319120891819324,0.18299529430160866,pyin_probability_below_0.5,2.204032493542258,False,0.20000000000000068,0.1417493914412497
2.13,2.0873333333333335,2.1726666666666667,False,116.48775344855382,True,0.066081512709207,2.100000000000002,0.0319867074312767,-29.900609238968897,2.1256666666666666,-0.0043333333333333,116.47106024463396,True,0.7611022101806975,0.01669320391985707,0.002481111798722649,pyin_probability_below_0.5,2.284546676045145,False,0.10000000000000017,0.2222635739441386
2.14,2.0973333333333333,2.1826666666666665,False,115.81683335824411,True,0.011853505394683413,2.0000000000000004,0.025483239201392362,-31.874907383971696,2.1356666666666664,-0.004333333333333744,119.7247785034127,True,0.6291170497553297,3.9079451451685827,-0.5745217192108962,pyin_probability_below_0.5,2.7615495070547675,False,0.0,0.6992664049537571
2.15,2.1073333333333335,2.1926666666666668,False,115.81683335824411,True,0.010026724673810772,2.0000000000000004,0.02087225215020078,-33.60861374640188,2.1456666666666666,-0.0043333333333333,,False,0.0,,,pyin_probability_below_0.5|voicing_disagreement,,False,0.0,
2.16,2.1173333333333333,2.2026666666666666,False,120.59568520237023,True,0.010000000417925075,2.7,0.01694700051648656,-35.41814314616402,2.1556666666666664,-0.004333333333333744,,False,0.0,,,pyin_probability_below_0.5|voicing_disagreement,,False,0.7000000000000017,
2.17,2.1273333333333335,2.212666666666667,False,115.81683335824411,True,0.0100000000000754,2.0000000000000004,0.01503024041888482,-36.46068145045752,2.1656666666666666,-0.0043333333333333,,False,0.0,,,pyin_probability_below_0.5|voicing_disagreement,,False,0.0,
2.18,2.1373333333333333,2.2226666666666666,False,,False,0.010000000000006923,,0.014481232129164443,-36.78388969629705,2.1756666666666664,-0.004333333333333744,,False,0.0,,,,,False,,
2.19,2.1473333333333335,2.232666666666667,False,,False,0.01000000000022191,,0.014017596878867545,-37.06652867418137,2.1856666666666666,-0.0043333333333333,,False,0.0,,,,,False,,
2.2,2.1573333333333333,2.2426666666666666,False,115.81683335824411,True,0.01000000002170159,2.0000000000000004,0.014095309162978442,-37.01850787963184,2.1956666666666664,-0.004333333333333744,,False,0.0,,,pyin_probability_below_0.5|voicing_disagreement,,False,0.0,
2.21,2.167333333333333,2.252666666666667,False,128.5068226458765,True,0.010000516719604524,3.8000000000000007,0.017916160538064003,-34.93510109413511,2.2056666666666667,-0.0043333333333333,,False,0.0,,,pyin_probability_below_0.5|voicing_disagreement,,False,1.800000000000001,
2.22,2.1773333333333333,2.2626666666666666,False,126.29915234996876,True,0.011853505394683411,3.500000000000001,0.02221438981816817,-33.067312228018324,2.2156666666666665,-0.004333333333333744,,False,0.0,,,pyin_probability_below_0.5|voicing_disagreement,,False,1.5000000000000004,
2.23,2.187333333333333,2.272666666666667,False,126.29915234996876,True,0.034897428019625254,3.500000000000001,0.026687074359690158,-31.473980685423243,2.2256666666666667,-0.0043333333333333,,False,0.0,,,pyin_probability_below_0.5|voicing_disagreement,,False,1.5000000000000004,
2.24,2.1973333333333334,2.2826666666666666,False,126.29915234996876,True,0.15046460134333883,3.500000000000001,0.03181934353116569,-29.946175691609763,2.2356666666666665,-0.004333333333333744,126.36047414561354,True,0.615538739069043,0.06132179564477269,-0.00840358898072857,pyin_probability_below_0.5,3.6954313768246,False,1.5000000000000004,1.6331482747235917
2.25,2.207333333333333,2.292666666666667,False,125.57172276022992,True,0.27960516533635893,3.4000000000000004,0.03670447306179279,-28.705620127667714,2.2456666666666667,-0.0043333333333333,126.93613455395413,True,0.8979367078200959,1.3644117937242157,-0.18709430817931935,pyin_probability_below_0.5,3.7741220960231887,False,1.4000000000000004,1.7118389939221792
2.26,2.2173333333333334,2.3026666666666666,False,124.84848285663055,True,0.3721358982975087,3.3000000000000003,0.04035298796328085,-27.88248604266923,2.2556666666666665,-0.0043333333333333,126.32693799910372,True,0.9795708899027342,1.478455142473166,-0.2038082734831823,pyin_probability_below_0.5,3.690836061327052,False,1.2999999999999994,1.6285529592260457
2.27,2.227333333333333,2.312666666666667,False,124.12940850835416,True,0.4260623290432815,3.2000000000000033,0.04359602369780592,-27.211062400340072,2.2656666666666667,-0.0043333333333333,125.38703093494938,True,0.9859828741278702,1.2576224265952192,-0.1745181365839458,pyin_probability_below_0.5,3.5615459244278167,False,1.1999999999999993,1.499262822326807
2.28,2.2373333333333334,2.3226666666666667,False,124.12940850835416,True,0.5485250542599847,3.2000000000000033,0.04650416069677765,-26.650163786581615,2.2756666666666665,-0.0043333333333333,124.93510751958638,True,0.9922600448877246,0.8056990112322211,-0.11200780017489095,,3.4990355880187622,True,1.1999999999999993,1.4367524859177525
2.29,2.247333333333333,2.332666666666667,False,123.4144757235675,True,0.37213589829750876,3.1000000000000023,0.05099653727922587,-25.84918623944505,2.2856666666666667,-0.0043333333333333,123.95340582714229,True,0.9874125864439219,0.5389301035747849,-0.07543547009669603,pyin_probability_below_0.5,3.3624632579405644,False,1.1000000000000019,1.3001801558395578
2.3,2.2573333333333334,2.3426666666666667,False,121.9969395672486,True,0.3721358982975087,2.9,0.05518438269312358,-25.163676224343945,2.2956666666666665,-0.0043333333333333,122.25510187295826,True,0.9889298020117124,0.2581623057096607,-0.03659658585671129,pyin_probability_below_0.5,3.1236243737005784,False,0.8999999999999985,1.0613412715995703
2.31,2.267333333333333,2.3526666666666665,False,119.9011051661721,True,0.2796051653363589,2.6000000000000005,0.056770437640138165,-24.91755515619477,2.3056666666666668,-0.0043333333333333,120.99585762742493,True,0.9884614185406597,1.094752461252824,-0.15735240176330184,pyin_probability_below_0.5,2.9443801896071715,False,0.6000000000000013,0.8820970875061649
2.32,2.2773333333333334,2.3626666666666667,False,118.52392351256819,True,0.20650679911775227,2.4000000000000012,0.05707154595040356,-24.87160726300854,2.3156666666666665,-0.0043333333333333,120.41931358146401,True,0.9785416889109406,1.8953900688958214,-0.2746621072176227,pyin_probability_below_0.5,2.8616898950614917,False,0.4000000000000011,0.7994067929604844
2.33,2.287333333333333,2.3726666666666665,False,117.16256013940793,True,0.07797523762294818,2.1999999999999993,0.057419895175307795,-24.818752093574282,2.3256666666666668,-0.0043333333333333,119.07802291515624,True,0.9521813680253045,1.9154627757483098,-0.28074660210054164,pyin_probability_below_0.5,2.6677743899444106,False,0.20000000000000068,0.6054912878434023
2.34,2.2973333333333334,2.3826666666666667,False,115.81683335824411,True,0.020317628556360583,2.0000000000000004,0.05721233708437626,-24.850206224858844,2.3356666666666666,-0.0043333333333333,117.89339008571886,True,0.9459387611203389,2.0765567274747525,-0.3076545191003246,pyin_probability_below_0.5,2.494682306944194,False,0.0,0.43239920484318684
2.35,2.3073333333333332,2.3926666666666665,False,115.14977748330686,True,0.011085791888943373,1.9000000000000006,0.056364630115805774,-24.979866772874626,2.3456666666666663,-0.004333333333333744,115.39193072705572,True,0.9149945186252694,0.24215324374885938,-0.03636861183139009,pyin_probability_below_0.5,2.1233963996752574,False,-0.10000000000000259,0.061113297574246925
2.36,2.3173333333333335,2.4026666666666667,False,115.14977748330686,True,0.010259050559778863,1.9000000000000006,0.05492780198900697,-25.204155590351878,2.3556666666666666,-0.0043333333333333,111.31255722572718,True,0.8676885213091868,3.8372202575796877,0.5867432428545873,pyin_probability_below_0.5,1.500284544989278,False,-0.10000000000000259,-0.5619985571117293
2.37,2.3273333333333333,2.4126666666666665,False,112.51975293079859,True,0.01010197459374499,1.5000000000000004,0.05265803166191357,-25.570707573929067,2.3656666666666664,-0.004333333333333744,107.29501717662829,True,0.8850370159755011,5.224735754170297,0.8231425392373539,pyin_probability_below_0.5,0.8638852486065164,False,-0.5000000000000001,-1.1983978534944926
2.38,2.3373333333333335,2.4226666666666667,False,110.58673092361124,True,0.010009025493342986,1.1999999999999993,0.04860836431010546,-26.265779857072125,2.3756666666666666,-0.0043333333333333,103.30974312867448,True,0.8047020664411779,7.276987794936758,1.178423626993562,pyin_probability_below_0.5|pitch_difference_over_1_semitone,0.20860416085030825,False,-0.8000000000000008,-1.8536789412507004
2.39,2.3473333333333333,2.4326666666666665,False,104.37997464223893,True,0.01000123296498612,0.20000000000000068,0.04452381328795888,-27.028152942902175,2.3856666666666664,-0.004333333333333744,98.43127778912903,True,0.7710114655375835,5.948696853109908,1.015874740541448,pyin_probability_below_0.5|pitch_difference_over_1_semitone,-0.6288469526975791,False,-1.800000000000001,-2.691130054798589
2.4,2.3573333333333335,2.4426666666666668,False,99.09230651162453,True,0.010002815825811102,-0.6999999999999982,0.039459190934256254,-28.07703647411965,2.3956666666666666,-0.0043333333333333,94.46477097941508,True,0.7746335532525364,4.62753553220945,0.827959803367671,pyin_probability_below_0.5,-1.3409320155238031,False,-2.700000000000001,-3.4032151176248107
2.41,2.3673333333333333,2.4526666666666666,False,98.52157682317586,True,0.010073751764282886,-0.8000000000000008,0.034811888701635346,-29.165448272925786,2.4056666666666664,-0.004333333333333744,93.79926012225049,True,0.7112566559541018,4.722316700925376,0.8503581020125193,pyin_probability_below_0.5,-1.4633303141686533,False,-2.800000000000002,-3.525613416269662
2.42,2.3773333333333335,2.462666666666667,False,94.61745688474217,True,0.020317628556360587,-1.5000000000000004,0.030792598694468747,-30.23107315857559,2.4156666666666666,-0.0043333333333333,94.69055101591994,True,0.7190971612871191,0.07309413117776842,-0.013369012370228594,pyin_probability_below_0.5,-1.2996031997859043,False,-3.500000000000001,-3.361886301886914
2.43,2.3873333333333333,2.4726666666666666,False,94.07250043362458,True,0.04069733156888106,-1.5999999999999979,0.025660217841103318,-31.8147932204942,2.4256666666666664,-0.004333333333333744,94.35937506335976,True,0.713056400255739,0.2868746297351805,-0.05271374699326228,pyin_probability_below_0.5,-1.3602584651628673,False,-3.5999999999999988,-3.4225415672638744
2.44,2.3973333333333335,2.482666666666667,False,94.07250043362458,True,0.015085587297504338,-1.5999999999999979,0.02114704039573029,-33.49500810217851,2.4356666666666666,-0.0043333333333333,93.91042288328744,True,0.6219844407238448,0.16207755033714477,0.029853163075778854,pyin_probability_below_0.5,-1.4428253752319085,False,-3.5999999999999988,-3.505108477332918
2.45,2.4073333333333333,2.4926666666666666,False,94.61745688474217,True,0.04069733156888105,-1.5000000000000004,0.017583665457364193,-35.09781175250952,2.4456666666666664,-0.004333333333333744,,False,0.0,,,pyin_probability_below_0.5|voicing_disagreement,,False,-3.500000000000001,
2.46,2.417333333333333,2.502666666666667,False,94.07250043362458,True,0.013100262550513395,-1.5999999999999979,0.01288430742716927,-37.798778424128066,2.4556666666666667,-0.0043333333333333,,False,0.0,,,pyin_probability_below_0.5|voicing_disagreement,,False,-3.5999999999999988,
2.47,2.4273333333333333,2.5126666666666666,False,99.09230651162453,True,0.010006178555334077,-0.6999999999999982,0.006935435349293496,-43.178525446358634,2.4656666666666665,-0.004333333333333744,,False,0.0,,,pyin_probability_below_0.5|voicing_disagreement,,False,-2.700000000000001,
2.48,2.437333333333333,2.522666666666667,False,98.52157682317586,True,0.01001876450976914,-0.8000000000000008,0.0042187462819948,-47.49633185141879,2.4756666666666667,-0.0043333333333333,,False,0.0,,,pyin_probability_below_0.5|voicing_disagreement,,False,-2.800000000000002,
2.49,2.4473333333333334,2.5326666666666666,False,97.3899599969843,True,0.010013068846238973,-0.9999999999999974,0.0030290631876794755,-50.373833339719305,2.4856666666666665,-0.004333333333333744,,False,0.0,,,pyin_probability_below_0.5|voicing_disagreement,,False,-2.9999999999999987,
2.5,2.457333333333333,2.542666666666667,False,92.9919856082918,True,0.010259050559778863,-1.799999999999999,0.002371501080802823,-52.499533461679306,2.4956666666666667,-0.0043333333333333,,False,0.0,,,pyin_probability_below_0.5|voicing_disagreement,,False,-3.8,
2.51,2.4673333333333334,2.5526666666666666,False,90.86804572163626,True,0.010026724673810768,-2.1999999999999975,0.0014450096718971492,-56.802584920605355,2.5056666666666665,-0.0043333333333333,,False,0.0,,,pyin_probability_below_0.5|voicing_disagreement,,False,-4.199999999999999,
2.52,2.477333333333333,2.562666666666667,False,91.39443895545271,True,0.01,-2.0999999999999996,0.0027815963650441727,-51.11411779710201,2.5156666666666667,-0.0043333333333333,,False,0.0,,,pyin_probability_below_0.5|voicing_disagreement,,False,-4.1,
2.53,2.4873333333333334,2.5726666666666667,False,,False,0.01000000000000011,,0.006292729049370251,-44.02321935169159,2.5256666666666665,-0.0043333333333333,,False,0.0,,,,,False,,
2.54,2.497333333333333,2.582666666666667,False,105.59281152631061,True,0.010000027850262286,0.4000000000000011,0.013122004319492056,-37.63999647235894,2.5356666666666667,-0.0043333333333333,,False,0.0,,,pyin_probability_below_0.5|voicing_disagreement,,False,-1.6,
2.55,2.5073333333333334,2.5926666666666667,False,109.31653398298289,True,0.011085791888943373,1.0000000000000009,0.018813304840636078,-34.510698147492505,2.5456666666666665,-0.0043333333333333,,False,0.0,,,pyin_probability_below_0.5|voicing_disagreement,,False,-0.9999999999999994,
2.56,2.517333333333333,2.6026666666666665,False,111.87168684176291,True,0.0229442191246386,1.4000000000000004,0.023268717410855774,-32.66455109381789,2.5556666666666668,-0.0043333333333333,,False,0.0,,,pyin_probability_below_0.5|voicing_disagreement,,False,-0.5999999999999991,
2.57,2.5273333333333334,2.6126666666666667,False,112.51975293079859,True,0.06608151270920701,1.5000000000000004,0.028182867504760907,-31.00029642173846,2.5656666666666665,-0.0043333333333333,103.97533484474066,True,0.571008078774989,8.54441808605793,1.3672435060541348,pyin_probability_below_0.5|pitch_difference_over_1_semitone,0.3197842817897353,False,-0.5000000000000001,-1.742498820311273
2.58,2.537333333333333,2.6226666666666665,False,112.51975293079859,True,0.12793708630129036,1.5000000000000004,0.03174224083256741,-29.967248352589138,2.5756666666666668,-0.0043333333333333,108.48966311187033,True,0.7881863327005977,4.030089818928261,0.6314484071191215,pyin_probability_below_0.5,1.055579380724746,False,-0.5000000000000001,-1.0067037213762622
2.59,2.5473333333333334,2.6326666666666667,False,113.17157322849613,True,0.17653060863289757,1.599999999999999,0.03490230932677887,-29.14291673606187,2.5856666666666666,-0.0043333333333333,111.5232880148903,True,0.959910764179433,1.6482852136058312,0.2539994600267589,pyin_probability_below_0.5,1.533028327817109,False,-0.4000000000000008,-0.5292547742838976
2.6,2.5573333333333332,2.6426666666666665,False,113.82716948276507,True,0.24075439447557428,1.6999999999999993,0.0379047329464317,-28.42613117573918,2.5956666666666663,-0.004333333333333744,112.8792718631939,True,0.993837079452771,0.9478976195711653,0.14477243675312199,pyin_probability_below_0.5,1.7422553510907488,False,-0.30000000000000004,-0.3200277510102605
2.61,2.5673333333333335,2.6526666666666667,False,113.82716948276507,True,0.42606232904328145,1.6999999999999993,0.040816569085700555,-27.78327007067918,2.6056666666666666,-0.0043333333333333,113.33790369801967,True,0.9881638621356992,0.48926578474539895,0.07457439504062753,pyin_probability_below_0.5,1.812453392803242,False,-0.30000000000000004,-0.24982970929776546
2.62,2.5773333333333333,2.6626666666666665,False,113.82716948276507,True,0.6159498854580681,1.6999999999999993,0.042212633229591,-27.491151113077983,2.6156666666666664,-0.004333333333333744,113.67093422364488,True,0.9944243981678935,0.15623525912019431,0.023778645920052528,,1.8632491419238173,True,-0.30000000000000004,-0.19903396017719227
2.63,2.5873333333333335,2.6726666666666667,False,113.17157322849613,True,0.4849868077159113,1.599999999999999,0.04340355809904363,-27.249493336274725,2.6256666666666666,-0.0043333333333333,114.34285313209239,True,0.98258625267494,1.1712799035962576,-0.17825485592886905,pyin_probability_below_0.5,1.9652826437727344,False,-0.4000000000000008,-0.09700045832827203
2.64,2.5973333333333333,2.6826666666666665,False,113.17157322849613,True,0.42606232904328145,1.599999999999999,0.04454940343050187,-27.023162146156423,2.6356666666666664,-0.004333333333333744,114.41603810945627,True,0.9737853044802957,1.2444648809601375,-0.18933204976622983,pyin_probability_below_0.5,1.9763598376100957,False,-0.4000000000000008,-0.08592326449091153
2.65,2.6073333333333335,2.6926666666666668,False,112.51975293079859,True,0.2796051653363589,1.5000000000000004,0.046024558472413823,-26.740207382460074,2.6456666666666666,-0.0043333333333333,113.10096538557276,True,0.9704669675014962,0.5812124547741746,-0.08919544488107746,pyin_probability_below_0.5,1.7762232327249459,False,-0.5000000000000001,-0.28605986937606226
2.66,2.6173333333333333,2.7026666666666666,False,109.9497982220883,True,0.20650679911775227,1.1000000000000019,0.04656173446078599,-26.63941700499911,2.6556666666666664,-0.004333333333333744,111.58047110141635,True,0.9547356097973991,1.6306728793280456,-0.25487509313940676,pyin_probability_below_0.5,1.541902880983275,False,-0.9000000000000006,-0.5203802211177315
2.67,2.6273333333333335,2.712666666666667,False,109.31653398298289,True,0.12793708630129036,1.0000000000000009,0.04639527614114635,-26.670524720916045,2.6656666666666666,-0.0043333333333333,109.74068170883841,True,0.9602623571149991,0.4241477258555193,-0.06704183654988406,pyin_probability_below_0.5,1.2540696243937552,False,-0.9999999999999994,-0.8082134777072556
2.68,2.6373333333333333,2.7226666666666666,False,108.06092649856241,True,0.1504646013433388,0.8000000000000002,0.044922314101263267,-26.950757596954592,2.6756666666666664,-0.004333333333333744,108.79421649197317,True,0.9742623380300944,0.7332899934107644,-0.11708289926520858,pyin_probability_below_0.5,1.104110687109079,False,-1.2000000000000002,-0.9581724149919293
2.69,2.6473333333333335,2.732666666666667,False,106.81974089615274,True,0.10857977072874497,0.6000000000000013,0.04124943108081945,-27.69164073872458,2.6856666666666666,-0.0043333333333333,107.2071039644357,True,0.9427497409546878,0.38736306828296563,-0.06266661229710575,pyin_probability_below_0.5,0.8496944001409749,False,-1.4000000000000004,-1.2125887019600332
2.7,2.6573333333333333,2.7426666666666666,False,105.59281152631061,True,0.056071395445892624,0.4000000000000011,0.039077807873840666,-28.161396132942894,2.6956666666666664,-0.004333333333333744,105.52145149181646,True,0.9525016829857148,0.0713600344941483,0.011703702478245643,pyin_probability_below_0.5,0.5753240853656232,False,-1.6,-1.4869590167353852
2.71,2.667333333333333,2.752666666666667,False,104.37997464223893,True,0.03489742801962526,0.20000000000000068,0.03692130002904669,-28.654460310289117,2.7056666666666667,-0.0043333333333333,102.83824840654144,True,0.9065848204794483,1.541726235697496,0.25761616572959933,pyin_probability_below_0.5,0.12941162211426926,False,-1.800000000000001,-1.9328714799867388
2.72,2.6773333333333333,2.7626666666666666,False,102.5867891540234,True,0.020317628556360583,-0.09999999999999873,0.03443232479713271,-29.260673073364604,2.7156666666666665,-0.004333333333333744,98.82936599540116,True,0.7676269837135009,3.7574231586222453,0.6459991911553029,pyin_probability_below_0.5,-0.5589714033114346,False,-2.0999999999999996,-2.621254505412442
2.73,2.687333333333333,2.772666666666667,False,101.40847938173854,True,0.013980210380185928,-0.30000000000000004,0.03164747119041204,-29.99321973626696,2.7256666666666667,-0.0043333333333333,93.4753080172556,True,0.8040953190243737,7.933171364482945,1.4102527774511193,pyin_probability_below_0.5|pitch_difference_over_1_semitone,-1.5232249896072525,False,-2.3000000000000016,-3.5855080917082596
2.74,2.6973333333333334,2.7826666666666666,False,97.95413429584742,True,0.013100262550513393,-0.9000000000000006,0.028281905384915127,-30.969826699285537,2.7356666666666665,-0.004333333333333744,90.90733738296399,True,0.8745275816619404,7.046796912883437,1.2925157013196609,pyin_probability_below_0.5|pitch_difference_over_1_semitone,-2.005487913475795,False,-2.900000000000002,-4.0677710155768025
2.75,2.707333333333333,2.792666666666667,False,92.4563911828233,True,0.047686993082531035,-1.8999999999999986,0.025081929923083925,-32.01278099741717,2.7456666666666667,-0.0043333333333333,91.67700284413169,True,0.8715870434364534,0.7793883386916036,0.14655806402495455,pyin_probability_below_0.5,-1.8595302761810868,False,-3.8999999999999986,-3.921813378282095
2.76,2.7173333333333334,2.8026666666666666,False,91.39443895545271,True,0.1504646013433388,-2.0999999999999996,0.021950361696401233,-33.17116638182492,2.7556666666666665,-0.0043333333333333,90.55061319286685,True,0.9579340570917962,0.8438257625858654,0.1605836870582115,pyin_probability_below_0.5,-2.0735558992143437,False,-4.1,-4.13583900131535
2.77,2.727333333333333,2.812666666666667,False,91.39443895545271,True,0.27960516533635893,-2.0999999999999996,0.02109377631609825,-33.516913273459636,2.7656666666666667,-0.0043333333333333,91.18163057276942,True,0.9246258327608065,0.21280838268329205,0.040358113286719205,pyin_probability_below_0.5,-1.953330325442852,False,-4.1,-4.01561342754386
2.78,2.7373333333333334,2.8226666666666667,False,91.92388155425118,True,0.12793708630129036,-1.9999999999999987,0.0224338465572158,-32.98192509869479,2.7756666666666665,-0.0043333333333333,90.1924027773181,True,0.9749194395408254,1.7314787769330877,0.3292056337204966,pyin_probability_below_0.5,-2.1421778458766285,False,-3.999999999999999,-4.204460947977637
2.79,2.747333333333333,2.832666666666667,False,92.4563911828233,True,0.1504646013433388,-1.8999999999999986,0.023445517248231424,-32.59880363079974,2.7856666666666667,-0.0043333333333333,90.83315367030309,True,0.9652716256975286,1.6232375125202054,0.30664897185647816,pyin_probability_below_0.5,-2.019621184012611,False,-3.8999999999999986,-4.081904286113617
2.8,2.7573333333333334,2.8426666666666667,False,92.4563911828233,True,0.17653060863289755,-1.8999999999999986,0.025139325961287054,-31.992927417025054,2.7956666666666665,-0.0043333333333333,91.7532733838776,True,0.9569573713371559,0.7031177989456978,0.1321610772598792,pyin_probability_below_0.5,-1.845133289416011,False,-3.8999999999999986,-3.9074163915170197
2.81,2.767333333333333,2.8526666666666665,False,92.4563911828233,True,0.15046460134333878,-1.8999999999999986,0.02675022496043568,-31.453451227124173,2.8056666666666668,-0.0043333333333333,91.93959218589795,True,0.9855590088876524,0.5167989969253455,0.09704141557296375,pyin_probability_below_0.5,-1.8100136277290937,False,-3.8999999999999986,-3.8722967298301003
2.82,2.7773333333333334,2.8626666666666667,False,92.4563911828233,True,0.24075439447557428,-1.8999999999999986,0.028953055300864474,-30.7661120029504,2.8156666666666665,-0.0043333333333333,93.20944364526234,True,0.9048837596046169,0.7530524624390438,-0.14043695373478615,pyin_probability_below_0.5,-1.572535258421344,False,-3.8999999999999986,-3.634818360522351
2.83,2.787333333333333,2.8726666666666665,False,91.92388155425118,True,0.2796051653363589,-1.9999999999999987,0.03088295491750889,-30.205623050811138,2.8256666666666668,-0.0043333333333333,93.04160539590364,True,0.9494463609545714,1.117723841652463,-0.20923526416863938,pyin_probability_below_0.5,-1.6037369479874921,False,-3.999999999999999,-3.6660200500885
2.84,2.7973333333333334,2.8826666666666667,False,91.39443895545271,True,0.20650679911775224,-2.0999999999999996,0.032083702079039815,-29.874310501189598,2.8356666666666666,-0.0043333333333333,92.54135182690752,True,0.9720526984412232,1.146912871454802,-0.21590146645219704,pyin_probability_below_0.5,-1.6970707457039338,False,-4.1,-3.7593538478049435
2.85,2.8073333333333332,2.8926666666666665,False,91.39443895545271,True,0.12793708630129036,-2.0999999999999996,0.03340280872651126,-29.524340266679733,2.8456666666666663,-0.004333333333333744,92.16470890947915,True,0.9559298072048857,0.770269954026432,-0.14529653403447035,pyin_probability_below_0.5,-1.7676756781216607,False,-4.1,-3.829958780222668
2.86,2.8173333333333335,2.9026666666666667,False,90.86804572163626,True,0.10857977072874497,-2.1999999999999975,0.034762125384386146,-29.177873565933208,2.8556666666666666,-0.0043333333333333,91.58853615939205,True,0.944978608847168,0.7204904377557853,-0.13672776815512672,pyin_probability_below_0.5,-1.8762444440010042,False,-4.199999999999999,-3.9385275461020126
2.87,2.8273333333333333,2.9126666666666665,False,89.82433719790544,True,0.09203757081218103,-2.4000000000000004,0.03640011037803247,-28.777945988283854,2.8656666666666664,-0.004333333333333744,90.42450734531387,True,0.9322883850533779,0.6001701474084342,-0.1152893752991239,pyin_probability_below_0.5,-2.0976828368570084,False,-4.400000000000002,-4.159965938958018
2.88,2.8373333333333335,2.9226666666666667,False,89.3069870847758,True,0.1504646013433388,-2.4999999999999973,0.0371653247626505,-28.59724135677086,2.8756666666666666,-0.0043333333333333,89.500844496659,True,0.9694390712779122,0.19385741188320083,-0.03753892440200251,pyin_probability_below_0.5,-2.275433287754126,False,-4.499999999999998,-4.337716389855133
2.89,2.8473333333333333,2.9326666666666665,False,89.3069870847758,True,0.24075439447557426,-2.4999999999999973,0.03752817675225656,-28.512850691844204,2.8856666666666664,-0.004333333333333744,89.06621560857897,True,0.9516257337403444,0.24077147619682648,0.04673706862909732,pyin_probability_below_0.5,-2.3597092807852276,False,-4.499999999999998,-4.421992382886235
2.9,2.8573333333333335,2.9426666666666668,False,88.7926166890357,True,0.32333605839064083,-2.6000000000000005,0.037101509153346854,-28.612168490372547,2.8956666666666666,-0.0043333333333333,88.74739502024974,True,0.9541173026401518,0.045221668785956126,0.00881934091332032,pyin_probability_below_0.5,-2.421791553069455,False,-4.600000000000001,-4.484074655170462
2.91,2.8673333333333333,2.9526666666666666,False,88.28120884877589,True,0.32333605839064083,-2.699999999999999,0.03622217033793452,-28.820510629003415,2.9056666666666664,-0.004333333333333744,88.76660162218312,True,0.9382378931512318,0.4853927734072272,-0.09492696912336265,pyin_probability_below_0.5,-2.418045243032768,False,-4.7,-4.480328345133776
2.92,2.8773333333333335,2.962666666666667,False,88.28120884877589,True,0.3233360583906408,-2.699999999999999,0.0342730200409712,-29.30095250180794,2.9156666666666666,-0.0043333333333333,88.1986487052335,True,0.9581568763531505,0.08256014354239483,0.01619798927813679,pyin_probability_below_0.5,-2.5291702014342667,False,-4.7,-4.5914533035352765
2.93,2.8873333333333333,2.9726666666666666,False,87.77274650093236,True,0.27960516533635893,-2.7999999999999976,0.03215718728854993,-29.854438899020973,2.9256666666666664,-0.004333333333333744,87.84813749440899,True,0.9621570430380799,0.07539099347663125,-0.01486377473429784,pyin_probability_below_0.5,-2.598108437421833,False,-4.799999999999998,-4.6603915395228395
2.94,2.8973333333333335,2.982666666666667,False,87.77274650093236,True,0.24075439447557426,-2.7999999999999976,0.030304382609382077,-30.369891188743384,2.9356666666666666,-0.0043333333333333,87.06498627699456,True,0.8927946631588785,0.7077602239377967,0.1401648570799715,pyin_probability_below_0.5,-2.7531370692360992,False,-4.799999999999998,-4.815420171337109
2.95,2.9073333333333333,2.9926666666666666,False,87.26721268071712,True,0.2407543944755743,-2.8999999999999995,0.026904428359509694,-31.40352462016462,2.9456666666666664,-0.004333333333333744,86.25559026534555,True,0.6933290613335699,1.0116224153715763,0.20186107907008952,pyin_probability_below_0.5,-2.9148332912262194,False,-4.9,-4.977116393327227
2.96,2.917333333333333,3.002666666666667,False,87.26721268071712,True,0.12793708630129033,-2.8999999999999995,0.02237267620116245,-33.0056412569317,2.9556666666666667,-0.0043333333333333,83.40803592636021,True,0.493934875946679,3.859176754356909,0.7830399801848151,pyin_probability_below_0.5,-3.4960121923409475,False,-4.9,-5.558295294441955
2.97,2.9273333333333333,3.0126666666666666,False,86.26486325200693,True,0.056071395445892624,-3.099999999999996,0.017608944821181048,-35.08533334864799,2.9656666666666665,-0.004333333333333744,83.66137790148403,True,0.8605675247414554,2.6034853505229023,0.5305355056055248,pyin_probability_below_0.5,-3.4435077177616558,False,-5.099999999999997,-5.505790819862662
2.98,2.937333333333333,3.022666666666667,False,85.76801420023813,True,0.013100262550513393,-3.199999999999998,0.013348397793808146,-37.49141718945848,2.9756666666666667,-0.0043333333333333,84.91366622328314,True,0.8940283019387336,0.8543479769549833,0.17331545562036063,pyin_probability_below_0.5,-3.18628766777649,False,-5.200000000000001,-5.248570769877499
2.99,2.9473333333333334,3.0326666666666666,False,84.78288453476168,True,0.010349055133375844,-3.3999999999999986,0.010025904281081108,-39.97752891964726,2.9856666666666665,-0.004333333333333744,85.8605973577365,True,0.9092521123821935,1.0777128229748172,-0.2186779032614034,pyin_probability_below_0.5,-2.994294308894727,False,-5.4,-5.056577410995736
3.0,2.957333333333333,3.042666666666667,False,,False,0.010013068846238973,,0.013650079496725028,-37.29729638654732,2.9956666666666667,-0.0043333333333333,,False,0.0,,,,,False,,
3.01,2.9673333333333334,3.0526666666666666,False,96.27134089862668,True,0.010000078102280324,-1.199999999999998,0.01939012897944346,-34.248386041350834,3.0056666666666665,-0.0043333333333333,,False,0.0,,,pyin_probability_below_0.5|voicing_disagreement,,False,-3.2000000000000006,
3.02,2.977333333333333,3.062666666666667,False,92.4563911828233,True,0.010000206339031342,-1.8999999999999986,0.02503166167374423,-32.030206394344106,3.0156666666666667,-0.0043333333333333,,False,0.0,,,pyin_probability_below_0.5|voicing_disagreement,,False,-3.8999999999999986,
3.03,2.9873333333333334,3.0726666666666667,False,90.86804572163626,True,0.01000419105279527,-2.1999999999999975,0.029616474229836938,-30.569332889062473,3.0256666666666665,-0.0043333333333333,,False,0.0,,,pyin_probability_below_0.5|voicing_disagreement,,False,-4.199999999999999,
3.04,2.997333333333333,3.082666666666667,False,90.34468428975191,True,0.01001876450976914,-2.2999999999999976,0.03212824708255982,-29.86225937825623,3.0356666666666667,-0.0043333333333333,,False,0.0,,,pyin_probability_below_0.5|voicing_disagreement,,False,-4.300000000000001,
3.05,3.0073333333333334,3.0926666666666667,False,89.82433719790544,True,0.010052967545965859,-2.4000000000000004,0.03386232501490166,-29.405664523787674,3.0456666666666665,-0.0043333333333333,,False,0.0,,,pyin_probability_below_0.5|voicing_disagreement,,False,-4.400000000000002,
3.06,3.017333333333333,3.1026666666666665,False,89.82433719790544,True,0.010052967545965854,-2.4000000000000004,0.03531264728547854,-29.041394468687418,3.0556666666666668,-0.0043333333333333,90.89227425945576,True,0.7726677315410084,1.0679370615503245,-0.20461544850768748,pyin_probability_below_0.5,-2.008356763648446,False,-4.400000000000002,-4.070639865749455
3.07,3.0273333333333334,3.1126666666666667,False,89.82433719790544,True,0.010140046044704072,-2.4000000000000004,0.038118547014305365,-28.377273239213494,3.0656666666666665,-0.0043333333333333,89.76109165062263,True,0.8259641969551103,0.06324554728280418,0.012193956952589508,pyin_probability_below_0.5,-2.2251661691087214,False,-4.400000000000002,-4.287449271209729
3.08,3.037333333333333,3.1226666666666665,False,90.34468428975191,True,0.011085791888943373,-2.2999999999999976,0.038611654114252374,-28.265631858063145,3.0756666666666668,-0.0043333333333333,89.05744196832732,True,0.8216481079604604,1.2872423214245856,0.248442538296273,pyin_probability_below_0.5,-2.361414750452405,False,-4.300000000000001,-4.4236978525534125
3.09,3.0473333333333334,3.1326666666666667,False,90.34468428975191,True,0.012403124793551348,-2.2999999999999976,0.03736994824387835,-28.54955007266398,3.0856666666666666,-0.0043333333333333,88.21129608272007,True,0.7395251352223493,2.1333882070318424,0.41371563822927915,pyin_probability_below_0.5,-2.5266878503854087,False,-4.300000000000001,-4.588970952486416
3.1,3.0573333333333332,3.1426666666666665,False,89.82433719790544,True,0.012403124793551346,-2.4000000000000004,0.03511434812245415,-29.090307791970194,3.095666666666667,-0.0043333333333333,89.33533825853387,True,0.7238496361853952,0.48899893937156946,0.09450493967107029,pyin_probability_below_0.5,-2.3074771518272037,False,-4.400000000000002,-4.369760253928213
3.11,3.0673333333333335,3.1526666666666667,False,90.34468428975191,True,0.010467533617069903,-2.2999999999999976,0.03193833227756313,-29.913755302811875,3.1056666666666666,-0.0043333333333333,91.11880706277765,True,0.7007274702224852,0.7741227730257378,-0.14770969331914155,pyin_probability_below_0.5,-1.9652625188369885,False,-4.300000000000001,-4.027545620937998
3.12,3.0773333333333333,3.1626666666666665,False,90.86804572163626,True,0.01010197459374499,-2.1999999999999975,0.028206181195587092,-30.993114170511404,3.1156666666666664,-0.004333333333333744,91.19271283306522,True,0.6593932045511102,0.3246671114289512,-0.061745909245178164,pyin_probability_below_0.5,-1.9512263029109516,False,-4.199999999999999,-4.013509405011959
3.13,3.0873333333333335,3.1726666666666667,False,90.86804572163626,True,0.011422334250709076,-2.1999999999999975,0.02485520236146198,-32.09165393305162,3.1256666666666666,-0.0043333333333333,90.51892898750572,True,0.5796880780434478,0.349116734130547,0.0666424394069655,pyin_probability_below_0.5,-2.0796146515630975,False,-4.199999999999999,-4.141897753664107
3.14,3.0973333333333333,3.1826666666666665,False,90.86804572163626,True,0.012403124793551346,-2.1999999999999975,0.023588266553357218,-32.54607946458795,3.1356666666666664,-0.004333333333333744,88.85775485135044,True,0.4831258720755965,2.0102908702858286,0.38730434295534943,pyin_probability_below_0.5,-2.40027655511148,False,-4.199999999999999,-4.462559657212487
3.15,3.1073333333333335,3.1926666666666668,False,90.86804572163626,True,0.010259050559778864,-2.1999999999999975,0.0204111360689567,-33.8026564419374,3.1456666666666666,-0.0043333333333333,94.05293217477515,True,0.3382566408316347,3.184886453138887,-0.5963984416510265,pyin_probability_below_0.5,-1.4165737705051047,False,-4.199999999999999,-3.4788568726061118
3.16,3.1173333333333333,3.2026666666666666,False,101.99593272657759,True,0.010009025493342986,-0.19999999999999973,0.013994060607186394,-37.08112499048469,3.1556666666666664,-0.004333333333333744,94.62241682810057,True,0.5639820324891299,7.373515898477024,1.2990924932830512,pyin_probability_below_0.5|pitch_difference_over_1_semitone,-1.3120647054391816,False,-2.1999999999999997,-3.3743478075401896
3.17,3.1273333333333335,3.212666666666667,False,97.3899599969843,True,0.0100028158258111,-0.9999999999999974,0.010595312277328777,-39.49772477468032,3.1656666666666666,-0.0043333333333333,94.45757046434834,True,0.4503676241987186,2.932389532635966,0.5292794754366451,pyin_probability_below_0.5,-1.3422516875927744,False,-2.9999999999999987,-3.404534789693783
3.18,3.1373333333333333,3.2226666666666666,False,100.24370365151614,True,0.01000419105279527,-0.5000000000000001,0.009884446199051742,-40.10095316217753,3.1756666666666664,-0.004333333333333744,100.31301768421599,True,0.6662862115887817,0.06931403269985026,-0.011966571597965537,pyin_probability_below_0.5,-0.3010056405581679,False,-2.5000000000000013,-2.363288742659175
3.19,3.1473333333333335,3.232666666666667,False,101.40847938173854,True,0.01002672467381077,-0.30000000000000004,0.012870199112475167,-37.80829468307725,3.1856666666666666,-0.0043333333333333,100.62261959972865,True,0.6014226928687849,0.7858597820098936,0.13468362851594085,pyin_probability_below_0.5,-0.2476558406720724,False,-2.3000000000000016,-2.3099389427730808
3.2,3.1573333333333333,3.2426666666666666,False,103.18106837793296,True,0.011853505394683413,0.0,0.016638020793667746,-35.57796674541527,3.1956666666666664,-0.004333333333333744,99.72941372205436,True,0.5973501686762088,3.451654655878599,0.5890477891884396,pyin_probability_below_0.5,-0.4020200013445713,False,-2.0000000000000004,-2.4643031034455807
3.21,3.167333333333333,3.252666666666667,False,104.98464168400547,True,0.018187375734912182,0.3000000000000021,0.021304471668591552,-33.43058462871705,3.2056666666666667,-0.0043333333333333,100.12608182270334,True,0.7373062274514556,4.858559861302126,0.8203255134363192,pyin_probability_below_0.5,-0.3332977255924515,False,-1.6999999999999988,-2.3955808276934585
3.22,3.1773333333333333,3.2626666666666666,False,108.06092649856241,True,0.03489742801962526,0.8000000000000002,0.025310019846310088,-31.93415028597788,3.2156666666666665,-0.004333333333333744,103.02231144219398,True,0.8302221878371755,5.038615056368428,0.8266577072812071,pyin_probability_below_0.5,0.16037008056266477,False,-1.2000000000000002,-1.9019130215383449
3.23,3.187333333333333,3.272666666666667,False,109.9497982220883,True,0.06608151270920701,1.1000000000000019,0.02980335603065891,-30.514696581876642,3.2256666666666667,-0.0043333333333333,104.24711724209945,True,0.903137649067009,5.702680979988855,0.9220496085917372,pyin_probability_below_0.5,0.36497817925213105,False,-0.9000000000000006,-1.6973049228488755
3.24,3.1973333333333334,3.2826666666666666,False,110.58673092361124,True,0.12793708630129036,1.1999999999999993,0.03244059240349815,-29.77822447317497,3.2356666666666665,-0.004333333333333744,106.16742578558666,True,0.9609555134830396,4.419305138024583,0.7060452306836382,pyin_probability_below_0.5,0.6809825571602341,False,-0.8000000000000008,-1.3813005449407747
3.25,3.207333333333333,3.292666666666667,False,111.87168684176291,True,0.09203757081218102,1.4000000000000004,0.03519011061049922,-29.071587361532053,3.2456666666666667,-0.0043333333333333,108.92306672504405,True,0.9547000909807137,2.948620116718857,0.4624253939239945,pyin_probability_below_0.5,1.1246023939198735,False,-0.5999999999999991,-0.937680708181134
3.26,3.2173333333333334,3.3026666666666666,False,112.51975293079859,True,0.07797523762294818,1.5000000000000004,0.03845741360929397,-28.30039853766694,3.2556666666666665,-0.0043333333333333,111.6400655384908,True,0.9821034315215088,0.8796873923077868,0.13588096160335725,pyin_probability_below_0.5,1.5511468262405086,False,-0.5000000000000001,-0.511136275860499
3.27,3.227333333333333,3.312666666666667,False,116.48775344855382,True,0.1504646013433388,2.100000000000002,0.04179784378902955,-27.576922428939262,3.2656666666666667,-0.0043333333333333,113.68679268071155,True,0.9693555023127308,2.8009607678422697,0.421363535489646,pyin_probability_below_0.5,1.8656642523542213,False,0.10000000000000017,-0.19661884974678437
3.28,3.2373333333333334,3.3226666666666667,False,116.48775344855382,True,0.24075439447557428,2.100000000000002,0.04482035481411861,-26.970494195107115,3.2756666666666665,-0.0043333333333333,116.24510563872649,True,0.943496174133197,0.24264780982733214,0.03609978446222541,pyin_probability_below_0.5,2.2509280033816412,False,0.10000000000000017,0.18864490128063505
3.29,3.247333333333333,3.332666666666667,False,116.48775344855382,True,0.20650679911775227,2.100000000000002,0.04648679361937087,-26.653408156328204,3.2856666666666667,-0.0043333333333333,117.55051917544462,True,0.9666367068124089,1.0627657268908024,-0.15723145096659918,pyin_probability_below_0.5,2.444259238810468,False,0.10000000000000017,0.38197613670945973
3.3,3.2573333333333334,3.3426666666666667,False,113.82716948276507,True,0.09203757081218102,1.6999999999999993,0.04742814802177782,-26.479276667673325,3.2956666666666665,-0.0043333333333333,117.30244859471567,True,0.9550097845134181,3.4752791119505986,-0.5206580663736139,pyin_probability_below_0.5,2.4076858542174833,False,-0.30000000000000004,0.3454027521164762
3.31,3.267333333333333,3.3526666666666665,False,112.51975293079859,True,0.0229442191246386,1.5000000000000004,0.048092671541383074,-26.35842194513031,3.3056666666666668,-0.0043333333333333,116.68617249242263,True,0.9425135929863065,4.166419561624039,-0.6294638335959857,pyin_probability_below_0.5,2.316491621439855,False,-0.5000000000000001,0.25420851933884453
3.32,3.2773333333333334,3.3626666666666667,False,116.48775344855382,True,0.011422334250709074,2.100000000000002,0.04858396830851293,-26.27014030354324,3.3156666666666665,-0.0043333333333333,113.98685185248499,True,0.894457352928398,2.500901596068829,0.37573041385705497,pyin_probability_below_0.5,1.911297373986815,False,0.10000000000000017,-0.15098572811419175
3.33,3.287333333333333,3.3726666666666665,False,116.48775344855382,True,0.010259050559778863,2.100000000000002,0.048579635402349795,-26.27091497931344,3.3256666666666668,-0.0043333333333333,111.63753534815307,True,0.872798702912369,4.8502181004007525,0.7362733298163899,pyin_probability_below_0.5,1.5507544580274781,False,0.10000000000000017,-0.5115286440735315
3.34,3.2973333333333334,3.3826666666666667,False,113.82716948276507,True,0.010037765502929688,1.6999999999999993,0.04738621865706266,-26.486958918180463,3.3356666666666666,-0.0043333333333333,108.21847566894708,True,0.8065978192187349,5.608693813817993,0.8747775762570367,pyin_probability_below_0.5,1.0122502115868324,False,-0.30000000000000004,-1.050032890514175
3.35,3.3073333333333332,3.3926666666666665,False,106.2045044606715,True,0.01000419105279527,0.5000000000000044,0.0454602476340985,-26.847364057733678,3.345666666666667,-0.0043333333333333,104.20518508866701,True,0.8190195451452087,1.9993193720044928,0.32901469095738495,pyin_probability_below_0.5,0.3580130968864864,False,-1.4999999999999982,-1.704270005214521
3.36,3.3173333333333335,3.4026666666666667,False,103.77879022636449,True,0.010006178555334077,0.10000000000000017,0.044056773510706936,-27.11974622986238,3.3556666666666666,-0.0043333333333333,102.031479341993,True,0.8371090910255232,1.7473108843714868,0.29396752515409946,pyin_probability_below_0.5,-0.006939737310229847,False,-1.8999999999999986,-2.0692228394112373
3.37,3.3273333333333333,3.4126666666666665,False,101.99593272657759,True,0.010006178555334078,-0.19999999999999973,0.0420486102641279,-27.524967067283043,3.3656666666666664,-0.004333333333333744,100.19197165257317,True,0.8214634524038086,1.8039610740044196,0.30893655282166294,pyin_probability_below_0.5,-0.32190876497779486,False,-2.1999999999999997,-2.3841918670788034
3.38,3.3373333333333335,3.4226666666666667,False,100.82440951919276,True,0.010009025493342988,-0.3999999999999989,0.0401502030672667,-27.926245077060745,3.3756666666666666,-0.0043333333333333,98.09047527127987,True,0.7993172750395934,2.7339342479128845,0.47591995234889495,pyin_probability_below_0.5,-0.6888921645050261,False,-2.4000000000000004,-2.751175266606033
3.39,3.3473333333333333,3.4326666666666665,False,100.24370365151614,True,0.0100028158258111,-0.5000000000000001,0.03832862631687726,-28.329534908255308,3.3856666666666664,-0.004333333333333744,96.22725048349254,True,0.8418514022679094,4.016453168023602,0.7079305337981375,pyin_probability_below_0.5,-1.0209027459542688,False,-2.5000000000000013,-3.083185848055276
3.4,3.3573333333333335,3.4426666666666668,False,94.61745688474217,True,0.010191075496968311,-1.5000000000000004,0.03679596193956563,-28.68399678065375,3.3956666666666666,-0.0043333333333333,94.45564276395841,True,0.8870031138886607,0.16181412078375956,0.029632791172955808,pyin_probability_below_0.5,-1.342605003329089,False,-3.500000000000001,-3.4048881054300963
3.41,3.3673333333333333,3.4526666666666666,False,94.61745688474217,True,0.02616802860893576,-1.5000000000000004,0.0342801945430506,-29.29913444166662,3.4056666666666664,-0.004333333333333744,93.84579545977456,True,0.9515687447173219,0.7716614249676041,0.1417712983572663,pyin_probability_below_0.5,-1.4547435105133977,False,-3.500000000000001,-3.5170266126144067
3.42,3.3773333333333335,3.462666666666667,False,94.07250043362458,True,0.09203757081218102,-1.5999999999999979,0.03272443995531788,-29.70255554422026,3.4156666666666666,-0.0043333333333333,93.88883038448324,True,0.9554969777984692,0.183670049141341,0.033834187350215345,pyin_probability_below_0.5,-1.4468063995063445,False,-3.5999999999999988,-3.5090895016073507
3.43,3.3873333333333333,3.4726666666666666,False,94.07250043362458,True,0.20650679911775224,-1.5999999999999979,0.03233273675166463,-29.807150673718045,3.4256666666666664,-0.004333333333333744,93.96571301546092,True,0.9591096518462815,0.10678741816366255,0.01966345359494928,pyin_probability_below_0.5,-1.4326356657510777,False,-3.5999999999999988,-3.494918767852085
3.44,3.3973333333333335,3.482666666666667,False,94.07250043362458,True,0.1504646013433388,-1.5999999999999979,0.03209284957471007,-29.87183439001356,3.4356666666666666,-0.0043333333333333,93.98516528859926,True,0.8913529618332305,0.08733514502532103,0.016079917512227912,pyin_probability_below_0.5,-1.429052129668356,False,-3.5999999999999988,-3.4913352317693658
3.45,3.4073333333333333,3.4926666666666666,False,94.07250043362458,True,0.10857977072874497,-1.5999999999999979,0.03228874328240859,-29.818977158583024,3.4456666666666664,-0.004333333333333744,93.48760969114534,True,0.8073786664836669,0.5848907424792458,0.10797456346193143,pyin_probability_below_0.5,-1.5209467756180604,False,-3.5999999999999988,-3.583229877719069
3.46,3.417333333333333,3.502666666666667,False,94.61745688474217,True,0.05607139544589264,-1.5000000000000004,0.03276529957004529,-29.691717139523636,3.4556666666666667,-0.0043333333333333,93.72454903025046,True,0.7918255189710497,0.8929078544917104,0.16415287225971434,pyin_probability_below_0.5,-1.4771250844158492,False,-3.500000000000001,-3.539408186516856
3.47,3.4273333333333333,3.5126666666666666,False,95.71685877653417,True,0.03489742801962526,-1.2999999999999985,0.033620210310166966,-29.467991483451883,3.4656666666666665,-0.004333333333333744,96.77787085638829,True,0.9534141424914715,1.0610120798541232,-0.1908497801346508,pyin_probability_below_0.5,-0.9221224320214794,False,-3.299999999999999,-2.984405534122488
3.48,3.437333333333333,3.522666666666667,False,99.09230651162453,True,0.04768699308253105,-0.6999999999999982,0.03439973735470747,-29.26889746591631,3.4756666666666667,-0.0043333333333333,97.52279671003781,True,0.9967673554884695,1.5695098015867188,0.27640262442598196,pyin_probability_below_0.5,-0.7893748365821129,False,-2.700000000000001,-2.8516579386831205
3.49,3.4473333333333334,3.5326666666666666,False,100.24370365151614,True,0.1504646013433388,-0.5000000000000001,0.03548425840022519,-28.99928533670274,3.4856666666666665,-0.004333333333333744,98.41666011753551,True,0.9777736029982148,1.8270435339806284,0.3184459242781327,pyin_probability_below_0.5,-0.6314181364342648,False,-2.5000000000000013,-2.6937012385352737
3.5,3.457333333333333,3.542666666666667,False,100.82440951919276,True,0.24075439447557423,-0.3999999999999989,0.03698484296325686,-28.639524419239187,3.4956666666666667,-0.0043333333333333,100.1649449616344,True,0.9432909605202108,0.6594645575583513,0.11360717050347816,pyin_probability_below_0.5,-0.32657938265960745,False,-2.4000000000000004,-2.388862484760617
3.51,3.4673333333333334,3.5526666666666666,False,100.82440951919276,True,0.37213589829750865,-0.3999999999999989,0.03782774254222753,-28.443791509173927,3.5056666666666665,-0.0043333333333333,102.03790381156675,True,0.9507683163455569,1.2134942923739942,-0.2071225218000356,pyin_probability_below_0.5,-0.005849690356095351,False,-2.4000000000000004,-2.068132792457103
3.52,3.477333333333333,3.562666666666667,False,100.82440951919276,True,0.4849868077159112,-0.3999999999999989,0.03839014522067506,-28.31560490096081,3.5156666666666667,-0.0043333333333333,102.17303032344135,True,0.9656364524654844,1.348620804248597,-0.23003369973696408,pyin_probability_below_0.5,0.017061487580835085,False,-2.4000000000000004,-2.045221614520175
3.53,3.4873333333333334,3.5726666666666667,False,100.82440951919276,True,0.48498680771591113,-0.3999999999999989,0.03862057584009828,-28.263625101907866,3.5256666666666665,-0.0043333333333333,101.66131286549425,True,0.9762653165694958,0.8369033463014972,-0.1431097266762275,pyin_probability_below_0.5,-0.06986248547990373,False,-2.4000000000000004,-2.13214558758091
3.54,3.497333333333333,3.582666666666667,False,100.24370365151614,True,0.32333605839064083,-0.5000000000000001,0.03838742038741979,-28.316221424831028,3.5356666666666667,-0.0043333333333333,101.0405493628388,True,0.9644344825635861,0.7968457113226606,-0.13707318018404463,pyin_probability_below_0.5,-0.17589903197208803,False,-2.5000000000000013,-2.238182134073096
3.55,3.5073333333333334,3.5926666666666667,False,99.66634240352404,True,0.32333605839064083,-0.5999999999999991,0.03817876100473988,-28.36356339288352,3.5456666666666665,-0.0043333333333333,100.18004685098725,True,0.9803073786032966,0.513704447463212,-0.0890028178836408,pyin_probability_below_0.5,-0.3239693942724891,False,-2.6000000000000005,-2.3862524963734972
3.56,3.517333333333333,3.6026666666666665,False,98.52157682317586,True,0.20650679911775227,-0.8000000000000008,0.03791853730984148,-28.422968474420163,3.5556666666666668,-0.0043333333333333,99.21825382927587,True,0.9896519148894795,0.6966770061000034,-0.12199018687135596,pyin_probability_below_0.5,-0.49098202528477813,False,-2.800000000000002,-2.5532651273857847
3.57,3.5273333333333334,3.6126666666666667,False,97.3899599969843,True,0.09203757081218102,-0.9999999999999974,0.03719549323293541,-28.590193558618978,3.5656666666666665,-0.0043333333333333,98.10165361184775,True,0.9793910139973854,0.7116936148634494,-0.12605284074268108,pyin_probability_below_0.5,-0.6869193714134483,False,-2.9999999999999987,-2.749202473514456
3.58,3.537333333333333,3.6226666666666665,False,96.82903510297565,True,0.056071395445892624,-1.0999999999999979,0.03544613021715459,-29.00862342799492,3.5756666666666668,-0.0043333333333333,97.13671449051171,True,0.9766689143985123,0.30767938753605506,-0.05492366356235333,pyin_probability_below_0.5,-0.8580485485937772,False,-3.0999999999999983,-2.9203316506947856
3.59,3.5473333333333334,3.6326666666666667,False,95.16557023646565,True,0.0229442191246386,-1.3999999999999984,0.03463902736049399,-29.208686223336777,3.5856666666666666,-0.0043333333333333,95.6696922276032,True,0.9351691252198496,0.5041219911375521,-0.09146686779076352,pyin_probability_below_0.5,-1.121505344365368,False,-3.3999999999999986,-3.183788446466374
3.6,3.5573333333333332,3.6426666666666665,False,92.9919856082918,True,0.015085587297504338,-1.799999999999999,0.03401701666805475,-29.366075543695697,3.595666666666667,-0.0043333333333333,93.66993124734616,True,0.9631589130710407,0.6779456390543572,-0.12575545716536746,pyin_probability_below_0.5,-1.4872167549907611,False,-3.8,-3.549499857091771
3.61,3.5673333333333335,3.6526666666666667,False,91.92388155425118,True,0.016467587593113005,-1.9999999999999987,0.031951518034951436,-29.910170068708645,3.6056666666666666,-0.0043333333333333,92.2093212826174,True,0.9406031652343718,0.2854397283662138,-0.05367455352164369,pyin_probability_below_0.5,-1.7592976586344857,False,-3.999999999999999,-3.821580760735494
3.62,3.5773333333333333,3.6626666666666665,False,91.39443895545271,True,0.022944219124638603,-2.0999999999999996,0.029668229845282047,-30.554167301745366,3.6156666666666664,-0.004333333333333744,90.37188230769395,True,0.9326957200833152,1.022556647758762,0.19478895200695254,pyin_probability_below_0.5,-2.107761164163083,False,-4.1,-4.170044266264092
3.63,3.5873333333333335,3.6726666666666667,False,90.34468428975191,True,0.026168028608935755,-2.2999999999999976,0.027209555088994544,-31.305571188641753,3.6256666666666666,-0.0043333333333333,88.61653746189481,True,0.9389597994444566,1.7281468278571026,0.3343651323870393,pyin_probability_below_0.5,-2.4473373445431705,False,-4.300000000000001,-4.509620446644178
3.64,3.5973333333333333,3.6826666666666665,False,89.3069870847758,True,0.030106861794195014,-2.4999999999999973,0.024852432693915755,-32.09262187395803,3.6356666666666664,-0.004333333333333744,87.19099625085482,True,0.6774999793011146,2.115990833920975,0.4151266584333937,pyin_probability_below_0.5,-2.7280988705895237,False,-4.499999999999998,-4.790381972690532
3.65,3.6073333333333335,3.6926666666666668,False,88.28120884877589,True,0.03010686179419501,-2.699999999999999,0.022627818261382507,-32.90714636033991,3.6456666666666666,-0.0043333333333333,80.67809366308191,True,0.488333849452055,7.60311518569398,1.55915267750779,pyin_probability_below_0.5|pitch_difference_over_1_semitone,-4.072124889663921,False,-4.7,-6.134407991764929
3.66,3.6173333333333333,3.7026666666666666,False,87.26721268071712,True,0.020317628556360583,-2.8999999999999995,0.019412315484306407,-34.238453184987875,3.6556666666666664,-0.004333333333333744,82.45488588733275,True,0.6960868584177088,4.812326793384372,0.982016815766075,pyin_probability_below_0.5,-3.6949890279222064,False,-4.9,-5.757272130023216
3.67,3.6273333333333335,3.712666666666667,False,83.32636532484737,True,0.011085791888943373,-3.700000000000001,0.015238284169424545,-36.341278635916055,3.6656666666666666,-0.0043333333333333,81.98994788357801,True,0.8111440119748732,1.3364174412693615,0.27991209518840426,pyin_probability_below_0.5,-3.7928843073445364,False,-5.700000000000003,-5.855167409445544
3.68,3.6373333333333333,3.7226666666666666,False,81.89486824316675,True,0.01002672467381077,-3.999999999999999,0.010297643737850292,-39.74524274612077,3.6756666666666664,-0.004333333333333744,82.80034158097179,True,0.6950244192352847,0.9054733378050344,-0.1903640147350827,pyin_probability_below_0.5,-3.622608197421047,False,-6.000000000000002,-5.684891299522057
3.69,3.6473333333333335,3.732666666666667,False,,False,0.010000127845232541,,0.010606441416100822,-39.48860604974682,3.6856666666666666,-0.0043333333333333,,False,0.0,,,,,False,,
3.7,3.6573333333333333,3.7426666666666666,False,,False,0.01000032860450166,,0.013266455620275716,-37.544901829319585,3.6956666666666664,-0.004333333333333744,,False,0.0,,,,,False,,
3.71,3.667333333333333,3.752666666666667,False,85.27402678843417,True,0.010000078102280326,-3.299999999999999,0.015327229003888755,-36.29072707525079,3.7056666666666667,-0.0043333333333333,,False,0.0,,,pyin_probability_below_0.5|voicing_disagreement,,False,-5.300000000000002,
3.72,3.6773333333333333,3.7626666666666666,False,85.27402678843417,True,0.01003776550292969,-3.299999999999999,0.01691606691427949,-35.43401211197252,3.7156666666666665,-0.004333333333333744,,False,0.0,,,pyin_probability_below_0.5|voicing_disagreement,,False,-5.300000000000002,
3.73,3.687333333333333,3.772666666666667,False,85.27402678843417,True,0.010349055133375844,-3.299999999999999,0.01815725694454254,-34.818995213027584,3.7256666666666667,-0.0043333333333333,,False,0.0,,,pyin_probability_below_0.5|voicing_disagreement,,False,-5.300000000000002,
3.74,3.6973333333333334,3.7826666666666666,False,85.27402678843417,True,0.010467533617069903,-3.299999999999999,0.018819473957974505,-34.50785040281053,3.7356666666666665,-0.004333333333333744,84.98850308885284,True,0.5004169327414545,0.28552369958133283,0.058064309775304274,pyin_probability_below_0.5,-3.171036521931436,False,-5.300000000000002,-5.233319624032443
3.75,3.707333333333333,3.792666666666667,False,84.78288453476168,True,0.011853505394683411,-3.3999999999999986,0.0197539736187255,-34.086910611277,3.7456666666666667,-0.0043333333333333,85.24473171548304,True,0.688789854937244,0.46184718072136377,-0.09405148985286585,pyin_probability_below_0.5,-3.1189207223032644,False,-5.4,-5.181203824404273
3.76,3.7173333333333334,3.8026666666666666,False,84.78288453476168,True,0.020317628556360583,-3.3999999999999986,0.020249717490675133,-33.871620627353394,3.7556666666666665,-0.0043333333333333,85.14489149093875,True,0.891511879235123,0.36200695617706913,-0.07376306938140198,pyin_probability_below_0.5,-3.139209142774729,False,-5.4,-5.2014922448757375
3.77,3.727333333333333,3.812666666666667,False,84.78288453476168,True,0.018187375734912182,-3.3999999999999986,0.020039854499983346,-33.962108720051674,3.7656666666666667,-0.0043333333333333,84.76989802392765,True,0.8646084694173135,0.012986510834025466,0.0026519989161023216,pyin_probability_below_0.5,-3.215624211072234,False,-5.4,-5.277907313173243
3.78,3.7373333333333334,3.8226666666666667,False,84.29457105231563,True,0.04069733156888106,-3.4999999999999982,0.019517049298681678,-34.19171681757272,3.7756666666666665,-0.0043333333333333,83.02232005682,True,0.8500008674799966,1.2722509954956251,0.2632856346790436,pyin_probability_below_0.5,-3.5762578468351736,False,-5.499999999999998,-5.638540948936182
3.79,3.747333333333333,3.832666666666667,False,82.84644077575204,True,0.04069733156888105,-3.799999999999998,0.018324526160532522,-34.7393449324015,3.7856666666666667,-0.0043333333333333,82.57569261391092,True,0.952659227072324,0.2707481618411265,0.05667063354149651,pyin_probability_below_0.5,-3.6696428456976253,False,-5.799999999999998,-5.731925947798633
3.8,3.7573333333333334,3.8426666666666667,False,82.36928038865905,True,0.0779752376229482,-3.899999999999996,0.016824586498204216,-35.48111201459675,3.7956666666666665,-0.0043333333333333,81.62691533948149,True,0.9443391357600687,0.7423650491775646,0.1567373466023577,pyin_probability_below_0.5,-3.869709558758488,False,-5.899999999999999,-5.931992660859496
3.81,3.767333333333333,3.8526666666666665,False,82.36928038865905,True,0.09203757081218102,-3.899999999999996,0.015612285751896883,-36.13067016839444,3.8056666666666668,-0.0043333333333333,80.52459667775803,True,0.9398424995829271,1.8446837109010232,0.39212226221803126,pyin_probability_below_0.5,-4.105094474374159,False,-5.899999999999999,-6.167377576475168
3.82,3.7773333333333334,3.8626666666666667,False,81.42318851056831,True,0.10857977072874499,-4.1,0.014510656224979115,-36.76625893464575,3.8156666666666665,-0.0043333333333333,80.21950753462274,True,0.9272365751673293,1.2036809759455736,0.25783930352573026,pyin_probability_below_0.5,-4.170811515681862,False,-6.100000000000002,-6.233094617782868
3.83,3.787333333333333,3.8726666666666665,False,81.42318851056831,True,0.10857977072874499,-4.1,0.013233926252095619,-37.56622579704805,3.8256666666666668,-0.0043333333333333,79.38054348876507,True,0.9143116066357404,2.0426450218032386,0.43985133814174904,pyin_probability_below_0.5,-4.352823550297879,False,-6.100000000000002,-6.415106652398888
3.84,3.7973333333333334,3.8826666666666667,False,81.42318851056831,True,0.04069733156888106,-4.1,0.011925656926034417,-38.470353769457176,3.8356666666666666,-0.0043333333333333,82.21225833916772,True,0.684770893387835,0.7890698285994091,-0.16696567511569146,pyin_probability_below_0.5,-3.746006537040441,False,-6.100000000000002,-5.808289639141448
3.85,3.8073333333333332,3.8926666666666665,False,81.89486824316675,True,0.030106861794195014,-3.999999999999999,0.011083375582663911,-39.10655899132598,3.845666666666667,-0.0043333333333333,83.69795000579863,True,0.7615040965527834,1.8030817626318765,-0.3770308337237502,pyin_probability_below_0.5,-3.4359413784323802,False,-6.000000000000002,-5.49822448053339
3.86,3.8173333333333335,3.9026666666666667,False,82.36928038865905,True,0.020317628556360583,-3.899999999999996,0.009937610193072658,-40.05436085279133,3.8556666666666666,-0.0043333333333333,81.79706404855219,True,0.7341828767140868,0.5722163401068627,0.12068788236985231,pyin_probability_below_0.5,-3.8336600945259836,False,-5.899999999999999,-5.895943196626991
3.87,3.8273333333333333,3.9126666666666665,False,84.29457105231563,True,0.047686993082531035,-3.4999999999999982,0.00867242425398558,-41.23718969300948,3.8656666666666664,-0.004333333333333744,85.59295901570236,True,0.7323936875715293,1.2983879633867303,-0.2646288655264335,pyin_probability_below_0.5,-3.048343346629697,False,-5.499999999999998,-5.110626448730704
3.88,3.8373333333333335,3.9226666666666667,False,84.29457105231563,True,0.030106861794195007,-3.4999999999999982,0.0069486104672166855,-43.162040675836906,3.8756666666666666,-0.0043333333333333,85.9208621560102,True,0.9440307174225532,1.6262911036945695,-0.33082502033762423,pyin_probability_below_0.5,-2.9821471918185067,False,-5.499999999999998,-5.044430293919515
3.89,3.8473333333333333,3.9326666666666665,False,85.27402678843417,True,0.1279370863012904,-3.299999999999999,0.005814286665927602,-44.710071194134784,3.8856666666666664,-0.004333333333333744,84.86880564031955,True,0.9482913410097262,0.4052211481146202,0.08246412328227323,pyin_probability_below_0.5,-3.195436335438403,False,-5.300000000000002,-5.257719437539412
3.9,3.8573333333333335,3.9426666666666668,False,86.26486325200693,True,0.20650679911775227,-3.099999999999996,0.004963582613843393,-46.08409490658392,3.8956666666666666,-0.0043333333333333,,False,0.0,,,pyin_probability_below_0.5|voicing_disagreement,,False,-5.099999999999997,
3.91,3.8673333333333333,3.9526666666666666,False,85.76801420023813,True,0.2407543944755743,-3.199999999999998,0.004203232133013694,-47.52833248871819,3.9056666666666664,-0.004333333333333744,,False,0.0,,,pyin_probability_below_0.5|voicing_disagreement,,False,-5.200000000000001,
3.92,3.8773333333333335,3.962666666666667,False,86.26486325200693,True,0.047686993082531035,-3.099999999999996,0.0038487491113264704,-48.29360796734064,3.9156666666666666,-0.0043333333333333,,False,0.0,,,pyin_probability_below_0.5|voicing_disagreement,,False,-5.099999999999997,
3.93,3.8873333333333333,3.9726666666666666,False,86.76459052105223,True,0.020317628556360587,-3.000000000000001,0.0034169341268594283,-49.327267872764665,3.9256666666666664,-0.004333333333333744,,False,0.0,,,pyin_probability_below_0.5|voicing_disagreement,,False,-5.000000000000002,
3.94,3.8973333333333335,3.982666666666667,False,87.26721268071712,True,0.011853505394683415,-2.8999999999999995,0.0030177287821660584,-50.40639589890654,3.9356666666666666,-0.0043333333333333,,False,0.0,,,pyin_probability_below_0.5|voicing_disagreement,,False,-4.9,
3.95,3.9073333333333333,3.9926666666666666,False,,False,0.011085791888943373,,0.002681230281703915,-51.43331768693392,3.9456666666666664,-0.004333333333333744,,False,0.0,,,,,False,,
3.96,3.917333333333333,4.002666666666666,False,,False,0.010140046044704068,,0.0021733141796576386,-53.25754972919335,3.9556666666666667,-0.0043333333333333,,False,0.0,,,,,False,,
3.97,3.9273333333333333,4.012666666666667,False,,False,0.01001876450976914,,0.001947303299124076,-54.21132800732498,3.9656666666666665,-0.004333333333333744,,False,0.0,,,,,False,,
3.98,3.937333333333333,4.022666666666667,False,,False,0.01002672467381077,,0.0014595465104039816,-56.715641221604855,3.9756666666666667,-0.0043333333333333,,False,0.0,,,,,False,,
3.99,3.9473333333333334,4.032666666666667,False,,False,0.010006178503279572,,0.0011733886091213352,-58.61116264180332,3.9856666666666665,-0.004333333333333744,,False,0.0,,,,,False,,
4.0,3.957333333333333,4.042666666666666,False,,False,0.010000004604079417,,0.0007530089145934815,-62.463997646348794,3.9956666666666667,-0.0043333333333333,,False,0.0,,,,,False,,
4.01,3.9673333333333334,4.052666666666667,False,,False,0.010008550087725202,,0.0006417149329811219,-63.853157087455266,4.0056666666666665,-0.0043333333333333,,False,0.0,,,,,False,,
4.02,3.977333333333333,4.062666666666667,False,,False,0.010001232504476314,,0.0006939846784126709,-63.17300235327419,4.015666666666667,-0.004333333333332412,,False,0.0,,,,,False,,
4.03,3.9873333333333334,4.072666666666667,False,,False,0.010000462187570794,,0.0006627221709193326,-63.57337000278912,4.025666666666667,-0.0043333333333333,,False,0.0,,,,,False,,
4.04,3.997333333333333,4.082666666666666,False,,False,0.010001173014020906,,0.0006195507597737627,-64.15846212194681,4.035666666666667,-0.0043333333333333,,False,0.0,,,,,False,,
4.05,4.007333333333333,4.092666666666666,False,,False,1.1823059488260658e-06,,0.0005978362866888105,-64.46835456511026,4.045666666666667,-0.004333333333332412,,False,0.0,,,,,False,,
4.06,4.017333333333333,4.102666666666667,False,,False,0.010000497266035233,,0.0005755758315347745,-64.7979490081016,4.055666666666667,-0.004333333333332412,,False,0.0,,,,,False,,
4.07,4.027333333333333,4.112666666666667,False,,False,0.010001869885269686,,0.0005666256171629941,-64.93407589807524,4.065666666666667,-0.0043333333333333,,False,0.0,,,,,False,,
4.08,4.037333333333334,4.1226666666666665,False,,False,1.2170273985229107e-06,,0.0005445956327944141,-65.27851691327739,4.075666666666667,-0.0043333333333333,,False,0.0,,,,,False,,
4.09,4.0473333333333334,4.132666666666666,False,,False,3.3920369199871034e-05,,0.0005006174776314928,-66.0098798461974,4.0856666666666674,-0.004333333333332412,,False,0.0,,,,,False,,
4.1,4.057333333333333,4.142666666666667,False,,False,3.734112547100647e-05,,0.0004918019947093434,-66.16419428260468,4.095666666666667,-0.004333333333332412,,False,0.0,,,,,False,,
4.11,4.067333333333333,4.152666666666667,False,,False,0.010362268535819997,,0.0003195250181788929,-69.90990263545339,4.105666666666667,-0.0043333333333333,,False,0.0,,,,,False,,
4.12,4.077333333333334,4.1626666666666665,False,,False,5.251815137796588e-05,,0.0002815714334639608,-71.00822816377189,4.115666666666667,-0.0043333333333333,,False,0.0,,,,,False,,
4.13,4.0873333333333335,4.172666666666666,False,,False,0.010005922317107882,,0.00025535820773834195,-71.85700356931284,4.125666666666667,-0.0043333333333333,,False,0.0,,,,,False,,
4.14,4.097333333333333,4.181333333333333,True,,False,0.010000036855655923,,0.00022722278765618028,-72.87096232743635,4.135666666666667,-0.004333333333332412,,False,0.0,,,edge_window,,False,,
4.15,4.107333333333333,4.181333333333333,True,,False,0.010000002871100366,,0.00022360002720918517,-73.01056295875358,4.145666666666667,-0.0043333333333333,,False,0.0,,,edge_window,,False,,
4.16,4.117333333333334,4.181333333333333,True,,False,9.330397154828138e-12,,0.00021283466888973482,-73.43915255750662,4.155666666666667,-0.0043333333333333,,False,0.0,,,edge_window,,False,,
4.17,4.1273333333333335,4.181333333333333,True,,False,1.6389692806827848e-08,,0.00021655892656586832,-73.28847819865527,,,,,,,,edge_window,,False,,
4.18,4.137333333333333,4.181333333333333,True,,False,0.010000009287248155,,0.0002079314887456694,-73.64159473930167,,,,,,,,edge_window,,False,,
