timestamp_s,window_start_s,window_end_s,edge_padded,f0_hz,voiced,voicing_probability,relative_pitch_semitones,rms_amplitude,rms_dbfs,praat_timestamp_s,praat_time_offset_s,praat_f0_hz,praat_voiced,praat_strength,absolute_difference_hz,signed_difference_semitones,flags,praat_relative_semitones,agreement_screen_pass,pyin_speaker_relative_st,praat_speaker_relative_st
0.0,0.0,0.042666666666666665,True,,False,0.010000000000006927,,6.459339706489595e-05,-83.79623749299101,,,,,,,,edge_window,,False,,
0.01,0.0,0.05266666666666667,True,,False,0.01,,6.452094980751942e-05,-83.80598496046363,,,,,,,,edge_window,,False,,
0.02,0.0,0.06266666666666666,True,,False,0.01,,6.202144358019125e-05,-84.14916259118539,,,,,,,,edge_window,,False,,
0.03,0.0,0.07266666666666667,True,,False,0.01,,6.386972992805248e-05,-83.89409840488305,0.027333333333333095,-0.002666666666666904,,False,0.0,,,edge_window,,False,,
0.04,0.0,0.08266666666666667,True,,False,0.01,,6.650975508234403e-05,-83.54229302845678,0.037333333333333094,-0.0026666666666669073,,False,0.0,,,edge_window,,False,,
0.05,0.007333333333333333,0.09266666666666666,False,,False,0.01,,6.648074535732542e-05,-83.54608240097745,0.047333333333333096,-0.0026666666666669073,,False,0.0,,,,,False,,
0.06,0.017333333333333333,0.10266666666666667,False,,False,0.01,,6.960679313127299e-05,-83.14696748495493,0.0573333333333331,-0.0026666666666669003,,False,0.0,,,,,False,,
0.07,0.027333333333333334,0.11266666666666666,False,,False,0.010000000000075402,,7.491504809426006e-05,-82.5086187467084,0.06733333333333309,-0.002666666666666914,,False,0.0,,,,,False,,
0.08,0.037333333333333336,0.12266666666666666,False,,False,0.01,,0.0001754877356095925,-75.1150645974328,0.0773333333333331,-0.0026666666666669003,,False,0.0,,,,,False,,
0.09,0.04733333333333333,0.13266666666666665,False,,False,0.01,,0.00019021559603061344,-74.41507755108958,0.0873333333333331,-0.0026666666666669003,,False,0.0,,,,,False,,
0.1,0.05733333333333333,0.14266666666666666,False,,False,0.01,,0.00019633187324156066,-74.1401837941172,0.0973333333333331,-0.0026666666666669003,,False,0.0,,,,,False,,
0.11,0.06733333333333333,0.15266666666666667,False,,False,0.01,,0.00020523505578533513,-73.75496912521808,0.1073333333333331,-0.0026666666666669003,,False,0.0,,,,,False,,
0.12,0.07733333333333334,0.16266666666666665,False,,False,0.01,,0.000259640350364619,-71.7125562698725,0.1173333333333331,-0.0026666666666669003,,False,0.0,,,,,False,,
0.13,0.08733333333333333,0.17266666666666666,False,,False,0.010000000000006925,,0.0005713251428667994,-64.86233326189995,0.1273333333333331,-0.0026666666666669003,,False,0.0,,,,,False,,
0.14,0.09733333333333333,0.18266666666666667,False,,False,0.010000000000001869,,0.0005902693203571063,-64.57899577877012,0.13733333333333309,-0.002666666666666928,,False,0.0,,,,,False,,
0.15,0.10733333333333334,0.19266666666666668,False,,False,0.01,,0.0009122056854930915,-60.798144505296,0.1473333333333331,-0.0026666666666669003,,False,0.0,,,,,False,,
0.16,0.11733333333333333,0.20266666666666666,False,,False,0.010000000000221911,,0.001973865270930236,-54.093649881234626,0.1573333333333331,-0.0026666666666669003,,False,0.0,,,,,False,,
0.17,0.12733333333333333,0.21266666666666667,False,,False,0.010000000000221913,,0.001992839460281745,-54.01055371813286,0.1673333333333331,-0.0026666666666669003,,False,0.0,,,,,False,,
0.18,0.13733333333333334,0.22266666666666668,False,,False,0.010000000000221913,,0.00200138178156161,-53.973401157710185,0.1773333333333331,-0.0026666666666669003,,False,0.0,,,,,False,,
0.19,0.14733333333333334,0.23266666666666666,False,,False,0.010000000000221913,,0.0020049504463399074,-53.95792713565987,0.1873333333333331,-0.0026666666666669003,,False,0.0,,,,,False,,
0.2,0.15733333333333333,0.24266666666666667,False,,False,0.010000000000221913,,0.0020050345352235896,-53.957562851620445,0.1973333333333331,-0.0026666666666669003,,False,0.0,,,,,False,,
0.21,0.16733333333333333,0.25266666666666665,False,,False,0.010000000001606033,,0.0019547177852545002,-54.17831871067115,0.2073333333333331,-0.0026666666666669003,,False,0.0,,,,,False,,
0.22,0.17733333333333334,0.26266666666666666,False,,False,0.010000000001606033,,0.001931893197298632,-54.280337735490974,0.2173333333333331,-0.0026666666666669003,,False,0.0,,,,,False,,
0.23,0.18733333333333332,0.27266666666666667,False,,False,0.01000187304601255,,0.0019148924179622653,-54.357112408818764,0.2273333333333331,-0.0026666666666669003,,False,0.0,,,,,False,,
0.24,0.19733333333333333,0.2826666666666667,False,,False,0.010000027850262282,,0.0004929845940449957,-66.14333304755031,0.2373333333333331,-0.0026666666666669003,,False,0.0,,,,,False,,
0.25,0.20733333333333334,0.2926666666666667,False,,False,0.010000005216229449,,0.0003233662671510601,-69.80610573400077,0.2473333333333331,-0.0026666666666669003,,False,0.0,,,,,False,,
0.26,0.21733333333333332,0.30266666666666664,False,,False,0.010001232964986118,,0.00022773754656611219,-72.85130724696683,0.2573333333333331,-0.002666666666666928,,False,0.0,,,,,False,,
0.27,0.22733333333333333,0.31266666666666665,False,,False,0.010000016226422832,,0.00014074775832314913,-77.03117026781145,0.2673333333333331,-0.002666666666666928,,False,0.0,,,,,False,,
0.28,0.23733333333333334,0.32266666666666666,False,,False,0.01000020633903134,,0.00010985380204685472,-79.18369815049174,0.2773333333333331,-0.002666666666666928,,False,0.0,,,,,False,,
0.29,0.24733333333333332,0.33266666666666667,False,,False,0.010000000003996621,,0.00010420828536718548,-79.64195499765897,0.2873333333333331,-0.0026666666666668726,,False,0.0,,,,,False,,
0.3,0.25733333333333336,0.3426666666666667,False,,False,0.010349055133375844,,0.00018600683508273252,-74.60942193454773,0.2973333333333331,-0.0026666666666668726,,False,0.0,,,,,False,,
0.31,0.2673333333333333,0.3526666666666667,False,,False,0.03010686179419501,,0.0002736156266074536,-71.2571820604135,0.3073333333333331,-0.0026666666666668726,,False,0.0,,,,,False,,
0.32,0.2773333333333333,0.3626666666666667,False,,False,0.010000078102280324,,0.0012901337558419359,-57.78730522947653,0.3173333333333331,-0.002666666666666928,,False,0.0,,,,,False,,
0.33,0.28733333333333333,0.37266666666666665,False,,False,0.010000000003996623,,0.005229141921923725,-45.63139142015996,0.3273333333333331,-0.002666666666666928,,False,0.0,,,,,False,,
0.34,0.29733333333333334,0.38266666666666665,False,,False,0.010000000001606033,,0.0062566355916583586,-44.073182782312024,0.3373333333333331,-0.002666666666666928,,False,0.0,,,,,False,,
0.35,0.30733333333333335,0.39266666666666666,False,,False,0.01000000000061386,,0.006780755183276962,-43.3744387077149,0.3473333333333331,-0.0026666666666668726,,False,0.0,,,,,False,,
0.36,0.31733333333333336,0.4026666666666667,False,,False,0.01000000000061386,,0.007103075497573695,-42.971071384989415,0.3573333333333331,-0.0026666666666668726,,False,0.0,,,,,False,,
0.37,0.3273333333333333,0.4126666666666667,False,237.04784702513638,True,0.010000516719604524,3.0999999999999988,0.019998133672757056,-33.980210660163884,0.3673333333333331,-0.0026666666666668726,,False,0.0,,,pyin_probability_below_0.5|voicing_disagreement,,False,2.600000000000004,
0.38,0.3373333333333333,0.4226666666666667,False,225.0395058615972,True,0.020317628556360583,2.200000000000003,0.04478922064373506,-26.97652988889149,0.37733333333333313,-0.0026666666666668726,,False,0.0,,,pyin_probability_below_0.5|voicing_disagreement,,False,1.700000000000006,
0.39,0.3473333333333333,0.43266666666666664,False,221.17346184722248,True,0.1504646013433388,1.9000000000000006,0.0677889427799024,-23.376822783806986,0.3873333333333331,-0.002666666666666928,,False,0.0,,,pyin_probability_below_0.5|voicing_disagreement,,False,1.400000000000004,
0.4,0.35733333333333334,0.44266666666666665,False,219.8995964441766,True,0.3233360583906409,1.800000000000001,0.08434853213596441,-21.478449415213227,0.3973333333333331,-0.002666666666666928,224.0309004451435,True,0.6791094346549172,4.131304000966878,-0.3222333535848623,pyin_probability_below_0.5,2.2576392648012487,False,1.300000000000003,1.8028295721792191
0.41,0.36733333333333335,0.45266666666666666,False,219.8995964441766,True,0.5485250542599844,1.800000000000001,0.09912012645094459,-20.076763051745502,0.4073333333333331,-0.0026666666666668726,224.04781280900372,True,0.8947889113442745,4.148216364827107,-0.32354023379643476,,2.258946145012823,True,1.300000000000003,1.804136452390794
0.42,0.37733333333333335,0.46266666666666667,False,218.63306796596578,True,0.615949885458068,1.6999999999999993,0.10820873194032797,-19.314753845496778,0.4173333333333331,-0.0026666666666668726,221.75919822586047,True,0.9584448717327748,3.126130259894694,-0.2457878790611162,,2.081193790277504,True,1.200000000000003,1.6263840976554755
0.43,0.3873333333333333,0.4726666666666667,False,218.63306796596578,True,0.6860828109301793,1.6999999999999993,0.11833666585946855,-18.537613423038046,0.4273333333333331,-0.0026666666666668726,219.22022076497296,True,0.9796424174918085,0.5871527990071854,-0.046431055931646995,,1.8818369671480333,True,1.200000000000003,1.4270272745260064
0.44,0.3973333333333333,0.4826666666666667,False,217.37383415501247,True,0.7571601330199094,1.6000000000000023,0.1257521058866153,-18.00969466742422,0.43733333333333313,-0.0026666666666668726,217.66768871189052,True,0.9885243595067678,0.2938545568780455,-0.023387702781003262,,1.7587936139973954,True,1.1000000000000054,1.3039839213753646
0.45,0.4073333333333333,0.49266666666666664,False,216.12185299712482,True,0.7571601330199094,1.5000000000000004,0.13197958214196578,-17.589865019663673,0.4473333333333331,-0.002666666666666928,215.98865407079853,True,0.9788978088701493,0.13319892632628694,0.010673127363818596,,1.6247327838525698,True,1.0000000000000044,1.1699230912305403
0.46,0.41733333333333333,0.5026666666666667,False,216.12185299712482,True,0.8266685594724996,1.5000000000000004,0.13366854145106025,-17.479415816133198,0.4573333333333331,-0.002666666666666928,211.41578774811714,True,0.990082770143504,4.706065249007679,0.3811420886466076,,1.254263822569778,True,1.0000000000000044,0.7994541299477487
0.47,0.42733333333333334,0.5126666666666667,False,213.63948179230545,True,0.8266685594724996,1.2999999999999994,0.13050142370798426,-17.687695007104246,0.4673333333333331,-0.0026666666666668726,211.43013333293158,True,0.9904230553340606,2.209348459373871,0.1799674023764595,,1.2554385088399236,True,0.8000000000000002,0.8006288162178956
0.48,0.43733333333333335,0.5226666666666666,False,211.18562305262122,True,0.8911444948731203,1.099999999999998,0.12385362819406186,-18.141825331570054,0.4773333333333331,-0.0026666666666668726,209.72540130978467,True,0.9924463661828377,1.460221742836552,0.12012019623290195,,1.1152857149834852,True,0.6000000000000013,0.6604760223614561
0.49,0.44733333333333336,0.5326666666666666,False,208.75994928447787,True,0.8911444948731204,0.8999999999999985,0.1155074081826656,-18.74780321938878,0.4873333333333331,-0.0026666666666668726,207.56682334839743,True,0.9940226891926287,1.1931259360804347,0.09922906889841457,,0.9361768423179712,True,0.4000000000000011,0.48136714969594185
0.5,0.4573333333333333,0.5426666666666666,False,207.55758045272898,True,0.8911444948731203,0.8000000000000002,0.10758810488520984,-19.364714846307862,0.4973333333333331,-0.0026666666666668726,205.75773805078234,True,0.9872633970121159,1.7998424019466484,0.15077922379315126,,0.7846266874232364,True,0.3000000000000021,0.3298169948012064
0.51,0.4673333333333333,0.5526666666666666,False,205.1735783080468,True,0.7571601330199094,0.6000000000000013,0.09981534777385911,-20.016053514728604,0.5073333333333331,-0.002666666666666928,203.4689861639107,True,0.9751453300955227,1.7045921441361145,0.1444325840088771,,0.5909733272075124,True,0.100000000000004,0.1361636345854832
0.52,0.47733333333333333,0.5626666666666666,False,201.6488190383855,True,0.7571601330199094,0.3000000000000021,0.08960436217122984,-20.953416944976308,0.5173333333333331,-0.002666666666666928,200.36727663830038,True,0.9702243461759659,1.2815424000851294,0.11037654350460616,,0.3250293677117803,True,-0.19999999999999588,-0.1297803249102475
0.53,0.48733333333333334,0.5726666666666667,False,199.33268480704808,True,0.7571601330199094,0.10000000000000017,0.08052333745762778,-21.88156466339906,0.5273333333333331,-0.002666666666666928,198.05872116491116,True,0.9755830983746497,1.2739636421369198,0.1110007291067636,,0.12440518210962495,True,-0.3999999999999969,-0.3304045105124051
0.54,0.49733333333333335,0.5826666666666667,False,198.18461302324906,True,0.7571601330199095,0.0,0.07017015204902528,-23.076951648280435,0.5373333333333331,-0.002666666666666928,196.62455937649693,True,0.9684390508018428,1.5600536467521238,0.13681708719637087,,-0.0014111759799816344,True,-0.4999999999999962,-0.4562208686020106
0.55,0.5073333333333333,0.5926666666666667,False,198.18461302324906,True,0.6860828109301793,0.0,0.06131081675199553,-24.249257967612845,0.5473333333333331,-0.002666666666666928,195.58862764202672,True,0.954007337469721,2.5959853812223344,0.22826961969944137,,-0.09286370848305253,True,-0.4999999999999962,-0.5476734011050826
0.56,0.5173333333333333,0.6026666666666667,False,197.04315364635175,True,0.615949885458068,-0.10000000000000067,0.0506230876611691,-25.913027387698953,0.5573333333333331,-0.002666666666666928,193.31655315501376,True,0.9184922120077548,3.72660049133799,0.33055735775562356,,-0.2951514465392354,True,-0.5999999999999971,-0.7499611391612637
0.57,0.5273333333333333,0.6126666666666667,False,195.90826859169485,True,0.5485250542599845,-0.2000000000000017,0.042298355078439744,-27.473530427556938,0.5673333333333331,-0.002666666666666817,189.66591926074358,True,0.8303929756094279,6.242349330951271,0.5606138789577513,,-0.6252079677413622,False,-0.6999999999999982,-1.080017660363393
0.58,0.5373333333333333,0.6226666666666667,False,194.7799199939686,True,0.4260623290432814,-0.30000000000000004,0.03517199626052619,-29.07605963375936,0.5773333333333331,-0.002666666666666817,194.35821396034328,True,0.628151167520132,0.4217060336253269,0.03752251790317386,pyin_probability_below_0.5,-0.2021166066867856,False,-0.7999999999999968,-0.6569262993088147
0.59,0.5473333333333333,0.6326666666666667,False,193.6580702059513,True,0.17653060863289757,-0.3999999999999989,0.028334380386825456,-30.953725600470783,0.5873333333333332,-0.002666666666666817,205.61934942088442,True,0.5757965602151858,11.961279214933114,-1.037572917129762,pyin_probability_below_0.5|pitch_difference_over_1_semitone,0.7729788283461492,False,-0.8999999999999966,0.31816913572412064
0.6,0.5573333333333333,0.6426666666666667,False,194.7799199939686,True,0.01398021038018593,-0.30000000000000004,0.019687396231968534,-34.11623435866208,0.5973333333333332,-0.002666666666666817,206.78260805841128,True,0.8410000397027099,12.00268806444268,-1.0352387145709105,pyin_probability_below_0.5|pitch_difference_over_1_semitone,0.8706446257873006,False,-0.7999999999999968,0.4158349331652711
0.61,0.5673333333333334,0.6526666666666666,False,205.1735783080468,True,0.010140046044704068,0.6000000000000013,0.0151718537035195,-36.379227073748936,0.6073333333333331,-0.002666666666666928,214.8670467771998,True,0.8629609674846894,9.693468469152975,-0.7991913994926116,pyin_probability_below_0.5,1.5345973107090003,False,0.100000000000004,1.0797876180869714
0.62,0.5773333333333334,0.6626666666666666,False,206.36213675586595,True,0.010000802780927253,0.7000000000000017,0.011732488287673822,-38.61219741326809,0.6173333333333331,-0.002666666666666928,,False,0.0,,,pyin_probability_below_0.5|voicing_disagreement,,False,0.20000000000000445,
0.63,0.5873333333333334,0.6726666666666666,False,,False,0.010009025493342986,,0.03622059579769077,-28.820888203839928,0.6273333333333331,-0.002666666666666928,,False,0.0,,,,,False,,
0.64,0.5973333333333334,0.6826666666666666,False,227.65433896553014,True,0.013100262550513395,2.399999999999998,0.053441851425787716,-25.442370093705904,0.6373333333333331,-0.002666666666666928,,False,0.0,,,pyin_probability_below_0.5|voicing_disagreement,,False,1.900000000000004,
0.65,0.6073333333333333,0.6926666666666667,False,217.37383415501247,True,0.030106861794195014,1.6000000000000023,0.06971801238425884,-23.133100056844217,0.6473333333333331,-0.002666666666666928,,False,0.0,,,pyin_probability_below_0.5|voicing_disagreement,,False,1.1000000000000054,
0.66,0.6173333333333333,0.7026666666666667,False,217.37383415501247,True,0.09203757081218102,1.6000000000000023,0.0824532370625027,-21.675845791102173,0.6573333333333331,-0.002666666666666928,235.8594923390665,True,0.631032663686729,18.485658184054017,-1.4129924932862579,pyin_probability_below_0.5|pitch_difference_over_1_semitone,3.148398404502648,False,1.1000000000000054,2.693588711880618
0.67,0.6273333333333333,0.7126666666666667,False,216.12185299712482,True,0.15046460134333883,1.5000000000000004,0.08700363367488974,-21.209252177053123,0.6673333333333331,-0.002666666666666928,229.59906238810623,True,0.7260344859814998,13.477209390981415,-1.0472615269934662,pyin_probability_below_0.5|pitch_difference_over_1_semitone,2.6826674382098545,False,1.0000000000000044,2.227857745587823
0.68,0.6373333333333333,0.7226666666666667,False,216.12185299712482,True,0.12793708630129036,1.5000000000000004,0.09111597458589442,-20.80810950416079,0.6773333333333331,-0.002666666666666928,216.33538344270636,True,0.8413545212861102,0.2135304455815401,-0.01709631273549201,pyin_probability_below_0.5,1.6525022239518794,False,1.0000000000000044,1.1976925313298497
0.69,0.6473333333333333,0.7326666666666667,False,214.87708272009507,True,0.10857977072874497,1.400000000000004,0.09389015210747967,-20.547599147152283,0.6873333333333331,-0.002666666666666817,215.6261169843359,True,0.9406809104218522,0.7490342642408336,-0.0602436837451399,pyin_probability_below_0.5,1.5956495949615304,False,0.9000000000000058,1.1408399023394988
0.7,0.6573333333333333,0.7426666666666667,False,214.87708272009507,True,0.09203757081218102,1.400000000000004,0.09680716053997698,-20.281850360446615,0.6973333333333331,-0.002666666666666817,215.59468280288922,True,0.9052855490809484,0.7176000827941493,-0.05771969022032446,pyin_probability_below_0.5,1.5931256014367152,False,0.9000000000000058,1.138315908814683
0.71,0.6673333333333333,0.7526666666666667,False,213.63948179230545,True,0.15046460134333883,1.2999999999999994,0.09775129354469791,-20.19754973734117,0.7073333333333331,-0.002666666666666817,212.01262613945158,True,0.8706422033991634,1.6268556528538625,0.1323372566949749,pyin_probability_below_0.5,1.3030686545214134,False,0.8000000000000002,0.8482589618993812
0.72,0.6773333333333333,0.7626666666666667,False,213.63948179230545,True,0.1504646013433388,1.2999999999999994,0.08830977451857956,-21.0798244823456,0.7173333333333332,-0.002666666666666817,208.16949265678647,True,0.88519954150934,5.469989135518972,0.4490356016593734,pyin_probability_below_0.5,0.986370309557012,False,0.8000000000000002,0.5315606169349831
0.73,0.6873333333333334,0.7726666666666666,False,212.40900892134297,True,0.09203757081218103,1.1999999999999993,0.08031628105155818,-21.903928184304636,0.7273333333333332,-0.002666666666666817,204.28916857300396,True,0.8471739747411978,8.119840348339011,0.6747869074458914,pyin_probability_below_0.5,0.6606190037704943,False,0.7000000000000017,0.20580931114846623
0.74,0.6973333333333334,0.7826666666666666,False,207.55758045272898,True,0.09203757081218103,0.8000000000000002,0.06445243403784777,-23.815213538517117,0.7373333333333331,-0.002666666666666928,200.57337250954473,True,0.8241782363278589,6.984207943184259,0.5925783870016853,pyin_probability_below_0.5,0.3428275242147027,False,0.3000000000000021,-0.11198216840732668
0.75,0.7073333333333334,0.7926666666666666,False,205.1735783080468,True,0.09203757081218102,0.6000000000000013,0.05262047222357847,-25.576905176251422,0.7473333333333331,-0.002666666666666928,198.78144795481785,True,0.7725352481320245,6.392130353228964,0.5479420617865073,pyin_probability_below_0.5,0.1874638494298817,False,0.100000000000004,-0.2673458431921487
0.76,0.7173333333333334,0.8026666666666666,False,202.8169587634771,True,0.10857977072874499,0.39999999999999736,0.04645944183859437,-26.658520241931598,0.7573333333333331,-0.002666666666666928,198.56770417435737,True,0.7055680043847302,4.249254589119715,0.3665675222521218,pyin_probability_below_0.5,0.16883838896426306,False,-0.09999999999999873,-0.2859713036577654
0.77,0.7273333333333334,0.8126666666666666,False,200.48740730303228,True,0.07797523762294818,0.19999999999999687,0.03816003427108477,-28.36782487865847,0.7673333333333331,-0.002666666666666928,202.17466969090145,True,0.6897365122488146,1.6872623878691684,-0.1450875738698554,pyin_probability_below_0.5,0.48049348508624157,False,-0.2999999999999981,0.02568379246421336
0.78,0.7373333333333333,0.8226666666666667,False,199.33268480704808,True,0.03489742801962526,0.10000000000000017,0.03049430086464704,-30.31562638310314,0.7773333333333331,-0.002666666666666928,202.37300193308081,True,0.6968762640365367,3.0403171260327326,-0.26206256012150275,pyin_probability_below_0.5,0.49746847133789257,False,-0.3999999999999969,0.042658778715862475
0.79,0.7473333333333333,0.8326666666666667,False,201.6488190383855,True,0.016467587593112985,0.3000000000000021,0.021308052429112698,-33.42912486582157,0.7873333333333331,-0.002666666666666928,204.8359536025347,True,0.6000218915963588,3.1871345641491757,-0.27148810100198306,pyin_probability_below_0.5,0.7068940122183727,False,-0.19999999999999588,0.2520843195963439
0.8,0.7573333333333333,0.8426666666666667,False,203.99186545315516,True,0.010002815825463942,0.49999999999999706,0.01714257653236044,-35.31847805935164,0.7973333333333331,-0.002666666666666928,204.143987253158,True,0.6056307351948427,0.15212180000284548,-0.012905430886281946,pyin_probability_below_0.5,0.6483113421026672,False,0.0,0.1935016494806365
0.81,0.7673333333333333,0.8526666666666667,False,225.0395058615972,True,0.011422334250709074,2.200000000000003,0.0343386205664248,-29.28434310162824,0.8073333333333331,-0.002666666666666928,,False,0.0,,,pyin_probability_below_0.5|voicing_disagreement,,False,1.700000000000006,
0.82,0.7773333333333333,0.8626666666666667,False,223.74337368352585,True,0.15046460134333883,2.100000000000002,0.051324729895560674,-25.793466549883387,0.8173333333333331,-0.002666666666666817,,False,0.0,,,pyin_probability_below_0.5|voicing_disagreement,,False,1.6000000000000059,
0.83,0.7873333333333333,0.8726666666666667,False,219.8995964441766,True,0.3233360583906408,1.800000000000001,0.06053458502453,-24.35992860817223,0.8273333333333331,-0.002666666666666817,,False,0.0,,,pyin_probability_below_0.5|voicing_disagreement,,False,1.300000000000003,
0.84,0.7973333333333333,0.8826666666666667,False,218.63306796596578,True,0.5485250542599843,1.6999999999999993,0.06372213319223301,-23.91419387960626,0.8373333333333332,-0.002666666666666817,225.29318859752968,True,0.8306626160056855,6.660120631563899,-0.5195048790357127,,2.3549107902521014,False,1.200000000000003,1.9001010976300707
0.85,0.8073333333333333,0.8926666666666667,False,218.63306796596578,True,0.4849868077159112,1.6999999999999993,0.06426821908702753,-23.840074689949105,0.8473333333333332,-0.002666666666666817,223.4937464757528,True,0.9333871326098889,4.8606785097870215,-0.38067409224018267,pyin_probability_below_0.5,2.216080003456571,False,1.200000000000003,1.7612703108345424
0.86,0.8173333333333334,0.9026666666666666,False,217.37383415501247,True,0.42606232904328145,1.6000000000000023,0.06493950217859844,-23.749820899330114,0.8573333333333332,-0.002666666666666817,219.7583204462257,True,0.9664799191318116,2.3844862912132214,-0.18887399421275228,pyin_probability_below_0.5,1.9242799054291417,False,1.1000000000000054,1.4694702128071115
0.87,0.8273333333333334,0.9126666666666666,False,217.37383415501247,True,0.3721358982975087,1.6000000000000023,0.06536433552542743,-23.693182987431115,0.8673333333333331,-0.002666666666666928,212.94305262240607,True,0.9624817281369276,4.430781532606403,0.35652753526448255,pyin_probability_below_0.5,1.3788783759519083,False,1.1000000000000054,0.9240686833298768
0.88,0.8373333333333334,0.9226666666666666,False,217.37383415501247,True,0.32333605839064083,1.6000000000000023,0.06603054410748335,-23.605102480435907,0.8773333333333331,-0.002666666666666928,209.17295981450644,True,0.889154368229376,8.200874340506033,0.6657831144951835,pyin_probability_below_0.5,1.069622796721207,False,1.1000000000000054,0.6148131040991762
0.89,0.8473333333333334,0.9326666666666666,False,216.12185299712482,True,0.3721358982975087,1.5000000000000004,0.06289005572931981,-24.028360408521635,0.8873333333333331,-0.002666666666666928,213.94678879375581,True,0.6443832032846647,2.175064203369004,0.17511517686009076,pyin_probability_below_0.5,1.4602907343562943,False,1.0000000000000044,1.0054810417342668
0.9,0.8573333333333333,0.9426666666666667,False,213.63948179230545,True,0.2065067991177523,1.2999999999999994,0.052537755228909515,-25.590569743494,0.8973333333333331,-0.002666666666666928,213.95660815637754,True,0.5471102995408746,0.31712636407209516,-0.025679377005806775,pyin_probability_below_0.5,1.4610852882221939,False,0.8000000000000002,1.0062755956001626
0.91,0.8673333333333333,0.9526666666666667,False,213.63948179230545,True,0.016467587593113005,1.2999999999999994,0.03733298121163345,-28.55814656522126,0.9073333333333331,-0.002666666666666928,,False,0.0,,,pyin_probability_below_0.5|voicing_disagreement,,False,0.8000000000000002,
0.92,0.8773333333333333,0.9626666666666667,False,214.87708272009507,True,0.01000012784523254,1.400000000000004,0.025111998582999746,-32.00237443628087,0.9173333333333331,-0.002666666666666928,,False,0.0,,,pyin_probability_below_0.5|voicing_disagreement,,False,0.9000000000000058,
0.93,0.8873333333333333,0.9726666666666667,False,214.87708272009507,True,0.010000127845232541,1.400000000000004,0.022309567103964065,-33.0301771341562,0.9273333333333331,-0.002666666666666928,,False,0.0,,,pyin_probability_below_0.5|voicing_disagreement,,False,0.9000000000000058,
0.94,0.8973333333333333,0.9826666666666667,False,207.55758045272898,True,0.010000001546554296,0.8000000000000002,0.020869516188357157,-33.60975237869311,0.9373333333333331,-0.002666666666666817,,False,0.0,,,pyin_probability_below_0.5|voicing_disagreement,,False,0.3000000000000021,
0.95,0.9073333333333333,0.9926666666666667,False,214.87708272009507,True,0.01000419105279527,1.400000000000004,0.0322470876824889,-29.83019003020945,0.9473333333333331,-0.002666666666666817,,False,0.0,,,pyin_probability_below_0.5|voicing_disagreement,,False,0.9000000000000058,
0.96,0.9173333333333333,1.0026666666666666,False,214.87708272009507,True,0.026168028608935755,1.400000000000004,0.04652739923366044,-26.645824455475843,0.9573333333333331,-0.002666666666666817,,False,0.0,,,pyin_probability_below_0.5|voicing_disagreement,,False,0.9000000000000058,
0.97,0.9273333333333333,1.0126666666666666,False,214.87708272009507,True,0.1765306086328976,1.400000000000004,0.05770613566380738,-24.77556015169762,0.9673333333333332,-0.002666666666666817,,False,0.0,,,pyin_probability_below_0.5|voicing_disagreement,,False,0.9000000000000058,
0.98,0.9373333333333334,1.0226666666666666,False,213.63948179230545,True,0.32333605839064083,1.2999999999999994,0.06769408929279198,-23.388985001360496,0.9773333333333332,-0.002666666666666817,214.6826513092781,True,0.7223681100360002,1.0431695169726538,-0.08432784663291848,pyin_probability_below_0.5,1.519733757849305,False,0.8000000000000002,1.064924065227275
0.99,0.9473333333333334,1.0326666666666666,False,213.63948179230545,True,0.615949885458068,1.2999999999999994,0.075619308024695,-22.427346021731385,0.9873333333333331,-0.002666666666666928,214.18436993627333,True,0.8978193649182109,0.5448881439678814,-0.04409896334789845,,1.4795048745642838,True,0.8000000000000002,1.0246951819422536
1.0,0.9573333333333334,1.0426666666666666,False,213.63948179230545,True,0.6860828109301793,1.2999999999999994,0.08286162986742183,-21.632930569809304,0.9973333333333331,-0.002666666666666928,213.50822486598005,True,0.9726455024642832,0.131256926325392,0.010639713787082486,,1.4247661974293009,True,0.8000000000000002,0.9699565048072716
1.01,0.9673333333333334,1.0526666666666666,False,213.63948179230545,True,0.7571601330199094,1.2999999999999994,0.0886863517705627,-21.042864200163343,1.007333333333333,-0.002666666666667039,212.2203562944595,True,0.9938892085062482,1.419125497845954,0.11538291504775769,,1.3200229961686285,True,0.8000000000000002,0.865213303546598
1.02,0.9773333333333334,1.0626666666666666,False,213.63948179230545,True,0.7571601330199093,1.2999999999999994,0.09495995763427964,-20.449189756217297,1.017333333333333,-0.002666666666667039,211.96710882129128,True,0.9917930218506874,1.6723729710141697,0.13605446885518832,,1.2993514423611954,True,0.8000000000000002,0.8445417497391671
1.03,0.9873333333333333,1.0726666666666667,False,214.87708272009507,True,0.7571601330199093,1.400000000000004,0.10279950035076822,-19.7601799238249,1.027333333333333,-0.002666666666667039,212.45785732128067,True,0.9974136614814028,2.4192253988144046,0.19601908172623325,,1.3393868294901572,True,0.9000000000000058,0.8845771368681281
1.04,0.9973333333333333,1.0826666666666667,False,214.87708272009507,True,0.7571601330199095,1.400000000000004,0.10801152302471767,-19.330598201539146,1.037333333333333,-0.002666666666667039,213.79215138028223,True,0.9914580033274718,1.0849313398128402,0.08763279178752678,,1.4477731194288608,True,0.9000000000000058,0.9929634268068332
1.05,1.0073333333333334,1.0926666666666667,False,217.37383415501247,True,0.615949885458068,1.6000000000000023,0.1165457248416466,-18.670073054920476,1.047333333333333,-0.002666666666667039,215.40227143726898,True,0.9894670010459721,1.9715627177434953,0.15773791923337926,,1.5776679919830092,True,1.1000000000000054,1.1228582993609808
1.06,1.0173333333333334,1.1026666666666667,False,219.8995964441766,True,0.615949885458068,1.800000000000001,0.1256222517237543,-18.01866852648211,1.057333333333333,-0.002666666666667039,216.87091501638093,True,0.9936190083967739,3.028681427795675,0.24010047917290264,,1.695305432043483,True,1.300000000000003,1.2404957394214549
1.07,1.0273333333333334,1.1126666666666667,False,223.74337368352585,True,0.615949885458068,2.100000000000002,0.14000851786878468,-17.076910836309498,1.067333333333333,-0.002666666666667039,219.81278111989315,True,0.9946805291709707,3.9305925636327004,0.3068361799668187,,1.928569731249572,True,1.6000000000000059,1.4737600386275402
1.08,1.0373333333333334,1.1226666666666667,False,225.0395058615972,True,0.6159498854580681,2.200000000000003,0.15385433569214657,-16.2578052121663,1.077333333333333,-0.002666666666667039,222.38841730516577,True,0.9970923109855304,2.651088556431432,0.20515968048501115,,2.130246230731377,True,1.700000000000006,1.6754365381093481
1.09,1.0473333333333332,1.1326666666666667,False,226.34314645699226,True,0.6860828109301794,2.3000000000000003,0.17217602903158274,-15.280546254391385,1.087333333333333,-0.002666666666667039,225.35730239451073,True,0.9967914105457693,0.985844062481533,0.07556908665095145,,2.3598368245654373,True,1.800000000000001,1.9050271319434056
1.1,1.0573333333333332,1.1426666666666667,False,227.65433896553014,True,0.8266685594724995,2.399999999999998,0.18696114327839533,-14.564972897427817,1.097333333333333,-0.002666666666667039,227.69557746092704,True,0.9968486812986211,0.041238495396896724,-0.003135763727326988,,2.5385416749437146,True,1.900000000000004,2.083731982321685
1.11,1.0673333333333332,1.1526666666666667,False,227.65433896553014,True,0.8911444948731204,2.399999999999998,0.19835195888391793,-14.051270123279808,1.107333333333333,-0.002666666666667039,227.40238593033462,True,0.9959618728559487,0.2519530351955268,0.019170784388166374,,2.516235126828219,True,1.900000000000004,2.061425434206189
1.12,1.0773333333333333,1.1626666666666667,False,228.9731271349986,True,0.9459302094659092,2.500000000000002,0.20444921119590254,-13.788291213949098,1.117333333333333,-0.002666666666667039,227.1428020643868,True,0.9938919145196449,1.8303250706117922,0.1389444169352574,,2.496461494281131,True,2.000000000000004,2.0416518016591017
1.13,1.0873333333333333,1.1726666666666667,False,228.9731271349986,True,0.9459302094659092,2.500000000000002,0.20764291047394282,-13.653657847268654,1.127333333333333,-0.002666666666666817,228.98154648833264,True,0.9939921761271456,0.008419353334033985,-0.0006365639223336506,,2.636042475138722,True,2.000000000000004,2.181232782516692
1.14,1.0973333333333333,1.1826666666666668,False,228.9731271349986,True,0.9459302094659092,2.500000000000002,0.20884831605063353,-13.60338044224735,1.137333333333333,-0.002666666666666817,230.1819488126819,True,0.9960611908119349,1.2088216776832894,-0.0911569181032239,,2.7265628293196125,True,2.000000000000004,2.2717531366975843
1.15,1.1073333333333333,1.1926666666666668,False,230.29955496661373,True,0.9459302094659092,2.5999999999999974,0.20700146580188528,-13.680531584831071,1.147333333333333,-0.002666666666666817,230.43860242663715,True,0.9986266646016753,0.13904746002341994,-0.010449479847688561,,2.7458553910640724,True,2.100000000000002,2.291045698442045
1.16,1.1173333333333333,1.2026666666666668,False,230.29955496661373,True,0.9848789761259924,2.5999999999999974,0.19940156968849304,-14.005428544923808,1.157333333333333,-0.002666666666666817,230.29752630748314,True,0.9991298713620665,0.0020286591305875845,0.0001525013467802319,,2.7352534098696077,True,2.100000000000002,2.2804437172475787
1.17,1.1273333333333333,1.2126666666666666,False,231.63366671648822,True,0.9848789761259924,2.7,0.1879996305830506,-14.516860082375366,1.1673333333333331,-0.002666666666666817,230.18188935042963,True,0.999574387724022,1.451777366058593,0.10884755414534014,,2.7265583570710454,True,2.200000000000003,2.271748664449015
1.18,1.1373333333333333,1.2226666666666666,False,234.3251202788159,True,0.8911444948731203,2.9000000000000035,0.1719724876454679,-15.29082052922936,1.1773333333333331,-0.002666666666666817,230.13462942001564,True,0.9974835411061735,4.190490858800246,0.3124024124934732,,2.7230034987229152,True,2.400000000000005,2.268193806100884
1.19,1.1473333333333333,1.2326666666666666,False,237.04784702513638,True,0.8266685594724995,3.0999999999999988,0.15532899744351653,-16.174949217155906,1.187333333333333,-0.002666666666667039,231.69415199884634,True,0.9903728707149914,5.3536950262900405,0.39547990961686896,,2.839926001599521,True,2.600000000000004,2.38511630897749
1.2,1.1573333333333333,1.2426666666666666,False,238.4210512332145,True,0.7571601330199094,3.2,0.1424997151522729,-16.923720075624466,1.197333333333333,-0.002666666666667039,236.68587908954558,True,0.9805757809996319,1.7351721436689331,0.1264558464879883,,3.208950064728398,True,2.7000000000000033,2.7541403721063697
1.21,1.1673333333333333,1.2526666666666666,False,239.8022103323442,True,0.6860828109301793,3.3000000000000003,0.13193245518769472,-17.592967110286512,1.207333333333333,-0.002666666666667039,242.81704018013448,True,0.9619414455317737,3.0148298477902813,-0.21629655144974236,,3.6517024626661296,True,2.8000000000000034,3.1968927700441014
1.22,1.1773333333333333,1.2626666666666666,False,239.8022103323442,True,0.6159498854580681,3.3000000000000003,0.12185969655842113,-18.282798152848645,1.217333333333333,-0.002666666666667039,246.2424269548134,True,0.9366680984518547,6.440216622469194,-0.4588127928276169,,3.8942187040440044,True,2.8000000000000034,3.4394090114219775
1.23,1.1873333333333334,1.2726666666666666,False,239.8022103323442,True,0.3721358982975087,3.3000000000000003,0.10997733316272494,-19.173936314423962,1.227333333333333,-0.002666666666667039,242.7096407168734,True,0.9280629789826216,2.9074303845291922,-0.20863750332747655,pyin_probability_below_0.5,3.644043414543866,False,2.8000000000000034,3.189233721921835
1.24,1.1973333333333334,1.2826666666666666,False,238.4210512332145,True,0.12793708630129036,3.2,0.10219120391552068,-19.811729687813543,1.237333333333333,-0.002666666666667039,240.48317297935307,True,0.9485558037739651,2.0621217461385584,-0.14909191707969524,pyin_probability_below_0.5,3.4844978282960817,False,2.7000000000000033,3.0296881356740544
1.25,1.2073333333333334,1.2926666666666666,False,237.04784702513638,True,0.04069733156888105,3.0999999999999988,0.10022127511877445,-19.98080152029139,1.247333333333333,-0.002666666666667039,238.1720042312871,True,0.8999605328884985,1.124157206150727,-0.0819066315022394,pyin_probability_below_0.5,3.3173125427186285,False,2.600000000000004,2.8625028500965994
1.26,1.2173333333333334,1.3026666666666666,False,234.3251202788159,True,0.020317628556360583,2.9000000000000035,0.09838945858175671,-20.141028585237564,1.257333333333333,-0.002666666666667039,233.44075874454322,True,0.867300016923666,0.8843615342726707,0.06546174882166897,pyin_probability_below_0.5,2.9699441623947216,False,2.400000000000005,2.5151344697726903
1.27,1.2273333333333334,1.3126666666666666,False,230.29955496661373,True,0.013100262550513395,2.5999999999999974,0.09650157515889232,-20.30931195545948,1.267333333333333,-0.002666666666667039,227.03902383610358,True,0.8921104334783173,3.260531130510145,0.2468559798925027,pyin_probability_below_0.5,2.488549931323881,False,2.100000000000002,2.0337402387018506
1.28,1.2373333333333334,1.3226666666666667,False,227.65433896553014,True,0.013100262550513395,2.399999999999998,0.09711646550692073,-20.254142637150075,1.277333333333333,-0.002666666666667039,222.1158502135264,True,0.9210760824543235,5.538488752003758,0.4263913096650065,pyin_probability_below_0.5,2.109014601551379,False,1.900000000000004,1.654204908929352
1.29,1.2473333333333334,1.3326666666666667,False,221.17346184722248,True,0.030106861794195014,1.9000000000000006,0.09329946835101281,-20.60241661979225,1.287333333333333,-0.002666666666667039,216.41292230377186,True,0.9010310932969872,4.760539543450619,0.3766997152994449,pyin_probability_below_0.5,1.6587061959169436,False,1.400000000000004,1.2038965032949127
1.3,1.2573333333333334,1.3426666666666667,False,216.12185299712482,True,0.056071395445892624,1.5000000000000004,0.08770686926217833,-21.13932782120157,1.297333333333333,-0.002666666666667039,208.10561497160506,True,0.8668179242256437,8.016238025519755,0.6543487814485613,pyin_probability_below_0.5,0.9810571297678267,False,1.0000000000000044,0.5262474371457976
1.31,1.2673333333333334,1.3526666666666667,False,213.63948179230545,True,0.07797523762294818,1.2999999999999994,0.0845482862748438,-21.45790381547537,1.307333333333333,-0.002666666666667039,204.31438412584328,True,0.9078723719033261,9.32509766646217,0.7726501651973926,pyin_probability_below_0.5,0.6627557460189905,False,0.8000000000000002,0.2079460533969627
1.32,1.2773333333333334,1.3626666666666667,False,208.75994928447787,True,0.12793708630129036,0.8999999999999985,0.0794088622610388,-22.002620526700404,1.317333333333333,-0.002666666666667039,203.89989172213703,True,0.9288885641834562,4.860057562340842,0.40780736823708286,pyin_probability_below_0.5,0.6275985429793051,False,0.4000000000000011,0.17278885035727398
1.33,1.2873333333333334,1.3726666666666667,False,203.99186545315516,True,0.1765306086328976,0.49999999999999706,0.07356873259851375,-22.666134513569762,1.327333333333333,-0.002666666666667039,199.20876923298056,True,0.9006884866717952,4.783096220174599,0.410765598698633,pyin_probability_below_0.5,0.2246403125177511,False,0.0,-0.2301693801042796
1.34,1.2973333333333332,1.3826666666666667,False,201.6488190383855,True,0.10857977072874497,0.3000000000000021,0.06629009683949638,-23.57102693090956,1.337333333333333,-0.002666666666667039,191.91861700953467,True,0.9055825356236289,9.73020202885084,0.8562034806401664,pyin_probability_below_0.5,-0.4207975694237791,False,-0.19999999999999588,-0.8756072620458092
1.35,1.3073333333333332,1.3926666666666667,False,192.54268179725335,True,0.056071395445892624,-0.5000000000000001,0.059533325536016674,-24.50479714096817,1.347333333333333,-0.002666666666667039,191.61364099015225,True,0.8280031943130035,0.9290408071011029,0.08373623540453534,pyin_probability_below_0.5,-0.44833032418814567,False,-0.9999999999999974,-0.9031400168101757
1.36,1.3173333333333332,1.4026666666666667,False,189.23491376948436,True,0.056071395445892624,-0.7999999999999988,0.05510516752973471,-25.1761534587471,1.357333333333333,-0.002666666666667039,189.69447759744276,True,0.669154869141967,0.4595638279583909,-0.04199267488293321,pyin_probability_below_0.5,-0.6226014139006781,False,-1.2999999999999963,-1.0774111065227077
1.37,1.3273333333333333,1.4126666666666667,False,188.14500086724917,True,0.056071395445892624,-0.8999999999999986,0.04869149159230628,-26.250938425539,1.367333333333333,-0.002666666666667039,187.78890503730165,True,0.6409409143564019,0.3560958299475203,0.03279754234627469,pyin_probability_below_0.5,-0.7973916311298863,False,-1.3999999999999961,-1.252201323751915
1.38,1.3373333333333333,1.4226666666666667,False,185.98397121658357,True,0.04069733156888106,-1.1000000000000019,0.04538806462154005,-26.861166709586975,1.377333333333333,-0.002666666666666817,175.92869108841083,True,0.8166264621586766,10.05528012817274,0.9622500958618574,pyin_probability_below_0.5,-1.9268441846454734,False,-1.5999999999999979,-2.3816538772675018
1.39,1.3473333333333333,1.4326666666666668,False,176.56241769755178,True,0.047686993082531035,-2.0000000000000004,0.04189773548595439,-27.55618898818302,1.387333333333333,-0.002666666666666817,177.260706603341,True,0.8988612259167418,0.6982889057892123,-0.06833375301304076,pyin_probability_below_0.5,-1.796260335770573,False,-2.4999999999999973,-2.2510700283926024
1.4,1.3573333333333333,1.4426666666666668,False,176.56241769755178,True,0.06608151270920701,-2.0000000000000004,0.04014413452013663,-27.927558014742758,1.397333333333333,-0.002666666666666817,177.6714608356175,True,0.9179007340612623,1.109043138065715,-0.10840405913983445,pyin_probability_below_0.5,-1.7561900296437778,False,-2.4999999999999973,-2.2109997222658064
1.41,1.3673333333333333,1.4526666666666668,False,176.56241769755178,True,0.20650679911775227,-2.0000000000000004,0.03540645450572314,-29.018351199767093,1.407333333333333,-0.002666666666666817,175.75158392404614,True,0.9097684739166694,0.8108337735056352,0.07968718295419916,pyin_probability_below_0.5,-1.944281271737812,False,-2.4999999999999973,-2.399090964359843
1.42,1.3773333333333333,1.4626666666666666,False,176.56241769755178,True,0.1765306086328976,-2.0000000000000004,0.031675272751756245,-29.985592735474373,1.4173333333333331,-0.002666666666666817,167.70089693111768,True,0.9118785676644513,8.861520766434097,0.8914546186852625,pyin_probability_below_0.5,-2.7560487074688735,False,-2.4999999999999973,-3.210858400090904
1.43,1.3873333333333333,1.4726666666666666,False,174.53442536143424,True,0.12793708630129041,-2.1999999999999997,0.02854765754761738,-30.88859043199149,1.4273333333333331,-0.002666666666666817,159.12056385027628,True,0.882810296991962,15.413861511157961,1.6006959565324577,pyin_probability_below_0.5|pitch_difference_over_1_semitone,-3.6652900453160715,False,-2.6999999999999966,-4.1200997379381015
1.44,1.3973333333333333,1.4826666666666666,False,167.61814009714527,True,0.0779752376229482,-2.900000000000002,0.0231861393052322,-32.6954311833567,1.437333333333333,-0.002666666666667039,149.7869774649719,True,0.8010518810605742,17.831162632173374,1.9471930693229151,pyin_probability_below_0.5|pitch_difference_over_1_semitone,-4.71178715810653,False,-3.3999999999999986,-5.16659685072856
1.45,1.4073333333333333,1.4926666666666666,False,160.97592684906726,True,0.03489742801962526,-3.5999999999999988,0.022705228518076385,-32.87748245518527,1.447333333333333,-0.002666666666667039,146.75080316647532,True,0.8079668772984684,14.225123682591942,1.601718688401129,pyin_probability_below_0.5|pitch_difference_over_1_semitone,-5.066312777184737,False,-4.099999999999994,-5.52112246980677
1.46,1.4173333333333333,1.5026666666666666,False,163.7897364863335,True,0.034897428019625254,-3.3000000000000007,0.023850777883841212,-32.449949040946414,1.457333333333333,-0.002666666666667039,147.36809043504883,True,0.8479557348360601,16.421646051284682,1.8290494155483628,pyin_probability_below_0.5|pitch_difference_over_1_semitone,-4.993643504331977,False,-3.799999999999998,-5.448453196954006
1.47,1.4273333333333333,1.5126666666666666,False,164.73856077731807,True,0.09203757081218102,-3.2000000000000006,0.025865100032813233,-31.745716752509697,1.467333333333333,-0.002666666666667039,147.45058501243352,True,0.7587986329686294,17.28797576488455,1.919360923139098,pyin_probability_below_0.5|pitch_difference_over_1_semitone,-4.983955011922712,False,-3.6999999999999984,-5.438764704544741
1.48,1.4373333333333334,1.5226666666666666,False,163.7897364863335,True,0.2065067991177523,-3.3000000000000007,0.02846524365398747,-30.913701888108314,1.477333333333333,-0.002666666666667039,159.71035879974065,True,0.7629838071980978,4.0793776865928635,0.4366448127661514,pyin_probability_below_0.5,-3.6012389015497646,False,-3.799999999999998,-4.056048594171795
1.49,1.4473333333333334,1.5326666666666666,False,163.7897364863335,True,0.2407543944755743,-3.3000000000000007,0.029767916201231297,-30.525031311083623,1.487333333333333,-0.002666666666667039,164.0704867104538,True,0.886511703176658,0.2807502241202826,-0.029649492783315468,pyin_probability_below_0.5,-3.134944596000296,False,-3.799999999999998,-3.5897542886223253
1.5,1.4573333333333334,1.5426666666666666,False,162.84637702113662,True,0.27960516533635893,-3.4000000000000012,0.031886769945605326,-29.927789430661264,1.497333333333333,-0.002666666666667039,165.69003606231212,True,0.9412067897461157,2.843659041175499,-0.29970268788681365,pyin_probability_below_0.5,-2.964891400896801,False,-3.8999999999999986,-3.419701093518829
1.51,1.4673333333333334,1.5526666666666666,False,161.90845090664698,True,0.3233360583906409,-3.500000000000001,0.03328416586324595,-29.555246449192115,1.507333333333333,-0.002666666666667039,164.6245883965249,True,0.9605009247124613,2.716137489877923,-0.2880185215223444,pyin_probability_below_0.5,-3.0765755672612687,False,-3.9999999999999964,-3.531385259883297
1.52,1.4773333333333334,1.5626666666666666,False,161.90845090664698,True,0.37213589829750865,-3.500000000000001,0.03453476892946082,-29.234868909847478,1.517333333333333,-0.002666666666667039,161.16817469325258,True,0.964380481191711,0.7402762133943952,0.07933682152608343,pyin_probability_below_0.5,-3.443930910309698,False,-3.9999999999999964,-3.8987406029317286
1.53,1.4873333333333334,1.5726666666666667,False,161.90845090664698,True,0.42606232904328145,-3.500000000000001,0.034648084685488,-29.206415355827964,1.527333333333333,-0.002666666666667039,158.78786835909563,True,0.9599271922165981,3.1205825475513507,0.33693116857558,pyin_probability_below_0.5,-3.701525257359191,False,-3.9999999999999964,-4.156334949981222
1.54,1.4973333333333334,1.5826666666666667,False,160.04877373483913,True,0.48498680771591135,-3.6999999999999984,0.033225881334573146,-29.570469806702143,1.537333333333333,-0.002666666666667039,156.79078540531904,True,0.9384778975514887,3.2579883295200887,0.35605018198604277,pyin_probability_below_0.5,-3.920644270769653,False,-4.199999999999994,-4.375453963391681
1.55,1.5073333333333334,1.5926666666666667,False,158.21045677717683,True,0.6159498854580681,-3.8999999999999986,0.03080544531271834,-30.227450176328198,1.547333333333333,-0.002666666666667039,156.37069829141612,True,0.9225758420781055,1.8397584857607114,0.20249711682672916,,-3.9670912056103416,True,-4.399999999999998,-4.421900898232372
1.56,1.5173333333333334,1.6026666666666667,False,156.39325469067515,True,0.6159498854580678,-4.100000000000002,0.028292982525843204,-30.966425373065047,1.557333333333333,-0.002666666666667039,156.02390735583498,True,0.9390760245817821,0.369347334840171,0.0409341776052526,,-4.0055282663888665,True,-4.599999999999999,-4.460337959010897
1.57,1.5273333333333334,1.6126666666666667,False,155.49249582586248,True,0.6159498854580678,-4.200000000000002,0.026269438353697987,-31.610984248501858,1.567333333333333,-0.002666666666667039,152.72006106909572,True,0.9663103532564329,2.7724347567667564,0.3114644619990749,,-4.376058550782689,True,-4.7,-4.830868243404717
1.58,1.5373333333333334,1.6226666666666667,False,153.70651218352927,True,0.24075439447557428,-4.4,0.024637857209527048,-32.167941321828394,1.577333333333333,-0.002666666666667039,149.89801055183474,True,0.9757124174687126,3.8085016316945257,0.4343646476780761,pyin_probability_below_0.5,-4.698958736461687,False,-4.899999999999995,-5.1537684290837165
1.59,1.5473333333333332,1.6326666666666667,False,171.53602840047625,True,0.010467533617069905,-2.499999999999999,0.02939923464043267,-30.63327951132376,1.587333333333333,-0.002666666666667039,148.22372980593317,True,0.9692803406031046,23.31229859454308,2.5288222747054574,pyin_probability_below_0.5|pitch_difference_over_1_semitone,-4.8934163634890675,False,-2.9999999999999964,-5.3482260561110975
1.6,1.5573333333333332,1.6426666666666667,False,175.5454930018647,True,0.013980210380185928,-2.0999999999999996,0.034111533064377864,-29.34197523575236,1.597333333333333,-0.002666666666667039,146.44176894225498,True,0.9510816562070635,29.103724059609732,3.1382142084327915,pyin_probability_below_0.5|pitch_difference_over_1_semitone,-5.102808297216402,False,-2.599999999999996,-5.5576179898384295
1.61,1.5673333333333332,1.6526666666666667,False,180.68936857950385,True,0.013980210380185928,-1.599999999999996,0.042793363106840066,-27.372471624213304,1.607333333333333,-0.002666666666667039,143.8578401132088,True,0.7889315019671064,36.831528466295055,3.9464132945876518,pyin_probability_below_0.5|pitch_difference_over_1_semitone,-5.411007383371261,False,-2.099999999999993,-5.86581707599329
1.62,1.5773333333333333,1.6626666666666667,False,183.84776310850236,True,0.0229442191246386,-1.2999999999999985,0.05063083356798115,-25.911698449697727,1.617333333333333,-0.002666666666667039,174.82375513976538,True,0.67655586208936,9.024007968736981,0.871324691612786,pyin_probability_below_0.5,-2.0359187803963965,False,-1.7999999999999967,-2.4907284730184265
1.63,1.5873333333333333,1.6726666666666667,False,184.9127823656466,True,0.02616802860893576,-1.2000000000000002,0.05474921466450296,-25.232442121288923,1.627333333333333,-0.002666666666666817,176.4535695279983,True,0.7945394104410948,8.459212837648295,0.810676097972926,pyin_probability_below_0.5,-1.8752701867565373,False,-1.699999999999997,-2.3300798793785664
1.64,1.5973333333333333,1.6826666666666668,False,185.98397121658357,True,0.01646758759311301,-1.1000000000000019,0.058021198534383214,-24.72826608581606,1.637333333333333,-0.002666666666666817,180.3235338287885,True,0.8492716090312016,5.660437387795071,0.5350871555746429,pyin_probability_below_0.5,-1.4996812443582574,False,-1.5999999999999979,-1.9544909369802852
1.65,1.6073333333333333,1.6926666666666668,False,188.14500086724917,True,0.011853505394683413,-0.8999999999999986,0.06329607350324498,-23.972464601790207,1.647333333333333,-0.002666666666666817,184.15201598128746,True,0.8893679237550144,3.992984885961704,0.37137318646158,pyin_probability_below_0.5,-1.1359672752451895,False,-1.3999999999999961,-1.5907769678672192
1.66,1.6173333333333333,1.7026666666666668,False,188.14500086724917,True,0.010467533617069905,-0.8999999999999986,0.06870413757820522,-23.26034215159688,1.657333333333333,-0.002666666666666817,187.1825675314083,True,0.8905971103797677,0.9624333358408705,0.08878649762095495,pyin_probability_below_0.5,-0.8533805864045658,False,-1.3999999999999961,-1.3081902790265962
1.67,1.6273333333333333,1.7126666666666666,False,190.3311404729313,True,0.010140046044704068,-0.7000000000000002,0.07315124158601094,-22.715565965106332,1.6673333333333331,-0.002666666666666817,190.39053011344632,True,0.8592828485202464,0.05938964051500761,-0.005401182890221849,pyin_probability_below_0.5,-0.5591929058933893,False,-1.1999999999999962,-1.0140025985154195
1.68,1.6373333333333333,1.7226666666666666,False,193.6580702059513,True,0.01010197459374499,-0.3999999999999989,0.07806898033746845,-22.150429858768184,1.6773333333333331,-0.002666666666666817,195.16582780406205,True,0.86002225724456,1.507757598110743,-0.13426614920244537,pyin_probability_below_0.5,-0.1303279395811665,False,-0.8999999999999966,-0.5851376322031958
1.69,1.6473333333333333,1.7326666666666666,False,201.6488190383855,True,0.011422334250709073,0.3000000000000021,0.08370997197819244,-21.544456069014156,1.6873333333333331,-0.002666666666666817,199.23963949090728,True,0.8697647804957384,2.4091795474782316,0.2080830109124632,pyin_probability_below_0.5,0.22732290030392444,False,-0.19999999999999588,-0.22748679231810634
1.7,1.6573333333333333,1.7426666666666666,False,203.99186545315516,True,0.056071395445892624,0.49999999999999706,0.0912912782051821,-20.791414243026367,1.697333333333333,-0.002666666666667039,202.9106069598369,True,0.9265335227280369,1.081258493318245,0.09200808804982619,pyin_probability_below_0.5,0.543397823166559,False,0.0,0.08858813054452967
1.71,1.6673333333333333,1.7526666666666666,False,203.99186545315516,True,0.2796051653363589,0.49999999999999706,0.09547464465389453,-20.40223898695672,1.707333333333333,-0.002666666666667039,205.25426454438744,True,0.9568405739062721,1.2623990912322824,-0.10680688524797687,pyin_probability_below_0.5,0.7422127964643621,False,0.0,0.2874031038423321
1.72,1.6773333333333333,1.7626666666666666,False,205.1735783080468,True,0.48498680771591124,0.6000000000000013,0.09851582483877082,-20.12988004220186,1.717333333333333,-0.002666666666667039,206.2736938510257,True,0.9625739180213828,1.100115542978898,-0.09257866819867383,pyin_probability_below_0.5,0.8279845794150604,False,0.100000000000004,0.37317488679303246
1.73,1.6873333333333334,1.7726666666666666,False,205.1735783080468,True,0.6159498854580681,0.6000000000000013,0.10041743313035528,-19.963817685039118,1.727333333333333,-0.002666666666667039,206.08266715388802,True,0.9582790026500042,0.909088845841211,-0.07653856418683153,,0.8119444754032211,True,0.100000000000004,0.35713478278119154
1.74,1.6973333333333334,1.7826666666666666,False,206.36213675586595,True,0.7571601330199094,0.7000000000000017,0.10142072435118468,-19.877465840543213,1.737333333333333,-0.002666666666667039,205.62598435559764,True,0.9442288161828916,0.7361524002683097,0.06186845647638385,,0.7735374547400032,True,0.20000000000000445,0.31872776211797554
1.75,1.7073333333333334,1.7926666666666666,False,206.36213675586595,True,0.7571601330199094,0.7000000000000017,0.1017461632149137,-19.849639175422574,1.747333333333333,-0.002666666666667039,206.23322278942308,True,0.9483668953616621,0.128913966442866,0.010818359935730174,,0.8245875512806591,True,0.20000000000000445,0.36977785865862933
1.76,1.7173333333333334,1.8026666666666666,False,206.36213675586595,True,0.7571601330199094,0.7000000000000017,0.1000901634147099,-19.99217203375515,1.757333333333333,-0.002666666666667039,207.70162246536304,True,0.9783792235408559,1.3394857094970973,-0.11201035136691823,,0.9474162625833079,True,0.20000000000000445,0.4926065699612785
1.77,1.7273333333333334,1.8126666666666666,False,206.36213675586595,True,0.7571601330199095,0.7000000000000017,0.09637180633792258,-20.321000015457603,1.767333333333333,-0.002666666666667039,207.36858309990157,True,0.9859927797162937,1.0064463440356235,-0.08422858311823385,,0.9196344943346222,True,0.20000000000000445,0.46482480171259327
1.78,1.7373333333333334,1.8226666666666667,False,205.1735783080468,True,0.6860828109301794,0.6000000000000013,0.0881365767824233,-21.096876429227898,1.777333333333333,-0.002666666666667039,205.92935037438605,True,0.982651420809096,0.7557720663392331,-0.06365412247511829,,0.7990600336915048,True,0.100000000000004,0.3442503410694763
1.79,1.7473333333333334,1.8326666666666667,False,205.1735783080468,True,0.6159498854580681,0.6000000000000013,0.07737197335747921,-22.228326528058055,1.787333333333333,-0.002666666666667039,203.57315533559407,True,0.9761635858637946,1.6004229724527477,0.1355715250455945,,0.599834386170794,True,0.100000000000004,0.14502469354876552
1.8,1.7573333333333334,1.8426666666666667,False,203.99186545315516,True,0.5485250542599845,0.49999999999999706,0.07091687162637161,-22.98500861578523,1.797333333333333,-0.002666666666667039,199.66319651745223,True,0.9659433158655617,4.328668935702922,0.37131833764082467,,0.26408757357556145,True,0.0,-0.19072211904646863
1.81,1.7673333333333334,1.8526666666666667,False,201.6488190383855,True,0.48498680771591124,0.3000000000000021,0.06486038456286339,-23.76040961371285,1.807333333333333,-0.002666666666667039,195.95200125112115,True,0.9550873229758238,5.696817787264365,0.49613579251605466,pyin_probability_below_0.5,-0.06072988129966769,False,-0.19999999999999588,-0.5155395739216977
1.82,1.7773333333333334,1.8626666666666667,False,198.18461302324906,True,0.3721358982975087,0.0,0.05757703370854883,-24.79501426300128,1.817333333333333,-0.002666666666667039,193.9120351889152,True,0.9225994053004999,4.272577834333845,0.3773113105171252,pyin_probability_below_0.5,-0.24190539930073685,False,-0.4999999999999962,-0.6967150919227658
1.83,1.7873333333333334,1.8726666666666667,False,195.90826859169485,True,0.2407543944755743,-0.2000000000000017,0.050003587860249096,-26.019976660477585,1.827333333333333,-0.002666666666667039,191.35625552156492,True,0.8564187703284225,4.552013070129931,0.4070067095646172,pyin_probability_below_0.5,-0.4716007983482314,False,-0.6999999999999982,-0.9264104909702621
1.84,1.7973333333333332,1.8826666666666667,False,192.54268179725335,True,0.10857977072874499,-0.5000000000000001,0.043325876022214764,-27.265052947229496,1.837333333333333,-0.002666666666667039,181.58451448971445,True,0.8221240859737088,10.9581673075389,1.0144453793147554,pyin_probability_below_0.5|pitch_difference_over_1_semitone,-1.3790394680983664,False,-0.9999999999999974,-1.8338491607203973
1.85,1.8073333333333332,1.8926666666666667,False,189.23491376948436,True,0.026168028608935755,-0.7999999999999988,0.03751595154168677,-28.515680675566173,1.847333333333333,-0.002666666666667039,171.80739999344527,True,0.8092138924680586,17.427513776039092,1.6726333577010817,pyin_probability_below_0.5|pitch_difference_over_1_semitone,-2.3372274464846914,False,-1.2999999999999963,-2.7920371391067205
1.86,1.8173333333333332,1.9026666666666667,False,,False,0.011853505394683415,,0.0320360551634054,-29.887219343791887,1.857333333333333,-0.002666666666667039,157.7034382508575,True,0.8589614437028164,,,voicing_disagreement,-3.820164198470807,False,,-4.27497389109284
1.87,1.8273333333333333,1.9126666666666667,False,159.12696062960518,True,0.02031762855636058,-3.8,0.027578038431755495,-31.18873255041195,1.867333333333333,-0.002666666666667039,151.31477182485378,True,0.896462633570086,7.8121888047514005,0.8715054606539292,pyin_probability_below_0.5,-4.5360995494375445,False,-4.299999999999998,-4.9909092420595735
1.88,1.8373333333333333,1.9226666666666667,False,151.06592630451914,True,0.10857977072874499,-4.700000000000003,0.023916368141352163,-32.42609540330897,1.877333333333333,-0.002666666666666817,148.45994973170144,True,0.9038226846407441,2.6059765728176956,0.30125405352039003,pyin_probability_below_0.5,-4.865848142304005,False,-5.199999999999999,-5.320657834926034
1.89,1.8473333333333333,1.9326666666666668,False,147.61557577921405,True,0.20650679911775227,-5.1,0.02165869344508028,-33.28735491239182,1.887333333333333,-0.002666666666666817,143.0978376045302,True,0.9273996190695941,4.517738174683842,0.5381170243990795,pyin_probability_below_0.5,-5.502711113182692,False,-5.599999999999996,-5.957520805804721
1.9,1.8573333333333333,1.9426666666666668,False,145.07962854192903,True,0.3721358982975087,-5.4,0.02034401148566258,-33.831268152834056,1.897333333333333,-0.002666666666666817,141.92601085828613,True,0.9150677284178695,3.153617683642892,0.38047127329342845,pyin_probability_below_0.5,-5.645065362077039,False,-5.899999999999997,-6.09987505469907
1.91,1.8673333333333333,1.9526666666666668,False,143.41324688128702,True,0.48498680771591135,-5.600000000000001,0.019314579248691614,-34.28229496287276,1.907333333333333,-0.002666666666666817,139.14228048659245,True,0.9172052586345505,4.270966394694568,0.523409024537421,pyin_probability_below_0.5,-5.988003113321035,False,-6.1,-6.442812805943067
1.92,1.8773333333333333,1.9626666666666666,False,140.9494931391844,True,0.6159498854580678,-5.899999999999999,0.017388919802109545,-35.19454790974892,1.9173333333333331,-0.002666666666666817,138.90460906325788,True,0.9453888655089642,2.044884075926518,0.25300582825980306,,-6.017599917043415,True,-6.399999999999996,-6.472409609665444
1.93,1.8873333333333333,1.9726666666666666,False,140.9494931391844,True,0.6159498854580678,-5.899999999999999,0.015146465650432818,-36.39377391430464,1.9273333333333331,-0.002666666666666817,139.8773074227327,True,0.9483212343931501,1.0721857164516848,0.13219631707498725,,-5.896790405858598,True,-6.399999999999996,-6.351600098480628
1.94,1.8973333333333333,1.9826666666666666,False,138.52806521170294,True,0.5485250542599844,-6.200000000000002,0.012510897250573805,-38.054230853294456,1.9373333333333331,-0.002666666666666817,138.55142057118007,True,0.9298528458356851,0.023355359477136517,-0.0029185555571925974,,-6.061675533226422,True,-6.699999999999999,-6.516485225848454
1.95,1.9073333333333333,1.9926666666666666,False,138.52806521170294,True,0.6159498854580678,-6.200000000000002,0.010830895753971951,-39.30671248352314,1.947333333333333,-0.002666666666667039,134.602951667086,True,0.8955671958094804,3.9251135446169485,0.4976189184674612,,-6.562213007251077,True,-6.699999999999999,-7.017022699873106
1.96,1.9173333333333333,2.002666666666667,False,137.7302022667084,True,0.5485250542599844,-6.299999999999997,0.009587334054372688,-40.36604280222864,1.957333333333333,-0.002666666666667039,,False,0.0,,,voicing_disagreement,,False,-6.799999999999994,
1.97,1.9273333333333333,2.0126666666666666,False,137.7302022667084,True,0.42606232904328145,-6.299999999999997,0.007972351150227803,-41.968271612256785,1.967333333333333,-0.002666666666667039,,False,0.0,,,pyin_probability_below_0.5|voicing_disagreement,,False,-6.799999999999994,
1.98,1.9373333333333334,2.022666666666667,False,136.93693467412865,True,0.2407543944755743,-6.400000000000001,0.005714659831305839,-44.86019232298961,1.977333333333333,-0.002666666666667039,,False,0.0,,,pyin_probability_below_0.5|voicing_disagreement,,False,-6.8999999999999995,
1.99,1.9473333333333334,2.0326666666666666,False,137.7302022667084,True,0.1504646013433388,-6.299999999999997,0.0036986232501445677,-48.63919809235313,1.987333333333333,-0.002666666666667039,,False,0.0,,,pyin_probability_below_0.5|voicing_disagreement,,False,-6.799999999999994,
2.0,1.9573333333333334,2.042666666666667,False,140.9494931391844,True,0.047686993082531035,-5.899999999999999,0.0022968674233489117,-52.77728143671475,1.997333333333333,-0.002666666666667039,,False,0.0,,,pyin_probability_below_0.5|voicing_disagreement,,False,-6.399999999999996,
2.01,1.9673333333333334,2.0526666666666666,False,147.61557577921405,True,0.034897428019625254,-5.1,0.001633319638794504,-55.738576320201496,2.007333333333333,-0.002666666666666817,,False,0.0,,,pyin_probability_below_0.5|voicing_disagreement,,False,-5.599999999999996,
2.02,1.9773333333333334,2.062666666666667,False,147.61557577921405,True,0.013980210380185926,-5.1,0.0013126944173655912,-57.63672723446065,2.017333333333333,-0.002666666666666817,,False,0.0,,,pyin_probability_below_0.5|voicing_disagreement,,False,-5.599999999999996,
2.03,1.9873333333333334,2.0726666666666667,False,152.82122781686914,True,0.011085791888943373,-4.499999999999998,0.0009777860734081288,-60.195123053553985,2.027333333333333,-0.002666666666666817,,False,0.0,,,pyin_probability_below_0.5|voicing_disagreement,,False,-4.9999999999999964,
2.04,1.9973333333333334,2.082666666666667,False,151.9410423129619,True,0.013100262550513395,-4.600000000000001,0.0008281641542125128,-61.63767142365689,2.037333333333333,-0.002666666666666817,,False,0.0,,,pyin_probability_below_0.5|voicing_disagreement,,False,-5.099999999999997,
2.05,2.0073333333333334,2.0926666666666667,False,,False,0.010009025493342986,,0.0004576444470593628,-66.78943605776152,2.047333333333333,-0.002666666666666817,,False,0.0,,,,,False,,
2.06,2.017333333333333,2.1026666666666665,False,,False,0.010000516719604523,,0.0002908495598311139,-70.72663178244295,2.0573333333333332,-0.002666666666666817,,False,0.0,,,,,False,,
2.07,2.0273333333333334,2.1126666666666667,False,,False,0.01000123296498612,,0.00025839426787929867,-71.75434249589219,2.067333333333333,-0.002666666666666817,,False,0.0,,,,,False,,
2.08,2.037333333333333,2.1226666666666665,False,,False,0.010000005216229449,,0.0002269554530905986,-72.88118755882317,2.077333333333333,-0.002666666666667261,,False,0.0,,,,,False,,
2.09,2.0473333333333334,2.1326666666666667,False,,False,0.010000000208892744,,0.00018848523029843512,-74.49445350876044,2.087333333333333,-0.002666666666666817,,False,0.0,,,,,False,,
2.1,2.0573333333333332,2.1426666666666665,False,,False,0.0100000470079773,,0.00016848013834279855,-75.46902579099117,2.097333333333333,-0.002666666666667261,,False,0.0,,,,,False,,
2.11,2.0673333333333335,2.1526666666666667,False,,False,0.010000000101429396,,0.00014732339109289184,-76.63456586205241,2.107333333333333,-0.002666666666666817,,False,0.0,,,,,False,,
2.12,2.0773333333333333,2.1626666666666665,False,,False,0.010000000000006925,,0.00013512003558712233,-77.385604981102,2.117333333333333,-0.002666666666667261,,False,0.0,,,,,False,,
2.13,2.0873333333333335,2.1726666666666667,False,,False,0.010000000047726025,,0.00011085617894531547,-79.10480189996295,2.127333333333333,-0.002666666666666817,,False,0.0,,,,,False,,
2.14,2.0973333333333333,2.1826666666666665,False,,False,0.010000000021701592,,0.00010245010300536784,-79.78975201228542,2.137333333333333,-0.002666666666667261,,False,0.0,,,,,False,,
2.15,2.1073333333333335,2.1926666666666668,False,,False,0.010000000001606035,,9.25997626795834e-05,-80.66780252706963,2.147333333333333,-0.002666666666666817,,False,0.0,,,,,False,,
2.16,2.1173333333333333,2.2026666666666666,False,,False,0.010000000000000437,,8.326920338661444e-05,-81.59031180193492,2.157333333333333,-0.002666666666667261,,False,0.0,,,,,False,,
2.17,2.1273333333333335,2.212666666666667,False,,False,0.01,,8.655612402282404e-05,-81.25404398957181,2.167333333333333,-0.002666666666666817,,False,0.0,,,,,False,,
2.18,2.1373333333333333,2.2226666666666666,False,,False,0.01,,8.737447296940886e-05,-81.17230861683777,2.177333333333333,-0.002666666666667261,,False,0.0,,,,,False,,
2.19,2.1473333333333335,2.232666666666667,False,,False,0.01,,9.424140882058209e-05,-80.5151646042737,2.187333333333333,-0.002666666666666817,,False,0.0,,,,,False,,
2.2,2.1573333333333333,2.2426666666666666,False,,False,0.010000000000001869,,9.332983516836819e-05,-80.59959002373728,2.197333333333333,-0.002666666666667261,,False,0.0,,,,,False,,
2.21,2.167333333333333,2.252666666666667,False,,False,0.010000000000006925,,9.264763149513027e-05,-80.6633135758479,2.207333333333333,-0.002666666666666817,,False,0.0,,,,,False,,
2.22,2.1773333333333333,2.2626666666666666,False,,False,0.01000000000061386,,9.333470751685329e-05,-80.59913658270747,2.217333333333333,-0.002666666666667261,,False,0.0,,,,,False,,
2.23,2.187333333333333,2.272666666666667,False,,False,0.010000000000221913,,9.469870713561255e-05,-80.47311900234257,2.227333333333333,-0.002666666666666817,,False,0.0,,,,,False,,
2.24,2.1973333333333334,2.2826666666666666,False,,False,0.010000000001606035,,9.946827691900971e-05,-80.0463081048324,2.237333333333333,-0.002666666666667261,,False,0.0,,,,,False,,
2.25,2.207333333333333,2.292666666666667,False,,False,0.01,,9.325915750948573e-05,-80.60617024441889,2.247333333333333,-0.002666666666666817,,False,0.0,,,,,False,,
2.26,2.2173333333333334,2.3026666666666666,False,,False,0.01000000000000011,,9.467709547191727e-05,-80.47510147870949,2.257333333333333,-0.002666666666666817,,False,0.0,,,,,False,,
2.27,2.227333333333333,2.312666666666667,False,,False,0.01,,9.028606558221104e-05,-80.88758543840855,2.267333333333333,-0.002666666666666817,,False,0.0,,,,,False,,
2.28,2.2373333333333334,2.3226666666666667,False,,False,0.01,,9.159990923142964e-05,-80.7620991336973,2.277333333333333,-0.002666666666666817,,False,0.0,,,,,False,,
2.29,2.247333333333333,2.332666666666667,False,,False,0.01,,9.302236272178364e-05,-80.62825267640805,2.287333333333333,-0.002666666666666817,,False,0.0,,,,,False,,
2.3,2.2573333333333334,2.3426666666666667,False,,False,0.01,,9.208020611009797e-05,-80.71667434525904,2.297333333333333,-0.002666666666666817,,False,0.0,,,,,False,,
2.31,2.267333333333333,2.3526666666666665,False,,False,0.01,,9.389576276548013e-05,-80.54708011401567,2.3073333333333332,-0.002666666666666817,,False,0.0,,,,,False,,
2.32,2.2773333333333334,2.3626666666666667,False,,False,0.01,,0.00011278584860853361,-78.95490776889295,2.317333333333333,-0.002666666666666817,,False,0.0,,,,,False,,
2.33,2.287333333333333,2.3726666666666665,False,,False,0.010000016226422836,,0.00038845023342781016,-68.21329226478414,2.3273333333333333,-0.002666666666666817,,False,0.0,,,,,False,,
2.34,2.2973333333333334,2.3826666666666667,False,,False,0.010000000101429396,,0.001278808628889202,-57.86388883889967,2.337333333333333,-0.002666666666666817,,False,0.0,,,,,False,,
2.35,2.3073333333333332,2.3926666666666665,False,,False,0.010000000000221911,,0.0028483767364400783,-50.908051398059946,2.347333333333333,-0.002666666666667261,,False,0.0,,,,,False,,
2.36,2.3173333333333335,2.4026666666666667,False,,False,0.010000000208892744,,0.0054668254524616825,-45.24529584517189,2.357333333333333,-0.002666666666666817,,False,0.0,,,,,False,,
2.37,2.3273333333333333,2.4126666666666665,False,,False,0.010000000009505967,,0.007644233325049461,-42.333321308753426,2.367333333333333,-0.002666666666667261,,False,0.0,,,,,False,,
2.38,2.3373333333333335,2.4226666666666667,False,,False,0.010000000101429396,,0.009437566287302145,-40.50279969934317,2.377333333333333,-0.002666666666666817,,False,0.0,,,,,False,,
2.39,2.3473333333333333,2.4326666666666665,False,,False,0.010000000101429395,,0.009991368989185435,-40.00750003785121,2.387333333333333,-0.002666666666667261,,False,0.0,,,,,False,,
2.4,2.3573333333333335,2.4426666666666668,False,,False,0.010000000001606035,,0.010812435317301045,-39.3215295515567,2.397333333333333,-0.002666666666666817,,False,0.0,,,,,False,,
2.41,2.3673333333333333,2.4526666666666666,False,309.19384990070745,True,0.011853505394683413,7.699999999999999,0.02784584019590366,-31.104793471132027,2.407333333333333,-0.002666666666667261,,False,0.0,,,pyin_probability_below_0.5|voicing_disagreement,,False,7.200000000000001,
2.42,2.3773333333333335,2.462666666666667,False,309.19384990070745,True,0.09203757081218103,7.699999999999999,0.04429054196852901,-27.07378010733196,2.417333333333333,-0.002666666666666817,,False,0.0,,,pyin_probability_below_0.5|voicing_disagreement,,False,7.200000000000001,
2.43,2.3873333333333333,2.4726666666666666,False,309.19384990070745,True,0.27960516533635893,7.699999999999999,0.0559157324037262,-25.04931964375901,2.427333333333333,-0.002666666666667261,,False,0.0,,,pyin_probability_below_0.5|voicing_disagreement,,False,7.200000000000001,
2.44,2.3973333333333335,2.482666666666667,False,307.41302436705854,True,0.4260623290432815,7.6,0.06690982443406004,-23.490202193449782,2.437333333333333,-0.002666666666666817,311.1028768884022,True,0.8111321017033296,3.689852521343653,-0.20656135405886142,pyin_probability_below_0.5,7.941967265275251,False,7.100000000000004,7.4871575726532225
2.45,2.4073333333333333,2.4926666666666666,False,307.41302436705854,True,0.5485250542599847,7.6,0.07781409413439842,-22.178834679633663,2.447333333333333,-0.002666666666667261,309.04080325666513,True,0.9327287728292227,1.6277788896065886,-0.09142851131618306,,7.826834422532574,True,7.100000000000004,7.372024729910542
2.46,2.417333333333333,2.502666666666667,False,307.41302436705854,True,0.4849868077159112,7.6,0.09385002361978725,-20.551312274823506,2.457333333333333,-0.002666666666666817,308.3720773858632,True,0.9764229463176731,0.9590530188046387,-0.05392616933273059,pyin_probability_below_0.5,7.789332080549121,False,7.100000000000004,7.334522387927089
2.47,2.4273333333333333,2.5126666666666666,False,305.6424556337383,True,0.37213589829750865,7.500000000000002,0.11949715515024588,-18.45284867544769,2.467333333333333,-0.002666666666667261,307.63053023261097,True,0.9870351431585122,1.9880745988726858,-0.11224477756730289,pyin_probability_below_0.5,7.747650688783692,False,7.0000000000000036,7.292840996161663
2.48,2.437333333333333,2.522666666666667,False,303.8820846259238,True,0.5485250542599844,7.399999999999999,0.1400590109486237,-17.07377889648362,2.477333333333333,-0.002666666666666817,305.9651602811776,True,0.9886738560668128,2.083075655253765,-0.11826914219987437,,7.65367505341626,True,6.900000000000004,7.19886536079423
2.49,2.4473333333333334,2.5326666666666666,False,302.13185260903833,True,0.6159498854580681,7.3000000000000025,0.14641458326998685,-16.688313285462407,2.487333333333333,-0.002666666666667261,304.03562891192604,True,0.9825320574315696,1.9037763028877066,-0.10874529876986702,,7.544151209986258,True,6.800000000000004,7.089341517364227
2.5,2.457333333333333,2.542666666666667,False,300.391701186791,True,0.6159498854580681,7.200000000000001,0.1483431820237672,-16.574648188493153,2.497333333333333,-0.002666666666666817,301.9512019545669,True,0.9742523026712557,1.5595007677758872,-0.08964551079632135,,7.425051422012709,True,6.700000000000005,6.97024172939068
2.51,2.4673333333333334,2.5526666666666666,False,300.391701186791,True,0.6860828109301793,7.200000000000001,0.15081956814992156,-16.430846141712458,2.507333333333333,-0.002666666666666817,300.7379418262826,True,0.9606447217751107,0.34624063949161155,-0.01994324044782144,,7.355349151664211,True,6.700000000000005,6.900539459042182
2.52,2.477333333333333,2.562666666666667,False,302.13185260903833,True,0.5485250542599844,7.3000000000000025,0.1540895249280192,-16.244537676064557,2.517333333333333,-0.002666666666666817,298.73602095581424,True,0.9486463360244696,3.395831653224093,0.19568501609949832,,7.23972089511689,True,6.800000000000004,6.784911202494859
2.53,2.4873333333333334,2.5726666666666667,False,302.13185260903833,True,0.3233360583906408,7.3000000000000025,0.15572498147147787,-16.15283424254381,2.527333333333333,-0.002666666666666817,295.80451585135404,True,0.9559423273384582,6.327336757684293,0.366410551763527,pyin_probability_below_0.5,7.068995359452865,False,6.800000000000004,6.614185666830837
2.54,2.497333333333333,2.582666666666667,False,303.8820846259238,True,0.09203757081218102,7.399999999999999,0.15527429894170505,-16.178008458062507,2.537333333333333,-0.002666666666666817,297.384931346372,True,0.9411014116632624,6.49715327955181,0.37416091369479176,pyin_probability_below_0.5,7.161244997521592,False,6.900000000000004,6.706435304899564
2.55,2.5073333333333334,2.5926666666666667,False,309.19384990070745,True,0.030106861794195007,7.699999999999999,0.14436005206522975,-16.81105939957703,2.547333333333333,-0.002666666666666817,306.18433622270476,True,0.9243532793759943,3.0095136780026905,0.16933372699827037,pyin_probability_below_0.5,7.666072184218115,False,7.200000000000001,7.211262491596086
2.56,2.517333333333333,2.6026666666666665,False,323.816901813294,True,0.013100262550513395,8.500000000000002,0.12405290235885652,-18.127861409183186,2.5573333333333332,-0.002666666666666817,318.53547658960383,True,0.9193091947534784,5.281425223690178,0.2846907562191241,pyin_probability_below_0.5,8.350715154997268,False,8.000000000000007,7.895905462375238
2.57,2.5273333333333334,2.6126666666666667,False,331.3857631030082,True,0.013980210380185928,8.900000000000002,0.11150167666262203,-19.054372040684125,2.567333333333333,-0.002666666666666817,331.44799781916333,True,0.909596370869668,0.062234716155160186,-0.0032509768304053955,pyin_probability_below_0.5,9.038656888046795,False,8.400000000000004,8.583847195424765
2.58,2.537333333333333,2.6226666666666665,False,333.30546129938955,True,0.018187375734912182,9.000000000000002,0.10893624206651167,-19.256552210030843,2.5773333333333333,-0.002666666666666817,341.31882636855124,True,0.9088754326669243,8.013365069161694,-0.4113004297771853,pyin_probability_below_0.5,9.546706340993573,False,8.500000000000004,9.091896648371545
2.59,2.5473333333333334,2.6326666666666667,False,339.1315381390467,True,0.04069733156888106,9.299999999999999,0.10364930749206677,-19.68867190389228,2.587333333333333,-0.002666666666666817,350.06981084290715,True,0.8701361580038633,10.938272703860434,-0.5495723529780805,pyin_probability_below_0.5,9.984978264194467,False,8.800000000000004,9.530168571572439
2.6,2.5573333333333332,2.6426666666666665,False,347.05836208420885,True,0.108579770728745,9.699999999999996,0.09457393285341748,-20.48457100937197,2.597333333333333,-0.002666666666667261,361.5948303689726,True,0.8867713202559715,14.536468284763771,-0.7103491455512969,pyin_probability_below_0.5,10.545755056767682,False,9.199999999999998,10.090945364145652
2.61,2.5673333333333335,2.6526666666666667,False,353.1248353951036,True,0.2065067991177523,10.000000000000004,0.08615685593933758,-21.29420315639052,2.607333333333333,-0.002666666666666817,364.6911307600241,True,0.9121939724909347,11.566295364920506,-0.5579618883364803,pyin_probability_below_0.5,10.69336779955287,False,9.500000000000005,10.238558106930842
2.62,2.5773333333333333,2.6626666666666665,False,357.22794833910325,True,0.24075439447557428,10.200000000000003,0.07938524323301462,-22.005204404378368,2.617333333333333,-0.002666666666667261,364.8264827751163,True,0.8910610688558398,7.59853443601304,-0.36438602438141043,pyin_probability_below_0.5,10.699791935597801,False,9.700000000000006,10.244982242975773
2.63,2.5873333333333335,2.6726666666666667,False,361.3787371590077,True,0.2065067991177523,10.400000000000004,0.06892766536340438,-23.232128623344668,2.627333333333333,-0.002666666666666817,366.29296437326485,True,0.8875586760639625,4.914227214257153,-0.23383640734481204,pyin_probability_below_0.5,10.769242318561203,False,9.900000000000007,10.314432625939174
2.64,2.5973333333333333,2.6826666666666665,False,361.3787371590077,True,0.1504646013433388,10.400000000000004,0.06499522321879718,-23.74237120743485,2.637333333333333,-0.002666666666667261,364.50018306616676,True,0.9205212220467273,3.121445907159057,-0.14889499051461413,pyin_probability_below_0.5,10.684300901731007,False,9.900000000000007,10.229491209108975
2.65,2.6073333333333335,2.6926666666666668,False,359.2973487916218,True,0.07797523762294818,10.3,0.061190122505528084,-24.26637354648651,2.647333333333333,-0.002666666666666817,351.7107318891423,True,0.8218637394122862,7.586616902479477,0.3694671931104977,pyin_probability_below_0.5,10.06593871810589,False,9.800000000000004,9.61112902548386
2.66,2.6173333333333333,2.7026666666666666,False,,False,0.010824463728234167,,0.05736900486397886,-24.82645366849414,2.657333333333333,-0.002666666666667261,325.05651166569965,True,0.811489161228373,,,voicing_disagreement,8.70155309340155,False,,8.246743400779518
2.67,2.6273333333333335,2.712666666666667,False,,False,0.01000419105279527,,0.060376425400015525,-24.382652061105496,2.667333333333333,-0.002666666666666817,302.50573381451915,True,0.803082519560136,,,voicing_disagreement,7.456816288945685,False,,7.002006596323654
2.68,2.6373333333333333,2.7226666666666666,False,,False,0.011853505394683413,,0.06313936406579476,-23.99399593196346,2.677333333333333,-0.002666666666667261,276.59045785331335,True,0.795292894952858,,,voicing_disagreement,5.906283058615315,False,,5.4514733659932855
2.69,2.6473333333333335,2.732666666666667,False,254.06159179290393,True,0.047686993082531035,4.299999999999999,0.06436061419472952,-23.82759640143248,2.687333333333333,-0.002666666666666817,257.96067834578406,True,0.9078149585926695,3.899086552880135,-0.2636745422721254,pyin_probability_below_0.5,4.69908045348851,False,3.8000000000000007,4.244270760866482
2.7,2.6573333333333333,2.7426666666666666,False,245.40732129724032,True,0.2796051653363589,3.7000000000000015,0.06584321562715928,-23.6297793472192,2.697333333333333,-0.002666666666667261,250.1669351117996,True,0.9407218615741274,4.7596138145592874,-0.33255395171229746,pyin_probability_below_0.5,4.167959862928683,False,3.2000000000000033,3.7131501703066547
2.71,2.667333333333333,2.752666666666667,False,242.58857779956992,True,0.48498680771591124,3.4999999999999982,0.06995808064081004,-23.10324228533655,2.707333333333333,-0.002666666666666817,243.1155766835863,True,0.959821747889122,0.5269988840163933,-0.03756849767245432,pyin_probability_below_0.5,3.672974408888842,False,3.0000000000000027,3.2181647162668128
2.72,2.6773333333333333,2.7626666666666666,False,243.99387913449723,True,0.42606232904328145,3.6000000000000005,0.07934854639471349,-22.009220495646346,2.717333333333333,-0.002666666666667261,237.94405815563923,True,0.9732841873570676,6.049820978858008,0.43467033654566206,pyin_probability_below_0.5,3.3007355746707283,False,3.100000000000006,2.845925882048698
2.73,2.687333333333333,2.772666666666667,False,243.99387913449723,True,0.2065067991177523,3.6000000000000005,0.09858010907625432,-20.124214112915983,2.727333333333333,-0.002666666666666817,233.9350398968495,True,0.9817960338391472,10.058839237647732,0.7288438202854913,pyin_probability_below_0.5,3.006562090930898,False,3.100000000000006,2.5517523983088664
2.74,2.6973333333333334,2.7826666666666666,False,243.99387913449723,True,0.3721358982975087,3.6000000000000005,0.1124670385685387,-18.979494807102824,2.737333333333333,-0.002666666666667261,238.87353325106406,True,0.9689916293103037,5.120345883433174,0.3671753027991169,pyin_probability_below_0.5,3.368230608417275,False,3.100000000000006,2.913420915795243
2.75,2.707333333333333,2.792666666666667,False,241.19137040474044,True,0.10857977072874497,3.3999999999999977,0.11842805368861539,-18.530908161889613,2.747333333333333,-0.002666666666666817,243.5853020002918,True,0.9784725517246933,2.3939315955513507,-0.17098552032822567,pyin_probability_below_0.5,3.706391431544613,False,2.9,3.2515817389225843
2.76,2.7173333333333334,2.8026666666666666,False,235.68255189130872,True,0.026168028608935755,2.999999999999999,0.12787844159272543,-17.864053299086738,2.757333333333333,-0.002666666666666817,243.7938565897887,True,0.9571846061064054,8.111304698479984,-0.5858017808145388,pyin_probability_below_0.5,3.7212076920309287,False,2.500000000000002,3.266397999408899
2.77,2.727333333333333,2.812666666666667,False,232.97550689710764,True,0.015085587297504338,2.8000000000000003,0.13324582682245947,-17.50692767850195,2.767333333333333,-0.002666666666666817,244.15723672873233,True,0.8912197338429649,11.181729831624693,-0.8115869955298753,pyin_probability_below_0.5,3.7469929067462617,False,2.3000000000000034,3.292183214124233
2.78,2.7373333333333334,2.8226666666666667,False,230.29955496661373,True,0.010349055133375844,2.5999999999999974,0.1383621063229863,-17.179656704548844,2.777333333333333,-0.002666666666666817,237.36824695794,True,0.7595768198948635,7.068691991326261,-0.523384002539353,pyin_probability_below_0.5,3.2587899137557397,False,2.100000000000002,2.803980221133708
2.79,2.747333333333333,2.832666666666667,False,230.29955496661373,True,0.010052967545965857,2.5999999999999974,0.13864553374068025,-17.1618823202105,2.787333333333333,-0.002666666666666817,220.91839725719413,True,0.8178413256663891,9.381157709419597,0.7199766877797177,pyin_probability_below_0.5,2.0154292234366658,False,2.100000000000002,1.5606195308146358
2.8,2.7573333333333334,2.8426666666666667,False,226.34314645699226,True,0.010037765502929688,2.3000000000000003,0.1380759993312651,-17.19763609734068,2.797333333333333,-0.002666666666666817,217.3986022055282,True,0.79375112275337,8.944544251464066,0.6980275063991072,pyin_probability_below_0.5,1.737378404817278,False,1.800000000000001,1.282568712195249
2.81,2.767333333333333,2.8526666666666665,False,219.8995964441766,True,0.010073751764282884,1.800000000000001,0.1316689611081081,-17.610331821675448,2.8073333333333332,-0.002666666666666817,209.83566564330903,True,0.6925323022272116,10.063930800867581,0.8110205257426808,pyin_probability_below_0.5,1.1243853854737074,False,1.300000000000003,0.6695756928516776
2.82,2.7773333333333334,2.8626666666666667,False,216.12185299712482,True,0.010467533617069905,1.5000000000000004,0.11483251589759072,-18.798702399841847,2.817333333333333,-0.002666666666666817,201.5741075799817,True,0.6804042680760409,14.547745417143119,1.2064154597164887,pyin_probability_below_0.5|pitch_difference_over_1_semitone,0.42899045149989695,False,1.0000000000000044,-0.02581924112213152
2.83,2.787333333333333,2.8726666666666665,False,214.87708272009507,True,0.010191075496968311,1.400000000000004,0.1089338924182267,-19.25673955820264,2.8273333333333333,-0.002666666666666817,196.8444145419273,True,0.603150674917577,18.032668178167768,1.5174701595808342,pyin_probability_below_0.5|pitch_difference_over_1_semitone,0.017935751635555514,False,0.9000000000000058,-0.43687394098647364
2.84,2.7973333333333334,2.8826666666666667,False,205.1735783080468,True,0.010037765502929686,0.6000000000000013,0.09717606694443741,-20.248813646702043,2.837333333333333,-0.002666666666666817,192.30191933401846,True,0.5309987764031663,12.87165897402835,1.121661534408594,pyin_probability_below_0.5|pitch_difference_over_1_semitone,-0.3862556231922045,False,0.100000000000004,-0.8410653158142325
2.85,2.8073333333333332,2.8926666666666665,False,198.18461302324906,True,0.010052967545965857,0.0,0.08163787326187527,-21.762166351207192,2.847333333333333,-0.002666666666667261,189.313685702191,True,0.5501890169702546,8.870927321058048,0.7927949724726904,pyin_probability_below_0.5,-0.6573890612563013,False,-0.4999999999999962,-1.11219875387833
2.86,2.8173333333333335,2.9026666666666667,False,192.54268179725335,True,0.010467533617069905,-0.5000000000000001,0.07023062224979418,-23.069469673549587,2.857333333333333,-0.002666666666666817,187.32086262817336,True,0.5255979108257488,5.221819169079993,0.4760004362959864,pyin_probability_below_0.5,-0.8405945250796,False,-0.9999999999999974,-1.2954042177016296
2.87,2.8273333333333333,2.9126666666666665,False,189.23491376948436,True,0.011085791888943373,-0.7999999999999988,0.06133162110761363,-24.24631111916826,2.867333333333333,-0.002666666666667261,185.04038592062096,True,0.6331790182825796,4.194527848863402,0.3880573193122038,pyin_probability_below_0.5,-1.0526514080958143,False,-1.2999999999999963,-1.5074611007178425
2.88,2.8373333333333335,2.9226666666666667,False,187.0613654014066,True,0.015085587297504338,-1.0000000000000013,0.055776852089684,-25.070919998121326,2.877333333333333,-0.002666666666666817,183.95807796325363,True,0.8192762647593708,3.103287438152961,0.28961512749044943,pyin_probability_below_0.5,-1.1542092162740627,False,-1.4999999999999982,-1.6090189088960924
2.89,2.8473333333333333,2.9326666666666665,False,184.9127823656466,True,0.03010686179419501,-1.2000000000000002,0.049425132374547105,-26.12104317697437,2.887333333333333,-0.002666666666667261,182.72714705908646,True,0.8695397068056263,2.1856353065601297,0.20584765352335876,pyin_probability_below_0.5,-1.2704417423069692,False,-1.699999999999997,-1.7252514349289985
2.9,2.8573333333333335,2.9426666666666668,False,182.78887791090543,True,0.056071395445892624,-1.4000000000000004,0.04551460211890418,-26.836984988929178,2.897333333333333,-0.002666666666666817,179.75002000272352,True,0.8966189745384514,3.0388579081819103,0.290236304538917,pyin_probability_below_0.5,-1.5548303933225267,False,-1.8999999999999964,-2.0096400859445565
2.91,2.8673333333333333,2.9526666666666666,False,181.73609144327253,True,0.1504646013433388,-1.5000000000000004,0.042442527296618536,-27.44397526718766,2.907333333333333,-0.002666666666667261,176.93994889478566,True,0.8930694664576789,4.79614254848687,0.4630217405316639,pyin_probability_below_0.5,-1.827615829315275,False,-1.9999999999999962,-2.2824255219373057
2.92,2.8773333333333335,2.962666666666667,False,178.6139741695516,True,0.04768699308253103,-1.799999999999999,0.04161205514072571,-27.615616693881016,2.917333333333333,-0.002666666666666817,174.2156142259455,True,0.8817089158496744,4.398359943606096,0.43165228869248595,pyin_probability_below_0.5,-2.0962463774760964,False,-2.2999999999999954,-2.551056070098126
2.93,2.8873333333333333,2.9726666666666666,False,166.65273064969477,True,0.015085587297504338,-2.9999999999999987,0.041647068430925305,-27.608311270056674,2.927333333333333,-0.002666666666667261,172.255174867396,True,0.8722151810522137,5.602444217701219,-0.5724284189874186,pyin_probability_below_0.5,-2.2921656697961907,False,-3.4999999999999964,-2.7469753624182216
2.94,2.8973333333333335,2.982666666666667,False,163.7897364863335,True,0.012403124793551348,-3.3000000000000007,0.04095771553172899,-27.75328549359001,2.937333333333333,-0.002666666666666817,170.4687320032899,True,0.8909562467550742,6.678995516956377,-0.6919461904933755,pyin_probability_below_0.5,-2.472647898290237,False,-3.799999999999998,-2.9274575909122653
2.95,2.9073333333333333,2.9926666666666666,False,161.90845090664698,True,0.010140046044704067,-3.500000000000001,0.04249805656686336,-27.432618595033972,2.947333333333333,-0.002666666666667261,169.04207769000618,True,0.7844992137619649,7.133626783359205,-0.7464493762338182,pyin_probability_below_0.5,-2.618144712549795,False,-3.9999999999999964,-3.0729544051718234
2.96,2.917333333333333,3.002666666666667,False,160.04877373483913,True,0.01001876450976914,-3.6999999999999984,0.04322278854539391,-27.285744355344093,2.957333333333333,-0.002666666666666817,165.73612429179857,True,0.5334429552800292,5.687350556959444,-0.604517607299161,pyin_probability_below_0.5,-2.9600764814844496,False,-4.199999999999994,-3.414886174106478
2.97,2.9273333333333333,3.0126666666666666,False,157.29923159850804,True,0.010009025493342986,-3.999999999999999,0.04532899792552228,-26.872477633044845,2.967333333333333,-0.002666666666667261,163.39746193201856,True,0.5751351839643599,6.098230333510514,-0.6584874106510382,pyin_probability_below_0.5,-3.206106678132574,False,-4.4999999999999964,-3.6609163707546024
2.98,2.937333333333333,3.022666666666667,False,156.39325469067515,True,0.010037765502929688,-4.100000000000002,0.046316975245384,-26.685196203717627,2.977333333333333,-0.002666666666666817,160.03057307526652,True,0.6385155492467622,3.6373183845913672,-0.39803113809650553,pyin_probability_below_0.5,-3.566562950687107,False,-4.599999999999999,-4.021372643309137
2.99,2.9473333333333334,3.0326666666666666,False,156.39325469067515,True,0.01002672467381077,-4.100000000000002,0.048069208252122755,-26.362660621527716,2.987333333333333,-0.002666666666667261,156.807801290467,True,0.7413660941515073,0.41454659979186204,-0.04582855605818905,pyin_probability_below_0.5,-3.9187655327254256,False,-4.599999999999999,-4.373575225347453
3.0,2.957333333333333,3.042666666666667,False,156.39325469067515,True,0.010140046044704068,-4.100000000000002,0.04779011000950237,-26.413239395248553,2.997333333333333,-0.002666666666666817,155.12735649609064,True,0.848901908718609,1.2658981945845085,0.14070196587905243,pyin_probability_below_0.5,-4.1052960546626664,False,-4.599999999999999,-4.560105747284696
3.01,2.9673333333333334,3.0526666666666666,False,155.49249582586248,True,0.018187375734912182,-4.200000000000002,0.045396829679683545,-26.859489507040713,3.007333333333333,-0.002666666666666817,154.5885782930259,True,0.9087649185022799,0.903917532836573,0.10093471506352933,pyin_probability_below_0.5,-4.1655288038471445,False,-4.7,-4.620338496469173
3.02,2.977333333333333,3.062666666666667,False,155.49249582586248,True,0.04768699308253103,-4.200000000000002,0.044663028801484296,-27.001036575954814,3.017333333333333,-0.002666666666666817,154.54138067359122,True,0.8272041788015705,0.9511151522712566,0.10622117301204231,pyin_probability_below_0.5,-4.170815261795656,False,-4.7,-4.625624954417686
3.03,2.9873333333333334,3.0726666666666667,False,154.59692495035372,True,0.09203757081218102,-4.300000000000001,0.04193603697764083,-27.54825226905104,3.027333333333333,-0.002666666666666817,154.14348772617328,True,0.6091338269183328,0.45343722418044763,0.05085220423375025,pyin_probability_below_0.5,-4.215446293017363,False,-4.799999999999998,-4.670255985639393
3.04,2.997333333333333,3.082666666666667,False,154.59692495035372,True,0.10857977072874499,-4.300000000000001,0.0399989733925031,-27.959023101287,3.037333333333333,-0.002666666666666817,154.01477341312608,True,0.6369555150961457,0.5821515372276451,0.06531455312451431,pyin_probability_below_0.5,-4.22990864190813,False,-4.799999999999998,-4.68471833453016
3.05,3.0073333333333334,3.0926666666666667,False,154.59692495035372,True,0.06608151270920702,-4.300000000000001,0.03708043746319126,-28.617103016586793,3.047333333333333,-0.002666666666666817,155.67998016217368,True,0.8532559447897208,1.0830552118199535,-0.1208616976764418,pyin_probability_below_0.5,-4.043732391107171,False,-4.799999999999998,-4.4985420837292
3.06,3.017333333333333,3.1026666666666665,False,153.70651218352927,True,0.0229442191246386,-4.4,0.03507499555528251,-29.100047506671395,3.0573333333333332,-0.002666666666666817,155.15083924277212,True,0.915953085924029,1.4443270592428519,-0.16191852961540842,pyin_probability_below_0.5,-4.102675559168203,False,-4.899999999999995,-4.557485251790233
3.07,3.0273333333333334,3.1126666666666667,False,149.33078614961454,True,0.013980210380185928,-4.9,0.03613395379576611,-28.841690302137067,3.067333333333333,-0.002666666666666817,153.3537802070645,True,0.8953786410506667,4.022994057449949,-0.4602252787746626,pyin_probability_below_0.5,-4.304368810008952,False,-5.399999999999998,-4.75917850263098
3.08,3.037333333333333,3.1226666666666665,False,145.9200662802185,True,0.013100262550513395,-5.299999999999999,0.03539794031400241,-29.02044014721699,3.0773333333333333,-0.002666666666666817,148.55573477530154,True,0.8974703281675328,2.6356684950830527,-0.30991211333680607,pyin_probability_below_0.5,-4.8546819754468045,False,-5.799999999999995,-5.309491668068835
3.09,3.0473333333333334,3.1326666666666667,False,144.24403136881983,True,0.01000419105279527,-5.500000000000001,0.03813495836607227,-28.37353446833998,3.087333333333333,-0.002666666666666817,147.58335714536824,True,0.8536355688186953,3.3393257765484066,-0.39622098931068994,pyin_probability_below_0.5,-4.968373099472922,False,-5.999999999999998,-5.423182792094954
3.1,3.0573333333333332,3.1426666666666665,False,143.41324688128702,True,0.010000078102280322,-5.600000000000001,0.03846726612631584,-28.298173559252437,3.0973333333333333,-0.002666666666666817,146.72734720789094,True,0.5591360930784661,3.3141003266039206,-0.39551396730496985,pyin_probability_below_0.5,-5.0690801214786445,False,-6.1,-5.5238898141006745
3.11,3.0673333333333335,3.1526666666666667,False,141.7660052464835,True,0.0100000470079773,-5.799999999999998,0.037742761648907,-28.46332651108412,3.107333333333333,-0.002666666666666817,143.64648093371065,True,0.6229354637028323,1.8804756872271469,-0.22813232109448245,pyin_probability_below_0.5,-5.436461767689129,False,-6.299999999999997,-5.891271460311158
3.12,3.0773333333333333,3.1626666666666665,False,140.9494931391844,True,0.01000000928748663,-5.899999999999999,0.03690455965426274,-28.658399446277215,3.117333333333333,-0.002666666666667261,139.79172185278767,True,0.5331843949511226,1.1577712863967236,0.1427923174835311,pyin_probability_below_0.5,-5.907386406267143,False,-6.399999999999996,-6.3621960988891715
3.13,3.0873333333333335,3.1726666666666667,False,,False,0.01000000928748663,,0.03654706057377687,-28.742950939333838,3.127333333333333,-0.002666666666666817,134.00595172469258,True,0.5972470769989768,,,voicing_disagreement,-6.639168634287127,False,,-7.093978326909157
3.14,3.0973333333333333,3.1826666666666665,False,137.7302022667084,True,0.01000020633903134,-6.299999999999997,0.03553423428664463,-28.987060771262577,3.137333333333333,-0.002666666666667261,131.24074509951654,True,0.6267458195118136,6.489457167191858,0.8355512029386606,pyin_probability_below_0.5,-7.000145291722269,False,-6.799999999999994,-7.454954984344299
3.15,3.1073333333333335,3.1926666666666668,False,135.36407982952485,True,0.01000419105279527,-6.599999999999998,0.03255766182292451,-29.74693584338647,3.147333333333333,-0.002666666666666817,129.54678588667235,True,0.5198444400371384,5.817293942852501,0.7604608143614562,pyin_probability_below_0.5,-7.225054903145066,False,-7.099999999999993,-7.679864595767096
3.16,3.1173333333333333,3.2026666666666666,False,132.2723599733492,True,0.011422334250709076,-7.0000000000000036,0.027514120823080145,-31.208887198604845,3.157333333333333,-0.002666666666667261,128.64024174290853,True,0.6437954494748214,3.632118230440682,0.4820352058186547,pyin_probability_below_0.5,-7.346629294602269,False,-7.5,-7.801438987224297
3.17,3.1273333333333335,3.212666666666667,False,130.0,True,0.016467587593113005,-7.300000000000001,0.023930958016685898,-32.42079830267304,3.167333333333333,-0.002666666666666817,128.81396450985952,True,0.7286139478033681,1.1860354901404833,0.1586714535407398,pyin_probability_below_0.5,-7.323265542324353,False,-7.799999999999996,-7.778075234946382
3.18,3.1373333333333333,3.2226666666666666,False,125.57172276022992,True,0.010622609040911533,-7.900000000000002,0.018676213406954755,-34.57422344345033,3.177333333333333,-0.002666666666667261,127.97996831571184,True,0.7069869596145851,2.408245555481926,-0.32887669304809897,pyin_probability_below_0.5,-7.435717395735512,False,-8.399999999999997,-7.890527088357544
3.19,3.1473333333333335,3.232666666666667,False,128.5068226458765,True,0.016467587593113005,-7.5,0.014132950066924234,-36.995343508873745,3.187333333333333,-0.002666666666666817,127.15228865667392,True,0.5384892888681434,1.3545339892025794,0.18345032128329597,pyin_probability_below_0.5,-7.548044410066909,False,-7.9999999999999964,-8.00285410268894
3.2,3.1573333333333333,3.2426666666666666,False,128.5068226458765,True,0.026168028608935752,-7.5,0.011634893221742939,-38.68475196120316,3.197333333333333,-0.002666666666667261,125.34694831340474,True,0.5733123612974845,3.159874332471759,0.4310170046835486,pyin_probability_below_0.5,-7.795611093467162,False,-7.9999999999999964,-8.25042078608919
3.21,3.167333333333333,3.252666666666667,False,127.76667781088264,True,0.011853505394683413,-7.600000000000001,0.008941382445423522,-40.97190657709522,3.207333333333333,-0.002666666666666817,,False,0.0,,,pyin_probability_below_0.5|voicing_disagreement,,False,-8.099999999999996,
3.22,3.1773333333333333,3.2626666666666666,False,127.03079589645196,True,0.010191075496968311,-7.700000000000001,0.006960785230021364,-43.146835317473574,3.217333333333333,-0.002666666666667261,,False,0.0,,,pyin_probability_below_0.5|voicing_disagreement,,False,-8.2,
3.23,3.187333333333333,3.272666666666667,False,126.29915234996876,True,0.010467533617069905,-7.799999999999999,0.00576739571396856,-44.78040499294697,3.227333333333333,-0.002666666666666817,,False,0.0,,,pyin_probability_below_0.5|voicing_disagreement,,False,-8.299999999999999,
3.24,3.1973333333333334,3.2826666666666666,False,130.75308233882095,True,0.010824463728234167,-7.200000000000001,0.0050731869440483164,-45.89438267767041,3.237333333333333,-0.002666666666667261,,False,0.0,,,pyin_probability_below_0.5|voicing_disagreement,,False,-7.6999999999999975,
3.25,3.207333333333333,3.292666666666667,False,126.29915234996876,True,0.010259050559778861,-7.799999999999999,0.004214112721050545,-47.50587703722797,3.247333333333333,-0.002666666666666817,,False,0.0,,,pyin_probability_below_0.5|voicing_disagreement,,False,-8.299999999999999,
3.26,3.2173333333333334,3.3026666666666666,False,133.80929076365396,True,0.011085791888943373,-6.8,0.0033433625983700544,-49.5163304045432,3.257333333333333,-0.002666666666666817,,False,0.0,,,pyin_probability_below_0.5|voicing_disagreement,,False,-7.299999999999998,
3.27,3.227333333333333,3.312666666666667,False,119.9011051661721,True,0.010101974593744989,-8.7,0.0025139078383835103,-51.993012957942774,3.267333333333333,-0.002666666666666817,,False,0.0,,,pyin_probability_below_0.5|voicing_disagreement,,False,-9.199999999999996,
3.28,3.2373333333333334,3.3226666666666667,False,122.70366064862014,True,0.010037765502929686,-8.3,0.0019007973216330508,-54.421283773043726,3.277333333333333,-0.002666666666666817,,False,0.0,,,pyin_probability_below_0.5|voicing_disagreement,,False,-8.8,
3.29,3.247333333333333,3.332666666666667,False,119.21052561660726,True,0.010622609040911533,-8.8,0.0015426351983736713,-56.234735270891406,3.287333333333333,-0.002666666666666817,,False,0.0,,,pyin_probability_below_0.5|voicing_disagreement,,False,-9.299999999999997,
3.3,3.2573333333333334,3.3426666666666667,False,117.16256013940793,True,0.011085791888943375,-9.1,0.0012250547034254888,-58.23689035879888,3.297333333333333,-0.002666666666666817,,False,0.0,,,pyin_probability_below_0.5|voicing_disagreement,,False,-9.6,
3.31,3.267333333333333,3.3526666666666665,False,117.84127594565435,True,0.010467533617069905,-9.0,0.0009330734598361533,-60.60168326771527,3.3073333333333332,-0.002666666666666817,,False,0.0,,,pyin_probability_below_0.5|voicing_disagreement,,False,-9.499999999999998,
3.32,3.2773333333333334,3.3626666666666667,False,122.70366064862014,True,0.010259050559778863,-8.3,0.0006746795895408293,-63.41804855912529,3.317333333333333,-0.002666666666666817,,False,0.0,,,pyin_probability_below_0.5|voicing_disagreement,,False,-8.8,
3.33,3.287333333333333,3.3726666666666665,False,115.81683335824411,True,0.010013068846238975,-9.3,0.0004646043464949853,-66.65833463156983,3.3273333333333333,-0.002666666666666817,,False,0.0,,,pyin_probability_below_0.5|voicing_disagreement,,False,-9.799999999999997,
3.34,3.2973333333333334,3.3826666666666667,False,124.12940850835416,True,0.010000001546554295,-8.1,0.0002960851595024107,-70.57166719890311,3.337333333333333,-0.002666666666666817,,False,0.0,,,pyin_probability_below_0.5|voicing_disagreement,,False,-8.599999999999996,
3.35,3.3073333333333332,3.3926666666666665,False,,False,0.010000000417925077,,0.0002461024896715096,-72.17767985555555,3.3473333333333333,-0.002666666666666817,,False,0.0,,,,,False,,
3.36,3.3173333333333335,3.4026666666666667,False,,False,0.01000000521622945,,0.00021861358652903618,-73.20645701504296,3.357333333333333,-0.002666666666666817,,False,0.0,,,,,False,,
3.37,3.3273333333333333,3.4126666666666665,False,,False,0.010000078102280324,,0.00019316201850489006,-74.28156529913075,3.367333333333333,-0.002666666666667261,,False,0.0,,,,,False,,
3.38,3.3373333333333335,3.4226666666666667,False,,False,0.010000027850262286,,0.0001750973055097234,-75.13441074038276,3.377333333333333,-0.002666666666666817,,False,0.0,,,,,False,,
3.39,3.3473333333333333,3.4326666666666665,False,,False,0.010000000000023851,,0.0001404485785370489,-77.04965303763395,3.387333333333333,-0.002666666666667261,,False,0.0,,,,,False,,
3.4,3.3573333333333335,3.4426666666666668,False,,False,0.010000000417925075,,0.00013098361750327604,-77.65566038808234,3.397333333333333,-0.002666666666666817,,False,0.0,,,,,False,,
3.41,3.3673333333333333,3.4526666666666666,False,,False,0.010000000208892742,,0.00013200296063949508,-77.58832656149265,3.407333333333333,-0.002666666666667261,,False,0.0,,,,,False,,
3.42,3.3773333333333335,3.462666666666667,False,,False,0.01000000020889274,,0.0001262322246842586,-77.97659527646944,3.417333333333333,-0.002666666666666817,,False,0.0,,,,,False,,
3.43,3.3873333333333333,3.4726666666666666,False,,False,0.01000000000950597,,0.00011847844203551705,-78.52721330645312,3.427333333333333,-0.002666666666667261,,False,0.0,,,,,False,,
3.44,3.3973333333333335,3.482666666666667,False,,False,0.010000000003996621,,0.00011805451891517287,-78.55834768507026,3.437333333333333,-0.002666666666666817,,False,0.0,,,,,False,,
3.45,3.4073333333333333,3.4926666666666666,False,,False,0.010000000047726025,,0.00011980670007716745,-78.43037787513171,3.447333333333333,-0.002666666666667261,,False,0.0,,,,,False,,
3.46,3.417333333333333,3.502666666666667,False,,False,0.010000000814014904,,0.00011692821078797447,-78.64161391509354,3.457333333333333,-0.002666666666666817,,False,0.0,,,,,False,,
3.47,3.4273333333333333,3.5126666666666666,False,,False,0.010000000009505967,,0.00011465727699006632,-78.81196753105087,3.467333333333333,-0.002666666666667261,,False,0.0,,,,,False,,
3.48,3.437333333333333,3.522666666666667,False,,False,0.010000000047726025,,0.000108438263538394,-79.29634891104749,3.477333333333333,-0.002666666666666817,,False,0.0,,,,,False,,
3.49,3.4473333333333334,3.5326666666666666,False,,False,0.010000000000023851,,9.784229073967146e-05,-80.18946775803872,3.487333333333333,-0.002666666666667261,,False,0.0,,,,,False,,
3.5,3.457333333333333,3.542666666666667,False,,False,0.010000000000006925,,0.00010544033020847514,-79.53986485327633,3.497333333333333,-0.002666666666666817,,False,0.0,,,,,False,,
3.51,3.4673333333333334,3.5526666666666666,False,,False,0.010000000021701592,,0.0001108766877385173,-79.10319512765597,3.507333333333333,-0.002666666666666817,,False,0.0,,,,,False,,
3.52,3.477333333333333,3.562666666666667,False,,False,0.010000047007977303,,0.00011790226628683978,-78.56955693857158,3.517333333333333,-0.002666666666666817,,False,0.0,,,,,False,,
3.53,3.4873333333333334,3.5726666666666667,False,,False,0.010000000000006925,,0.00016824109704498966,-75.48135816841378,3.527333333333333,-0.002666666666666817,,False,0.0,,,,,False,,
3.54,3.497333333333333,3.582666666666667,False,,False,0.01000000002170159,,0.0031763045127645344,-49.96155736750729,3.537333333333333,-0.002666666666666817,,False,0.0,,,,,False,,
3.55,3.5073333333333334,3.5926666666666667,False,,False,0.01000419105279527,,0.016241861707580223,-35.78728383319146,3.547333333333333,-0.002666666666666817,,False,0.0,,,,,False,,
3.56,3.517333333333333,3.6026666666666665,False,161.90845090664698,True,0.0100000470079773,-3.500000000000001,0.02625673807059845,-31.615184564117197,3.5573333333333332,-0.002666666666666817,,False,0.0,,,pyin_probability_below_0.5|voicing_disagreement,,False,-3.9999999999999964,
3.57,3.5273333333333334,3.6126666666666667,False,159.12696062960518,True,0.010000002871100368,-3.8,0.03269057843015758,-29.711547898087858,3.567333333333333,-0.002666666666666817,,False,0.0,,,pyin_probability_below_0.5|voicing_disagreement,,False,-4.299999999999998,
3.58,3.537333333333333,3.6226666666666665,False,150.19585059339548,True,0.010000002871100368,-4.800000000000001,0.03906494098422892,-28.16425654893276,3.5773333333333333,-0.002666666666666817,,False,0.0,,,pyin_probability_below_0.5|voicing_disagreement,,False,-5.299999999999999,
3.59,3.5473333333333334,3.6326666666666667,False,149.33078614961454,True,0.010000127845232541,-4.9,0.0428267969968985,-27.365688102817703,3.587333333333333,-0.002666666666666817,,False,0.0,,,pyin_probability_below_0.5|voicing_disagreement,,False,-5.399999999999998,
3.6,3.5573333333333332,3.6426666666666665,False,150.19585059339548,True,0.010004191052795269,-4.800000000000001,0.04763365705972995,-26.441721487596958,3.5973333333333333,-0.002666666666666817,,False,0.0,,,pyin_probability_below_0.5|voicing_disagreement,,False,-5.299999999999999,
3.61,3.5673333333333335,3.6526666666666667,False,150.19585059339548,True,0.01002672467381077,-4.800000000000001,0.050376040644785965,-25.95551938610052,3.607333333333333,-0.002666666666666817,150.78114431694374,True,0.5499185283462769,0.5852937235482614,-0.0673328338936079,pyin_probability_below_0.5,-4.5972612548900065,False,-5.299999999999999,-5.052070947512036
3.62,3.5773333333333333,3.6626666666666665,False,150.19585059339548,True,0.010101974593744992,-4.800000000000001,0.05306713264231104,-25.50348755634923,3.617333333333333,-0.002666666666667261,148.38456069355794,True,0.8284223306732825,1.8112898998375329,0.210047618365468,pyin_probability_below_0.5,-4.874641707149082,False,-5.299999999999999,-5.329451399771113
3.63,3.5873333333333335,3.6726666666666667,False,151.06592630451914,True,0.010467533617069905,-4.700000000000003,0.053280084496934346,-25.468701901783927,3.627333333333333,-0.002666666666666817,148.8368979762959,True,0.7709436241533828,2.229028328223251,0.2573527481071598,pyin_probability_below_0.5,-4.821946836890774,False,-5.199999999999999,-5.276756529512802
3.64,3.5973333333333333,3.6826666666666665,False,150.19585059339548,True,0.04768699308253103,-4.800000000000001,0.05104388150055206,-25.841126164508754,3.637333333333333,-0.002666666666667261,151.77236833950818,True,0.8234806202658166,1.5765177461126996,-0.1807704140933432,pyin_probability_below_0.5,-4.48382367469027,False,-5.299999999999999,-4.9386333673123
3.65,3.6073333333333335,3.6926666666666668,False,149.33078614961454,True,0.04768699308253103,-4.9,0.04832800957295135,-26.31602182504559,3.647333333333333,-0.002666666666666817,152.9488968775896,True,0.8136451556342995,3.6181107279750506,-0.4144569413376493,pyin_probability_below_0.5,-4.350137147445963,False,-5.399999999999998,-4.804946840067993
3.66,3.6173333333333333,3.7026666666666666,False,151.06592630451914,True,0.05607139544589262,-4.700000000000003,0.04313634242622814,-27.303133638748335,3.657333333333333,-0.002666666666667261,152.66451625740328,True,0.8024407750193778,1.59858995288414,-0.18223783487831166,pyin_probability_below_0.5,-4.382356253905303,False,-5.199999999999999,-4.837165946527333
3.67,3.6273333333333335,3.712666666666667,False,152.82122781686914,True,0.15046460134333883,-4.499999999999998,0.04089099263058065,-27.76744693601463,3.667333333333333,-0.002666666666666817,152.28555067628176,True,0.8612868676466866,0.5356771405873815,0.06079074759058316,pyin_probability_below_0.5,-4.425384836374193,False,-4.9999999999999964,-4.880194528996223
3.68,3.6373333333333333,3.7226666666666666,False,153.70651218352927,True,0.026168028608935755,-4.4,0.03633736535387486,-28.79293128946093,3.677333333333333,-0.002666666666667261,154.9702081324775,True,0.8746445101704557,1.2636959489482251,-0.1417512583855089,pyin_probability_below_0.5,-4.122842830398101,False,-4.899999999999995,-4.577652523020131
3.69,3.6473333333333335,3.732666666666667,False,,False,0.01001876450976914,,0.037077767551484675,-28.617728451316022,3.687333333333333,-0.002666666666666817,158.13414847449786,True,0.8326565742571009,,,voicing_disagreement,-3.7729462169497614,False,,-4.227755909571791
3.7,3.6573333333333333,3.7426666666666666,False,,False,0.013100262550513395,,0.04293226542664164,-27.344323885975534,3.697333333333333,-0.002666666666667261,170.25199161983406,True,0.8318688972304302,,,voicing_disagreement,-2.494673466812682,False,,-2.949483159434711
3.71,3.667333333333333,3.752666666666667,False,201.6488190383855,True,0.056071395445892624,0.3000000000000021,0.04950890559380393,-26.10633347491551,3.707333333333333,-0.002666666666666817,179.31076341614113,True,0.8658744089540743,22.338055622244383,2.0325943883758337,pyin_probability_below_0.5|pitch_difference_over_1_semitone,-1.597188477159445,False,-0.19999999999999588,-2.0519981697814735
3.72,3.6773333333333333,3.7626666666666666,False,203.99186545315516,True,0.2407543944755742,0.49999999999999706,0.05529871286470185,-25.145699544706396,3.717333333333333,-0.002666666666667261,190.7747120500432,True,0.8942376885610189,13.21715340311195,1.1597000907136297,pyin_probability_below_0.5|pitch_difference_over_1_semitone,-0.5242941794972438,False,0.0,-0.9791038721192737
3.73,3.687333333333333,3.772666666666667,False,205.1735783080468,True,0.4849868077159113,0.6000000000000013,0.05950318152242139,-24.50919625494427,3.727333333333333,-0.002666666666666817,199.28705161974938,True,0.9368656363922947,5.886526688297437,0.5039637639958453,pyin_probability_below_0.5,0.23144214722054546,False,0.100000000000004,-0.2233675454014849
3.74,3.6973333333333334,3.7826666666666666,False,203.99186545315516,True,0.5485250542599844,0.49999999999999706,0.06330282254978774,-23.97153850408611,3.737333333333333,-0.002666666666667261,204.08965406760282,True,0.964477057732754,0.09778861444766562,-0.008297115849898085,,0.6437030270662824,True,0.0,0.18889333444425258
3.75,3.707333333333333,3.792666666666667,False,203.99186545315516,True,0.615949885458068,0.49999999999999706,0.0670578157034809,-23.471011941906248,3.747333333333333,-0.002666666666666817,206.47182250614358,True,0.9814732310564951,2.479957052988425,-0.2091994229537621,,0.8446053341701483,True,0.0,0.3897956415481174
3.76,3.7173333333333334,3.8026666666666666,False,202.8169587634771,True,0.615949885458068,0.39999999999999736,0.07056004268368125,-23.028823303193207,3.757333333333333,-0.002666666666666817,206.68689904159936,True,0.9872151909111361,3.8699402781222716,-0.32722386903470574,,0.8626297802510929,True,-0.09999999999999873,0.4078200876290617
3.77,3.727333333333333,3.812666666666667,False,201.6488190383855,True,0.615949885458068,0.3000000000000021,0.07231727639634497,-22.815158771315392,3.767333333333333,-0.002666666666666817,205.04277109531807,True,0.9732600956816331,3.3939520569325623,-0.2889590988489696,,0.7243650100653574,True,-0.19999999999999588,0.2695553174433276
3.78,3.7373333333333334,3.8226666666666667,False,199.33268480704808,True,0.5485250542599845,0.10000000000000017,0.07103161683017942,-22.970965995047294,3.777333333333333,-0.002666666666666817,198.5810745188898,True,0.9573622785795106,0.7516102881582754,0.06540185351774207,,0.1700040576986458,True,-0.3999999999999969,-0.284805634923382
3.79,3.747333333333333,3.832666666666667,False,197.04315364635175,True,0.5485250542599845,-0.10000000000000067,0.06867367893878028,-23.264193725185883,3.787333333333333,-0.002666666666666817,195.75009034327266,True,0.9735621456712281,1.2930633030790943,0.11398379879463116,,-0.07857788757824166,True,-0.5999999999999971,-0.5333875802002703
3.8,3.7573333333333334,3.8426666666666667,False,194.7799199939686,True,0.48498680771591124,-0.30000000000000004,0.06559505993714945,-23.662577335298522,3.797333333333333,-0.002666666666666817,194.1496075937351,True,0.9744552229946736,0.6303124002334926,0.05611398295973931,pyin_probability_below_0.5,-0.22070807174334967,False,-0.7999999999999968,-0.6755177643653785
3.81,3.767333333333333,3.8526666666666665,False,193.6580702059513,True,0.4849868077159113,-0.3999999999999989,0.06357047001418176,-23.93489155122067,3.8073333333333332,-0.002666666666666817,191.58726493340367,True,0.9679513670476777,2.0708052725476307,0.18611948277631946,pyin_probability_below_0.5,-0.45071357155992886,False,-0.8999999999999966,-0.9055232641819587
3.82,3.7773333333333334,3.8626666666666667,False,191.43371755306833,True,0.48498680771591124,-0.5999999999999991,0.06291950108727805,-24.024294594433737,3.817333333333333,-0.002666666666666817,188.82946137890337,True,0.9701463558127561,2.6042561741649592,0.2371330016312462,pyin_probability_below_0.5,-0.7017270904148568,False,-1.0999999999999956,-1.1565367830368853
3.83,3.787333333333333,3.8726666666666665,False,187.0613654014066,True,0.5485250542599845,-1.0000000000000013,0.06201008335532737,-24.150753697287925,3.8273333333333333,-0.002666666666666817,186.50416123358673,True,0.9777598587986266,0.5572041678198616,0.05164564041515886,,-0.9162397291987708,True,-1.4999999999999982,-1.3710494218208018
3.84,3.7973333333333334,3.8826666666666667,False,185.98397121658357,True,0.6860828109301793,-1.1000000000000019,0.06099501463251217,-24.294113203414067,3.837333333333333,-0.002666666666666817,185.04800025165505,True,0.9866087292865894,0.9359709649285151,0.08734493872196963,,-1.0519390275055824,True,-1.5999999999999979,-1.5067487201276129
3.85,3.8073333333333332,3.8926666666666665,False,185.98397121658357,True,0.7571601330199094,-1.1000000000000019,0.060338417931380936,-24.388121623584812,3.8473333333333333,-0.002666666666666817,184.14733124431712,True,0.9902106803169126,1.836639972266454,0.1718136095150239,,-1.1364076982986386,True,-1.5999999999999979,-1.5912173909206686
3.86,3.8173333333333335,3.9026666666666667,False,185.98397121658357,True,0.7571601330199094,-1.1000000000000019,0.06058056109018746,-24.35333417198013,3.857333333333333,-0.002666666666666817,184.4353089227714,True,0.9881303660631372,1.548662293812157,0.14476095920394144,,-1.1093550479875567,True,-1.5999999999999979,-1.5641647406095862
3.87,3.8273333333333333,3.9126666666666665,False,187.0613654014066,True,0.4849868077159113,-1.0000000000000013,0.06124824482768222,-24.258127044598965,3.867333333333333,-0.002666666666667261,185.01032335897233,True,0.991235639915732,2.0510420424342612,0.19087019490669047,pyin_probability_below_0.5,-1.0554642836903019,False,-1.4999999999999982,-1.5102739763123307
3.88,3.8373333333333335,3.9226666666666667,False,192.54268179725335,True,0.32333605839064083,-0.5000000000000001,0.06336004474597644,-23.963690494241273,3.877333333333333,-0.002666666666666817,185.92564246982036,True,0.9877541181497507,6.617039327432991,0.6054303900489635,pyin_probability_below_0.5,-0.9700244788325774,False,-0.9999999999999974,-1.4248341714546071
3.89,3.8473333333333333,3.9326666666666665,False,194.7799199939686,True,0.32333605839064083,-0.30000000000000004,0.065723684896452,-23.645561903725458,3.887333333333333,-0.002666666666667261,188.11640182707552,True,0.9802753448840344,6.663518166893084,0.6026317678007916,pyin_probability_below_0.5,-0.7672258565844037,False,-0.7999999999999968,-1.2220355492064319
3.9,3.8573333333333335,3.9426666666666668,False,197.04315364635175,True,0.3721358982975086,-0.10000000000000067,0.0673104542835598,-23.438349566913672,3.897333333333333,-0.002666666666666817,190.90466868654934,True,0.9706641107507978,6.138484959802412,0.5479108574424173,pyin_probability_below_0.5,-0.5125049462260277,False,-0.5999999999999971,-0.9673146388480574
3.91,3.8673333333333333,3.9526666666666666,False,198.18461302324906,True,0.48498680771591124,0.0,0.06767674953975855,-23.391210165706408,3.907333333333333,-0.002666666666667261,193.68209658358953,True,0.9481947095812928,4.50251643965953,0.39785226079489056,pyin_probability_below_0.5,-0.26244634957850144,False,-0.4999999999999962,-0.7172560422005323
3.92,3.8773333333333335,3.962666666666667,False,198.18461302324906,True,0.5485250542599845,0.0,0.06731815304027779,-23.43735615915874,3.917333333333333,-0.002666666666666817,196.73732921817873,True,0.9420696857897658,1.4472838050703274,0.12689080808105918,,0.008515103135330902,True,-0.4999999999999962,-0.4462945894866991
3.93,3.8873333333333333,3.9726666666666666,False,198.18461302324906,True,0.615949885458068,0.0,0.06753344904594907,-23.409621391388534,3.927333333333333,-0.002666666666667261,199.77164623858005,True,0.9704979815238232,1.5870332153309903,-0.13808253751299113,,0.27348844872938005,True,-0.4999999999999962,-0.18132124389264975
3.94,3.8973333333333335,3.982666666666667,False,198.18461302324906,True,0.6860828109301793,0.0,0.0680775418002401,-23.33992269003972,3.937333333333333,-0.002666666666666817,200.67621200377022,True,0.9835193126091513,2.491598980521161,-0.21629585211341854,,0.3517017633298059,True,-0.4999999999999962,-0.10310792929222307
3.95,3.9073333333333333,3.9926666666666666,False,198.18461302324906,True,0.7571601330199094,0.0,0.06710629753839173,-23.464734437801155,3.947333333333333,-0.002666666666667261,199.2630926681435,True,0.9817997079926815,1.0784796448944576,-0.09395476377565706,,0.2293606749920458,True,-0.4999999999999962,-0.22544901762998504
3.96,3.917333333333333,4.002666666666666,False,198.18461302324906,True,0.6159498854580681,0.0,0.06638821604197916,-23.558180027734544,3.957333333333333,-0.002666666666666817,197.36071913075656,True,0.9916663581806543,0.8238938924924923,0.07212094828843114,,0.06328496292795575,True,-0.4999999999999962,-0.39152472969407337
3.97,3.9273333333333333,4.012666666666667,False,198.18461302324906,True,0.6860828109301794,0.0,0.06468737470818661,-23.783609480786993,3.967333333333333,-0.002666666666667261,197.18746830097976,True,0.9890835019054239,0.9971447222692973,0.08732506096065035,,0.04808085025573458,True,-0.4999999999999962,-0.406728842366294
3.98,3.937333333333333,4.022666666666667,False,197.04315364635175,True,0.615949885458068,-0.10000000000000067,0.06093265989107373,-24.302997264426097,3.977333333333333,-0.002666666666666817,196.6405874325802,True,0.9635534979962023,0.4025662137715642,0.035405911216387476,,0.0,True,-0.5999999999999971,-0.4548096926220292
3.99,3.9473333333333334,4.032666666666667,False,195.90826859169485,True,0.5485250542599844,-0.2000000000000017,0.05820305838219247,-24.701083879644223,3.987333333333333,-0.002666666666667261,194.96548995093207,True,0.8887070561834831,0.9427786407627821,0.08351410720647222,,-0.1481081959900854,True,-0.6999999999999982,-0.6029178886121151
4.0,3.957333333333333,4.042666666666666,False,195.90826859169485,True,0.48498680771591124,-0.2000000000000017,0.05650636686865283,-24.95805230373932,3.997333333333333,-0.002666666666666817,195.04271161792173,True,0.8863393792103379,0.8655569737731241,0.07665841645804879,pyin_probability_below_0.5,-0.14125250524166094,False,-0.6999999999999982,-0.5960621978636914
4.01,3.9673333333333334,4.052666666666667,False,194.7799199939686,True,0.3721358982975087,-0.30000000000000004,0.055140873907399884,-25.17052710404853,4.007333333333333,-0.002666666666666373,193.97401892872725,True,0.9250832999636708,0.8059010652413576,0.07177832676453354,pyin_probability_below_0.5,-0.23637241554814467,False,-0.7999999999999968,-0.6911821081701746
4.02,3.977333333333333,4.062666666666667,False,189.23491376948436,True,0.2796051653363589,-0.7999999999999988,0.05235340859020204,-25.62110074628366,4.017333333333333,-0.002666666666666373,185.72170879433136,True,0.9645210172395028,3.513204975153002,0.3244299581606471,pyin_probability_below_0.5,-0.9890240469442585,False,-1.2999999999999963,-1.4438337395662868
4.03,3.9873333333333334,4.072666666666667,False,185.98397121658357,True,0.24075439447557428,-1.1000000000000019,0.0499027499288317,-26.03751043181645,4.027333333333333,-0.002666666666667261,183.31931589656472,True,0.9645046597215267,2.664655320018852,0.24983379450151982,pyin_probability_below_0.5,-1.2144278832851332,False,-1.5999999999999979,-1.6692375759071623
4.04,3.997333333333333,4.082666666666666,False,184.9127823656466,True,0.2796051653363589,-1.2000000000000002,0.0493213952817085,-26.139292917854018,4.037333333333333,-0.002666666666667261,182.15475196442918,True,0.965187190871568,2.758030401217411,0.2601638962805936,pyin_probability_below_0.5,-1.3247579850642062,False,-1.699999999999997,-1.7795676776862352
4.05,4.007333333333333,4.092666666666666,False,177.5852333780714,True,0.48498680771591135,-1.900000000000003,0.04488600876397596,-26.957780201543287,4.0473333333333334,-0.002666666666666373,183.5030900291272,True,0.8892050906749208,5.917856651055814,-0.5675128046760896,pyin_probability_below_0.5,-1.1970812841075262,False,-2.4000000000000004,-1.651890976729554
4.06,4.017333333333333,4.102666666666667,False,176.56241769755178,True,0.5485250542599845,-2.0000000000000004,0.04261067195855684,-27.409632340824416,4.057333333333333,-0.002666666666666373,176.18327587580714,True,0.8624468970220377,0.3791418217446392,0.03721567667318433,,-1.901809765456799,True,-2.4999999999999973,-2.3566194580788267
4.07,4.027333333333333,4.112666666666667,False,176.56241769755178,True,0.48498680771591135,-2.0000000000000004,0.039774613232293095,-28.00788069466976,4.067333333333333,-0.002666666666667261,176.33790686536818,True,0.9543078256088458,0.22451083218359713,0.022027797791316316,pyin_probability_below_0.5,-1.8866218865749298,False,-2.4999999999999973,-2.3414315791969598
4.08,4.037333333333334,4.1226666666666665,False,176.56241769755178,True,0.42606232904328145,-2.0000000000000004,0.03606117770110092,-28.859201880204957,4.077333333333333,-0.002666666666667261,176.74885897263042,True,0.9694052098288659,0.18644127507863573,-0.018271339458499364,pyin_probability_below_0.5,-1.8463227493251135,False,-2.4999999999999973,-2.3011324419471424
4.09,4.0473333333333334,4.132666666666666,False,176.56241769755178,True,0.4260623290432815,-2.0000000000000004,0.03318085431971401,-29.582248724544762,4.0873333333333335,-0.002666666666666373,176.62791744194976,True,0.9392993246367682,0.06549974439798234,-0.00642120566306819,pyin_probability_below_0.5,-1.8581728831205448,False,-2.4999999999999973,-2.3129825757425744
4.1,4.057333333333333,4.142666666666667,False,176.56241769755178,True,0.5485250542599845,-2.0000000000000004,0.02826470590996124,-30.975110578990023,4.097333333333333,-0.002666666666666373,175.98843300074955,True,0.7916748402637096,0.5739846968022277,0.05637216457003198,,-1.920966253353643,True,-2.4999999999999973,-2.3757759459756738
4.11,4.067333333333333,4.152666666666667,False,176.56241769755178,True,0.3721358982975087,-2.0000000000000004,0.024050869165601573,-32.37738448392869,4.107333333333333,-0.002666666666667261,,False,0.0,,,pyin_probability_below_0.5|voicing_disagreement,,False,-2.4999999999999973,
4.12,4.077333333333334,4.1626666666666665,False,176.56241769755178,True,0.15046460134333878,-2.0000000000000004,0.018747152346475355,-34.5412938271359,4.117333333333333,-0.002666666666667261,,False,0.0,,,pyin_probability_below_0.5|voicing_disagreement,,False,-2.4999999999999973,
4.13,4.0873333333333335,4.172666666666666,False,176.56241769755178,True,0.010622609040911533,-2.0000000000000004,0.012781471209948558,-37.86838307756098,4.127333333333333,-0.002666666666667261,,False,0.0,,,pyin_probability_below_0.5|voicing_disagreement,,False,-2.4999999999999973,
4.14,4.097333333333333,4.182666666666667,False,,False,0.010000000021701592,,0.008783210526664094,-41.126934148503494,4.137333333333333,-0.002666666666666373,,False,0.0,,,,,False,,
4.15,4.107333333333333,4.192666666666667,False,,False,0.010000000101429396,,0.012965486247344695,-37.74422382304689,4.147333333333333,-0.002666666666667261,,False,0.0,,,,,False,,
4.16,4.117333333333334,4.2026666666666666,False,213.63948179230545,True,0.010349055133375844,1.2999999999999994,0.02529031264108522,-31.94091603671106,4.157333333333333,-0.002666666666667261,,False,0.0,,,pyin_probability_below_0.5|voicing_disagreement,,False,0.8000000000000002,
4.17,4.1273333333333335,4.212666666666666,False,205.1735783080468,True,0.011422334250709074,0.6000000000000013,0.03059978822172671,-30.285631584390458,4.167333333333333,-0.002666666666667261,,False,0.0,,,pyin_probability_below_0.5|voicing_disagreement,,False,0.100000000000004,
4.18,4.137333333333333,4.222666666666667,False,200.48740730303228,True,0.010467533617069905,0.19999999999999687,0.03378683153315808,-29.425050673046094,4.177333333333333,-0.002666666666666373,,False,0.0,,,pyin_probability_below_0.5|voicing_disagreement,,False,-0.2999999999999981,
4.19,4.147333333333333,4.232666666666667,False,193.6580702059513,True,0.01010197459374499,-0.3999999999999989,0.03778731089452542,-28.45308026445037,4.187333333333333,-0.002666666666667261,214.74925721956242,True,0.6075717365439629,21.09118701361112,-1.7896982170403208,pyin_probability_below_0.5|pitch_difference_over_1_semitone,1.5251041282567086,False,-0.8999999999999966,1.07029443563468
4.2,4.157333333333334,4.242666666666667,False,189.23491376948436,True,0.010073751764282884,-0.7999999999999988,0.04267585281003874,-27.396355828637972,4.197333333333333,-0.002666666666667261,207.622537824177,True,0.723952569393108,18.387624054692623,-1.6054172350339397,pyin_probability_below_0.5|pitch_difference_over_1_semitone,0.9408231462503271,False,-1.2999999999999963,0.486013453628299
4.21,4.167333333333334,4.252666666666666,False,188.14500086724917,True,0.010824463728234169,-0.8999999999999986,0.049410079733511615,-26.123688905698334,4.207333333333333,-0.002666666666667261,197.67685962810475,True,0.7666778682269444,9.531858760855584,-0.8555884818806883,pyin_probability_below_0.5,0.09099439309707735,False,-1.3999999999999961,-0.36381529952495195
4.22,4.177333333333333,4.262666666666667,False,187.0613654014066,True,0.01646758759311301,-1.0000000000000013,0.05519269299884371,-25.16236830061019,4.217333333333333,-0.002666666666666373,190.3131752166667,True,0.8130463989826606,3.251809815260117,-0.2983658201587905,pyin_probability_below_0.5,-0.566228268624823,False,-1.4999999999999982,-1.0210379612468532
4.23,4.187333333333333,4.272666666666667,False,187.0613654014066,True,0.034897428019625254,-1.0000000000000013,0.05875504336901394,-24.61909697658824,4.227333333333333,-0.002666666666667261,186.50374758395031,True,0.9066464122291151,0.5576178174562756,0.051684037688673266,pyin_probability_below_0.5,-0.9162781264722882,False,-1.4999999999999982,-1.3710878190943179
4.24,4.197333333333333,4.282666666666667,False,187.0613654014066,True,0.15046460134333883,-1.0000000000000013,0.05918394448915449,-24.555921867392087,4.237333333333333,-0.002666666666667261,185.31567782353233,True,0.9439870854709711,1.7456875778742642,0.16232020575124584,pyin_probability_below_0.5,-1.0269142945348593,False,-1.4999999999999982,-1.4817239871568884
4.25,4.207333333333334,4.292666666666666,False,187.0613654014066,True,0.3721358982975087,-1.0000000000000013,0.05700050631190225,-24.882425733045373,4.247333333333333,-0.002666666666667261,185.59747305344868,True,0.9561619083449644,1.4638923479579091,0.13601466281729427,pyin_probability_below_0.5,-1.0006087516009081,False,-1.4999999999999982,-1.4554184442229376
4.26,4.217333333333333,4.302666666666667,False,185.98397121658357,True,0.48498680771591124,-1.1000000000000019,0.056716029400750836,-24.925883620570296,4.257333333333333,-0.002666666666666373,186.20575723709356,True,0.9531590007826233,0.2217860205099953,-0.020632678787589252,pyin_probability_below_0.5,-0.9439614099960241,False,-1.5999999999999979,-1.3987711026180536
4.27,4.227333333333333,4.312666666666667,False,185.98397121658357,True,0.5485250542599845,-1.1000000000000019,0.05544080538248517,-25.12340938804456,4.267333333333333,-0.002666666666666373,187.29088070615057,True,0.9263372351684724,1.3069094895670048,-0.12122838926558735,,-0.843365699518027,True,-1.5999999999999979,-1.2981753921400572
4.28,4.237333333333333,4.322666666666667,False,185.98397121658357,True,0.5485250542599844,-1.1000000000000019,0.05316893075060884,-25.486841468826324,4.277333333333333,-0.002666666666667261,188.11416501326562,True,0.8816129299189998,2.1301937966820503,-0.1971623771427397,,-0.7674317116408742,True,-1.5999999999999979,-1.2222414042629053
4.29,4.247333333333334,4.332666666666666,False,187.0613654014066,True,0.48498680771591124,-1.0000000000000013,0.04869558384834548,-26.250208454253027,4.287333333333333,-0.002666666666667261,187.98410355107492,True,0.8604644145489566,0.9227381496683336,-0.08518854691739083,pyin_probability_below_0.5,-0.7794055418662224,False,-1.4999999999999982,-1.2342152344882518
4.3,4.257333333333333,4.342666666666666,False,188.14500086724917,True,0.4260623290432814,-0.8999999999999986,0.042065485286393964,-27.521481930052474,4.2973333333333334,-0.002666666666666373,190.19556557966047,True,0.8824546239892282,2.050564712411301,-0.18766384184726076,pyin_probability_below_0.5,-0.576930246936351,False,-1.3999999999999961,-1.0317399395583806
4.31,4.267333333333333,4.352666666666667,False,188.14500086724917,True,0.32333605839064083,-0.8999999999999986,0.035361812345488595,-29.029309697005736,4.307333333333333,-0.002666666666666373,189.5346356069825,True,0.919642000588631,1.3896347397333386,-0.12739865226666905,pyin_probability_below_0.5,-0.6371954365169421,False,-1.3999999999999961,-1.0920051291389714
4.32,4.277333333333333,4.362666666666667,False,187.0613654014066,True,0.24075439447557423,-1.0000000000000013,0.029364270973474535,-30.643615538257638,4.317333333333333,-0.002666666666667261,184.76410841107057,True,0.9470346547262695,2.297256990336024,0.21392510230799483,pyin_probability_below_0.5,-1.078519191091608,False,-1.4999999999999982,-1.5333288837136378
4.33,4.287333333333334,4.3726666666666665,False,188.14500086724917,True,0.2407543944755742,-0.8999999999999986,0.02483862002890129,-32.09745072263156,4.327333333333333,-0.002666666666667261,181.2399194694565,True,0.892616905283069,6.905081397792657,0.6473304198880896,pyin_probability_below_0.5,-1.4119245086717012,False,-1.3999999999999961,-1.8667342012937302
4.34,4.2973333333333334,4.382666666666666,False,185.98397121658357,True,0.108579770728745,-1.1000000000000019,0.022198681836070978,-33.0734562662278,4.3373333333333335,-0.002666666666666373,175.2952387030136,True,0.8334910069337926,10.68873251356996,1.0246977501425953,pyin_probability_below_0.5|pitch_difference_over_1_semitone,-1.9892918389262109,False,-1.5999999999999979,-2.444101531548239
4.35,4.307333333333333,4.392666666666667,False,182.78887791090543,True,0.09203757081218103,-1.4000000000000004,0.01953068253691172,-34.18565158397678,4.347333333333333,-0.002666666666666373,169.39818534331147,True,0.7069452821293947,13.390692567593959,1.3171184382734005,pyin_probability_below_0.5|pitch_difference_over_1_semitone,-2.581712527057011,False,-1.8999999999999964,-3.036522219679041
4.36,4.317333333333333,4.402666666666667,False,185.98397121658357,True,0.040697331568881064,-1.1000000000000019,0.022051924251041848,-33.13107016007071,4.357333333333333,-0.002666666666667261,150.44447530622688,True,0.7344909355112309,35.53949591035669,3.671365939341059,pyin_probability_below_0.5|pitch_difference_over_1_semitone,-4.635960028124672,False,-1.5999999999999979,-5.090769720746701
4.37,4.327333333333334,4.4126666666666665,False,192.54268179725335,True,0.04069733156888106,-0.5000000000000001,0.02955146932598109,-30.5884184145706,4.367333333333333,-0.002666666666667261,,False,0.0,,,pyin_probability_below_0.5|voicing_disagreement,,False,-0.9999999999999974,
4.38,4.3373333333333335,4.422666666666666,False,195.90826859169485,True,0.27960516533635876,-0.2000000000000017,0.0343758487459847,-29.274931404384347,4.3773333333333335,-0.002666666666666373,186.25576869935213,True,0.7781720949116004,9.652499892342718,0.8747181673644621,pyin_probability_below_0.5,-0.9393122561480762,False,-0.6999999999999982,-1.3941219487701066
4.39,4.347333333333333,4.432666666666667,False,194.7799199939686,True,0.4849868077159113,-0.30000000000000004,0.03679343808046037,-28.684592571940346,4.387333333333333,-0.002666666666666373,187.75683020326835,True,0.9317672182197425,7.023089790700254,0.6357547877478777,pyin_probability_below_0.5,-0.8003488765314909,False,-0.7999999999999968,-1.2551585691535196
4.4,4.357333333333333,4.442666666666667,False,195.90826859169485,True,0.5485250542599844,-0.2000000000000017,0.039331495941035834,-28.10519070486789,4.397333333333333,-0.002666666666667261,194.35610168442167,True,0.9583657242625749,1.5521669072731754,0.1377106686272051,,-0.20230475741081982,True,-0.6999999999999982,-0.6571144500328481
4.41,4.367333333333334,4.4526666666666666,False,195.90826859169485,True,0.6860828109301793,-0.2000000000000017,0.04164179481842625,-27.609411201414478,4.407333333333333,-0.002666666666667261,198.5164399132763,True,0.9597286255708326,2.6081713215814375,-0.2289623705376894,,0.1643682817540769,True,-0.6999999999999982,-0.2904414108679535
4.42,4.3773333333333335,4.462666666666666,False,195.90826859169485,True,0.8266685594724997,-0.2000000000000017,0.0430734020176238,-27.315816509891782,4.417333333333333,-0.002666666666667261,196.88155971227562,True,0.9638496300830937,0.9732911205807682,-0.08579642622052336,,0.02120233743691071,True,-0.6999999999999982,-0.4336073551851197
4.43,4.387333333333333,4.472666666666667,False,197.04315364635175,True,0.8911444948731203,-0.10000000000000067,0.0430061874790875,-27.329381123428334,4.427333333333333,-0.002666666666666373,193.0894786888518,True,0.994312167542261,3.953674957499942,0.35090481925205963,,-0.31549890803567116,True,-0.5999999999999971,-0.7703086006576993
4.44,4.397333333333333,4.482666666666667,False,197.04315364635175,True,0.8911444948731204,-0.10000000000000067,0.0419873815896729,-27.537624158402632,4.437333333333333,-0.002666666666667261,195.19595200244237,True,0.9908927085913232,1.8472016439093863,0.16306186594974179,,-0.12765595473335517,True,-0.5999999999999971,-0.5824656473553846
4.45,4.407333333333334,4.492666666666667,False,197.04315364635175,True,0.9459302094659092,-0.10000000000000067,0.038304938048894205,-28.334904714284136,4.447333333333333,-0.002666666666667261,197.63325613096137,True,0.9876193224770742,0.5901024846096163,-0.05176931023747573,,0.08717522145386135,True,-0.5999999999999971,-0.36763447116816567
4.46,4.417333333333334,4.502666666666666,False,195.90826859169485,True,0.9459302094659092,-0.2000000000000017,0.03153083407540014,-30.025290816851175,4.457333333333333,-0.002666666666667261,198.54779572457605,True,0.9826315615979648,2.6395271328811987,-0.23169665095878422,,0.1671025621751695,True,-0.6999999999999982,-0.2877071304468578
4.47,4.427333333333333,4.512666666666667,False,197.04315364635175,True,0.9459302094659093,-0.10000000000000067,0.027548215190701497,-31.19813066433025,4.467333333333333,-0.002666666666666373,198.56383987983233,True,0.9683894470162916,1.5206862334805749,-0.13309556176334972,,0.16850147297973656,True,-0.5999999999999971,-0.28630821964229275
4.48,4.437333333333333,4.522666666666667,False,199.33268480704808,True,0.9459302094659092,0.10000000000000017,0.02377956269994136,-32.475922724160384,4.477333333333333,-0.002666666666667261,200.29692391464005,True,0.9447028464414932,0.9642391075919647,-0.08354370034403098,,0.3189496115604217,True,-0.3999999999999969,-0.13586008106160957
4.49,4.447333333333333,4.532666666666667,False,199.33268480704808,True,0.8266685594724996,0.10000000000000017,0.01879990757549047,-34.51688571637869,4.487333333333333,-0.002666666666667261,203.45982221147042,True,0.8881746493501843,4.127137404422342,-0.3547876753502657,,0.5901935865666539,True,-0.3999999999999969,0.1353838939446234
4.5,4.457333333333334,4.542666666666666,False,201.6488190383855,True,0.6860828109301794,0.3000000000000021,0.01398193368630008,-37.08865523959473,4.497333333333333,-0.002666666666667261,,False,0.0,,,voicing_disagreement,,False,-0.19999999999999588,
4.51,4.467333333333333,4.552666666666667,False,202.8169587634771,True,0.48498680771591135,0.39999999999999736,0.009343242686147526,-40.59004740839245,4.507333333333333,-0.002666666666666373,,False,0.0,,,pyin_probability_below_0.5|voicing_disagreement,,False,-0.09999999999999873,
4.52,4.477333333333333,4.562666666666667,False,207.55758045272898,True,0.20650679911775227,0.8000000000000002,0.006578138988012189,-43.63793909292908,4.517333333333333,-0.002666666666666373,,False,0.0,,,pyin_probability_below_0.5|voicing_disagreement,,False,0.3000000000000021,
4.53,4.487333333333333,4.572666666666667,False,216.12185299712482,True,0.013100262550513395,1.5000000000000004,0.002742052109342442,-51.23848592466578,4.527333333333333,-0.002666666666667261,,False,0.0,,,pyin_probability_below_0.5|voicing_disagreement,,False,1.0000000000000044,
4.54,4.497333333333334,4.582666666666666,False,239.8022103323442,True,0.06608151270920701,3.3000000000000003,0.0018652984070576726,-54.58503361306677,4.537333333333333,-0.002666666666667261,,False,0.0,,,pyin_probability_below_0.5|voicing_disagreement,,False,2.8000000000000034,
4.55,4.507333333333333,4.592666666666666,False,243.99387913449723,True,0.015085587297504338,3.6000000000000005,0.00112334515825451,-58.989735644248626,4.5473333333333334,-0.002666666666666373,,False,0.0,,,pyin_probability_below_0.5|voicing_disagreement,,False,3.100000000000006,
4.56,4.517333333333333,4.602666666666667,False,241.19137040474044,True,0.013100262550513395,3.3999999999999977,0.0007787555213860164,-62.17197722337513,4.557333333333333,-0.002666666666666373,,False,0.0,,,pyin_probability_below_0.5|voicing_disagreement,,False,2.9,
4.57,4.527333333333333,4.612666666666667,False,234.3251202788159,True,0.018187375734912182,2.9000000000000035,0.0006857039366968387,-63.27726714396343,4.567333333333333,-0.002666666666667261,,False,0.0,,,pyin_probability_below_0.5|voicing_disagreement,,False,2.400000000000005,
4.58,4.537333333333334,4.6226666666666665,False,239.8022103323442,True,0.010824463728234169,3.3000000000000003,0.0004867323321387933,-66.25419607890701,4.577333333333333,-0.002666666666667261,,False,0.0,,,pyin_probability_below_0.5|voicing_disagreement,,False,2.8000000000000034,
4.59,4.5473333333333334,4.632666666666666,False,235.68255189130872,True,0.010140046044704068,2.999999999999999,0.0003968703378678738,-68.02702718193216,4.5873333333333335,-0.002666666666666373,,False,0.0,,,pyin_probability_below_0.5|voicing_disagreement,,False,2.500000000000002,
4.6,4.557333333333333,4.642666666666667,False,237.04784702513638,True,0.011853505394683413,3.0999999999999988,0.0003565489069549098,-68.95761781195866,4.597333333333333,-0.002666666666666373,,False,0.0,,,pyin_probability_below_0.5|voicing_disagreement,,False,2.600000000000004,
4.61,4.567333333333333,4.652666666666667,False,237.04784702513638,True,0.013100262550513395,3.0999999999999988,0.00031741456184775367,-69.9674630648522,4.607333333333333,-0.002666666666667261,,False,0.0,,,pyin_probability_below_0.5|voicing_disagreement,,False,2.600000000000004,
4.62,4.577333333333334,4.6626666666666665,False,,False,0.010191075496968311,,0.00025218600528880396,-71.96558035323538,4.617333333333333,-0.002666666666667261,,False,0.0,,,,,False,,
4.63,4.5873333333333335,4.672666666666666,False,,False,0.010000000003996623,,0.0001754274767462783,-75.11804766469908,4.6273333333333335,-0.002666666666666373,,False,0.0,,,,,False,,
4.64,4.597333333333333,4.682666666666667,False,,False,0.010000127845232541,,0.000147344225039009,-76.63333762150548,4.637333333333333,-0.002666666666666373,,False,0.0,,,,,False,,
4.65,4.607333333333333,4.692666666666667,False,,False,0.010000000101429396,,0.00012191934489007826,-78.27854759190518,4.647333333333333,-0.002666666666667261,,False,0.0,,,,,False,,
4.66,4.617333333333334,4.7026666666666666,False,,False,0.010000000009505967,,0.0001052341905583096,-79.55686270205527,4.657333333333333,-0.002666666666667261,,False,0.0,,,,,False,,
4.67,4.6273333333333335,4.712666666666666,False,,False,0.010000000003996624,,9.998469076920018e-05,-80.0013298446888,4.667333333333333,-0.002666666666667261,,False,0.0,,,,,False,,
4.68,4.637333333333333,4.722666666666667,False,,False,0.010000000000221913,,9.481028891936115e-05,-80.4628905995603,4.677333333333333,-0.002666666666666373,,False,0.0,,,,,False,,
4.69,4.647333333333333,4.732666666666667,False,,False,0.010000000000221913,,9.730048868379488e-05,-80.23769957034878,4.687333333333333,-0.002666666666667261,,False,0.0,,,,,False,,
4.7,4.657333333333334,4.742666666666667,False,,False,0.01000000000061386,,9.587154664506677e-05,-80.36620532657037,4.697333333333333,-0.002666666666667261,,False,0.0,,,,,False,,
4.71,4.667333333333334,4.752666666666666,False,,False,0.01000000000061386,,9.487381983335143e-05,-80.45707226789523,4.707333333333333,-0.002666666666667261,,False,0.0,,,,,False,,
4.72,4.677333333333333,4.762666666666667,False,,False,0.010000000003996621,,9.082590114475002e-05,-80.83580569033423,4.717333333333333,-0.002666666666666373,,False,0.0,,,,,False,,
4.73,4.687333333333333,4.772666666666667,False,,False,0.010000000417925077,,9.065425596859852e-05,-80.85223604310923,4.727333333333333,-0.002666666666667261,,False,0.0,,,,,False,,
4.74,4.697333333333333,4.782666666666667,False,,False,0.010000000003996623,,9.23255745646423e-05,-80.69355961895484,4.737333333333333,-0.002666666666667261,,False,0.0,,,,,False,,
4.75,4.707333333333334,4.792666666666666,False,,False,0.010000000001606035,,9.28155903670993e-05,-80.64758137180404,4.747333333333333,-0.002666666666667261,,False,0.0,,,,,False,,
4.76,4.717333333333333,4.802666666666667,False,,False,0.010000000000023851,,8.983794289459752e-05,-80.93080402178713,4.757333333333333,-0.002666666666666373,,False,0.0,,,,,False,,
4.77,4.727333333333333,4.812666666666667,False,,False,0.01000000000061386,,9.0356552413979e-05,-80.88080696188362,4.767333333333333,-0.002666666666666373,,False,0.0,,,,,False,,
4.78,4.737333333333333,4.822666666666667,False,,False,0.010000000001606033,,9.667689642706522e-05,-80.29354599984183,4.777333333333333,-0.002666666666667261,,False,0.0,,,,,False,,
4.79,4.747333333333334,4.832666666666666,False,,False,0.010000000003996624,,9.896640057813897e-05,-80.09024449597885,4.787333333333333,-0.002666666666667261,,False,0.0,,,,,False,,
4.8,4.757333333333333,4.842666666666666,False,,False,0.010000000001606035,,9.997331969809821e-05,-80.00231773078083,4.7973333333333334,-0.002666666666666373,,False,0.0,,,,,False,,
4.81,4.767333333333333,4.852666666666667,False,,False,0.010000001546554296,,0.00011134428433261507,-79.06664143636473,4.807333333333333,-0.002666666666666373,,False,0.0,,,,,False,,
4.82,4.777333333333333,4.862666666666667,False,,False,0.010000000047726025,,0.00011409169796900032,-78.85491912871353,4.817333333333333,-0.002666666666667261,,False,0.0,,,,,False,,
4.83,4.787333333333334,4.8726666666666665,False,,False,0.010000000003996623,,0.00011333286780889372,-78.91288243150883,4.827333333333333,-0.002666666666667261,,False,0.0,,,,,False,,
4.84,4.7973333333333334,4.882666666666666,False,,False,0.010000000000221913,,0.000114331590565475,-78.83667509241235,4.8373333333333335,-0.002666666666666373,,False,0.0,,,,,False,,
4.85,4.807333333333333,4.892666666666667,False,,False,0.010000000101429396,,0.00011499884818903494,-78.78613018904106,4.847333333333333,-0.002666666666666373,,False,0.0,,,,,False,,
4.86,4.817333333333333,4.902666666666667,False,,False,0.010000000000221913,,0.00010990139677556392,-79.1799357587977,4.857333333333333,-0.002666666666667261,,False,0.0,,,,,False,,
4.87,4.827333333333334,4.9126666666666665,False,,False,0.01,,0.00010916030509738173,-79.2387051833986,4.867333333333333,-0.002666666666667261,,False,0.0,,,,,False,,
4.88,4.8373333333333335,4.922666666666666,False,,False,0.01,,0.00011173058791814895,-79.03655832004596,4.8773333333333335,-0.002666666666666373,,False,0.0,,,,,False,,
4.89,4.847333333333333,4.932666666666667,False,,False,0.010000000001606035,,0.0001066186986592145,-79.44333245170998,4.887333333333333,-0.002666666666666373,,False,0.0,,,,,False,,
4.9,4.857333333333333,4.942666666666667,False,,False,0.010000000000613858,,9.779580210913284e-05,-80.19359573859715,4.897333333333333,-0.002666666666667261,,False,0.0,,,,,False,,
4.91,4.867333333333334,4.9526666666666666,False,,False,0.010000000003996623,,9.636712627306019e-05,-80.32142183502826,4.907333333333333,-0.002666666666667261,,False,0.0,,,,,False,,
4.92,4.8773333333333335,4.962666666666666,False,,False,0.010000000009505967,,9.752106809691979e-05,-80.21803101529592,4.917333333333333,-0.002666666666667261,,False,0.0,,,,,False,,
4.93,4.887333333333333,4.972666666666667,False,,False,0.010000000000006923,,0.00010566758765104273,-79.52116414467115,4.927333333333333,-0.002666666666666373,,False,0.0,,,,,False,,
4.94,4.897333333333333,4.982666666666667,False,,False,0.010000000000221913,,0.00010135790436641612,-79.88284754645248,4.937333333333333,-0.002666666666667261,,False,0.0,,,,,False,,
4.95,4.907333333333334,4.992666666666667,False,,False,0.01,,0.00012849235267111973,-77.82245437919285,4.947333333333333,-0.002666666666667261,,False,0.0,,,,,False,,
4.96,4.917333333333334,5.002666666666666,False,,False,0.010000000101429396,,0.00014583423502819272,-76.72281024209867,4.957333333333333,-0.002666666666667261,,False,0.0,,,,,False,,
4.97,4.927333333333333,5.012666666666667,False,,False,0.010000000417925078,,0.00015293395020226237,-76.30992187464322,4.967333333333333,-0.002666666666666373,,False,0.0,,,,,False,,
4.98,4.937333333333333,5.022666666666667,False,,False,0.010000005216229447,,0.00015570832471704035,-76.15376335788271,4.977333333333333,-0.002666666666667261,,False,0.0,,,,,False,,
4.99,4.947333333333333,5.032666666666667,False,,False,0.010000078102280324,,0.00015680621563710767,-76.09273452647605,4.987333333333333,-0.002666666666667261,,False,0.0,,,,,False,,
5.0,4.957333333333334,5.034666666666666,True,,False,0.0100000470079773,,0.00016131906995182812,-75.84628580965254,4.997333333333333,-0.002666666666667261,,False,0.0,,,edge_window,,False,,
5.01,4.967333333333333,5.034666666666666,True,,False,0.0100000470079773,,0.00016480880499771246,-75.66039179212645,5.007333333333333,-0.002666666666666373,,False,0.0,,,edge_window,,False,,
5.02,4.977333333333333,5.034666666666666,True,,False,0.010026724673810768,,0.00017153022743885378,-75.31318673071692,,,,,,,,edge_window,,False,,
5.03,4.987333333333333,5.034666666666666,True,,False,0.015085587297504338,,0.0001800305790360924,-74.89307443363256,,,,,,,,edge_window,,False,,
