timestamp_s,window_start_s,window_end_s,edge_padded,f0_hz,voiced,voicing_probability,relative_pitch_semitones,rms_amplitude,rms_dbfs,praat_timestamp_s,praat_time_offset_s,praat_f0_hz,praat_voiced,praat_strength,absolute_difference_hz,signed_difference_semitones,flags,praat_relative_semitones,agreement_screen_pass,pyin_speaker_relative_st,praat_speaker_relative_st
0.0,0.0,0.042666666666666665,True,,False,0.01,,5.520201081745298e-05,-85.16090204287315,,,,,,,,edge_window,,False,,
0.01,0.0,0.05266666666666667,True,,False,0.01,,5.3553867369204794e-05,-85.42418322625645,,,,,,,,edge_window,,False,,
0.02,0.0,0.06266666666666666,True,,False,0.01,,5.197790289146184e-05,-85.68362493188239,,,,,,,,edge_window,,False,,
0.03,0.0,0.07266666666666667,True,,False,0.01,,5.0807771642009834e-05,-85.88139704444353,0.027333333333333095,-0.002666666666666904,,False,0.0,,,edge_window,,False,,
0.04,0.0,0.08266666666666667,True,,False,0.01,,5.400014856569016e-05,-85.35210090681075,0.037333333333333094,-0.0026666666666669073,,False,0.0,,,edge_window,,False,,
0.05,0.007333333333333333,0.09266666666666666,False,,False,0.01,,5.2635997523327916e-05,-85.57434284366467,0.047333333333333096,-0.0026666666666669073,,False,0.0,,,,,False,,
0.06,0.017333333333333333,0.10266666666666667,False,,False,0.01,,4.928983386166903e-05,-86.14485291387123,0.0573333333333331,-0.0026666666666669003,,False,0.0,,,,,False,,
0.07,0.027333333333333334,0.11266666666666666,False,,False,0.01,,4.860933279943336e-05,-86.2656067982224,0.06733333333333309,-0.002666666666666914,,False,0.0,,,,,False,,
0.08,0.037333333333333336,0.12266666666666666,False,,False,0.01,,4.718519926778023e-05,-86.52388413085724,0.0773333333333331,-0.0026666666666669003,,False,0.0,,,,,False,,
0.09,0.04733333333333333,0.13266666666666665,False,,False,0.01,,4.776708943480682e-05,-86.41742441063705,0.0873333333333331,-0.0026666666666669003,,False,0.0,,,,,False,,
0.1,0.05733333333333333,0.14266666666666666,False,,False,0.01,,4.45249489184383e-05,-87.02793140223682,0.0973333333333331,-0.0026666666666669003,,False,0.0,,,,,False,,
0.11,0.06733333333333333,0.15266666666666667,False,,False,0.010000000000000437,,4.605861908356953e-05,-86.7337817414071,0.1073333333333331,-0.0026666666666669003,,False,0.0,,,,,False,,
0.12,0.07733333333333334,0.16266666666666665,False,,False,0.01,,4.1845007761838566e-05,-87.56712694496105,0.1173333333333331,-0.0026666666666669003,,False,0.0,,,,,False,,
0.13,0.08733333333333333,0.17266666666666666,False,,False,0.01,,4.29471216171177e-05,-87.3413187589795,0.1273333333333331,-0.0026666666666669003,,False,0.0,,,,,False,,
0.14,0.09733333333333333,0.18266666666666667,False,,False,0.01,,4.238757817276684e-05,-87.45522792541783,0.13733333333333309,-0.002666666666666928,,False,0.0,,,,,False,,
0.15,0.10733333333333334,0.19266666666666668,False,,False,0.01,,4.281190486007243e-05,-87.36870896734379,0.1473333333333331,-0.0026666666666669003,,False,0.0,,,,,False,,
0.16,0.11733333333333333,0.20266666666666666,False,,False,0.01,,4.494427363566658e-05,-86.94651268010773,0.1573333333333331,-0.0026666666666669003,,False,0.0,,,,,False,,
0.17,0.12733333333333333,0.21266666666666667,False,,False,0.01,,4.690003130316468e-05,-86.57653734834774,0.1673333333333331,-0.0026666666666669003,,False,0.0,,,,,False,,
0.18,0.13733333333333334,0.22266666666666668,False,,False,0.010000000208892744,,5.1661515679978434e-05,-85.73665712709655,0.1773333333333331,-0.0026666666666669003,,False,0.0,,,,,False,,
0.19,0.14733333333333334,0.23266666666666666,False,,False,0.01000012784523254,,5.925649052947561e-05,-84.54528146441467,0.1873333333333331,-0.0026666666666669003,,False,0.0,,,,,False,,
0.2,0.15733333333333333,0.24266666666666667,False,,False,0.010000016226422838,,6.2319898509592e-05,-84.10746525201151,0.1973333333333331,-0.0026666666666669003,,False,0.0,,,,,False,,
0.21,0.16733333333333333,0.25266666666666665,False,,False,0.010000516719604528,,6.437831433005398e-05,-83.82520797976798,0.2073333333333331,-0.0026666666666669003,,False,0.0,,,,,False,,
0.22,0.17733333333333334,0.26266666666666666,False,,False,0.010000802780927256,,6.521521754288378e-05,-83.71302105352987,0.2173333333333331,-0.0026666666666669003,,False,0.0,,,,,False,,
0.23,0.18733333333333332,0.27266666666666667,False,,False,0.010009025493342986,,6.700877063976735e-05,-83.47736699339717,0.2273333333333331,-0.0026666666666669003,,False,0.0,,,,,False,,
0.24,0.19733333333333333,0.2826666666666667,False,,False,0.01000032860450166,,7.056223313399241e-05,-83.02855366454756,0.2373333333333331,-0.0026666666666669003,,False,0.0,,,,,False,,
0.25,0.20733333333333334,0.2926666666666667,False,,False,0.010000328604501658,,7.134573899082997e-05,-82.93263918624353,0.2473333333333331,-0.0026666666666669003,,False,0.0,,,,,False,,
0.26,0.21733333333333332,0.30266666666666664,False,,False,0.01000123296498612,,7.018744939198934e-05,-83.0748107907674,0.2573333333333331,-0.002666666666666928,,False,0.0,,,,,False,,
0.27,0.22733333333333333,0.31266666666666665,False,,False,0.010000027850262286,,6.961822509765625e-05,-83.14554106318337,0.2673333333333331,-0.002666666666666928,,False,0.0,,,,,False,,
0.28,0.23733333333333334,0.32266666666666666,False,,False,0.010000000101429396,,6.58622424466855e-05,-83.62726973435828,0.2773333333333331,-0.002666666666666928,,False,0.0,,,,,False,,
0.29,0.24733333333333332,0.33266666666666667,False,,False,0.010000000000221913,,6.297681335822174e-05,-84.01638637095786,0.2873333333333331,-0.0026666666666668726,,False,0.0,,,,,False,,
0.3,0.25733333333333336,0.3426666666666667,False,,False,0.010000000000023853,,6.235272629487684e-05,-84.1028910557582,0.2973333333333331,-0.0026666666666668726,,False,0.0,,,,,False,,
0.31,0.2673333333333333,0.3526666666666667,False,,False,0.010000000208892744,,6.612065510430508e-05,-83.59325704430601,0.3073333333333331,-0.0026666666666668726,,False,0.0,,,,,False,,
0.32,0.2773333333333333,0.3626666666666667,False,,False,0.010000000009505967,,6.504590188972448e-05,-83.73560120502837,0.3173333333333331,-0.002666666666666928,,False,0.0,,,,,False,,
0.33,0.28733333333333333,0.37266666666666665,False,,False,0.01000000000002385,,6.0260973859570665e-05,-84.39927708205504,0.3273333333333331,-0.002666666666666928,,False,0.0,,,,,False,,
0.34,0.29733333333333334,0.38266666666666665,False,,False,0.010000000003996623,,5.631323691110961e-05,-84.9877901698446,0.3373333333333331,-0.002666666666666928,,False,0.0,,,,,False,,
0.35,0.30733333333333335,0.39266666666666666,False,,False,0.010000000001606033,,5.544859636946082e-05,-85.12218886287113,0.3473333333333331,-0.0026666666666668726,,False,0.0,,,,,False,,
0.36,0.31733333333333336,0.4026666666666667,False,,False,0.010000000101429396,,5.798033969741973e-05,-84.73438489025074,0.3573333333333331,-0.0026666666666668726,,False,0.0,,,,,False,,
0.37,0.3273333333333333,0.4126666666666667,False,,False,0.010000000000419559,,5.7933261803712975e-05,-84.74144037651496,0.3673333333333331,-0.0026666666666668726,,False,0.0,,,,,False,,
0.38,0.3373333333333333,0.4226666666666667,False,,False,0.010000005216229449,,5.9360002091844365e-05,-84.53012184849014,0.37733333333333313,-0.0026666666666668726,,False,0.0,,,,,False,,
0.39,0.3473333333333333,0.43266666666666664,False,,False,0.010000000814014906,,5.652079387249803e-05,-84.95583493646112,0.3873333333333331,-0.002666666666666928,,False,0.0,,,,,False,,
0.4,0.35733333333333334,0.44266666666666665,False,,False,0.010000000047726025,,6.088969659784274e-05,-84.30912379899198,0.3973333333333331,-0.002666666666666928,,False,0.0,,,,,False,,
0.41,0.36733333333333335,0.45266666666666666,False,,False,0.010000005216229449,,6.19961660886574e-05,-84.15270333842953,0.4073333333333331,-0.0026666666666668726,,False,0.0,,,,,False,,
0.42,0.37733333333333335,0.46266666666666667,False,,False,0.010000002871100368,,6.85236730741879e-05,-83.28318731194227,0.4173333333333331,-0.0026666666666668726,,False,0.0,,,,,False,,
0.43,0.3873333333333333,0.4726666666666667,False,,False,0.010000802780927255,,7.279696596394254e-05,-82.75773441719423,0.4273333333333331,-0.0026666666666668726,,False,0.0,,,,,False,,
0.44,0.3973333333333333,0.4826666666666667,False,,False,0.0100028158258111,,7.765275186852372e-05,-82.19686298154474,0.43733333333333313,-0.0026666666666668726,,False,0.0,,,,,False,,
0.45,0.4073333333333333,0.49266666666666664,False,,False,0.010001873046012551,,7.575110195344254e-05,-82.41222090170959,0.4473333333333331,-0.002666666666666928,,False,0.0,,,,,False,,
0.46,0.41733333333333333,0.5026666666666667,False,,False,0.010000802780927255,,8.0406113496132e-05,-81.89421858804165,0.4573333333333331,-0.002666666666666928,,False,0.0,,,,,False,,
0.47,0.42733333333333334,0.5126666666666667,False,,False,0.0100000470079773,,8.220290907563681e-05,-81.70225625914031,0.4673333333333331,-0.0026666666666668726,,False,0.0,,,,,False,,
0.48,0.43733333333333335,0.5226666666666666,False,,False,0.010000078102280324,,8.473223221298667e-05,-81.43902704499752,0.4773333333333331,-0.0026666666666668726,,False,0.0,,,,,False,,
0.49,0.44733333333333336,0.5326666666666666,False,,False,0.010000000417925077,,9.082590114475002e-05,-80.83580569033423,0.4873333333333331,-0.0026666666666668726,,False,0.0,,,,,False,,
0.5,0.4573333333333333,0.5426666666666666,False,,False,0.010000000047726025,,9.146825548576494e-05,-80.77459207701364,0.4973333333333331,-0.0026666666666668726,,False,0.0,,,,,False,,
0.51,0.4673333333333333,0.5526666666666666,False,,False,0.010000000000613862,,9.196283955006509e-05,-80.7277525484281,0.5073333333333331,-0.002666666666666928,,False,0.0,,,,,False,,
0.52,0.47733333333333333,0.5626666666666666,False,,False,0.010000000000023851,,9.073322801913917e-05,-80.84467275876625,0.5173333333333331,-0.002666666666666928,,False,0.0,,,,,False,,
0.53,0.48733333333333334,0.5726666666666667,False,,False,0.010000000000000439,,9.804773836116696e-05,-80.17124839251821,0.5273333333333331,-0.002666666666666928,,False,0.0,,,,,False,,
0.54,0.49733333333333335,0.5826666666666667,False,,False,0.010000000000006925,,9.530422977460545e-05,-80.41775648313981,0.5373333333333331,-0.002666666666666928,,False,0.0,,,,,False,,
0.55,0.5073333333333333,0.5926666666666667,False,,False,0.01000000000000011,,9.436557966260124e-05,-80.5037277599177,0.5473333333333331,-0.002666666666666928,,False,0.0,,,,,False,,
0.56,0.5173333333333333,0.6026666666666667,False,,False,0.01000000000000011,,9.535312545283434e-05,-80.4133013445098,0.5573333333333331,-0.002666666666666928,,False,0.0,,,,,False,,
0.57,0.5273333333333333,0.6126666666666667,False,,False,0.01000000000000011,,9.139116255815814e-05,-80.7819159623011,0.5673333333333331,-0.002666666666666817,,False,0.0,,,,,False,,
0.58,0.5373333333333333,0.6226666666666667,False,,False,0.01000000000000011,,9.066052610479047e-05,-80.85163530101441,0.5773333333333331,-0.002666666666666817,,False,0.0,,,,,False,,
0.59,0.5473333333333333,0.6326666666666667,False,,False,0.010000000000001869,,8.842983346045404e-05,-81.06802385778259,0.5873333333333332,-0.002666666666666817,,False,0.0,,,,,False,,
0.6,0.5573333333333333,0.6426666666666667,False,,False,0.010000000000001869,,8.475637971240556e-05,-81.43655204075948,0.5973333333333332,-0.002666666666666817,,False,0.0,,,,,False,,
0.61,0.5673333333333334,0.6526666666666666,False,,False,0.010000000000001869,,7.983854718978525e-05,-81.95574748882254,0.6073333333333331,-0.002666666666666928,,False,0.0,,,,,False,,
0.62,0.5773333333333334,0.6626666666666666,False,,False,0.01,,8.023768204637467e-05,-81.91243251924662,0.6173333333333331,-0.002666666666666928,,False,0.0,,,,,False,,
0.63,0.5873333333333334,0.6726666666666666,False,,False,0.010000000001606037,,8.442980574904083e-05,-81.47008419847892,0.6273333333333331,-0.002666666666666928,,False,0.0,,,,,False,,
0.64,0.5973333333333334,0.6826666666666666,False,,False,0.010000000101429396,,8.799809807359562e-05,-81.1105342854213,0.6373333333333331,-0.002666666666666928,,False,0.0,,,,,False,,
0.65,0.6073333333333333,0.6926666666666667,False,,False,0.010000005216229449,,8.692834249932742e-05,-81.21677202356884,0.6473333333333331,-0.002666666666666928,,False,0.0,,,,,False,,
0.66,0.6173333333333333,0.7026666666666667,False,,False,0.010000001546554298,,8.514581399873663e-05,-81.39673396563936,0.6573333333333331,-0.002666666666666928,,False,0.0,,,,,False,,
0.67,0.6273333333333333,0.7126666666666667,False,,False,0.010000005216229447,,8.187725842239868e-05,-81.73673415359504,0.6673333333333331,-0.002666666666666928,,False,0.0,,,,,False,,
0.68,0.6373333333333333,0.7226666666666667,False,,False,0.0100000470079773,,8.217939466809718e-05,-81.70474124134991,0.6773333333333331,-0.002666666666666928,,False,0.0,,,,,False,,
0.69,0.6473333333333333,0.7326666666666667,False,,False,0.01000032860450166,,8.34124359347148e-05,-81.5753839140563,0.6873333333333331,-0.002666666666666817,,False,0.0,,,,,False,,
0.7,0.6573333333333333,0.7426666666666667,False,,False,0.010000002871100368,,7.832912139275005e-05,-82.12153489706066,0.6973333333333331,-0.002666666666666817,,False,0.0,,,,,False,,
0.71,0.6673333333333333,0.7526666666666667,False,,False,0.01000000000061386,,7.201030511085445e-05,-82.85210697900462,0.7073333333333331,-0.002666666666666817,,False,0.0,,,,,False,,
0.72,0.6773333333333333,0.7626666666666667,False,,False,0.01,,6.175363377594786e-05,-84.18674964155679,0.7173333333333332,-0.002666666666666817,,False,0.0,,,,,False,,
0.73,0.6873333333333334,0.7726666666666666,False,,False,0.010000000000001869,,6.0368412849801867e-05,-84.38380484126547,0.7273333333333332,-0.002666666666666817,,False,0.0,,,,,False,,
0.74,0.6973333333333334,0.7826666666666666,False,,False,0.010000000000001867,,6.073078617443271e-05,-84.33182193591924,0.7373333333333331,-0.002666666666666928,,False,0.0,,,,,False,,
0.75,0.7073333333333334,0.7926666666666666,False,,False,0.010000000000006925,,6.047002107224751e-05,-84.36919760107143,0.7473333333333331,-0.002666666666666928,,False,0.0,,,,,False,,
0.76,0.7173333333333334,0.8026666666666666,False,,False,0.010000000000006925,,6.363409295313731e-05,-83.92620283975612,0.7573333333333331,-0.002666666666666928,,False,0.0,,,,,False,,
0.77,0.7273333333333334,0.8126666666666666,False,,False,0.01,,6.143987109124284e-05,-84.23099408362616,0.7673333333333331,-0.002666666666666928,,False,0.0,,,,,False,,
0.78,0.7373333333333333,0.8226666666666667,False,,False,0.010000000000000439,,6.250569466169508e-05,-84.08160827792271,0.7773333333333331,-0.002666666666666928,,False,0.0,,,,,False,,
0.79,0.7473333333333333,0.8326666666666667,False,,False,0.01,,6.343905780625378e-05,-83.95286551525403,0.7873333333333331,-0.002666666666666928,,False,0.0,,,,,False,,
0.8,0.7573333333333333,0.8426666666666667,False,,False,0.01,,6.458459627501044e-05,-83.79742101795243,0.7973333333333331,-0.002666666666666928,,False,0.0,,,,,False,,
0.81,0.7673333333333333,0.8526666666666667,False,,False,0.010000000000023851,,6.633180227840929e-05,-83.56556404952941,0.8073333333333331,-0.002666666666666928,,False,0.0,,,,,False,,
0.82,0.7773333333333333,0.8626666666666667,False,,False,0.010000000000221913,,6.561494147309436e-05,-83.65994508430364,0.8173333333333331,-0.002666666666666817,,False,0.0,,,,,False,,
0.83,0.7873333333333333,0.8726666666666667,False,,False,0.010000000047726021,,6.943999953286739e-05,-83.1678058150625,0.8273333333333331,-0.002666666666666817,,False,0.0,,,,,False,,
0.84,0.7973333333333333,0.8826666666666667,False,,False,0.010000000001606037,,7.720640048221243e-05,-82.24693389512892,0.8373333333333332,-0.002666666666666817,,False,0.0,,,,,False,,
0.85,0.8073333333333333,0.8926666666666667,False,,False,0.010000002871100368,,8.198687679823076e-05,-81.72511314506224,0.8473333333333332,-0.002666666666666817,,False,0.0,,,,,False,,
0.86,0.8173333333333334,0.9026666666666666,False,,False,0.01000000928748663,,8.806267057239585e-05,-81.10416296683972,0.8573333333333332,-0.002666666666666817,,False,0.0,,,,,False,,
0.87,0.8273333333333334,0.9126666666666666,False,,False,0.010000027850262286,,8.981136418265038e-05,-80.93337413757698,0.8673333333333331,-0.002666666666666928,,False,0.0,,,,,False,,
0.88,0.8373333333333334,0.9226666666666666,False,,False,0.010000002871100368,,9.355856125196724e-05,-80.57832930825724,0.8773333333333331,-0.002666666666666928,,False,0.0,,,,,False,,
0.89,0.8473333333333334,0.9326666666666666,False,,False,0.010000016226422836,,9.178341176471785e-05,-80.74471605571864,0.8873333333333331,-0.002666666666666928,,False,0.0,,,,,False,,
0.9,0.8573333333333333,0.9426666666666667,False,,False,0.010000047007977299,,9.792475370478533e-05,-80.18215024186942,0.8973333333333331,-0.002666666666666928,,False,0.0,,,,,False,,
0.91,0.8673333333333333,0.9526666666666667,False,,False,0.010000802780927255,,0.00010550715806214171,-79.53436149899727,0.9073333333333331,-0.002666666666666928,,False,0.0,,,,,False,,
0.92,0.8773333333333333,0.9626666666666667,False,,False,0.01001876450976914,,0.00011885016707281209,-78.5000040685773,0.9173333333333331,-0.002666666666666928,,False,0.0,,,,,False,,
0.93,0.8873333333333333,0.9726666666666667,False,,False,0.010052967545965857,,0.00012522310300796136,-78.04631077343015,0.9273333333333331,-0.002666666666666928,,False,0.0,,,,,False,,
0.94,0.8973333333333333,0.9826666666666667,False,,False,0.010467533617069905,,0.00015616762725263042,-76.12817976290765,0.9373333333333331,-0.002666666666666817,,False,0.0,,,,,False,,
0.95,0.9073333333333333,0.9926666666666667,False,,False,0.020317628556360583,,0.0001783313597301903,-74.97544558066372,0.9473333333333331,-0.002666666666666817,,False,0.0,,,,,False,,
0.96,0.9173333333333333,1.0026666666666666,False,,False,0.010349055133375844,,0.0009799775095545942,-60.1756778246892,0.9573333333333331,-0.002666666666666817,,False,0.0,,,,,False,,
0.97,0.9273333333333333,1.0126666666666666,False,,False,0.010824463728234167,,0.0018530072345336716,-54.642457701998524,0.9673333333333332,-0.002666666666666817,,False,0.0,,,,,False,,
0.98,0.9373333333333334,1.0226666666666666,False,,False,0.010000000814014906,,0.014169030314264518,-36.97319741082239,0.9773333333333332,-0.002666666666666817,,False,0.0,,,,,False,,
0.99,0.9473333333333334,1.0326666666666666,False,,False,0.010052967545965859,,0.03235671595316773,-29.80071127135195,0.9873333333333331,-0.002666666666666928,,False,0.0,,,,,False,,
1.0,0.9573333333333334,1.0426666666666666,False,,False,0.010013068846238975,,0.04719395871320333,-26.522271834708775,0.9973333333333331,-0.002666666666666928,,False,0.0,,,,,False,,
1.01,0.9673333333333334,1.0526666666666666,False,140.9494931391844,True,0.01010197459374499,1.0000000000000009,0.059597929702152955,-24.495376528197745,1.007333333333333,-0.002666666666667039,,False,0.0,,,pyin_probability_below_0.5|voicing_disagreement,,False,1.5000000000000004,
1.02,0.9773333333333334,1.0626666666666666,False,141.7660052464835,True,0.012403124793551348,1.1000000000000019,0.06824798623636849,-23.318203172728925,1.017333333333333,-0.002666666666667039,,False,0.0,,,pyin_probability_below_0.5|voicing_disagreement,,False,1.599999999999999,
1.03,0.9873333333333333,1.0726666666666667,False,141.7660052464835,True,0.02031762855636058,1.1000000000000019,0.07506163624182229,-22.4916394557864,1.027333333333333,-0.002666666666667039,,False,0.0,,,pyin_probability_below_0.5|voicing_disagreement,,False,1.599999999999999,
1.04,0.9973333333333333,1.0826666666666667,False,141.7660052464835,True,0.04069733156888106,1.1000000000000019,0.08041132636310018,-21.893655485094126,1.037333333333333,-0.002666666666667039,142.45501994817096,True,0.7360069574629893,0.689014701687455,-0.08393805826188444,pyin_probability_below_0.5,1.1592179901842483,False,1.599999999999999,1.7706166545778412
1.05,1.0073333333333334,1.0926666666666667,False,141.7660052464835,True,0.06608151270920702,1.1000000000000019,0.08308488551103849,-21.60955948489017,1.047333333333333,-0.002666666666667039,142.1179763012791,True,0.9293539858839933,0.3519710547955981,-0.04292912782577074,pyin_probability_below_0.5,1.1182090597481353,False,1.599999999999999,1.7296077241417276
1.06,1.0173333333333334,1.1026666666666667,False,141.7660052464835,True,0.15046460134333878,1.1000000000000019,0.08379911274355692,-21.535211592219568,1.057333333333333,-0.002666666666667039,142.55323654800534,True,0.9655556641042149,0.7872313015218424,-0.09587005845290816,pyin_probability_below_0.5,1.171149990375273,False,1.599999999999999,1.7825486547688638
1.07,1.0273333333333334,1.1126666666666667,False,142.58724736030138,True,0.48498680771591124,1.1999999999999993,0.08136535021688196,-21.79121003816803,1.067333333333333,-0.002666666666667039,142.81307785198933,True,0.9699725691445736,0.2258304916879581,-0.027397692545286338,pyin_probability_below_0.5,1.2026776244676514,False,1.6999999999999993,1.8140762888612416
1.08,1.0373333333333334,1.1226666666666667,False,141.7660052464835,True,0.6860828109301793,1.1000000000000019,0.07668465261688011,-22.305830908957482,1.077333333333333,-0.002666666666667039,142.42863195179223,True,0.9386355701189044,0.6626267053087247,-0.08073086840430736,,1.1560108003266722,True,1.599999999999999,1.7674094647202656
1.09,1.0473333333333332,1.1326666666666667,False,142.58724736030138,True,0.6860828109301791,1.1999999999999993,0.0676368481976791,-23.396332764906393,1.087333333333333,-0.002666666666667039,141.16124311036648,True,0.8943790758331583,1.4260042499348913,0.1740109976871662,,1.0012689342352,True,1.6999999999999993,1.6126675986287928
1.1,1.0573333333333332,1.1426666666666667,False,142.58724736030138,True,0.6159498854580681,1.1999999999999993,0.05952220339454543,-24.506420008793075,1.097333333333333,-0.002666666666667039,141.29416349072255,True,0.8324441981085113,1.2930838695788225,0.15771700579349618,,1.0175629261288686,True,1.6999999999999993,1.62896159052246
1.11,1.0673333333333332,1.1526666666666667,False,141.7660052464835,True,0.4849868077159112,1.1000000000000019,0.049444992652327255,-26.11755366619945,1.107333333333333,-0.002666666666667039,142.40460768166852,True,0.9220890768787278,0.638602435185021,-0.07781044840035763,pyin_probability_below_0.5,1.153090380322723,False,1.599999999999999,1.7644890447163148
1.12,1.0773333333333333,1.1626666666666667,False,141.7660052464835,True,0.42606232904328145,1.1000000000000019,0.04058244653051506,-27.833235497618382,1.117333333333333,-0.002666666666667039,142.1178554353861,True,0.9571851153674504,0.35185018890260267,-0.04291440433731725,pyin_probability_below_0.5,1.1181943362596822,False,1.599999999999999,1.7295930006532738
1.13,1.0873333333333333,1.1726666666666667,False,141.7660052464835,True,0.4849868077159113,1.1000000000000019,0.03150994309970586,-30.03104762138581,1.127333333333333,-0.002666666666666817,142.1291377735119,True,0.9616978494142572,0.36313252702839804,-0.04428872796383808,pyin_probability_below_0.5,1.1195686598862038,False,1.599999999999999,1.7309673242797965
1.14,1.0973333333333333,1.1826666666666668,False,141.7660052464835,True,0.8266685594724995,1.1000000000000019,0.02897489788304019,-30.759561719132233,1.137333333333333,-0.002666666666666817,142.5775959874227,True,0.9754429875072778,0.8115907409392094,-0.09882813146543434,,1.1741080633877994,True,1.599999999999999,1.7855067277813925
1.15,1.1073333333333333,1.1926666666666668,False,141.7660052464835,True,0.7571601330199093,1.1000000000000019,0.02765654933863611,-31.16404014084253,1.147333333333333,-0.002666666666666817,142.1716276294831,True,0.9776596257394484,0.40562238299960995,-0.049463521344413196,,1.124743453266777,True,1.599999999999999,1.7361421176603706
1.16,1.1173333333333333,1.2026666666666668,False,141.7660052464835,True,0.615949885458068,1.1000000000000019,0.02693320989266341,-31.394237688102994,1.157333333333333,-0.002666666666666817,141.4173580128741,True,0.9659388867801818,0.3486472336093982,0.04262893553922563,,1.0326509963831392,True,1.599999999999999,1.6440496607767305
1.17,1.1273333333333333,1.2126666666666666,False,142.58724736030138,True,0.5485250542599845,1.1999999999999993,0.02642242533533924,-31.560546413149705,1.1673333333333331,-0.002666666666666817,140.9285383488721,True,0.9444181287785134,1.6587090114292664,0.20257399601913031,,0.9727059359032366,True,1.6999999999999993,1.5841046002968275
1.18,1.1373333333333333,1.2226666666666666,False,146.76537262479707,True,0.011853505394683413,1.7000000000000026,0.03238106286517962,-29.794178004236723,1.1773333333333331,-0.002666666666666817,140.89677044162758,True,0.9241039529189266,5.868602183169486,0.7064769586847806,pyin_probability_below_0.5,0.9688029732375849,False,2.1999999999999993,1.5802016376311772
1.19,1.1473333333333333,1.2326666666666666,False,151.06592630451914,True,0.010824463728234167,2.1999999999999993,0.04493319752173783,-26.94865350366345,1.187333333333333,-0.002666666666667039,141.5815628147471,True,0.9363804178669494,9.48436348977205,1.122538613279779,pyin_probability_below_0.5|pitch_difference_over_1_semitone,1.0527413186425825,False,2.6999999999999966,1.6641399830361783
1.2,1.1573333333333333,1.2426666666666666,False,148.4707041104003,True,0.01646758759311301,1.9000000000000006,0.06004076018956629,-24.43107635387721,1.197333333333333,-0.002666666666667039,143.868867218343,True,0.9641093363239259,4.6018368920572925,0.5450863062063893,pyin_probability_below_0.5,1.330193625715974,False,2.399999999999998,1.941592290109566
1.21,1.1673333333333333,1.2526666666666666,False,148.4707041104003,True,0.05607139544589261,1.9000000000000006,0.07268838990527034,-22.770699018784775,1.207333333333333,-0.002666666666667039,154.19517893334415,True,0.769857716328925,5.724474822943847,-0.6549524247931207,pyin_probability_below_0.5,2.5302323567154863,False,2.399999999999998,3.1416310211090774
1.22,1.1773333333333333,1.2626666666666666,False,148.4707041104003,True,0.1504646013433388,1.9000000000000006,0.08506952053388384,-21.40452029889792,1.217333333333333,-0.002666666666667039,152.66020309772694,True,0.6265043410163366,4.18949898732663,-0.48174871045320355,pyin_probability_below_0.5,2.357028642375571,False,2.399999999999998,2.9684273067691604
1.23,1.1873333333333334,1.2726666666666666,False,148.4707041104003,True,0.27960516533635893,1.9000000000000006,0.09288956085704299,-20.64066180557909,1.227333333333333,-0.002666666666667039,148.3762493840152,True,0.8067195878962645,0.094454726385095,0.011017343584424848,pyin_probability_below_0.5,1.8642625883379398,False,2.399999999999998,2.4756612527315296
1.24,1.1973333333333334,1.2826666666666666,False,148.4707041104003,True,0.4260623290432815,1.9000000000000006,0.09882738006709761,-20.10245435425886,1.237333333333333,-0.002666666666667039,148.23090115780957,True,0.9431891804229067,0.23980295259073614,0.02798469031634921,pyin_probability_below_0.5,1.8472952416060129,False,2.399999999999998,2.458693905999608
1.25,1.2073333333333334,1.2926666666666666,False,147.61557577921405,True,0.4260623290432815,1.800000000000001,0.1048789406510796,-19.586234159333134,1.247333333333333,-0.002666666666667039,148.40416924917076,True,0.9675719899007613,0.7885934699567088,-0.09224000213722752,pyin_probability_below_0.5,1.8675199340595916,False,2.2999999999999963,2.478918598453183
1.26,1.2173333333333334,1.3026666666666666,False,147.61557577921405,True,0.42606232904328145,1.800000000000001,0.10885412412360734,-19.263102246523736,1.257333333333333,-0.002666666666667039,148.19493471785484,True,0.9813653830778701,0.5793589386407803,-0.06781416941563198,pyin_probability_below_0.5,1.8430941013379951,False,2.2999999999999963,2.4544927657315876
1.27,1.2273333333333334,1.3126666666666666,False,146.76537262479707,True,0.4849868077159113,1.7000000000000026,0.10673036178214755,-19.434240369007657,1.267333333333333,-0.002666666666667039,147.67983186215562,True,0.9825195423339786,0.9144592373585567,-0.107534307512086,pyin_probability_below_0.5,1.7828142394344502,False,2.1999999999999993,2.394212903828042
1.28,1.2373333333333334,1.3226666666666667,False,146.76537262479707,True,0.4260623290432815,1.7000000000000026,0.10137973132182863,-19.880977281704276,1.277333333333333,-0.002666666666667039,146.7229056706517,True,0.9787481572858502,0.04246695414536816,0.005010097024435491,pyin_probability_below_0.5,1.6702698348979306,False,2.1999999999999993,2.2816684992915235
1.29,1.2473333333333334,1.3326666666666667,False,146.76537262479707,True,0.3721358982975087,1.7000000000000026,0.0948441783706205,-20.459786427632558,1.287333333333333,-0.002666666666667039,144.86304414450726,True,0.9117231239876581,1.9023284802898104,0.22586430962925455,pyin_probability_below_0.5,1.4494156222931098,False,2.1999999999999993,2.0608142866867016
1.3,1.2573333333333334,1.3426666666666667,False,145.9200662802185,True,0.27960516533635893,1.6000000000000023,0.08250762366733645,-21.670118419622643,1.297333333333333,-0.002666666666667039,142.09460653633198,True,0.8157216378185012,3.825459743886512,0.4599179335170009,pyin_probability_below_0.5,1.1153619984053618,False,2.0999999999999988,1.7267606627989562
1.31,1.2673333333333334,1.3526666666666667,False,145.07962854192903,True,0.20650679911775233,1.5000000000000004,0.07365757704678147,-22.65565142575563,1.307333333333333,-0.002666666666667039,142.4102186510895,True,0.5991591193319451,2.6694098908395176,0.3215074311190318,pyin_probability_below_0.5,1.1537725008033322,False,1.9999999999999973,1.7651711651969229
1.32,1.2773333333333334,1.3626666666666667,False,143.41324688128702,True,0.10857977072874497,1.2999999999999994,0.06273904478625587,-24.04924195606039,1.317333333333333,-0.002666666666667039,145.50379381077352,True,0.68995104425698,2.090546929486493,-0.2505417598473466,pyin_probability_below_0.5,1.525821691769707,False,1.799999999999994,2.1372203561633
1.33,1.2873333333333334,1.3726666666666667,False,142.58724736030138,True,0.05607139544589263,1.1999999999999993,0.05514568635979306,-25.169769070969963,1.327333333333333,-0.002666666666667039,145.6127016212074,True,0.7893445343314239,3.025454260906031,-0.36349498794584273,pyin_probability_below_0.5,1.5387749198682064,False,1.6999999999999993,2.1501735842617986
1.34,1.2973333333333332,1.3826666666666667,False,144.24403136881983,True,0.013100262550513395,1.3999999999999968,0.04082381119596252,-27.78172906436759,1.337333333333333,-0.002666666666667039,144.8317786310494,True,0.771975347893954,0.5877472622295556,-0.07039879779176532,pyin_probability_below_0.5,1.4456787297141267,False,1.8999999999999972,2.057077394107719
1.35,1.3073333333333332,1.3926666666666667,False,144.24403136881983,True,0.018187375734912182,1.3999999999999968,0.03220876214739237,-29.840519314774877,1.347333333333333,-0.002666666666667039,144.21340500360085,True,0.7447784629867155,0.030626365218978435,0.0036762031259984992,pyin_probability_below_0.5,1.3716037287963647,False,1.8999999999999972,1.9830023931899552
1.36,1.3173333333333332,1.4026666666666667,False,,False,0.01000419105279527,,0.03735052976766389,-28.55406467828814,1.357333333333333,-0.002666666666667039,142.69216038655406,True,0.6752633887757412,,,voicing_disagreement,1.1880133439034006,False,,1.7994120082969958
1.37,1.3273333333333333,1.4126666666666667,False,,False,0.0100028158258111,,0.04147558578934693,-27.64414942817723,1.367333333333333,-0.002666666666667039,141.253117442573,True,0.5879685362769862,,,voicing_disagreement,1.0125329490997974,False,,1.6239316134933897
1.38,1.3373333333333333,1.4226666666666667,False,115.14977748330686,True,0.010349055133375844,-2.5000000000000013,0.05015219550780368,-25.994201003198985,1.377333333333333,-0.002666666666666817,136.39929355846593,True,0.39446587859038035,21.249516075159065,-2.931894589165036,pyin_probability_below_0.5|pitch_difference_over_1_semitone,0.40717452108739655,False,-2.000000000000005,1.0185731854809912
1.39,1.3473333333333333,1.4326666666666668,False,114.4865635674993,True,0.015085587297504336,-2.599999999999998,0.057429086367948017,-24.81736185599424,1.387333333333333,-0.002666666666666817,110.51028009039275,True,0.41735813626169016,3.9762834771065485,0.6119725083767779,pyin_probability_below_0.5,-3.2366925764544145,False,-2.1000000000000014,-2.6252939120608207
1.4,1.3573333333333333,1.4426666666666668,False,112.51975293079859,True,0.016467587593113005,-2.8999999999999995,0.06391615413941057,-23.887787291616135,1.397333333333333,-0.002666666666666817,114.98385755399677,True,0.7053376859208388,2.464104623198182,-0.3750365668395993,pyin_probability_below_0.5,-2.5496835012380368,False,-2.4000000000000026,-1.9382848368444452
1.41,1.3673333333333333,1.4526666666666668,False,111.87168684176291,True,0.03010686179419501,-2.9999999999999987,0.06701373325320935,-23.476723747502763,1.407333333333333,-0.002666666666666817,116.76921539852312,True,0.9075862837033402,4.897528556760207,-0.7417802520720861,pyin_probability_below_0.5,-2.2829398160055496,False,-2.5000000000000013,-1.671541151611958
1.42,1.3773333333333333,1.4626666666666666,False,111.87168684176291,True,0.02616802860893576,-2.9999999999999987,0.06834289566385729,-23.30613248493509,1.4173333333333331,-0.002666666666666817,113.99436198340065,True,0.8906912986517769,2.1226751416377425,-0.3254101884004814,pyin_probability_below_0.5,-2.6993098796771537,False,-2.5000000000000013,-2.0879112152835626
1.43,1.3873333333333333,1.4726666666666666,False,111.2273533387383,True,0.020317628556360583,-3.0999999999999983,0.06991492255857194,-23.108602381175377,1.4273333333333331,-0.002666666666666817,111.79978616538784,True,0.8963839099544885,0.5724328266495462,-0.08886966659578699,pyin_probability_below_0.5,-3.035850401481846,False,-2.6000000000000005,-2.4244517370882535
1.44,1.3973333333333333,1.4826666666666666,False,110.58673092361124,True,0.01646758759311301,-3.2000000000000006,0.0683782668423867,-23.301638225900167,1.437333333333333,-0.002666666666667039,109.25009992667901,True,0.9011465486452189,1.3366309969322288,0.21052428742443216,pyin_probability_below_0.5,-3.4352443555020695,False,-2.700000000000003,-2.8238456911084784
1.45,1.4073333333333333,1.4926666666666666,False,109.9497982220883,True,0.026168028608935755,-3.3000000000000007,0.06551978773851916,-23.672550364189384,1.447333333333333,-0.002666666666667039,108.09945220193092,True,0.8527376349797048,1.8503460201573887,0.2938289328929776,pyin_probability_below_0.5,-3.6185490009706136,False,-2.800000000000002,-3.0071503365770216
1.46,1.4173333333333333,1.5026666666666666,False,108.68691707750624,True,0.030106861794195014,-3.4999999999999982,0.06142313371855951,-24.233360605152832,1.457333333333333,-0.002666666666667039,104.82443606864206,True,0.8147050615832935,3.8624810088641794,0.6264386529928518,pyin_probability_below_0.5,-4.151158721070487,False,-3.000000000000001,-3.5397600566768945
1.47,1.4273333333333333,1.5126666666666666,False,107.43854136004751,True,0.056071395445892624,-3.700000000000003,0.05485109154713895,-25.2162945092121,1.467333333333333,-0.002666666666667039,103.1605316705885,True,0.7549356857870873,4.278009689459012,0.7034461152883823,pyin_probability_below_0.5,-4.428166183366021,False,-3.2000000000000055,-3.816767518972429
1.48,1.4373333333333334,1.5226666666666666,False,106.2045044606715,True,0.018187375734912182,-3.8999999999999986,0.0458135145332028,-26.780127810481773,1.477333333333333,-0.002666666666667039,102.37076061564015,True,0.6506338251061916,3.83374384503135,0.636494981535105,pyin_probability_below_0.5,-4.56121504961274,False,-3.4000000000000012,-3.9498163852191475
1.49,1.4473333333333334,1.5326666666666666,False,103.77879022636449,True,0.022944219124638603,-4.299999999999998,0.03609377295218557,-28.851354358438495,1.487333333333333,-0.002666666666667039,102.57095118932541,True,0.4829179000110383,1.2078390370390792,0.20267298945305778,pyin_probability_below_0.5,-4.527393057530694,False,-3.8000000000000025,-3.915994393137101
1.5,1.4573333333333334,1.5426666666666666,False,103.18106837793296,True,0.015085587297504336,-4.4,0.030272006710617617,-30.37917578010099,1.497333333333333,-0.002666666666667039,107.49160690403292,True,0.4239420239228538,4.310538526099961,-0.7085487195899227,pyin_probability_below_0.5,-3.7161713484877157,False,-3.9000000000000035,-3.104772684094123
1.51,1.4673333333333334,1.5526666666666666,False,103.77879022636449,True,0.012403124793551346,-4.299999999999998,0.026232444840309323,-31.623224633350816,1.507333333333333,-0.002666666666667039,109.20520718137446,True,0.7767582165215481,5.4264169550099695,-0.882360312052662,pyin_probability_below_0.5,-3.442359756024973,False,-3.8000000000000025,-2.830961091631379
1.52,1.4773333333333334,1.5626666666666666,False,105.59281152631061,True,0.010824463728234165,-4.000000000000001,0.021596601600338564,-33.3122916643305,1.517333333333333,-0.002666666666667039,109.80825796050212,True,0.9139374870574573,4.215446434191506,-0.6776991698678421,pyin_probability_below_0.5,-3.347020898209794,False,-3.5000000000000027,-2.735622233816203
1.53,1.4873333333333334,1.5726666666666667,False,108.06092649856241,True,0.018187375734912182,-3.6000000000000014,0.017693759403537374,-35.04359764960641,1.527333333333333,-0.002666666666667039,108.85750121476315,True,0.8902839842061635,0.7965747162007375,-0.12715042100329826,pyin_probability_below_0.5,-3.4975696470743367,False,-3.100000000000003,-2.8861709826807442
1.54,1.4973333333333334,1.5826666666666667,False,108.06092649856241,True,0.1504646013433388,-3.6000000000000014,0.016925930479410163,-35.42894894506826,1.537333333333333,-0.002666666666667039,106.41786524146427,True,0.8513531329754284,1.6430612570981395,0.26525506013840683,pyin_probability_below_0.5,-3.8899751282160437,False,-3.100000000000003,-3.278576463822451
1.55,1.5073333333333334,1.5926666666666667,False,108.68691707750624,True,0.056071395445892624,-3.4999999999999982,0.01745989904381373,-35.159165435794975,1.547333333333333,-0.002666666666667039,104.65626745541599,True,0.8629646816174431,4.030649622090252,0.6542349403689158,pyin_probability_below_0.5,-4.178955008446549,False,-3.000000000000001,-3.5675563440529565
1.56,1.5173333333333334,1.6026666666666667,False,109.9497982220883,True,0.03010686179419501,-3.3000000000000007,0.018810211554377055,-34.51212640012276,1.557333333333333,-0.002666666666667039,105.98464967543006,True,0.8572392400654989,3.9651485466582415,0.6358755590327735,pyin_probability_below_0.5,-3.9605956271104095,False,-2.800000000000002,-3.349196962716818
1.57,1.5273333333333334,1.6126666666666667,False,119.21052561660726,True,0.010000127845232541,-1.9000000000000006,0.02541420039474169,-31.89847099848135,1.567333333333333,-0.002666666666667039,106.31681444815794,True,0.9290445383834857,12.893711168449315,1.9817020811384578,pyin_probability_below_0.5|pitch_difference_over_1_semitone,-3.906422149216096,False,-1.4000000000000026,-3.2950234848225026
1.58,1.5373333333333334,1.6226666666666667,False,115.14977748330686,True,0.010037765502929688,-2.5000000000000013,0.03690561667594332,-28.658150668286982,1.577333333333333,-0.002666666666667039,108.80850835407854,True,0.8705817505220516,6.341269129228323,0.9806429970116437,pyin_probability_below_0.5,-3.5053630650892798,False,-2.000000000000005,-2.8939644006956877
1.59,1.5473333333333332,1.6326666666666667,False,115.14977748330686,True,0.015085587297504338,-2.5000000000000013,0.046744581298507525,-26.605374518739097,1.587333333333333,-0.002666666666667039,114.45674271360255,True,0.9007695895907213,0.6930347697043118,0.10451001418376121,pyin_probability_below_0.5,-2.6292300822613983,False,-2.000000000000005,-2.017831417867806
1.6,1.5573333333333332,1.6426666666666667,False,117.84127594565435,True,0.026168028608935755,-2.1000000000000014,0.05804546422474594,-24.72463422277214,1.597333333333333,-0.002666666666667039,120.25429357443092,True,0.6010283219414424,2.413017628776572,-0.35092138191757816,pyin_probability_below_0.5,-1.77379868616006,False,-1.6000000000000043,-1.1624000217664674
1.61,1.5673333333333332,1.6526666666666667,False,119.9011051661721,True,0.01646758759311301,-1.799999999999999,0.06393453683447159,-23.88528953332583,1.607333333333333,-0.002666666666667039,115.07441419433088,True,0.6744438764334115,4.8266909718412165,0.7113342994612718,pyin_probability_below_0.5,-2.536054367538907,False,-1.3000000000000027,-1.9246557031453144
1.62,1.5773333333333333,1.6626666666666667,False,121.29428889978496,True,0.011085791888943373,-1.6,0.06844904734709333,-23.292651837314104,1.617333333333333,-0.002666666666667039,114.84810070926751,True,0.8653963898351994,6.4461881905174465,0.9454154974511004,pyin_probability_below_0.5,-2.570135565528738,False,-1.1000000000000039,-1.9587369011351443
1.63,1.5873333333333333,1.6726666666666667,False,122.70366064862014,True,0.010000802780927255,-1.4000000000000004,0.07927569075982997,-22.017199302163675,1.627333333333333,-0.002666666666666817,118.13954558829036,True,0.8817179004321721,4.564115060329783,0.6562358641890758,pyin_probability_below_0.5,-2.080955932266715,False,-0.9000000000000046,-1.4695572678731208
1.64,1.5973333333333333,1.6826666666666668,False,125.57172276022992,True,0.010000005216229449,-0.9999999999999994,0.08316832692753119,-21.600840700030332,1.637333333333333,-0.002666666666666817,121.79298074112818,True,0.8882440079082349,3.778742019101742,0.5289676083672726,pyin_probability_below_0.5,-1.5536876764449077,False,-0.5000000000000021,-0.9422890120513149
1.65,1.6073333333333333,1.6926666666666668,False,140.13768379557115,True,0.010000000009505967,0.8999999999999985,0.09194523332648863,-20.729415615339768,1.647333333333333,-0.002666666666666817,126.54922819044646,True,0.8062593346504803,13.588455605124693,1.7657549753631407,pyin_probability_below_0.5|pitch_difference_over_1_semitone,-0.8904750434407778,False,1.3999999999999968,-0.27907637904718374
1.66,1.6173333333333333,1.7026666666666668,False,144.24403136881983,True,0.010000027850262286,1.3999999999999968,0.09489557814809671,-20.455080478666545,1.657333333333333,-0.002666666666666817,132.93287391232278,True,0.739558877034971,11.311157456497057,1.4137644028616179,pyin_probability_below_0.5|pitch_difference_over_1_semitone,-0.03848447093925537,False,1.8999999999999972,0.5729141934543365
1.67,1.6273333333333333,1.7126666666666666,False,145.9200662802185,True,0.01002672467381077,1.6000000000000023,0.09916879717812321,-20.072499086158007,1.6673333333333331,-0.002666666666666817,138.60727444318525,True,0.7748097934088103,7.312791837033245,0.8901037722257034,pyin_probability_below_0.5,0.6851761596966599,False,2.0999999999999988,1.2965748240902508
1.68,1.6373333333333333,1.7226666666666666,False,146.76537262479707,True,0.010824463728234165,1.7000000000000026,0.10148228396683659,-19.872195341613185,1.6773333333333331,-0.002666666666666817,143.3144162632822,True,0.802070619851134,3.4509563615148693,0.4119345957679688,pyin_probability_below_0.5,1.263345336154395,False,2.1999999999999993,1.8747440005479867
1.69,1.6473333333333333,1.7326666666666666,False,147.61557577921405,True,0.022944219124638596,1.800000000000001,0.10290114395873011,-19.75159594261287,1.6873333333333331,-0.002666666666666817,147.62068868829945,True,0.9198606403043523,0.005112909085397632,-0.0005996310998772748,pyin_probability_below_0.5,1.7758795630222395,False,2.2999999999999963,2.3872782274158335
1.7,1.6573333333333333,1.7426666666666666,False,148.4707041104003,True,0.056071395445892624,1.9000000000000006,0.1011782368446824,-19.898257859548636,1.697333333333333,-0.002666666666667039,149.17530249156042,True,0.9651001976935353,0.7045983811601104,-0.08196494895862391,pyin_probability_below_0.5,1.9572448808809892,False,2.399999999999998,2.5686435452745804
1.71,1.6673333333333333,1.7526666666666666,False,149.33078614961454,True,0.32333605839064083,2.0000000000000004,0.10051576126113741,-19.955316676900047,1.707333333333333,-0.002666666666667039,149.87474972115098,True,0.9581316445198022,0.5439635715364375,-0.06294865442893242,pyin_probability_below_0.5,2.038228586351294,False,2.4999999999999956,2.6496272507448864
1.72,1.6773333333333333,1.7626666666666666,False,149.33078614961454,True,0.5485250542599845,2.0000000000000004,0.09884435773545906,-20.10096232352446,1.717333333333333,-0.002666666666667039,150.3514662296676,True,0.9425584155419572,1.0206800800530687,-0.1179277669156644,,2.0932076988380284,True,2.4999999999999956,2.704606363231621
1.73,1.6873333333333334,1.7726666666666666,False,150.19585059339548,True,0.6159498854580682,2.0999999999999988,0.09553450637706801,-20.39679472069779,1.727333333333333,-0.002666666666667039,151.64281113551706,True,0.9268294873773689,1.4469605421215874,-0.16598579739282793,,2.2412657293151916,True,2.5999999999999974,2.8526643937087837
1.74,1.6973333333333334,1.7826666666666666,False,149.33078614961454,True,0.42606232904328145,2.0000000000000004,0.09215920456338889,-20.70922564699837,1.737333333333333,-0.002666666666667039,151.81789630611465,True,0.9417181250266895,2.4871101565001084,-0.28596291041115474,pyin_probability_below_0.5,2.261242842333515,False,2.4999999999999956,2.872641506727108
1.75,1.7073333333333334,1.7926666666666666,False,149.33078614961454,True,0.2796051653363589,2.0000000000000004,0.08478517314487635,-21.433601771932373,1.747333333333333,-0.002666666666667039,149.95731058149102,True,0.9702896250594231,0.6265244318764758,-0.07248280337945488,pyin_probability_below_0.5,2.0477627353018155,False,2.4999999999999956,2.6591613996954084
1.76,1.7173333333333334,1.8026666666666666,False,148.4707041104003,True,0.12793708630129036,1.9000000000000006,0.08145407185446761,-21.781744012321155,1.757333333333333,-0.002666666666667039,147.69841005288288,True,0.9479200270242102,0.7722940575174277,0.09028792907575596,pyin_probability_below_0.5,1.7849920028466084,False,2.399999999999998,2.3963906672402
1.77,1.7273333333333334,1.8126666666666666,False,146.76537262479707,True,0.092037570812181,1.7000000000000026,0.07396400939316207,-22.619591098410147,1.767333333333333,-0.002666666666667039,145.42864499586594,True,0.9316796095298109,1.3367276289311292,0.15840191041109475,pyin_probability_below_0.5,1.5168780215112698,False,2.1999999999999993,2.128276685904863
1.78,1.7373333333333334,1.8226666666666667,False,145.07962854192903,True,0.09203757081218102,1.5000000000000004,0.07299046196276548,-22.73467775309122,1.777333333333333,-0.002666666666667039,142.24666494531996,True,0.9227488147680541,2.832963596609062,0.34140154166082665,pyin_probability_below_0.5,1.133878390261538,False,1.9999999999999973,1.74527705465513
1.79,1.7473333333333334,1.8326666666666667,False,142.58724736030138,True,0.12793708630129033,1.1999999999999993,0.0697992380204645,-23.12298636854362,1.787333333333333,-0.002666666666667039,139.78048863728645,True,0.9546674907041678,2.806758723014923,0.34418353767187326,pyin_probability_below_0.5,0.8310963942504903,False,1.6999999999999993,1.442495058644083
1.8,1.7573333333333334,1.8426666666666667,False,140.9494931391844,True,0.2065067991177523,1.0000000000000009,0.06872718856450613,-23.25742842980499,1.797333333333333,-0.002666666666667039,137.94496627561017,True,0.9304751534262663,3.0045268635742275,0.3730257286567248,pyin_probability_below_0.5,0.60225420326564,False,1.5000000000000004,1.2136528676592355
1.81,1.7673333333333334,1.8526666666666667,False,138.52806521170294,True,0.42606232904328145,0.699999999999998,0.063250168206726,-23.978766303863193,1.807333333333333,-0.002666666666667039,136.51396633207844,True,0.9267926722974013,2.0140988796244983,0.25355680136528647,pyin_probability_below_0.5,0.42172313055707755,False,1.199999999999996,1.0331217949506701
1.82,1.7773333333333334,1.8626666666666667,False,136.93693467412865,True,0.5485250542599845,0.5000000000000008,0.06122193826188249,-24.26185849865648,1.817333333333333,-0.002666666666667039,136.92222400722443,True,0.9262691555740846,0.014710666904221625,0.0018599054766847345,,0.47342002644567804,True,0.9999999999999971,1.0848186908392705
1.83,1.7873333333333334,1.8726666666666667,False,136.14823596668148,True,0.5485250542599845,0.4000000000000011,0.05762907999594889,-24.787166270830618,1.827333333333333,-0.002666666666667039,135.83100012729588,True,0.9605477200184712,0.31723583938560296,0.040386151801850005,,0.33489378012051524,True,0.8999999999999985,0.9462924445141058
1.84,1.7973333333333332,1.8826666666666667,False,136.14823596668148,True,0.6159498854580681,0.4000000000000011,0.05676595913576668,-24.91824039539275,1.837333333333333,-0.002666666666667039,135.61626616503705,True,0.9763691367971546,0.5319698016444363,0.06777672600644462,,0.30750320591592273,True,0.8999999999999985,0.9189018703095133
1.85,1.8073333333333332,1.8926666666666667,False,136.14823596668148,True,0.6860828109301792,0.4000000000000011,0.055514851110632396,-25.111816412279996,1.847333333333333,-0.002666666666667039,135.5106326164993,True,0.9787474851029743,0.6376033501821894,0.08126682278602773,,0.29401310913633794,True,0.8999999999999985,0.9054117735299327
1.86,1.8173333333333332,1.9026666666666667,False,136.14823596668148,True,0.8266685594724995,0.4000000000000011,0.05238728628980602,-25.61548195655632,1.857333333333333,-0.002666666666667039,135.48689792934601,True,0.9927819053922173,0.6613380373354687,0.08429934478473115,,0.29098058713763386,True,0.8999999999999985,0.9023792515312266
1.87,1.8273333333333333,1.9126666666666667,False,136.14823596668148,True,0.8266685594724995,0.4000000000000011,0.04998586967899375,-26.02305494837652,1.867333333333333,-0.002666666666667039,136.3255223715751,True,0.9814038144649075,0.17728640489360714,-0.022528723923553103,,0.3978086558459195,True,0.8999999999999985,1.009207320239512
1.88,1.8373333333333333,1.9226666666666667,False,136.14823596668148,True,0.8266685594724996,0.4000000000000011,0.046784178821381625,-26.598019781357053,1.877333333333333,-0.002666666666666817,136.81375145156528,True,0.9798867491372576,0.6655154848837981,-0.08441947258013408,,0.45969940450249885,True,0.8999999999999985,1.0710980688960905
1.89,1.8473333333333333,1.9326666666666668,False,136.14823596668148,True,0.8266685594724995,0.4000000000000011,0.043598012404351655,-27.210666187792654,1.887333333333333,-0.002666666666666817,136.42917448122367,True,0.9729287148575714,0.28093851454218566,-0.035686779289051285,,0.41096671121141687,True,0.8999999999999985,1.0223653756050102
1.9,1.8573333333333333,1.9426666666666668,False,136.14823596668148,True,0.8911444948731202,0.4000000000000011,0.041239651136559696,-27.693700345029345,1.897333333333333,-0.002666666666666817,135.5418757762871,True,0.9790108988832128,0.6063601903943834,0.07727577156238408,,0.2980041603599802,True,0.8999999999999985,0.9094028247535741
1.91,1.8673333333333333,1.9526666666666668,False,136.14823596668148,True,0.8266685594724996,0.4000000000000011,0.0379842019552932,-28.407939873046143,1.907333333333333,-0.002666666666666817,136.33989132164413,True,0.9812395414367763,0.19165535496264852,-0.024353378931678826,,0.3996333108540436,True,0.8999999999999985,1.0110319752476362
1.92,1.8773333333333333,1.9626666666666666,False,136.14823596668148,True,0.7571601330199094,0.4000000000000011,0.033125501677646434,-29.596750714425767,1.9173333333333331,-0.002666666666666817,136.78483792114986,True,0.9463242124926304,0.6366019544683752,-0.08076038291633107,,0.4560403148386973,True,0.8999999999999985,1.0674389792322876
1.93,1.8873333333333333,1.9726666666666666,False,136.14823596668148,True,0.6159498854580681,0.4000000000000011,0.028295455269767164,-30.965666278745534,1.9273333333333331,-0.002666666666666817,136.64661685159484,True,0.8328510976589809,0.4983808849133595,-0.06325741914842158,,0.4385373510707858,True,0.8999999999999985,1.0499360154643793
1.94,1.8973333333333333,1.9826666666666666,False,136.93693467412865,True,0.5485250542599844,0.5000000000000008,0.023176723119531586,-32.698959349938924,1.9373333333333331,-0.002666666666666817,137.17237080975042,True,0.7066134616379256,0.23543613562176802,-0.029739607262264538,,0.5050195391846259,True,0.9999999999999971,1.1164182035782213
1.95,1.9073333333333333,1.9926666666666666,False,136.93693467412865,True,0.3233360583906408,0.5000000000000008,0.019116368297301324,-34.3718922184498,1.947333333333333,-0.002666666666667039,137.7338388662036,True,0.6262904634493417,0.7969041920749476,-0.10045710538794306,pyin_probability_below_0.5,0.5757370373103061,False,0.9999999999999971,1.1871357017038986
1.96,1.9173333333333333,2.002666666666667,False,136.93693467412865,True,0.04768699308253103,0.5000000000000008,0.014063948354823502,-37.03785474139064,1.957333333333333,-0.002666666666667039,135.5715498945959,True,0.6949685286546765,1.3653847795327465,0.1734860039350288,pyin_probability_below_0.5,0.30179392798733334,False,0.9999999999999971,0.913192592380927
1.97,1.9273333333333333,2.0126666666666666,False,136.93693467412865,True,0.016467587593113005,0.5000000000000008,0.008563340402039264,-41.34713583919779,1.967333333333333,-0.002666666666667039,,False,0.0,,,pyin_probability_below_0.5|voicing_disagreement,,False,0.9999999999999971,
1.98,1.9373333333333334,2.022666666666667,False,140.13768379557115,True,0.010000328604501658,0.8999999999999985,0.007231116018745086,-42.81589340852428,1.977333333333333,-0.002666666666667039,,False,0.0,,,pyin_probability_below_0.5|voicing_disagreement,,False,1.3999999999999968,
1.99,1.9473333333333334,2.0326666666666666,False,140.13768379557115,True,0.010000516719604526,0.8999999999999985,0.0071759059330912854,-42.88246525938839,1.987333333333333,-0.002666666666667039,,False,0.0,,,pyin_probability_below_0.5|voicing_disagreement,,False,1.3999999999999968,
2.0,1.9573333333333334,2.042666666666667,False,140.13768379557115,True,0.010000027850262288,0.8999999999999985,0.0070564897454066895,-43.028225705068266,1.997333333333333,-0.002666666666667039,,False,0.0,,,pyin_probability_below_0.5|voicing_disagreement,,False,1.3999999999999968,
2.01,1.9673333333333334,2.0526666666666666,False,140.13768379557115,True,0.010000016226422834,0.8999999999999985,0.007023651551127296,-43.068740845160846,2.007333333333333,-0.002666666666666817,,False,0.0,,,pyin_probability_below_0.5|voicing_disagreement,,False,1.3999999999999968,
2.02,1.9773333333333334,2.062666666666667,False,140.13768379557115,True,0.010000000009505964,0.8999999999999985,0.008084646137905742,-41.84677968514074,2.017333333333333,-0.002666666666666817,,False,0.0,,,pyin_probability_below_0.5|voicing_disagreement,,False,1.3999999999999968,
2.03,1.9873333333333334,2.0726666666666667,False,,False,0.01000419105279527,,0.02101687695668837,-33.548636366768775,2.027333333333333,-0.002666666666666817,,False,0.0,,,,,False,,
2.04,1.9973333333333334,2.082666666666667,False,161.90845090664698,True,0.011853505394683415,3.4000000000000004,0.02920635769501746,-30.690452004374183,2.037333333333333,-0.002666666666666817,,False,0.0,,,pyin_probability_below_0.5|voicing_disagreement,,False,3.8999999999999977,
2.05,2.0073333333333334,2.0926666666666667,False,157.29923159850804,True,0.03010686179419501,2.9,0.03499088556231201,-29.120901321843036,2.047333333333333,-0.002666666666666817,,False,0.0,,,pyin_probability_below_0.5|voicing_disagreement,,False,3.3999999999999977,
2.06,2.017333333333333,2.1026666666666665,False,156.39325469067515,True,0.07797523762294818,2.8000000000000003,0.0403067220094802,-27.89245039818006,2.0573333333333332,-0.002666666666666817,170.4355350869005,True,0.6217963592726721,14.042280396225351,-1.4885744736973676,pyin_probability_below_0.5|pitch_difference_over_1_semitone,4.263854405619731,False,3.2999999999999976,4.875253070013322
2.07,2.0273333333333334,2.1126666666666667,False,155.49249582586248,True,0.12793708630129033,2.6999999999999966,0.044072658152765336,-27.11661510223,2.067333333333333,-0.002666666666666817,162.273642829608,True,0.734346621939136,6.781147003745531,-0.7390048044680086,pyin_probability_below_0.5,3.414284736390371,False,3.1999999999999966,4.025683400783962
2.08,2.037333333333333,2.1226666666666665,False,152.82122781686914,True,0.10857977072874499,2.4000000000000012,0.048174707938644354,-26.34361819189113,2.077333333333333,-0.002666666666667261,157.1511892639442,True,0.9039747186742095,4.32996144707505,-0.4836988006863958,pyin_probability_below_0.5,2.85897873260876,False,2.9,3.4703773970023537
2.09,2.0473333333333334,2.1326666666666667,False,151.9410423129619,True,0.12793708630129036,2.3000000000000003,0.052627849511977534,-25.575687516683825,2.087333333333333,-0.002666666666666817,154.14874860144394,True,0.9733105120747205,2.2077062884820293,-0.24973865115111799,pyin_probability_below_0.5,2.5250185830734826,False,2.799999999999997,3.1364172474670755
2.1,2.0573333333333332,2.1426666666666665,False,151.06592630451914,True,0.1765306086328976,2.1999999999999993,0.05596638867037747,-25.041454316082863,2.097333333333333,-0.002666666666667261,151.01907986780705,True,0.9697598214197642,0.046846436712087325,0.005369491719643671,pyin_probability_below_0.5,2.1699104402027176,False,2.6999999999999966,2.7813091045963114
2.11,2.0673333333333335,2.1526666666666667,False,148.4707041104003,True,0.37213589829750865,1.9000000000000006,0.05942003908888186,-24.521341336719086,2.107333333333333,-0.002666666666666817,148.0623631903073,True,0.9872290271523434,0.4083409200929964,0.0476799540619825,pyin_probability_below_0.5,1.827599977860381,False,2.399999999999998,2.438998642253975
2.12,2.0773333333333333,2.1626666666666665,False,146.76537262479707,True,0.48498680771591124,1.7000000000000026,0.05828473950697541,-24.68890280378028,2.117333333333333,-0.002666666666667261,146.77019641170608,True,0.9887054838623456,0.004823786909014416,-0.0005690011721914539,pyin_probability_below_0.5,1.6758489330945563,False,2.1999999999999993,2.287247597488149
2.13,2.0873333333333335,2.1726666666666667,False,145.07962854192903,True,0.5485250542599844,1.5000000000000004,0.06008569396293999,-24.424578371105603,2.127333333333333,-0.002666666666666817,146.16295856789424,True,0.9817479090667606,1.0833300259652106,-0.12879342240650754,,1.6040733543288703,True,1.9999999999999973,2.2154720187224632
2.14,2.0973333333333333,2.1826666666666665,False,144.24403136881983,True,0.615949885458068,1.3999999999999968,0.058046975159523194,-24.72440813031003,2.137333333333333,-0.002666666666667261,144.76930160151466,True,0.9938432634262212,0.5252702326948224,-0.06292904923929216,,1.4382089811616554,True,1.8999999999999972,2.0496076455552457
2.15,2.1073333333333335,2.1926666666666668,False,142.58724736030138,True,0.5485250542599844,1.1999999999999993,0.05805916238858065,-24.72258467929855,2.147333333333333,-0.002666666666666817,143.84755251671118,True,0.990339200544407,1.2603051564097996,-0.1523486168812669,,1.3276285488036317,True,1.6999999999999993,1.939027213197224
2.16,2.1173333333333333,2.2026666666666666,False,141.7660052464835,True,0.37213589829750865,1.1000000000000019,0.05721647100657943,-24.849578641776514,2.157333333333333,-0.002666666666667261,142.7248371489882,True,0.9785998143239617,0.9588319025046985,-0.11669751534382855,pyin_probability_below_0.5,1.1919774472661917,False,1.599999999999999,1.8033761116597853
2.17,2.1273333333333335,2.212666666666667,False,140.9494931391844,True,0.4260623290432814,1.0000000000000009,0.055010736299612464,-25.1910508426085,2.167333333333333,-0.002666666666666817,140.8035389842558,True,0.9728410739492869,0.14595415492860297,0.017936334052047656,pyin_probability_below_0.5,0.957343597870318,False,1.5000000000000004,1.5687422622639102
2.18,2.1373333333333333,2.2226666666666666,False,140.13768379557115,True,0.3721358982975087,0.8999999999999985,0.05063467007354873,-25.911040309210126,2.177333333333333,-0.002666666666667261,138.63527037302657,True,0.9713972610669063,1.5024134225445778,0.18660737471763245,pyin_probability_below_0.5,0.6886725572047321,False,1.3999999999999968,1.3000712215983234
2.19,2.1473333333333335,2.232666666666667,False,139.33055012971812,True,0.3721358982975087,0.8000000000000002,0.04769063241148192,-26.431338369525285,2.187333333333333,-0.002666666666666817,135.51779531818647,True,0.9394506528590051,3.812754811531647,0.4803517665211502,pyin_probability_below_0.5,0.2949281654012139,False,1.2999999999999994,0.9063268297948056
2.2,2.1573333333333333,2.2426666666666666,False,137.7302022667084,True,0.42606232904328145,0.6000000000000013,0.042989666446346636,-27.332718490575914,2.197333333333333,-0.002666666666667261,133.26649328962228,True,0.8922089790305218,4.463708977086128,0.5703703457024829,pyin_probability_below_0.5,0.004909586219884749,False,1.1000000000000019,0.6163082506134755
2.21,2.167333333333333,2.252666666666667,False,136.93693467412865,True,0.37213589829750876,0.5000000000000008,0.037352019705335346,-28.55371819923823,2.207333333333333,-0.002666666666666817,134.01809302150656,True,0.7997974437868158,2.918841652622092,0.3730060723108584,pyin_probability_below_0.5,0.10227385961150313,False,0.9999999999999971,0.713672524005095
2.22,2.1773333333333333,2.2626666666666666,False,135.36407982952485,True,0.3233360583906409,0.3000000000000021,0.03340376790391474,-29.524090850844026,2.217333333333333,-0.002666666666667261,138.1105030616053,True,0.7683959695543902,2.7464232320804456,-0.3477369793110456,pyin_probability_below_0.5,0.6230169112334134,False,0.8000000000000002,1.2344155756270079
2.23,2.187333333333333,2.272666666666667,False,135.36407982952485,True,0.12793708630129033,0.3000000000000021,0.02614149602718251,-31.653391244245846,2.227333333333333,-0.002666666666666817,139.57621262556935,True,0.7944094467884173,4.2121327960445,-0.5304976030828229,pyin_probability_below_0.5,0.8057775350051888,False,0.8000000000000002,1.4171761993987837
2.24,2.1973333333333334,2.2826666666666666,False,140.9494931391844,True,0.010073751764282884,1.0000000000000009,0.024242774814558787,-32.308353451103656,2.237333333333333,-0.002666666666667261,140.70875383198015,True,0.8446206692748933,0.24073930720425096,0.029594460063167953,pyin_probability_below_0.5,0.9456854718591963,False,1.5000000000000004,1.5570841362527887
2.25,2.207333333333333,2.292666666666667,False,,False,0.010001873046012551,,0.03194749102814601,-29.911264863048746,2.247333333333333,-0.002666666666666817,140.7527230050085,True,0.8363881542708337,,,voicing_disagreement,0.9510944486705621,False,,1.5624931130641566
2.26,2.2173333333333334,2.3026666666666666,False,160.04877373483913,True,0.016467587593113005,3.2000000000000033,0.0434031502305744,-27.249574959010545,2.257333333333333,-0.002666666666666817,139.94919960384908,True,0.7656371503478249,20.09957413099005,2.3233006484071925,pyin_probability_below_0.5|pitch_difference_over_1_semitone,0.8519792835151754,False,3.699999999999999,1.4633779479087665
2.27,2.227333333333333,2.312666666666667,False,160.04877373483913,True,0.04768699308253103,3.2000000000000033,0.04882462950484485,-26.2272208715495,2.267333333333333,-0.002666666666666817,145.14963403015707,True,0.30916961812390503,14.899139704682057,1.691648265504432,pyin_probability_below_0.5|pitch_difference_over_1_semitone,1.4836316664179365,False,3.699999999999999,2.095030330811527
2.28,2.2373333333333334,2.3226666666666667,False,160.04877373483913,True,0.1504646013433388,3.2000000000000033,0.05537295751651999,-25.134045596655742,2.277333333333333,-0.002666666666666817,161.8034179204018,True,0.5643831930134509,1.7546441855626824,-0.18876552230829374,pyin_probability_below_0.5,3.3640454542306584,False,3.699999999999999,3.9754441186242517
2.29,2.247333333333333,2.332666666666667,False,160.04877373483913,True,0.2796051653363588,3.2000000000000033,0.058936469953040645,-24.59231760244224,2.287333333333333,-0.002666666666666817,161.13496825862555,True,0.832491408846712,1.0861945237864177,-0.11709584680278404,pyin_probability_below_0.5,3.292375778725148,False,3.699999999999999,3.903774443118742
2.3,2.2573333333333334,2.3426666666666667,False,160.04877373483913,True,0.37213589829750865,3.2000000000000033,0.06106300577687485,-24.28443643435945,2.297333333333333,-0.002666666666666817,159.9202305376658,True,0.9361861664801997,0.12854319717334306,0.013909995576000488,pyin_probability_below_0.5,3.1613699363463645,False,3.699999999999999,3.77276860073996
2.31,2.267333333333333,2.3526666666666665,False,160.04877373483913,True,0.42606232904328145,3.2000000000000033,0.06173915027598659,-24.188787041292805,2.3073333333333332,-0.002666666666666817,159.47720814445265,True,0.9775201476401981,0.5715655903864842,0.06193642601094613,pyin_probability_below_0.5,3.113343505911419,False,3.699999999999999,3.72474217030501
2.32,2.2773333333333334,2.3626666666666667,False,160.04877373483913,True,0.6159498854580681,3.2000000000000033,0.06199646078979854,-24.15266204981984,2.317333333333333,-0.002666666666666817,159.59602879902218,True,0.9743615219416346,0.45274493581695197,0.049042435001069654,,3.126237496921293,True,3.699999999999999,3.737636161314888
2.33,2.287333333333333,2.3726666666666665,False,160.04877373483913,True,0.7571601330199094,3.2000000000000033,0.05907414242881961,-24.5720514848589,2.3273333333333333,-0.002666666666666817,159.06972367875576,True,0.9427193948952037,0.9790500560833664,0.10622825844080884,,3.0690516734815576,True,3.699999999999999,3.680450337875149
2.34,2.2973333333333334,2.3826666666666667,False,159.12696062960518,True,0.7571601330199094,3.0999999999999988,0.05038026625148257,-25.95479083312805,2.337333333333333,-0.002666666666666817,159.07811607250986,True,0.8759258642139471,0.04884455709532176,0.005314897040333902,,3.0699650348820304,True,3.599999999999997,3.6813636992756225
2.35,2.3073333333333332,2.3926666666666665,False,159.12696062960518,True,0.5485250542599847,3.0999999999999988,0.04485655965353879,-26.96348076788295,2.347333333333333,-0.002666666666667261,158.85016315025183,True,0.8447457235736131,0.2767974793533483,0.030140617431602613,,3.0451393144907604,True,3.599999999999997,3.6565379788843533
2.36,2.3173333333333335,2.4026666666666667,False,158.21045677717683,True,0.2796051653363588,3.0000000000000027,0.03657264076714522,-28.73687359652451,2.357333333333333,-0.002666666666666817,158.5801777165042,True,0.839063320946313,0.3697209393273795,-0.040409892195880474,pyin_probability_below_0.5,3.0156898241182466,False,3.4999999999999982,3.6270884885118377
2.37,2.3273333333333333,2.4126666666666665,False,158.21045677717683,True,0.04069733156888106,3.0000000000000027,0.026919575330006815,-31.39863591220744,2.367333333333333,-0.002666666666667261,158.44079960893774,True,0.804422995579608,0.23034283176090753,-0.025187168255269152,pyin_probability_below_0.5,3.000467100177633,False,3.4999999999999982,3.6118657645712253
2.38,2.3373333333333335,2.4226666666666667,False,158.21045677717683,True,0.010622609040911533,3.0000000000000027,0.021284231602711378,-33.438840479599286,2.377333333333333,-0.002666666666666817,157.28409139813252,True,0.5278994124254527,0.9263653790443129,0.10166640940596317,pyin_probability_below_0.5,2.8736135225163997,False,3.4999999999999982,3.4850121869099944
2.39,2.3473333333333333,2.4326666666666665,False,158.21045677717683,True,0.010000516719604524,3.0000000000000027,0.016985072378242327,-35.39865196274479,2.387333333333333,-0.002666666666667261,,False,0.0,,,pyin_probability_below_0.5|voicing_disagreement,,False,3.4999999999999982,
2.4,2.3573333333333335,2.4426666666666668,False,,False,0.010000000814014906,,0.0153531884471713,-36.276028389120675,2.397333333333333,-0.002666666666666817,,False,0.0,,,,,False,,
2.41,2.3673333333333333,2.4526666666666666,False,,False,0.010000000021701592,,0.015419660156342854,-36.23850395741516,2.407333333333333,-0.002666666666667261,,False,0.0,,,,,False,,
2.42,2.3773333333333335,2.462666666666667,False,,False,0.010000000003996623,,0.015746415391402525,-36.05636592055696,2.417333333333333,-0.002666666666666817,,False,0.0,,,,,False,,
2.43,2.3873333333333333,2.4726666666666666,False,,False,0.010000000003996623,,0.015443291775836062,-36.22520246380223,2.427333333333333,-0.002666666666667261,,False,0.0,,,,,False,,
2.44,2.3973333333333335,2.482666666666667,False,,False,0.010000000000075396,,0.013509610093024173,-37.38714370333682,2.437333333333333,-0.002666666666666817,,False,0.0,,,,,False,,
2.45,2.4073333333333333,2.4926666666666666,False,,False,0.010000000000221911,,0.012535879020439646,-38.03690415499005,2.447333333333333,-0.002666666666667261,,False,0.0,,,,,False,,
2.46,2.417333333333333,2.502666666666667,False,140.9494931391844,True,0.010000000047726025,1.0000000000000009,0.02218149784040514,-33.08018261562258,2.457333333333333,-0.002666666666666817,,False,0.0,,,pyin_probability_below_0.5|voicing_disagreement,,False,1.5000000000000004,
2.47,2.4273333333333333,2.5126666666666666,False,139.33055012971812,True,0.011085791888943373,0.8000000000000002,0.032249699186907906,-29.82948663891552,2.467333333333333,-0.002666666666667261,,False,0.0,,,pyin_probability_below_0.5|voicing_disagreement,,False,1.2999999999999994,
2.48,2.437333333333333,2.522666666666667,False,137.7302022667084,True,0.01818704207745313,0.6000000000000013,0.036611885056040745,-28.727558195731536,2.477333333333333,-0.002666666666666817,,False,0.0,,,pyin_probability_below_0.5|voicing_disagreement,,False,1.1000000000000019,
2.49,2.4473333333333334,2.5326666666666666,False,135.36407982952485,True,0.04069733156888105,0.3000000000000021,0.04033409671284426,-27.886553293830282,2.487333333333333,-0.002666666666667261,140.96076383567947,True,0.49241924417583594,5.596684006154618,-0.7013842854636592,pyin_probability_below_0.5,0.9766642173860276,False,0.8000000000000002,1.5880628817796207
2.5,2.457333333333333,2.542666666666667,False,135.36407982952485,True,0.056071395445892624,0.3000000000000021,0.041505877670632005,-27.637807964951875,2.497333333333333,-0.002666666666666817,139.65556812310265,True,0.7632338978130702,4.2914882935778,-0.5403376680382169,pyin_probability_below_0.5,0.8156175999605833,False,0.8000000000000002,1.4270162643541786
2.51,2.4673333333333334,2.5526666666666666,False,135.36407982952485,True,0.06608151270920702,0.3000000000000021,0.04179906188523003,-27.576669303561445,2.507333333333333,-0.002666666666666817,136.68054889657412,True,0.8875416632841985,1.316469067049269,-0.16755588042749295,pyin_probability_below_0.5,0.44283581234986025,False,0.8000000000000002,1.0542344767434528
2.52,2.477333333333333,2.562666666666667,False,135.36407982952485,True,0.06608151270920702,0.3000000000000021,0.04189177283072804,-27.55742520418127,2.517333333333333,-0.002666666666666817,133.26736073158543,True,0.9437104978107459,2.0967190979394275,0.2702576586993455,pyin_probability_below_0.5,0.005022273223020138,False,0.8000000000000002,0.6164209376166138
2.53,2.4873333333333334,2.5726666666666667,False,134.5844400993791,True,0.07797523762294818,0.20000000000000445,0.04209438908142965,-27.515515780849956,2.527333333333333,-0.002666666666666817,130.77345069427577,True,0.8961114921194226,3.810989405103328,0.4973033412595518,pyin_probability_below_0.5,-0.3220234093371858,False,0.7000000000000017,0.289375255056407
2.54,2.497333333333333,2.582666666666667,False,133.80929076365396,True,0.27960516533635893,0.10000000000000017,0.03983957727500998,-27.993705567669846,2.537333333333333,-0.002666666666666817,129.6305031865344,True,0.8132142779734263,4.17878757711955,0.5492766364903086,pyin_probability_below_0.5,-0.47399670456794585,False,0.5999999999999976,0.1374019598256473
2.55,2.5073333333333334,2.5926666666666667,False,132.2723599733492,True,0.37213589829750876,-0.10000000000000259,0.03419460089090237,-29.320849217118983,2.547333333333333,-0.002666666666666817,128.68089641351818,True,0.7454221776156063,3.591463559831027,0.4765647846085739,pyin_probability_below_0.5,-0.6012848526862113,False,0.3999999999999936,0.010113811707380954
2.56,2.517333333333333,2.6026666666666665,False,130.75308233882095,True,0.2065067991177523,-0.30000000000000004,0.02721635398934382,-31.303401100924297,2.5573333333333332,-0.002666666666666817,129.68362906329259,True,0.5676168992277361,1.0694532755283603,0.14218305256420105,pyin_probability_below_0.5,-0.46690312064183503,False,0.19999999999999687,0.14449554375175555
2.57,2.5273333333333334,2.6126666666666667,False,130.75308233882095,True,0.034897428019625254,-0.30000000000000004,0.018305285891338514,-34.74846967865784,2.567333333333333,-0.002666666666666817,133.23687718619078,True,0.5247734308770947,2.483794847369836,-0.32578186754864824,pyin_probability_below_0.5,0.0010617994710127795,False,0.19999999999999687,0.6124604638646025
2.58,2.537333333333333,2.6226666666666665,False,131.51052723924994,True,0.013980210380185928,-0.1999999999999978,0.01241560724218014,-38.12064068855379,2.5773333333333333,-0.002666666666666817,133.22053433439214,True,0.7189759104041914,1.7100070951422026,-0.22365820348040366,pyin_probability_below_0.5,-0.0010618645972292672,False,0.2999999999999983,0.6103367997963631
2.59,2.5473333333333334,2.6326666666666667,False,133.80929076365396,True,0.010824463728234165,0.10000000000000017,0.01001838765098191,-39.98404335505596,2.587333333333333,-0.002666666666666817,133.4096686232981,True,0.7647710209200144,0.3996221403558593,0.05178075489059822,pyin_probability_below_0.5,0.023499177031766155,False,0.5999999999999976,0.6348978414253572
2.6,2.5573333333333332,2.6426666666666665,False,133.80929076365396,True,0.010467533617069905,0.10000000000000017,0.008735381940929751,-41.17436202836206,2.597333333333333,-0.002666666666667261,133.88598498246594,True,0.7684176654192884,0.07669421881197991,-0.009919909586495416,pyin_probability_below_0.5,0.08519984150885912,False,0.5999999999999976,0.6965985059024513
2.61,2.5673333333333335,2.6526666666666667,False,132.2723599733492,True,0.010259050559778863,-0.10000000000000259,0.008343980489826486,-41.57253440124365,2.607333333333333,-0.002666666666666817,134.1870067559915,True,0.6762259419704957,1.9146467826422793,-0.24880031745584852,pyin_probability_below_0.5,0.1240802493782103,False,0.3999999999999936,0.7354789137718023
2.62,2.5773333333333333,2.6626666666666665,False,134.5844400993791,True,0.010013068846238975,0.20000000000000445,0.007782839469020035,-42.177238546717184,2.617333333333333,-0.002666666666667261,133.25556767498134,True,0.4885143973973803,1.3288724243977583,0.17178972509760512,pyin_probability_below_0.5,0.0034902068247613725,False,0.7000000000000017,0.6148888712183517
2.63,2.5873333333333335,2.6726666666666667,False,,False,0.01000051671960453,,0.007168228925871423,-42.891762668327274,2.627333333333333,-0.002666666666666817,,False,0.0,,,,,False,,
2.64,2.5973333333333333,2.6826666666666665,False,,False,0.010000000208892744,,0.007094481359578375,-42.9815869608776,2.637333333333333,-0.002666666666667261,,False,0.0,,,,,False,,
2.65,2.6073333333333335,2.6926666666666668,False,,False,0.010000000101429396,,0.014466237688560146,-36.79288806947038,2.647333333333333,-0.002666666666666817,,False,0.0,,,,,False,,
2.66,2.6173333333333333,2.7026666666666666,False,160.04877373483913,True,0.011853505394683413,3.2000000000000033,0.026067039996078786,-31.678165633905312,2.657333333333333,-0.002666666666667261,,False,0.0,,,pyin_probability_below_0.5|voicing_disagreement,,False,3.699999999999999,
2.67,2.6273333333333335,2.712666666666667,False,157.29923159850804,True,0.04069733156888106,2.9,0.030246933443465036,-30.386372986240396,2.667333333333333,-0.002666666666666817,,False,0.0,,,pyin_probability_below_0.5|voicing_disagreement,,False,3.3999999999999977,
2.68,2.6373333333333333,2.7226666666666666,False,153.70651218352927,True,0.04768699308253103,2.500000000000002,0.03647187589118571,-28.76083797296818,2.677333333333333,-0.002666666666667261,170.09316116551392,True,0.5783129718031536,16.38664898198465,-1.753762159994368,pyin_probability_below_0.5|pitch_difference_over_1_semitone,4.2290420919167335,False,2.999999999999999,4.8404407563103256
2.69,2.6473333333333335,2.732666666666667,False,151.9410423129619,True,0.056071395445892624,2.3000000000000003,0.03945010935434609,-28.079035772070554,2.687333333333333,-0.002666666666666817,161.40406323730772,True,0.7663826508700798,9.463020924345813,-1.0459832962043136,pyin_probability_below_0.5|pitch_difference_over_1_semitone,3.321263228126676,False,2.799999999999997,3.9326618925202697
2.7,2.6573333333333333,2.7426666666666666,False,149.33078614961454,True,0.04768699308253103,2.0000000000000004,0.043431576475609315,-27.243888127361885,2.697333333333333,-0.002666666666667261,156.8457798827781,True,0.8912371565355584,7.51499373316355,-0.8500210688437877,pyin_probability_below_0.5,2.825301000766152,False,2.4999999999999956,3.4366996651597437
2.71,2.667333333333333,2.752666666666667,False,147.61557577921405,True,0.034897428019625254,1.800000000000001,0.047023553496517774,-26.553691100301286,2.707333333333333,-0.002666666666666817,151.47265248920553,True,0.9320494912461064,3.8570767099914747,-0.44654868457388924,pyin_probability_below_0.5,2.221828616496252,False,2.2999999999999963,2.833227280889845
2.72,2.6773333333333333,2.7626666666666666,False,146.76537262479707,True,0.034897428019625254,1.7000000000000026,0.04929746353349696,-26.14350851171485,2.717333333333333,-0.002666666666667261,147.0681869065601,True,0.9758963990965863,0.30281428176303393,-0.035682961575987035,pyin_probability_below_0.5,1.7109628934983498,False,2.1999999999999993,2.322361557891944
2.73,2.687333333333333,2.772666666666667,False,145.07962854192903,True,0.026168028608935755,1.5000000000000004,0.05236656408883182,-25.618918407864157,2.727333333333333,-0.002666666666666817,144.27884077351112,True,0.9665016225820595,0.800787768417905,0.09582263780516445,pyin_probability_below_0.5,1.3794572941172007,False,1.9999999999999973,1.9908559585107954
2.74,2.6973333333333334,2.7826666666666666,False,140.9494931391844,True,0.04069733156888105,1.0000000000000009,0.05166797332893852,-25.735571465553086,2.737333333333333,-0.002666666666667261,141.3726942983245,True,0.9637781371807596,0.42320115914009193,-0.05190246021553267,pyin_probability_below_0.5,1.0271823921378989,False,1.5000000000000004,1.6385810565314902
2.75,2.707333333333333,2.792666666666667,False,138.52806521170294,True,0.034897428019625254,0.699999999999998,0.04964480088349381,-26.082524536861843,2.747333333333333,-0.002666666666666817,138.53264993873745,True,0.949375722096882,0.0045847270345120705,-0.0005729600130597384,pyin_probability_below_0.5,0.6758528919354226,False,1.199999999999996,1.2872515563290137
2.76,2.7173333333333334,2.8026666666666666,False,136.14823596668148,True,0.034897428019625254,0.4000000000000011,0.04909333933928147,-26.179548521865456,2.757333333333333,-0.002666666666666817,135.33833385979742,True,0.9500724338562653,0.809902106884067,0.10329308475275936,pyin_probability_below_0.5,0.2719868471696058,False,0.8999999999999985,0.8833855115632003
2.77,2.727333333333333,2.812666666666667,False,133.03860595958074,True,0.030106861794195007,0.0,0.04901987209276867,-26.192556525684218,2.767333333333333,-0.002666666666666817,132.46468561315154,True,0.9446970016755663,0.5739203464291904,0.07484592653270289,pyin_probability_below_0.5,-0.09956599461033713,False,0.49999999999999706,0.5118326697832551
2.78,2.7373333333333334,2.8226666666666667,False,130.0,True,0.06608151270920702,-0.3999999999999989,0.04683510957602609,-26.58856918703531,2.777333333333333,-0.002666666666666817,130.05171666122183,True,0.8920464012365233,0.05171666122183183,-0.006885833874979133,pyin_probability_below_0.5,-0.4178342342026564,False,0.09999999999999636,0.19356443019093744
2.79,2.747333333333333,2.832666666666667,False,128.5068226458765,True,0.108579770728745,-0.5999999999999991,0.045768158184055475,-26.788731284596192,2.787333333333333,-0.002666666666666817,127.56774230212379,True,0.9100378770395944,0.9390803437527069,0.12697669948818313,pyin_probability_below_0.5,-0.7516967675658193,False,-0.10000000000000259,-0.14029810317222763
2.8,2.7573333333333334,2.8426666666666667,False,127.03079589645196,True,0.24075439447557434,-0.8000000000000008,0.04380608682779308,-27.16931080724235,2.797333333333333,-0.002666666666666817,126.6169652875319,True,0.9245726328873379,0.4138306089200654,0.056490802288006466,pyin_probability_below_0.5,-0.8812108703656463,False,-0.300000000000004,-0.26981220597205335
2.81,2.767333333333333,2.8526666666666665,False,126.29915234996876,True,0.3233360583906409,-0.8999999999999986,0.04276042634871755,-27.379159464975057,2.8073333333333332,-0.002666666666666817,125.9914027705081,True,0.9174598962245265,0.30774957946066195,0.042235969915730275,pyin_probability_below_0.5,-0.9669560379933653,False,-0.4000000000000028,-0.35555737359977335
2.82,2.7773333333333334,2.8626666666666667,False,126.29915234996876,True,0.42606232904328145,-0.8999999999999986,0.04060433164894678,-27.828552672846143,2.817333333333333,-0.002666666666666817,125.37267073399276,True,0.9413092495043518,0.9264816159760016,0.12746470744635202,pyin_probability_below_0.5,-1.0521847755239886,False,-0.4000000000000028,-0.44078611113039745
2.83,2.787333333333333,2.8726666666666665,False,125.57172276022992,True,0.48498680771591135,-0.9999999999999994,0.037682899274393604,-28.4771138105603,2.8273333333333333,-0.002666666666666817,125.07592428139094,True,0.9310022187328784,0.495798478838978,0.06849011651790299,pyin_probability_below_0.5,-1.0932101845955378,False,-0.5000000000000021,-0.4818115202019461
2.84,2.7973333333333334,2.8826666666666667,False,125.57172276022992,True,0.4849868077159113,-0.9999999999999994,0.034312157942384534,-29.29103935324619,2.837333333333333,-0.002666666666666817,124.6354000195118,True,0.9267896908626206,0.9363227407181114,0.12957276023921882,pyin_probability_below_0.5,-1.1542928283168545,False,-0.5000000000000021,-0.5428941639232614
2.85,2.8073333333333332,2.8926666666666665,False,124.84848285663055,True,0.5485250542599845,-1.0999999999999999,0.0310211374630026,-30.166845636026252,2.847333333333333,-0.002666666666667261,124.51703826429309,True,0.9310001303759521,0.33144459233746204,0.04602147874811619,,-1.1707415468257496,True,-0.6000000000000011,-0.5593428824321571
2.86,2.8173333333333335,2.9026666666666667,False,124.84848285663055,True,0.48498680771591135,-1.0999999999999999,0.027908734778707887,-31.08519702951112,2.857333333333333,-0.002666666666666817,126.0391412278687,True,0.8858875134300592,1.1906583712381433,-0.1643224767320317,pyin_probability_below_0.5,-0.9603975913456047,False,-0.6000000000000011,-0.3489989269520115
2.87,2.8273333333333333,2.9126666666666665,False,124.84848285663055,True,0.42606232904328145,-1.0999999999999999,0.02422488424413512,-32.31476578998438,2.867333333333333,-0.002666666666667261,128.17273450850868,True,0.863264124155522,3.3242516518781287,-0.45493329567596474,pyin_probability_below_0.5,-0.6697867724016707,False,-0.6000000000000011,-0.05838810800807874
2.88,2.8373333333333335,2.9226666666666667,False,125.57172276022992,True,0.3233360583906409,-0.9999999999999994,0.020223316093510624,-33.88295259999199,2.877333333333333,-0.002666666666666817,127.96548364247793,True,0.8392597680615473,2.393760882248017,-0.32691718493204946,pyin_probability_below_0.5,-0.6978028831455872,False,-0.5000000000000021,-0.08640421875199632
2.89,2.8473333333333333,2.9326666666666665,False,127.03079589645196,True,0.2407543944755743,-0.8000000000000008,0.017133320294379754,-35.32316932469911,2.887333333333333,-0.002666666666667261,126.45428400069,True,0.7334712435175442,0.5765118957619677,0.07874852002659444,pyin_probability_below_0.5,-0.9034685881042326,False,-0.300000000000004,-0.29206992371064083
2.9,2.8573333333333335,2.9426666666666668,False,127.76667781088264,True,0.12793708630129041,-0.7000000000000002,0.013412626164801348,-37.449723597005466,2.897333333333333,-0.002666666666666817,126.22453053164564,True,0.6390099772335929,1.5421472792369997,0.21023174024475122,pyin_probability_below_0.5,-0.9349518083223862,False,-0.2000000000000017,-0.3235531439287932
2.91,2.8673333333333333,2.9526666666666666,False,127.03079589645196,True,0.07797523762294818,-0.8000000000000008,0.009004546395937061,-40.9107631975959,2.907333333333333,-0.002666666666667261,,False,0.0,,,pyin_probability_below_0.5|voicing_disagreement,,False,-0.300000000000004,
2.92,2.8773333333333335,2.962666666666667,False,127.03079589645196,True,0.01646758759311301,-0.8000000000000008,0.006311914842780765,-43.99677738088998,2.917333333333333,-0.002666666666666817,,False,0.0,,,pyin_probability_below_0.5|voicing_disagreement,,False,-0.300000000000004,
2.93,2.8873333333333333,2.9726666666666666,False,127.03079589645196,True,0.013980210380185928,-0.8000000000000008,0.004269177961513312,-47.393114823376095,2.927333333333333,-0.002666666666667261,,False,0.0,,,pyin_probability_below_0.5|voicing_disagreement,,False,-0.300000000000004,
2.94,2.8973333333333335,2.982666666666667,False,127.03079589645196,True,0.01508558729750434,-0.8000000000000008,0.003668872138345095,-48.7093484663189,2.937333333333333,-0.002666666666666817,,False,0.0,,,pyin_probability_below_0.5|voicing_disagreement,,False,-0.300000000000004,
2.95,2.9073333333333333,2.9926666666666666,False,126.29915234996876,True,0.020317628556360583,-0.8999999999999986,0.003229707412238757,-49.81673639551897,2.947333333333333,-0.002666666666667261,,False,0.0,,,pyin_probability_below_0.5|voicing_disagreement,,False,-0.4000000000000028,
2.96,2.917333333333333,3.002666666666667,False,127.03079589645196,True,0.09203757081218102,-0.8000000000000008,0.002981026924992311,-50.51268202699732,2.957333333333333,-0.002666666666666817,,False,0.0,,,pyin_probability_below_0.5|voicing_disagreement,,False,-0.300000000000004,
2.97,2.9273333333333333,3.0126666666666666,False,126.29915234996876,True,0.1504646013433388,-0.8999999999999986,0.0025375604305824845,-51.91167212950756,2.967333333333333,-0.002666666666667261,,False,0.0,,,pyin_probability_below_0.5|voicing_disagreement,,False,-0.4000000000000028,
2.98,2.937333333333333,3.022666666666667,False,126.29915234996876,True,0.12793708630129033,-0.8999999999999986,0.0018488033088367634,-54.662185805271044,2.977333333333333,-0.002666666666666817,,False,0.0,,,pyin_probability_below_0.5|voicing_disagreement,,False,-0.4000000000000028,
2.99,2.9473333333333334,3.0326666666666666,False,127.03079589645196,True,0.04069733156888105,-0.8000000000000008,0.0014702461689431884,-56.652198871526494,2.987333333333333,-0.002666666666667261,,False,0.0,,,pyin_probability_below_0.5|voicing_disagreement,,False,-0.300000000000004,
3.0,2.957333333333333,3.042666666666667,False,126.29915234996876,True,0.047686993082531035,-0.8999999999999986,0.0012228667188562176,-58.252417489193206,2.997333333333333,-0.002666666666666817,,False,0.0,,,pyin_probability_below_0.5|voicing_disagreement,,False,-0.4000000000000028,
3.01,2.9673333333333334,3.0526666666666666,False,125.57172276022992,True,0.10857977072874497,-0.9999999999999994,0.0009855588487379177,-60.12634876875435,3.007333333333333,-0.002666666666666817,,False,0.0,,,pyin_probability_below_0.5|voicing_disagreement,,False,-0.5000000000000021,
3.02,2.977333333333333,3.062666666666667,False,125.57172276022992,True,0.10857977072874497,-0.9999999999999994,0.0007805639310217026,-62.151830416979536,3.017333333333333,-0.002666666666666817,,False,0.0,,,pyin_probability_below_0.5|voicing_disagreement,,False,-0.5000000000000021,
3.03,2.9873333333333334,3.0726666666666667,False,,False,0.056071395445892624,,0.0006661428753259275,-63.5286522541048,3.027333333333333,-0.002666666666666817,,False,0.0,,,,,False,,
3.04,2.997333333333333,3.082666666666667,False,,False,0.0229442191246386,,0.0005157674465866228,-65.75092144923306,3.037333333333333,-0.002666666666666817,,False,0.0,,,,,False,,
3.05,3.0073333333333334,3.0926666666666667,False,,False,0.034897428019625254,,0.00046659752474126505,-66.6211513886019,3.047333333333333,-0.002666666666666817,,False,0.0,,,,,False,,
3.06,3.017333333333333,3.1026666666666665,False,,False,0.020317628556360583,,0.00042231165763034165,-67.48733860002893,3.0573333333333332,-0.002666666666666817,,False,0.0,,,,,False,,
3.07,3.0273333333333334,3.1126666666666667,False,,False,0.010349055133375844,,0.00035184120474017114,-69.07306601824274,3.067333333333333,-0.002666666666666817,,False,0.0,,,,,False,,
3.08,3.037333333333333,3.1226666666666665,False,,False,0.010000027850262286,,0.000224708720289302,-72.96760147106211,3.0773333333333333,-0.002666666666666817,,False,0.0,,,,,False,,
3.09,3.0473333333333334,3.1326666666666667,False,,False,0.01000000928748663,,0.00020695227076518007,-73.68259607959861,3.087333333333333,-0.002666666666666817,,False,0.0,,,,,False,,
3.1,3.0573333333333332,3.1426666666666665,False,,False,0.010000002871100368,,0.00020603724742453185,-73.72108521507612,3.0973333333333333,-0.002666666666666817,,False,0.0,,,,,False,,
3.11,3.0673333333333335,3.1526666666666667,False,,False,0.010000000208892744,,0.00020782388341771294,-73.646090883364,3.107333333333333,-0.002666666666666817,,False,0.0,,,,,False,,
3.12,3.0773333333333333,3.1626666666666665,False,,False,0.010000000047726025,,0.00020921417110511274,-73.58817803813034,3.117333333333333,-0.002666666666667261,,False,0.0,,,,,False,,
3.13,3.0873333333333335,3.1726666666666667,False,,False,0.010000000047726025,,0.00019869066855921194,-74.03645057812633,3.127333333333333,-0.002666666666666817,,False,0.0,,,,,False,,
3.14,3.0973333333333333,3.1826666666666665,False,,False,0.010000001546554295,,0.00019349250476047538,-74.26671706811709,3.137333333333333,-0.002666666666667261,,False,0.0,,,,,False,,
3.15,3.1073333333333335,3.1926666666666668,False,,False,0.010000000814014904,,0.0001898764126986425,-74.43057963849438,3.147333333333333,-0.002666666666666817,,False,0.0,,,,,False,,
3.16,3.1173333333333333,3.2026666666666666,False,,False,0.010000000417925075,,0.00018315947749412474,-74.74341208141291,3.157333333333333,-0.002666666666667261,,False,0.0,,,,,False,,
3.17,3.1273333333333335,3.212666666666667,False,,False,0.01000000521622945,,0.0001812332520809234,-74.83524232850814,3.167333333333333,-0.002666666666666817,,False,0.0,,,,,False,,
3.18,3.1373333333333333,3.2226666666666666,False,,False,0.010000001546554298,,0.00017314376789200143,-75.23186271513173,3.177333333333333,-0.002666666666667261,,False,0.0,,,,,False,,
3.19,3.1473333333333335,3.232666666666667,False,,False,0.010000000001606033,,0.00015544379407257412,-76.16853224035879,3.187333333333333,-0.002666666666666817,,False,0.0,,,,,False,,
3.2,3.1573333333333333,3.2426666666666666,False,,False,0.0100000000000754,,0.00014611849813694,-76.70589600571373,3.197333333333333,-0.002666666666667261,,False,0.0,,,,,False,,
3.21,3.167333333333333,3.252666666666667,False,,False,0.010000000000075398,,0.00014378518287136305,-76.84571731783296,3.207333333333333,-0.002666666666666817,,False,0.0,,,,,False,,
3.22,3.1773333333333333,3.2626666666666666,False,,False,0.010000000047726025,,0.000140370849325047,-77.05446144693443,3.217333333333333,-0.002666666666667261,,False,0.0,,,,,False,,
3.23,3.187333333333333,3.272666666666667,False,,False,0.010000005216229447,,0.000141190508253246,-77.0038899682051,3.227333333333333,-0.002666666666666817,,False,0.0,,,,,False,,
3.24,3.1973333333333334,3.2826666666666666,False,,False,0.01000000521622945,,0.00013551742236904394,-77.36009735005882,3.237333333333333,-0.002666666666667261,,False,0.0,,,,,False,,
3.25,3.207333333333333,3.292666666666667,False,,False,0.010000016226422836,,0.0001311059409122333,-77.64755256635968,3.247333333333333,-0.002666666666666817,,False,0.0,,,,,False,,
3.26,3.2173333333333334,3.3026666666666666,False,,False,0.0100000470079773,,0.000126146637091799,-77.98248645456381,3.257333333333333,-0.002666666666666817,,False,0.0,,,,,False,,
3.27,3.227333333333333,3.312666666666667,False,,False,0.01000000928748663,,0.00012562374254689441,-78.01856544722465,3.267333333333333,-0.002666666666666817,,False,0.0,,,,,False,,
3.28,3.2373333333333334,3.3226666666666667,False,,False,0.010000005216229449,,0.00012531385755169626,-78.04001801739324,3.277333333333333,-0.002666666666666817,,False,0.0,,,,,False,,
3.29,3.247333333333333,3.332666666666667,False,,False,0.010000002871100368,,0.00012139322583715828,-78.31611095444529,3.287333333333333,-0.002666666666666817,,False,0.0,,,,,False,,
3.3,3.2573333333333334,3.3426666666666667,False,,False,0.010000000208892742,,0.000120527607310807,-78.3782692975507,3.297333333333333,-0.002666666666666817,,False,0.0,,,,,False,,
3.31,3.267333333333333,3.3526666666666665,False,,False,0.01000000000950597,,0.00011899643013795902,-78.48932134267724,3.3073333333333332,-0.002666666666666817,,False,0.0,,,,,False,,
3.32,3.2773333333333334,3.3626666666666667,False,,False,0.010000000000221911,,0.00011433556793899781,-78.83637293247213,3.317333333333333,-0.002666666666666817,,False,0.0,,,,,False,,
3.33,3.287333333333333,3.3726666666666665,False,,False,0.01000000000399662,,0.00011176619504651541,-79.03379067761429,3.3273333333333333,-0.002666666666666817,,False,0.0,,,,,False,,
3.34,3.2973333333333334,3.3826666666666667,False,,False,0.010000000021701592,,0.00010844036032111418,-79.29618096067065,3.337333333333333,-0.002666666666666817,,False,0.0,,,,,False,,
3.35,3.3073333333333332,3.3926666666666665,False,,False,0.010000000021701594,,0.00010615920225465053,-79.48084707372867,3.3473333333333333,-0.002666666666666817,,False,0.0,,,,,False,,
3.36,3.3173333333333335,3.4026666666666667,False,,False,0.010000000417925077,,9.855083229764047e-05,-80.1267940718823,3.357333333333333,-0.002666666666666817,,False,0.0,,,,,False,,
3.37,3.3273333333333333,3.4126666666666665,False,,False,0.010000016226422838,,9.038422862977747e-05,-80.87814688089341,3.367333333333333,-0.002666666666667261,,False,0.0,,,,,False,,
3.38,3.3373333333333335,3.4226666666666667,False,,False,0.010000000003996621,,8.218907788595137e-05,-81.70371784117575,3.377333333333333,-0.002666666666666817,,False,0.0,,,,,False,,
3.39,3.3473333333333333,3.4326666666666665,False,,False,0.010000000000000439,,7.696157642158972e-05,-82.27452090251667,3.387333333333333,-0.002666666666667261,,False,0.0,,,,,False,,
3.4,3.3573333333333335,3.4426666666666668,False,,False,0.010000000000000439,,7.517712469107192e-05,-82.47828577640291,3.397333333333333,-0.002666666666666817,,False,0.0,,,,,False,,
3.41,3.3673333333333333,3.4526666666666666,False,,False,0.0100000000000754,,7.923105328917566e-05,-82.02209141140989,3.407333333333333,-0.002666666666667261,,False,0.0,,,,,False,,
3.42,3.3773333333333335,3.462666666666667,False,,False,0.010000000003996623,,9.056140719554539e-05,-80.86113675568846,3.417333333333333,-0.002666666666666817,,False,0.0,,,,,False,,
3.43,3.3873333333333333,3.4726666666666666,False,,False,0.010000000208892744,,9.207279791135634e-05,-80.71737318584611,3.427333333333333,-0.002666666666667261,,False,0.0,,,,,False,,
3.44,3.3973333333333335,3.482666666666667,False,,False,0.010000000417925077,,9.162224673824653e-05,-80.75998125533334,3.437333333333333,-0.002666666666666817,,False,0.0,,,,,False,,
3.45,3.4073333333333333,3.4926666666666666,False,,False,0.010000002871100365,,9.025709968628573e-05,-80.89037252344784,3.447333333333333,-0.002666666666667261,,False,0.0,,,,,False,,
3.46,3.417333333333333,3.502666666666667,False,,False,0.010000001546554296,,8.857113835862331e-05,-81.05415547051956,3.457333333333333,-0.002666666666666817,,False,0.0,,,,,False,,
3.47,3.4273333333333333,3.5126666666666666,False,,False,0.01000000521622945,,8.714517060516866e-05,-81.19513351075646,3.467333333333333,-0.002666666666667261,,False,0.0,,,,,False,,
3.48,3.437333333333333,3.522666666666667,False,,False,0.010000009287486632,,8.160605112402403e-05,-81.76555273856543,3.477333333333333,-0.002666666666666817,,False,0.0,,,,,False,,
3.49,3.4473333333333334,3.5326666666666666,False,,False,0.010000125085546076,,7.688176680346427e-05,-82.28353289592177,3.487333333333333,-0.002666666666667261,,False,0.0,,,,,False,,
3.5,3.457333333333333,3.542666666666667,False,,False,0.010000002871100366,,7.848137036317417e-05,-82.1046684469228,3.497333333333333,-0.002666666666666817,,False,0.0,,,,,False,,
3.51,3.4673333333333334,3.5526666666666666,False,,False,0.01,,0.00025803191496012463,-71.76653149051354,3.507333333333333,-0.002666666666666817,,False,0.0,,,,,False,,
3.52,3.477333333333333,3.562666666666667,False,,False,0.01,,0.004116839350467408,-47.70872159892224,3.517333333333333,-0.002666666666666817,,False,0.0,,,,,False,,
3.53,3.4873333333333334,3.5726666666666667,False,103.77879022636449,True,0.0100028158258111,-4.299999999999998,0.007727554870148966,-42.23915805018913,3.527333333333333,-0.002666666666666817,,False,0.0,,,pyin_probability_below_0.5|voicing_disagreement,,False,-3.8000000000000025,
3.54,3.497333333333333,3.582666666666667,False,106.2045044606715,True,0.010259050559778863,-3.8999999999999986,0.011648055708876042,-38.67493121872584,3.537333333333333,-0.002666666666666817,,False,0.0,,,pyin_probability_below_0.5|voicing_disagreement,,False,-3.4000000000000012,
3.55,3.5073333333333334,3.5926666666666667,False,109.31653398298289,True,0.010467533617069905,-3.3999999999999986,0.016320659195642292,-35.745246079231016,3.547333333333333,-0.002666666666666817,,False,0.0,,,pyin_probability_below_0.5|voicing_disagreement,,False,-2.900000000000002,
3.56,3.517333333333333,3.6026666666666665,False,107.43854136004751,True,0.01398021038018593,-3.700000000000003,0.02044659077257646,-33.78758190187385,3.5573333333333332,-0.002666666666666817,103.63138456157947,True,0.5886387029615627,3.807156798468043,0.624607640307644,pyin_probability_below_0.5,-4.34932770838528,False,-3.2000000000000055,-3.737929043991689
3.57,3.5273333333333334,3.6126666666666667,False,106.2045044606715,True,0.03010686179419501,-3.8999999999999986,0.02359582096995684,-32.54329815279962,3.567333333333333,-0.002666666666666817,105.35795830244356,True,0.8082143340304775,0.8465461582279374,0.13854795751668625,pyin_probability_below_0.5,-4.063268025594321,False,-3.4000000000000012,-3.451869361200728
3.58,3.537333333333333,3.6226666666666665,False,105.59281152631061,True,0.047686993082531035,-4.000000000000001,0.026542409169616313,-31.5211932032186,3.5773333333333333,-0.002666666666666817,109.41484321021714,True,0.840610780642908,3.8220316839065305,-0.6155621287781994,pyin_probability_below_0.5,-3.4091579392994387,False,-3.5000000000000027,-2.797759274905845
3.59,3.5473333333333334,3.6326666666666667,False,104.98464168400547,True,0.030106861794195007,-4.1,0.027812211551088043,-31.11528951703812,3.587333333333333,-0.002666666666666817,108.36231187037019,True,0.795752374085033,3.3776701863647247,-0.5482174611912312,pyin_probability_below_0.5,-3.5765026068864048,False,-3.6000000000000014,-2.965103942492811
3.6,3.5573333333333332,3.6426666666666665,False,104.98464168400547,True,0.026168028608935755,-4.1,0.03052693930861149,-30.306334734868425,3.5973333333333333,-0.002666666666666817,104.95861383492786,True,0.929979490081604,0.026027849077607357,0.004292616942289832,pyin_probability_below_0.5,-4.129012685019923,False,-3.6000000000000014,-3.517614020626331
3.61,3.5673333333333335,3.6526666666666667,False,104.98464168400547,True,0.040697331568881064,-4.1,0.03317164765394573,-29.58465912598954,3.607333333333333,-0.002666666666666817,103.91985233276215,True,0.9510933254629694,1.06478935124332,0.17648404860342884,pyin_probability_below_0.5,-4.301204116681065,False,-3.6000000000000014,-3.6898054522874713
3.62,3.5773333333333333,3.6626666666666665,False,104.37997464223893,True,0.06608151270920701,-4.199999999999999,0.035327756360127575,-29.03767886826151,3.617333333333333,-0.002666666666667261,100.74045014088006,True,0.8040727012444372,3.6395245013588777,0.6144224884362284,pyin_probability_below_0.5,-4.839142556513863,False,-3.700000000000003,-4.227743892120271
3.63,3.5873333333333335,3.6726666666666667,False,104.37997464223893,True,0.17653060863289757,-4.199999999999999,0.03726370836029373,-28.574278554939912,3.627333333333333,-0.002666666666666817,99.19429452115692,True,0.8191885692197468,5.185680121082015,0.88219091664796,pyin_probability_below_0.5,-5.106910984725598,False,-3.700000000000003,-4.495512320332005
3.64,3.5973333333333333,3.6826666666666665,False,104.37997464223893,True,0.1504646013433388,-4.199999999999999,0.03896807341471434,-28.185821304747446,3.637333333333333,-0.002666666666667261,103.82503871305055,True,0.8865789502345047,0.5549359291883889,0.09228656267061561,pyin_probability_below_0.5,-4.31700663074825,False,-3.700000000000003,-3.7056079663546573
3.65,3.6073333333333335,3.6926666666666668,False,104.98464168400547,True,0.12793708630129036,-4.1,0.04065305724713636,-27.818135768613807,3.647333333333333,-0.002666666666666817,104.89563730085162,True,0.9718190587085347,0.08900438315384918,0.014683364117322819,pyin_probability_below_0.5,-4.13940343219496,False,-3.6000000000000014,-3.5280047678013675
3.66,3.6173333333333333,3.7026666666666666,False,106.81974089615274,True,0.10857977072874497,-3.8,0.0437235035872955,-27.185700901663154,3.657333333333333,-0.002666666666667261,105.01258959591704,True,0.993656189863218,1.8071513002357023,0.29539190334154664,pyin_probability_below_0.5,-4.120111971419179,False,-3.3000000000000007,-3.508713307025589
3.67,3.6273333333333335,3.712666666666667,False,108.06092649856241,True,0.20650679911775227,-3.6000000000000014,0.04626941264681838,-26.69412026972315,3.667333333333333,-0.002666666666666817,106.04253065942368,True,0.9864282050033824,2.0183958391387335,0.3264234187350838,pyin_probability_below_0.5,-3.9511434868127213,False,-3.100000000000003,-3.3397448224191297
3.68,3.6373333333333333,3.7226666666666666,False,109.9497982220883,True,0.06608151270920701,-3.3000000000000007,0.048837808583833464,-26.224876632995525,3.677333333333333,-0.002666666666667261,107.33867640980839,True,0.9780086836628912,2.6111218122799187,0.41609943702753693,pyin_probability_below_0.5,-3.740819505105171,False,-2.800000000000002,-3.1294208407115796
3.69,3.6473333333333335,3.732666666666667,False,112.51975293079859,True,0.020317628556360583,-2.8999999999999995,0.05213856366686047,-25.656818742275476,3.687333333333333,-0.002666666666666817,109.28294776080429,True,0.9695980335778808,3.236805169994298,0.5053198307158651,pyin_probability_below_0.5,-3.4300398987935017,False,-2.4000000000000026,-2.8186412343999097
3.7,3.6573333333333333,3.7426666666666666,False,114.4865635674993,True,0.04069733156888106,-2.599999999999998,0.056182190415726835,-25.00802665302033,3.697333333333333,-0.002666666666667261,111.98234666871744,True,0.9651742475029367,2.5042168987818627,0.3828836610278079,pyin_probability_below_0.5,-3.0076037291054423,False,-2.1000000000000014,-2.3962050647118485
3.71,3.667333333333333,3.752666666666667,False,117.16256013940793,True,0.056071395445892624,-2.1999999999999997,0.057951913529357926,-24.738644387615686,3.707333333333333,-0.002666666666666817,115.55930102544666,True,0.9507252347173877,1.603259113961272,0.2385388863530587,pyin_probability_below_0.5,-2.4632589544306955,False,-1.7000000000000033,-1.8518602900371026
3.72,3.6773333333333333,3.7626666666666666,False,118.52392351256819,True,0.09203757081218102,-1.9999999999999987,0.058386930356410176,-24.67368713628815,3.717333333333333,-0.002666666666667261,120.01669808149906,True,0.9428702272977068,1.4927745689308693,-0.2166822473047616,pyin_probability_below_0.5,-1.8080378207728751,False,-1.5000000000000022,-1.196639156379282
3.73,3.687333333333333,3.772666666666667,False,120.59568520237023,True,0.1504646013433388,-1.6999999999999988,0.05850881246500625,-24.655574330771014,3.727333333333333,-0.002666666666666817,120.38603863563083,True,0.9262628125606824,0.2096465667394085,0.03012239769836499,pyin_probability_below_0.5,-1.7548424657759978,False,-1.2000000000000022,-1.1434438013824062
3.74,3.6973333333333334,3.7826666666666666,False,121.9969395672486,True,0.2796051653363589,-1.5000000000000004,0.0592573719051812,-24.54515227223493,3.737333333333333,-0.002666666666667261,121.0111651978085,True,0.8997831919516854,0.985774369440108,0.1404574975708179,pyin_probability_below_0.5,-1.6651775656484515,False,-1.0000000000000036,-1.0537789012548606
3.75,3.707333333333333,3.792666666666667,False,122.70366064862014,True,0.4260623290432815,-1.4000000000000004,0.05886155034954555,-24.603366064780662,3.747333333333333,-0.002666666666666817,124.80610768727833,True,0.9109693150831712,2.102447038658184,-0.2941229731396331,pyin_probability_below_0.5,-1.1305970949380053,False,-0.9000000000000046,-0.5191984305444126
3.76,3.7173333333333334,3.8026666666666666,False,123.4144757235675,True,0.48498680771591135,-1.2999999999999985,0.05672502487437163,-24.924506100028452,3.757333333333333,-0.002666666666666817,126.46988861798215,True,0.9643838425175141,3.055412894414644,-0.4233877127054012,pyin_probability_below_0.5,-0.901332355372233,False,-0.8000000000000008,-0.28993369097863975
3.77,3.727333333333333,3.812666666666667,False,124.84848285663055,True,0.3721358982975087,-1.0999999999999999,0.05402931308070242,-25.34741107940556,3.767333333333333,-0.002666666666666817,126.27607055306052,True,0.9823420634228994,1.427587696429967,-0.19683579470914436,pyin_probability_below_0.5,-0.9278842733684913,False,-0.6000000000000011,-0.3164856089748986
3.78,3.7373333333333334,3.8226666666666667,False,127.03079589645196,True,0.3721358982975087,-0.8000000000000008,0.0505554478024922,-25.92464076858914,3.777333333333333,-0.002666666666666817,125.00463746322349,True,0.9510907695455508,2.026158433228474,0.27836006957166043,pyin_probability_below_0.5,-1.103080137649298,False,-0.300000000000004,-0.49168147325570394
3.79,3.747333333333333,3.832666666666667,False,126.29915234996876,True,0.42606232904328145,-0.8999999999999986,0.05116916590144915,-25.819833246389358,3.787333333333333,-0.002666666666666817,124.06558552496072,True,0.9199943549894333,2.2335668250080403,0.3089036867830094,pyin_probability_below_0.5,-1.2336237548606448,False,-0.4000000000000028,-0.6222250904670522
3.8,3.7573333333333334,3.8426666666666667,False,126.29915234996876,True,0.48498680771591135,-0.8999999999999986,0.05107354961091429,-25.836079152714156,3.797333333333333,-0.002666666666666817,127.76410265226595,True,0.9408897318949354,1.4649503022971828,-0.19965106338492555,pyin_probability_below_0.5,-0.7250690046927111,False,-0.4000000000000028,-0.11367034029911788
3.81,3.767333333333333,3.8526666666666665,False,126.29915234996876,True,0.48498680771591135,-0.8999999999999986,0.05123194087873678,-25.809183818659513,3.8073333333333332,-0.002666666666666817,128.22500453917883,True,0.971161831635431,1.9258521892100617,-0.26199198959671866,pyin_probability_below_0.5,-0.6627280784809177,False,-0.4000000000000028,-0.05132941408732451
3.82,3.7773333333333334,3.8626666666666667,False,127.03079589645196,True,0.4849868077159113,-0.8000000000000008,0.05315749438760238,-25.488709959884662,3.817333333333333,-0.002666666666666817,126.98835682324437,True,0.9820840574359311,0.04243907320758922,0.005784758231398439,pyin_probability_below_0.5,-0.8305048263090371,False,-0.300000000000004,-0.2191061619154442
3.83,3.787333333333333,3.8726666666666665,False,127.76667781088264,True,0.4849868077159113,-0.7000000000000002,0.05450041488944709,-25.27200383207756,3.8273333333333333,-0.002666666666666817,126.02432962883911,True,0.9841176544241957,1.7423481820435285,0.2377121175313487,pyin_probability_below_0.5,-0.9624321856089869,False,-0.2000000000000017,-0.3510335212153936
3.84,3.7973333333333334,3.8826666666666667,False,127.76667781088264,True,0.48498680771591124,-0.7000000000000002,0.05713252301230232,-24.862331935338574,3.837333333333333,-0.002666666666666817,126.26148843257747,True,0.9933931434121804,1.5051893783051753,0.2051635168876986,pyin_probability_below_0.5,-0.929883584965334,False,-0.2000000000000017,-0.3184849205717415
3.85,3.8073333333333332,3.8926666666666665,False,127.76667781088264,True,0.615949885458068,-0.7000000000000002,0.05959456394015554,-24.49586707313681,3.8473333333333333,-0.002666666666666817,127.01463481538703,True,0.9978993517892637,0.7520429954956143,0.10220264649269231,,-0.8269227145703298,True,-0.2000000000000017,-0.2155240501767376
3.86,3.8173333333333335,3.9026666666666667,False,127.76667781088264,True,0.6159498854580681,-0.7000000000000002,0.06176377629034985,-24.185323174455537,3.857333333333333,-0.002666666666666817,128.60574341622532,True,0.9567497567009738,0.8390656053426824,-0.11332140368404392,,-0.6113986643935932,True,-0.2000000000000017,0.0
3.87,3.8273333333333333,3.9126666666666665,False,127.76667781088264,True,0.6860828109301793,-0.7000000000000002,0.06219873958764912,-24.12436831765472,3.867333333333333,-0.002666666666667261,128.74349338256872,True,0.9393859453688058,0.9768155716860747,-0.13185477551239472,,-0.5928652925652401,True,-0.2000000000000017,0.018533371828352012
3.88,3.8373333333333335,3.9226666666666667,False,127.76667781088264,True,0.615949885458068,-0.7000000000000002,0.060482163299028634,-24.36745367155609,3.877333333333333,-0.002666666666666817,127.40478259745157,True,0.9723881433468351,0.3618952134310689,0.04910625465334923,,-0.7738263227309852,True,-0.2000000000000017,-0.16242765833739278
3.89,3.8473333333333333,3.9326666666666665,False,127.76667781088264,True,0.5485250542599844,-0.7000000000000002,0.06037187967980657,-24.38330604335482,3.887333333333333,-0.002666666666667261,127.55444025002939,True,0.9930885759800429,0.21223756085325363,0.02878202784488072,,-0.7535020959225143,True,-0.2000000000000017,-0.14210343152892235
3.9,3.8573333333333335,3.9426666666666668,False,127.76667781088264,True,0.6159498854580681,-0.7000000000000002,0.06090391019234101,-24.307096472320474,3.897333333333333,-0.002666666666666817,127.38194197379246,True,0.9846501921417012,0.3847358370901759,0.05221022057253332,,-0.7769302886501694,True,-0.2000000000000017,-0.16553162425657608
3.91,3.8673333333333333,3.9526666666666666,False,127.03079589645196,True,0.6159498854580681,-0.8000000000000008,0.059593514648764105,-24.49602000838557,3.907333333333333,-0.002666666666667261,126.46010707300437,True,0.9290683261928631,0.5706888234475969,0.07795132529047838,,-0.902671393368117,True,-0.300000000000004,-0.29127272897452444
3.92,3.8773333333333335,3.962666666666667,False,127.76667781088264,True,0.6159498854580681,-0.7000000000000002,0.05890141647698277,-24.597485221154255,3.917333333333333,-0.002666666666666817,125.88737884406551,True,0.9084118790454265,1.8792989668171316,0.25653568761798873,,-0.9812557556956265,True,-0.2000000000000017,-0.3698570913020342
3.93,3.8873333333333333,3.9726666666666666,False,127.76667781088264,True,0.6159498854580682,-0.7000000000000002,0.058211163333783296,-24.699874427497978,3.927333333333333,-0.002666666666667261,128.02387300180095,True,0.9614207397820954,0.2571951909183099,-0.034814829587383855,,-0.6899052384902511,True,-0.2000000000000017,-0.07850657409665868
3.94,3.8973333333333335,3.982666666666667,False,127.76667781088264,True,0.5485250542599847,-0.7000000000000002,0.057607378648547175,-24.790437726982155,3.937333333333333,-0.002666666666666817,128.3682389195789,True,0.9914304860722951,0.6015611086962735,-0.08132003259266785,,-0.6434000354849667,True,-0.2000000000000017,-0.03200137109137394
3.95,3.9073333333333333,3.9926666666666666,False,128.5068226458765,True,0.5485250542599844,-0.5999999999999991,0.057055530701574195,-24.874045013783412,3.947333333333333,-0.002666666666667261,127.89553618482746,True,0.99849608104512,0.6112864610490334,0.08254853387331305,,-0.707268601950951,True,-0.10000000000000259,-0.09586993755735712
3.96,3.917333333333333,4.002666666666666,False,128.5068226458765,True,0.615949885458068,-0.5999999999999991,0.05814176124054078,-24.710236332817548,3.957333333333333,-0.002666666666666817,127.52821310369194,True,0.9921079497215984,0.9786095421845573,0.13234207619095473,,-0.7570621442685928,True,-0.10000000000000259,-0.14566347987500003
3.97,3.9273333333333333,4.012666666666667,False,127.76667781088264,True,0.615949885458068,-0.7000000000000002,0.05982666272853211,-24.46210444892764,3.967333333333333,-0.002666666666667261,128.5267686096536,True,0.9728850841532958,0.7600907987709604,-0.1026868964117102,,-0.6220331716659244,True,-0.2000000000000017,-0.010634507272331931
3.98,3.937333333333333,4.022666666666667,False,127.76667781088264,True,0.6860828109301793,-0.7000000000000002,0.06008189100171658,-24.425128138357817,3.977333333333333,-0.002666666666666817,129.6228996383801,True,0.954167504792526,1.8562218274974498,-0.24970786891491606,,-0.4750121991627185,True,-0.2000000000000017,0.13638646523087294
3.99,3.9473333333333334,4.032666666666667,False,127.76667781088264,True,0.6159498854580681,-0.7000000000000002,0.05968703107118926,-24.482400461525632,3.987333333333333,-0.002666666666667261,127.8286921181695,True,0.9709497011650191,0.06201430728685864,-0.00840087850110999,,-0.7163191895765257,True,-0.2000000000000017,-0.10492052518293316
4.0,3.957333333333333,4.042666666666666,False,127.76667781088264,True,0.615949885458068,-0.7000000000000002,0.060120731771163616,-24.41951483906644,3.997333333333333,-0.002666666666666817,127.54800737898078,True,0.974649089414126,0.21867043190185598,0.029655151995468088,,-0.7543752200731031,True,-0.2000000000000017,-0.1429765556795099
4.01,3.9673333333333334,4.052666666666667,False,127.03079589645196,True,0.615949885458068,-0.8000000000000008,0.060540549821422124,-24.359072783107468,4.007333333333333,-0.002666666666666373,127.12162546174295,True,0.9827587178165192,0.09082956529098851,-0.012374247071738807,,-0.8123458210059,True,-0.300000000000004,-0.20094715661230672
4.02,3.977333333333333,4.062666666666667,False,126.29915234996876,True,0.6860828109301792,-0.8999999999999986,0.05914705267661107,-24.561337831600238,4.017333333333333,-0.002666666666666373,126.6813929630833,True,0.9998476630958216,0.38224061311453283,-0.05231615475605018,,-0.8724039133215862,True,-0.4000000000000028,-0.2610052489279926
4.03,3.9873333333333334,4.072666666666667,False,126.29915234996876,True,0.42606232904328145,-0.8999999999999986,0.05708966098568456,-24.868850718946263,4.027333333333333,-0.002666666666667261,126.36250049379909,True,0.991098067986837,0.06334814383032494,-0.008681211779302776,pyin_probability_below_0.5,-0.9160388562983319,False,-0.4000000000000028,-0.30464019190473957
4.04,3.997333333333333,4.082666666666666,False,125.57172276022992,True,0.3721358982975087,-0.9999999999999994,0.05374624062555522,-25.39303815668458,4.037333333333333,-0.002666666666667261,125.3181501266053,True,0.9728210174740192,0.25357263362461424,0.03499493396593996,pyin_probability_below_0.5,-1.0597150020435788,False,-0.5000000000000021,-0.4483163376499863
4.05,4.007333333333333,4.092666666666666,False,124.84848285663055,True,0.3233360583906409,-1.0999999999999999,0.05089616417450359,-25.866298946828714,4.0473333333333334,-0.002666666666666373,123.87430406613355,True,0.9385345981681305,0.9741787904970067,0.13561605168098337,pyin_probability_below_0.5,-1.2603361197586187,False,-0.6000000000000011,-0.6489374553650272
4.06,4.017333333333333,4.102666666666667,False,124.12940850835416,True,0.2796051653363589,-1.199999999999998,0.04793821438228401,-26.386362934776294,4.057333333333333,-0.002666666666666373,119.56710153188301,True,0.8366643428912955,4.562306976471149,0.6482935791045786,pyin_probability_below_0.5,-1.8730136471822116,False,-0.7000000000000002,-1.2616149827886194
4.07,4.027333333333333,4.112666666666667,False,122.70366064862014,True,0.2796051653363589,-1.4000000000000004,0.0424527237096518,-27.441888815526653,4.067333333333333,-0.002666666666667261,115.62550735403067,True,0.8527513569959223,7.07815329458947,1.028623126382049,pyin_probability_below_0.5|pitch_difference_over_1_semitone,-2.453343194459686,False,-0.9000000000000046,-1.8419445300660942
4.08,4.037333333333334,4.1226666666666665,False,120.59568520237023,True,0.2796051653363589,-1.6999999999999988,0.03796153200849335,-28.413125382529707,4.077333333333333,-0.002666666666667261,118.06143983141469,True,0.8937825046190723,2.5342453709555457,0.36768538040676857,pyin_probability_below_0.5,-2.092405448484403,False,-1.2000000000000022,-1.4810067840908103
4.09,4.0473333333333334,4.132666666666666,False,118.52392351256819,True,0.2796051653363589,-1.9999999999999987,0.03406056541352669,-29.354962938427555,4.0873333333333335,-0.002666666666666373,119.60797081127926,True,0.9605428677783125,1.08404729871107,-0.15762294790194492,pyin_probability_below_0.5,-1.8670971201756899,False,-1.5000000000000022,-1.2556984557820987
4.1,4.057333333333333,4.142666666666667,False,117.84127594565435,True,0.2796051653363589,-2.1000000000000014,0.02938956745768522,-30.636136112588474,4.097333333333333,-0.002666666666666373,119.99756220919095,True,0.9633413963344918,2.1562862635366002,-0.31392168851725877,pyin_probability_below_0.5,-1.8107983795603793,False,-1.6000000000000043,-1.1993997151667852
4.11,4.067333333333333,4.152666666666667,False,119.9011051661721,True,0.6159498854580681,-1.799999999999999,0.02645604694873363,-31.549500947948562,4.107333333333333,-0.002666666666667261,121.51090831579123,True,0.9454039227921044,1.6098031496191254,-0.230890525612864,,-1.5938295424647713,True,-1.3000000000000027,-0.98243087807118
4.12,4.077333333333334,4.1626666666666665,False,120.59568520237023,True,0.7571601330199094,-1.6999999999999988,0.02329401349493501,-32.65511354529231,4.117333333333333,-0.002666666666667261,122.85595844155183,True,0.9514787597339274,2.2602732391816005,-0.32147447202472074,,-1.4032455960529164,True,-1.2000000000000022,-0.7918469316593225
4.13,4.0873333333333335,4.172666666666666,False,121.29428889978496,True,0.6860828109301793,-1.6,0.021516033527671303,-33.3447557528798,4.127333333333333,-0.002666666666667261,122.42449700540216,True,0.964626988334079,1.1302081056172,-0.16056774399420132,,-1.4641523240834367,True,-1.1000000000000039,-0.8527536596898435
4.14,4.097333333333333,4.182666666666667,False,122.70366064862014,True,0.1279370863012904,-1.4000000000000004,0.020831305273651183,-33.62567033279372,4.137333333333333,-0.002666666666666373,122.16713243691993,True,0.9749308264632308,0.5365282117002153,0.07586510282333511,pyin_probability_below_0.5,-1.500585170900973,False,-0.9000000000000046,-0.8891865065073811
4.15,4.107333333333333,4.192666666666667,False,133.03860595958074,True,0.01002672467381077,0.0,0.023274744973714883,-32.66230137953403,4.147333333333333,-0.002666666666667261,121.92531085535563,True,0.9841874800676527,11.113295104225102,1.5101676717289627,pyin_probability_below_0.5|pitch_difference_over_1_semitone,-1.534887739806601,False,0.49999999999999706,-0.9234890754130083
4.16,4.117333333333334,4.2026666666666666,False,143.41324688128702,True,0.010259050559778863,1.2999999999999994,0.030526772525915152,-30.306382190004257,4.157333333333333,-0.002666666666667261,121.64284644829273,True,0.9500135513515693,21.770400432994293,2.850321706952014,pyin_probability_below_0.5|pitch_difference_over_1_semitone,-1.575041775029652,False,1.799999999999994,-0.9636431106360581
4.17,4.1273333333333335,4.212666666666666,False,145.9200662802185,True,0.012403124793551348,1.6000000000000023,0.035286335327644594,-29.047868861491096,4.167333333333333,-0.002666666666667261,124.48376074583302,True,0.6882522813823478,21.43630553438547,2.7506488673828935,pyin_probability_below_0.5|pitch_difference_over_1_semitone,-1.1753689354605297,False,2.0999999999999988,-0.5639702710669363
4.18,4.137333333333333,4.222666666666667,False,149.33078614961454,True,0.030106861794195007,2.0000000000000004,0.04115470511650348,-27.711610115804135,4.177333333333333,-0.002666666666666373,146.47253905068368,True,0.5272397707273239,2.8582470989308604,0.33457694947017813,pyin_probability_below_0.5,1.6407029824521824,False,2.4999999999999956,2.2521016468457757
4.19,4.147333333333333,4.232666666666667,False,150.19585059339548,True,0.06608151270920702,2.0999999999999988,0.04498874265773096,-26.937922885939525,4.187333333333333,-0.002666666666667261,144.0423860327732,True,0.6793696623120888,6.153464560622268,0.7242186455870667,pyin_probability_below_0.5,1.3510612863352969,False,2.5999999999999974,1.9624599507288898
4.2,4.157333333333334,4.242666666666667,False,150.19585059339548,True,0.1504646013433388,2.0999999999999988,0.05124868873738097,-25.80634484209004,4.197333333333333,-0.002666666666667261,147.04746358932016,True,0.8151731802588106,3.1483870040753175,0.366756685033382,pyin_probability_below_0.5,1.7085232468889782,False,2.5999999999999974,2.319921911282571
4.21,4.167333333333334,4.252666666666666,False,151.06592630451914,True,0.17653060863289757,2.1999999999999993,0.056584155681936796,-24.946103200691926,4.207333333333333,-0.002666666666667261,149.74603367696426,True,0.9264544864944038,1.3198926275548786,0.1519259887475803,pyin_probability_below_0.5,2.023353943174782,False,2.6999999999999966,2.634752607568375
4.22,4.177333333333333,4.262666666666667,False,150.19585059339548,True,0.2796051653363588,2.0999999999999988,0.06364227611470454,-23.925085931112633,4.217333333333333,-0.002666666666666373,151.80871149898024,True,0.9787939018813873,1.6128609055847676,-0.1849155021510555,pyin_probability_below_0.5,2.2601954340734163,False,2.5999999999999974,2.87159409846701
4.23,4.187333333333333,4.272666666666667,False,149.33078614961454,True,0.4260623290432814,2.0000000000000004,0.06800313841934112,-23.34942087330194,4.227333333333333,-0.002666666666667261,151.7095894325294,True,0.9835446886201741,2.3788032829148733,-0.27360788069775077,pyin_probability_below_0.5,2.2488878126201124,False,2.4999999999999956,2.860286477013707
4.24,4.197333333333333,4.282666666666667,False,148.4707041104003,True,0.3721358982975087,1.9000000000000006,0.0703604590577497,-23.053426714138826,4.237333333333333,-0.002666666666667261,151.09457561473846,True,0.9837918386129386,2.6238715043381546,-0.3032829348089858,pyin_probability_below_0.5,2.178562866731351,False,2.399999999999998,2.789961531124944
4.25,4.207333333333334,4.292666666666666,False,146.76537262479707,True,0.2065067991177523,1.7000000000000026,0.07191170274029227,-22.86400855619273,4.247333333333333,-0.002666666666667261,149.75660243519212,True,0.9770891682425885,2.9912298103950548,-0.3492958364988035,pyin_probability_below_0.5,2.0245757684211663,False,2.1999999999999993,2.635974432814761
4.26,4.217333333333333,4.302666666666667,False,145.07962854192903,True,0.09203757081218103,1.5000000000000004,0.07207666957082176,-22.844105778102172,4.257333333333333,-0.002666666666666373,147.84011091469284,True,0.9597503005036606,2.7604823727638177,-0.32631345166763326,pyin_probability_below_0.5,1.8015933835899967,False,1.9999999999999973,2.4129920479835887
4.27,4.227333333333333,4.312666666666667,False,142.58724736030138,True,0.03010686179419501,1.1999999999999993,0.07344801360657331,-22.680398903225218,4.267333333333333,-0.002666666666666373,143.81242331399932,True,0.9458117411838621,1.225175953697942,-0.14812023078215547,pyin_probability_below_0.5,1.323400162704517,False,1.6999999999999993,1.9347988270981107
4.28,4.237333333333333,4.322666666666667,False,140.13768379557115,True,0.018187375734912185,0.8999999999999985,0.07227335489589595,-22.82043570127915,4.277333333333333,-0.002666666666667261,139.5818024945734,True,0.9475530071623537,0.5558813009977541,0.06880907120006852,pyin_probability_below_0.5,0.8064708607222943,False,1.3999999999999968,1.417869525115885
4.29,4.247333333333334,4.332666666666666,False,137.7302022667084,True,0.018187375734912182,0.6000000000000013,0.07069903132637055,-23.011730731839673,4.287333333333333,-0.002666666666667261,135.82946969453704,True,0.8945827827548704,1.9007325721713642,0.24058121421219814,pyin_probability_below_0.5,0.3346987177101693,False,1.1000000000000019,0.9460973821037633
4.3,4.257333333333333,4.342666666666666,False,135.36407982952485,True,0.0229442191246386,0.3000000000000021,0.0665030162592689,-23.543173134524494,4.2973333333333334,-0.002666666666666373,131.26337216112282,True,0.8819256306890892,4.100707668402038,0.532566660068329,pyin_probability_below_0.5,-0.2572867281459635,False,0.8000000000000002,0.3541119362476287
4.31,4.267333333333333,4.352666666666667,False,133.03860595958074,True,0.018187375734912182,0.0,0.06318591942018208,-23.987593813916817,4.307333333333333,-0.002666666666666373,130.7623120236719,True,0.8238397664685589,2.276293935908825,0.29877798821581797,pyin_probability_below_0.5,-0.3234980562934547,False,0.49999999999999706,0.2879006081001385
4.32,4.277333333333333,4.362666666666667,False,128.5068226458765,True,0.015085587297504338,-0.5999999999999991,0.05954173737799029,-24.503569943108783,4.317333333333333,-0.002666666666667261,128.45605314043397,True,0.7088929617383988,0.050769505442531226,0.006840980227287165,pyin_probability_below_0.5,-0.6315610483049248,False,-0.10000000000000259,-0.020162383911332404
4.33,4.287333333333334,4.3726666666666665,False,127.03079589645196,True,0.01646758759311301,-0.8000000000000008,0.055928500550308444,-25.047336480038386,4.327333333333333,-0.002666666666667261,122.05683060871813,True,0.7338503049457334,4.973965287733833,0.691503068177744,pyin_probability_below_0.5,-1.5162231362553809,False,-0.300000000000004,-0.9048244718617888
4.34,4.2973333333333334,4.382666666666666,False,125.57172276022992,True,0.01646758759311301,-0.9999999999999994,0.05328458001286066,-25.467969059328034,4.3373333333333335,-0.002666666666666373,119.6976859993916,True,0.8094844687582387,5.874036760838322,0.8293963313140118,pyin_probability_below_0.5,-1.854116399391648,False,-0.5000000000000021,-1.2427177349980543
4.35,4.307333333333333,4.392666666666667,False,120.59568520237023,True,0.03010686179419501,-1.6999999999999988,0.048467585079327184,-26.290972373380654,4.347333333333333,-0.002666666666666373,118.72501534465303,True,0.8271207035378031,1.8706698577172034,0.2706521671505615,pyin_probability_below_0.5,-1.995372235228197,False,-1.2000000000000022,-1.3839735708346033
4.36,4.317333333333333,4.402666666666667,False,119.9011051661721,True,0.06608151270920701,-1.799999999999999,0.045229565030946606,-26.891551776175163,4.357333333333333,-0.002666666666667261,118.30587571641605,True,0.840167501654393,1.5952294497560473,0.23187874810647388,pyin_probability_below_0.5,-2.056598816184109,False,-1.3000000000000027,-1.4452001517905164
4.37,4.327333333333334,4.4126666666666665,False,119.21052561660726,True,0.10857977072874497,-1.9000000000000006,0.0427286107215069,-27.385624552170945,4.367333333333333,-0.002666666666667261,118.95925388572046,True,0.8213553980061549,0.2512717308867991,0.03652943193582391,pyin_probability_below_0.5,-1.9612495000134618,False,-1.4000000000000026,-1.3498508356198695
4.38,4.3373333333333335,4.422666666666666,False,119.21052561660726,True,0.12793708630129036,-1.9000000000000006,0.03975793632380393,-28.011523323746093,4.3773333333333335,-0.002666666666666373,120.7235459894638,True,0.8220687038781175,1.5130203728565448,-0.21834557219311435,pyin_probability_below_0.5,-1.7063744958845235,False,-1.4000000000000026,-1.0949758314909315
4.39,4.347333333333333,4.432666666666667,False,119.21052561660726,True,0.10857977072874499,-1.9000000000000006,0.03500592709704024,-29.1171683200767,4.387333333333333,-0.002666666666666373,124.02060602447054,True,0.8049639490113883,4.810080407863282,-0.6848186527695854,pyin_probability_below_0.5,-1.239901415308051,False,-1.4000000000000026,-0.6285027509144581
4.4,4.357333333333333,4.442666666666667,False,121.29428889978496,True,0.17653060863289763,-1.6,0.031756973339488355,-29.96321791116803,4.397333333333333,-0.002666666666667261,123.59302826834846,True,0.8245288512379815,2.2987393685635027,-0.32502889943970115,pyin_probability_below_0.5,-1.299691168637936,False,-1.1000000000000039,-0.6882925042443437
4.41,4.367333333333334,4.4526666666666666,False,121.9969395672486,True,0.15046460134333883,-1.5000000000000004,0.028233791878223318,-30.984615819138067,4.407333333333333,-0.002666666666667261,120.02994943699625,True,0.8795877355585021,1.9669901302523556,0.28140635771484696,pyin_probability_below_0.5,-1.8061264257924838,False,-1.0000000000000036,-1.19472776139889
4.42,4.3773333333333335,4.462666666666666,False,122.70366064862014,True,0.1765306086328976,-1.4000000000000004,0.024737471387555117,-32.132893902186225,4.417333333333333,-0.002666666666667261,117.95024914827273,True,0.9119852142375168,4.753411500347411,0.6839978869329142,pyin_probability_below_0.5,-2.10871795501055,False,-0.9000000000000046,-1.4973192906169581
4.43,4.387333333333333,4.472666666666667,False,119.9011051661721,True,0.2065067991177523,-1.799999999999999,0.019272145191322757,-34.30139882271733,4.427333333333333,-0.002666666666666373,117.55613322662197,True,0.9236031453292745,2.3449719395501347,0.34194175519715975,pyin_probability_below_0.5,-2.1666618232747954,False,-1.3000000000000027,-1.5552631588812023
4.44,4.397333333333333,4.482666666666667,False,118.52392351256819,True,0.27960516533635893,-1.9999999999999987,0.01602841682561826,-35.90218744169206,4.437333333333333,-0.002666666666667261,117.45620673163195,True,0.8456595737130699,1.0677167809362373,0.15666405965034894,pyin_probability_below_0.5,-2.1813841277279833,False,-1.5000000000000022,-1.56998546333439
4.45,4.407333333333334,4.492666666666667,False,117.84127594565435,True,0.17653060863289757,-2.1000000000000014,0.012235266684577145,-38.247731203190256,4.447333333333333,-0.002666666666667261,117.6668665699034,True,0.6712420833294199,0.1744093757509404,0.025641873928475053,pyin_probability_below_0.5,-2.150361942006112,False,-1.6000000000000043,-1.5389632776125182
4.46,4.417333333333334,4.502666666666666,False,117.84127594565435,True,0.06608151270920701,-2.1000000000000014,0.009822675752099675,-40.155403836764016,4.457333333333333,-0.002666666666667261,118.58605356071702,True,0.5676510937568948,0.7447776150626737,-0.10907272301358478,pyin_probability_below_0.5,-2.0156473450640537,False,-1.6000000000000043,-1.4042486806704604
4.47,4.427333333333333,4.512666666666667,False,117.84127594565435,True,0.026168028608935755,-2.1000000000000014,0.007630083023238668,-42.3494147288755,4.467333333333333,-0.002666666666666373,115.49124926998863,True,0.6005058045661463,2.350026675665717,0.34873695940709915,pyin_probability_below_0.5,-2.473457027484736,False,-1.6000000000000043,-1.8620583630911423
4.48,4.437333333333333,4.522666666666667,False,119.21052561660726,True,0.01646758759311301,-1.9000000000000006,0.006717328664649963,-43.45606804146428,4.477333333333333,-0.002666666666667261,116.58874018998465,True,0.7346971227586808,2.6217854266226084,0.3849979126182632,pyin_probability_below_0.5,-2.309717980695902,False,-1.4000000000000026,-1.6983193163023078
4.49,4.447333333333333,4.532666666666667,False,115.81683335824411,True,0.01646758759311301,-2.4000000000000004,0.005560523065187231,-45.09768706893529,4.487333333333333,-0.002666666666667261,,False,0.0,,,pyin_probability_below_0.5|voicing_disagreement,,False,-1.900000000000003,
4.5,4.457333333333334,4.542666666666666,False,116.48775344855382,True,0.03489742801962526,-2.3,0.004914190151552822,-46.17096085548111,4.497333333333333,-0.002666666666667261,,False,0.0,,,pyin_probability_below_0.5|voicing_disagreement,,False,-1.800000000000003,
4.51,4.467333333333333,4.552666666666667,False,117.16256013940793,True,0.10857977072874497,-2.1999999999999997,0.0036074836225781625,-48.855912637205385,4.507333333333333,-0.002666666666666373,,False,0.0,,,pyin_probability_below_0.5|voicing_disagreement,,False,-1.7000000000000033,
4.52,4.477333333333333,4.562666666666667,False,115.81683335824411,True,0.10857977072874497,-2.4000000000000004,0.0030789474630705175,-50.23195443040133,4.517333333333333,-0.002666666666666373,,False,0.0,,,pyin_probability_below_0.5|voicing_disagreement,,False,-1.900000000000003,
4.53,4.487333333333333,4.572666666666667,False,117.16256013940793,True,0.20650679911775227,-2.1999999999999997,0.0025508239654467974,-51.86639022782763,4.527333333333333,-0.002666666666667261,,False,0.0,,,pyin_probability_below_0.5|voicing_disagreement,,False,-1.7000000000000033,
4.54,4.497333333333334,4.582666666666666,False,115.81683335824411,True,0.10857977072874497,-2.4000000000000004,0.0020344080069786634,-53.83123887084467,4.537333333333333,-0.002666666666667261,,False,0.0,,,pyin_probability_below_0.5|voicing_disagreement,,False,-1.900000000000003,
4.55,4.507333333333333,4.592666666666666,False,117.16256013940793,True,0.108579770728745,-2.1999999999999997,0.0016443825327795444,-55.67994290197567,4.5473333333333334,-0.002666666666666373,,False,0.0,,,pyin_probability_below_0.5|voicing_disagreement,,False,-1.7000000000000033,
4.56,4.517333333333333,4.602666666666667,False,113.82716948276507,True,0.0779752376229482,-2.700000000000001,0.0011463772222919057,-58.81344903300996,4.557333333333333,-0.002666666666666373,,False,0.0,,,pyin_probability_below_0.5|voicing_disagreement,,False,-2.200000000000002,
4.57,4.527333333333333,4.612666666666667,False,114.4865635674993,True,0.026168028608935755,-2.599999999999998,0.0008715881532265733,-61.19377362779267,4.567333333333333,-0.002666666666667261,,False,0.0,,,pyin_probability_below_0.5|voicing_disagreement,,False,-2.1000000000000014,
4.58,4.537333333333334,4.6226666666666665,False,116.48775344855382,True,0.10857977072874497,-2.3,0.0005643564683341692,-64.96892985906891,4.577333333333333,-0.002666666666667261,,False,0.0,,,pyin_probability_below_0.5|voicing_disagreement,,False,-1.800000000000003,
4.59,4.5473333333333334,4.632666666666666,False,118.52392351256819,True,0.030106861794195007,-1.9999999999999987,0.00045753314253469264,-66.79154882545438,4.5873333333333335,-0.002666666666666373,,False,0.0,,,pyin_probability_below_0.5|voicing_disagreement,,False,-1.5000000000000022,
4.6,4.557333333333333,4.642666666666667,False,111.2273533387383,True,0.010073751764282884,-3.0999999999999983,0.00040854566228839834,-67.77518792477998,4.597333333333333,-0.002666666666666373,,False,0.0,,,pyin_probability_below_0.5|voicing_disagreement,,False,-2.6000000000000005,
4.61,4.567333333333333,4.652666666666667,False,,False,0.010140046044704068,,0.00036508883733956353,-68.75202890966843,4.607333333333333,-0.002666666666667261,,False,0.0,,,,,False,,
4.62,4.577333333333334,4.6626666666666665,False,,False,0.010140046044704068,,0.0003497326696500934,-69.1252759391136,4.617333333333333,-0.002666666666667261,,False,0.0,,,,,False,,
4.63,4.5873333333333335,4.672666666666666,False,,False,0.010052967545965857,,0.00033527315456344443,-69.49202438574575,4.6273333333333335,-0.002666666666666373,,False,0.0,,,,,False,,
4.64,4.597333333333333,4.682666666666667,False,,False,0.010026724673810768,,0.00031168850304904466,-70.12558433652573,4.637333333333333,-0.002666666666666373,,False,0.0,,,,,False,,
4.65,4.607333333333333,4.692666666666667,False,,False,0.01001876450976914,,0.00028986404901757323,-70.75611291135355,4.647333333333333,-0.002666666666667261,,False,0.0,,,,,False,,
4.66,4.617333333333334,4.7026666666666666,False,,False,0.010140046044704068,,0.0002515581532786865,-71.98723204288792,4.657333333333333,-0.002666666666667261,,False,0.0,,,,,False,,
4.67,4.6273333333333335,4.712666666666666,False,,False,0.010140046044704068,,0.0002233858675077169,-73.0188861192658,4.667333333333333,-0.002666666666667261,,False,0.0,,,,,False,,
4.68,4.637333333333333,4.722666666666667,False,,False,0.010000078102280324,,0.00017202392017270668,-75.28822319246318,4.677333333333333,-0.002666666666666373,,False,0.0,,,,,False,,
4.69,4.647333333333333,4.732666666666667,False,,False,0.010000016226422836,,0.00011961486488284314,-78.44429691942041,4.687333333333333,-0.002666666666667261,,False,0.0,,,,,False,,
4.7,4.657333333333334,4.742666666666667,False,,False,0.010000000021701592,,0.00011564161327650914,-78.73771716531321,4.697333333333333,-0.002666666666667261,,False,0.0,,,,,False,,
4.71,4.667333333333334,4.752666666666666,False,,False,0.010000000047726025,,0.00011299330344532974,-78.93894588483053,4.707333333333333,-0.002666666666667261,,False,0.0,,,,,False,,
4.72,4.677333333333333,4.762666666666667,False,,False,0.010000000021701592,,0.00011143001858691157,-79.05995594079342,4.717333333333333,-0.002666666666666373,,False,0.0,,,,,False,,
4.73,4.687333333333333,4.772666666666667,False,,False,0.010000000101429396,,0.00011061902680519487,-79.12340333299298,4.727333333333333,-0.002666666666667261,,False,0.0,,,,,False,,
4.74,4.697333333333333,4.782666666666667,False,,False,0.010000000814014904,,0.0001080496586727982,-79.32753201416259,4.737333333333333,-0.002666666666667261,,False,0.0,,,,,False,,
4.75,4.707333333333334,4.792666666666666,False,,False,0.01000000000061386,,0.00010673486138281016,-79.4338741919396,4.747333333333333,-0.002666666666667261,,False,0.0,,,,,False,,
4.76,4.717333333333333,4.802666666666667,False,,False,0.010000000814014906,,0.00010227573484832994,-79.80454782849043,4.757333333333333,-0.002666666666666373,,False,0.0,,,,,False,,
4.77,4.727333333333333,4.812666666666667,False,,False,0.010000027850262286,,9.27984406320331e-05,-80.64918643049198,4.767333333333333,-0.002666666666666373,,False,0.0,,,,,False,,
4.78,4.737333333333333,4.822666666666667,False,,False,0.010000002871100368,,9.048228518160036e-05,-80.86872879179643,4.777333333333333,-0.002666666666667261,,False,0.0,,,,,False,,
4.79,4.747333333333334,4.832666666666666,False,,False,0.010000000208892744,,8.769397043606244e-05,-81.14060532683379,4.787333333333333,-0.002666666666667261,,False,0.0,,,,,False,,
4.8,4.757333333333333,4.842666666666666,False,,False,0.010000000101429396,,8.385422418150413e-05,-81.52950109586051,4.7973333333333334,-0.002666666666666373,,False,0.0,,,,,False,,
4.81,4.767333333333333,4.852666666666667,False,,False,0.010000000003996623,,8.273502583077194e-05,-81.64621186344043,4.807333333333333,-0.002666666666666373,,False,0.0,,,,,False,,
4.82,4.777333333333333,4.862666666666667,False,,False,0.010000000003996623,,8.124863026010565e-05,-81.80367903787213,4.817333333333333,-0.002666666666667261,,False,0.0,,,,,False,,
4.83,4.787333333333334,4.8726666666666665,False,,False,0.010000000000002217,,7.944885527167503e-05,-81.99824711772267,4.827333333333333,-0.002666666666667261,,False,0.0,,,,,False,,
4.84,4.7973333333333334,4.882666666666666,False,,False,0.010000000000006925,,7.599982550824984e-05,-82.38374809672396,4.8373333333333335,-0.002666666666666373,,False,0.0,,,,,False,,
4.85,4.807333333333333,4.892666666666667,False,,False,0.010000000001606035,,7.378968360034536e-05,-82.64008703687891,4.847333333333333,-0.002666666666666373,,False,0.0,,,,,False,,
4.86,4.817333333333333,4.902666666666667,False,,False,0.01,,7.394820413241779e-05,-82.6214473717736,4.857333333333333,-0.002666666666667261,,False,0.0,,,,,False,,
4.87,4.827333333333334,4.9126666666666665,False,,False,0.01,,7.866657056551052e-05,-82.08419564589636,4.867333333333333,-0.002666666666667261,,False,0.0,,,,,False,,
4.88,4.8373333333333335,4.922666666666666,False,,False,0.010000000000221913,,8.565168788865683e-05,-81.34528148444068,4.8773333333333335,-0.002666666666666373,,False,0.0,,,,,False,,
4.89,4.847333333333333,4.932666666666667,False,,False,0.010000000417925075,,9.815551308793649e-05,-80.1617060483447,4.887333333333333,-0.002666666666666373,,False,0.0,,,,,False,,
4.9,4.857333333333333,4.942666666666667,False,,False,0.010000000047726025,,0.00010621380456791576,-79.47638068993959,4.897333333333333,-0.002666666666667261,,False,0.0,,,,,False,,
4.91,4.867333333333334,4.9526666666666666,False,,False,0.010000000417925075,,0.00011030100011158766,-79.14841099489978,4.907333333333333,-0.002666666666667261,,False,0.0,,,,,False,,
4.92,4.8773333333333335,4.962666666666666,False,,False,0.010000000101429396,,0.0001086854046623869,-79.27657546605283,4.917333333333333,-0.002666666666667261,,False,0.0,,,,,False,,
4.93,4.887333333333333,4.972666666666667,False,,False,0.010000000208892744,,0.0001099096720158125,-79.1792817624002,4.927333333333333,-0.002666666666666373,,False,0.0,,,,,False,,
4.94,4.897333333333333,4.982666666666667,False,,False,0.010000000417925075,,0.00010968602139164196,-79.19697432531484,4.937333333333333,-0.002666666666667261,,False,0.0,,,,,False,,
4.95,4.907333333333334,4.992666666666667,False,,False,0.01000000928748663,,0.00010894137752530203,-79.25614275055185,4.947333333333333,-0.002666666666667261,,False,0.0,,,,,False,,
4.96,4.917333333333334,5.002666666666666,False,,False,0.010000002871100368,,0.00010515854080949198,-79.56310897675709,4.957333333333333,-0.002666666666667261,,False,0.0,,,,,False,,
4.97,4.927333333333333,5.012666666666667,False,,False,0.01,,0.0001050860821846875,-79.56909598022318,4.967333333333333,-0.002666666666666373,,False,0.0,,,,,False,,
4.98,4.937333333333333,5.022666666666667,False,,False,0.01,,8.502288670332639e-05,-81.40928307840525,4.977333333333333,-0.002666666666667261,,False,0.0,,,,,False,,
4.99,4.947333333333333,5.032666666666667,False,,False,0.01,,7.626115571171859e-05,-82.35393234856434,4.987333333333333,-0.002666666666667261,,False,0.0,,,,,False,,
5.0,4.957333333333334,5.034666666666666,True,,False,0.01,,7.477598530915451e-05,-82.52475711283773,4.997333333333333,-0.002666666666667261,,False,0.0,,,edge_window,,False,,
5.01,4.967333333333333,5.034666666666666,True,,False,0.01,,7.568912796552365e-05,-82.41932996711225,5.007333333333333,-0.002666666666666373,,False,0.0,,,edge_window,,False,,
5.02,4.977333333333333,5.034666666666666,True,,False,0.01,,7.187675787557095e-05,-82.86823041437331,,,,,,,,edge_window,,False,,
5.03,4.987333333333333,5.034666666666666,True,,False,0.01,,7.146689645286308e-05,-82.91790154635267,,,,,,,,edge_window,,False,,
