timestamp_s,window_start_s,window_end_s,edge_padded,f0_hz,voiced,voicing_probability,relative_pitch_semitones,rms_amplitude,rms_dbfs,praat_timestamp_s,praat_time_offset_s,praat_f0_hz,praat_voiced,praat_strength,absolute_difference_hz,signed_difference_semitones,flags,praat_relative_semitones,agreement_screen_pass,pyin_speaker_relative_st,praat_speaker_relative_st
0.0,0.0,0.042666666666666665,True,,False,0.010000127845232541,,4.785982037591783e-05,-86.40057871365516,,,,,,,,edge_window,,False,,
0.01,0.0,0.05266666666666667,True,,False,0.010000127845232541,,4.639588607890545e-05,-86.67041053219515,,,,,,,,edge_window,,False,,
0.02,0.0,0.06266666666666666,True,,False,0.010000016226422838,,4.795968569261935e-05,-86.38247343490346,,,,,,,,edge_window,,False,,
0.03,0.0,0.07266666666666667,True,,False,0.010000127845232543,,4.9363058351357825e-05,-86.13195881743323,0.026666666666666502,-0.003333333333333497,,False,0.0,,,edge_window,,False,,
0.04,0.0,0.08266666666666667,True,,False,0.0100028158258111,,5.178587791668622e-05,-85.71577313677047,0.0366666666666665,-0.0033333333333335005,,False,0.0,,,edge_window,,False,,
0.05,0.007333333333333333,0.09266666666666666,False,,False,0.01000617855533408,,5.098145235270947e-05,-85.85175593136285,0.0466666666666665,-0.0033333333333335005,,False,0.0,,,,,False,,
0.06,0.017333333333333333,0.10266666666666667,False,,False,0.010000802780927255,,5.0912276516109994e-05,-85.86354966550738,0.056666666666666504,-0.0033333333333334936,,False,0.0,,,,,False,,
0.07,0.027333333333333334,0.11266666666666666,False,,False,0.01000123296498612,,4.968267928173487e-05,-86.07589983235529,0.0666666666666665,-0.0033333333333335075,,False,0.0,,,,,False,,
0.08,0.037333333333333336,0.12266666666666666,False,,False,0.010000027850262288,,4.997471811894952e-05,-86.02499293658511,0.07666666666666651,-0.0033333333333334936,,False,0.0,,,,,False,,
0.09,0.04733333333333333,0.13266666666666665,False,,False,0.010000005216229447,,5.0326090358403186e-05,-85.96413613941388,0.0866666666666665,-0.0033333333333334936,,False,0.0,,,,,False,,
0.1,0.05733333333333333,0.14266666666666666,False,,False,0.010000027850262284,,5.078483632495611e-05,-85.88531885805013,0.09666666666666651,-0.0033333333333334936,,False,0.0,,,,,False,,
0.11,0.06733333333333333,0.15266666666666667,False,,False,0.010000016226422836,,4.7252613608694055e-05,-86.51148330100261,0.10666666666666651,-0.0033333333333334936,,False,0.0,,,,,False,,
0.12,0.07733333333333334,0.16266666666666665,False,,False,0.010000000417925077,,4.491137801111108e-05,-86.9528723864143,0.1166666666666665,-0.0033333333333334936,,False,0.0,,,,,False,,
0.13,0.08733333333333333,0.17266666666666666,False,,False,0.010000000009505967,,4.2777369483958824e-05,-87.37571850175358,0.1266666666666665,-0.0033333333333334936,,False,0.0,,,,,False,,
0.14,0.09733333333333333,0.18266666666666667,False,,False,0.010000000021701594,,4.928060701137073e-05,-86.1464790282098,0.1366666666666665,-0.0033333333333335213,,False,0.0,,,,,False,,
0.15,0.10733333333333334,0.19266666666666668,False,,False,0.010000078102280324,,5.175166203172445e-05,-85.7215139610476,0.1466666666666665,-0.0033333333333334936,,False,0.0,,,,,False,,
0.16,0.11733333333333333,0.20266666666666666,False,,False,0.01000000928748663,,5.124391259158386e-05,-85.80715436540744,0.1566666666666665,-0.0033333333333334936,,False,0.0,,,,,False,,
0.17,0.12733333333333333,0.21266666666666667,False,,False,0.010000000814014908,,5.050198528223157e-05,-85.93383098013328,0.16666666666666652,-0.0033333333333334936,,False,0.0,,,,,False,,
0.18,0.13733333333333334,0.22266666666666668,False,,False,0.010000000208892744,,4.991098063709078e-05,-86.03607794305287,0.1766666666666665,-0.0033333333333334936,,False,0.0,,,,,False,,
0.19,0.14733333333333334,0.23266666666666666,False,,False,0.010000000208892744,,4.778612583665242e-05,-86.41396355194686,0.1866666666666665,-0.0033333333333334936,,False,0.0,,,,,False,,
0.2,0.15733333333333333,0.24266666666666667,False,,False,0.010000001546554296,,0.0001425575642016799,-76.9201946756287,0.19666666666666652,-0.0033333333333334936,,False,0.0,,,,,False,,
0.21,0.16733333333333333,0.25266666666666665,False,,False,0.010000000814014906,,0.000148731158504856,-76.55196078434486,0.2066666666666665,-0.0033333333333334936,,False,0.0,,,,,False,,
0.22,0.17733333333333334,0.26266666666666666,False,,False,0.010000001546554296,,0.0001518132993645561,-76.37380362182257,0.2166666666666665,-0.0033333333333334936,,False,0.0,,,,,False,,
0.23,0.18733333333333332,0.27266666666666667,False,,False,0.010000002871100368,,0.0001533170503923056,-76.28819089123236,0.22666666666666652,-0.0033333333333334936,,False,0.0,,,,,False,,
0.24,0.19733333333333333,0.2826666666666667,False,,False,0.010000002871100368,,0.00015399551812107461,-76.24983837335,0.2366666666666665,-0.0033333333333334936,,False,0.0,,,,,False,,
0.25,0.20733333333333334,0.2926666666666667,False,,False,0.010000001546554296,,0.00015511066402201416,-76.18716685911053,0.2466666666666665,-0.0033333333333334936,,False,0.0,,,,,False,,
0.26,0.21733333333333332,0.30266666666666664,False,,False,0.010000001546554296,,0.00015533185424546382,-76.17478946824453,0.2566666666666665,-0.0033333333333335213,,False,0.0,,,,,False,,
0.27,0.22733333333333333,0.31266666666666665,False,,False,0.01000123296498612,,0.00015695694628439772,-76.08438918816334,0.2666666666666665,-0.0033333333333335213,,False,0.0,,,,,False,,
0.28,0.23733333333333334,0.32266666666666666,False,,False,0.010000002871100368,,0.00010495184768822288,-79.5801982242927,0.2766666666666665,-0.0033333333333335213,,False,0.0,,,,,False,,
0.29,0.24733333333333332,0.33266666666666667,False,,False,0.010000000047726026,,8.809493907273219e-05,-81.10098080926608,0.2866666666666665,-0.003333333333333466,,False,0.0,,,,,False,,
0.3,0.25733333333333336,0.3426666666666667,False,,False,0.010000000021701592,,0.00019411665304438513,-74.23874410778679,0.2966666666666665,-0.003333333333333466,,False,0.0,,,,,False,,
0.31,0.2673333333333333,0.3526666666666667,False,,False,0.010000000208892742,,0.00023778784290948835,-72.47620705593518,0.30666666666666653,-0.003333333333333466,,False,0.0,,,,,False,,
0.32,0.2773333333333333,0.3626666666666667,False,,False,0.0100000000000754,,0.0003080349588486518,-70.2279998535298,0.3166666666666665,-0.0033333333333335213,,False,0.0,,,,,False,,
0.33,0.28733333333333333,0.37266666666666665,False,,False,0.010000000101429396,,0.00032670410116183963,-69.71690827463101,0.3266666666666665,-0.0033333333333335213,,False,0.0,,,,,False,,
0.34,0.29733333333333334,0.38266666666666665,False,,False,0.010000000009505967,,0.0003356262974511013,-69.48288036148777,0.3366666666666665,-0.0033333333333335213,,False,0.0,,,,,False,,
0.35,0.30733333333333335,0.39266666666666666,False,,False,0.010000000009505966,,0.00033963193133715775,-69.37982970474495,0.3466666666666665,-0.003333333333333466,,False,0.0,,,,,False,,
0.36,0.31733333333333336,0.4026666666666667,False,,False,0.01000000002170159,,0.0003408131668913331,-69.34967270311917,0.3566666666666665,-0.003333333333333466,,False,0.0,,,,,False,,
0.37,0.3273333333333333,0.4126666666666667,False,,False,0.01000000020889274,,0.0003411639075767921,-69.34073839940682,0.36666666666666653,-0.003333333333333466,,False,0.0,,,,,False,,
0.38,0.3373333333333333,0.4226666666666667,False,,False,0.01000002785024871,,0.00032058071028313466,-69.88125226406834,0.37666666666666654,-0.003333333333333466,,False,0.0,,,,,False,,
0.39,0.3473333333333333,0.43266666666666664,False,,False,0.010000802779424809,,0.00027278919884108174,-71.28345659355044,0.3866666666666665,-0.0033333333333335213,,False,0.0,,,,,False,,
0.4,0.35733333333333334,0.44266666666666665,False,,False,0.01000032860450166,,0.00018317251170168818,-74.74279398803421,0.3966666666666665,-0.0033333333333335213,,False,0.0,,,,,False,,
0.41,0.36733333333333335,0.45266666666666666,False,,False,0.010006178555334078,,0.00014103421261443602,-77.0135104352161,0.4066666666666665,-0.003333333333333466,,False,0.0,,,,,False,,
0.42,0.37733333333333335,0.46266666666666667,False,,False,0.010000078102280322,,0.00010977719331521799,-79.18975754128216,0.4166666666666665,-0.003333333333333466,,False,0.0,,,,,False,,
0.43,0.3873333333333333,0.4726666666666667,False,,False,0.010000005216229452,,9.904907545264911e-05,-80.08299147826571,0.4266666666666665,-0.003333333333333466,,False,0.0,,,,,False,,
0.44,0.3973333333333333,0.4826666666666667,False,,False,0.010000002871100368,,8.97581831477222e-05,-80.93851893657656,0.43666666666666654,-0.003333333333333466,,False,0.0,,,,,False,,
0.45,0.4073333333333333,0.49266666666666664,False,,False,0.010000005216229447,,8.626404610210502e-05,-81.28340351396893,0.4466666666666665,-0.0033333333333335213,,False,0.0,,,,,False,,
0.46,0.41733333333333333,0.5026666666666667,False,,False,0.01000000521486451,,8.850051411146161e-05,-81.06108412838873,0.4566666666666665,-0.0033333333333335213,,False,0.0,,,,,False,,
0.47,0.42733333333333334,0.5126666666666667,False,,False,0.010000001546553441,,8.544304518877646e-05,-81.36646563582475,0.4666666666666665,-0.003333333333333466,,False,0.0,,,,,False,,
0.48,0.43733333333333335,0.5226666666666666,False,,False,0.010000000047726021,,9.02961384983813e-05,-80.88661643663204,0.4766666666666665,-0.003333333333333466,,False,0.0,,,,,False,,
0.49,0.44733333333333336,0.5326666666666666,False,,False,0.010000001546327943,,9.551751724597499e-05,-80.39833949070662,0.4866666666666665,-0.003333333333333466,,False,0.0,,,,,False,,
0.5,0.4573333333333333,0.5426666666666666,False,,False,0.010000000003996623,,8.621395159856238e-05,-81.28844897306841,0.49666666666666653,-0.003333333333333466,,False,0.0,,,,,False,,
0.51,0.4673333333333333,0.5526666666666666,False,,False,0.0100000000000754,,8.476710972633796e-05,-81.43545249146086,0.5066666666666665,-0.0033333333333335213,,False,0.0,,,,,False,,
0.52,0.47733333333333333,0.5626666666666666,False,,False,0.010000000000221911,,8.277349190490222e-05,-81.6421744630058,0.5166666666666665,-0.0033333333333335213,,False,0.0,,,,,False,,
0.53,0.48733333333333334,0.5726666666666667,False,,False,0.010000000000613858,,8.3993752158435e-05,-81.51506035115062,0.5266666666666665,-0.0033333333333335213,,False,0.0,,,,,False,,
0.54,0.49733333333333335,0.5826666666666667,False,,False,0.010000000000023851,,8.521388207889052e-05,-81.38979298279934,0.5366666666666665,-0.0033333333333335213,,False,0.0,,,,,False,,
0.55,0.5073333333333333,0.5926666666666667,False,,False,0.010000000001606037,,8.655875087595352e-05,-81.25378038938848,0.5466666666666665,-0.0033333333333335213,,False,0.0,,,,,False,,
0.56,0.5173333333333333,0.6026666666666667,False,,False,0.010000000047726023,,8.411818340759256e-05,-81.50220229569558,0.5566666666666665,-0.0033333333333335213,,False,0.0,,,,,False,,
0.57,0.5273333333333333,0.6126666666666667,False,,False,0.010000001546554295,,8.063202140355765e-05,-81.86984905047042,0.5666666666666665,-0.0033333333333334103,,False,0.0,,,,,False,,
0.58,0.5373333333333333,0.6226666666666667,False,,False,0.010000027850262286,,7.102473064632872e-05,-82.97180809234268,0.5766666666666665,-0.0033333333333334103,,False,0.0,,,,,False,,
0.59,0.5473333333333333,0.6326666666666667,False,,False,0.010000047007977303,,6.845063425461215e-05,-83.29245046791114,0.5866666666666666,-0.0033333333333334103,,False,0.0,,,,,False,,
0.6,0.5573333333333333,0.6426666666666667,False,,False,0.010000078102280324,,6.724080261410232e-05,-83.44734222565211,0.5966666666666666,-0.0033333333333334103,,False,0.0,,,,,False,,
0.61,0.5673333333333334,0.6526666666666666,False,,False,0.010000078102280324,,6.180883832266373e-05,-84.17898837514551,0.6066666666666665,-0.0033333333333335213,,False,0.0,,,,,False,,
0.62,0.5773333333333334,0.6626666666666666,False,,False,0.01000419105279527,,5.9929913876972105e-05,-84.44712692822704,0.6166666666666665,-0.0033333333333335213,,False,0.0,,,,,False,,
0.63,0.5873333333333334,0.6726666666666666,False,,False,0.010000005216229449,,5.7590796171701134e-05,-84.79293834932326,0.6266666666666665,-0.0033333333333335213,,False,0.0,,,,,False,,
0.64,0.5973333333333334,0.6826666666666666,False,,False,0.010000001546554296,,5.1679117559766864e-05,-85.73369821380271,0.6366666666666665,-0.0033333333333335213,,False,0.0,,,,,False,,
0.65,0.6073333333333333,0.6926666666666667,False,,False,0.010000005216229449,,5.5922245413128876e-05,-85.04830797881206,0.6466666666666665,-0.0033333333333335213,,False,0.0,,,,,False,,
0.66,0.6173333333333333,0.7026666666666667,False,,False,0.010000802780927255,,6.0833657965915914e-05,-84.31712136705963,0.6566666666666665,-0.0033333333333335213,,False,0.0,,,,,False,,
0.67,0.6273333333333333,0.7126666666666667,False,,False,0.010006178555334077,,7.14428741467592e-05,-82.92082164202925,0.6666666666666665,-0.0033333333333335213,,False,0.0,,,,,False,,
0.68,0.6373333333333333,0.7226666666666667,False,,False,0.010101974593744992,,7.692020399338385e-05,-82.27919145354805,0.6766666666666665,-0.0033333333333335213,,False,0.0,,,,,False,,
0.69,0.6473333333333333,0.7326666666666667,False,,False,0.010259050559778863,,8.28297849980554e-05,-81.6362693188264,0.6866666666666665,-0.0033333333333334103,,False,0.0,,,,,False,,
0.7,0.6573333333333333,0.7426666666666667,False,,False,0.01000020633903134,,0.00011367341806877665,-78.8868216184248,0.6966666666666665,-0.0033333333333334103,,False,0.0,,,,,False,,
0.71,0.6673333333333333,0.7526666666666667,False,,False,0.010000005216229449,,0.00018815863754353487,-74.50951680636769,0.7066666666666666,-0.0033333333333334103,,False,0.0,,,,,False,,
0.72,0.6773333333333333,0.7626666666666667,False,,False,0.010000000021701592,,0.0002591595697934014,-71.72865499315645,0.7166666666666666,-0.0033333333333334103,,False,0.0,,,,,False,,
0.73,0.6873333333333334,0.7726666666666666,False,,False,0.01000000000061386,,0.00030250648532045697,-70.38530620477925,0.7266666666666666,-0.0033333333333334103,,False,0.0,,,,,False,,
0.74,0.6973333333333334,0.7826666666666666,False,,False,0.010000000001606035,,0.0003339276694378112,-69.5269518713061,0.7366666666666665,-0.0033333333333335213,,False,0.0,,,,,False,,
0.75,0.7073333333333334,0.7926666666666666,False,,False,0.010000000003996623,,0.0005641261696106506,-64.97247506084123,0.7466666666666665,-0.0033333333333335213,,False,0.0,,,,,False,,
0.76,0.7173333333333334,0.8026666666666666,False,,False,0.010000000814014906,,0.0005973648748580027,-64.47520635120375,0.7566666666666665,-0.0033333333333335213,,False,0.0,,,,,False,,
0.77,0.7273333333333334,0.8126666666666666,False,,False,0.010000000814014906,,0.0006015835113468054,-64.41408151445965,0.7666666666666665,-0.0033333333333335213,,False,0.0,,,,,False,,
0.78,0.7373333333333333,0.8226666666666667,False,,False,0.010000005216229447,,0.000602892658409066,-64.39520009253351,0.7766666666666665,-0.0033333333333335213,,False,0.0,,,,,False,,
0.79,0.7473333333333333,0.8326666666666667,False,,False,0.01000000928748663,,0.0005839146992682194,-64.67301183661758,0.7866666666666665,-0.0033333333333335213,,False,0.0,,,,,False,,
0.8,0.7573333333333333,0.8426666666666667,False,,False,0.010000002871100368,,0.0005638731960972283,-64.97637098511669,0.7966666666666665,-0.0033333333333335213,,False,0.0,,,,,False,,
0.81,0.7673333333333333,0.8526666666666667,False,,False,0.010000005216229449,,0.0005389943324066282,-65.36831602900986,0.8066666666666665,-0.0033333333333335213,,False,0.0,,,,,False,,
0.82,0.7773333333333333,0.8626666666666667,False,,False,0.010013068846238975,,0.0005274428992835412,-65.55649099997451,0.8166666666666665,-0.0033333333333334103,,False,0.0,,,,,False,,
0.83,0.7873333333333333,0.8726666666666667,False,,False,0.010000328604501662,,0.0003467212791829959,-69.20039007496763,0.8266666666666665,-0.0033333333333334103,,False,0.0,,,,,False,,
0.84,0.7973333333333333,0.8826666666666667,False,,False,0.01002672467381077,,0.00014903735892067243,-76.53409708284029,0.8366666666666666,-0.0033333333333334103,,False,0.0,,,,,False,,
0.85,0.8073333333333333,0.8926666666666667,False,,False,0.01000032860450166,,0.00011427489795108612,-78.84098315737731,0.8466666666666666,-0.0033333333333334103,,False,0.0,,,,,False,,
0.86,0.8173333333333334,0.9026666666666666,False,,False,0.010000002871100368,,9.424261514921756e-05,-80.51505342204007,0.8566666666666666,-0.0033333333333334103,,False,0.0,,,,,False,,
0.87,0.8273333333333334,0.9126666666666666,False,,False,0.010000000101429395,,8.984047379040168e-05,-80.93055932816117,0.8666666666666665,-0.0033333333333335213,,False,0.0,,,,,False,,
0.88,0.8373333333333334,0.9226666666666666,False,,False,0.010000000101429396,,8.924883527602646e-05,-80.98794885703141,0.8766666666666665,-0.0033333333333335213,,False,0.0,,,,,False,,
0.89,0.8473333333333334,0.9326666666666666,False,,False,0.010000000000001869,,0.00036110207717560366,-68.84740026728136,0.8866666666666665,-0.0033333333333335213,,False,0.0,,,,,False,,
0.9,0.8573333333333333,0.9426666666666667,False,,False,0.010000000814014904,,0.0005230318956552938,-65.62943652151814,0.8966666666666665,-0.0033333333333335213,,False,0.0,,,,,False,,
0.91,0.8673333333333333,0.9526666666666667,False,,False,0.010000016226422834,,0.0006763546397672367,-63.39651052767633,0.9066666666666665,-0.0033333333333335213,,False,0.0,,,,,False,,
0.92,0.8773333333333333,0.9626666666666667,False,,False,0.01000032860450166,,0.0007435507595584081,-62.57378756789365,0.9166666666666665,-0.0033333333333335213,,False,0.0,,,,,False,,
0.93,0.8873333333333333,0.9726666666666667,False,,False,0.010000078102280322,,0.000779150895126215,-62.16756852114439,0.9266666666666665,-0.0033333333333335213,,False,0.0,,,,,False,,
0.94,0.8973333333333333,0.9826666666666667,False,,False,0.010000027850262288,,0.0008118474354579269,-61.810511537443766,0.9366666666666665,-0.0033333333333334103,,False,0.0,,,,,False,,
0.95,0.9073333333333333,0.9926666666666667,False,,False,0.010000027850262286,,0.0008243761530174797,-61.6774915936234,0.9466666666666665,-0.0033333333333334103,,False,0.0,,,,,False,,
0.96,0.9173333333333333,1.0026666666666666,False,,False,0.010000016226422836,,0.000839126645147624,-61.523449767024786,0.9566666666666666,-0.0033333333333334103,,False,0.0,,,,,False,,
0.97,0.9273333333333333,1.0126666666666666,False,,False,0.01000020633903134,,0.0008542393625414325,-61.368408411387534,0.9666666666666666,-0.0033333333333334103,,False,0.0,,,,,False,,
0.98,0.9373333333333334,1.0226666666666666,False,,False,0.010000078102280324,,0.0007670578959910603,-62.303437102754096,0.9766666666666666,-0.0033333333333334103,,False,0.0,,,,,False,,
0.99,0.9473333333333334,1.0326666666666666,False,,False,0.010000002871100368,,0.0008247074757791329,-61.67400137283559,0.9866666666666665,-0.0033333333333335213,,False,0.0,,,,,False,,
1.0,0.9573333333333334,1.0426666666666666,False,,False,0.010001873046012551,,0.0008555141685372556,-61.35545587052091,0.9966666666666665,-0.0033333333333335213,,False,0.0,,,,,False,,
1.01,0.9673333333333334,1.0526666666666666,False,,False,0.011853505394683413,,0.0010442678242365978,-59.62376206362629,1.0066666666666664,-0.0033333333333336324,,False,0.0,,,,,False,,
1.02,0.9773333333333334,1.0626666666666666,False,,False,0.013100262550513395,,0.0011539406027553023,-58.756330904359686,1.0166666666666664,-0.0033333333333336324,,False,0.0,,,,,False,,
1.03,0.9873333333333333,1.0726666666666667,False,,False,0.012403124793551348,,0.0011845865431438826,-58.52866410470263,1.0266666666666664,-0.0033333333333336324,,False,0.0,,,,,False,,
1.04,0.9973333333333333,1.0826666666666667,False,,False,0.011853505394683413,,0.001192464103123738,-58.47109371409956,1.0366666666666664,-0.0033333333333336324,,False,0.0,,,,,False,,
1.05,1.0073333333333334,1.0926666666666667,False,,False,0.011853505394683413,,0.0012246158596259551,-58.240002408973595,1.0466666666666664,-0.0033333333333336324,,False,0.0,,,,,False,,
1.06,1.0173333333333334,1.1026666666666667,False,,False,0.012403124793551348,,0.0012891344382871769,-57.794035791616665,1.0566666666666664,-0.0033333333333336324,,False,0.0,,,,,False,,
1.07,1.0273333333333334,1.1126666666666667,False,,False,0.013100262550513395,,0.0012842948286532934,-57.8267053234882,1.0666666666666664,-0.0033333333333336324,,False,0.0,,,,,False,,
1.08,1.0373333333333334,1.1226666666666667,False,,False,0.013980210380185928,,0.0012282498662103806,-58.214265489990986,1.0766666666666664,-0.0033333333333336324,,False,0.0,,,,,False,,
1.09,1.0473333333333332,1.1326666666666667,False,,False,0.010622609040911533,,0.001065180143276059,-59.4515387625368,1.0866666666666664,-0.0033333333333336324,,False,0.0,,,,,False,,
1.1,1.0573333333333332,1.1426666666666667,False,,False,0.010191075496968311,,0.0008972215409056136,-60.94200616446215,1.0966666666666665,-0.0033333333333336324,,False,0.0,,,,,False,,
1.11,1.0673333333333332,1.1526666666666667,False,,False,0.010073751764282884,,0.0007614917729304908,-62.36669568740424,1.1066666666666665,-0.0033333333333336324,,False,0.0,,,,,False,,
1.12,1.0773333333333333,1.1626666666666667,False,,False,0.010467533617069905,,0.000692328637187996,-63.19375408088693,1.1166666666666665,-0.0033333333333336324,,False,0.0,,,,,False,,
1.13,1.0873333333333333,1.1726666666666667,False,,False,0.010467533617069905,,0.0006405476206384057,-63.86897155377385,1.1266666666666665,-0.0033333333333334103,,False,0.0,,,,,False,,
1.14,1.0973333333333333,1.1826666666666668,False,,False,0.011853505394683413,,0.0005332905079510784,-65.46072292529823,1.1366666666666665,-0.0033333333333334103,,False,0.0,,,,,False,,
1.15,1.1073333333333333,1.1926666666666668,False,,False,0.01002672467381077,,0.00027398600044944787,-71.24543254526237,1.1466666666666665,-0.0033333333333334103,,False,0.0,,,,,False,,
1.16,1.1173333333333333,1.2026666666666668,False,,False,0.010000206339031339,,0.00018616689985188285,-74.60195066575577,1.1566666666666665,-0.0033333333333334103,,False,0.0,,,,,False,,
1.17,1.1273333333333333,1.2126666666666666,False,,False,0.010000009287486632,,0.00014882896673918468,-76.54625066737961,1.1666666666666665,-0.0033333333333334103,,False,0.0,,,,,False,,
1.18,1.1373333333333333,1.2226666666666666,False,,False,0.010000000101429395,,0.00013809767205786306,-77.19627284710161,1.1766666666666665,-0.0033333333333334103,,False,0.0,,,,,False,,
1.19,1.1473333333333333,1.2326666666666666,False,,False,0.0100000470079773,,0.0001956090408210673,-74.17222153003136,1.1866666666666663,-0.0033333333333336324,,False,0.0,,,,,False,,
1.2,1.1573333333333333,1.2426666666666666,False,,False,0.010000027850262286,,0.00024336219532021788,-72.27493771184749,1.1966666666666663,-0.0033333333333336324,,False,0.0,,,,,False,,
1.21,1.1673333333333333,1.2526666666666666,False,,False,0.01000123296498612,,0.0004419748033475895,-67.09204977496468,1.2066666666666663,-0.0033333333333336324,,False,0.0,,,,,False,,
1.22,1.1773333333333333,1.2626666666666666,False,,False,0.01000020633903134,,0.0005882423673288363,-64.6088739850694,1.2166666666666663,-0.0033333333333336324,,False,0.0,,,,,False,,
1.23,1.1873333333333334,1.2726666666666666,False,,False,0.01000032860450166,,0.0011923193716447695,-58.472147999881315,1.2266666666666663,-0.0033333333333336324,,False,0.0,,,,,False,,
1.24,1.1973333333333334,1.2826666666666666,False,,False,0.010000000101429396,,0.002082940583533956,-53.62646236495646,1.2366666666666664,-0.0033333333333336324,,False,0.0,,,,,False,,
1.25,1.2073333333333334,1.2926666666666666,False,,False,0.01000020633903134,,0.0031372890865809873,-50.06890922488238,1.2466666666666664,-0.0033333333333336324,,False,0.0,,,,,False,,
1.26,1.2173333333333334,1.3026666666666666,False,,False,0.01000000002170159,,0.00531129282739296,-45.49599507944958,1.2566666666666664,-0.0033333333333336324,,False,0.0,,,,,False,,
1.27,1.2273333333333334,1.3126666666666666,False,,False,0.010000000101429396,,0.041223376642988335,-27.697128753146725,1.2666666666666664,-0.0033333333333336324,,False,0.0,,,,,False,,
1.28,1.2373333333333334,1.3226666666666667,False,,False,0.010000000021701589,,0.0495880812586725,-26.092453916005667,1.2766666666666664,-0.0033333333333336324,,False,0.0,,,,,False,,
1.29,1.2473333333333334,1.3326666666666667,False,117.16256013940793,True,0.010000127845232543,-3.3000000000000007,0.056653589013930666,-24.93545144608302,1.2866666666666664,-0.0033333333333336324,,False,0.0,,,pyin_probability_below_0.5|voicing_disagreement,,False,-2.800000000000002,
1.3,1.2573333333333334,1.3426666666666667,False,117.16256013940793,True,0.010009025493342988,-3.3000000000000007,0.06232484310057679,-24.106776122713857,1.2966666666666664,-0.0033333333333336324,,False,0.0,,,pyin_probability_below_0.5|voicing_disagreement,,False,-2.800000000000002,
1.31,1.2673333333333334,1.3526666666666667,False,116.48775344855382,True,0.010037765502929688,-3.4000000000000012,0.06782268714612072,-23.372500147952113,1.3066666666666664,-0.0033333333333336324,,False,0.0,,,pyin_probability_below_0.5|voicing_disagreement,,False,-2.900000000000002,
1.32,1.2773333333333334,1.3626666666666667,False,115.81683335824411,True,0.010259050559778863,-3.500000000000001,0.07488469069888558,-22.51213919329469,1.3166666666666664,-0.0033333333333336324,117.34761861750414,True,0.4765217816046323,1.5307852592600284,-0.2273233005534709,pyin_probability_below_0.5,-3.3547720899962457,False,-3.0000000000000036,-2.811860891785306
1.33,1.2873333333333334,1.3726666666666667,False,115.81683335824411,True,0.011085791888943373,-3.500000000000001,0.08194219405588761,-21.729848234162766,1.3266666666666664,-0.0033333333333336324,116.63122616190398,True,0.8828812157509245,0.8143928036598709,-0.12130970873668577,pyin_probability_below_0.5,-3.460785681813034,False,-3.0000000000000036,-2.9178744836020907
1.34,1.2973333333333332,1.3826666666666667,False,115.81683335824411,True,0.013980210380185928,-3.500000000000001,0.08907075213294842,-21.005297607820808,1.3366666666666664,-0.0033333333333336324,115.27163490391915,True,0.9367865735969272,0.5451984543249608,0.08168887750690482,pyin_probability_below_0.5,-3.663784268056624,False,-3.0000000000000036,-3.1208730698456817
1.35,1.3073333333333332,1.3926666666666667,False,115.81683335824411,True,0.06608151270920701,-3.500000000000001,0.09271635707565276,-20.656872812033043,1.3466666666666665,-0.0033333333333336324,114.6774086375949,True,0.967878298543548,1.1394247206492167,0.1711649648373845,pyin_probability_below_0.5,-3.7532603553871002,False,-3.0000000000000036,-3.2103491571761604
1.36,1.3173333333333332,1.4026666666666667,False,115.81683335824411,True,0.12793708630129036,-3.500000000000001,0.09190854163042715,-20.73288250120523,1.3566666666666665,-0.0033333333333336324,114.75825087354686,True,0.9620453001517484,1.0585824846972542,0.15896487025985087,pyin_probability_below_0.5,-3.74106026080957,False,-3.0000000000000036,-3.1981490625986284
1.37,1.3273333333333333,1.4126666666666667,False,115.14977748330686,True,0.09203757081218103,-3.600000000000003,0.0934117433136461,-20.591970454900487,1.3666666666666665,-0.0033333333333336324,115.29993949079237,True,0.9110490677681317,0.15016200748550546,-0.02256159134767892,pyin_probability_below_0.5,-3.659533799202041,False,-3.100000000000006,-3.1166226009911
1.38,1.3373333333333333,1.4226666666666667,False,115.14977748330686,True,0.03489742801962526,-3.600000000000003,0.0980418676640388,-20.171768483597006,1.3766666666666665,-0.0033333333333334103,116.3136679650977,True,0.8803403588054185,1.1638904817908298,-0.1741081673167285,pyin_probability_below_0.5,-3.507987223232991,False,-3.100000000000006,-2.9650760250220514
1.39,1.3473333333333333,1.4326666666666668,False,124.84848285663055,True,0.0229442191246386,-2.1999999999999997,0.10201960104387975,-19.826327582922815,1.3866666666666665,-0.0033333333333334103,116.89596786752244,True,0.87431729941563,7.95251498910811,1.1394374707746484,pyin_probability_below_0.5|pitch_difference_over_1_semitone,-3.4215328613243674,False,-1.7000000000000013,-2.878621663113426
1.4,1.3573333333333333,1.4426666666666668,False,125.57172276022992,True,0.020317628556360583,-2.1000000000000014,0.10383628933479624,-19.67301680190191,1.3966666666666665,-0.0033333333333334103,123.9309526923494,True,0.8122631228746463,1.6407700678805242,0.22770080133246412,pyin_probability_below_0.5,-2.409796191882183,False,-1.6000000000000023,-1.866884993671244
1.41,1.3673333333333333,1.4526666666666668,False,128.5068226458765,True,0.011853505394683413,-1.7000000000000013,0.10628615897765037,-19.470465748293645,1.4066666666666665,-0.0033333333333334103,124.5977213566063,True,0.8905955793037998,3.909101289270197,0.5348072639265363,pyin_probability_below_0.5,-2.316902654476255,False,-1.2000000000000022,-1.7739914562653145
1.42,1.3773333333333333,1.4626666666666666,False,134.5844400993791,True,0.011085791888943373,-0.8999999999999986,0.10770817817304809,-19.35502639818455,1.4166666666666665,-0.0033333333333334103,127.93360575677735,True,0.879163116324412,6.6508343426017404,0.8773960841422694,pyin_probability_below_0.5,-1.859491474691986,False,-0.4000000000000008,-1.316580276481045
1.43,1.3873333333333333,1.4726666666666666,False,136.93693467412865,True,0.010622609040911533,-0.6000000000000031,0.11011306365783745,-19.163223077794306,1.4266666666666665,-0.0033333333333334103,131.3705057147644,True,0.8955916679080987,5.566428959364259,0.7184425670419893,pyin_probability_below_0.5,-1.4005379575917105,False,-0.10000000000000452,-0.8576267593807672
1.44,1.3973333333333333,1.4826666666666666,False,138.52806521170294,True,0.010191075496968311,-0.4000000000000028,0.10980104464688821,-19.187870559791232,1.4366666666666663,-0.0033333333333336324,136.37790989935516,True,0.8296111168765121,2.1501553123477777,0.2708197226141541,pyin_probability_below_0.5,-0.7529151131638758,False,0.09999999999999636,-0.2100039149529358
1.45,1.4073333333333333,1.4926666666666666,False,153.70651218352927,True,0.010018764509769138,1.4000000000000004,0.11007154994127245,-19.166498361738338,1.4466666666666663,-0.0033333333333336324,142.1132876553242,True,0.8199563103783011,11.59322452820507,1.357642036894737,pyin_probability_below_0.5|pitch_difference_over_1_semitone,-0.039737427444454854,False,1.9000000000000006,0.5031737707664858
1.46,1.4173333333333333,1.5026666666666666,False,160.97592684906726,True,0.010013068846238975,2.1999999999999993,0.1129501842874438,-18.942261123122982,1.4566666666666663,-0.0033333333333336324,148.3833547353419,True,0.8494603621275089,12.592572113725367,1.4101883206325867,pyin_probability_below_0.5|pitch_difference_over_1_semitone,0.7077162888176967,False,2.7,1.250627487028639
1.47,1.4273333333333333,1.5126666666666666,False,169.56576906952336,True,0.010013068846238975,3.0999999999999988,0.1176076126395576,-18.59129131683895,1.4666666666666663,-0.0033333333333336324,157.6194288488108,True,0.8375098934422803,11.946340220712557,1.264794936420755,pyin_probability_below_0.5|pitch_difference_over_1_semitone,1.7531096730295288,False,3.599999999999997,2.2960208712404704
1.48,1.4373333333333334,1.5226666666666666,False,180.68936857950385,True,0.010191075496968311,4.200000000000005,0.1215238695486969,-18.3067682034303,1.4766666666666663,-0.0033333333333336324,168.0837864019248,True,0.8684034870247601,12.605582177579038,1.2519726762923473,pyin_probability_below_0.5|pitch_difference_over_1_semitone,2.865931933157939,False,4.700000000000002,3.4088431313688794
1.49,1.4473333333333334,1.5326666666666666,False,187.0613654014066,True,0.012403124793551348,4.799999999999999,0.12993045834572142,-17.725780590408576,1.4866666666666664,-0.0033333333333336324,178.95412184965818,True,0.9171586618545294,8.107243551748411,0.7670621943233218,pyin_probability_below_0.5,3.950842415126959,False,5.299999999999995,4.4937536133378995
1.5,1.4573333333333334,1.5426666666666666,False,192.54268179725335,True,0.02616802860893576,5.299999999999999,0.14206741267305467,-16.950110576467246,1.4966666666666664,-0.0033333333333336324,183.82113377543766,True,0.9293580817733904,8.721548021815693,0.8025077785244744,pyin_probability_below_0.5,4.415396830925808,False,5.799999999999998,4.958308029136747
1.51,1.4673333333333334,1.5526666666666666,False,198.18461302324906,True,0.07797523762294817,5.799999999999998,0.14989555089326576,-16.484225148395225,1.5066666666666664,-0.0033333333333336324,189.90723947695204,True,0.950262284246264,8.277373546297014,0.7386006347806988,pyin_probability_below_0.5,4.979303974669584,False,6.299999999999997,5.522215172880525
1.52,1.4773333333333334,1.5626666666666666,False,202.8169587634771,True,0.09203757081218104,6.199999999999997,0.16102509938247866,-15.86212848262764,1.5166666666666664,-0.0033333333333336324,193.69020681991412,True,0.9681887866885032,9.126751943562965,0.7971273397228433,pyin_probability_below_0.5,5.3207772697274365,False,6.699999999999996,5.863688467938377
1.53,1.4873333333333334,1.5726666666666667,False,207.55758045272898,True,0.1279370863012904,6.6000000000000005,0.17616903049407115,-15.081408713901585,1.5266666666666664,-0.0033333333333336324,199.9315395820231,True,0.9566412125343325,7.626040870705879,0.648066543856725,pyin_probability_below_0.5,5.869838065593558,False,7.1,6.412749263804499
1.54,1.4973333333333334,1.5826666666666667,False,211.18562305262122,True,0.27960516533635876,6.899999999999999,0.1869367706443572,-14.566105281438858,1.5366666666666664,-0.0033333333333336324,205.7448130650817,True,0.9713501733980353,5.440809987539524,0.45186675898705364,pyin_probability_below_0.5,6.366037850463226,False,7.399999999999997,6.9089490486741685
1.55,1.5073333333333334,1.5926666666666667,False,213.63948179230545,True,0.4260623290432815,7.099999999999998,0.19723161308994813,-14.100469466378895,1.5466666666666664,-0.0033333333333336324,211.95128842998196,True,0.9767047356022129,1.6881933623234886,0.1373466420797814,pyin_probability_below_0.5,6.880557967370501,False,7.599999999999996,7.42346916558144
1.56,1.5173333333333334,1.6026666666666667,False,214.87708272009507,True,0.615949885458068,7.200000000000001,0.2038221100835879,-13.814974133141167,1.5566666666666664,-0.0033333333333336324,216.9456792904794,True,0.9923741827333917,2.0685965703843294,-0.16586676412544216,,7.283771373575727,True,7.699999999999999,7.826682571786667
1.57,1.5273333333333334,1.6126666666666667,False,214.87708272009507,True,0.8266685594724996,7.200000000000001,0.2058068670302851,-13.730802769935778,1.5666666666666664,-0.0033333333333336324,218.83184519601627,True,0.9893209410591854,3.9547624759212,-0.3157329158143806,,7.433637525264666,True,7.699999999999999,7.976548723475608
1.58,1.5373333333333334,1.6226666666666667,False,216.12185299712482,True,0.7571601330199095,7.300000000000001,0.20038348458885447,-13.962761509139362,1.5766666666666664,-0.0033333333333336324,220.8539323083305,True,0.9954165780668203,4.732079311205695,-0.37497075877737923,,7.592875368227662,True,7.799999999999997,8.135786566438602
1.59,1.5473333333333332,1.6326666666666667,False,214.87708272009507,True,0.4849868077159113,7.200000000000001,0.1949330263889443,-14.202291492315023,1.5866666666666664,-0.0033333333333336324,219.45373585563297,True,0.9938559191388693,4.576653135537896,-0.36486248127638554,pyin_probability_below_0.5,7.48276709072667,False,7.699999999999999,8.025678288937613
1.6,1.5573333333333332,1.6426666666666667,False,213.63948179230545,True,0.32333605839064083,7.099999999999998,0.185899097686107,-14.614454363883782,1.5966666666666665,-0.0033333333333336324,215.16392377928486,True,0.984582557765041,1.5244419869794115,-0.12309496417685474,pyin_probability_below_0.5,7.140999573627133,False,7.599999999999996,7.683910771838077
1.61,1.5673333333333332,1.6526666666666667,False,212.40900892134297,True,0.12793708630129036,6.999999999999998,0.1747135083744269,-15.153470304958214,1.6066666666666665,-0.0033333333333336324,208.06147562974047,True,0.9541345214263653,4.3475332916025025,0.3580211300581309,pyin_probability_below_0.5,6.559883479392154,False,7.4999999999999964,7.102794677603093
1.62,1.5773333333333333,1.6626666666666667,False,208.75994928447787,True,0.047686993082531035,6.699999999999999,0.15708839996248458,-16.077117676448797,1.6166666666666665,-0.0033333333333336324,195.0888008232361,True,0.9171517208905626,13.671148461241756,1.172567939305531,pyin_probability_below_0.5|pitch_difference_over_1_semitone,5.4453366701447505,False,7.199999999999996,5.988247868355692
1.63,1.5873333333333333,1.6726666666666667,False,203.99186545315516,True,0.016467587593113005,6.299999999999995,0.14135221054095323,-16.993947907871082,1.6266666666666665,-0.0033333333333334103,183.92487374704967,True,0.9074403913617378,20.066991706105483,1.7927402665899208,pyin_probability_below_0.5|pitch_difference_over_1_semitone,4.425164342860359,False,6.799999999999994,4.9680755410713004
1.64,1.5973333333333333,1.6826666666666668,False,195.90826859169485,True,0.010349055133375844,5.6,0.12110826949808848,-18.336524028175866,1.6366666666666665,-0.0033333333333334103,173.00347754947953,True,0.762926593215928,22.904791042215322,2.15252702518878,pyin_probability_below_0.5|pitch_difference_over_1_semitone,3.365377584261501,False,6.099999999999996,3.9082887824724413
1.65,1.6073333333333333,1.6926666666666668,False,183.84776310850236,True,0.01002672467381077,4.499999999999999,0.10278310412049586,-19.76156540920966,1.6466666666666665,-0.0033333333333334103,154.7579507811612,True,0.7520746322172591,29.08981232734115,2.981977111200129,pyin_probability_below_0.5|pitch_difference_over_1_semitone,1.4359274982501522,False,4.9999999999999964,1.978838696461093
1.66,1.6173333333333333,1.7026666666666668,False,173.52918104210445,True,0.010000078102280324,3.4999999999999982,0.09303315945997662,-20.627244598008648,1.6566666666666665,-0.0033333333333334103,142.80938707676398,True,0.8346032649220467,30.71979396534047,3.373049722943512,pyin_probability_below_0.5|pitch_difference_over_1_semitone,0.044854886506766285,False,3.9999999999999973,0.5877660847177085
1.67,1.6273333333333333,1.7126666666666666,False,,False,0.010009025493342986,,0.08640532779105306,-21.269189558080072,1.6666666666666665,-0.0033333333333334103,133.9833042545363,True,0.856740814183185,,,voicing_disagreement,-1.0595960288482478,False,,-0.5166848306373062
1.68,1.6373333333333333,1.7226666666666666,False,,False,0.011422334250709074,,0.08143666503432803,-21.7836003943616,1.6766666666666665,-0.0033333333333334103,127.44008665237612,True,0.9463865549466276,,,voicing_disagreement,-1.9264050344236225,False,,-1.3834938362126812
1.69,1.6473333333333333,1.7326666666666666,False,126.29915234996876,True,0.04069733156888106,-2.0000000000000004,0.0793562704136749,-22.008375026962238,1.6866666666666665,-0.0033333333333334103,123.44970813928752,True,0.9430344041035408,2.8494442106812414,0.39505837119139076,pyin_probability_below_0.5,-2.477153761741108,False,-1.5000000000000022,-1.9342425635301677
1.7,1.6573333333333333,1.7426666666666666,False,122.70366064862014,True,0.2796051653363589,-2.5000000000000013,0.07765873732834398,-22.196193500571685,1.6966666666666663,-0.0033333333333336324,120.79563266414637,True,0.922395566879806,1.908027984473776,0.271319935109776,pyin_probability_below_0.5,-2.8534153256594967,False,-2.000000000000005,-2.310504127448554
1.71,1.6673333333333333,1.7526666666666666,False,121.9969395672486,True,0.42606232904328145,-2.6000000000000005,0.07717431951998141,-22.250543823900173,1.7066666666666663,-0.0033333333333336324,120.20861336842607,True,0.945406830791753,1.7883261988225314,0.25565619214244917,pyin_probability_below_0.5,-2.937751582692167,False,-2.100000000000004,-2.394840384481225
1.72,1.6773333333333333,1.7626666666666666,False,119.9011051661721,True,0.5485250542599845,-2.8999999999999995,0.0790569388907203,-22.041200113700118,1.7166666666666663,-0.0033333333333336324,120.92930864611064,True,0.9633000332035416,1.02820347993854,-0.14782781471329381,,-2.8342675758364244,True,-2.4000000000000026,-2.2913563776254815
1.73,1.6873333333333334,1.7726666666666666,False,119.21052561660726,True,0.5485250542599845,-3.000000000000001,0.07901740642142986,-22.045544584295364,1.7266666666666663,-0.0033333333333336324,121.6481671684871,True,0.9690266625354896,2.4376415518798495,-0.3504355270970842,,-2.731659863452634,True,-2.5000000000000036,-2.1887486652416914
1.74,1.6973333333333334,1.7826666666666666,False,118.52392351256819,True,0.4849868077159113,-3.100000000000001,0.07890771565448297,-22.057610581607335,1.7366666666666664,-0.0033333333333336324,119.57043763270194,True,0.9867581066533084,1.0465141201337502,-0.15218945432876943,pyin_probability_below_0.5,-3.0299059362209495,False,-2.6000000000000028,-2.486994738010008
1.75,1.7073333333333334,1.7926666666666666,False,117.84127594565435,True,0.4849868077159113,-3.200000000000003,0.07729038422020479,-22.237490675286487,1.7466666666666664,-0.0033333333333336324,117.63892998278608,True,0.9827501242728557,0.20234596286826445,0.029752675427463335,pyin_probability_below_0.5,-3.31184806597718,False,-2.700000000000003,-2.768936867766239
1.76,1.7173333333333334,1.8026666666666666,False,116.48775344855382,True,0.5485250542599845,-3.4000000000000012,0.07678404402957971,-22.294580367560535,1.7566666666666664,-0.0033333333333336324,115.61142226796758,True,0.9867532491007129,0.8763311805862344,0.1307321822881682,,-3.6128275728378876,True,-2.900000000000002,-3.0699163746269456
1.77,1.7273333333333334,1.8126666666666666,False,115.81683335824411,True,0.6860828109301793,-3.500000000000001,0.07480067643592493,-22.52188949429868,1.7666666666666664,-0.0033333333333336324,114.12531860483823,True,0.9930184689651615,1.6915147534058832,0.2547128254224271,,-3.8368082159721437,True,-3.0000000000000036,-3.293897017761203
1.78,1.7373333333333334,1.8226666666666667,False,115.14977748330686,True,0.7571601330199094,-3.600000000000003,0.07006216164402965,-23.090329348476317,1.7766666666666664,-0.0033333333333336324,113.14103265332948,True,0.9977847743741963,2.0087448299773882,0.30467255314581604,,-3.986767943695535,True,-3.100000000000006,-3.443856745484595
1.79,1.7473333333333334,1.8326666666666667,False,114.4865635674993,True,0.7571601330199094,-3.700000000000001,0.06671478761084611,-23.515557844611404,1.7866666666666664,-0.0033333333333336324,113.24170744895997,True,0.9958863134909129,1.2448561185393316,0.18927459078443393,,-3.971369981334151,True,-3.200000000000003,-3.428458783123211
1.8,1.7573333333333334,1.8426666666666667,False,115.14977748330686,True,0.6159498854580681,-3.600000000000003,0.06243768741844308,-24.09106381623097,1.7966666666666664,-0.0033333333333336324,114.00991851354942,True,0.9843304284969276,1.1398589697574408,0.17222740027443395,,-3.8543227908241517,True,-3.100000000000006,-3.3114115926132115
1.81,1.7673333333333334,1.8526666666666667,False,115.14977748330686,True,0.42606232904328145,-3.600000000000003,0.05781829315056579,-24.758694665009806,1.8066666666666664,-0.0033333333333336324,115.68773632032202,True,0.970345097437057,0.5379588370151538,-0.08069176680517512,pyin_probability_below_0.5,-3.601403623744545,False,-3.100000000000006,-3.058492425533605
1.82,1.7773333333333334,1.8626666666666667,False,116.48775344855382,True,0.24075439447557428,-3.4000000000000012,0.05341816138538447,-25.446221283209283,1.8166666666666664,-0.0033333333333336324,117.91283300555823,True,0.9449893544400659,1.425079557004409,-0.21050942636054898,pyin_probability_below_0.5,-3.2715859641891685,False,-2.900000000000002,-2.7286747659782273
1.83,1.7873333333333334,1.8726666666666667,False,117.84127594565435,True,0.12793708630129036,-3.200000000000003,0.048911301353874434,-26.211815640205707,1.8266666666666664,-0.0033333333333336324,124.3070836486094,True,0.8322378226987308,6.465807702955061,-0.9247626507889071,pyin_probability_below_0.5,-2.357332739760814,False,-2.700000000000003,-1.8144215415498712
1.84,1.7973333333333332,1.8826666666666667,False,121.29428889978496,True,0.07797523762294818,-2.700000000000001,0.04229313345685861,-27.474602744160613,1.8366666666666664,-0.0033333333333336324,135.9030331883774,True,0.7107706487032097,14.608744288592447,-1.9687923886556902,pyin_probability_below_0.5|pitch_difference_over_1_semitone,-0.813303001894028,False,-2.200000000000002,-0.2703918036830869
1.85,1.8073333333333332,1.8926666666666667,False,125.57172276022992,True,0.03010686179419501,-2.1000000000000014,0.03536392790639802,-29.02879006925714,1.8466666666666665,-0.0033333333333336324,145.60574833447077,True,0.6195344820011233,20.034025574240857,-2.562668270630681,pyin_probability_below_0.5|pitch_difference_over_1_semitone,0.3805728800809626,False,-1.6000000000000023,0.9234840782919018
1.86,1.8173333333333332,1.9026666666666667,False,134.5844400993791,True,0.03489742801962526,-0.8999999999999986,0.029299877208965167,-30.66268399399672,1.8566666666666665,-0.0033333333333336324,137.0544900085458,True,0.8184895677491969,2.470049909166704,-0.3148556335524666,pyin_probability_below_0.5,-0.667239756997249,False,-0.4000000000000008,-0.12432855878630866
1.87,1.8273333333333333,1.9126666666666667,False,139.33055012971812,True,0.01646758759311301,-0.30000000000000004,0.023004826002278142,-32.76362094373353,1.8666666666666665,-0.0033333333333336324,136.50893113603655,True,0.8919597983289248,2.821618993681568,0.35419536339897084,pyin_probability_below_0.5,-0.7362907539486856,False,0.19999999999999687,-0.19337955573774573
1.88,1.8373333333333333,1.9226666666666667,False,139.33055012971812,True,0.013980210380185928,-0.30000000000000004,0.018191753303957305,-34.80250884056798,1.8766666666666665,-0.0033333333333334103,146.53954093574546,True,0.7369172994724061,7.208990806027344,-0.8733405361705298,pyin_probability_below_0.5,0.49124514562081356,False,0.19999999999999687,1.034156343831752
1.89,1.8473333333333333,1.9326666666666668,False,136.93693467412865,True,0.026168028608935755,-0.6000000000000031,0.016583527852931716,-35.60646150939023,1.8866666666666665,-0.0033333333333334103,,False,0.0,,,pyin_probability_below_0.5|voicing_disagreement,,False,-0.10000000000000452,
1.9,1.8573333333333333,1.9426666666666668,False,136.93693467412865,True,0.012403124793551346,-0.6000000000000031,0.014505777856896744,-36.76917955315159,1.8966666666666665,-0.0033333333333334103,,False,0.0,,,pyin_probability_below_0.5|voicing_disagreement,,False,-0.10000000000000452,
1.91,1.8673333333333333,1.9526666666666668,False,,False,0.010000802780927255,,0.01141243102529222,-38.85243668496977,1.9066666666666665,-0.0033333333333334103,,False,0.0,,,,,False,,
1.92,1.8773333333333333,1.9626666666666666,False,,False,0.010001232964986118,,0.008823034099359901,-41.087640846078024,1.9166666666666665,-0.0033333333333334103,,False,0.0,,,,,False,,
1.93,1.8873333333333333,1.9726666666666666,False,117.84127594565435,True,0.010259050559778863,-3.200000000000003,0.007633515913720285,-42.34550769377995,1.9266666666666665,-0.0033333333333334103,,False,0.0,,,pyin_probability_below_0.5|voicing_disagreement,,False,-2.700000000000003,
1.94,1.8973333333333333,1.9826666666666666,False,115.81683335824411,True,0.013100262550513393,-3.500000000000001,0.004967285641660465,-46.077617307322924,1.9366666666666665,-0.0033333333333334103,,False,0.0,,,pyin_probability_below_0.5|voicing_disagreement,,False,-3.0000000000000036,
1.95,1.9073333333333333,1.9926666666666666,False,114.4865635674993,True,0.20650679911775227,-3.700000000000001,0.003742964732772151,-48.53568529813157,1.9466666666666663,-0.0033333333333336324,,False,0.0,,,pyin_probability_below_0.5|voicing_disagreement,,False,-3.200000000000003,
1.96,1.9173333333333333,2.002666666666667,False,114.4865635674993,True,0.42606232904328145,-3.700000000000001,0.0033326327740572878,-49.54425078041716,1.9566666666666663,-0.0033333333333336324,,False,0.0,,,pyin_probability_below_0.5|voicing_disagreement,,False,-3.200000000000003,
1.97,1.9273333333333333,2.0126666666666666,False,115.14977748330686,True,0.4260623290432814,-3.600000000000003,0.0029117843885899477,-50.7168157349301,1.9666666666666663,-0.0033333333333336324,,False,0.0,,,pyin_probability_below_0.5|voicing_disagreement,,False,-3.100000000000006,
1.98,1.9373333333333334,2.022666666666667,False,114.4865635674993,True,0.42606232904328145,-3.700000000000001,0.002452561988537316,-52.20760014020818,1.9766666666666663,-0.0033333333333336324,,False,0.0,,,pyin_probability_below_0.5|voicing_disagreement,,False,-3.200000000000003,
1.99,1.9473333333333334,2.0326666666666666,False,113.82716948276507,True,0.3721358982975087,-3.8000000000000025,0.0019433803606263064,-54.22884380936678,1.9866666666666664,-0.0033333333333336324,,False,0.0,,,pyin_probability_below_0.5|voicing_disagreement,,False,-3.3000000000000034,
2.0,1.9573333333333334,2.042666666666667,False,115.81683335824411,True,0.5485250542599844,-3.500000000000001,0.0015422713894770233,-56.23678395784532,1.9966666666666664,-0.0033333333333336324,,False,0.0,,,voicing_disagreement,,False,-3.0000000000000036,
2.01,1.9673333333333334,2.0526666666666666,False,116.48775344855382,True,0.3721358982975087,-3.4000000000000012,0.0012609733030291836,-57.98588216179522,2.0066666666666664,-0.0033333333333334103,,False,0.0,,,pyin_probability_below_0.5|voicing_disagreement,,False,-2.900000000000002,
2.02,1.9773333333333334,2.062666666666667,False,115.14977748330686,True,0.1504646013433388,-3.600000000000003,0.0007872292659459179,-62.0779753798838,2.0166666666666666,-0.0033333333333334103,,False,0.0,,,pyin_probability_below_0.5|voicing_disagreement,,False,-3.100000000000006,
2.03,1.9873333333333334,2.0726666666666667,False,117.16256013940793,True,0.20650679911775227,-3.3000000000000007,0.0005687266190837377,-64.90192888490802,2.0266666666666664,-0.0033333333333334103,,False,0.0,,,pyin_probability_below_0.5|voicing_disagreement,,False,-2.800000000000002,
2.04,1.9973333333333334,2.082666666666667,False,119.9011051661721,True,0.17653060863289757,-2.8999999999999995,0.00045444532514627865,-66.85036719562164,2.0366666666666666,-0.0033333333333334103,,False,0.0,,,pyin_probability_below_0.5|voicing_disagreement,,False,-2.4000000000000026,
2.05,2.0073333333333334,2.0926666666666667,False,121.29428889978496,True,0.12793708630129036,-2.700000000000001,0.000395266942367224,-68.06219011576323,2.0466666666666664,-0.0033333333333334103,,False,0.0,,,pyin_probability_below_0.5|voicing_disagreement,,False,-2.200000000000002,
2.06,2.017333333333333,2.1026666666666665,False,121.29428889978496,True,0.04069733156888106,-2.700000000000001,0.00033306384301300996,-69.54945022412531,2.0566666666666666,-0.0033333333333334103,,False,0.0,,,pyin_probability_below_0.5|voicing_disagreement,,False,-2.200000000000002,
2.07,2.0273333333333334,2.1126666666666667,False,121.29428889978496,True,0.018187375734912182,-2.700000000000001,0.0002322050086043206,-72.6825683374477,2.0666666666666664,-0.0033333333333334103,,False,0.0,,,pyin_probability_below_0.5|voicing_disagreement,,False,-2.200000000000002,
2.08,2.037333333333333,2.1226666666666665,False,120.59568520237023,True,0.011853505394683413,-2.8,0.00019385644450793324,-74.25039513711666,2.076666666666666,-0.0033333333333338544,,False,0.0,,,pyin_probability_below_0.5|voicing_disagreement,,False,-2.3000000000000016,
2.09,2.0473333333333334,2.1326666666666667,False,119.9011051661721,True,0.011085791888943373,-2.8999999999999995,0.00018565996289862427,-74.6256348133995,2.0866666666666664,-0.0033333333333334103,,False,0.0,,,pyin_probability_below_0.5|voicing_disagreement,,False,-2.4000000000000026,
2.1,2.0573333333333332,2.1426666666666665,False,,False,0.0100000470079773,,0.0009879842685696168,-60.10499941042963,2.0966666666666662,-0.0033333333333338544,,False,0.0,,,,,False,,
2.11,2.0673333333333335,2.1526666666666667,False,,False,0.010073751764282884,,0.0017018895341187812,-55.381372648596006,2.1066666666666665,-0.0033333333333334103,,False,0.0,,,,,False,,
2.12,2.0773333333333333,2.1626666666666665,False,,False,0.01001876450976914,,0.001800399520939086,-54.89262222586356,2.1166666666666663,-0.0033333333333338544,,False,0.0,,,,,False,,
2.13,2.0873333333333335,2.1726666666666667,False,,False,0.010013068846238975,,0.0018568917529456028,-54.624268252276345,2.1266666666666665,-0.0033333333333334103,,False,0.0,,,,,False,,
2.14,2.0973333333333333,2.1826666666666665,False,,False,0.010013068846238975,,0.0020849981055329034,-53.61788670595776,2.1366666666666663,-0.0033333333333338544,,False,0.0,,,,,False,,
2.15,2.1073333333333335,2.1926666666666668,False,,False,0.010000000814014906,,0.0031928441069265967,-49.91644571411156,2.1466666666666665,-0.0033333333333334103,,False,0.0,,,,,False,,
2.16,2.1173333333333333,2.2026666666666666,False,,False,0.0100028158258111,,0.016261414243596076,-35.776833736363145,2.1566666666666663,-0.0033333333333338544,,False,0.0,,,,,False,,
2.17,2.1273333333333335,2.212666666666667,False,,False,0.010006178555334078,,0.02772356323710015,-31.14301903477002,2.1666666666666665,-0.0033333333333334103,,False,0.0,,,,,False,,
2.18,2.1373333333333333,2.2226666666666666,False,160.04877373483913,True,0.010073751764282884,2.100000000000002,0.03817201815309216,-28.36509756623594,2.1766666666666663,-0.0033333333333338544,,False,0.0,,,pyin_probability_below_0.5|voicing_disagreement,,False,2.6000000000000005,
2.19,2.1473333333333335,2.232666666666667,False,159.12696062960518,True,0.01240312479355135,2.0000000000000004,0.04403070338739911,-27.124887533223262,2.1866666666666665,-0.0033333333333334103,206.47803222498044,True,0.689559298919042,47.35107159537526,-4.509720090369579,pyin_probability_below_0.5|pitch_difference_over_1_semitone,6.427624699819862,False,2.4999999999999987,6.970535898030803
2.2,2.1573333333333333,2.2426666666666666,False,156.39325469067515,True,0.030106861794195004,1.6999999999999993,0.05388957229152094,-25.369905265607585,2.1966666666666663,-0.0033333333333338544,206.47079335105835,True,0.5729928593645673,50.0775386603832,-4.809113129688937,pyin_probability_below_0.5|pitch_difference_over_1_semitone,6.42701773913922,False,2.199999999999996,6.969928937350161
2.21,2.167333333333333,2.252666666666667,False,157.29923159850804,True,0.07797523762294818,1.800000000000001,0.06223331919292268,-24.119540708985227,2.2066666666666666,-0.0033333333333334103,159.2690054687166,True,0.5824424712430821,1.96977387020857,-0.21544698453890354,pyin_probability_below_0.5,1.933351593989185,False,2.2999999999999963,2.4762627922001266
2.22,2.1773333333333333,2.2626666666666666,False,157.29923159850804,True,0.12793708630129036,1.800000000000001,0.06918495788247449,-23.19976638218079,2.2166666666666663,-0.0033333333333338544,156.3166079186347,True,0.9158211870709072,0.9826236798733419,0.10848668494543418,pyin_probability_below_0.5,1.6094179245048479,False,2.2999999999999963,2.1523291227157904
2.23,2.187333333333333,2.272666666666667,False,158.21045677717683,True,0.20650679911775227,1.9000000000000006,0.07731171826232072,-22.2350934874921,2.2266666666666666,-0.0033333333333334103,155.03891183187898,True,0.9840352384745565,3.1715449452978532,0.35057527796531474,pyin_probability_below_0.5,1.4673293314849682,False,2.399999999999998,2.0102405296959085
2.24,2.1973333333333334,2.2826666666666666,False,158.21045677717683,True,0.3233360583906409,1.9000000000000006,0.08280918908321373,-21.638429364132445,2.2366666666666664,-0.0033333333333338544,154.92623037611827,True,0.9870372281623617,3.284226401058561,0.3631623695405257,pyin_probability_below_0.5,1.4547422399097567,False,2.399999999999998,1.9976534381206967
2.25,2.207333333333333,2.292666666666667,False,159.12696062960518,True,0.6159498854580678,2.0000000000000004,0.08832344902879105,-21.07847960187064,2.2466666666666666,-0.0033333333333334103,156.9186857394818,True,0.9884420461883561,2.2082748901233913,0.24193359029691286,,1.675971019153366,True,2.4999999999999987,2.218882217364308
2.26,2.2173333333333334,2.3026666666666666,False,160.04877373483913,True,0.6860828109301792,2.100000000000002,0.09208508352919609,-20.716214272417965,2.2566666666666664,-0.0033333333333334103,159.40741616776685,True,0.9910429104020985,0.6413575670722764,0.06951448021032519,,1.948390129239956,True,2.6000000000000005,2.4913013274508984
2.27,2.227333333333333,2.312666666666667,False,160.97592684906726,True,0.6860828109301792,2.1999999999999993,0.09297353252392554,-20.63281335468307,2.2666666666666666,-0.0033333333333334103,161.42194813468186,True,0.99476932181567,0.44602128561459153,-0.047901539607205154,,2.1658061490574885,True,2.7,2.7087173472684287
2.28,2.2373333333333334,2.3226666666666667,False,161.90845090664698,True,0.7571601330199091,2.3000000000000003,0.09590090108690526,-20.363546243399625,2.2766666666666664,-0.0033333333333334103,162.92890202008007,True,0.9961961741927328,1.0204511134330971,-0.10877108241893577,,2.3266756918692173,True,2.799999999999997,2.8695868900801593
2.29,2.247333333333333,2.332666666666667,False,162.84637702113662,True,0.8266685594724994,2.399999999999998,0.09646292981141573,-20.312791032896506,2.2866666666666666,-0.0033333333333334103,163.4236129810829,True,0.9946019709353459,0.5772359599462789,-0.06125795331984739,,2.3791625627701283,True,2.899999999999997,2.9220737609810716
2.3,2.2573333333333334,2.3426666666666667,False,162.84637702113662,True,0.8266685594724994,2.399999999999998,0.09756446678792267,-20.214166492516945,2.2966666666666664,-0.0033333333333334103,164.05491971617784,True,0.9961453430732857,1.208542695041217,-0.12800682141288688,,2.445911430863167,True,2.899999999999997,2.98882262907411
2.31,2.267333333333333,2.3526666666666665,False,163.7897364863335,True,0.8266685594724994,2.4999999999999987,0.09733063659645522,-20.235008721761197,2.3066666666666666,-0.0033333333333334103,164.3117237096013,True,0.9977279285600835,0.5219872232677858,-0.05508557115147876,,2.47299018060176,True,2.9999999999999964,3.015901378812703
2.32,2.2773333333333334,2.3626666666666667,False,162.84637702113662,True,0.7571601330199093,2.399999999999998,0.09650517914114218,-20.30898757518381,2.3166666666666664,-0.0033333333333334103,163.98649874833413,True,0.9956969438667883,1.14012172719751,-0.1207850070777779,,2.438689616528058,True,2.899999999999997,2.981600814739002
2.33,2.287333333333333,2.3726666666666665,False,162.84637702113662,True,0.7571601330199093,2.399999999999998,0.09808551457064522,-20.167902504091593,2.3266666666666667,-0.0033333333333334103,163.0676058703655,True,0.9941375485101839,0.2212288492288792,-0.0235030710770276,,2.3414076805273107,True,2.899999999999997,2.884318878738249
2.34,2.2973333333333334,2.3826666666666667,False,162.84637702113662,True,0.7571601330199093,2.399999999999998,0.09739273297866143,-20.229468941484935,2.3366666666666664,-0.0033333333333334103,161.79858772866612,True,0.9956566939612702,1.0477892924704975,0.11175129725715857,,2.206153312193125,True,2.899999999999997,2.7490645104040645
2.35,2.3073333333333332,2.3926666666666665,False,162.84637702113662,True,0.7571601330199093,2.399999999999998,0.0986302504398161,-20.119797282475098,2.3466666666666662,-0.0033333333333338544,160.6681901438506,True,0.9877460754994194,2.1781868772860093,0.23312757153853217,,2.0847770379117483,True,2.899999999999997,2.6276882361226885
2.36,2.3173333333333335,2.4026666666666667,False,162.84637702113662,True,0.7571601330199093,2.399999999999998,0.10063087225082878,-19.945375258102437,2.3566666666666665,-0.0033333333333334103,161.4425851863165,True,0.9634233789455469,1.4037918348201117,0.14988529896911876,,2.168019310481162,True,2.899999999999997,2.710930508692103
2.37,2.3273333333333333,2.4126666666666665,False,163.7897364863335,True,0.7571601330199093,2.4999999999999987,0.1013518915408543,-19.883362832248352,2.3666666666666663,-0.0033333333333338544,163.9458770718762,True,0.9835414814474026,0.15614058554268695,-0.016495974645530643,,2.434400584095813,True,2.9999999999999964,2.9773117823067548
2.38,2.3373333333333335,2.4226666666666667,False,163.7897364863335,True,0.8266685594724994,2.4999999999999987,0.1030569718480732,-19.73845245368229,2.3766666666666665,-0.0033333333333334103,164.18984679666585,True,0.9995268639456344,0.40011031033233735,-0.0422395156014316,,2.4601441250517135,True,2.9999999999999964,3.0030553232626533
2.39,2.3473333333333333,2.4326666666666665,False,163.7897364863335,True,0.8266685594724994,2.4999999999999987,0.10323129121509113,-19.723772809560913,2.3866666666666663,-0.0033333333333338544,164.3113683942851,True,0.9984865040368752,0.521631907951587,-0.055048134100442625,,2.4729527435507244,True,2.9999999999999964,3.0158639417616655
2.4,2.3573333333333335,2.4426666666666668,False,163.7897364863335,True,0.8911444948731202,2.4999999999999987,0.10211984478930804,-19.817797078922194,2.3966666666666665,-0.0033333333333334103,164.54325884700137,True,0.9978201605787433,0.7535223606678585,-0.07946358583378305,,2.497368195284064,True,2.9999999999999964,3.0402793934950063
2.41,2.3673333333333333,2.4526666666666666,False,163.7897364863335,True,0.945930209465909,2.4999999999999987,0.09892449195884856,-20.09392342877677,2.4066666666666663,-0.0033333333333338544,164.50417501278838,True,0.9985788407018478,0.7144385264548703,-0.07535091040081515,,2.4932555198510964,True,2.9999999999999964,3.036166718062038
2.42,2.3773333333333335,2.462666666666667,False,162.84637702113662,True,0.8911444948731202,2.399999999999998,0.09462140361408884,-20.48021227828929,2.4166666666666665,-0.0033333333333334103,163.6361474444857,True,0.9943639858371544,0.7897704233490686,-0.08375824201063298,,2.4016628514609133,True,2.899999999999997,2.944574049671856
2.43,2.3873333333333333,2.4726666666666666,False,161.90845090664698,True,0.8266685594724994,2.3000000000000003,0.0916434962502781,-20.757967011818053,2.4266666666666663,-0.0033333333333338544,162.0047299414918,True,0.9854190739107612,0.09627903484482658,-0.010291742238273203,,2.2281963516885552,True,2.799999999999997,2.771107549899497
2.44,2.3973333333333335,2.482666666666667,False,160.97592684906726,True,0.8266685594724994,2.1999999999999993,0.08618587556920657,-21.29127803964721,2.4366666666666665,-0.0033333333333334103,159.53651264668528,True,0.9812275955462197,1.4394142023819825,0.15549971385598416,,1.9624048955942999,True,2.7,2.505316093805239
2.45,2.4073333333333333,2.4926666666666666,False,159.12696062960518,True,0.7571601330199093,2.0000000000000004,0.08140452067945483,-21.787029530809086,2.4466666666666663,-0.0033333333333338544,156.7596729647087,True,0.9885548704360331,2.3672876648964802,0.2594858597388952,,1.6584187497113878,True,2.4999999999999987,2.2013299479223285
2.46,2.417333333333333,2.502666666666667,False,157.29923159850804,True,0.7571601330199093,1.800000000000001,0.07568360936917924,-22.419963290122315,2.4566666666666666,-0.0033333333333334103,154.30088218758823,True,0.9990714770400668,2.9983494109198148,0.33318375565981595,,1.3847208537904696,True,2.2999999999999963,1.9276320520014092
2.47,2.4273333333333333,2.5126666666666666,False,153.70651218352927,True,0.7571601330199091,1.4000000000000004,0.06712078006957041,-23.462860096643947,2.4666666666666663,-0.0033333333333338544,153.5017364788363,True,0.9891837055242498,0.20477570469296325,0.023079766017685254,,1.2948248434325986,True,1.9000000000000006,1.837736041643539
2.48,2.437333333333333,2.522666666666667,False,151.9410423129619,True,0.8266685594724994,1.1999999999999993,0.06166277340242569,-24.199538918728514,2.4766666666666666,-0.0033333333333334103,151.40275352878595,True,0.9868920411692083,0.5382887841759612,0.061442156545378754,,1.0564624529049014,True,1.6999999999999957,1.5993736511158458
2.49,2.4473333333333334,2.5326666666666666,False,149.33078614961454,True,0.8266685594724994,0.8999999999999985,0.05671294499072335,-24.926356001551394,2.4866666666666664,-0.0033333333333338544,148.24559477905788,True,0.9870785234127242,1.0851913705566574,0.12626866238303192,,0.6916359470672494,True,1.3999999999999968,1.2345471452781918
2.5,2.457333333333333,2.542666666666667,False,148.4707041104003,True,0.8266685594724994,0.8000000000000002,0.053775159186148384,-25.38836590665248,2.4966666666666666,-0.0033333333333334103,145.72120957709873,True,0.9939403415870716,2.749494533301572,0.32360897288402624,,0.3942956365662561,True,1.2999999999999994,0.9372068347771979
2.51,2.4673333333333334,2.5526666666666666,False,147.61557577921405,True,0.4260623290432815,0.699999999999998,0.05190317099314901,-25.696122167594236,2.5066666666666664,-0.0033333333333334103,144.154764318471,True,0.9921313958151653,3.4608114607430593,0.41071725432076067,pyin_probability_below_0.5,0.20718735512952002,False,1.199999999999996,0.7500985533404625
2.52,2.477333333333333,2.562666666666667,False,146.76537262479707,True,0.07797523762294821,0.6000000000000013,0.05328215201341114,-25.468364855180315,2.5166666666666666,-0.0033333333333334103,142.67342621252766,True,0.9855321506301372,4.091946412269408,0.48953968901819434,pyin_probability_below_0.5,0.02836492043208963,False,1.099999999999998,0.5712761186430292
2.53,2.4873333333333334,2.5726666666666667,False,154.59692495035372,True,0.03489742801962526,1.499999999999997,0.0680627478555485,-23.341810427633547,2.5266666666666664,-0.0033333333333334103,141.03603160727542,True,0.9879644793866884,13.560893343078305,1.5893740398659575,pyin_probability_below_0.5|pitch_difference_over_1_semitone,-0.17146943041567597,False,1.9999999999999973,0.3714417677952641
2.54,2.497333333333333,2.582666666666667,False,159.12696062960518,True,0.0779752376229482,2.0000000000000004,0.08108480937337487,-21.82120999919233,2.5366666666666666,-0.0033333333333334103,142.55602764895963,True,0.9035696790477792,16.57093298064555,1.9037909803407473,pyin_probability_below_0.5|pitch_difference_over_1_semitone,0.014113629109532629,False,2.4999999999999987,0.5570248273204752
2.55,2.5073333333333334,2.5926666666666667,False,159.12696062960518,True,0.20650679911775227,2.0000000000000004,0.09449204830361504,-20.49209473418766,2.5466666666666664,-0.0033333333333334103,153.25456992874572,True,0.7439903164424881,5.872390700859455,0.6509783442030576,pyin_probability_below_0.5,1.266926265247222,False,2.4999999999999987,1.8098374634581647
2.56,2.517333333333333,2.6026666666666665,False,160.04877373483913,True,0.42606232904328145,2.100000000000002,0.10517138371881962,-19.562048242356695,2.5566666666666666,-0.0033333333333334103,156.1332249523513,True,0.8670894236017703,3.915548782487832,0.42880859510848324,pyin_probability_below_0.5,1.5890960143417994,False,2.6000000000000005,2.1320072125527396
2.57,2.5273333333333334,2.6126666666666667,False,160.04877373483913,True,0.5485250542599845,2.100000000000002,0.11275631763872226,-18.957182312499764,2.5666666666666664,-0.0033333333333334103,158.91564800036858,True,0.9572431970116315,1.1331257344705534,0.12300519884050387,,1.8948994106097792,True,2.6000000000000005,2.4378106088207234
2.58,2.537333333333333,2.6226666666666665,False,160.04877373483913,True,0.6860828109301793,2.100000000000002,0.12291479821429338,-18.207916549606832,2.5766666666666667,-0.0033333333333334103,160.0713212975042,True,0.9799727992188644,0.022547562665067744,-0.0024387790007280967,,2.020343388451009,True,2.6000000000000005,2.5632545866619525
2.59,2.5473333333333334,2.6326666666666667,False,160.04877373483913,True,0.7571601330199094,2.100000000000002,0.12890165356069105,-17.794830228932334,2.5866666666666664,-0.0033333333333334103,160.0332899610222,True,0.9922447404358519,0.015483773816924895,0.0016749477400461576,,2.0162296617102387,True,2.6000000000000005,2.559140859921181
2.6,2.5573333333333332,2.6426666666666665,False,160.04877373483913,True,0.8911444948731204,2.100000000000002,0.13425686088543853,-17.44127022898501,2.5966666666666662,-0.0033333333333338544,159.94162922588265,True,0.9978672174379988,0.10714450895648042,0.011593612014106774,,2.0063109974361795,True,2.6000000000000005,2.5492221956471206
2.61,2.5673333333333335,2.6526666666666667,False,160.04877373483913,True,0.8911444948731203,2.100000000000002,0.1355213114040398,-17.359848088794166,2.6066666666666665,-0.0033333333333334103,160.03851453723354,True,0.9992030593909388,0.010259197605591908,0.0011097642966605235,,2.0167948451536217,True,2.6000000000000005,2.5597060433645633
2.62,2.5773333333333333,2.6626666666666665,False,160.04877373483913,True,0.8911444948731202,2.100000000000002,0.1322805188026757,-17.570082209140477,2.6166666666666663,-0.0033333333333338544,160.07429436285403,True,0.9979384448074978,0.025520628014902513,-0.0027603246794496413,,2.020664934129735,True,2.6000000000000005,2.563576132340674
2.63,2.5873333333333335,2.6726666666666667,False,160.04877373483913,True,0.8911444948731202,2.100000000000002,0.12911887664718,-17.780205220601992,2.6266666666666665,-0.0033333333333334103,160.27825034853865,True,0.9980095369585132,0.22947661369951788,-0.024804513212673487,,2.042709122662957,True,2.6000000000000005,2.5856203208738977
2.64,2.5973333333333333,2.6826666666666665,False,160.97592684906726,True,0.8911444948731202,2.1999999999999993,0.12100752298879365,-18.343752578636558,2.6366666666666663,-0.0033333333333338544,160.5155556833926,True,0.9965882297614004,0.4603711656746725,0.04958207761682875,,2.068322531833454,True,2.7,2.611233730044397
2.65,2.6073333333333335,2.6926666666666668,False,160.97592684906726,True,0.945930209465909,2.1999999999999993,0.11663734761592232,-18.663247299189067,2.6466666666666665,-0.0033333333333334103,159.78340068856542,True,0.9895889518195873,1.192526160501842,0.12872900199431422,,1.9891756074559708,True,2.7,2.5320868056669124
2.66,2.6173333333333333,2.7026666666666666,False,160.97592684906726,True,0.945930209465909,2.1999999999999993,0.1072295754620299,-19.393708268899886,2.6566666666666663,-0.0033333333333338544,160.25502935432732,True,0.9859610808745375,0.720897494739944,0.07770386756697274,,2.040200741883312,True,2.7,2.583111940094253
2.67,2.6273333333333335,2.712666666666667,False,161.90845090664698,True,0.9848789761259922,2.3000000000000003,0.09824650172534523,-20.153658093030774,2.6666666666666665,-0.0033333333333334103,162.09692429664574,True,0.9830326128775718,0.1884733899987623,-0.020141121838297173,,2.2380457312885778,True,2.799999999999997,2.78095692949952
2.68,2.6373333333333333,2.7226666666666666,False,161.90845090664698,True,0.9459302094659091,2.3000000000000003,0.08917011287535952,-20.995613672183534,2.6766666666666663,-0.0033333333333338544,163.9552234710001,True,0.9808423704814496,2.0467725643531196,-0.2174829066428339,,2.435387516093116,True,2.799999999999997,2.9782987143040556
2.69,2.6473333333333335,2.732666666666667,False,162.84637702113662,True,0.9459302094659091,2.399999999999998,0.07665629681141942,-22.30904329808844,2.6866666666666665,-0.0033333333333334103,165.35094291909,True,0.9738301473009436,2.50456589795337,-0.2642357917656044,,2.5821404012158853,True,2.899999999999997,3.1250515994268273
2.7,2.6573333333333333,2.7426666666666666,False,163.7897364863335,True,0.945930209465909,2.4999999999999987,0.06715606390696134,-23.45829532559985,2.6966666666666663,-0.0033333333333338544,164.6089832988751,True,0.965848665229899,0.8192468125415928,-0.08637737197180151,,2.5042819814220847,True,2.9999999999999964,3.047193179633026
2.71,2.667333333333333,2.752666666666667,False,164.73856077731807,True,0.8911444948731202,2.5999999999999974,0.053714221679020104,-25.39821425658583,2.7066666666666666,-0.0033333333333334103,162.43200038394582,True,0.9451957489073501,2.3065603933722514,0.24410888527148367,,2.273795724178799,True,3.0999999999999956,2.816706922389739
2.72,2.6773333333333333,2.7626666666666666,False,164.73856077731807,True,0.8266685594724995,2.5999999999999974,0.042547244159256634,-27.422571289819437,2.7166666666666663,-0.0033333333333338544,159.98635206370395,True,0.895754864116176,4.752208713614124,0.5067534164301231,,2.011151193020156,False,3.0999999999999956,2.554062391231099
2.73,2.687333333333333,2.772666666666667,False,163.7897364863335,True,0.615949885458068,2.4999999999999987,0.02680084783530162,-31.43702934004445,2.7266666666666666,-0.0033333333333334103,158.66121177519963,True,0.8605546957268061,5.128524711133878,0.5507458063197838,,1.8671588031304978,False,2.9999999999999964,2.4100700013414382
2.74,2.6973333333333334,2.7826666666666666,False,161.90845090664698,True,0.42606232904328145,2.3000000000000003,0.016260518051625622,-35.77731244251635,2.7366666666666664,-0.0033333333333338544,159.59155914205297,True,0.9233011805760993,2.316891764594004,0.24952729234675297,pyin_probability_below_0.5,1.9683773171035277,False,2.799999999999997,2.5112885153144697
2.75,2.707333333333333,2.792666666666667,False,160.04877373483913,True,0.2407543944755743,2.100000000000002,0.009228628529185663,-40.69725669771017,2.7466666666666666,-0.0033333333333334103,161.0139788690018,True,0.9762549194056181,0.9652051341626589,-0.10409186447669529,pyin_probability_below_0.5,2.121996473926977,False,2.6000000000000005,2.6649076721379186
2.76,2.7173333333333334,2.8026666666666666,False,160.04877373483913,True,0.5485250542599844,2.100000000000002,0.006762334461436802,-43.398067061336256,2.7566666666666664,-0.0033333333333334103,161.10840967674585,True,0.9573369880430255,1.0596359419067198,-0.1142421576660973,,2.132146767116379,True,2.6000000000000005,2.6750579653273205
2.77,2.727333333333333,2.812666666666667,False,160.04877373483913,True,0.7571601330199094,2.100000000000002,0.005983054858504131,-44.461540302054594,2.7666666666666666,-0.0033333333333334103,,False,0.0,,,voicing_disagreement,,False,2.6000000000000005,
2.78,2.7373333333333334,2.8226666666666667,False,160.97592684906726,True,0.8266685594724996,2.1999999999999993,0.004995643651283596,-46.028170964807956,2.7766666666666664,-0.0033333333333334103,,False,0.0,,,voicing_disagreement,,False,2.7,
2.79,2.747333333333333,2.832666666666667,False,160.04877373483913,True,0.7571601330199094,2.100000000000002,0.004318245887326585,-47.293852638513165,2.7866666666666666,-0.0033333333333334103,,False,0.0,,,voicing_disagreement,,False,2.6000000000000005,
2.8,2.7573333333333334,2.8426666666666667,False,159.12696062960518,True,0.6159498854580681,2.0000000000000004,0.0033209911579910717,-49.57464561384258,2.7966666666666664,-0.0033333333333334103,,False,0.0,,,voicing_disagreement,,False,2.4999999999999987,
2.81,2.767333333333333,2.8526666666666665,False,159.12696062960518,True,0.6860828109301793,2.0000000000000004,0.002640403128422363,-51.56659522712164,2.8066666666666666,-0.0033333333333334103,,False,0.0,,,voicing_disagreement,,False,2.4999999999999987,
2.82,2.7773333333333334,2.8626666666666667,False,159.12696062960518,True,0.6860828109301792,2.0000000000000004,0.00214278098106871,-53.380444340006036,2.8166666666666664,-0.0033333333333334103,,False,0.0,,,voicing_disagreement,,False,2.4999999999999987,
2.83,2.787333333333333,2.8726666666666665,False,160.04877373483913,True,0.5485250542599845,2.100000000000002,0.0017936855769459502,-54.925073680298695,2.8266666666666667,-0.0033333333333334103,,False,0.0,,,voicing_disagreement,,False,2.6000000000000005,
2.84,2.7973333333333334,2.8826666666666667,False,159.12696062960518,True,0.48498680771591124,2.0000000000000004,0.001412512235112031,-57.00015563309257,2.8366666666666664,-0.0033333333333334103,,False,0.0,,,pyin_probability_below_0.5|voicing_disagreement,,False,2.4999999999999987,
2.85,2.8073333333333332,2.8926666666666665,False,160.04877373483913,True,0.4260623290432814,2.100000000000002,0.0011037862545948086,-59.14230036977088,2.8466666666666662,-0.0033333333333338544,,False,0.0,,,pyin_probability_below_0.5|voicing_disagreement,,False,2.6000000000000005,
2.86,2.8173333333333335,2.9026666666666667,False,160.04877373483913,True,0.2796051653363588,2.100000000000002,0.0008327273941969701,-61.589942962799256,2.8566666666666665,-0.0033333333333334103,,False,0.0,,,pyin_probability_below_0.5|voicing_disagreement,,False,2.6000000000000005,
2.87,2.8273333333333333,2.9126666666666665,False,158.21045677717683,True,0.20650679911775224,1.9000000000000006,0.0006435007110259395,-63.829019377850116,2.8666666666666663,-0.0033333333333338544,,False,0.0,,,pyin_probability_below_0.5|voicing_disagreement,,False,2.399999999999998,
2.88,2.8373333333333335,2.9226666666666667,False,157.29923159850804,True,0.10857977072874496,1.800000000000001,0.0005277122597580351,-65.55205632440081,2.8766666666666665,-0.0033333333333334103,,False,0.0,,,pyin_probability_below_0.5|voicing_disagreement,,False,2.2999999999999963,
2.89,2.8473333333333333,2.9326666666666665,False,158.21045677717683,True,0.06608151270920701,1.9000000000000006,0.0004485869483620419,-66.9630673273572,2.8866666666666663,-0.0033333333333338544,,False,0.0,,,pyin_probability_below_0.5|voicing_disagreement,,False,2.399999999999998,
2.9,2.8573333333333335,2.9426666666666668,False,158.21045677717683,True,0.05607139544589263,1.9000000000000006,0.00032789931767718836,-69.6851897409854,2.8966666666666665,-0.0033333333333334103,,False,0.0,,,pyin_probability_below_0.5|voicing_disagreement,,False,2.399999999999998,
2.91,2.8673333333333333,2.9526666666666666,False,157.29923159850804,True,0.04069733156888106,1.800000000000001,0.0002656192702773728,-71.51480841503054,2.9066666666666663,-0.0033333333333338544,,False,0.0,,,pyin_probability_below_0.5|voicing_disagreement,,False,2.2999999999999963,
2.92,2.8773333333333335,2.962666666666667,False,,False,0.04069733156888106,,0.0002107361307248245,-73.52521996375656,2.9166666666666665,-0.0033333333333334103,,False,0.0,,,,,False,,
2.93,2.8873333333333333,2.9726666666666666,False,,False,0.012403124793551348,,0.00015736059703058016,-76.06208010719958,2.9266666666666663,-0.0033333333333338544,,False,0.0,,,,,False,,
2.94,2.8973333333333335,2.982666666666667,False,,False,0.011422334250709074,,0.00013730592002186588,-77.24621475018077,2.9366666666666665,-0.0033333333333334103,,False,0.0,,,,,False,,
2.95,2.9073333333333333,2.9926666666666666,False,,False,0.01001876450976914,,0.00011574675677731157,-78.72982338131038,2.9466666666666663,-0.0033333333333338544,,False,0.0,,,,,False,,
2.96,2.917333333333333,3.002666666666667,False,,False,0.010000000417925077,,9.749425177018834e-05,-80.22041978819965,2.9566666666666666,-0.0033333333333334103,,False,0.0,,,,,False,,
2.97,2.9273333333333333,3.0126666666666666,False,,False,0.01000000002170159,,7.344221081138796e-05,-82.6810851631693,2.9666666666666663,-0.0033333333333338544,,False,0.0,,,,,False,,
2.98,2.937333333333333,3.022666666666667,False,,False,0.010000002871100368,,8.109877271494885e-05,-81.8197143602056,2.9766666666666666,-0.0033333333333334103,,False,0.0,,,,,False,,
2.99,2.9473333333333334,3.0326666666666666,False,,False,0.010000000208892744,,8.669654888821655e-05,-81.23996380102591,2.9866666666666664,-0.0033333333333338544,,False,0.0,,,,,False,,
3.0,2.957333333333333,3.042666666666667,False,,False,0.010000000101429396,,8.529655835279956e-05,-81.3813698382069,2.9966666666666666,-0.0033333333333334103,,False,0.0,,,,,False,,
3.01,2.9673333333333334,3.0526666666666666,False,,False,0.010000000047726023,,8.561849856362702e-05,-81.34864784754157,3.0066666666666664,-0.0033333333333334103,,False,0.0,,,,,False,,
3.02,2.977333333333333,3.062666666666667,False,,False,0.010000000000075398,,0.0001029747480112021,-79.74538524258571,3.0166666666666666,-0.0033333333333334103,,False,0.0,,,,,False,,
3.03,2.9873333333333334,3.0726666666666667,False,,False,0.010000000047726026,,0.00011224325361746266,-78.99679505633837,3.0266666666666664,-0.0033333333333334103,,False,0.0,,,,,False,,
3.04,2.997333333333333,3.082666666666667,False,,False,0.010000000047726025,,0.0001191806758872373,-78.47588311941189,3.0366666666666666,-0.0033333333333334103,,False,0.0,,,,,False,,
3.05,3.0073333333333334,3.0926666666666667,False,,False,0.010000000047726025,,0.00013192025524819733,-77.59377034121005,3.0466666666666664,-0.0033333333333334103,,False,0.0,,,,,False,,
3.06,3.017333333333333,3.1026666666666665,False,,False,0.010000000417925077,,0.00016444592033603437,-75.679537925235,3.0566666666666666,-0.0033333333333334103,,False,0.0,,,,,False,,
3.07,3.0273333333333334,3.1126666666666667,False,,False,0.010073751764282884,,0.0002295865693260943,-72.78107042985164,3.0666666666666664,-0.0033333333333334103,,False,0.0,,,,,False,,
3.08,3.037333333333333,3.1226666666666665,False,,False,0.010000000814014904,,0.0004185364647048378,-67.56533396821936,3.0766666666666667,-0.0033333333333334103,,False,0.0,,,,,False,,
3.09,3.0473333333333334,3.1326666666666667,False,,False,0.010000000000023851,,0.010569481376872388,-39.51892644247652,3.0866666666666664,-0.0033333333333334103,,False,0.0,,,,,False,,
3.1,3.0573333333333332,3.1426666666666665,False,131.51052723924994,True,0.010000516719604523,-1.2999999999999985,0.015857427256144446,-35.99534544389141,3.0966666666666667,-0.0033333333333334103,,False,0.0,,,pyin_probability_below_0.5|voicing_disagreement,,False,-0.8000000000000008,
3.11,3.0673333333333335,3.1526666666666667,False,131.51052723924994,True,0.010349055133375844,-1.2999999999999985,0.019473472705412307,-34.211131876314084,3.1066666666666665,-0.0033333333333334103,,False,0.0,,,pyin_probability_below_0.5|voicing_disagreement,,False,-0.8000000000000008,
3.12,3.0773333333333333,3.1626666666666665,False,131.51052723924994,True,0.01646758759311301,-1.2999999999999985,0.02379867749514635,-32.46894352485176,3.1166666666666663,-0.0033333333333338544,,False,0.0,,,pyin_probability_below_0.5|voicing_disagreement,,False,-0.8000000000000008,
3.13,3.0873333333333335,3.1726666666666667,False,131.51052723924994,True,0.04768699308253103,-1.2999999999999985,0.028142237363915485,-31.012827565050024,3.1266666666666665,-0.0033333333333334103,,False,0.0,,,pyin_probability_below_0.5|voicing_disagreement,,False,-0.8000000000000008,
3.14,3.0973333333333333,3.1826666666666665,False,131.51052723924994,True,0.0779752376229482,-1.2999999999999985,0.03176606897484916,-29.96073050872024,3.1366666666666663,-0.0033333333333338544,131.4095718098297,True,0.7296558726115708,0.10095542942022462,0.01329510266215634,pyin_probability_below_0.5,-1.395390493211874,False,-0.8000000000000008,-0.8524792950009318
3.15,3.1073333333333335,3.1926666666666668,False,131.51052723924994,True,0.12793708630129036,-1.2999999999999985,0.0353492671984948,-29.032391696718577,3.1466666666666665,-0.0033333333333334103,131.81403280790192,True,0.9457108871988911,0.3035055686519854,-0.03990812001082589,pyin_probability_below_0.5,-1.342187270538891,False,-0.8000000000000008,-0.7992760723279498
3.16,3.1173333333333333,3.2026666666666666,False,132.2723599733492,True,0.2407543944755743,-1.2000000000000042,0.03887571487269017,-28.20643223587572,3.1566666666666663,-0.0033333333333338544,130.47281010121682,True,0.9767049708977419,1.7995498721323884,0.23714922915184056,pyin_probability_below_0.5,-1.5192446197015617,False,-0.7000000000000042,-0.9763334214906212
3.17,3.1273333333333335,3.212666666666667,False,132.2723599733492,True,0.5485250542599845,-1.2000000000000042,0.039997545915409285,-27.959333087486556,3.1666666666666665,-0.0033333333333334103,130.68331012087603,True,0.9812973183040316,1.589049852473181,0.2092406448173836,,-1.4913360353671061,True,-0.7000000000000042,-0.9484248371561639
3.18,3.1373333333333333,3.2226666666666666,False,132.2723599733492,True,0.7571601330199091,-1.2000000000000042,0.038200480032622455,-28.358623592965202,3.1766666666666663,-0.0033333333333338544,132.22116139355157,True,0.9818147248578025,0.051198579797642196,0.006702374051244959,,-1.288797764600967,True,-0.7000000000000042,-0.7458865663900249
3.19,3.1473333333333335,3.232666666666667,False,133.03860595958074,True,0.6860828109301792,-1.1000000000000019,0.03625345145433509,-28.81301281567078,3.1866666666666665,-0.0033333333333334103,133.86978750248093,True,0.9710076767025374,0.8311815429001967,-0.10782534194127963,,-1.0742700486084376,True,-0.6000000000000031,-0.5313588503974969
3.2,3.1573333333333333,3.2426666666666666,False,133.80929076365396,True,0.6860828109301792,-1.0000000000000013,0.033693565043929126,-29.449060696380425,3.1966666666666663,-0.0033333333333338544,135.43381157187977,True,0.9257824988724628,1.6245208082258102,-0.2089160198928583,,-0.8731793706568609,True,-0.5000000000000021,-0.3302681724459187
3.21,3.167333333333333,3.252666666666667,False,133.80929076365396,True,0.6860828109301792,-1.0000000000000013,0.031072833741308273,-30.152382773912617,3.2066666666666666,-0.0033333333333334103,136.49093072841606,True,0.8530248713237476,2.6816399647620983,-0.3435216377451349,,-0.7385737528045846,True,-0.5000000000000021,-0.1956625545936432
3.22,3.1773333333333333,3.2626666666666666,False,134.5844400993791,True,0.6159498854580678,-0.8999999999999986,0.027950075657203904,-31.072340243950656,3.2166666666666663,-0.0033333333333338544,134.36481815033977,True,0.7909965422541742,0.21962194903932186,0.028274261329905244,,-1.0103696518796208,True,-0.4000000000000008,-0.4674584536686782
3.23,3.187333333333333,3.272666666666667,False,136.14823596668148,True,0.42606232904328145,-0.7000000000000002,0.021638260876291296,-33.29555295095965,3.2266666666666666,-0.0033333333333334103,,False,0.0,,,pyin_probability_below_0.5|voicing_disagreement,,False,-0.2000000000000017,
3.24,3.1973333333333334,3.2826666666666666,False,136.93693467412865,True,0.1279370863012904,-0.6000000000000031,0.01526979165960144,-36.32333776797794,3.2366666666666664,-0.0033333333333338544,,False,0.0,,,pyin_probability_below_0.5|voicing_disagreement,,False,-0.10000000000000452,
3.25,3.207333333333333,3.292666666666667,False,132.2723599733492,True,0.03010686179419501,-1.2000000000000042,0.007525018424491903,-42.46984864785083,3.2466666666666666,-0.0033333333333334103,,False,0.0,,,pyin_probability_below_0.5|voicing_disagreement,,False,-0.7000000000000042,
3.26,3.2173333333333334,3.3026666666666666,False,133.03860595958074,True,0.026168028608935755,-1.1000000000000019,0.004191785198911022,-47.55201960310957,3.2566666666666664,-0.0033333333333334103,,False,0.0,,,pyin_probability_below_0.5|voicing_disagreement,,False,-0.6000000000000031,
3.27,3.227333333333333,3.312666666666667,False,,False,0.0100000000000754,,0.010662707395998273,-39.44265016912776,3.2666666666666666,-0.0033333333333334103,,False,0.0,,,,,False,,
3.28,3.2373333333333334,3.3226666666666667,False,,False,0.0100000470079773,,0.025180924748477784,-31.978566496646916,3.2766666666666664,-0.0033333333333334103,,False,0.0,,,,,False,,
3.29,3.247333333333333,3.332666666666667,False,,False,0.01000123296498612,,0.03919054262632561,-28.13637446609118,3.2866666666666666,-0.0033333333333334103,,False,0.0,,,,,False,,
3.3,3.2573333333333334,3.3426666666666667,False,145.07962854192903,True,0.010000802780927255,0.39999999999999736,0.051874932208943424,-25.700849156460066,3.2966666666666664,-0.0033333333333334103,,False,0.0,,,pyin_probability_below_0.5|voicing_disagreement,,False,0.8999999999999985,
3.31,3.267333333333333,3.3526666666666665,False,139.33055012971812,True,0.010052967545965857,-0.30000000000000004,0.05759182816172768,-24.792782705162,3.3066666666666666,-0.0033333333333334103,,False,0.0,,,pyin_probability_below_0.5|voicing_disagreement,,False,0.19999999999999687,
3.32,3.2773333333333334,3.3626666666666667,False,139.33055012971812,True,0.010467533617069905,-0.30000000000000004,0.06225084388585973,-24.11709513605397,3.3166666666666664,-0.0033333333333334103,152.4153700693299,True,0.589011495090286,13.084819939611776,-1.5539612765597304,pyin_probability_below_0.5|pitch_difference_over_1_semitone,1.1718658860100124,False,0.19999999999999687,1.7147770842209553
3.33,3.287333333333333,3.3726666666666665,False,139.33055012971812,True,0.013100262550513395,-0.30000000000000004,0.06839609452790966,-23.29937392273282,3.3266666666666667,-0.0033333333333334103,155.79800922992092,True,0.5554965042703063,16.467459100202802,-1.9339821079527877,pyin_probability_below_0.5|pitch_difference_over_1_semitone,1.5518867174030693,False,0.19999999999999687,2.094797915614011
3.34,3.2973333333333334,3.3826666666666667,False,139.33055012971812,True,0.01818737573491218,-0.30000000000000004,0.07330247510206313,-22.69762721794954,3.3366666666666664,-0.0033333333333334103,136.35206339527429,True,0.6102587690904218,2.978486734443834,0.37410108897866723,pyin_probability_below_0.5,-0.7561964795283855,False,0.19999999999999687,-0.21328528131744368
3.35,3.3073333333333332,3.3926666666666665,False,139.33055012971812,True,0.04069733156888106,-0.30000000000000004,0.07882824826285545,-22.066362486179475,3.3466666666666667,-0.0033333333333334103,137.48402782274235,True,0.929670461539722,1.8465223069757712,0.2309711959973366,pyin_probability_below_0.5,-0.6130665865470522,False,0.19999999999999687,-0.07015538833611124
3.36,3.3173333333333335,3.4026666666666667,False,139.33055012971812,True,0.092037570812181,-0.30000000000000004,0.07967470187502541,-21.973591057686694,3.3566666666666665,-0.0033333333333334103,138.7486426901922,True,0.9793914644810168,0.5819074395259065,0.07245557878537918,pyin_probability_below_0.5,-0.4545509693350956,False,0.19999999999999687,0.08836022887584716
3.37,3.3273333333333333,3.4126666666666665,False,139.33055012971812,True,0.24075439447557434,-0.30000000000000004,0.0816707388848929,-21.758670305597366,3.3666666666666663,-0.0033333333333338544,139.02117021565005,True,0.9793992842285199,0.3093799140680744,0.03848435075060559,pyin_probability_below_0.5,-0.4205797413003225,False,0.19999999999999687,0.12233145691061814
3.38,3.3373333333333335,3.4226666666666667,False,139.33055012971812,True,0.6860828109301793,-0.30000000000000004,0.07850178593176439,-22.102409257072658,3.3766666666666665,-0.0033333333333334103,139.72885388223932,True,0.9812499546402369,0.3983037525212012,-0.049420121779083115,,-0.33267526877063347,True,0.19999999999999687,0.210235929440306
3.39,3.3473333333333333,3.4326666666666665,False,139.33055012971812,True,0.6159498854580681,-0.30000000000000004,0.0756644982533727,-22.422156869496987,3.3866666666666663,-0.0033333333333338544,139.99405219702496,True,0.9824025583039795,0.6635020673068368,-0.0822469285863563,,-0.29984846196336234,True,0.19999999999999687,0.24306273624758046
3.4,3.3573333333333335,3.4426666666666668,False,140.13768379557115,True,0.5485250542599847,-0.20000000000000362,0.07429386994549671,-22.5809403758447,3.3966666666666665,-0.0033333333333334103,140.28151668915532,True,0.9915370879142779,0.14383289358417528,-0.01775972716242841,,-0.26433566338729064,True,0.29999999999999455,0.27857553482365094
3.41,3.3673333333333333,3.4526666666666666,False,140.13768379557115,True,0.48498680771591135,-0.20000000000000362,0.07447008890285221,-22.56036255385771,3.4066666666666663,-0.0033333333333338544,140.46980397231553,True,0.9782231475846721,0.33212017674438243,-0.040980946832316185,pyin_probability_below_0.5,-0.24111444371740462,False,0.29999999999999455,0.30179675449353505
3.42,3.3773333333333335,3.462666666666667,False,140.13768379557115,True,0.5485250542599845,-0.20000000000000362,0.07258982415536841,-22.782485112971564,3.4166666666666665,-0.0033333333333334103,139.3155093604461,True,0.8989411070169576,0.8221744351250493,0.10186897255685459,,-0.3839643631065731,True,0.29999999999999455,0.15894683510436763
3.43,3.3873333333333333,3.4726666666666666,False,140.13768379557115,True,0.5485250542599845,-0.20000000000000362,0.07124020865581072,-22.945496343992136,3.4266666666666663,-0.0033333333333338544,136.34544921859546,True,0.8112295040983648,3.7922345769756873,0.47494089772978954,,-0.7570362882795105,True,0.29999999999999455,-0.21412509006857006
3.44,3.3973333333333335,3.482666666666667,False,140.13768379557115,True,0.615949885458068,-0.20000000000000362,0.06870274233988703,-23.26051854576373,3.4366666666666665,-0.0033333333333334103,140.1216637360285,True,0.9385739362421555,0.016020059542654508,0.001979200538558508,,-0.28407459108827915,True,0.29999999999999455,0.25883660712266243
3.45,3.4073333333333333,3.4926666666666666,False,139.33055012971812,True,0.6159498854580681,-0.30000000000000004,0.06483577806926297,-23.763705459727408,3.4466666666666663,-0.0033333333333338544,139.8697995803289,True,0.9812655315283826,0.5392494506107823,-0.06687442703051116,,-0.3152209635192057,True,0.19999999999999687,0.22769023469173666
3.46,3.417333333333333,3.502666666666667,False,140.13768379557115,True,0.5485250542599845,-0.20000000000000362,0.061450559196654125,-24.229483214080666,3.4566666666666666,-0.0033333333333334103,139.7951247190591,True,0.9872484334282169,0.3425590765120603,0.04237089866314747,,-0.32446628921286863,True,0.29999999999999455,0.218444908998072
3.47,3.4273333333333333,3.5126666666666666,False,140.13768379557115,True,0.9459302094659092,-0.20000000000000362,0.05820091497207532,-24.701403755730787,3.4666666666666663,-0.0033333333333338544,140.36046298635756,True,0.9861455384720157,0.22277919078641162,-0.02749986094622307,,-0.2545955296034981,True,0.29999999999999455,0.288315668607444
3.48,3.437333333333333,3.522666666666667,False,140.13768379557115,True,0.5485250542599847,-0.20000000000000362,0.05676468613280911,-24.91843518267988,3.4766666666666666,-0.0033333333333334103,140.4701927547031,True,0.9918573466559321,0.33250895913195677,-0.041028862637462034,,-0.24106652791225897,True,0.29999999999999455,0.3018446702986825
3.49,3.4473333333333334,3.5326666666666666,False,141.7660052464835,True,0.2407543944755743,0.0,0.058412175691132835,-24.669932343942357,3.4866666666666664,-0.0033333333333338544,140.47113045744467,True,0.9879289940861452,1.294874789038829,0.15885556996252082,pyin_probability_below_0.5,-0.24095096051223677,False,0.49999999999999706,0.30196023769870456
3.5,3.457333333333333,3.542666666666667,False,143.41324688128702,True,0.20650679911775227,0.19999999999999687,0.060965904986716,-24.29825950169354,3.4966666666666666,-0.0033333333333334103,140.96034410624017,True,0.9654014944056081,2.4529027750468515,0.29866726441154867,pyin_probability_below_0.5,-0.18076265496126942,False,0.6999999999999943,0.36214854324967294
3.51,3.4673333333333334,3.5526666666666666,False,143.41324688128702,True,0.2407543944755743,0.19999999999999687,0.06618246364105898,-23.58514140541431,3.5066666666666664,-0.0033333333333334103,139.4477728943779,True,0.9271268158128182,3.9654739869091316,0.4854407579998379,pyin_probability_below_0.5,-0.36753614854955696,False,0.6999999999999943,0.1753750496613834
3.52,3.477333333333333,3.562666666666667,False,143.41324688128702,True,0.3233360583906409,0.19999999999999687,0.07234174666555694,-22.812220191262554,3.5166666666666666,-0.0033333333333334103,144.8080745202661,True,0.7957956756050228,1.3948276389790806,-0.1675651156630112,pyin_probability_below_0.5,0.2854697251132906,False,0.6999999999999943,0.8283809233242316
3.53,3.4873333333333334,3.5726666666666667,False,142.58724736030138,True,0.42606232904328145,0.10000000000000017,0.07847214855297442,-22.105689126501105,3.5266666666666664,-0.0033333333333334103,144.47200310208214,True,0.9093338624829894,1.884755741780765,-0.22733983996384266,pyin_probability_below_0.5,0.2452444494141255,False,0.5999999999999976,0.7881556476250671
3.54,3.497333333333333,3.582666666666667,False,141.7660052464835,True,0.48498680771591135,0.0,0.08456036767649631,-21.45666274685879,3.5366666666666666,-0.0033333333333334103,143.37741862863354,True,0.982758466761547,1.6114133821500332,-0.19567439957470553,pyin_probability_below_0.5,0.11357900902498776,False,0.49999999999999706,0.6564902072359305
3.55,3.5073333333333334,3.5926666666666667,False,141.7660052464835,True,0.615949885458068,0.0,0.09070067976561028,-20.847789161257353,3.5466666666666664,-0.0033333333333334103,142.43985831842681,True,0.9910171998858655,0.6738530719433129,-0.08209539054971729,,0.0,True,0.49999999999999706,0.5429111982109424
3.56,3.517333333333333,3.6026666666666665,False,141.7660052464835,True,0.7571601330199094,0.0,0.09442016023540989,-20.498705337723475,3.5566666666666666,-0.0033333333333334103,141.8055920855138,True,0.9906147416045483,0.039586839030306464,-0.004833635294521346,,-0.07726175525519442,True,0.49999999999999706,0.46564944295574595
3.57,3.5273333333333334,3.6126666666666667,False,140.9494931391844,True,0.7571601330199094,-0.10000000000000067,0.09618621281874944,-20.33774349185313,3.5666666666666664,-0.0033333333333334103,141.17120469449014,True,0.9966871418952891,0.22171155530574538,-0.02721067086412926,,-0.15488471968558748,True,0.39999999999999736,0.3880264785253559
3.58,3.537333333333333,3.6226666666666665,False,140.13768379557115,True,0.7571601330199094,-0.20000000000000362,0.09467499070774037,-20.475294576654427,3.5766666666666667,-0.0033333333333334103,140.37085284393078,True,0.9904777048063044,0.2331690483596276,-0.028781319350727523,,-0.25331407119899213,True,0.29999999999999455,0.28959712701194773
3.59,3.5473333333333334,3.6326666666666667,False,139.33055012971812,True,0.6159498854580681,-0.30000000000000004,0.09179642330867849,-20.74348480028138,3.5866666666666664,-0.0033333333333334103,139.50081092396923,True,0.9821890187844847,0.17026079425110652,-0.02114262325082195,,-0.36095276729889647,True,0.19999999999999687,0.1819584309120467
3.6,3.5573333333333332,3.6426666666666665,False,138.52806521170294,True,0.6159498854580681,-0.4000000000000028,0.08556524543179243,-21.35405199200204,3.5966666666666667,-0.0033333333333334103,138.3373038634528,True,0.9774330869309907,0.1907613482501347,0.023856547657049094,,-0.5059519382067714,True,0.09999999999999636,0.03695926000416982
3.61,3.5673333333333335,3.6526666666666667,False,137.7302022667084,True,0.5485250542599847,-0.4999999999999981,0.08019088346976583,-21.9175000367659,3.6066666666666665,-0.0033333333333334103,135.5828925746775,True,0.9576982977951431,2.147309692030916,0.2720376165291317,,-0.854133007078845,True,0.0,-0.3112218088679045
3.62,3.5773333333333333,3.6626666666666665,False,136.14823596668148,True,0.48498680771591135,-0.7000000000000002,0.07338781408217661,-22.687520958689475,3.6166666666666663,-0.0033333333333338544,131.46290174785372,True,0.9428548137948592,4.685334218827762,0.606270661908898,pyin_probability_below_0.5,-1.3883660524586139,False,-0.2000000000000017,-0.8454548542476726
3.63,3.5873333333333335,3.6726666666666667,False,133.80929076365396,True,0.5485250542599847,-1.0000000000000013,0.06608569954733927,-23.59785016871243,3.6266666666666665,-0.0033333333333334103,128.93586046271,True,0.9676404092869805,4.873430300943966,0.6422966265337039,,-1.7243920170834222,False,-0.5000000000000021,-1.1814808188724815
3.64,3.5973333333333333,3.6826666666666665,False,131.51052723924994,True,0.6159498854580681,-1.2999999999999985,0.05963348337040057,-24.49019642943313,3.6366666666666663,-0.0033333333333338544,129.00637904060665,True,0.9829362318655748,2.5041481986432927,0.3328306184519642,,-1.7149260090016807,True,-0.8000000000000008,-1.1720148107907389
3.65,3.6073333333333335,3.6926666666666668,False,129.25125509628117,True,0.6860828109301793,-1.5999999999999979,0.052620516280595185,-25.576897903906488,3.6466666666666665,-0.0033333333333334103,128.21093605714609,True,0.9822575105567801,1.0403190391350847,0.1399075752678306,,-1.8220029658175463,True,-1.0999999999999999,-1.279091767606607
3.66,3.6173333333333333,3.7026666666666666,False,128.5068226458765,True,0.615949885458068,-1.7000000000000013,0.04960881671994129,-26.08882263449448,3.6566666666666663,-0.0033333333333338544,126.51471096095418,True,0.9909290622850341,1.992111684922321,0.27047768722382254,,-2.052573077773542,True,-1.2000000000000022,-1.5096618795626005
3.67,3.6273333333333335,3.712666666666667,False,129.25125509628117,True,0.42606232904328145,-1.5999999999999979,0.048304443062598214,-26.32025841651268,3.6666666666666665,-0.0033333333333334103,126.77655237879436,True,0.9880259981445711,2.4747027174868066,0.33468419529518245,pyin_probability_below_0.5,-2.016779585844896,False,-1.0999999999999999,-1.4738683876339542
3.68,3.6373333333333333,3.7226666666666666,False,129.25125509628117,True,0.3721358982975087,-1.5999999999999979,0.05062326692341484,-25.9129966300072,3.6766666666666663,-0.0033333333333338544,129.28947916912978,True,0.977440069537943,0.03822407284860674,-0.005119101798770714,pyin_probability_below_0.5,-1.6769762887509465,False,-1.0999999999999999,-1.1340650905400043
3.69,3.6473333333333335,3.732666666666667,False,129.25125509628117,True,0.32333605839064083,-1.5999999999999979,0.05041029353415413,-25.949615474013328,3.6866666666666665,-0.0033333333333334103,129.10849370866953,True,0.9783822330864135,0.14276138761164248,0.019132500431904197,pyin_probability_below_0.5,-1.7012278909816216,False,-1.0999999999999999,-1.1583166927706794
3.7,3.6573333333333333,3.7426666666666666,False,129.25125509628117,True,0.32333605839064083,-1.5999999999999979,0.053060315473675006,-25.50460344437913,3.6966666666666663,-0.0033333333333338544,129.29625402573478,True,0.9543710295586727,0.04499892945361239,-0.006026256442601221,pyin_probability_below_0.5,-1.676069134107114,False,-1.0999999999999999,-1.1331579358961732
3.71,3.667333333333333,3.752666666666667,False,128.5068226458765,True,0.3721358982975087,-1.7000000000000013,0.056000770682191094,-25.03611992390464,3.7066666666666666,-0.0033333333333334103,130.7610042093895,True,0.921933074377883,2.254181563513015,-0.30104886220439053,pyin_probability_below_0.5,-1.4810465283453287,False,-1.2000000000000022,-0.9381353301343873
3.72,3.6773333333333333,3.7626666666666666,False,127.76667781088264,True,0.42606232904328145,-1.800000000000001,0.06045132908891348,-24.371882925134273,3.7166666666666663,-0.0033333333333338544,129.60425010401735,True,0.9165023406862133,1.8375722931347127,-0.247216871426744,pyin_probability_below_0.5,-1.6348785191229727,False,-1.3000000000000027,-1.0919673209120315
3.73,3.687333333333333,3.772666666666667,False,127.76667781088264,True,0.4849868077159113,-1.800000000000001,0.06290321096753422,-24.026543698443113,3.7266666666666666,-0.0033333333333334103,127.28133121987635,True,0.9596675782183789,0.48534659100629085,0.06588952106684651,pyin_probability_below_0.5,-1.947984911616564,False,-1.3000000000000027,-1.4050737134056241
3.74,3.6973333333333334,3.7826666666666666,False,127.03079589645196,True,0.48498680771591135,-1.900000000000003,0.06454892363657026,-23.802219905316207,3.7366666666666664,-0.0033333333333338544,127.21208025320149,True,0.9689256778021629,0.18128435674952925,-0.02468865274885921,pyin_probability_below_0.5,-1.9574067378008606,False,-1.4000000000000046,-1.4144955395899204
3.75,3.707333333333333,3.792666666666667,False,127.03079589645196,True,0.6159498854580681,-1.900000000000003,0.0646951042281814,-23.782571662401356,3.7466666666666666,-0.0033333333333334103,127.12113562732141,True,0.9711387397973102,0.09033973086944513,-0.01230753775617206,,-1.9697878527935455,True,-1.4000000000000046,-1.4268766545826062
3.76,3.7173333333333334,3.8026666666666666,False,126.29915234996876,True,0.6860828109301793,-2.0000000000000004,0.06568816759597931,-23.65025705646562,3.7566666666666664,-0.0033333333333334103,126.63881938536659,True,0.9742697400751744,0.3396670353978237,-0.04649705115240267,,-2.035598339397314,True,-1.5000000000000022,-1.492687141186374
3.77,3.727333333333333,3.812666666666667,False,126.29915234996876,True,0.7571601330199094,-2.0000000000000004,0.06517058657424814,-23.718967401535682,3.7666666666666666,-0.0033333333333334103,125.89026380198023,True,0.9869733401192895,0.40888854798853913,0.0561389456896922,,-2.1382343362394103,True,-1.5000000000000022,-1.595323138028468
3.78,3.7373333333333334,3.8226666666666667,False,126.29915234996876,True,0.8266685594724995,-2.0000000000000004,0.06288339883688007,-24.029279855845672,3.7766666666666664,-0.0033333333333334103,125.47190089981585,True,0.9948072531834969,0.8272514501529145,0.11376772771029137,,-2.195863118260009,True,-1.5000000000000022,-1.6529519200490679
3.79,3.747333333333333,3.832666666666667,False,127.03079589645196,True,0.8266685594724996,-1.900000000000003,0.061089146336549376,-24.280718873662437,3.7866666666666666,-0.0033333333333334103,125.97394122377543,True,0.9905414271676484,1.0568546726765362,0.14463550818731363,,-2.1267308987370335,True,-1.4000000000000046,-1.5838197005260923
3.8,3.7573333333333334,3.8426666666666667,False,127.03079589645196,True,0.7571601330199094,-1.900000000000003,0.05819486899840178,-24.70230610216188,3.7966666666666664,-0.0033333333333334103,126.47694260096833,True,0.9802892707868118,0.5538532954836342,0.07564670132765342,,-2.0577420918773717,True,-1.4000000000000046,-1.5148308936664319
3.81,3.767333333333333,3.8526666666666665,False,127.76667781088264,True,0.6860828109301794,-1.800000000000001,0.056054042979212154,-25.02786115638841,3.8066666666666666,-0.0033333333333334103,127.45601755381816,True,0.9751793904728915,0.31066025706448386,0.04214561558241107,,-1.9242410061321278,True,-1.3000000000000027,-1.381329807921188
3.82,3.7773333333333334,3.8626666666666667,False,128.5068226458765,True,0.6159498854580681,-1.7000000000000013,0.05346888665822798,-25.437977175753424,3.8166666666666664,-0.0033333333333334103,129.22526085464366,True,0.9797857296667838,0.7184382087671679,-0.09651789516052292,,-1.6855774953891953,True,-1.2000000000000022,-1.1426662971782542
3.83,3.787333333333333,3.8726666666666665,False,130.0,True,0.42606232904328145,-1.5000000000000004,0.051542970589455575,-25.756611105135264,3.8266666666666667,-0.0033333333333334103,130.25303726763235,True,0.9785405362748222,0.2530372676323509,-0.03366468849274705,pyin_probability_below_0.5,-1.5484307020569714,False,-1.0000000000000013,-1.005519503846031
3.84,3.7973333333333334,3.8826666666666667,False,132.2723599733492,True,0.32333605839064083,-1.2000000000000042,0.050326095511190966,-25.964135250083057,3.8366666666666664,-0.0033333333333334103,130.7151031586057,True,0.9726340406508484,1.5572568147435106,0.2050293576085786,pyin_probability_below_0.5,-1.4871247481583019,False,-0.7000000000000042,-0.9442135499473601
3.85,3.8073333333333332,3.8926666666666665,False,134.5844400993791,True,0.20650679911775227,-0.8999999999999986,0.05155627679917487,-25.75436906607694,3.8466666666666667,-0.0033333333333334103,131.62573445830486,True,0.9746578559736928,2.958705641074232,0.3848405026518448,pyin_probability_below_0.5,-1.3669358932015607,False,-0.4000000000000008,-0.8240246949906198
3.86,3.8173333333333335,3.9026666666666667,False,137.7302022667084,True,0.12793708630129036,-0.4999999999999981,0.05206447698073917,-25.669169800051357,3.8566666666666665,-0.0033333333333334103,133.9774735773083,True,0.9634014988770203,3.752728689400101,0.4782540520652413,pyin_probability_below_0.5,-1.0603494426149576,False,0.0,-0.5174382444040162
3.87,3.8273333333333333,3.9126666666666665,False,140.13768379557115,True,0.12793708630129036,-0.20000000000000362,0.055365858131833375,-25.135159288753847,3.8666666666666663,-0.0033333333333338544,136.93576428810744,True,0.9535586842784376,3.201919507463714,0.40014796744167225,pyin_probability_below_0.5,-0.6822433579913938,False,0.29999999999999455,-0.13933215978045183
3.88,3.8373333333333335,3.9226666666666667,False,141.7660052464835,True,0.20650679911775227,0.0,0.0565141702671379,-24.956852885299654,3.8766666666666665,-0.0033333333333334103,140.13610887713705,True,0.9616687490109662,1.6298963693464543,0.20019456349390874,pyin_probability_below_0.5,-0.2822899540436265,False,0.49999999999999706,0.26062124416731547
3.89,3.8473333333333333,3.9326666666666665,False,142.58724736030138,True,0.32333605839064083,0.10000000000000017,0.05770370095738668,-24.7759266298401,3.8866666666666663,-0.0033333333333338544,142.12854091095502,True,0.9677262797434819,0.4587064493463515,0.055783974296016337,pyin_probability_below_0.5,-0.03787936484573483,False,0.5999999999999976,0.5050318333652059
3.9,3.8573333333333335,3.9426666666666668,False,144.24403136881983,True,0.42606232904328145,0.2999999999999983,0.05828850920167075,-24.688341042785073,3.8966666666666665,-0.0033333333333334103,143.73201178355964,True,0.9394014619084636,0.512019585260191,0.061562528894026865,pyin_probability_below_0.5,0.1563420805562551,False,0.7999999999999965,0.6992532787671946
3.91,3.8673333333333333,3.9526666666666666,False,145.07962854192903,True,0.48498680771591135,0.39999999999999736,0.0581262337013285,-24.71255632625715,3.9066666666666663,-0.0033333333333338544,144.6654311550885,True,0.927222615754963,0.4141973868405273,0.04949683065093072,pyin_probability_below_0.5,0.26840777879935124,False,0.8999999999999985,0.8113189770102935
3.92,3.8773333333333335,3.962666666666667,False,145.07962854192903,True,0.48498680771591135,0.39999999999999736,0.05742072881287739,-24.818625990394484,3.9166666666666665,-0.0033333333333334103,145.121601208026,True,0.9475021221236652,0.04197266609696726,-0.005007870521186812,pyin_probability_below_0.5,0.3229124799714679,False,0.8999999999999985,0.8658236781824111
3.93,3.8873333333333333,3.9726666666666666,False,145.9200662802185,True,0.48498680771591135,0.5000000000000008,0.05646740922421327,-24.964042752589954,3.9266666666666663,-0.0033333333333338544,146.1165678022644,True,0.9663260860415623,0.19650152204590654,-0.02329777413497138,pyin_probability_below_0.5,0.4412023835852512,False,0.9999999999999971,0.9841135817961939
3.94,3.8973333333333335,3.982666666666667,False,145.9200662802185,True,0.5485250542599845,0.5000000000000008,0.0542796140106145,-25.307264986515804,3.9366666666666665,-0.0033333333333334103,147.24764304388648,True,0.9728404453339896,1.3275767636679916,-0.15679501754712982,,0.5746996269974132,True,0.9999999999999971,1.117610825208354
3.95,3.9073333333333333,3.9926666666666666,False,146.76537262479707,True,0.6159498854580678,0.6000000000000013,0.0492477244457256,-26.15227663672687,3.9466666666666663,-0.0033333333333338544,148.1261148463297,True,0.9485469597363871,1.3607422215326324,-0.15977266799991313,,0.6776772774501961,True,1.099999999999998,1.2205884756611378
3.96,3.917333333333333,4.002666666666666,False,146.76537262479707,True,0.6159498854580678,0.6000000000000013,0.04480394277114891,-26.9736753234262,3.9566666666666666,-0.0033333333333334103,149.98895578931254,True,0.8928539344602275,3.2235831645154747,-0.3761358084417621,,0.8940404178920458,True,1.099999999999998,1.4369516161029863
3.97,3.9273333333333333,4.012666666666667,False,147.61557577921405,True,0.5485250542599844,0.699999999999998,0.03962555451038068,-28.04049294640448,3.9666666666666663,-0.0033333333333338544,148.36712400406347,True,0.8704691621421479,0.7515482248494152,-0.0879178866579405,,0.7058224961082216,True,1.199999999999996,1.2487336943191654
3.98,3.937333333333333,4.022666666666667,False,148.4707041104003,True,0.48498680771591135,0.8000000000000002,0.0356103829887092,-28.96846710950364,3.9766666666666666,-0.0033333333333334103,145.98876494809508,True,0.907304755623615,2.481939162305224,0.2918513273717141,pyin_probability_below_0.5,0.42605328207856563,False,1.2999999999999994,0.9689644802895074
3.99,3.9473333333333334,4.032666666666667,False,148.4707041104003,True,0.37213589829750876,0.8000000000000002,0.03079462849553447,-30.23050061686995,3.9866666666666664,-0.0033333333333338544,143.93635569407516,True,0.9255369594850874,4.534348416325145,0.53696704081806,pyin_probability_below_0.5,0.18093756863221988,False,1.2999999999999994,0.723848766843163
4.0,3.957333333333333,4.042666666666666,False,145.07962854192903,True,0.42606232904328145,0.39999999999999736,0.0256057248177014,-31.83325852283831,3.9966666666666666,-0.0033333333333334103,145.68078959614851,True,0.8669982192740322,0.6011610542194887,-0.07158828396864131,pyin_probability_below_0.5,0.3894928934189231,False,0.8999999999999985,0.9324040916298638
4.01,3.9673333333333334,4.052666666666667,False,145.9200662802185,True,0.5485250542599844,0.5000000000000008,0.019770632764947723,-34.07958861481157,4.006666666666667,-0.0033333333333329662,,False,0.0,,,voicing_disagreement,,False,0.9999999999999971,
4.02,3.977333333333333,4.062666666666667,False,144.24403136881983,True,0.24075439447557434,0.2999999999999983,0.011676295232891975,-38.65389864984549,4.016666666666667,-0.0033333333333329662,,False,0.0,,,pyin_probability_below_0.5|voicing_disagreement,,False,0.7999999999999965,
4.03,3.9873333333333334,4.072666666666667,False,145.9200662802185,True,0.026168028608935752,0.5000000000000008,0.005996235549799691,-44.442426302436104,4.026666666666666,-0.0033333333333338544,,False,0.0,,,pyin_probability_below_0.5|voicing_disagreement,,False,0.9999999999999971,
4.04,3.997333333333333,4.082666666666666,False,142.58724736030138,True,0.010824463728234167,0.10000000000000017,0.003531035661728224,-49.04195792507012,4.036666666666666,-0.0033333333333338544,,False,0.0,,,pyin_probability_below_0.5|voicing_disagreement,,False,0.5999999999999976,
4.05,4.007333333333333,4.092666666666666,False,139.33055012971812,True,0.010037765502929688,-0.30000000000000004,0.002481451087672579,-52.10588561677422,4.046666666666667,-0.0033333333333329662,,False,0.0,,,pyin_probability_below_0.5|voicing_disagreement,,False,0.19999999999999687,
4.06,4.017333333333333,4.102666666666667,False,141.7660052464835,True,0.010349055133375846,0.0,0.0022088432827524697,-53.116701923859125,4.056666666666667,-0.0033333333333329662,,False,0.0,,,pyin_probability_below_0.5|voicing_disagreement,,False,0.49999999999999706,
4.07,4.027333333333333,4.112666666666667,False,140.9494931391844,True,0.011853505394683413,-0.10000000000000067,0.0016406757500865635,-55.699544818456786,4.066666666666666,-0.0033333333333338544,,False,0.0,,,pyin_probability_below_0.5|voicing_disagreement,,False,0.39999999999999736,
4.08,4.037333333333334,4.1226666666666665,False,140.9494931391844,True,0.013100262550513393,-0.10000000000000067,0.00132291678585884,-57.5693494590908,4.076666666666666,-0.0033333333333338544,,False,0.0,,,pyin_probability_below_0.5|voicing_disagreement,,False,0.39999999999999736,
4.09,4.0473333333333334,4.132666666666666,False,141.7660052464835,True,0.015085587297504336,0.0,0.0011489844258854734,-58.79371715987815,4.086666666666667,-0.0033333333333329662,,False,0.0,,,pyin_probability_below_0.5|voicing_disagreement,,False,0.49999999999999706,
4.1,4.057333333333333,4.142666666666667,False,143.41324688128702,True,0.010191075496968311,0.19999999999999687,0.0008682902203591972,-61.22670180905129,4.096666666666667,-0.0033333333333329662,,False,0.0,,,pyin_probability_below_0.5|voicing_disagreement,,False,0.6999999999999943,
4.11,4.067333333333333,4.152666666666667,False,,False,0.010001873046012553,,0.0005119497034036023,-65.81545408545408,4.1066666666666665,-0.0033333333333338544,,False,0.0,,,,,False,,
4.12,4.077333333333334,4.1626666666666665,False,,False,0.010001873046012551,,0.0004263772176082324,-67.40412017584742,4.116666666666666,-0.0033333333333338544,,False,0.0,,,,,False,,
4.13,4.0873333333333335,4.172666666666666,False,,False,0.010006178555334078,,0.00031547490169470447,-70.02070372611945,4.126666666666666,-0.0033333333333338544,,False,0.0,,,,,False,,
4.14,4.097333333333333,4.182666666666667,False,,False,0.010000516719604524,,0.0002654068940319075,-71.52175600764346,4.136666666666667,-0.0033333333333329662,,False,0.0,,,,,False,,
4.15,4.107333333333333,4.192666666666667,False,,False,0.010000516719604526,,0.000222126287438433,-73.06800084038682,4.1466666666666665,-0.0033333333333338544,,False,0.0,,,,,False,,
4.16,4.117333333333334,4.2026666666666666,False,,False,0.010001232964986121,,0.00019281445724937741,-74.29720811527856,4.156666666666666,-0.0033333333333338544,,False,0.0,,,,,False,,
4.17,4.1273333333333335,4.212666666666666,False,,False,0.01000617855533408,,0.00015921934734782614,-75.96008321238494,4.166666666666666,-0.0033333333333338544,,False,0.0,,,,,False,,
4.18,4.137333333333333,4.222666666666667,False,,False,0.010052967545965857,,0.00014854606383455382,-76.56277703238392,4.176666666666667,-0.0033333333333329662,,False,0.0,,,,,False,,
4.19,4.147333333333333,4.232666666666667,False,,False,0.010073751764282882,,0.00014422806746703282,-76.81900431245597,4.1866666666666665,-0.0033333333333338544,,False,0.0,,,,,False,,
4.2,4.157333333333334,4.242666666666667,False,,False,0.010140046044704068,,0.00013502997827813192,-77.39139604411011,4.196666666666666,-0.0033333333333338544,,False,0.0,,,,,False,,
4.21,4.167333333333334,4.252666666666666,False,,False,0.010013068846238976,,0.00012048232313350711,-78.38153334040803,4.206666666666666,-0.0033333333333338544,,False,0.0,,,,,False,,
4.22,4.177333333333333,4.262666666666667,False,,False,0.010018764509769138,,0.00011011325359231645,-79.16320809548026,4.216666666666667,-0.0033333333333329662,,False,0.0,,,,,False,,
4.23,4.187333333333333,4.272666666666667,False,,False,0.010000802780927251,,0.00010106698271746197,-79.90781399314113,4.226666666666667,-0.0033333333333338544,,False,0.0,,,,,False,,
4.24,4.197333333333333,4.282666666666667,False,,False,0.010000802780927258,,9.597584247901249e-05,-80.35676133885968,4.236666666666666,-0.0033333333333338544,,False,0.0,,,,,False,,
4.25,4.207333333333334,4.292666666666666,False,,False,0.0100000001014294,,8.874296942660746e-05,-81.0373208691587,4.246666666666666,-0.0033333333333338544,,False,0.0,,,,,False,,
4.26,4.217333333333333,4.302666666666667,False,,False,0.010000000021701592,,8.427481311842108e-05,-81.48604403730349,4.256666666666667,-0.0033333333333329662,,False,0.0,,,,,False,,
4.27,4.227333333333333,4.312666666666667,False,,False,0.01000000000000011,,8.227203014554567e-05,-81.69495571812075,4.266666666666667,-0.0033333333333329662,,False,0.0,,,,,False,,
4.28,4.237333333333333,4.322666666666667,False,,False,0.0100000000000754,,8.596700863081937e-05,-81.31336370037063,4.276666666666666,-0.0033333333333338544,,False,0.0,,,,,False,,
4.29,4.247333333333334,4.332666666666666,False,,False,0.010000000000613858,,8.387997980993661e-05,-81.52683365484302,4.286666666666666,-0.0033333333333338544,,False,0.0,,,,,False,,
4.3,4.257333333333333,4.342666666666666,False,,False,0.01000000000950597,,8.53458592599778e-05,-81.3763508955933,4.296666666666667,-0.0033333333333329662,,False,0.0,,,,,False,,
4.31,4.267333333333333,4.352666666666667,False,,False,0.010000000047726025,,8.348600270127224e-05,-81.56772664821304,4.306666666666667,-0.0033333333333329662,,False,0.0,,,,,False,,
4.32,4.277333333333333,4.362666666666667,False,,False,0.010000000208892742,,8.572996375262872e-05,-81.33734719793392,4.316666666666666,-0.0033333333333338544,,False,0.0,,,,,False,,
4.33,4.287333333333334,4.3726666666666665,False,,False,0.010000000208892744,,8.453073479202113e-05,-81.45970711717852,4.326666666666666,-0.0033333333333338544,,False,0.0,,,,,False,,
4.34,4.2973333333333334,4.382666666666666,False,,False,0.010000016226422836,,8.535784706693889e-05,-81.37513094822745,4.336666666666667,-0.0033333333333329662,,False,0.0,,,,,False,,
4.35,4.307333333333333,4.392666666666667,False,,False,0.010000002871100368,,8.111559295213375e-05,-81.81791305581683,4.346666666666667,-0.0033333333333329662,,False,0.0,,,,,False,,
4.36,4.317333333333333,4.402666666666667,False,,False,0.010000000417925078,,7.284536249819991e-05,-82.75196182380967,4.3566666666666665,-0.0033333333333338544,,False,0.0,,,,,False,,
4.37,4.327333333333334,4.4126666666666665,False,,False,0.010000000021701592,,7.14237760290252e-05,-82.92314386549731,4.366666666666666,-0.0033333333333338544,,False,0.0,,,,,False,,
4.38,4.3373333333333335,4.422666666666666,False,,False,0.010000000208892745,,7.533876200263315e-05,-82.45963041157525,4.376666666666667,-0.0033333333333329662,,False,0.0,,,,,False,,
4.39,4.347333333333333,4.432666666666667,False,,False,0.01000000002170159,,7.57901125657059e-05,-82.40774895813446,4.386666666666667,-0.0033333333333329662,,False,0.0,,,,,False,,
4.4,4.357333333333333,4.442666666666667,False,,False,0.010000000101429398,,7.627755227402663e-05,-82.35206503589228,4.3966666666666665,-0.0033333333333338544,,False,0.0,,,,,False,,
4.41,4.367333333333334,4.4526666666666666,False,,False,0.010000000101429398,,8.186059468793844e-05,-81.73850209370455,4.406666666666666,-0.0033333333333338544,,False,0.0,,,,,False,,
4.42,4.3773333333333335,4.462666666666666,False,,False,0.010000000021701592,,8.552284134462494e-05,-81.35835757792356,4.416666666666666,-0.0033333333333338544,,False,0.0,,,,,False,,
4.43,4.387333333333333,4.472666666666667,False,,False,0.010000000417925075,,9.18725507417948e-05,-80.73628451483566,4.426666666666667,-0.0033333333333329662,,False,0.0,,,,,False,,
4.44,4.397333333333333,4.482666666666667,False,,False,0.010000005216229447,,0.00010154728420150616,-79.86663373904297,4.4366666666666665,-0.0033333333333338544,,False,0.0,,,,,False,,
4.45,4.407333333333334,4.492666666666667,False,,False,0.010000206339031339,,0.00010628656401785478,-79.47043264776725,4.446666666666666,-0.0033333333333338544,,False,0.0,,,,,False,,
4.46,4.417333333333334,4.502666666666666,False,,False,0.01000123296498612,,0.00010318099439954266,-79.7280058192032,4.456666666666666,-0.0033333333333338544,,False,0.0,,,,,False,,
4.47,4.427333333333333,4.512666666666667,False,,False,0.010000802780927255,,0.00010421592179171504,-79.64131851553795,4.466666666666667,-0.0033333333333329662,,False,0.0,,,,,False,,
4.48,4.437333333333333,4.522666666666667,False,,False,0.010000802780927255,,0.00010159429424465764,-79.86261364569617,4.476666666666667,-0.0033333333333338544,,False,0.0,,,,,False,,
4.49,4.447333333333333,4.532666666666667,False,,False,0.01000012784523254,,0.00010192052656996774,-79.83476682461708,4.486666666666666,-0.0033333333333338544,,False,0.0,,,,,False,,
4.5,4.457333333333334,4.542666666666666,False,,False,0.010000016226422834,,9.616518147243904e-05,-80.33964289013296,4.496666666666666,-0.0033333333333338544,,False,0.0,,,,,False,,
4.51,4.467333333333333,4.552666666666667,False,,False,0.010000001546554296,,9.506774545129926e-05,-80.43933610679497,4.506666666666667,-0.0033333333333329662,,False,0.0,,,,,False,,
4.52,4.477333333333333,4.562666666666667,False,,False,0.010000078102280324,,8.468525903104379e-05,-81.4438435947146,4.516666666666667,-0.0033333333333329662,,False,0.0,,,,,False,,
4.53,4.487333333333333,4.572666666666667,False,,False,0.01000000928748663,,8.678174276903369e-05,-81.23143265053976,4.526666666666666,-0.0033333333333338544,,False,0.0,,,,,False,,
4.54,4.497333333333334,4.582666666666666,False,,False,0.010000047007977299,,8.449037764275713e-05,-81.46385497475947,4.536666666666666,-0.0033333333333338544,,False,0.0,,,,,False,,
4.55,4.507333333333333,4.592666666666666,False,,False,0.010000016226422834,,8.502556092562732e-05,-81.40900988567579,4.546666666666667,-0.0033333333333329662,,False,0.0,,,,,False,,
4.56,4.517333333333333,4.602666666666667,False,,False,0.010000206339031339,,8.762134172115931e-05,-81.14780201753388,4.556666666666667,-0.0033333333333329662,,False,0.0,,,,,False,,
4.57,4.527333333333333,4.612666666666667,False,,False,0.01002672467381077,,8.824837538224792e-05,-81.08586562113015,4.566666666666666,-0.0033333333333338544,,False,0.0,,,,,False,,
4.58,4.537333333333334,4.6226666666666665,False,,False,0.010349055133375844,,8.648911231135912e-05,-81.26077120578033,4.576666666666666,-0.0033333333333338544,,False,0.0,,,,,False,,
4.59,4.5473333333333334,4.632666666666666,False,,False,0.013100262550513395,,8.855188278636849e-05,-81.05604400849843,4.586666666666667,-0.0033333333333329662,,False,0.0,,,,,False,,
4.6,4.557333333333333,4.642666666666667,False,,False,0.011853505394683413,,8.283664739233053e-05,-81.63554972827927,4.596666666666667,-0.0033333333333329662,,False,0.0,,,,,False,,
4.61,4.567333333333333,4.652666666666667,False,,False,0.010622609040911536,,7.623133474482868e-05,-82.35732952084257,4.6066666666666665,-0.0033333333333338544,,False,0.0,,,,,False,,
4.62,4.577333333333334,4.6626666666666665,False,,False,0.010191075496968313,,6.802746810146694e-05,-83.34631385288156,4.616666666666666,-0.0033333333333338544,,False,0.0,,,,,False,,
4.63,4.5873333333333335,4.672666666666666,False,,False,0.010622609040911533,,6.410046559062302e-05,-83.86277631985638,4.626666666666667,-0.0033333333333329662,,False,0.0,,,,,False,,
4.64,4.597333333333333,4.682666666666667,False,,False,0.010009025493342988,,5.724429587729995e-05,-84.8453556443668,4.636666666666667,-0.0033333333333329662,,False,0.0,,,,,False,,
4.65,4.607333333333333,4.692666666666667,False,,False,0.010000802780927253,,5.0072442711660474e-05,-86.00802443312888,4.6466666666666665,-0.0033333333333338544,,False,0.0,,,,,False,,
4.66,4.617333333333334,4.693333333333333,True,,False,0.010000027850262286,,4.721494778438757e-05,-86.51840972538713,4.656666666666666,-0.0033333333333338544,,False,0.0,,,edge_window,,False,,
4.67,4.6273333333333335,4.693333333333333,True,,False,0.010000000101429398,,4.388786182627279e-05,-87.1531115408453,4.666666666666666,-0.0033333333333338544,,False,0.0,,,edge_window,,False,,
4.68,4.637333333333333,4.693333333333333,True,,False,0.010000000009505967,,3.9411213043271195e-05,-88.08760395435431,,,,,,,,edge_window,,False,,
4.69,4.647333333333333,4.693333333333333,True,,False,0.01000000000061386,,3.7980754119786384e-05,-88.40872832920462,,,,,,,,edge_window,,False,,
