timestamp_s,window_start_s,window_end_s,edge_padded,f0_hz,voiced,voicing_probability,relative_pitch_semitones,rms_amplitude,rms_dbfs,praat_timestamp_s,praat_time_offset_s,praat_f0_hz,praat_voiced,praat_strength,absolute_difference_hz,signed_difference_semitones,flags,praat_relative_semitones,agreement_screen_pass,pyin_speaker_relative_st,praat_speaker_relative_st
0.0,0.0,0.042666666666666665,True,,False,0.010000000000613862,,0.00022593126253277724,-72.92047341558259,,,,,,,,edge_window,,False,,
0.01,0.0,0.05266666666666667,True,,False,0.010000000001606035,,0.00022818301753840258,-72.8343336193736,,,,,,,,edge_window,,False,,
0.02,0.0,0.06266666666666666,True,,False,0.010000000003996623,,0.00021481975923211803,-73.35851549010084,0.023666666666666388,0.0036666666666663877,,False,0.0,,,edge_window,,False,,
0.03,0.0,0.07266666666666667,True,,False,0.010000000101429396,,0.0002221298560052619,-73.06786129846668,0.03366666666666639,0.0036666666666663877,,False,0.0,,,edge_window,,False,,
0.04,0.0,0.08266666666666667,True,,False,0.010000002871100368,,0.0002139480158257102,-73.39383473699579,0.04366666666666639,0.0036666666666663877,,False,0.0,,,edge_window,,False,,
0.05,0.007333333333333333,0.09266666666666666,False,,False,0.010000005216229449,,0.0002295811222737959,-72.7812765092252,0.05366666666666639,0.0036666666666663877,,False,0.0,,,,,False,,
0.06,0.017333333333333333,0.10266666666666667,False,,False,0.010000005216229449,,0.0002582023678249011,-71.76079558774569,0.06366666666666639,0.0036666666666663877,,False,0.0,,,,,False,,
0.07,0.027333333333333334,0.11266666666666666,False,,False,0.010000027850262284,,0.00028498710408481125,-70.90349583502419,0.0736666666666664,0.0036666666666663877,,False,0.0,,,,,False,,
0.08,0.037333333333333336,0.12266666666666666,False,,False,0.010000078102280324,,0.00030525362988786145,-70.30678325980605,0.08366666666666639,0.0036666666666663877,,False,0.0,,,,,False,,
0.09,0.04733333333333333,0.13266666666666665,False,,False,0.01000032860450166,,0.0003134434572885003,-70.07681582089711,0.0936666666666664,0.0036666666666664016,,False,0.0,,,,,False,,
0.1,0.05733333333333333,0.14266666666666666,False,,False,0.010000802780927255,,0.000325924389130859,-69.73766279569035,0.1036666666666664,0.0036666666666663877,,False,0.0,,,,,False,,
0.11,0.06733333333333333,0.15266666666666667,False,,False,0.010001873046012551,,0.00035528240376861967,-68.9885260295228,0.11366666666666639,0.0036666666666663877,,False,0.0,,,,,False,,
0.12,0.07733333333333334,0.16266666666666665,False,,False,0.010009025493342986,,0.0003695558731878394,-68.64639782561439,0.1236666666666664,0.0036666666666664016,,False,0.0,,,,,False,,
0.13,0.08733333333333333,0.17266666666666666,False,,False,0.010009025493342986,,0.0003799698071056662,-68.40501823231435,0.13366666666666638,0.003666666666666374,,False,0.0,,,,,False,,
0.14,0.09733333333333333,0.18266666666666667,False,,False,0.010000127845232541,,0.00038110864955115723,-68.37902388943672,0.1436666666666664,0.003666666666666374,,False,0.0,,,,,False,,
0.15,0.10733333333333334,0.19266666666666668,False,,False,0.010000455539335153,,0.0003761259948373706,-68.49333301119563,0.1536666666666664,0.0036666666666664016,,False,0.0,,,,,False,,
0.16,0.11733333333333333,0.20266666666666666,False,,False,0.010000127845232541,,0.00035398375057110737,-69.02033347130765,0.1636666666666664,0.0036666666666664016,,False,0.0,,,,,False,,
0.17,0.12733333333333333,0.21266666666666667,False,,False,0.010000016226422834,,0.00035658334146127576,-68.95677899328811,0.17366666666666639,0.003666666666666374,,False,0.0,,,,,False,,
0.18,0.13733333333333334,0.22266666666666668,False,,False,6.286166190174526e-10,,0.0003506066601690198,-69.1035967650053,0.1836666666666664,0.0036666666666664016,,False,0.0,,,,,False,,
0.19,0.14733333333333334,0.23266666666666666,False,,False,1.0089477179523193e-10,,0.00032769850957104467,-69.69051067717659,0.1936666666666664,0.0036666666666664016,,False,0.0,,,,,False,,
0.2,0.15733333333333333,0.24266666666666667,False,,False,0.010000001544838117,,0.00031475478668814354,-70.04055313122073,0.20366666666666638,0.003666666666666374,,False,0.0,,,,,False,,
0.21,0.16733333333333333,0.25266666666666665,False,,False,0.010000041444833388,,0.00030033133315499186,-70.44798712182481,0.2136666666666664,0.0036666666666664016,,False,0.0,,,,,False,,
0.22,0.17733333333333334,0.26266666666666666,False,,False,0.01000000041792422,,0.0002635697712386984,-71.5820880072839,0.2236666666666664,0.0036666666666664016,,False,0.0,,,,,False,,
0.23,0.18733333333333332,0.27266666666666667,False,,False,0.01000000002883253,,0.00025812838660811997,-71.76328466159275,0.23366666666666638,0.003666666666666374,,False,0.0,,,,,False,,
0.24,0.19733333333333333,0.2826666666666667,False,,False,0.010000016226422841,,0.00025634244079052724,-71.82358969642917,0.2436666666666664,0.0036666666666664016,,False,0.0,,,,,False,,
0.25,0.20733333333333334,0.2926666666666667,False,,False,0.01000000046137848,,0.00024114999192418913,-72.35425496572151,0.2536666666666664,0.003666666666666374,,False,0.0,,,,,False,,
0.26,0.21733333333333332,0.30266666666666664,False,,False,0.010000000490052787,,0.00022162824810626134,-73.08749772952032,0.2636666666666664,0.003666666666666374,,False,0.0,,,,,False,,
0.27,0.22733333333333333,0.31266666666666665,False,,False,0.01000000521288125,,0.0002431663803675688,-72.28192939638573,0.2736666666666664,0.003666666666666374,,False,0.0,,,,,False,,
0.28,0.23733333333333334,0.32266666666666666,False,,False,4.6510095284661e-09,,0.0002536652676844198,-71.91477986215752,0.2836666666666664,0.003666666666666374,,False,0.0,,,,,False,,
0.29,0.24733333333333332,0.33266666666666667,False,,False,0.01000000000061386,,0.0002451221286989951,-72.21234961028621,0.2936666666666664,0.0036666666666664294,,False,0.0,,,,,False,,
0.3,0.25733333333333336,0.3426666666666667,False,,False,0.01000000000061386,,0.000248209657809121,-72.10362648320775,0.3036666666666664,0.0036666666666664294,,False,0.0,,,,,False,,
0.31,0.2673333333333333,0.3526666666666667,False,,False,0.010000000000221913,,0.00026014864933019956,-71.69556849164672,0.31366666666666637,0.003666666666666374,,False,0.0,,,,,False,,
0.32,0.2773333333333333,0.3626666666666667,False,,False,0.010000000001606037,,0.000260778052351643,-71.67457925141485,0.3236666666666664,0.003666666666666374,,False,0.0,,,,,False,,
0.33,0.28733333333333333,0.37266666666666665,False,,False,0.010000000009505967,,0.0002610900077366685,-71.6641949777783,0.3336666666666664,0.003666666666666374,,False,0.0,,,,,False,,
0.34,0.29733333333333334,0.38266666666666665,False,,False,4.7224064255851316e-12,,0.0002601687508856464,-71.69489736324633,0.3436666666666664,0.003666666666666374,,False,0.0,,,,,False,,
0.35,0.30733333333333335,0.39266666666666666,False,,False,0.01000000000160586,,0.00024373936087721654,-72.26148663982194,0.3536666666666664,0.0036666666666664294,,False,0.0,,,,,False,,
0.36,0.31733333333333336,0.4026666666666667,False,,False,0.010000078102280324,,0.00022296968742261387,-73.03508349956671,0.3636666666666664,0.0036666666666664294,,False,0.0,,,,,False,,
0.37,0.3273333333333333,0.4126666666666667,False,,False,0.010000027850262286,,0.00023296606369511787,-72.65414676603469,0.3736666666666664,0.0036666666666664294,,False,0.0,,,,,False,,
0.38,0.3373333333333333,0.4226666666666667,False,,False,0.01000032860450166,,0.00023501639037302942,-72.57803696730238,0.3836666666666664,0.003666666666666374,,False,0.0,,,,,False,,
0.39,0.3473333333333333,0.43266666666666664,False,,False,0.010004191052795269,,0.00024814186048660825,-72.10599931795512,0.3936666666666664,0.003666666666666374,,False,0.0,,,,,False,,
0.4,0.35733333333333334,0.44266666666666665,False,,False,0.010006178555334078,,0.0002600813415112835,-71.69781606791275,0.4036666666666664,0.003666666666666374,,False,0.0,,,,,False,,
0.41,0.36733333333333335,0.45266666666666666,False,,False,0.010004191052795269,,0.0002768309733636025,-71.15570640508932,0.4136666666666664,0.0036666666666664294,,False,0.0,,,,,False,,
0.42,0.37733333333333335,0.46266666666666667,False,,False,0.010073751764282884,,0.0003002749256881328,-70.44961863673537,0.4236666666666664,0.0036666666666664294,,False,0.0,,,,,False,,
0.43,0.3873333333333333,0.4726666666666667,False,,False,0.011085791888943373,,0.0003092240257438309,-70.19453540227966,0.4336666666666664,0.0036666666666664294,,False,0.0,,,,,False,,
0.44,0.3973333333333333,0.4826666666666667,False,,False,0.010824463728234167,,0.0003232667566902918,-69.80877907994822,0.4436666666666664,0.003666666666666374,,False,0.0,,,,,False,,
0.45,0.4073333333333333,0.49266666666666664,False,,False,0.010824463728234167,,0.00032555653207454833,-69.74747172801445,0.4536666666666664,0.003666666666666374,,False,0.0,,,,,False,,
0.46,0.41733333333333333,0.5026666666666667,False,,False,0.010824463728234167,,0.0003176014690324697,-69.96234994912932,0.4636666666666664,0.003666666666666374,,False,0.0,,,,,False,,
0.47,0.42733333333333334,0.5126666666666667,False,,False,0.010349055133375843,,0.00030270071993825846,-70.37973092247137,0.4736666666666664,0.0036666666666664294,,False,0.0,,,,,False,,
0.48,0.43733333333333335,0.5226666666666666,False,,False,0.010259050559778863,,0.0002997011632483141,-70.46623142795107,0.4836666666666664,0.0036666666666664294,,False,0.0,,,,,False,,
0.49,0.44733333333333336,0.5326666666666666,False,,False,0.010191075496968311,,0.0002840973219152813,-70.93065720395715,0.4936666666666664,0.0036666666666664294,,False,0.0,,,,,False,,
0.5,0.4573333333333333,0.5426666666666666,False,,False,0.010009025493342986,,0.0002558363558223101,-71.84075479440314,0.5036666666666664,0.003666666666666374,,False,0.0,,,,,False,,
0.51,0.4673333333333333,0.5526666666666666,False,,False,0.010000078102280326,,0.00025636328425340235,-71.82288346667801,0.5136666666666664,0.003666666666666374,,False,0.0,,,,,False,,
0.52,0.47733333333333333,0.5626666666666666,False,,False,0.010000016226422836,,0.00024963461317914997,-72.05390395106612,0.5236666666666664,0.003666666666666374,,False,0.0,,,,,False,,
0.53,0.48733333333333334,0.5726666666666667,False,,False,0.010000002871100368,,0.0002436063926569512,-72.26622638488745,0.5336666666666664,0.003666666666666374,,False,0.0,,,,,False,,
0.54,0.49733333333333335,0.5826666666666667,False,,False,0.010000047007977299,,0.0002409108551966614,-72.3628726139147,0.5436666666666664,0.003666666666666374,,False,0.0,,,,,False,,
0.55,0.5073333333333333,0.5926666666666667,False,,False,0.01000000928748663,,0.00024369131406815333,-72.26319900346168,0.5536666666666664,0.003666666666666374,,False,0.0,,,,,False,,
0.56,0.5173333333333333,0.6026666666666667,False,,False,0.010000005216229449,,0.00023236994416136735,-72.67640092744179,0.5636666666666664,0.003666666666666374,,False,0.0,,,,,False,,
0.57,0.5273333333333333,0.6126666666666667,False,,False,0.010000000101429396,,0.0002669879337089132,-71.47016731518417,0.5736666666666664,0.003666666666666485,,False,0.0,,,,,False,,
0.58,0.5373333333333333,0.6226666666666667,False,,False,0.010000005216229449,,0.00028554424857264537,-70.88653165926232,0.5836666666666664,0.003666666666666485,,False,0.0,,,,,False,,
0.59,0.5473333333333333,0.6326666666666667,False,,False,0.01000032860450166,,0.000320109418113011,-69.8940309610824,0.5936666666666665,0.003666666666666485,,False,0.0,,,,,False,,
0.6,0.5573333333333333,0.6426666666666667,False,,False,0.010001873046012551,,0.0003215198077769309,-69.85584532924423,0.6036666666666664,0.003666666666666374,,False,0.0,,,,,False,,
0.61,0.5673333333333334,0.6526666666666666,False,,False,0.0100028158258111,,0.0003082762369314743,-70.22119902005186,0.6136666666666664,0.003666666666666374,,False,0.0,,,,,False,,
0.62,0.5773333333333334,0.6626666666666666,False,,False,0.010006178555334078,,0.0003026004247845608,-70.38260933316602,0.6236666666666664,0.003666666666666374,,False,0.0,,,,,False,,
0.63,0.5873333333333334,0.6726666666666666,False,,False,0.010000802780927255,,0.0003079256943890188,-70.23108141090754,0.6336666666666664,0.003666666666666374,,False,0.0,,,,,False,,
0.64,0.5973333333333334,0.6826666666666666,False,,False,0.010052967545965857,,0.0003107153029085847,-70.15274713927168,0.6436666666666664,0.003666666666666374,,False,0.0,,,,,False,,
0.65,0.6073333333333333,0.6926666666666667,False,,False,0.010140046044704068,,0.00031083090184699075,-70.1495162302092,0.6536666666666664,0.003666666666666374,,False,0.0,,,,,False,,
0.66,0.6173333333333333,0.7026666666666667,False,,False,0.010004191052795269,,0.00027858024971022,-71.1009935332529,0.6636666666666664,0.003666666666666374,,False,0.0,,,,,False,,
0.67,0.6273333333333333,0.7126666666666667,False,,False,0.010000516719604524,,0.00024831727093267215,-72.09986146795761,0.6736666666666664,0.003666666666666374,,False,0.0,,,,,False,,
0.68,0.6373333333333333,0.7226666666666667,False,,False,0.010000005216229449,,0.00022627166717892406,-72.90739646471415,0.6836666666666664,0.003666666666666374,,False,0.0,,,,,False,,
0.69,0.6473333333333333,0.7326666666666667,False,,False,0.010000002871100368,,0.0002115926943693957,-73.4899866240254,0.6936666666666664,0.003666666666666485,,False,0.0,,,,,False,,
0.7,0.6573333333333333,0.7426666666666667,False,,False,0.010000127845232541,,0.00022472946245374444,-72.96679974055391,0.7036666666666664,0.003666666666666485,,False,0.0,,,,,False,,
0.71,0.6673333333333333,0.7526666666666667,False,,False,0.010000009287486629,,0.00022500146295554923,-72.9562931620877,0.7136666666666664,0.003666666666666485,,False,0.0,,,,,False,,
0.72,0.6773333333333333,0.7626666666666667,False,,False,0.010000000814014904,,0.00021618925934406078,-73.30331772693978,0.7236666666666665,0.003666666666666485,,False,0.0,,,,,False,,
0.73,0.6873333333333334,0.7726666666666666,False,,False,0.010000027850262286,,0.0002265664046486481,-72.89608974094247,0.7336666666666664,0.003666666666666374,,False,0.0,,,,,False,,
0.74,0.6973333333333334,0.7826666666666666,False,,False,0.010000127845232541,,0.0002345374835265246,-72.59575477856642,0.7436666666666664,0.003666666666666374,,False,0.0,,,,,False,,
0.75,0.7073333333333334,0.7926666666666666,False,,False,0.010000041438723389,,0.0002464297939746831,-72.16613572101531,0.7536666666666664,0.003666666666666374,,False,0.0,,,,,False,,
0.76,0.7173333333333334,0.8026666666666666,False,,False,0.0100000470079773,,0.0002689589835686183,-71.40627890314967,0.7636666666666664,0.003666666666666374,,False,0.0,,,,,False,,
0.77,0.7273333333333334,0.8126666666666666,False,,False,0.010000027743779592,,0.00027998869342464903,-71.05719012190053,0.7736666666666664,0.003666666666666374,,False,0.0,,,,,False,,
0.78,0.7373333333333333,0.8226666666666667,False,,False,0.010000078102280326,,0.0003079485840734406,-70.2304357685101,0.7836666666666664,0.003666666666666374,,False,0.0,,,,,False,,
0.79,0.7473333333333333,0.8326666666666667,False,,False,0.010000009287486629,,0.00032132845755472665,-69.86101621342019,0.7936666666666664,0.003666666666666374,,False,0.0,,,,,False,,
0.8,0.7573333333333333,0.8426666666666667,False,,False,0.01000000928748663,,0.00044444343964851826,-67.04366999922912,0.8036666666666664,0.003666666666666374,,False,0.0,,,,,False,,
0.81,0.7673333333333333,0.8526666666666667,False,,False,1.5389268324068972e-09,,0.00045960423866879654,-66.7523194942799,0.8136666666666664,0.003666666666666374,,False,0.0,,,,,False,,
0.82,0.7773333333333333,0.8626666666666667,False,,False,0.0100000002005852,,0.0004743710164351151,-66.47763707528844,0.8236666666666664,0.003666666666666485,,False,0.0,,,,,False,,
0.83,0.7873333333333333,0.8726666666666667,False,,False,0.010000000101276909,,0.0005273023462570965,-65.55880592500193,0.8336666666666664,0.003666666666666485,,False,0.0,,,,,False,,
0.84,0.7973333333333333,0.8826666666666667,False,,False,0.010000000814014908,,0.0005358996300565361,-65.41833085518898,0.8436666666666665,0.003666666666666485,,False,0.0,,,,,False,,
0.85,0.8073333333333333,0.8926666666666667,False,,False,0.010000000101429396,,0.0005466521576243645,-65.24577866809652,0.8536666666666665,0.003666666666666485,,False,0.0,,,,,False,,
0.86,0.8173333333333334,0.9026666666666666,False,,False,4.424030282486097e-11,,0.0005512575779341992,-65.17290854794653,0.8636666666666664,0.003666666666666374,,False,0.0,,,,,False,,
0.87,0.8273333333333334,0.9126666666666666,False,,False,0.010000000365424729,,0.0005510003468752101,-65.17696255487202,0.8736666666666664,0.003666666666666374,,False,0.0,,,,,False,,
0.88,0.8373333333333334,0.9226666666666666,False,,False,0.010000000208122114,,0.0005486672012275753,-65.21382001428962,0.8836666666666664,0.003666666666666374,,False,0.0,,,,,False,,
0.89,0.8473333333333334,0.9326666666666666,False,,False,0.010000000001606035,,0.0005122840262688793,-65.8097837164157,0.8936666666666664,0.003666666666666374,,False,0.0,,,,,False,,
0.9,0.8573333333333333,0.9426666666666667,False,,False,0.010000000417925066,,0.0005162118476573875,-65.74344064236837,0.9036666666666664,0.003666666666666374,,False,0.0,,,,,False,,
0.91,0.8673333333333333,0.9526666666666667,False,,False,0.010000000417878093,,0.0005384454396098446,-65.37716593931069,0.9136666666666664,0.003666666666666374,,False,0.0,,,,,False,,
0.92,0.8773333333333333,0.9626666666666667,False,,False,0.010000009009179137,,0.0005140841974393938,-65.77931491625401,0.9236666666666664,0.003666666666666374,,False,0.0,,,,,False,,
0.93,0.8873333333333333,0.9726666666666667,False,,False,0.010000127845013541,,0.0005079061157965343,-65.8843311543083,0.9336666666666664,0.003666666666666374,,False,0.0,,,,,False,,
0.94,0.8973333333333333,0.9826666666666667,False,,False,0.010000020430808927,,0.0005107992169577178,-65.8349955434114,0.9436666666666664,0.003666666666666485,,False,0.0,,,,,False,,
0.95,0.9073333333333333,0.9926666666666667,False,,False,0.010000794966274294,,0.0004919954407984234,-66.16077843429754,0.9536666666666664,0.003666666666666485,,False,0.0,,,,,False,,
0.96,0.9173333333333333,1.0026666666666666,False,,False,0.010010417303628144,,0.0004892565348799093,-66.2092672973203,0.9636666666666664,0.003666666666666485,,False,0.0,,,,,False,,
0.97,0.9273333333333333,1.0126666666666666,False,,False,0.01005296754596586,,0.00047351490429132993,-66.4933269330194,0.9736666666666665,0.003666666666666485,,False,0.0,,,,,False,,
0.98,0.9373333333333334,1.0226666666666666,False,,False,0.010068493625203187,,0.0004262436128365338,-67.40684231509186,0.9836666666666664,0.003666666666666374,,False,0.0,,,,,False,,
0.99,0.9473333333333334,1.0326666666666666,False,,False,0.011085791888943375,,0.0003984361814641874,-67.99282461496853,0.9936666666666664,0.003666666666666374,,False,0.0,,,,,False,,
1.0,0.9573333333333334,1.0426666666666666,False,,False,0.010191075496968311,,0.00033327199321967534,-69.54402362185141,1.0036666666666663,0.003666666666666263,,False,0.0,,,,,False,,
1.01,0.9673333333333334,1.0526666666666666,False,,False,0.01003776550292969,,0.0003232344004015036,-69.80964850810211,1.0136666666666663,0.003666666666666263,,False,0.0,,,,,False,,
1.02,0.9773333333333334,1.0626666666666666,False,,False,0.010017466066234288,,0.0003079670422571368,-70.22991515906395,1.0236666666666663,0.003666666666666263,,False,0.0,,,,,False,,
1.03,0.9873333333333333,1.0726666666666667,False,,False,0.010001175848030276,,0.00029098594444866647,-70.72255976638559,1.0336666666666663,0.003666666666666263,,False,0.0,,,,,False,,
1.04,0.9973333333333333,1.0826666666666667,False,,False,0.01,,0.0005435696813770265,-65.29489549713753,1.0436666666666663,0.003666666666666263,,False,0.0,,,,,False,,
1.05,1.0073333333333334,1.0926666666666667,False,,False,0.010000000009505967,,0.0006071264397511957,-64.3344170724697,1.0536666666666663,0.003666666666666263,,False,0.0,,,,,False,,
1.06,1.0173333333333334,1.1026666666666667,False,,False,0.010000000047726025,,0.0006130870598659218,-64.24955700442098,1.0636666666666663,0.003666666666666263,,False,0.0,,,,,False,,
1.07,1.0273333333333334,1.1126666666666667,False,,False,0.010000000000613858,,0.0007142987206639322,-62.9224025542526,1.0736666666666663,0.003666666666666263,,False,0.0,,,,,False,,
1.08,1.0373333333333334,1.1226666666666667,False,,False,0.010000000001606035,,0.0007231195806915663,-62.815797568903015,1.0836666666666663,0.003666666666666263,,False,0.0,,,,,False,,
1.09,1.0473333333333332,1.1326666666666667,False,,False,0.010000000000221913,,0.0007415789819525983,-62.59685175179547,1.0936666666666663,0.003666666666666263,,False,0.0,,,,,False,,
1.1,1.0573333333333332,1.1426666666666667,False,,False,0.010000000001606035,,0.0007471502682905698,-62.531840865264115,1.1036666666666664,0.003666666666666263,,False,0.0,,,,,False,,
1.11,1.0673333333333332,1.1526666666666667,False,,False,0.010000000047726025,,0.0007890731492421597,-62.057654692727304,1.1136666666666664,0.003666666666666263,,False,0.0,,,,,False,,
1.12,1.0773333333333333,1.1626666666666667,False,,False,0.010000009287486629,,0.0008737466814090499,-61.17228921487602,1.1236666666666664,0.003666666666666263,,False,0.0,,,,,False,,
1.13,1.0873333333333333,1.1726666666666667,False,,False,0.010000000000075398,,0.0007693405145787324,-62.27762792775159,1.1336666666666664,0.003666666666666485,,False,0.0,,,,,False,,
1.14,1.0973333333333333,1.1826666666666668,False,,False,0.010000000009505967,,0.0007474352107713254,-62.52852893830418,1.1436666666666664,0.003666666666666485,,False,0.0,,,,,False,,
1.15,1.1073333333333333,1.1926666666666668,False,,False,0.010000000003996623,,0.0007482008073574284,-62.51963655011028,1.1536666666666664,0.003666666666666485,,False,0.0,,,,,False,,
1.16,1.1173333333333333,1.2026666666666668,False,,False,0.010000000000221913,,0.0006652850760206056,-63.539844374746394,1.1636666666666664,0.003666666666666485,,False,0.0,,,,,False,,
1.17,1.1273333333333333,1.2126666666666666,False,,False,0.01000000000061386,,0.0006373698772785758,-63.91216931115306,1.1736666666666664,0.003666666666666485,,False,0.0,,,,,False,,
1.18,1.1373333333333333,1.2226666666666666,False,,False,0.010000000001606035,,0.0006322053351430611,-63.98283686991565,1.1836666666666662,0.003666666666666263,,False,0.0,,,,,False,,
1.19,1.1473333333333333,1.2326666666666666,False,,False,0.010000000208892742,,0.0006108512918796857,-64.28129006606927,1.1936666666666662,0.003666666666666263,,False,0.0,,,,,False,,
1.2,1.1573333333333333,1.2426666666666666,False,,False,0.010000002871100366,,0.0004445659490302236,-67.04127609205693,1.2036666666666662,0.003666666666666263,,False,0.0,,,,,False,,
1.21,1.1673333333333333,1.2526666666666666,False,,False,0.010000001546554295,,0.00043211129558099257,-67.28808761779868,1.2136666666666662,0.003666666666666263,,False,0.0,,,,,False,,
1.22,1.1773333333333333,1.2626666666666666,False,,False,0.010000009183273038,,0.0003148169055423723,-70.03883908492328,1.2236666666666662,0.003666666666666263,,False,0.0,,,,,False,,
1.23,1.1873333333333334,1.2726666666666666,False,,False,6.837139312715558e-07,,0.0002966206926842542,-70.55597110491762,1.2336666666666662,0.003666666666666263,,False,0.0,,,,,False,,
1.24,1.1973333333333334,1.2826666666666666,False,,False,7.178455893924891e-08,,0.000270733508755808,-71.3491597632665,1.2436666666666663,0.003666666666666263,,False,0.0,,,,,False,,
1.25,1.2073333333333334,1.2926666666666666,False,,False,0.01000001277608032,,0.0002526589076655325,-71.9493077160359,1.2536666666666663,0.003666666666666263,,False,0.0,,,,,False,,
1.26,1.2173333333333334,1.3026666666666666,False,,False,0.010000411598393526,,0.00026380646781047303,-71.57429121901032,1.2636666666666663,0.003666666666666263,,False,0.0,,,,,False,,
1.27,1.2273333333333334,1.3126666666666666,False,,False,0.0100046503697234,,0.0002687864698653625,-71.4118519304226,1.2736666666666663,0.003666666666666263,,False,0.0,,,,,False,,
1.28,1.2373333333333334,1.3226666666666667,False,,False,0.010014223508462419,,0.00027638256662374894,-71.16978708832195,1.2836666666666663,0.003666666666666263,,False,0.0,,,,,False,,
1.29,1.2473333333333334,1.3326666666666667,False,,False,0.010003600020983291,,0.0002655683325912679,-71.51647426385266,1.2936666666666663,0.003666666666666263,,False,0.0,,,,,False,,
1.3,1.2573333333333334,1.3426666666666667,False,,False,1.5401756157482827e-06,,0.0002702644699945528,-71.36422089139276,1.3036666666666663,0.003666666666666263,,False,0.0,,,,,False,,
1.31,1.2673333333333334,1.3526666666666667,False,258.50251019256234,True,0.010000000000221913,3.5000000000000044,0.003850468555830787,-48.2897283769466,1.3136666666666663,0.003666666666666263,,False,0.0,,,pyin_probability_below_0.5|voicing_disagreement,,False,4.0,
1.32,1.2773333333333334,1.3626666666666667,False,243.99387913449723,True,0.013100262550513395,2.500000000000002,0.012370157375909395,-38.15249550288361,1.3236666666666663,0.003666666666666263,,False,0.0,,,pyin_probability_below_0.5|voicing_disagreement,,False,2.999999999999999,
1.33,1.2873333333333334,1.3726666666666667,False,231.63366671648822,True,0.12793708630129036,1.6000000000000023,0.02085168083754638,-33.6171786228701,1.3336666666666663,0.003666666666666263,,False,0.0,,,pyin_probability_below_0.5|voicing_disagreement,,False,2.0999999999999988,
1.34,1.2973333333333332,1.3826666666666667,False,228.9731271349986,True,0.32333605839064083,1.4000000000000004,0.02705704693350484,-31.354392100420895,1.3436666666666663,0.003666666666666263,243.54686493285396,True,0.7822223397835936,14.573737797855358,-1.0682534667070613,pyin_probability_below_0.5|pitch_difference_over_1_semitone,2.3206092819102224,False,1.9000000000000006,2.8088669418742227
1.35,1.3073333333333332,1.3926666666666667,False,228.9731271349986,True,0.48498680771591124,1.4000000000000004,0.032703634769975516,-29.708079519994662,1.3536666666666664,0.003666666666666263,232.82619615287763,True,0.9024026286313862,3.8530690178790223,-0.2889012061800859,pyin_probability_below_0.5,1.541257021383247,False,1.9000000000000006,2.0295146813472504
1.36,1.3173333333333332,1.4026666666666667,False,228.9731271349986,True,0.6159498854580681,1.4000000000000004,0.038288944951864495,-28.338532008588786,1.3636666666666664,0.003666666666666263,227.95989240500424,True,0.9652510075458579,1.013234729994366,0.07677927680437169,,1.175576538398789,True,1.9000000000000006,1.6638341983627907
1.37,1.3273333333333333,1.4126666666666667,False,230.29955496661373,True,0.6860828109301793,1.5000000000000004,0.04325024290819592,-27.280228980911502,1.3736666666666664,0.003666666666666263,227.09583028396554,True,0.9900681302180115,3.203724682648186,0.24252487619650237,,1.1098309390066552,True,1.9999999999999973,1.598088598970654
1.38,1.3373333333333333,1.4226666666666667,False,231.63366671648822,True,0.6860828109301793,1.6000000000000023,0.04800770894352823,-26.373780384647056,1.3836666666666664,0.003666666666666485,228.56575393117166,True,0.9894453471125224,3.0679127853165653,0.23082835477765945,,1.2215274604255013,True,2.0999999999999988,1.7097851203895018
1.39,1.3473333333333333,1.4326666666666668,False,232.97550689710764,True,0.6860828109301793,1.6999999999999993,0.05273933411774085,-25.557307157448722,1.3936666666666664,0.003666666666666485,230.24614501159985,True,0.990825170757174,2.7293618855077852,0.2040154596209708,,1.3483403555821885,True,2.1999999999999993,1.836598015546191
1.4,1.3573333333333333,1.4426666666666668,False,234.3251202788159,True,0.7571601330199093,1.8000000000000043,0.05581711575871124,-25.064652171866683,1.4036666666666664,0.003666666666666485,231.42445205591818,True,0.9936301344733293,2.900668222897707,0.21564380598913613,,1.436712009214029,True,2.3000000000000003,1.924969669178028
1.41,1.3673333333333333,1.4526666666666668,False,235.68255189130872,True,0.6159498854580681,1.9000000000000006,0.05747682589851729,-24.81014446727024,1.4136666666666664,0.003666666666666485,234.0752819354842,True,0.9849852738327535,1.6072699558245063,0.11846833118467653,,1.6338874840184847,True,2.4000000000000012,2.1221451439824865
1.42,1.3773333333333333,1.4626666666666666,False,237.04784702513638,True,0.6860828109301793,2.0000000000000004,0.05860570766990519,-24.641201710753023,1.4236666666666664,0.003666666666666485,237.4239932606986,True,0.9790890462904567,0.37614623556223137,-0.027449355327944985,,1.879805170531105,True,2.4999999999999987,2.368062830495108
1.43,1.3873333333333333,1.4726666666666666,False,238.4210512332145,True,0.6159498854580681,2.100000000000002,0.05953112727420262,-24.505117872455425,1.4336666666666662,0.003666666666666263,239.6152589654852,True,0.9806392203806503,1.1942077322706837,-0.08649792262657796,,2.038853737829737,True,2.5999999999999974,2.527111397793739
1.44,1.3973333333333333,1.4826666666666666,False,239.8022103323442,True,0.6860828109301793,2.200000000000003,0.061167464452183094,-24.269590434918374,1.4436666666666662,0.003666666666666263,242.34952671765737,True,0.9705750216541272,2.5473163853131666,-0.18293170191657301,,2.235287517119735,True,2.7,2.7235451770837367
1.45,1.4073333333333333,1.4926666666666666,False,241.19137040474044,True,0.7571601330199093,2.3000000000000003,0.06277623023421483,-24.04409535208712,1.4536666666666662,0.003666666666666263,243.26123774237877,True,0.9745202003581335,2.0698673376383283,-0.147937963677585,,2.3002937788807456,True,2.799999999999997,2.7885514388447454
1.46,1.4173333333333333,1.5026666666666666,False,242.58857779956992,True,0.7571601330199093,2.4000000000000012,0.06575631784997352,-23.641250278645572,1.4636666666666662,0.003666666666666263,243.60907903978853,True,0.9874545634323014,1.020501240218607,-0.072675343610159,,2.325031158813319,True,2.9,2.813288818777319
1.47,1.4273333333333333,1.5126666666666666,False,243.99387913449723,True,0.7571601330199093,2.500000000000002,0.06935875400685691,-23.17797434662511,1.4736666666666662,0.003666666666666263,243.35411644356947,True,0.9866877234932074,0.6397626909277676,0.0454533351992875,,2.3069024800038758,True,2.999999999999999,2.795160139967875
1.48,1.4373333333333334,1.5226666666666666,False,243.99387913449723,True,0.8266685594724994,2.500000000000002,0.07306841529309369,-22.72540623052222,1.4836666666666662,0.003666666666666263,242.56897110120337,True,0.9918386794938236,1.4249080332938604,0.10139928911329461,,2.250956526089867,True,2.999999999999999,2.7392141860538697
1.49,1.4473333333333334,1.5326666666666666,False,245.40732129724032,True,0.8911444948731203,2.6000000000000005,0.07578198199524563,-22.408680808261423,1.4936666666666663,0.003666666666666263,245.29238153591962,True,0.993389639103299,0.11493976132069861,0.008110362850449145,,2.4442454523527086,True,3.0999999999999988,2.932503112316711
1.5,1.4573333333333334,1.5426666666666666,False,245.40732129724032,True,0.9459302094659093,2.6000000000000005,0.07739478911490626,-22.225765575702525,1.5036666666666663,0.003666666666666263,246.75369127559404,True,0.9965642818261449,1.3463699783537209,-0.09472052048664659,,2.547076335689808,True,3.0999999999999988,3.0353339956538075
1.51,1.4673333333333334,1.5526666666666666,False,246.828951447135,True,0.9459302094659092,2.7000000000000033,0.07822741650491997,-22.13282024569546,1.5136666666666663,0.003666666666666263,247.50816269837915,True,0.995168039768404,0.6792112512441406,-0.04757378521526051,,2.599929600418421,True,3.2,3.088187260382422
1.52,1.4773333333333334,1.5626666666666666,False,248.25881701670832,True,0.9459302094659092,2.8000000000000034,0.07801564814131692,-22.15636558213147,1.5236666666666663,0.003666666666666263,248.1875359873524,True,0.9960411975434678,0.07128102935593006,0.004971499747144397,,2.6473843154560157,True,3.3000000000000003,3.135641975420019
1.53,1.4873333333333334,1.5726666666666667,False,248.25881701670832,True,0.9848789761259924,2.8000000000000034,0.0772581615701634,-22.24111261019024,1.5336666666666663,0.003666666666666263,249.02728534476626,True,0.9980893588819915,0.768468328057935,-0.05350640558248006,,2.7058622207856438,True,3.3000000000000003,3.194119880749643
1.54,1.4973333333333334,1.5826666666666667,False,249.6969657132611,True,0.9848789761259925,2.9,0.07517858395877988,-22.478117175710896,1.5436666666666663,0.003666666666666263,250.2709852784208,True,0.9989211601185773,0.5740195651596878,-0.039753054199213475,,2.792108869402374,True,3.4000000000000004,3.2803665293663746
1.55,1.5073333333333334,1.5926666666666667,False,251.14344552045984,True,0.9848789761259924,2.999999999999999,0.07174705633930371,-22.883918251969227,1.5536666666666663,0.003666666666666263,251.45697582091216,True,0.997970470624311,0.313530300452328,-0.021599440785085175,,2.8739552559882444,True,3.4999999999999982,3.3622129159522465
1.56,1.5173333333333334,1.6026666666666667,False,252.59830469993753,True,0.9459302094659092,3.1000000000000023,0.06778122314698615,-23.377811967218705,1.5636666666666663,0.003666666666666263,253.1573633695415,True,0.9977962126825688,0.559058669603985,-0.03827388834402508,,2.990629703547186,True,3.6000000000000005,3.478887363511185
1.57,1.5273333333333334,1.6126666666666667,False,254.06159179290393,True,0.8911444948731203,3.2,0.06449719436141432,-23.80918353670782,1.5736666666666663,0.003666666666666263,254.77651958143903,True,0.9951781947335716,0.7149277885351069,-0.04864840572727734,,3.101004220930437,True,3.699999999999999,3.5892618808944383
1.58,1.5373333333333334,1.6226666666666667,False,255.5333556217653,True,0.8266685594724995,3.3000000000000034,0.06501801826141138,-23.739325437262266,1.5836666666666663,0.003666666666666263,256.23723668175575,True,0.9949382789784705,0.7038810599904366,-0.04762226060917547,,3.1999780758123384,True,3.8000000000000007,3.688235735776341
1.59,1.5473333333333332,1.6326666666666667,False,257.013645291753,True,0.7571601330199093,3.4000000000000004,0.06699072588317334,-23.479706327041484,1.5936666666666663,0.003666666666666263,258.5613601927128,True,0.9954780723958148,1.547714900959818,-0.10394083324414591,,3.356296648447307,True,3.9000000000000004,3.8445543084113085
1.6,1.5573333333333332,1.6426666666666667,False,257.013645291753,True,0.7571601330199093,3.4000000000000004,0.07142507037904738,-22.922986460215732,1.6036666666666664,0.003666666666666263,258.6718297661416,True,0.9948844057298859,1.6581844743886336,-0.11133589966782473,,3.363691714870984,True,3.9000000000000004,3.8519493748349856
1.61,1.5673333333333332,1.6526666666666667,False,257.013645291753,True,0.8266685594724995,3.4000000000000004,0.07580707063748274,-22.405805703814956,1.6136666666666664,0.003666666666666263,257.5788182042606,True,0.9945483294398821,0.5651729125075917,-0.03802803393240651,,3.290383849135569,True,3.9000000000000004,3.77864150909957
1.62,1.5773333333333333,1.6626666666666667,False,257.013645291753,True,0.8911444948731203,3.4000000000000004,0.08062794611241447,-21.870288062454186,1.6236666666666664,0.003666666666666263,257.1046434813871,True,0.9951310360184364,0.09099818963409234,-0.006128518256725698,,3.2584843334598874,True,3.9000000000000004,3.746741993423888
1.63,1.5873333333333333,1.6726666666666667,False,257.013645291753,True,0.8911444948731203,3.4000000000000004,0.0848951307367952,-21.422344370570897,1.6336666666666664,0.003666666666666485,256.9656434234123,True,0.9961757117638506,0.04800186834069109,0.0032336894095298134,,3.2491221257936305,True,3.9000000000000004,3.7373797857576303
1.64,1.5973333333333333,1.6826666666666668,False,257.013645291753,True,0.9459302094659092,3.4000000000000004,0.08872636796660663,-21.038945921147253,1.6436666666666664,0.003666666666666485,256.7746153106877,True,0.9969227951905494,0.2390299810653005,0.016108459595328244,,3.2362473556078304,True,3.9000000000000004,3.7245050155718324
1.65,1.6073333333333333,1.6926666666666668,False,257.013645291753,True,0.9459302094659091,3.4000000000000004,0.09162167917364654,-20.760035061247564,1.6536666666666664,0.003666666666666485,256.9100483530521,True,0.9978987311781407,0.10359693870088904,0.006979656797503938,,3.245376158405654,True,3.9000000000000004,3.733633818369655
1.66,1.6173333333333333,1.7026666666666668,False,257.013645291753,True,0.9459302094659092,3.4000000000000004,0.09290039171225571,-20.63964909620628,1.6636666666666664,0.003666666666666485,256.6936522347902,True,0.9972905571152382,0.3199930569628009,0.021568038842266928,,3.230787776360895,True,3.9000000000000004,3.7190454363248957
1.67,1.6273333333333333,1.7126666666666666,False,257.013645291753,True,0.9848789761259923,3.4000000000000004,0.09247288729970826,-20.679711641897182,1.6736666666666664,0.003666666666666485,256.528444184582,True,0.9971485423545453,0.48520110717100806,0.03271384934321389,,3.219641965859946,True,3.9000000000000004,3.707899625823947
1.68,1.6373333333333333,1.7226666666666666,False,257.013645291753,True,0.9848789761259923,3.4000000000000004,0.09015199287004126,-20.900493369315033,1.6836666666666664,0.003666666666666485,256.39771843398063,True,0.9979516678998794,0.6159268577723651,0.04153838947880217,,3.210817425724359,True,3.9000000000000004,3.69907508568836
1.69,1.6473333333333333,1.7326666666666666,False,255.5333556217653,True,0.9848789761259924,3.3000000000000034,0.0863678360996404,-21.272959225680445,1.6936666666666662,0.003666666666666263,256.00682129854204,True,0.9988530074319657,0.47346567677672624,-0.032047536899347966,,3.184403352102512,True,3.8000000000000007,3.67266101206651
1.7,1.6573333333333333,1.7426666666666666,False,255.5333556217653,True,0.9848789761259924,3.3000000000000034,0.08107914282835237,-21.821817026636424,1.7036666666666662,0.003666666666666263,255.3723864469849,True,0.9964288116527082,0.16096917478040496,0.01090907001055415,,3.141446745192609,True,3.8000000000000007,3.6297044051566116
1.71,1.6673333333333333,1.7526666666666666,False,255.5333556217653,True,1.0,3.3000000000000034,0.07529797391152696,-22.46433418936762,1.7136666666666662,0.003666666666666263,254.79823939680978,True,0.9959425612087085,0.735116224955533,0.04987577219679007,,3.102480043006373,True,3.8000000000000007,3.590737702970374
1.72,1.6773333333333333,1.7626666666666666,False,254.06159179290393,True,0.9848789761259924,3.2,0.06850072907441139,-23.286096123054044,1.7236666666666662,0.003666666666666263,253.90562252066835,True,0.994998879105756,0.15596927223558055,0.010631368150513874,,3.041724447052645,True,3.699999999999999,3.5299821070166453
1.73,1.6873333333333334,1.7726666666666666,False,254.06159179290393,True,0.9459302094659092,3.2,0.06272998210178785,-24.05049672752396,1.7336666666666662,0.003666666666666263,252.16278043269142,True,0.9894869626489894,1.8988113602125054,0.12987530734721814,,2.9224805078559424,True,3.699999999999999,3.410738167819945
1.74,1.6973333333333334,1.7826666666666666,False,252.59830469993753,True,0.7571601330199094,3.1000000000000023,0.05916632888930416,-24.558507533702276,1.7436666666666663,0.003666666666666263,250.05428766448415,True,0.9784370928892442,2.544017035453379,0.17524336238594262,,2.7771124528172177,True,3.6000000000000005,3.265370112781219
1.75,1.7073333333333334,1.7926666666666666,False,249.6969657132611,True,0.6860828109301793,2.9,0.05646455786342767,-24.964481363653693,1.7536666666666663,0.003666666666666263,246.23881319293542,True,0.9530256285830753,3.458152520325683,0.24144127847899943,,2.5109145367241603,True,3.4000000000000004,2.9991721966881597
1.76,1.7173333333333334,1.8026666666666666,False,246.828951447135,True,0.6860828109301793,2.7000000000000033,0.05077574252230896,-25.886874338873312,1.7636666666666663,0.003666666666666263,241.02077866712557,True,0.9582133750105061,5.808172780009443,0.41224914127681955,,2.1401066739263435,True,3.2,2.628364333890342
1.77,1.7273333333333334,1.8126666666666666,False,242.58857779956992,True,0.42606232904328145,2.4000000000000012,0.04671689149671177,-26.61052125059216,1.7736666666666663,0.003666666666666263,240.2483932677738,True,0.9668473034136983,2.340184531796126,0.1678180880695249,pyin_probability_below_0.5,2.084537727133632,False,2.9,2.572795387097635
1.78,1.7373333333333334,1.8226666666666667,False,238.4210512332145,True,0.3721358982975087,2.100000000000002,0.044892397383749436,-26.956544027974015,1.7836666666666663,0.003666666666666263,238.51219970122835,True,0.9558959360374375,0.09114846801384147,-0.00661725023188617,pyin_probability_below_0.5,1.9589730654350461,False,2.5999999999999974,2.447230725399047
1.79,1.7473333333333334,1.8326666666666667,False,234.3251202788159,True,0.3233360583906409,1.8000000000000043,0.044239370088996054,-27.083821308940905,1.7936666666666663,0.003666666666666263,233.93902534261574,True,0.8932252712584992,0.386094936200152,0.028548880261071285,pyin_probability_below_0.5,1.62380693494209,False,2.3000000000000003,2.1120645949060917
1.8,1.7573333333333334,1.8426666666666667,False,231.63366671648822,True,0.3233360583906409,1.6000000000000023,0.04514392394765726,-26.908013887553413,1.8036666666666663,0.003666666666666263,219.91526118820786,True,0.827606138115469,11.718405528280357,0.8987667838965568,pyin_probability_below_0.5,0.553589031306602,False,2.0999999999999988,1.0418466912706046
1.81,1.7673333333333334,1.8526666666666667,False,228.9731271349986,True,0.27960516533635876,1.4000000000000004,0.04608504457898671,-26.728799761442467,1.8136666666666663,0.003666666666666263,216.99653070219625,True,0.9347073807914502,11.976596432802353,0.9300757510858898,pyin_probability_below_0.5,0.3222800641172729,False,1.9000000000000006,0.8105377240812737
1.82,1.7773333333333334,1.8626666666666667,False,226.34314645699226,True,0.3721358982975087,1.1999999999999993,0.04539952219768168,-26.85897435607476,1.8236666666666663,0.003666666666666263,214.49980208880535,True,0.9761590847183789,11.843344368186905,0.9304236798087666,pyin_probability_below_0.5,0.12193213539439353,False,1.6999999999999993,0.610189795358393
1.83,1.7873333333333334,1.8726666666666667,False,214.87708272009507,True,0.4260623290432815,0.3000000000000021,0.04194723168874842,-27.54593390384344,1.8336666666666663,0.003666666666666263,212.75339679575004,True,0.987349482397227,2.1236859243450397,0.17195348710802152,pyin_probability_below_0.5,-0.019597671904857256,False,0.8000000000000002,0.46865998805914194
1.84,1.7973333333333332,1.8826666666666667,False,214.87708272009507,True,0.6860828109301793,0.3000000000000021,0.04169383067037487,-27.598564034351458,1.8436666666666663,0.003666666666666263,212.59805124747302,True,0.9881636556104494,2.2790314726220515,0.1845990072181652,,-0.03224319201500189,True,0.8000000000000002,0.4560144679489989
1.85,1.8073333333333332,1.8926666666666667,False,213.63948179230545,True,0.7571601330199094,0.19999999999999687,0.043135590710437155,-27.30328500478738,1.8536666666666664,0.003666666666666263,213.56913984532363,True,0.9827778725067583,0.07034194698181295,0.005701119716464713,,0.04665469548669361,True,0.699999999999998,0.5349123554506966
1.86,1.8173333333333332,1.9026666666666667,False,213.63948179230545,True,0.7571601330199094,0.19999999999999687,0.04269076653024337,-27.393320943805715,1.8636666666666664,0.003666666666666263,213.84440869655913,True,0.9929150456652528,0.2049269042536821,-0.01659835466475726,,0.0689541698679168,True,0.699999999999998,0.557211829831916
1.87,1.8273333333333333,1.9126666666666667,False,213.63948179230545,True,0.6860828109301793,0.19999999999999687,0.04231056316390978,-27.471023881296247,1.8736666666666664,0.003666666666666263,214.83470823500656,True,0.9796607478450495,1.195226442701113,-0.09658561141775704,,0.14894142662091647,True,0.699999999999998,0.6371990865849183
1.88,1.8373333333333333,1.9226666666666667,False,214.87708272009507,True,0.6860828109301793,0.3000000000000021,0.04263623989567603,-27.404422057380266,1.8836666666666664,0.003666666666666485,214.36671914117008,True,0.9307866254849015,0.510363578924995,0.041168176116430456,,0.11118763908673523,True,0.8000000000000002,0.5994452990507367
1.89,1.8473333333333333,1.9326666666666668,False,216.12185299712482,True,0.6159498854580681,0.4000000000000011,0.043266783103570516,-27.276907870143162,1.8936666666666664,0.003666666666666485,215.11189685585327,True,0.912852652657134,1.0099561412715445,0.08109168900849079,,0.1712641261946684,True,0.8999999999999985,0.6595217861586722
1.9,1.8573333333333333,1.9426666666666668,False,218.63306796596578,True,0.48498680771591124,0.6000000000000013,0.04203099185243331,-27.52860722679771,1.9036666666666664,0.003666666666666485,220.60969322576906,True,0.9633411474302409,1.976625259803285,-0.15581470448309218,pyin_probability_below_0.5,0.608170519686253,False,1.099999999999998,1.096428179650253
1.91,1.8673333333333333,1.9526666666666668,False,226.34314645699226,True,0.4260623290432814,1.1999999999999993,0.0420708270264567,-27.520379011147497,1.9136666666666664,0.003666666666666485,225.40613805566326,True,0.9693967493141918,0.9370084013289954,0.0718178525383392,pyin_probability_below_0.5,0.9805379626648196,False,1.6999999999999993,1.4687956226288228
1.92,1.8773333333333333,1.9626666666666666,False,228.9731271349986,True,0.42606232904328145,1.4000000000000004,0.04201666457678798,-27.53156852617385,1.9236666666666664,0.003666666666666485,229.13167041235326,True,0.9706729794292992,0.1585432773546529,-0.011983089128731098,pyin_probability_below_0.5,1.2643389043318929,False,1.9000000000000006,1.7525965642958927
1.93,1.8873333333333333,1.9726666666666666,False,232.97550689710764,True,0.3233360583906409,1.6999999999999993,0.042709409916368214,-27.38952857700577,1.9336666666666664,0.003666666666666485,231.88727005196532,True,0.9838696972411362,1.088236845142319,0.08105601113923566,pyin_probability_below_0.5,1.471299804063924,False,2.1999999999999993,1.959557464027924
1.94,1.8973333333333333,1.9826666666666666,False,239.8022103323442,True,0.24075439447557428,2.200000000000003,0.04600376198460478,-26.744133043607565,1.9436666666666662,0.003666666666666263,234.6147464305705,True,0.9855964785731776,5.187463901773697,0.37861513789854695,pyin_probability_below_0.5,1.6737406773046133,False,2.7,2.161998337268614
1.95,1.9073333333333333,1.9926666666666666,False,251.14344552045984,True,0.2796051653363589,2.999999999999999,0.04921299535669037,-26.15840401519222,1.9536666666666662,0.003666666666666263,238.17101666179323,True,0.9768419873685352,12.972428858666603,0.9181651534870906,pyin_probability_below_0.5,1.9341906617160718,False,3.4999999999999982,2.4224483216800707
1.96,1.9173333333333333,2.002666666666667,False,254.06159179290393,True,0.42606232904328145,3.2,0.05268245563457676,-25.566679798088614,1.9636666666666662,0.003666666666666263,245.85082746177812,True,0.9484853112919766,8.210764331125802,0.5687409487839141,pyin_probability_below_0.5,2.4836148664192423,False,3.699999999999999,2.971872526383244
1.97,1.9273333333333333,2.0126666666666666,False,255.5333556217653,True,0.5485250542599845,3.3000000000000034,0.053847345457862225,-25.376714029833774,1.9736666666666662,0.003666666666666263,251.99081482420732,True,0.9622940297731948,3.54254079755799,0.24168570525068095,,2.910670109952482,True,3.8000000000000007,3.398927769916483
1.98,1.9373333333333334,2.022666666666667,False,257.013645291753,True,0.4849868077159112,3.4000000000000004,0.05577164936358418,-25.07173023410234,1.9836666666666662,0.003666666666666263,254.53599113020962,True,0.9795921141486915,2.47765416154337,0.1677034830144022,pyin_probability_below_0.5,3.0846523321887576,False,3.9000000000000004,3.5729099921527587
1.99,1.9473333333333334,2.0326666666666666,False,258.50251019256234,True,0.4849868077159112,3.5000000000000044,0.05976705790181196,-24.470762445132213,1.9936666666666663,0.003666666666666263,256.6679571976451,True,0.9818921397900255,1.83455299491726,0.12330109103851555,pyin_probability_below_0.5,3.229054724164649,False,4.0,3.717312384128648
2.0,1.9573333333333334,2.042666666666667,False,260.0,True,0.37213589829750865,3.6000000000000005,0.0654595720605376,-23.680536764047794,2.0036666666666663,0.003666666666666263,258.9624132579816,True,0.9752326133198843,1.0375867420183909,0.06922689752751693,pyin_probability_below_0.5,3.383128917675644,False,4.099999999999998,3.8713865776396448
2.01,1.9673333333333334,2.0526666666666666,False,261.5061646776419,True,0.4260623290432815,3.7000000000000015,0.07124258417423583,-22.945206716164577,2.0136666666666665,0.003666666666666707,262.4684492925734,True,0.971459406928711,0.962284614931491,-0.06358864413627562,pyin_probability_below_0.5,3.615944459339436,False,4.199999999999998,4.104202119303437
2.02,1.9773333333333334,2.062666666666667,False,263.0210544784999,True,0.5485250542599844,3.800000000000004,0.0731404435746158,-22.716848202512455,2.0236666666666663,0.003666666666666263,264.8858842721632,True,0.9800682085226021,1.8648297936633185,-0.12231209807738716,,3.774667913280551,True,4.3000000000000025,4.26292557324455
2.03,1.9873333333333334,2.0726666666666667,False,263.0210544784999,True,0.5485250542599844,3.800000000000004,0.07447814040192759,-22.559423510368788,2.0336666666666665,0.003666666666666707,266.36193632852365,True,0.9792115004427978,3.340881850023777,-0.21851571736212297,,3.8708715325652854,True,4.3000000000000025,4.359129192529288
2.04,1.9973333333333334,2.082666666666667,False,263.0210544784999,True,0.3721358982975087,3.800000000000004,0.07547312736344872,-22.444153077408387,2.0436666666666663,0.003666666666666263,266.94505571481704,True,0.9595969396835663,3.9240012363171672,-0.25637445739688647,pyin_probability_below_0.5,3.9087302726000503,False,4.3000000000000025,4.396987932564052
2.05,2.0073333333333334,2.0926666666666667,False,263.0210544784999,True,0.20650679911775227,3.800000000000004,0.07648423856057175,-22.328561051547908,2.0536666666666665,0.003666666666666707,264.860325259872,True,0.9117498941082063,1.8392707813721358,-0.12064153841779299,pyin_probability_below_0.5,3.772997353620955,False,4.3000000000000025,4.261255013584957
2.06,2.017333333333333,2.1026666666666665,False,263.0210544784999,True,0.10857977072874499,3.800000000000004,0.07643606035417273,-22.334034106473343,2.0636666666666663,0.003666666666666263,255.87167136382024,True,0.9224280537168922,7.149383114679637,0.4770943269417913,pyin_probability_below_0.5,3.1752614882613686,False,4.3000000000000025,3.6635191482253697
2.07,2.0273333333333334,2.1126666666666667,False,263.0210544784999,True,0.04069733156888105,3.800000000000004,0.07583482009101505,-22.40262678415851,2.073666666666666,0.003666666666666263,250.06791080792536,True,0.9513108249561062,12.95314367057452,0.8743001989007564,pyin_probability_below_0.5,2.7780556163024057,False,4.3000000000000025,3.266313276266407
2.08,2.037333333333333,2.1226666666666665,False,255.5333556217653,True,0.020317628556360583,3.3000000000000034,0.07459503987841282,-22.545800990775152,2.0836666666666663,0.003666666666666263,245.61229246535848,True,0.9241949700559215,9.92106315640683,0.6855462765238343,pyin_probability_below_0.5,2.466809538679326,False,3.8000000000000007,2.955067198643327
2.09,2.0473333333333334,2.1326666666666667,False,248.25881701670832,True,0.020317628556360583,2.8000000000000034,0.06820270739278826,-23.323967702644488,2.093666666666666,0.003666666666666263,239.6376962904454,True,0.864680694485098,8.621120726262916,0.6118810436148024,pyin_probability_below_0.5,2.0404747715883595,False,3.3000000000000003,2.52873243155236
2.1,2.0573333333333332,2.1426666666666665,False,243.99387913449723,True,0.020317628556360583,2.500000000000002,0.06335245154074054,-23.964731492480436,2.1036666666666664,0.003666666666666263,233.09593862895036,True,0.8385092163773652,10.89794050554687,0.7910530661598815,pyin_probability_below_0.5,1.5613027490432823,False,2.999999999999999,2.049560409007283
2.11,2.0673333333333335,2.1526666666666667,False,242.58857779956992,True,0.01818737573491218,2.4000000000000012,0.06094037418726087,-24.301897668836094,2.113666666666666,0.003666666666666263,227.75439066934692,True,0.8601609328933414,14.834187130223,1.0923930786640637,pyin_probability_below_0.5|pitch_difference_over_1_semitone,1.159962736539097,False,2.9,1.6482203965030964
2.12,2.0773333333333333,2.1626666666666665,False,238.4210512332145,True,0.013100262550513393,2.100000000000002,0.056207696374279116,-25.00408427081444,2.1236666666666664,0.003666666666666263,219.8995286885676,True,0.7770280672985139,18.5215225446469,1.4000053342906156,pyin_probability_below_0.5|pitch_difference_over_1_semitone,0.5523504809125444,False,2.5999999999999974,1.0406081408765462
2.13,2.0873333333333335,2.1726666666666667,False,232.97550689710764,True,0.011853505394683413,1.6999999999999993,0.051455335002147266,-25.77139179922611,2.133666666666666,0.003666666666666263,212.35591944561492,True,0.7415023624570822,20.61958745149272,1.6043275846176592,pyin_probability_below_0.5|pitch_difference_over_1_semitone,-0.05197176941449895,False,2.1999999999999993,0.4362858905495028
2.14,2.0973333333333333,2.1826666666666665,False,230.29955496661373,True,0.010622609040911533,1.5000000000000004,0.04814445626015015,-26.349074276390883,2.1436666666666664,0.003666666666666263,205.97912846420832,True,0.7301453234703714,24.32042650240541,1.9321615730570376,pyin_probability_below_0.5|pitch_difference_over_1_semitone,-0.5798057578538767,False,1.9999999999999973,-0.0915480978898772
2.15,2.1073333333333335,2.1926666666666668,False,225.0395058615972,True,0.01010197459374499,1.1000000000000019,0.045872705056756904,-26.768912986074504,2.153666666666666,0.003666666666666263,197.86984114619653,True,0.7615691385221124,27.16966471540067,2.227518635391904,pyin_probability_below_0.5|pitch_difference_over_1_semitone,-1.275162820188742,False,1.6000000000000023,-0.7869051602247417
2.16,2.1173333333333333,2.2026666666666666,False,200.48740730303228,True,0.010140046044704068,-0.9000000000000006,0.04219752099960618,-27.494261240394643,2.1636666666666664,0.003666666666666263,194.83019797561084,True,0.8522409594826115,5.657209327421441,0.4955317919013872,pyin_probability_below_0.5,-1.54317597669823,False,-0.4000000000000028,-1.0549183167342286
2.17,2.1273333333333335,2.212666666666667,False,197.04315364635175,True,0.011422334250709074,-1.199999999999998,0.038964396566597545,-28.18664090399766,2.173666666666666,0.003666666666666263,191.74375328904296,True,0.8851526494455311,5.299400357308798,0.4719845460382822,pyin_probability_below_0.5,-1.8196287308351204,False,-0.7000000000000002,-1.3313710708711202
2.18,2.1373333333333333,2.2226666666666666,False,193.6580702059513,True,0.0229442191246386,-1.4999999999999982,0.03841790545948155,-28.309326330447348,2.1836666666666664,0.003666666666666263,189.36744201315292,True,0.9264542572969832,4.29062819279838,0.3878797681119057,pyin_probability_below_0.5,-2.035523952908747,False,-0.9999999999999994,-1.547266292944744
2.19,2.1473333333333335,2.232666666666667,False,191.43371755306833,True,0.07797523762294818,-1.6999999999999988,0.03508816499235613,-29.096786870250018,2.193666666666666,0.003666666666666263,187.6898604270662,True,0.929409779081037,3.7438571260021263,0.3419309166600548,pyin_probability_below_0.5,-2.1895751014568945,False,-1.2000000000000002,-1.7013174414928942
2.2,2.1573333333333333,2.2426666666666666,False,189.23491376948436,True,0.15046460134333883,-1.8999999999999986,0.03465170553856437,-29.20550769564187,2.2036666666666664,0.003666666666666263,185.91117807952216,True,0.9359676348212609,3.3237356899622057,0.306777284364534,pyin_probability_below_0.5,-2.3544214691613723,False,-1.4000000000000004,-1.8661638091973733
2.21,2.167333333333333,2.252666666666667,False,185.98397121658357,True,0.3721358982975087,-2.1999999999999997,0.03406299228046694,-29.354344077665388,2.2136666666666662,0.003666666666666263,184.31680055201963,True,0.95114045304741,1.6671706645639404,0.1558885285567274,pyin_probability_below_0.5,-2.5035327133535676,False,-1.7000000000000033,-2.0152750533895674
2.22,2.1773333333333333,2.2626666666666666,False,184.9127823656466,True,0.5485250542599847,-2.3,0.034539174476609015,-29.233760934987796,2.2236666666666665,0.003666666666666263,183.96992370392184,True,0.9305132239900945,0.9428586617247561,0.08850035778032439,,-2.5361445425771625,True,-1.800000000000001,-2.047886882613163
2.23,2.187333333333333,2.272666666666667,False,184.9127823656466,True,0.6159498854580681,-2.3,0.03497662031443441,-29.124443147977573,2.2336666666666662,0.003666666666666263,184.0603417160671,True,0.9575830356687096,0.8524406495795063,0.0799937343239293,,-2.5276379191207687,True,-1.800000000000001,-2.0393802591567693
2.24,2.1973333333333334,2.2826666666666666,False,184.9127823656466,True,0.6860828109301793,-2.3,0.035535419636464824,-28.986771032473847,2.2436666666666665,0.003666666666666263,184.1865186383639,True,0.9798368471818314,0.7262637272826851,0.06812985624903842,,-2.515774041045878,True,-1.800000000000001,-2.027516381081876
2.25,2.207333333333333,2.292666666666667,False,183.84776310850236,True,0.7571601330199093,-2.399999999999998,0.03554779508861368,-28.983746638794187,2.2536666666666663,0.003666666666666263,184.2293752119223,True,0.9844973335367833,0.3816121034199398,-0.035897915676318476,,-2.5117462691205197,True,-1.9000000000000006,-2.02348860915652
2.26,2.2173333333333334,2.3026666666666666,False,184.9127823656466,True,0.7571601330199094,-2.3,0.035556360675320114,-28.98165394138774,2.2636666666666665,0.003666666666666707,184.1402326092952,True,0.997942722975544,0.7725497563513954,0.07248099010886558,,-2.520125174905704,True,-1.800000000000001,-2.031867514941702
2.27,2.227333333333333,2.312666666666667,False,184.9127823656466,True,0.7571601330199093,-2.3,0.035847516996275613,-28.910818413402946,2.2736666666666663,0.003666666666666263,184.4492439799022,True,0.9913254120391083,0.46353838574438555,0.04345297028425996,,-2.4910971550810985,True,-1.800000000000001,-2.002839495117096
2.28,2.2373333333333334,2.3226666666666667,False,184.9127823656466,True,0.8266685594724995,-2.3,0.03626671469291397,-28.809835684840994,2.2836666666666665,0.003666666666666707,184.8380752557163,True,0.9837679553882496,0.07470710993030139,0.006995818482244699,,-2.4546400032790823,True,-1.800000000000001,-1.9663823433150829
2.29,2.247333333333333,2.332666666666667,False,185.98397121658357,True,0.7571601330199094,-2.1999999999999997,0.03649697848551487,-28.754861769163522,2.2936666666666663,0.003666666666666263,185.2087192447773,True,0.9953956925290275,0.7752519718062558,0.07231524737273841,,-2.4199594321695805,True,-1.7000000000000033,-1.9317017722055787
2.3,2.2573333333333334,2.3426666666666667,False,185.98397121658357,True,0.7571601330199094,-2.1999999999999997,0.0360984650919676,-28.850225278374637,2.3036666666666665,0.003666666666666707,185.93859194121544,True,0.986175734225233,0.04537927536813413,0.004224650763973035,,-2.351868835560813,True,-1.7000000000000033,-1.863611175596811
2.31,2.267333333333333,2.3526666666666665,False,185.98397121658357,True,0.8266685594724995,-2.1999999999999997,0.03593617609310862,-28.889362745996277,2.3136666666666663,0.003666666666666263,186.50569124860317,True,0.9796266051077082,0.5217200320196014,-0.048496383398660234,,-2.29914780139818,True,-1.7000000000000033,-1.81089014143418
2.32,2.2773333333333334,2.3626666666666667,False,187.0613654014066,True,0.8266685594724996,-2.0999999999999996,0.03493549711002399,-29.134661452598483,2.3236666666666665,0.003666666666666707,187.02872211879807,True,0.9773095117237376,0.03264328260851812,0.0030213664758239125,,-2.2506655512726663,True,-1.6000000000000023,-1.7624078913086663
2.33,2.287333333333333,2.3726666666666665,False,187.0613654014066,True,0.8266685594724996,-2.0999999999999996,0.033309556818115954,-29.548622910707913,2.3336666666666663,0.003666666666666263,187.0062773126145,True,0.9723768708544805,0.05508808879210392,0.005099097853659902,,-2.2527432826505027,True,-1.6000000000000023,-1.7644856226865007
2.34,2.2973333333333334,2.3826666666666667,False,187.0613654014066,True,0.7571601330199094,-2.0999999999999996,0.03201737026389117,-29.89228683170841,2.343666666666666,0.003666666666666263,187.28291625221397,True,0.9633171596451918,0.22155085080737535,-0.020492174722479366,,-2.2271520100743603,True,-1.6000000000000023,-1.7388943501103586
2.35,2.3073333333333332,2.3926666666666665,False,187.0613654014066,True,0.6860828109301793,-2.0999999999999996,0.030664104094943828,-30.267394389173376,2.3536666666666664,0.003666666666666263,186.66921015934395,True,0.8876256780221591,0.39215524206264263,0.036331667845364096,,-2.2839758526422056,True,-1.6000000000000023,-1.7957181926782044
2.36,2.3173333333333335,2.4026666666666667,False,187.0613654014066,True,0.6159498854580681,-2.0999999999999996,0.028660417425927537,-30.854349771825298,2.363666666666666,0.003666666666666263,181.10203643505074,True,0.8620841719186094,5.959328966355855,0.5605062507066894,,-2.8081504355035305,False,-1.6000000000000023,-2.319892775539529
2.37,2.3273333333333333,2.4126666666666665,False,185.98397121658357,True,0.6159498854580681,-2.1999999999999997,0.026156412058669063,-31.64843659073923,2.3736666666666664,0.003666666666666263,182.1831887059262,True,0.9580124792757867,3.8007825106573705,0.3574614242221754,,-2.705105609019017,True,-1.7000000000000033,-2.2168479490550155
2.38,2.3373333333333335,2.4226666666666667,False,185.98397121658357,True,0.5485250542599845,-2.1999999999999997,0.02286147352214059,-32.81791561712566,2.383666666666666,0.003666666666666263,182.06272334319237,True,0.965929219517227,3.921247873391195,0.3689126849448318,,-2.716556869741673,True,-1.7000000000000033,-2.228299209777672
2.39,2.3473333333333333,2.4326666666666665,False,181.73609144327253,True,0.4849868077159114,-2.599999999999998,0.019393630042238,-34.246817867151165,2.3936666666666664,0.003666666666666263,180.30911232700177,True,0.9495320853877552,1.4269791162707577,0.13647177758328877,pyin_probability_below_0.5,-2.884115962380128,False,-2.0999999999999996,-2.395858302416129
2.4,2.3573333333333335,2.4426666666666668,False,181.73609144327253,True,0.6159498854580678,-2.599999999999998,0.016405378587662472,-35.700274858578396,2.403666666666666,0.003666666666666263,179.39174893674868,True,0.9366622000431342,2.3443425065238443,0.2247770529342844,,-2.9724212377311217,True,-2.0999999999999996,-2.4841635777671205
2.41,2.3673333333333333,2.4526666666666666,False,180.68936857950385,True,0.7571601330199091,-2.6999999999999966,0.014684484698623719,-36.66282577883425,2.4136666666666664,0.003666666666666263,180.32321072405767,True,0.942442763106403,0.3661578554461755,0.03511817595233727,,-2.882762360749173,True,-2.1999999999999975,-2.394504700785173
2.42,2.3773333333333335,2.462666666666667,False,182.78887791090543,True,0.6159498854580678,-2.499999999999999,0.013656239597625837,-37.29337744329419,2.423666666666666,0.003666666666666263,182.4044891321621,True,0.930141811165347,0.3843887787433289,0.03644464810421647,,-2.6840888329010575,True,-2.0000000000000004,-2.1958311729370563
2.43,2.3873333333333333,2.4726666666666666,False,184.9127823656466,True,0.1504646013433388,-2.3,0.012908451655181166,-37.78251694853389,2.4336666666666664,0.003666666666666263,180.66592039773488,True,0.8677809344719375,4.2468619679117126,0.40224677993998315,pyin_probability_below_0.5,-2.8498909647368227,False,-1.800000000000001,-2.3616333047728224
2.44,2.3973333333333335,2.482666666666667,False,177.5852333780714,True,0.010824463728234165,-3.000000000000001,0.01269664386327037,-37.92622124117129,2.443666666666666,0.003666666666666263,177.9668405396833,True,0.7832147012698428,0.3816071616118961,-0.03716201443832479,pyin_probability_below_0.5,-3.110482170358516,False,-2.5000000000000036,-2.6222245103945148
2.45,2.4073333333333333,2.4926666666666666,False,177.5852333780714,True,0.010001873046012553,-3.000000000000001,0.01153621221013139,-38.7587352729482,2.4536666666666664,0.003666666666666263,177.96836976423984,True,0.6643970538611563,0.38313638616844514,-0.037310774411732556,pyin_probability_below_0.5,-3.110333410385108,False,-2.5000000000000036,-2.6220757504211076
2.46,2.417333333333333,2.502666666666667,False,,False,0.01000007810228032,,0.010957386272863797,-39.205860564196946,2.4636666666666662,0.003666666666666263,,False,0.0,,,,,False,,
2.47,2.4273333333333333,2.5126666666666666,False,,False,0.010000000021701594,,0.012139585133459222,-38.31592309771613,2.4736666666666665,0.003666666666666263,,False,0.0,,,,,False,,
2.48,2.437333333333333,2.522666666666667,False,,False,0.0100028158258111,,0.01612655976181414,-35.84916539346441,2.4836666666666662,0.003666666666666263,,False,0.0,,,,,False,,
2.49,2.4473333333333334,2.5326666666666666,False,214.87708272009507,True,0.010824463728234169,0.3000000000000021,0.02098014243565221,-33.56383135353769,2.4936666666666665,0.003666666666666263,,False,0.0,,,pyin_probability_below_0.5|voicing_disagreement,,False,0.8000000000000002,
2.5,2.457333333333333,2.542666666666667,False,213.63948179230545,True,0.026168028608935755,0.19999999999999687,0.026227268472162807,-31.624938762527414,2.5036666666666663,0.003666666666666263,225.49011755505012,True,0.5998052423047874,11.850635762744673,-0.9346309998809972,pyin_probability_below_0.5,0.9869868150841574,False,0.699999999999998,1.4752444750481588
2.51,2.4673333333333334,2.5526666666666666,False,213.63948179230545,True,0.10857977072874497,0.19999999999999687,0.03164816328027613,-29.993029789006624,2.5136666666666665,0.003666666666666707,213.96516013814718,True,0.792897806914862,0.3256783458417374,-0.02637134844196772,pyin_probability_below_0.5,0.07872716364512763,False,0.699999999999998,0.5669848236091273
2.52,2.477333333333333,2.562666666666667,False,212.40900892134297,True,0.32333605839064083,0.10000000000000017,0.035725772114666994,-28.940367527008185,2.5236666666666663,0.003666666666666263,212.99437126671256,True,0.9449323587169877,0.5853623453695889,-0.04764418479683949,pyin_probability_below_0.5,0.0,False,0.5999999999999976,0.4882576599640017
2.53,2.4873333333333334,2.5726666666666667,False,212.40900892134297,True,0.5485250542599845,0.10000000000000017,0.03891799131130499,-28.196991664542622,2.5336666666666665,0.003666666666666707,212.71971772027044,True,0.9776998976381991,0.3107087989274646,-0.025305735139221006,,-0.022338449657617512,True,0.5999999999999976,0.4659192103063838
2.54,2.497333333333333,2.582666666666667,False,212.40900892134297,True,0.6159498854580681,0.10000000000000017,0.04232556193022148,-27.467945346448168,2.5436666666666663,0.003666666666666263,212.7860812283098,True,0.9866445084990834,0.3770723069668236,-0.03070593254892626,,-0.016938252247914273,True,0.5999999999999976,0.4713194077160875
2.55,2.5073333333333334,2.5926666666666667,False,212.40900892134297,True,0.7571601330199093,0.10000000000000017,0.04519050664245278,-26.899055793075846,2.5536666666666665,0.003666666666666707,212.95348966386598,True,0.9898983657882466,0.5444807425230067,-0.04432097885838758,,-0.003323205938450706,True,0.5999999999999976,0.48493445402554863
2.56,2.517333333333333,2.6026666666666665,False,212.40900892134297,True,0.8911444948731204,0.10000000000000017,0.04677627212462583,-26.599487852425362,2.5636666666666663,0.003666666666666263,212.92385000856086,True,0.9931027224753465,0.5148410872178886,-0.041911215493700915,,-0.005732969303139665,True,0.5999999999999976,0.4825246906608622
2.57,2.5273333333333334,2.6126666666666667,False,212.40900892134297,True,0.8266685594724996,0.10000000000000017,0.04742324978419161,-26.480173766759197,2.5736666666666665,0.003666666666666707,213.12778042333017,True,0.992396855833984,0.7187715019871916,-0.05848438547750271,,0.010840200680661381,True,0.5999999999999976,0.49909786064466477
2.58,2.537333333333333,2.6226666666666665,False,213.63948179230545,True,0.8266685594724995,0.19999999999999687,0.04840488086291887,-26.30221688902978,2.5836666666666663,0.003666666666666263,213.21874452275944,True,0.9918741921628403,0.42073726954600943,0.034128189536017955,,0.018227625667140247,True,0.699999999999998,0.5064852856311385
2.59,2.5473333333333334,2.6326666666666667,False,213.63948179230545,True,0.8266685594724995,0.19999999999999687,0.04861325074694603,-26.26490673742417,2.593666666666666,0.003666666666666263,213.02800002981996,True,0.9836474824744321,0.6114817624854822,0.04962266015013711,,0.0027331550530216636,True,0.699999999999998,0.490990815017023
2.6,2.5573333333333332,2.6426666666666665,False,213.63948179230545,True,0.8266685594724996,0.19999999999999687,0.04821386490491722,-26.336561066834008,2.6036666666666664,0.003666666666666263,212.46659707740648,True,0.9584070395586615,1.17288471489897,0.09530692862555484,,-0.04295111342239407,True,0.699999999999998,0.4453065465416063
2.61,2.5673333333333335,2.6526666666666667,False,213.63948179230545,True,0.8266685594724995,0.19999999999999687,0.04810644257848562,-26.35593515072714,2.613666666666666,0.003666666666666263,213.94903980038328,True,0.9629378758329702,0.30955800807782907,-0.0250669711795842,,0.07742278638274241,True,0.699999999999998,0.5656804463467455
2.62,2.5773333333333333,2.6626666666666665,False,213.63948179230545,True,0.8266685594724995,0.19999999999999687,0.04799874724095166,-26.375401949755673,2.6236666666666664,0.003666666666666263,215.47538826489532,True,0.9913850527579577,1.835906472589869,-0.1481376391721786,,0.20049345437533656,True,0.699999999999998,0.6887511143393381
2.63,2.5873333333333335,2.6726666666666667,False,213.63948179230545,True,0.8266685594724996,0.19999999999999687,0.047391964145911285,-26.485905834429726,2.633666666666666,0.003666666666666263,215.1306360045031,True,0.9949977768087294,1.4911542121976424,-0.12041638375214264,,0.17277219895530083,True,0.699999999999998,0.6610298589193013
2.64,2.5973333333333333,2.6826666666666665,False,214.87708272009507,True,0.8911444948731204,0.3000000000000021,0.04705649856560995,-26.547607828881304,2.6436666666666664,0.003666666666666263,215.12778573799346,True,0.9932933156705636,0.2507030178983882,-0.020187010976100716,,0.17254282617926314,True,0.8000000000000002,0.6608004861432637
2.65,2.6073333333333335,2.6926666666666668,False,214.87708272009507,True,0.9459302094659093,0.3000000000000021,0.04741463671146767,-26.481751452683984,2.653666666666666,0.003666666666666263,215.26867219823237,True,0.9947569512201344,0.3915894781372913,-0.0315210933660606,,0.18387690856922395,True,0.8000000000000002,0.6721345685332264
2.66,2.6173333333333333,2.7026666666666666,False,214.87708272009507,True,0.9459302094659092,0.3000000000000021,0.04677140251742277,-26.600392137239425,2.6636666666666664,0.003666666666666263,215.40622873509753,True,0.9946806067946291,0.5291460150024534,-0.04258013432129676,,0.1949359495244599,True,0.8000000000000002,0.6831936094884612
2.67,2.6273333333333335,2.712666666666667,False,214.87708272009507,True,0.8911444948731204,0.3000000000000021,0.04629996110732721,-26.688387475917512,2.673666666666666,0.003666666666666263,214.80150827665304,True,0.9960507730490217,0.07557444344203645,0.006089996281722673,,0.1462658189214385,True,0.8000000000000002,0.6345234788854395
2.68,2.6373333333333333,2.7226666666666666,False,214.87708272009507,True,0.8911444948731204,0.3000000000000021,0.04614210086159717,-26.71805271652918,2.6836666666666664,0.003666666666666263,214.75619013537334,True,0.9976367983565818,0.12089258472173015,0.009742884347979826,,0.1426129308551848,True,0.8000000000000002,0.6308705908191852
2.69,2.6473333333333335,2.732666666666667,False,214.87708272009507,True,0.8911444948731204,0.3000000000000021,0.045034131515815264,-26.929164164355836,2.693666666666666,0.003666666666666263,214.52167653051416,True,0.9965462714728935,0.3554061895809184,0.028658277365737724,,0.12369753783742483,True,0.8000000000000002,0.6119551978014258
2.7,2.6573333333333333,2.7426666666666666,False,214.87708272009507,True,0.8911444948731204,0.3000000000000021,0.04403212219905213,-27.124607650279366,2.7036666666666664,0.003666666666666263,214.18201378337798,True,0.9951654746498347,0.6950689367170924,0.05609148353460175,,0.096264331668561,True,0.8000000000000002,0.5845219916325628
2.71,2.667333333333333,2.752666666666667,False,214.87708272009507,True,0.8911444948731204,0.3000000000000021,0.04362284344375295,-27.205720589138117,2.7136666666666662,0.003666666666666263,215.23256632635628,True,0.9865134904590462,0.35548360626120257,-0.028617142839743728,,0.18097295804290617,True,0.8000000000000002,0.6692306180069085
2.72,2.6773333333333333,2.7626666666666666,False,214.87708272009507,True,0.9459302094659092,0.3000000000000021,0.04306548910596835,-27.317412320486785,2.7236666666666665,0.003666666666666263,215.15668959779796,True,0.9839421827186547,0.2796068777028893,-0.02251288370386867,,0.17486869890702933,True,0.8000000000000002,0.6631263588710329
2.73,2.687333333333333,2.772666666666667,False,213.63948179230545,True,0.9459302094659092,0.19999999999999687,0.042293509790143485,-27.47452545561353,2.7336666666666662,0.003666666666666263,214.095487886451,True,0.9931118301613657,0.4560060941455504,-0.03691321176972778,,0.08926902697288601,True,0.699999999999998,0.5775266869368867
2.74,2.6973333333333334,2.7826666666666666,False,213.63948179230545,True,0.8911444948731204,0.19999999999999687,0.04113341932753159,-27.716103741567068,2.7436666666666665,0.003666666666666263,213.70166423205697,True,0.9932645995936119,0.06218243975152404,-0.0050382397629238455,,0.05739405496608381,True,0.699999999999998,0.5456517149300826
2.75,2.707333333333333,2.792666666666667,False,213.63948179230545,True,0.8911444948731204,0.19999999999999687,0.040299192687802805,-27.894073079532294,2.7536666666666663,0.003666666666666263,212.0327575976512,True,0.9897367745094046,1.606724194654248,0.13069345783497363,,-0.07833764263181656,True,0.699999999999998,0.4099200173321843
2.76,2.7173333333333334,2.8026666666666666,False,212.40900892134297,True,0.8911444948731203,0.10000000000000017,0.038928062439934144,-28.194744236238265,2.7636666666666665,0.003666666666666707,209.41963485928483,True,0.9936667674216779,2.989374062058147,0.24537891760094915,,-0.2930231023977896,True,0.5999999999999976,0.1952345575662111
2.77,2.727333333333333,2.812666666666667,False,211.18562305262122,True,0.8911444948731204,0.0,0.03772690420355197,-28.46697661396364,2.7736666666666663,0.003666666666666263,209.90325624645874,True,0.9887138554275101,1.2823668061624858,0.10544490964044698,,-0.2530890944372847,True,0.49999999999999706,0.2351685655267155
2.78,2.7373333333333334,2.8226666666666667,False,211.18562305262122,True,0.8911444948731203,0.0,0.037246535338356826,-28.57828237960973,2.7836666666666665,0.003666666666666707,210.74050554880205,True,0.9864355880625982,0.44511750381917636,0.036527856991611006,,-0.18417204178845067,True,0.49999999999999706,0.30408561817554985
2.79,2.747333333333333,2.832666666666667,False,211.18562305262122,True,0.8266685594724996,0.0,0.03691707971905543,-28.655453212543676,2.7936666666666663,0.003666666666666263,210.5941792106551,True,0.9971027181672473,0.591443841966111,0.048552746383498956,,-0.19619693118033743,True,0.49999999999999706,0.2920607287836614
2.8,2.7573333333333334,2.8426666666666667,False,211.18562305262122,True,0.8266685594724995,0.0,0.037038561286463,-28.626917825053283,2.8036666666666665,0.003666666666666707,210.36799107397383,True,0.9940047970160084,0.8176319786473982,0.06715701389460904,,-0.21480119869144976,True,0.49999999999999706,0.2734564612725514
2.81,2.767333333333333,2.8526666666666665,False,211.18562305262122,True,0.8266685594724995,0.0,0.03801491855564522,-28.40091871244723,2.8136666666666663,0.003666666666666263,210.6599302213816,True,0.9934138286546232,0.5256928312396383,0.04314838892295781,,-0.19079257371979752,True,0.49999999999999706,0.29746508624420226
2.82,2.7773333333333334,2.8626666666666667,False,211.18562305262122,True,0.8911444948731204,0.0,0.039205480108983164,-28.133064468392902,2.8236666666666665,0.003666666666666707,211.1269320234943,True,0.997147868209686,0.05869102912691915,0.004811976695085784,,-0.15245616149192626,True,0.49999999999999706,0.3358014984720754
2.83,2.787333333333333,2.8726666666666665,False,211.18562305262122,True,0.8911444948731204,0.0,0.04004250371112756,-27.94957551000207,2.8336666666666663,0.003666666666666263,211.3191231115947,True,0.9952902618996041,0.13350005897348183,-0.010940461968163532,,-0.13670372282867677,True,0.49999999999999706,0.35155393713532396
2.84,2.7973333333333334,2.8826666666666667,False,212.40900892134297,True,0.7571601330199093,0.10000000000000017,0.041369247711993004,-27.666447531087016,2.843666666666666,0.003666666666666263,211.67487917924657,True,0.9952961450952192,0.7341297420963997,0.05993869190331575,,-0.10758287670015665,True,0.5999999999999976,0.3806747832638453
2.85,2.8073333333333332,2.8926666666666665,False,213.63948179230545,True,0.6860828109301792,0.19999999999999687,0.0434097442454203,-27.248255457208902,2.8536666666666664,0.003666666666666263,212.18679357217843,True,0.9960658611876273,1.4526882201270155,0.11812108417293646,,-0.06576526896977665,True,0.699999999999998,0.4224923909942235
2.86,2.8173333333333335,2.9026666666666667,False,213.63948179230545,True,0.6860828109301793,0.19999999999999687,0.04597564777104585,-26.749442861630698,2.863666666666666,0.003666666666666263,212.54890967073266,True,0.9899174942654342,1.0905721215727908,0.0886011795998176,,-0.036245364396659485,True,0.699999999999998,0.45201229556734296
2.87,2.8273333333333333,2.9126666666666665,False,213.63948179230545,True,0.7571601330199093,0.19999999999999687,0.04845834105365376,-26.292629155838302,2.8736666666666664,0.003666666666666263,213.63669463552807,True,0.9672057287469431,0.0027871567773729566,0.00022585957183543626,,0.05212995563132304,True,0.699999999999998,0.5403876155953244
2.88,2.8373333333333335,2.9226666666666667,False,213.63948179230545,True,0.7571601330199093,0.19999999999999687,0.050658233840928275,-25.90699911227138,2.883666666666666,0.003666666666666263,214.34436531439192,True,0.9708354826306974,0.704883522086476,-0.057026425913541276,,0.10938224111669859,True,0.699999999999998,0.5976399010806998
2.89,2.8473333333333333,2.9326666666666665,False,213.63948179230545,True,0.8266685594724996,0.19999999999999687,0.05263549678133204,-25.57442547552512,2.8936666666666664,0.003666666666666263,214.3361895849851,True,0.9856973881903366,0.6967077926796605,-0.0563660693396325,,0.10872188454278991,True,0.699999999999998,0.596979544506793
2.9,2.8573333333333335,2.9426666666666668,False,213.63948179230545,True,0.8266685594724996,0.19999999999999687,0.054140185938055155,-25.32960514059999,2.903666666666666,0.003666666666666263,214.06307740014157,True,0.9922022869340471,0.4235956078361198,-0.03429221375160853,,0.08664802895476725,True,0.699999999999998,0.5749056889187667
2.91,2.8673333333333333,2.9526666666666666,False,213.63948179230545,True,0.8911444948731204,0.19999999999999687,0.05505690927270505,-25.1837634445728,2.9136666666666664,0.003666666666666263,213.79937119773908,True,0.9947565291429982,0.15988940543363128,-0.012951840654913623,,0.06530765585807478,True,0.699999999999998,0.5535653158220742
2.92,2.8773333333333335,2.962666666666667,False,213.63948179230545,True,0.8911444948731203,0.19999999999999687,0.05597460101237142,-25.04017986788369,2.923666666666666,0.003666666666666263,213.64086740480897,True,0.9969302521825342,0.0013856125035260902,-0.00011228316722009408,,0.0524680983703788,True,0.699999999999998,0.540725758334379
2.93,2.8873333333333333,2.9726666666666666,False,213.63948179230545,True,0.9459302094659091,0.19999999999999687,0.05593533099271972,-25.046275753470756,2.9336666666666664,0.003666666666666263,213.56883895066025,True,0.9965861105394139,0.07064284164519563,0.005725510855266891,,0.0466303043478919,True,0.699999999999998,0.5348879643118947
2.94,2.8973333333333335,2.982666666666667,False,213.63948179230545,True,0.9459302094659092,0.19999999999999687,0.05450543940467434,-25.27120309738194,2.943666666666666,0.003666666666666263,213.44563116392771,True,0.9954008510495218,0.19385062837773148,0.015715875882636673,,0.03663993932051976,True,0.699999999999998,0.5248975992845193
2.95,2.9073333333333333,2.9926666666666666,False,213.63948179230545,True,0.9848789761259924,0.19999999999999687,0.05187535143444908,-25.700778962021115,2.9536666666666664,0.003666666666666263,213.3756041125239,True,0.9970488412994007,0.26387767978155807,0.021396624955740767,,0.030959190247420026,True,0.699999999999998,0.5192168502114206
2.96,2.917333333333333,3.002666666666667,False,213.63948179230545,True,0.9459302094659093,0.19999999999999687,0.049058317126440695,-26.18574707417684,2.9636666666666662,0.003666666666666263,213.11119954408844,True,0.9951643203105679,0.5282822482170104,0.0428625294725772,,0.009493285730584257,True,0.699999999999998,0.49775094569458234
2.97,2.9273333333333333,3.0126666666666666,False,213.63948179230545,True,0.9459302094659092,0.19999999999999687,0.04628783601630949,-26.690662445326122,2.9736666666666665,0.003666666666666263,212.5229470932426,True,0.9856191079470201,1.1165346990628393,0.09071598901347183,,-0.038360173810314216,True,0.699999999999998,0.4498974861536852
2.98,2.937333333333333,3.022666666666667,False,213.63948179230545,True,0.9459302094659092,0.19999999999999687,0.042988092222092246,-27.3330365620947,2.9836666666666662,0.003666666666666263,211.9555713663612,True,0.9623972449003476,1.683910425944248,0.13699681215282353,,-0.08464099694966275,True,0.699999999999998,0.4036166630143367
2.99,2.9473333333333334,3.0326666666666666,False,213.63948179230545,True,0.8911444948731202,0.19999999999999687,0.03925604884308833,-28.12186829339459,2.9936666666666665,0.003666666666666263,213.3384485137206,True,0.9596117254313622,0.3010332785848391,0.024411526270958613,,0.0279442889321994,True,0.699999999999998,0.5162019488961997
3.0,2.957333333333333,3.042666666666667,False,213.63948179230545,True,0.8266685594724996,0.19999999999999687,0.03600840916466111,-28.87192130279962,3.0036666666666663,0.003666666666666263,215.72686609593325,True,0.9859513700791452,2.0873843036278004,-0.16833080971500336,,0.22068662491816116,True,0.699999999999998,0.7089442848821632
3.01,2.9673333333333334,3.0526666666666666,False,213.63948179230545,True,0.6860828109301793,0.19999999999999687,0.03299973671886356,-29.629790500624594,3.0136666666666665,0.003666666666666707,217.24695126156774,True,0.9893910927113877,3.6074694692622984,-0.28989169413949917,,0.34224750934265763,True,0.699999999999998,0.8305051693066602
3.02,2.977333333333333,3.062666666666667,False,216.12185299712482,True,0.6159498854580681,0.4000000000000011,0.03031172451999418,-30.367787093688747,3.0236666666666663,0.003666666666666263,219.20906863620164,True,0.9869469653669447,3.087215639076817,-0.24555032348427613,,0.4979061386874375,True,0.8999999999999985,0.9861637986514384
3.03,2.9873333333333334,3.0726666666666667,False,218.63306796596578,True,0.8266685594724995,0.6000000000000013,0.029127025563499272,-30.71407726063224,3.0336666666666665,0.003666666666666707,220.37789904607553,True,0.9846651271748028,1.7448310801097477,-0.13761509885926887,,0.5899709140624291,True,1.099999999999998,1.0782285740264308
3.04,2.997333333333333,3.082666666666667,False,218.63306796596578,True,0.8266685594724995,0.6000000000000013,0.02866515947882005,-30.852912753642485,3.0436666666666663,0.003666666666666263,220.89751178621194,True,0.9887896543467545,2.264443820246157,-0.1783865382706762,,0.6307423534738381,True,1.099999999999998,1.11900001343784
3.05,3.0073333333333334,3.0926666666666667,False,218.63306796596578,True,0.8266685594724995,0.6000000000000013,0.02803113570531273,-31.04718612145612,3.0536666666666665,0.003666666666666707,220.65911185508483,True,0.9906550131373372,2.0260438891190518,-0.15969239595379076,,0.6120482111569523,True,1.099999999999998,1.100305871120952
3.06,3.017333333333333,3.1026666666666665,False,218.63306796596578,True,0.6860828109301793,0.6000000000000013,0.02799995349511986,-31.056853799462473,3.0636666666666663,0.003666666666666263,219.655186803868,True,0.9868158858561369,1.0221188379022124,-0.08074732201963457,,0.5331031372227957,True,1.099999999999998,1.021360797186795
3.07,3.0273333333333334,3.1126666666666667,False,216.12185299712482,True,0.5485250542599844,0.4000000000000011,0.02874453984280534,-30.828892787380507,3.0736666666666665,0.003666666666666707,217.58511989726313,True,0.9885475316662226,1.4632669001383078,-0.11681929278289324,,0.36917510798605263,True,0.8999999999999985,0.8574327679500549
3.08,3.037333333333333,3.1226666666666665,False,213.63948179230545,True,0.37213589829750876,0.19999999999999687,0.030235243793385734,-30.389730504649933,3.0836666666666663,0.003666666666666263,214.71890554609865,True,0.9892742702760277,1.0794237537932077,-0.08725119743841808,pyin_probability_below_0.5,0.1396070126415755,False,0.699999999999998,0.627864672605577
3.09,3.0473333333333334,3.1326666666666667,False,209.96928336801093,True,0.2796051653363589,-0.09999999999999873,0.03081423438783084,-30.224972366078728,3.0936666666666666,0.003666666666666707,212.28236983806448,True,0.9847203342213645,2.3130864700535483,-0.18967523663640462,pyin_probability_below_0.5,-0.057968948160435484,False,0.4000000000000011,0.4302887118035642
3.1,3.0573333333333332,3.1426666666666665,False,207.55758045272898,True,0.15046460134333883,-0.2999999999999981,0.03066455118523374,-30.267267747658128,3.1036666666666664,0.003666666666666263,210.17354301801552,True,0.9613328750492728,2.6159625652865373,-0.2168333845821256,pyin_probability_below_0.5,-0.23081080021471273,False,0.20000000000000068,0.2574468597492869
3.11,3.0673333333333335,3.1526666666666667,False,205.1735783080468,True,0.09203757081218102,-0.4999999999999981,0.030273704292699374,-30.378688709741315,3.113666666666666,0.003666666666666263,207.11166695253883,True,0.9244798903361594,1.9380886444920122,-0.16276642471733205,pyin_probability_below_0.5,-0.4848777600795065,False,0.0,0.003379899884495035
3.12,3.0773333333333333,3.1626666666666665,False,203.99186545315516,True,0.056071395445892624,-0.6000000000000011,0.030073108179025292,-30.43643366928994,3.1236666666666664,0.003666666666666263,203.3584426171743,True,0.9106839037368919,0.6334228359808662,0.05384083641201119,pyin_probability_below_0.5,-0.8014850212088532,False,-0.10000000000000452,-0.3132273612448531
3.13,3.0873333333333335,3.1726666666666667,False,201.6488190383855,True,0.026168028608935752,-0.7999999999999988,0.02994493148562478,-30.4735335249961,3.133666666666666,0.003666666666666263,199.28813612809896,True,0.9187076128061189,2.360682910286556,0.2038695515190525,pyin_probability_below_0.5,-1.151513736315891,False,-0.30000000000000004,-0.6632560763518887
3.14,3.0973333333333333,3.1826666666666665,False,200.48740730303228,True,0.018187375734912182,-0.9000000000000006,0.029569740880506117,-30.583049623552327,3.1436666666666664,0.003666666666666263,196.18985642089217,True,0.9081447261997275,4.297550882140115,0.37513405495107577,pyin_probability_below_0.5,-1.4227782397479174,False,-0.4000000000000028,-0.9345205797839164
3.15,3.1073333333333335,3.1926666666666668,False,198.18461302324906,True,0.01646758759311301,-1.0999999999999999,0.02887928561428905,-30.78827108188838,3.153666666666666,0.003666666666666263,192.93205483818713,True,0.9059574449964093,5.252558185061929,0.4650251478785119,pyin_probability_below_0.5,-1.71266933267535,False,-0.6000000000000011,-1.2244116727113497
3.16,3.1173333333333333,3.2026666666666666,False,194.7799199939686,True,0.022944219124638603,-1.3999999999999984,0.027407190410076887,-31.242709659104555,3.1636666666666664,0.003666666666666263,189.70221126546326,True,0.9217393080673011,5.077708728505343,0.45730153142955476,pyin_probability_below_0.5,-2.004945716226392,False,-0.9000000000000006,-1.516688056262392
3.17,3.1273333333333335,3.212666666666667,False,192.54268179725335,True,0.03010686179419501,-1.6,0.02675341850584315,-31.452414333888527,3.173666666666666,0.003666666666666263,186.13659066737466,True,0.9274666740740934,6.406091129878689,0.5857992257543342,pyin_probability_below_0.5,-2.3334434105511743,False,-1.0999999999999999,-1.8451857505871718
3.18,3.1373333333333333,3.2226666666666666,False,188.14500086724917,True,0.04069733156888105,-1.9999999999999987,0.027425706585474142,-31.236843492225,3.1836666666666664,0.003666666666666263,182.95217970140604,True,0.9452929802654507,5.192821165843128,0.48454022960282445,pyin_probability_below_0.5,-2.6321844143996618,False,-1.4999999999999982,-2.143926754435663
3.19,3.1473333333333335,3.232666666666667,False,184.9127823656466,True,0.12793708630129036,-2.3,0.027623542546653654,-31.174412532665997,3.193666666666666,0.003666666666666263,180.62071416242298,True,0.9468124617024603,4.292068203223607,0.40657921666606334,pyin_probability_below_0.5,-2.854223401462902,False,-1.800000000000001,-2.365965741498902
3.2,3.1573333333333333,3.2426666666666666,False,181.73609144327253,True,0.2065067991177523,-2.599999999999998,0.027439564251533204,-31.23245579272936,3.2036666666666664,0.003666666666666263,178.1914296442367,True,0.9575442088879513,3.544661799035822,0.3410040769351571,pyin_probability_below_0.5,-3.0886482617319957,False,-2.0999999999999996,-2.6003906017679963
3.21,3.167333333333333,3.252666666666667,False,179.64867439581087,True,0.42606232904328145,-2.8,0.027383506068102487,-31.25021894832979,3.2136666666666662,0.003666666666666263,176.68387512341894,True,0.9618236587484601,2.9647992723919288,0.2880949216604535,pyin_probability_below_0.5,-3.235739106457296,False,-2.3000000000000016,-2.7474814464932944
3.22,3.1773333333333333,3.2626666666666666,False,176.56241769755178,True,0.48498680771591135,-3.0999999999999983,0.026673819067068165,-31.478295980906857,3.2236666666666665,0.003666666666666263,175.1895353948138,True,0.9610939661880189,1.3728823027379917,0.13514026778256794,pyin_probability_below_0.5,-3.382784452579405,False,-2.6000000000000005,-2.894526792615406
3.23,3.187333333333333,3.272666666666667,False,175.5454930018647,True,0.5485250542599845,-3.199999999999998,0.02571515125393715,-31.796218337177024,3.2336666666666662,0.003666666666666263,172.6997835146626,True,0.9657134588285963,2.8457094872021003,0.28294418626530143,,-3.6305883710621387,True,-2.699999999999999,-3.1423307110981376
3.24,3.1973333333333334,3.2826666666666666,False,173.52918104210445,True,0.5485250542599845,-3.4000000000000012,0.02496824078370981,-32.05224112321118,3.2436666666666665,0.003666666666666263,170.74288508035553,True,0.9496527859731119,2.7862959617489196,0.28023393350930537,,-3.827878118306146,True,-2.900000000000002,-3.3396204583421443
3.25,3.207333333333333,3.292666666666667,False,171.53602840047625,True,0.5485250542599845,-3.5999999999999988,0.02391856182163797,-32.4252987442612,3.2536666666666663,0.003666666666666263,168.87853926044275,True,0.958881265920997,2.657489140033505,0.2703074184388403,,-4.017951603235679,True,-3.100000000000001,-3.529693943271676
3.26,3.2173333333333334,3.3026666666666666,False,169.56576906952336,True,0.5485250542599845,-3.799999999999998,0.02193086897662419,-33.178883194743285,3.2636666666666665,0.003666666666666707,168.2261812370844,True,0.9552622668388864,1.3395878324389514,0.13731246247225656,,-4.084956647269095,True,-3.3000000000000007,-3.596698987305095
3.27,3.227333333333333,3.312666666666667,False,168.58914210463126,True,0.5485250542599845,-3.8999999999999986,0.020472911185028867,-33.776407952124615,3.2736666666666663,0.003666666666666263,167.61260132856435,True,0.9691859164984294,0.976540776066912,0.10057207788983363,,-4.148216262686672,True,-3.3999999999999986,-3.659958602722672
3.28,3.2373333333333334,3.3226666666666667,False,167.61814009714527,True,0.7571601330199094,-4.000000000000001,0.019834220745333635,-34.05169715174178,3.2836666666666665,0.003666666666666707,167.2089091645708,True,0.9878346938152609,0.4092309325744736,0.04231885558484925,,-4.189963040381691,True,-3.5000000000000027,-3.701705380417692
3.29,3.247333333333333,3.332666666666667,False,167.61814009714527,True,0.7571601330199093,-4.000000000000001,0.017674578713170862,-35.053018582842704,3.2936666666666663,0.003666666666666263,167.21828101283432,True,0.9712020115333212,0.39985908431094686,0.04134854794855092,,-4.188992732745393,True,-3.5000000000000027,-3.700735072781392
3.3,3.2573333333333334,3.3426666666666667,False,167.61814009714527,True,0.7571601330199094,-4.000000000000001,0.0167001128594575,-35.54561187755851,3.3036666666666665,0.003666666666666707,167.2289649686353,True,0.960840737172179,0.3891751285099758,0.040242458525489515,,-4.187886643322329,True,-3.5000000000000027,-3.6996289833583282
3.31,3.267333333333333,3.3526666666666665,False,166.65273064969477,True,0.7571601330199094,-4.099999999999997,0.01643788362531235,-35.683081970730626,3.3136666666666663,0.003666666666666263,166.94586843769264,True,0.9568050951484975,0.29313778799786405,-0.03042520272303028,,-4.217218982073809,True,-3.5999999999999988,-3.7289613221098072
3.32,3.2773333333333334,3.3626666666666667,False,166.65273064969477,True,0.7571601330199093,-4.099999999999997,0.016143501590884086,-35.84004518328073,3.3236666666666665,0.003666666666666707,166.4052920120479,True,0.974590610955392,0.2474386376468658,0.02572370243108767,,-4.273367887227926,True,-3.5999999999999988,-3.7851102272639237
3.33,3.287333333333333,3.3726666666666665,False,166.65273064969477,True,0.6860828109301793,-4.099999999999997,0.016199472790647783,-35.80998238549088,3.3336666666666663,0.003666666666666263,165.56293988719992,True,0.9926493453047217,1.0897907624948573,0.1135822183711276,,-4.361226403167965,True,-3.5999999999999988,-3.8729687432039643
3.34,3.2973333333333334,3.3826666666666667,False,166.65273064969477,True,0.7571601330199093,-4.099999999999997,0.016229733384840433,-35.793772290405315,3.3436666666666666,0.003666666666666707,165.00725826629233,True,0.9931803565485592,1.6454723834024492,0.1717856410662147,,-4.419429825863054,True,-3.5999999999999988,-3.931172165899053
3.35,3.3073333333333332,3.3926666666666665,False,166.65273064969477,True,0.7571601330199094,-4.099999999999997,0.015329344490346666,-36.28952831884464,3.3536666666666664,0.003666666666666263,165.41724526779186,True,0.9848494292910436,1.2354853819029188,0.12882370493071837,,-4.376467889727558,True,-3.5999999999999988,-3.8882102297635557
3.36,3.3173333333333335,3.4026666666666667,False,165.6928815515041,True,0.7571601330199093,-4.199999999999999,0.014213254386994445,-36.94612941894024,3.363666666666666,0.003666666666666263,166.36553006681055,True,0.9772556446691575,0.672648515306463,-0.07013908185092373,,-4.277505102945915,True,-3.700000000000001,-3.7892474429819147
3.37,3.3273333333333333,3.4126666666666665,False,166.65273064969477,True,0.6860828109301791,-4.099999999999997,0.014572145598720986,-36.72952996243005,3.3736666666666664,0.003666666666666263,166.42056587524067,True,0.9694544683590125,0.23216477445410533,0.024134725408300292,,-4.271778910205136,True,-3.5999999999999988,-3.7835212502411344
3.38,3.3373333333333335,3.4226666666666667,False,166.65273064969477,True,0.6860828109301792,-4.099999999999997,0.014820726062570119,-36.582610397790006,3.383666666666666,0.003666666666666263,166.3961220490832,True,0.9821656005241568,0.2566086006115711,0.02667774598057286,,-4.274321930777409,True,-3.5999999999999988,-3.7860642708134096
3.39,3.3473333333333333,3.4326666666666665,False,166.65273064969477,True,0.6860828109301793,-4.099999999999997,0.015526675055950115,-36.178430717308984,3.3936666666666664,0.003666666666666263,166.57601727773505,True,0.9902777051071294,0.07671337195972683,0.007971029194067352,,-4.255615213990905,True,-3.5999999999999988,-3.7673575540269044
3.4,3.3573333333333335,3.4426666666666668,False,166.65273064969477,True,0.8266685594724995,-4.099999999999997,0.01620612923919834,-35.80641404084161,3.403666666666666,0.003666666666666263,166.5483723504025,True,0.9890831066984866,0.10435829929227225,0.010844420700785833,,-4.258488605497625,True,-3.5999999999999988,-3.7702309455336254
3.41,3.3673333333333333,3.4526666666666666,False,166.65273064969477,True,0.8266685594724997,-4.099999999999997,0.015980793815388254,-35.92803303475815,3.4136666666666664,0.003666666666666263,166.36149274643589,True,0.985408457463029,0.29123790325888876,0.030281055139505235,,-4.277925239936343,True,-3.5999999999999988,-3.7896675799723427
3.42,3.3773333333333335,3.462666666666667,False,166.65273064969477,True,0.8911444948731203,-4.099999999999997,0.015291174042123636,-36.31118337162115,3.423666666666666,0.003666666666666263,166.69668754494128,True,0.989769387091801,0.043956895246509475,-0.004565760132130142,,-4.243078424664707,True,-3.5999999999999988,-3.7548207647007064
3.43,3.3873333333333333,3.4726666666666666,False,166.65273064969477,True,0.8911444948731202,-4.099999999999997,0.0149324094430081,-36.517402206683784,3.4336666666666664,0.003666666666666263,167.0351561605535,True,0.9812443752577289,0.3824255108587238,-0.0396818932699854,,-4.2079622915268535,True,-3.5999999999999988,-3.719704631562851
3.44,3.3973333333333335,3.482666666666667,False,166.65273064969477,True,0.8911444948731203,-4.099999999999997,0.014340414133298361,-36.86876613206839,3.443666666666666,0.003666666666666263,167.51036095202303,True,0.9749765131919902,0.8576303023282605,-0.08886451425862801,,-4.15877967053821,True,-3.5999999999999988,-3.670522010574209
3.45,3.4073333333333333,3.4926666666666666,False,167.61814009714527,True,0.7571601330199094,-4.000000000000001,0.01382015233732341,-37.189743395539864,3.4536666666666664,0.003666666666666263,167.84813286976726,True,0.9754785568879412,0.22999277262198348,-0.02373838525499883,,-4.123905799541843,True,-3.5000000000000027,-3.6356481395778415
3.46,3.417333333333333,3.502666666666667,False,168.58914210463126,True,0.37213589829750876,-3.8999999999999986,0.013748376261736223,-37.23497181443248,3.4636666666666662,0.003666666666666263,168.2474701556755,True,0.9812353268452955,0.3416719489557636,0.03512173516690557,pyin_probability_below_0.5,-4.082765919963743,False,-3.3999999999999986,-3.594508259999741
3.47,3.4273333333333333,3.5126666666666666,False,172.52972650401387,True,0.04069733156888105,-3.4999999999999964,0.014118518158245977,-37.00421766549816,3.4736666666666665,0.003666666666666263,170.16355748395364,True,0.9486475836214734,2.3661690200602266,0.23907427799666364,pyin_probability_below_0.5,-3.8867184627935023,False,-2.9999999999999987,-3.3984608028295016
3.48,3.437333333333333,3.522666666666667,False,180.68936857950385,True,0.020317628556360583,-2.6999999999999966,0.015456898873168116,-36.217552688776394,3.4836666666666662,0.003666666666666263,175.83630232335565,True,0.9483088880200966,4.853066256148196,0.47134404110873146,pyin_probability_below_0.5,-3.318988225905564,False,-2.1999999999999975,-2.8307305659415647
3.49,3.4473333333333334,3.5326666666666666,False,184.9127823656466,True,0.0779752376229482,-2.3,0.0175685242517751,-35.10529435031954,3.4936666666666665,0.003666666666666263,181.10891984047555,True,0.9622676692731884,3.8038625251710414,0.3598482482006967,pyin_probability_below_0.5,-2.8074924329975355,False,-1.800000000000001,-2.319234773033535
3.5,3.457333333333333,3.542666666666667,False,185.98397121658357,True,0.2407543944755743,-2.1999999999999997,0.01890775728070291,-34.4671996276236,3.5036666666666663,0.003666666666666263,184.03696038587728,True,0.9604753294120553,1.94701083070629,0.18219307426803558,pyin_probability_below_0.5,-2.529837259064874,False,-1.7000000000000033,-2.041579599100874
3.51,3.4673333333333334,3.5526666666666666,False,185.98397121658357,True,0.42606232904328145,-2.1999999999999997,0.02065642601503594,-33.69889636321902,3.5136666666666665,0.003666666666666707,186.177721663264,True,0.9550534724777772,0.19375044668043984,-0.018025896111092787,pyin_probability_below_0.5,-2.329618288685747,False,-1.7000000000000033,-1.8413606287217468
3.52,3.477333333333333,3.562666666666667,False,184.9127823656466,True,0.6159498854580681,-2.3,0.022041539246905027,-33.135161605574666,3.5236666666666663,0.003666666666666263,186.88399132112028,True,0.9588341014667051,1.971208955473685,-0.1835764202056295,,-2.264067764591207,True,-1.800000000000001,-1.7758101046272077
3.53,3.4873333333333334,3.5726666666666667,False,184.9127823656466,True,0.6159498854580681,-2.3,0.023735742338817478,-32.49194362219397,3.5336666666666665,0.003666666666666707,185.94152048335985,True,0.9711082167275108,1.0287381177132602,-0.09604801731938273,,-2.3515961674774566,True,-1.800000000000001,-1.8633385075134565
3.54,3.497333333333333,3.582666666666667,False,184.9127823656466,True,0.6860828109301792,-2.3,0.02499305292159045,-32.0436138242343,3.5436666666666663,0.003666666666666263,184.58325183870446,True,0.9796656744708804,0.32953052694213625,0.030879607188746327,,-2.478523791985584,True,-1.800000000000001,-1.990266132021584
3.55,3.5073333333333334,3.5926666666666667,False,183.84776310850236,True,0.6860828109301793,-2.399999999999998,0.025653714685776468,-31.816994793711807,3.5536666666666665,0.003666666666666707,183.91661626168246,True,0.991044729825827,0.06885315318010043,-0.006482461665693107,,-2.541161723131146,True,-1.9000000000000006,-2.0529040631671442
3.56,3.517333333333333,3.6026666666666665,False,183.84776310850236,True,0.615949885458068,-2.399999999999998,0.02563841683243824,-31.822175918605705,3.5636666666666663,0.003666666666666263,183.08748057309143,True,0.9877115251218288,0.760282535410937,0.07174175380801869,,-2.6193859386048572,True,-1.9000000000000006,-2.131128278640858
3.57,3.5273333333333334,3.6126666666666667,False,182.78887791090543,True,0.615949885458068,-2.499999999999999,0.025309816929697897,-31.934219923156167,3.5736666666666665,0.003666666666666707,181.95040092638234,True,0.9816022839010424,0.8384769845230835,0.07959671723168191,,-2.727240902028521,True,-2.0000000000000004,-2.238983242064519
3.58,3.537333333333333,3.6226666666666665,False,181.73609144327253,True,0.6159498854580681,-2.599999999999998,0.025530945853186875,-31.858661908998794,3.5836666666666663,0.003666666666666263,180.5913697498836,True,0.983549194677234,1.1447216933889308,0.10939208193344935,,-2.8570362667302875,True,-2.0999999999999996,-2.368778606766287
3.59,3.5473333333333334,3.6326666666666667,False,180.68936857950385,True,0.6860828109301793,-2.6999999999999966,0.02483963019308653,-32.097097482547966,3.5936666666666666,0.003666666666666707,178.95866621560242,True,0.9798918730290219,1.730702363901429,0.16662256984960594,,-3.0142667546464423,True,-2.1999999999999975,-2.5260090946824425
3.6,3.5573333333333332,3.6426666666666665,False,179.64867439581087,True,0.6860828109301793,-2.8,0.024157508898885332,-32.338957036156245,3.6036666666666664,0.003666666666666263,177.68102036350783,True,0.9707364983855858,1.9676540323030451,0.19066448372639488,,-3.138308668523237,True,-2.3000000000000016,-2.6500510085592355
3.61,3.5673333333333335,3.6526666666666667,False,178.6139741695516,True,0.7571601330199091,-2.8999999999999977,0.022974912169437325,-32.774922803974455,3.613666666666666,0.003666666666666263,176.52151502880878,True,0.971748519052132,2.092459140742818,0.2040110628991566,,-3.2516552476959957,True,-2.4000000000000004,-2.763397587731995
3.62,3.5773333333333333,3.6626666666666665,False,177.5852333780714,True,0.8266685594724994,-3.000000000000001,0.021095338851712275,-33.51626988419436,3.6236666666666664,0.003666666666666263,175.77839659456575,True,0.9725243834461218,1.806836783505645,0.17704621286274225,,-3.3246903976595847,True,-2.5000000000000036,-2.8364327376955836
3.63,3.5873333333333335,3.6726666666666667,False,176.56241769755178,True,0.7571601330199091,-3.0999999999999983,0.019461099154972114,-34.21665269198188,3.633666666666666,0.003666666666666263,175.49848107523698,True,0.9667874668649677,1.0639366223147988,0.10463694890594266,,-3.3522811337027787,True,-2.6000000000000005,-2.864023473738778
3.64,3.5973333333333333,3.6826666666666665,False,176.56241769755178,True,0.7571601330199091,-3.0999999999999983,0.01812153399592188,-34.83610083763663,3.6436666666666664,0.003666666666666263,175.02381591627042,True,0.9188683416175125,1.5386017812813577,0.15152452179158293,,-3.3991687065884206,True,-2.6000000000000005,-2.9109110466244212
3.65,3.6073333333333335,3.6926666666666668,False,175.5454930018647,True,0.6860828109301791,-3.199999999999998,0.0159273495981251,-35.95712974533937,3.653666666666666,0.003666666666666263,173.19994190436205,True,0.7779495867299208,2.345551097502664,0.2328781252646801,,-3.58052231006152,True,-2.699999999999999,-3.0922646500975186
3.66,3.6173333333333333,3.7026666666666666,False,175.5454930018647,True,0.5485250542599844,-3.199999999999998,0.013026294626786084,-37.703582064862594,3.6636666666666664,0.003666666666666263,178.50169885547507,True,0.5769332617552647,2.9562058536103564,-0.2891141796518357,,-3.0585300051450015,True,-2.699999999999999,-2.570272345181002
3.67,3.6273333333333335,3.712666666666667,False,175.5454930018647,True,0.3721358982975087,-3.199999999999998,0.010350059815736803,-39.70114280593961,3.673666666666666,0.003666666666666263,177.8808316379212,True,0.805706557178309,2.335338636056491,-0.2287931783438351,pyin_probability_below_0.5,-3.118851006453003,False,-2.699999999999999,-2.630593346489003
3.68,3.6373333333333333,3.7226666666666666,False,175.5454930018647,True,0.17653060863289757,-3.199999999999998,0.008259339156556965,-41.66109399824636,3.6836666666666664,0.003666666666666263,183.14087044255785,True,0.8881073485406513,7.595377440693142,-0.7333059362626125,pyin_probability_below_0.5,-2.614338248534224,False,-2.699999999999999,-2.126080588570224
3.69,3.6473333333333335,3.732666666666667,False,174.53442536143424,True,0.0229442191246386,-3.299999999999999,0.005496315830105574,-45.19856639476653,3.693666666666666,0.003666666666666263,182.5022551125284,True,0.8417826672371749,7.967829751094143,-0.7728320123450506,pyin_probability_below_0.5,-2.6748121724517873,False,-2.8,-2.186554512487786
3.7,3.6573333333333333,3.7426666666666666,False,178.6139741695516,True,0.06608151270920701,-2.8999999999999977,0.00417855633961819,-47.579474756999254,3.7036666666666664,0.003666666666666263,170.5558581171846,True,0.8709746379196126,8.058116052366984,0.7992077788924754,pyin_probability_below_0.5,-3.8468519636893133,False,-2.4000000000000004,-3.358594303725311
3.71,3.667333333333333,3.752666666666667,False,178.6139741695516,True,0.24075439447557423,-2.8999999999999977,0.0038009494171898036,-48.40215819847473,3.7136666666666662,0.003666666666666263,,False,0.0,,,pyin_probability_below_0.5|voicing_disagreement,,False,-2.4000000000000004,
3.72,3.6773333333333333,3.7626666666666666,False,180.68936857950385,True,0.10857977072874499,-2.6999999999999966,0.0028177867099967446,-51.00183767078712,3.7236666666666665,0.003666666666666263,,False,0.0,,,pyin_probability_below_0.5|voicing_disagreement,,False,-2.1999999999999975,
3.73,3.687333333333333,3.772666666666667,False,174.53442536143424,True,0.15046460134333883,-3.299999999999999,0.002306194410243564,-52.74208169679204,3.7336666666666662,0.003666666666666263,,False,0.0,,,pyin_probability_below_0.5|voicing_disagreement,,False,-2.8,
3.74,3.6973333333333334,3.7826666666666666,False,170.54805357686834,True,0.10857977072874499,-3.700000000000001,0.0018215880330566905,-54.79099670972165,3.7436666666666665,0.003666666666666263,,False,0.0,,,pyin_probability_below_0.5|voicing_disagreement,,False,-3.2000000000000006,
3.75,3.707333333333333,3.792666666666667,False,176.56241769755178,True,0.022944217079504357,-3.0999999999999983,0.0012517628425639039,-58.04955888452433,3.7536666666666663,0.003666666666666263,,False,0.0,,,pyin_probability_below_0.5|voicing_disagreement,,False,-2.6000000000000005,
3.76,3.7173333333333334,3.8026666666666666,False,176.56241769755178,True,0.010622609040911533,-3.0999999999999983,0.0007651957289145668,-62.324549254703825,3.7636666666666665,0.003666666666666707,,False,0.0,,,pyin_probability_below_0.5|voicing_disagreement,,False,-2.6000000000000005,
3.77,3.727333333333333,3.812666666666667,False,177.5852333780714,True,0.011422334250709074,-3.000000000000001,0.0007289068556932207,-62.74655930038822,3.7736666666666663,0.003666666666666263,,False,0.0,,,pyin_probability_below_0.5|voicing_disagreement,,False,-2.5000000000000036,
3.78,3.7373333333333334,3.8226666666666667,False,,False,0.010000802780927255,,0.000711343716415291,-62.95841000867982,3.7836666666666665,0.003666666666666707,,False,0.0,,,,,False,,
3.79,3.747333333333333,3.832666666666667,False,,False,0.010000078102280324,,0.0007499388851509726,-62.49948254345011,3.7936666666666663,0.003666666666666263,,False,0.0,,,,,False,,
3.8,3.7573333333333334,3.8426666666666667,False,,False,0.01000001622642284,,0.000804784730206504,-61.88640544819754,3.8036666666666665,0.003666666666666707,,False,0.0,,,,,False,,
3.81,3.767333333333333,3.8526666666666665,False,,False,0.010000009287486627,,0.0008734100111488052,-61.17563668883019,3.8136666666666663,0.003666666666666263,,False,0.0,,,,,False,,
3.82,3.7773333333333334,3.8626666666666667,False,,False,0.010000000814014906,,0.0009120687084735496,-60.79944887845485,3.8236666666666665,0.003666666666666707,,False,0.0,,,,,False,,
3.83,3.787333333333333,3.8726666666666665,False,,False,0.010000000417925077,,0.0009327018918787412,-60.6051428463948,3.8336666666666663,0.003666666666666263,,False,0.0,,,,,False,,
3.84,3.7973333333333334,3.8826666666666667,False,,False,0.010000000814014904,,0.000937342757443709,-60.56203143844979,3.8436666666666666,0.003666666666666707,,False,0.0,,,,,False,,
3.85,3.8073333333333332,3.8926666666666665,False,,False,0.010000002871100368,,0.0009328881208860258,-60.60340874126024,3.8536666666666664,0.003666666666666263,,False,0.0,,,,,False,,
3.86,3.8173333333333335,3.9026666666666667,False,,False,0.01000000928748663,,0.0008972193868349932,-60.94202701777572,3.863666666666666,0.003666666666666263,,False,0.0,,,,,False,,
3.87,3.8273333333333333,3.9126666666666665,False,,False,0.010000016226422838,,0.0008282742420299162,-61.6365168855394,3.8736666666666664,0.003666666666666263,,False,0.0,,,,,False,,
3.88,3.8373333333333335,3.9226666666666667,False,,False,0.010000016226422836,,0.0006889552765889305,-63.236179386551406,3.883666666666666,0.003666666666666263,,False,0.0,,,,,False,,
3.89,3.8473333333333333,3.9326666666666665,False,,False,0.010000078102280326,,0.0006289850850318974,-64.02719305501016,3.8936666666666664,0.003666666666666263,,False,0.0,,,,,False,,
3.9,3.8573333333333335,3.9426666666666668,False,,False,0.01000032860450166,,0.0005429125575738973,-65.30540225983253,3.903666666666666,0.003666666666666263,,False,0.0,,,,,False,,
3.91,3.8673333333333333,3.9526666666666666,False,,False,0.010000009287486629,,0.0004581372901980636,-66.78008714556826,3.9136666666666664,0.003666666666666263,,False,0.0,,,,,False,,
3.92,3.8773333333333335,3.962666666666667,False,,False,0.010000005216229447,,0.000402170520001362,-67.911795346589,3.923666666666666,0.003666666666666263,,False,0.0,,,,,False,,
3.93,3.8873333333333333,3.9726666666666666,False,,False,0.010000027850262288,,0.0004130590701672942,-67.67975673862603,3.9336666666666664,0.003666666666666263,,False,0.0,,,,,False,,
3.94,3.8973333333333335,3.982666666666667,False,,False,0.010001232964986121,,0.00041381389076076383,-67.66389870358951,3.943666666666666,0.003666666666666263,,False,0.0,,,,,False,,
3.95,3.9073333333333333,3.9926666666666666,False,,False,0.0100028158258111,,0.0004052103140480264,-67.84639017654433,3.9536666666666664,0.003666666666666263,,False,0.0,,,,,False,,
3.96,3.917333333333333,4.002666666666666,False,,False,0.01000020633903134,,0.00038649085687181566,-68.25721551264071,3.9636666666666662,0.003666666666666263,,False,0.0,,,,,False,,
3.97,3.9273333333333333,4.012666666666667,False,,False,0.01000419105279527,,0.00037421328323965745,-68.53761601308057,3.9736666666666665,0.003666666666666263,,False,0.0,,,,,False,,
3.98,3.937333333333333,4.022666666666667,False,,False,0.010006178555334078,,0.00035710200748709095,-68.94415416735043,3.9836666666666662,0.003666666666666263,,False,0.0,,,,,False,,
3.99,3.9473333333333334,4.032666666666667,False,,False,0.01002672467381077,,0.00038884221038258454,-68.20453193555272,3.9936666666666665,0.003666666666666263,,False,0.0,,,,,False,,
4.0,3.957333333333333,4.042666666666666,False,,False,0.010073751764282884,,0.00038836213045791656,-68.2152625029321,4.003666666666667,0.003666666666666707,,False,0.0,,,,,False,,
4.01,3.9673333333333334,4.052666666666667,False,,False,0.01001876450976914,,0.0003804634650660612,-68.39374082160072,4.0136666666666665,0.003666666666666707,,False,0.0,,,,,False,,
4.02,3.977333333333333,4.062666666666667,False,,False,0.010013068846238975,,0.0003520359920225591,-69.06825864306795,4.023666666666666,0.003666666666666707,,False,0.0,,,,,False,,
4.03,3.9873333333333334,4.072666666666667,False,,False,0.010009025493342986,,0.0003622070245173588,-68.82086262767584,4.033666666666666,0.0036666666666658188,,False,0.0,,,,,False,,
4.04,3.997333333333333,4.082666666666666,False,73.38268631239852,True,0.010013068846238975,-18.3,0.0003551815925971444,-68.99099099529185,4.043666666666667,0.003666666666666707,,False,0.0,,,pyin_probability_below_0.5|voicing_disagreement,,False,-17.800000000000004,
4.05,4.007333333333333,4.092666666666666,False,75.09792529669774,True,0.01001876450976914,-17.900000000000002,0.0003140887668047559,-70.05895191207742,4.0536666666666665,0.003666666666666707,,False,0.0,,,pyin_probability_below_0.5|voicing_disagreement,,False,-17.400000000000002,
4.06,4.017333333333333,4.102666666666667,False,73.38268631239852,True,0.010073751764282884,-18.3,0.00031296759261697024,-70.090012614968,4.063666666666666,0.003666666666666707,,False,0.0,,,pyin_probability_below_0.5|voicing_disagreement,,False,-17.800000000000004,
4.07,4.027333333333333,4.112666666666667,False,74.66539307480728,True,0.010002815825811102,-17.999999999999996,0.00030309481719481015,-70.36842979676098,4.073666666666666,0.0036666666666658188,,False,0.0,,,pyin_probability_below_0.5|voicing_disagreement,,False,-17.5,
4.08,4.037333333333334,4.1226666666666665,False,76.41061390843457,True,0.010000000814014904,-17.599999999999998,0.00027715685542981165,-71.14548749470359,4.083666666666667,0.003666666666666707,,False,0.0,,,pyin_probability_below_0.5|voicing_disagreement,,False,-17.1,
4.09,4.0473333333333334,4.132666666666666,False,73.38268631239852,True,0.010000009287486629,-18.3,0.0003090243262130923,-70.20014663646928,4.093666666666667,0.003666666666666707,,False,0.0,,,pyin_probability_below_0.5|voicing_disagreement,,False,-17.800000000000004,
4.1,4.057333333333333,4.142666666666667,False,73.38268631239852,True,0.01000419105279527,-18.3,0.00031740166764005113,-69.96781591551948,4.103666666666666,0.003666666666666707,,False,0.0,,,pyin_probability_below_0.5|voicing_disagreement,,False,-17.800000000000004,
4.11,4.067333333333333,4.152666666666667,False,73.80778788960703,True,0.010006178555334078,-18.2,0.00033655178786740655,-69.45896195988432,4.113666666666666,0.0036666666666658188,,False,0.0,,,pyin_probability_below_0.5|voicing_disagreement,,False,-17.700000000000003,
4.12,4.077333333333334,4.1626666666666665,False,73.80778788960703,True,0.010000127845232543,-18.2,0.0003560830766613232,-68.96897332557432,4.123666666666666,0.0036666666666658188,,False,0.0,,,pyin_probability_below_0.5|voicing_disagreement,,False,-17.700000000000003,
4.13,4.0873333333333335,4.172666666666666,False,72.53981427096451,True,0.010000516719604524,-18.5,0.00039136480566071696,-68.14836463613469,4.133666666666667,0.003666666666666707,,False,0.0,,,pyin_probability_below_0.5|voicing_disagreement,,False,-18.000000000000004,
4.14,4.097333333333333,4.182666666666667,False,74.66539307480728,True,0.01000123296498612,-17.999999999999996,0.0004153101093878882,-67.63254994520243,4.143666666666666,0.003666666666666707,,False,0.0,,,pyin_probability_below_0.5|voicing_disagreement,,False,-17.5,
4.15,4.107333333333333,4.192666666666667,False,72.53981427096451,True,0.01000617855533408,-18.5,0.0004332366711401602,-67.2654957962543,4.153666666666666,0.0036666666666658188,,False,0.0,,,pyin_probability_below_0.5|voicing_disagreement,,False,-18.000000000000004,
4.16,4.117333333333334,4.2026666666666666,False,72.53981427096451,True,0.010006178555334077,-18.5,0.00043852974196746593,-67.1600189315086,4.163666666666666,0.0036666666666658188,,False,0.0,,,pyin_probability_below_0.5|voicing_disagreement,,False,-18.000000000000004,
4.17,4.1273333333333335,4.212666666666666,False,72.53981427096451,True,0.010001873046012551,-18.5,0.0004282738360296748,-67.3655691314951,4.173666666666667,0.003666666666666707,,False,0.0,,,pyin_probability_below_0.5|voicing_disagreement,,False,-18.000000000000004,
4.18,4.137333333333333,4.222666666666667,False,72.53981427096451,True,0.010000127845232541,-18.5,0.0004181970618823085,-67.57238045441204,4.183666666666666,0.003666666666666707,,False,0.0,,,pyin_probability_below_0.5|voicing_disagreement,,False,-18.000000000000004,
4.19,4.147333333333333,4.232666666666667,False,72.53981427096451,True,0.01000123296498612,-18.5,0.0004169364969029375,-67.59860173720577,4.193666666666666,0.0036666666666658188,,False,0.0,,,pyin_probability_below_0.5|voicing_disagreement,,False,-18.000000000000004,
4.2,4.157333333333334,4.242666666666667,False,70.88300262324175,True,0.010000047007977299,-18.9,0.00038680840995897306,-68.25008184177712,4.203666666666666,0.0036666666666658188,,False,0.0,,,pyin_probability_below_0.5|voicing_disagreement,,False,-18.400000000000002,
4.21,4.167333333333334,4.252666666666666,False,72.53981427096451,True,0.010000206339031342,-18.5,0.00039114280975343534,-68.15329297667604,4.213666666666667,0.003666666666666707,,False,0.0,,,pyin_probability_below_0.5|voicing_disagreement,,False,-18.000000000000004,
4.22,4.177333333333333,4.262666666666667,False,74.23535205520015,True,0.010000127845232538,-18.1,0.0003551841532349767,-68.99092837566882,4.2236666666666665,0.003666666666666707,,False,0.0,,,pyin_probability_below_0.5|voicing_disagreement,,False,-17.599999999999998,
4.23,4.187333333333333,4.272666666666667,False,74.23535205520015,True,0.0100000470079773,-18.1,0.0003824344000816088,-68.3488609945672,4.233666666666666,0.0036666666666658188,,False,0.0,,,pyin_probability_below_0.5|voicing_disagreement,,False,-17.599999999999998,
4.24,4.197333333333333,4.282666666666667,False,78.19662734533757,True,0.01000419105279527,-17.2,0.0004172889126397217,-67.59126308665999,4.243666666666666,0.0036666666666658188,,False,0.0,,,pyin_probability_below_0.5|voicing_disagreement,,False,-16.700000000000003,
4.25,4.207333333333334,4.292666666666666,False,76.41061390843457,True,0.010073751764282884,-17.599999999999998,0.0004159766779602371,-67.61862035463366,4.253666666666667,0.003666666666666707,,False,0.0,,,pyin_probability_below_0.5|voicing_disagreement,,False,-17.1,
4.26,4.217333333333333,4.302666666666667,False,77.29846247517686,True,0.010140046044704068,-17.4,0.0004162687341920885,-67.61252415208315,4.2636666666666665,0.003666666666666707,,False,0.0,,,pyin_probability_below_0.5|voicing_disagreement,,False,-16.900000000000006,
4.27,4.227333333333333,4.312666666666667,False,77.29846247517686,True,0.010259050559778863,-17.4,0.00041774037650905396,-67.58187092334876,4.273666666666666,0.003666666666666707,,False,0.0,,,pyin_probability_below_0.5|voicing_disagreement,,False,-16.900000000000006,
4.28,4.237333333333333,4.322666666666667,False,75.97052115648096,True,0.010191075496968311,-17.7,0.00041269257454605937,-67.68746690365758,4.283666666666666,0.0036666666666658188,,False,0.0,,,pyin_probability_below_0.5|voicing_disagreement,,False,-17.2,
4.29,4.247333333333334,4.332666666666666,False,75.53296315225958,True,0.010052967545965857,-17.799999999999997,0.0004029014398462892,-67.89602361146893,4.293666666666667,0.003666666666666707,,False,0.0,,,pyin_probability_below_0.5|voicing_disagreement,,False,-17.3,
4.3,4.257333333333333,4.342666666666666,False,75.97052115648096,True,0.01002672467381077,-17.7,0.000396480276315332,-68.03556825270176,4.3036666666666665,0.003666666666666707,,False,0.0,,,pyin_probability_below_0.5|voicing_disagreement,,False,-17.2,
4.31,4.267333333333333,4.352666666666667,False,75.97052115648096,True,0.010037765502929688,-17.7,0.00037343078192094537,-68.55579771984304,4.313666666666666,0.003666666666666707,,False,0.0,,,pyin_probability_below_0.5|voicing_disagreement,,False,-17.2,
4.32,4.277333333333333,4.362666666666667,False,72.12201568440993,True,0.010000516719604524,-18.599999999999998,0.0003191529911365138,-69.9200216192005,4.323666666666666,0.0036666666666658188,,False,0.0,,,pyin_probability_below_0.5|voicing_disagreement,,False,-18.1,
4.33,4.287333333333334,4.3726666666666665,False,71.29362368015069,True,0.010000127845232541,-18.8,0.00025915913111797825,-71.72866969564087,4.333666666666667,0.003666666666666707,,False,0.0,,,pyin_probability_below_0.5|voicing_disagreement,,False,-18.3,
4.34,4.2973333333333334,4.382666666666666,False,73.38268631239852,True,0.01000032860450166,-18.3,0.0002501237029915504,-72.03690300740034,4.343666666666667,0.003666666666666707,,False,0.0,,,pyin_probability_below_0.5|voicing_disagreement,,False,-17.800000000000004,
4.35,4.307333333333333,4.392666666666667,False,73.38268631239852,True,0.010000127845232541,-18.3,0.00025031907134424636,-72.03012122085643,4.353666666666666,0.003666666666666707,,False,0.0,,,pyin_probability_below_0.5|voicing_disagreement,,False,-17.800000000000004,
4.36,4.317333333333333,4.402666666666667,False,73.38268631239852,True,0.010000802780927255,-18.3,0.00024405725739564944,-72.25016546881376,4.363666666666666,0.0036666666666658188,,False,0.0,,,pyin_probability_below_0.5|voicing_disagreement,,False,-17.800000000000004,
4.37,4.327333333333334,4.4126666666666665,False,73.80778788960703,True,0.01001876450976914,-18.2,0.0002559949479239247,-71.83537210863892,4.373666666666667,0.003666666666666707,,False,0.0,,,pyin_probability_below_0.5|voicing_disagreement,,False,-17.700000000000003,
4.38,4.3373333333333335,4.422666666666666,False,74.23535205520015,True,0.010006178555334078,-18.1,0.0002535505085155517,-71.91871028206765,4.383666666666667,0.003666666666666707,,False,0.0,,,pyin_probability_below_0.5|voicing_disagreement,,False,-17.599999999999998,
4.39,4.347333333333333,4.432666666666667,False,73.38268631239852,True,0.0100028158258111,-18.3,0.0002474022161601243,-72.13192828801006,4.393666666666666,0.003666666666666707,,False,0.0,,,pyin_probability_below_0.5|voicing_disagreement,,False,-17.800000000000004,
4.4,4.357333333333333,4.437333333333333,True,73.38268631239852,True,0.010000802780927255,-18.3,0.00024291865190336954,-72.29078275390009,4.403666666666666,0.0036666666666658188,,False,0.0,,,pyin_probability_below_0.5|voicing_disagreement|edge_window,,False,-17.800000000000004,
4.41,4.367333333333334,4.437333333333333,True,73.38268631239852,True,0.010000802780927255,-18.3,0.00024323180752889394,-72.27959265615861,4.413666666666666,0.0036666666666658188,,False,0.0,,,pyin_probability_below_0.5|voicing_disagreement|edge_window,,False,-17.800000000000004,
4.42,4.3773333333333335,4.437333333333333,True,74.23535205520015,True,0.010006178555334078,-18.1,0.00025361346313883937,-71.91655391078162,,,,,,,,pyin_probability_below_0.5|edge_window,,False,-17.599999999999998,
4.43,4.387333333333333,4.437333333333333,True,73.38268631239852,True,0.010000078102280324,-18.3,0.00023474329912616054,-72.58813592109372,,,,,,,,pyin_probability_below_0.5|edge_window,,False,-17.800000000000004,
