timestamp_s,window_start_s,window_end_s,edge_padded,f0_hz,voiced,voicing_probability,relative_pitch_semitones,rms_amplitude,rms_dbfs,praat_timestamp_s,praat_time_offset_s,praat_f0_hz,praat_voiced,praat_strength,absolute_difference_hz,signed_difference_semitones,flags,praat_relative_semitones,agreement_screen_pass,pyin_speaker_relative_st,praat_speaker_relative_st
0.0,0.0,0.042666666666666665,True,65.37654116941047,True,0.01,-11.2,0.00013391400890947784,-77.46347977061185,,,,,,,,near_pyin_floor|pyin_probability_below_0.5|edge_window,,False,-9.6,
0.01,0.0,0.05266666666666667,True,65.37654116941047,True,0.010000000000006925,-11.2,0.00015262289490762846,-76.32760626258653,,,,,,,,near_pyin_floor|pyin_probability_below_0.5|edge_window,,False,-9.6,
0.02,0.0,0.06266666666666666,True,65.37654116941047,True,0.01000000000000011,-11.2,0.00015183425005290134,-76.37260502583557,,,,,,,,near_pyin_floor|pyin_probability_below_0.5|edge_window,,False,-9.6,
0.03,0.0,0.07266666666666667,True,65.37654116941047,True,0.01,-11.2,0.00016724268625866853,-75.5330573082077,0.025333333333333093,-0.004666666666666906,,False,0.0,,,near_pyin_floor|pyin_probability_below_0.5|voicing_disagreement|edge_window,,False,-9.6,
0.04,0.0,0.08266666666666667,True,,False,0.01,,0.0001739911277896545,-75.18945793667378,0.03533333333333309,-0.004666666666666909,,False,0.0,,,edge_window,,False,,
0.05,0.007333333333333333,0.09266666666666666,False,,False,0.01,,0.0001854295804923041,-74.63641968432124,0.045333333333333094,-0.004666666666666909,,False,0.0,,,,,False,,
0.06,0.017333333333333333,0.10266666666666667,False,,False,0.01,,0.00021192179777820684,-73.47648740963335,0.055333333333333096,-0.004666666666666902,,False,0.0,,,,,False,,
0.07,0.027333333333333334,0.11266666666666666,False,,False,0.010000000000023851,,0.00022944440845240334,-72.7864504314593,0.06533333333333309,-0.004666666666666916,,False,0.0,,,,,False,,
0.08,0.037333333333333336,0.12266666666666666,False,,False,0.0100000000000754,,0.0003645263360386726,-68.76542179229224,0.0753333333333331,-0.004666666666666902,,False,0.0,,,,,False,,
0.09,0.04733333333333333,0.13266666666666665,False,,False,0.010000000000221913,,0.00039215732635956987,-68.13079334007963,0.0853333333333331,-0.004666666666666902,,False,0.0,,,,,False,,
0.1,0.05733333333333333,0.14266666666666666,False,,False,0.010000000000221913,,0.00041282918795607776,-67.68459209388942,0.0953333333333331,-0.004666666666666902,,False,0.0,,,,,False,,
0.11,0.06733333333333333,0.15266666666666667,False,,False,0.010000000000006925,,0.00045538148330330394,-66.83249265240134,0.1053333333333331,-0.004666666666666902,,False,0.0,,,,,False,,
0.12,0.07733333333333334,0.16266666666666665,False,,False,0.010000016226422838,,0.000717744471136211,-62.88060288472479,0.1153333333333331,-0.004666666666666902,,False,0.0,,,,,False,,
0.13,0.08733333333333333,0.17266666666666666,False,,False,0.010000016226422836,,0.0007963307602376945,-61.978130165106265,0.1253333333333331,-0.004666666666666902,,False,0.0,,,,,False,,
0.14,0.09733333333333333,0.18266666666666667,False,,False,0.0100000470079773,,0.0008306174813749165,-61.61197865728059,0.13533333333333308,-0.00466666666666693,,False,0.0,,,,,False,,
0.15,0.10733333333333334,0.19266666666666668,False,,False,0.010000027850262286,,0.0008442971149224358,-61.47009389534589,0.1453333333333331,-0.004666666666666902,,False,0.0,,,,,False,,
0.16,0.11733333333333333,0.20266666666666666,False,,False,0.010000078102280324,,0.0008429481643465166,-61.48398261498858,0.1553333333333331,-0.004666666666666902,,False,0.0,,,,,False,,
0.17,0.12733333333333333,0.21266666666666667,False,,False,0.01000032860450166,,0.0008013421172845758,-61.92364061644862,0.1653333333333331,-0.004666666666666902,,False,0.0,,,,,False,,
0.18,0.13733333333333334,0.22266666666666668,False,,False,0.010000516719604524,,0.0007924264624941406,-62.02082059898257,0.1753333333333331,-0.004666666666666902,,False,0.0,,,,,False,,
0.19,0.14733333333333334,0.23266666666666666,False,,False,0.01000123296498612,,0.0007793112350308406,-62.16578125317795,0.1853333333333331,-0.004666666666666902,,False,0.0,,,,,False,,
0.2,0.15733333333333333,0.24266666666666667,False,,False,0.010001873046012551,,0.0006206449146100303,-64.14313597492529,0.1953333333333331,-0.004666666666666902,,False,0.0,,,,,False,,
0.21,0.16733333333333333,0.25266666666666665,False,,False,0.010000001546554296,,0.0004621996127381954,-66.70340845475548,0.2053333333333331,-0.004666666666666902,,False,0.0,,,,,False,,
0.22,0.17733333333333334,0.26266666666666666,False,,False,0.010000000047726025,,0.0003541089823794517,-69.01726113451565,0.2153333333333331,-0.004666666666666902,,False,0.0,,,,,False,,
0.23,0.18733333333333332,0.27266666666666667,False,,False,0.010000000208892744,,0.00027773912310754195,-71.12725880017182,0.2253333333333331,-0.004666666666666902,,False,0.0,,,,,False,,
0.24,0.19733333333333333,0.2826666666666667,False,,False,0.010000000021701592,,0.00025324901827765694,-71.92904459022611,0.2353333333333331,-0.004666666666666902,,False,0.0,,,,,False,,
0.25,0.20733333333333334,0.2926666666666667,False,,False,0.010000000101429396,,0.0002319718434453234,-72.69129452445978,0.2453333333333331,-0.004666666666666902,,False,0.0,,,,,False,,
0.26,0.21733333333333332,0.30266666666666664,False,,False,0.010000000101429396,,0.00021433445711685495,-73.37816009453685,0.2553333333333331,-0.00466666666666693,,False,0.0,,,,,False,,
0.27,0.22733333333333333,0.31266666666666665,False,,False,0.010000000009505967,,0.00019809069017578173,-74.0627186972346,0.2653333333333331,-0.00466666666666693,,False,0.0,,,,,False,,
0.28,0.23733333333333334,0.32266666666666666,False,,False,0.010000000101429396,,0.0001964262364340301,-74.13601008887083,0.2753333333333331,-0.00466666666666693,,False,0.0,,,,,False,,
0.29,0.24733333333333332,0.33266666666666667,False,,False,0.01000000000061386,,0.00021704996817198676,-73.26880547019663,0.2853333333333331,-0.004666666666666874,,False,0.0,,,,,False,,
0.3,0.25733333333333336,0.3426666666666667,False,,False,0.010000000101429396,,0.00023511118430299106,-72.57453421754035,0.2953333333333331,-0.004666666666666874,,False,0.0,,,,,False,,
0.31,0.2673333333333333,0.3526666666666667,False,,False,0.010000002871100352,,0.00024187820422879602,-72.32806528754813,0.3053333333333331,-0.004666666666666874,,False,0.0,,,,,False,,
0.32,0.2773333333333333,0.3626666666666667,False,,False,0.01000000928748663,,0.0002471585493422308,-72.14048724944641,0.3153333333333331,-0.00466666666666693,,False,0.0,,,,,False,,
0.33,0.28733333333333333,0.37266666666666665,False,,False,0.010000027850262286,,0.00024857763910854353,-72.0907588210914,0.3253333333333331,-0.00466666666666693,,False,0.0,,,,,False,,
0.34,0.29733333333333334,0.38266666666666665,False,,False,0.010000027850262286,,0.00024367078632971958,-72.26393070447214,0.3353333333333331,-0.00466666666666693,,False,0.0,,,,,False,,
0.35,0.30733333333333335,0.39266666666666666,False,,False,0.010000027850262286,,0.0002446128145783976,-72.23041590471027,0.3453333333333331,-0.004666666666666874,,False,0.0,,,,,False,,
0.36,0.31733333333333336,0.4026666666666667,False,,False,0.010000078102280324,,0.0002366741257801905,-72.5169843678319,0.3553333333333331,-0.004666666666666874,,False,0.0,,,,,False,,
0.37,0.3273333333333333,0.4126666666666667,False,,False,0.010000078102280324,,0.0002338641996781787,-72.62072511253045,0.3653333333333331,-0.004666666666666874,,False,0.0,,,,,False,,
0.38,0.3373333333333333,0.4226666666666667,False,,False,0.01000032860450166,,0.00020444751130242617,-73.78836343310039,0.37533333333333313,-0.004666666666666874,,False,0.0,,,,,False,,
0.39,0.3473333333333333,0.43266666666666664,False,,False,0.010000002871100368,,0.00018108577759199746,-74.84231315339491,0.3853333333333331,-0.00466666666666693,,False,0.0,,,,,False,,
0.4,0.35733333333333334,0.44266666666666665,False,,False,0.01000000000061386,,0.00015935709488199218,-75.9525719228127,0.3953333333333331,-0.00466666666666693,,False,0.0,,,,,False,,
0.41,0.36733333333333335,0.45266666666666666,False,,False,0.01,,0.00014645655685770008,-76.6858236038029,0.4053333333333331,-0.004666666666666874,,False,0.0,,,,,False,,
0.42,0.37733333333333335,0.46266666666666667,False,,False,0.010000000000000437,,0.00013870388891548137,-77.15822724416414,0.4153333333333331,-0.004666666666666874,,False,0.0,,,,,False,,
0.43,0.3873333333333333,0.4726666666666667,False,,False,0.010000000000000439,,0.00012896395712619124,-77.79063298911365,0.4253333333333331,-0.004666666666666874,,False,0.0,,,,,False,,
0.44,0.3973333333333333,0.4826666666666667,False,,False,0.01000000000002385,,0.00011689028575863223,-78.6444315931399,0.43533333333333313,-0.004666666666666874,,False,0.0,,,,,False,,
0.45,0.4073333333333333,0.49266666666666664,False,,False,0.01,,0.0001105820222233816,-79.12630944684861,0.4453333333333331,-0.00466666666666693,,False,0.0,,,,,False,,
0.46,0.41733333333333333,0.5026666666666667,False,,False,0.01000000000000011,,0.00010040225047664865,-79.96513105086453,0.4553333333333331,-0.00466666666666693,,False,0.0,,,,,False,,
0.47,0.42733333333333334,0.5126666666666667,False,,False,0.01,,9.691180030243037e-05,-80.27246677184107,0.4653333333333331,-0.004666666666666874,,False,0.0,,,,,False,,
0.48,0.43733333333333335,0.5226666666666666,False,,False,0.01,,9.193192870937135e-05,-80.73067256791484,0.4753333333333331,-0.004666666666666874,,False,0.0,,,,,False,,
0.49,0.44733333333333336,0.5326666666666666,False,,False,0.01,,8.744210632072518e-05,-81.16558779142085,0.4853333333333331,-0.004666666666666874,,False,0.0,,,,,False,,
0.5,0.4573333333333333,0.5426666666666666,False,,False,0.01,,8.31763116681139e-05,-81.60000683395411,0.4953333333333331,-0.004666666666666874,,False,0.0,,,,,False,,
0.51,0.4673333333333333,0.5526666666666666,False,,False,0.01,,8.212819297916811e-05,-81.71015465213739,0.5053333333333331,-0.00466666666666693,,False,0.0,,,,,False,,
0.52,0.47733333333333333,0.5626666666666666,False,65.0,True,0.01,-11.300000000000002,7.71489513997273e-05,-82.2533994488947,0.5153333333333331,-0.00466666666666693,,False,0.0,,,near_pyin_floor|pyin_probability_below_0.5|voicing_disagreement,,False,-9.7,
0.53,0.48733333333333334,0.5726666666666667,False,65.0,True,0.01,-11.300000000000002,7.779755694508276e-05,-82.18068081648607,0.5253333333333331,-0.00466666666666693,,False,0.0,,,near_pyin_floor|pyin_probability_below_0.5|voicing_disagreement,,False,-9.7,
0.54,0.49733333333333335,0.5826666666666667,False,65.0,True,0.01,-11.300000000000002,7.450571060174561e-05,-82.55620877650281,0.5353333333333331,-0.00466666666666693,,False,0.0,,,near_pyin_floor|pyin_probability_below_0.5|voicing_disagreement,,False,-9.7,
0.55,0.5073333333333333,0.5926666666666667,False,65.0,True,0.01,-11.300000000000002,7.359375618255796e-05,-82.66318060740451,0.5453333333333331,-0.00466666666666693,,False,0.0,,,near_pyin_floor|pyin_probability_below_0.5|voicing_disagreement,,False,-9.7,
0.56,0.5173333333333333,0.6026666666666667,False,65.0,True,0.01,-11.300000000000002,7.667298336822928e-05,-82.30715275779121,0.5553333333333331,-0.00466666666666693,,False,0.0,,,near_pyin_floor|pyin_probability_below_0.5|voicing_disagreement,,False,-9.7,
0.57,0.5273333333333333,0.6126666666666667,False,65.0,True,0.01,-11.300000000000002,7.281726520088606e-05,-82.75531271800233,0.5653333333333331,-0.004666666666666819,,False,0.0,,,near_pyin_floor|pyin_probability_below_0.5|voicing_disagreement,,False,-9.7,
0.58,0.5373333333333333,0.6226666666666667,False,65.75526361962497,True,0.01,-11.099999999999998,7.65186220232609e-05,-82.3246571903236,0.5753333333333331,-0.004666666666666819,,False,0.0,,,near_pyin_floor|pyin_probability_below_0.5|voicing_disagreement,,False,-9.499999999999998,
0.59,0.5473333333333333,0.6326666666666667,False,65.75526361962497,True,0.01,-11.099999999999998,6.948746197489498e-05,-83.16187101218091,0.5853333333333332,-0.004666666666666819,,False,0.0,,,near_pyin_floor|pyin_probability_below_0.5|voicing_disagreement,,False,-9.499999999999998,
0.6,0.5573333333333333,0.6426666666666667,False,65.75526361962497,True,0.01,-11.099999999999998,7.169861524531721e-05,-82.88978464037483,0.5953333333333332,-0.004666666666666819,,False,0.0,,,near_pyin_floor|pyin_probability_below_0.5|voicing_disagreement,,False,-9.499999999999998,
0.61,0.5673333333333334,0.6526666666666666,False,65.75526361962497,True,0.01,-11.099999999999998,6.743664347029798e-05,-83.42208108041984,0.6053333333333331,-0.00466666666666693,,False,0.0,,,near_pyin_floor|pyin_probability_below_0.5|voicing_disagreement,,False,-9.499999999999998,
0.62,0.5773333333333334,0.6626666666666666,False,65.75526361962497,True,0.01,-11.099999999999998,7.1985040552543e-05,-82.85515492706834,0.6153333333333331,-0.00466666666666693,,False,0.0,,,near_pyin_floor|pyin_probability_below_0.5|voicing_disagreement,,False,-9.499999999999998,
0.63,0.5873333333333334,0.6726666666666666,False,65.37654116941047,True,0.01,-11.2,7.277353673158782e-05,-82.76053036451222,0.6253333333333331,-0.00466666666666693,,False,0.0,,,near_pyin_floor|pyin_probability_below_0.5|voicing_disagreement,,False,-9.6,
0.64,0.5973333333333334,0.6826666666666666,False,65.0,True,0.01,-11.300000000000002,7.705900925833039e-05,-82.26353157954784,0.6353333333333331,-0.00466666666666693,,False,0.0,,,near_pyin_floor|pyin_probability_below_0.5|voicing_disagreement,,False,-9.7,
0.65,0.6073333333333333,0.6926666666666667,False,65.37654116941047,True,0.01,-11.2,7.377735707136393e-05,-82.64153813151515,0.6453333333333331,-0.00466666666666693,,False,0.0,,,near_pyin_floor|pyin_probability_below_0.5|voicing_disagreement,,False,-9.6,
0.66,0.6173333333333333,0.7026666666666667,False,65.0,True,0.01,-11.300000000000002,7.57916125728818e-05,-82.40757705222991,0.6553333333333331,-0.00466666666666693,,False,0.0,,,near_pyin_floor|pyin_probability_below_0.5|voicing_disagreement,,False,-9.7,
0.67,0.6273333333333333,0.7126666666666667,False,65.0,True,0.01,-11.300000000000002,7.053483814664467e-05,-83.03192651754257,0.6653333333333331,-0.00466666666666693,,False,0.0,,,near_pyin_floor|pyin_probability_below_0.5|voicing_disagreement,,False,-9.7,
0.68,0.6373333333333333,0.7226666666666667,False,65.0,True,0.01,-11.300000000000002,7.06137713372546e-05,-83.02221186209687,0.6753333333333331,-0.00466666666666693,,False,0.0,,,near_pyin_floor|pyin_probability_below_0.5|voicing_disagreement,,False,-9.7,
0.69,0.6473333333333333,0.7326666666666667,False,65.0,True,0.01,-11.300000000000002,7.057834286528926e-05,-83.02657085630463,0.6853333333333331,-0.004666666666666819,,False,0.0,,,near_pyin_floor|pyin_probability_below_0.5|voicing_disagreement,,False,-9.7,
0.7,0.6573333333333333,0.7426666666666667,False,65.0,True,0.01,-11.300000000000002,7.04606571307916e-05,-83.0410662162985,0.6953333333333331,-0.004666666666666819,,False,0.0,,,near_pyin_floor|pyin_probability_below_0.5|voicing_disagreement,,False,-9.7,
0.71,0.6673333333333333,0.7526666666666667,False,65.0,True,0.01,-11.300000000000002,6.799236405002986e-05,-83.35079716856544,0.7053333333333331,-0.004666666666666819,,False,0.0,,,near_pyin_floor|pyin_probability_below_0.5|voicing_disagreement,,False,-9.7,
0.72,0.6773333333333333,0.7626666666666667,False,65.0,True,0.01,-11.300000000000002,6.580698308304216e-05,-83.63456037893107,0.7153333333333332,-0.004666666666666819,,False,0.0,,,near_pyin_floor|pyin_probability_below_0.5|voicing_disagreement,,False,-9.7,
0.73,0.6873333333333334,0.7726666666666666,False,65.0,True,0.01,-11.300000000000002,6.568940258947144e-05,-83.65009375587844,0.7253333333333332,-0.004666666666666819,,False,0.0,,,near_pyin_floor|pyin_probability_below_0.5|voicing_disagreement,,False,-9.7,
0.74,0.6973333333333334,0.7826666666666666,False,65.0,True,0.01,-11.300000000000002,6.971450575453494e-05,-83.13353694487,0.7353333333333331,-0.00466666666666693,,False,0.0,,,near_pyin_floor|pyin_probability_below_0.5|voicing_disagreement,,False,-9.7,
0.75,0.7073333333333334,0.7926666666666666,False,65.0,True,0.01,-11.300000000000002,6.960515983994569e-05,-83.1471712977442,0.7453333333333331,-0.00466666666666693,,False,0.0,,,near_pyin_floor|pyin_probability_below_0.5|voicing_disagreement,,False,-9.7,
0.76,0.7173333333333334,0.8026666666666666,False,65.0,True,0.01,-11.300000000000002,7.081794376604964e-05,-82.99713374698953,0.7553333333333331,-0.00466666666666693,,False,0.0,,,near_pyin_floor|pyin_probability_below_0.5|voicing_disagreement,,False,-9.7,
0.77,0.7273333333333334,0.8126666666666666,False,65.0,True,0.01,-11.300000000000002,6.993756148261682e-05,-83.10579028671965,0.7653333333333331,-0.00466666666666693,,False,0.0,,,near_pyin_floor|pyin_probability_below_0.5|voicing_disagreement,,False,-9.7,
0.78,0.7373333333333333,0.8226666666666667,False,65.0,True,0.01,-11.300000000000002,7.29217947364906e-05,-82.74285302234823,0.7753333333333331,-0.00466666666666693,,False,0.0,,,near_pyin_floor|pyin_probability_below_0.5|voicing_disagreement,,False,-9.7,
0.79,0.7473333333333333,0.8326666666666667,False,65.0,True,0.01,-11.300000000000002,7.291088075083695e-05,-82.7441531106139,0.7853333333333331,-0.00466666666666693,,False,0.0,,,near_pyin_floor|pyin_probability_below_0.5|voicing_disagreement,,False,-9.7,
0.8,0.7573333333333333,0.8426666666666667,False,,False,0.010006178555334078,,0.004754027751011201,-46.45876574927139,0.7953333333333331,-0.00466666666666693,,False,0.0,,,,,False,,
0.81,0.7673333333333333,0.8526666666666667,False,,False,0.010013068846238975,,0.009740318514067176,-40.22853682415246,0.8053333333333331,-0.00466666666666693,,False,0.0,,,,,False,,
0.82,0.7773333333333333,0.8626666666666667,False,,False,0.01000020633903134,,0.01244615463292715,-38.099296151540365,0.8153333333333331,-0.004666666666666819,,False,0.0,,,,,False,,
0.83,0.7873333333333333,0.8726666666666667,False,,False,0.010000027850262286,,0.015127352417592168,-36.404741507012325,0.8253333333333331,-0.004666666666666819,,False,0.0,,,,,False,,
0.84,0.7973333333333333,0.8826666666666667,False,,False,0.01000123296498612,,0.01784589924606992,-34.969231265439745,0.8353333333333332,-0.004666666666666819,,False,0.0,,,,,False,,
0.85,0.8073333333333333,0.8926666666666667,False,,False,0.010026724673810768,,0.02094249457085864,-33.57943176944476,0.8453333333333332,-0.004666666666666819,,False,0.0,,,,,False,,
0.86,0.8173333333333334,0.9026666666666666,False,116.48775344855382,True,0.010349055133375846,-1.2000000000000002,0.024031340891914468,-32.38443991832705,0.8553333333333332,-0.004666666666666819,,False,0.0,,,pyin_probability_below_0.5|voicing_disagreement,,False,0.4000000000000011,
0.87,0.8273333333333334,0.9126666666666666,False,117.16256013940793,True,0.011853505394683411,-1.0999999999999999,0.028348811095383092,-30.949303000353847,0.8653333333333331,-0.00466666666666693,117.18200949513194,True,0.6305929770331151,0.019449355724006523,-0.0028736647912631303,pyin_probability_below_0.5,-1.836786256892962,False,0.5000000000000008,0.1725061753939864
0.88,0.8373333333333334,0.9226666666666666,False,117.84127594565435,True,0.012403124793551346,-1.0000000000000013,0.031311215578147554,-30.086001433586883,0.8753333333333331,-0.00466666666666693,115.7912721385106,True,0.8208717446259473,2.0500038071437388,0.30382132171264453,pyin_probability_below_0.5,-2.043481243396873,False,0.5999999999999976,-0.03418881110992239
0.89,0.8473333333333334,0.9326666666666666,False,117.84127594565435,True,0.0229442191246386,-1.0000000000000013,0.033639227261715025,-29.463079781755773,0.8853333333333331,-0.00466666666666693,116.56783134079129,True,0.8650698299982376,1.2734446048630588,0.18810296014145422,pyin_probability_below_0.5,-1.927762881825684,False,0.5999999999999976,0.0815295504612651
0.9,0.8573333333333333,0.9426666666666667,False,118.52392351256819,True,0.030106861794195014,-0.9000000000000006,0.03615114643336317,-28.837558514117188,0.8953333333333331,-0.00466666666666693,117.79744401449129,True,0.9063225906100494,0.7264794980768983,0.10644065054791362,pyin_probability_below_0.5,-1.746100572232141,False,0.7000000000000017,0.26319186005481005
0.91,0.8673333333333333,0.9526666666666667,False,118.52392351256819,True,0.04069733156888106,-0.9000000000000006,0.038791309936921196,-28.225311090767164,0.9053333333333331,-0.00466666666666693,118.98288343438158,True,0.8669733811889756,0.4589599218133884,-0.0669090745684385,pyin_probability_below_0.5,-1.572750847115786,False,0.7000000000000017,0.4365415851711623
0.92,0.8773333333333333,0.9626666666666667,False,119.21052561660726,True,0.066081512709207,-0.8000000000000008,0.03956274785458245,-28.054271036826854,0.9153333333333331,-0.00466666666666693,121.26262060360422,True,0.8487211639097462,2.0520949869969627,-0.29547939219313235,pyin_probability_below_0.5,-1.244180529491094,False,0.8000000000000002,0.765111902795857
0.93,0.8873333333333333,0.9726666666666667,False,119.9011051661721,True,0.09203757081218103,-0.7000000000000002,0.03936802079071282,-28.097128372358263,0.9253333333333331,-0.00466666666666693,122.84506953559975,True,0.8980710563697163,2.943964369427647,-0.41993998558737167,pyin_probability_below_0.5,-1.0197199360968539,False,0.9000000000000021,0.989572496190095
0.94,0.8973333333333333,0.9826666666666667,False,122.70366064862014,True,0.1504646013433388,-0.30000000000000204,0.038825395090315185,-28.217682323233046,0.9353333333333331,-0.004666666666666819,124.33161108053837,True,0.906663909515214,1.6279504319182223,-0.2281782676119904,pyin_probability_below_0.5,-0.8114816540722369,False,1.2999999999999994,1.1978107782147134
0.95,0.9073333333333333,0.9926666666666667,False,123.4144757235675,True,0.2407543944755743,-0.19999999999999973,0.03802980791473206,-28.397517363334273,0.9453333333333331,-0.004666666666666819,124.95251479512575,True,0.9167748107222038,1.538039071558245,-0.21441976983427924,pyin_probability_below_0.5,-0.7252401518499444,False,1.4000000000000004,1.2840522804370056
0.96,0.9173333333333333,1.0026666666666666,False,124.12940850835416,True,0.3721358982975087,-0.09999999999999873,0.03660043672129855,-28.730274650298384,0.9553333333333331,-0.004666666666666819,125.0949580256979,True,0.8831739221294231,0.9655495173437458,-0.1341442321309212,pyin_probability_below_0.5,-0.7055156895533032,False,1.5000000000000004,1.3037767427336466
0.97,0.9273333333333333,1.0126666666666666,False,124.84848285663055,True,0.37213589829750876,0.0,0.03516152934242414,-29.07864487302831,0.9653333333333332,-0.004666666666666819,120.66168825458878,True,0.830528812887329,4.186794602041772,0.5905273996349569,pyin_probability_below_0.5,-1.3301873213191822,False,1.6000000000000023,0.6791051109677676
0.98,0.9373333333333334,1.0226666666666666,False,124.84848285663055,True,0.3233360583906408,0.0,0.032265225808382925,-29.82530582267191,0.9753333333333332,-0.004666666666666819,123.47611321081058,True,0.888813541053592,1.3723696458199726,0.1913557726690432,pyin_probability_below_0.5,-0.9310156943532706,False,1.6000000000000023,1.0782767379336815
0.99,0.9473333333333334,1.0326666666666666,False,121.9969395672486,True,0.4260623290432814,-0.4000000000000008,0.030220910660768242,-30.393849060040694,0.9853333333333331,-0.00466666666666693,122.8605920217095,True,0.9674066152614196,0.8636524544608903,-0.12212740417144463,pyin_probability_below_0.5,-1.0175325175127825,False,1.1999999999999993,0.9917599147741674
1.0,0.9573333333333334,1.0426666666666666,False,121.29428889978496,True,0.4260623290432814,-0.5000000000000001,0.027737942874541715,-31.13851501187529,0.9953333333333331,-0.00466666666666693,122.51317923504756,True,0.9779989124032473,1.2188903352626,-0.173103969908844,pyin_probability_below_0.5,-1.0665559517753829,False,1.099999999999998,0.9427364805115663
1.01,0.9673333333333334,1.0526666666666666,False,121.29428889978496,True,0.6860828109301793,-0.5000000000000001,0.026825435925662958,-31.429064236394623,1.005333333333333,-0.004666666666667041,120.98287841545532,True,0.9737390473159282,0.3114104843296417,0.04450479065623207,,-1.284164712340459,True,1.099999999999998,0.7251277199464912
1.02,0.9773333333333334,1.0626666666666666,False,120.59568520237023,True,0.7571601330199093,-0.5999999999999991,0.02496448916835591,-32.053546323909046,1.015333333333333,-0.004666666666667041,119.23245155480564,True,0.9717936616094424,1.3632336475645985,0.19681609990580984,,-1.5364760215900355,True,1.0000000000000009,0.47281641069691543
1.03,0.9873333333333333,1.0726666666666667,False,119.9011051661721,True,0.8266685594724996,-0.7000000000000002,0.024014750070178576,-32.390438577091786,1.025333333333333,-0.004666666666667041,118.74536122617536,True,0.9883358319409378,1.1557439399967393,0.16768560909438937,,-1.6073455307786135,True,0.9000000000000021,0.40194690150833756
1.04,0.9973333333333333,1.0826666666666667,False,119.21052561660726,True,0.8911444948731203,-0.8000000000000008,0.022626939892409666,-32.907483536640115,1.035333333333333,-0.004666666666667041,118.37379294397235,True,0.9891987295536699,0.8367326726349091,0.12194290353168774,,-1.6616028252159123,True,0.8000000000000002,0.3476896070710376
1.05,1.0073333333333334,1.0926666666666667,False,118.52392351256819,True,0.8911444948731203,-0.9000000000000006,0.020769550372392892,-33.65145810290641,1.045333333333333,-0.004666666666667041,118.7554071710094,True,0.9741784941940487,0.23148365844120633,-0.03377896568399848,,-1.605880956000226,True,0.7000000000000017,0.40341147628672464
1.06,1.0173333333333334,1.1026666666666667,False,118.52392351256819,True,0.2796051653363588,-0.9000000000000006,0.019977398897459482,-33.989221171067754,1.055333333333333,-0.004666666666667041,117.59646629718502,True,0.9658598447986273,0.9274572153831713,0.13600297451701515,pyin_probability_below_0.5,-1.7756628962012404,False,0.7000000000000017,0.23362953608571022
1.07,1.0273333333333334,1.1126666666666667,False,,False,0.010037765502929688,,0.02142836763151161,-33.38021822697361,1.065333333333333,-0.004666666666667041,117.53268231717216,True,0.965795806671379,,,voicing_disagreement,-1.7850556066620804,False,,0.22423682562487118
1.08,1.0373333333333334,1.1226666666666667,False,,False,0.010073751764282884,,0.03293463518247082,-29.64694285766771,1.075333333333333,-0.004666666666667041,119.42946476486962,True,0.9399083332957286,,,voicing_disagreement,-1.5078936603895503,False,,0.5013987718974001
1.09,1.0473333333333332,1.1326666666666667,False,146.76537262479707,True,0.01398021038018593,2.8000000000000003,0.041929899524005367,-27.549523565771857,1.085333333333333,-0.004666666666667041,120.24014904559006,True,0.8777048249723238,26.525223579207008,3.45111504684134,pyin_probability_below_0.5|pitch_difference_over_1_semitone,-1.390774968525565,False,4.400000000000002,0.6185174637613862
1.1,1.0573333333333332,1.1426666666666667,False,148.4707041104003,True,0.04768699308253104,2.999999999999999,0.05423278448587855,-25.3147619382844,1.095333333333333,-0.004666666666667041,,False,0.0,,,pyin_probability_below_0.5|voicing_disagreement,,False,4.600000000000001,
1.11,1.0673333333333332,1.1526666666666667,False,148.4707041104003,True,0.1765306086328976,2.999999999999999,0.06397061599038624,-23.880389346462373,1.105333333333333,-0.004666666666667041,149.88751780473308,True,0.5969173549474525,1.4168136943327738,-0.16442345919568552,pyin_probability_below_0.5,2.4247635375114602,False,4.600000000000001,4.434055969798409
1.12,1.0773333333333333,1.1626666666666667,False,148.4707041104003,True,0.37213589829750865,2.999999999999999,0.07161655203364987,-22.899731837050844,1.115333333333333,-0.004666666666667041,146.12891530525513,True,0.8423203180367707,2.341788805145171,0.2752393175330372,pyin_probability_below_0.5,1.9851007607827365,False,4.600000000000001,3.994393193069685
1.13,1.0873333333333333,1.1726666666666667,False,148.4707041104003,True,0.48498680771591124,2.999999999999999,0.07670906690139932,-22.30306600067593,1.125333333333333,-0.004666666666666819,147.17749086499,True,0.9614953358745897,1.2932132454102998,0.15145494680935828,pyin_probability_below_0.5,2.108885131506416,False,4.600000000000001,4.118177563793365
1.14,1.0973333333333333,1.1826666666666668,False,148.4707041104003,True,0.6860828109301793,2.999999999999999,0.08085542419296497,-21.8458168019653,1.135333333333333,-0.004666666666666819,148.4464108583992,True,0.985022241430414,0.024293252001115206,0.002832932357245372,,2.2575071459585296,True,4.600000000000001,4.2667995782454815
1.15,1.1073333333333333,1.1926666666666668,False,148.4707041104003,True,0.8266685594724996,2.999999999999999,0.08315946963291367,-21.601765782730915,1.145333333333333,-0.004666666666666819,148.97514566408327,True,0.9846109059763982,0.5044415536829661,-0.05872041794539512,,2.3190604962611694,True,4.600000000000001,4.328352928548121
1.16,1.1173333333333333,1.2026666666666668,False,148.4707041104003,True,0.9459302094659091,2.999999999999999,0.08185890059328865,-21.738681848951657,1.155333333333333,-0.004666666666666819,149.23716119616304,True,0.9887895758389423,0.7664570857627382,-0.0891423902658501,,2.3494824685816247,True,4.600000000000001,4.358774900868574
1.17,1.1273333333333333,1.2126666666666666,False,148.4707041104003,True,0.9459302094659092,2.999999999999999,0.07901837077400173,-22.045438579691087,1.165333333333333,-0.004666666666666819,149.33831467341554,True,0.9962512319951741,0.8676105630152335,-0.10087278106173829,,2.361212859377512,True,4.600000000000001,4.370505291664463
1.18,1.1373333333333333,1.2226666666666666,False,149.33078614961454,True,0.9459302094659092,3.0999999999999988,0.07171807350202526,-22.887427700288857,1.1753333333333331,-0.004666666666666819,148.92714880225864,True,0.9833337309048167,0.40363734735589674,0.04685817635895578,,2.313481901956818,True,4.699999999999999,4.3227743342437694
1.19,1.1473333333333333,1.2326666666666666,False,149.33078614961454,True,0.8911444948731202,3.0999999999999988,0.06434269838758169,-23.830014594430715,1.185333333333333,-0.004666666666667041,148.65163486086772,True,0.9617050010287359,0.679151288746823,0.07891551907312878,,2.2814245592426463,True,4.699999999999999,4.290716991529596
1.2,1.1573333333333333,1.2426666666666666,False,148.4707041104003,True,0.7571601330199091,2.999999999999999,0.05304471190484755,-25.507158099537715,1.195333333333333,-0.004666666666667041,147.1848105436794,True,0.9193368620465581,1.2858935667209153,0.1505939617635652,,2.1097461165522087,True,4.600000000000001,4.1190385488391605
1.21,1.1673333333333333,1.2526666666666666,False,148.4707041104003,True,0.6860828109301792,2.999999999999999,0.04699052303610901,-26.559794419212466,1.205333333333333,-0.004666666666667041,145.21917240469648,True,0.8581335897475564,3.251531705703826,0.38335624505643584,,1.8769838332593394,True,4.600000000000001,3.8862762655462886
1.22,1.1773333333333333,1.2626666666666666,False,149.33078614961454,True,0.37213589829750865,3.0999999999999988,0.03611265524683284,-28.846811562589178,1.215333333333333,-0.004666666666667041,147.80131175097554,True,0.8198852742840258,1.529474398638996,0.17823059585335727,pyin_probability_below_0.5,2.182109482462415,False,4.699999999999999,4.191401914749363
1.23,1.1873333333333334,1.2726666666666666,False,149.33078614961454,True,0.17653060863289757,3.0999999999999988,0.03012257818128415,-30.422157195252275,1.225333333333333,-0.004666666666667041,149.68459940370798,True,0.8698995465019886,0.35381325409343845,-0.04097005491775613,pyin_probability_below_0.5,2.4013101332335274,False,4.699999999999999,4.410602565520478
1.24,1.1973333333333334,1.2826666666666666,False,149.33078614961454,True,0.04768699308253103,3.0999999999999988,0.022135016650875854,-33.09840293981445,1.235333333333333,-0.004666666666667041,149.47031605863904,True,0.8492832779639066,0.13952990902450324,-0.01616854456955301,pyin_probability_below_0.5,2.376508622885327,False,4.699999999999999,4.385801055172275
1.25,1.2073333333333334,1.2926666666666666,False,149.33078614961454,True,0.030106861794195014,3.0999999999999988,0.01986344839203763,-34.03890707287622,1.245333333333333,-0.004666666666667041,149.5853721349523,True,0.7803918694162869,0.2545859853377692,-0.02948974289863906,pyin_probability_below_0.5,2.389829821214411,False,4.699999999999999,4.399122253501362
1.26,1.2173333333333334,1.3026666666666666,False,149.33078614961454,True,0.016467587591406922,3.0999999999999988,0.01846195363225271,-34.6744468822215,1.255333333333333,-0.004666666666667041,149.48431126785496,True,0.709935044379021,0.1535251182404238,-0.017789458281630185,pyin_probability_below_0.5,2.378129536597402,False,4.699999999999999,4.387421968884353
1.27,1.2273333333333334,1.3126666666666666,False,149.33078614961454,True,0.011853505394683413,3.0999999999999988,0.01743502550887327,-35.17154825758138,1.265333333333333,-0.004666666666667041,149.39146858935717,True,0.6094867880016689,0.0606824397426351,-0.007033657897350604,pyin_probability_below_0.5,2.367373736213124,False,4.699999999999999,4.3766661685000745
1.28,1.2373333333333334,1.3226666666666667,False,149.33078614961454,True,0.01019107549696593,3.0999999999999988,0.01578438146561132,-36.03544863822914,1.275333333333333,-0.004666666666667041,,False,0.0,,,pyin_probability_below_0.5|voicing_disagreement,,False,4.699999999999999,
1.29,1.2473333333333334,1.3326666666666667,False,149.33078614961454,True,0.01000902549334297,3.0999999999999988,0.013754345114734322,-37.23120165667161,1.285333333333333,-0.004666666666667041,,False,0.0,,,pyin_probability_below_0.5|voicing_disagreement,,False,4.699999999999999,
1.3,1.2573333333333334,1.3426666666666667,False,145.9200662802185,True,0.01000020633903134,2.7,0.01207320217992579,-38.36355053073068,1.295333333333333,-0.004666666666667041,,False,0.0,,,pyin_probability_below_0.5|voicing_disagreement,,False,4.3000000000000025,
1.31,1.2673333333333334,1.3526666666666667,False,,False,0.010000001546554296,,0.010956202826410431,-39.206798729574594,1.305333333333333,-0.004666666666667041,,False,0.0,,,,,False,,
1.32,1.2773333333333334,1.3626666666666667,False,,False,0.010000000021701592,,0.01672901550059025,-35.530592328680186,1.315333333333333,-0.004666666666667041,,False,0.0,,,,,False,,
1.33,1.2873333333333334,1.3726666666666667,False,,False,0.01000000004772603,,0.030455236289548406,-30.32676053277416,1.325333333333333,-0.004666666666667041,,False,0.0,,,,,False,,
1.34,1.2973333333333332,1.3826666666666667,False,123.4144757235675,True,0.01001876450976914,-0.19999999999999973,0.03922444543976108,-28.128863756173818,1.335333333333333,-0.004666666666667041,,False,0.0,,,pyin_probability_below_0.5|voicing_disagreement,,False,1.4000000000000004,
1.35,1.3073333333333332,1.3926666666666667,False,123.4144757235675,True,0.011085791888943373,-0.19999999999999973,0.04702630942662377,-26.553182057459246,1.345333333333333,-0.004666666666667041,,False,0.0,,,pyin_probability_below_0.5|voicing_disagreement,,False,1.4000000000000004,
1.36,1.3173333333333332,1.4026666666666667,False,124.12940850835416,True,0.0229442191246386,-0.09999999999999873,0.05587708948504068,-25.055324468303066,1.355333333333333,-0.004666666666667041,,False,0.0,,,pyin_probability_below_0.5|voicing_disagreement,,False,1.5000000000000004,
1.37,1.3273333333333333,1.4126666666666667,False,124.12940850835416,True,0.06608151270920701,-0.09999999999999873,0.06435946975445306,-23.827750852573807,1.365333333333333,-0.004666666666667041,124.48307026647305,True,0.5219734490134189,0.3536617581188892,-0.04925510525688934,pyin_probability_below_0.5,-0.7904048164273342,False,1.5000000000000004,1.2188876158596145
1.38,1.3373333333333333,1.4226666666666667,False,124.12940850835416,True,0.12793708630129036,-0.09999999999999873,0.07162337283636405,-22.89890462718297,1.375333333333333,-0.004666666666666819,122.88515296816763,True,0.9305209450376237,1.2442555401865292,0.1744120478602535,pyin_probability_below_0.5,-1.0140719695444766,False,1.5000000000000004,0.9952204627424712
1.39,1.3473333333333333,1.4326666666666668,False,124.84848285663055,True,0.17653060863289757,0.0,0.07739387346193718,-22.225868338534166,1.385333333333333,-0.004666666666666819,123.24167066091864,True,0.9705897593347693,1.6068121957119104,0.22425774193267614,pyin_probability_below_0.5,-0.9639176636169,False,1.6000000000000023,1.0453747686700479
1.4,1.3573333333333333,1.4426666666666668,False,124.84848285663055,True,0.4260623290432815,0.0,0.08220788188728079,-21.701730827775503,1.395333333333333,-0.004666666666666819,124.0900923437706,True,0.971850560948284,0.7583905128599469,0.10548429782038245,pyin_probability_below_0.5,-0.8451442195046052,False,1.6000000000000023,1.1641482127823435
1.41,1.3673333333333333,1.4526666666666668,False,124.84848285663055,True,0.6860828109301793,0.0,0.08529741329336889,-21.38128277863075,1.405333333333333,-0.004666666666666819,124.6286552095012,True,0.9891462648248619,0.21982764712934966,0.030509665862210444,,-0.7701695875464369,True,1.6000000000000023,1.2391228447405125
1.42,1.3773333333333333,1.4626666666666666,False,125.57172276022992,True,0.7571601330199093,0.10000000000000017,0.08529700187482353,-21.381324673742927,1.415333333333333,-0.004666666666666819,125.37268471134294,True,0.9874525075571216,0.19903804888697607,0.027462777355603915,,-0.6671226990398309,True,1.6999999999999993,1.3421697332471219
1.43,1.3873333333333333,1.4726666666666666,False,125.57172276022992,True,0.8911444948731202,0.10000000000000017,0.08398586845857994,-21.515875651800542,1.4253333333333331,-0.004666666666666819,125.98944476596571,True,0.9848062242947603,0.4177220057357971,-0.057494980736654565,,-0.5821649409475715,True,1.6999999999999993,1.427127491339379
1.44,1.3973333333333333,1.4826666666666666,False,125.57172276022992,True,0.8911444948731202,0.10000000000000017,0.0792540734935384,-22.019568134178705,1.435333333333333,-0.004666666666667041,126.21152658100863,True,0.9847109938840556,0.6398038207787096,-0.08798460948019936,,-0.5516753122040263,True,1.6999999999999993,1.4576171200829222
1.45,1.4073333333333333,1.4926666666666666,False,126.29915234996876,True,0.8266685594724996,0.20000000000000068,0.07578263349789977,-22.40860613542127,1.445333333333333,-0.004666666666667041,125.87854609746431,True,0.978212617401671,0.4206062525044558,0.057750431167783965,,-0.5974103528520117,True,1.800000000000001,1.4118820794349378
1.46,1.4173333333333333,1.5026666666666666,False,126.29915234996876,True,0.7571601330199094,0.20000000000000068,0.07116707426045425,-22.954417760504697,1.455333333333333,-0.004666666666667041,125.48754391545317,True,0.9778178237132771,0.8116084345155912,0.1116094729088895,,-0.6512693945931155,True,1.800000000000001,1.3580230376938363
1.47,1.4273333333333333,1.5126666666666666,False,127.03079589645196,True,0.6159498854580681,0.2999999999999983,0.06665133910718185,-23.5238224130692,1.465333333333333,-0.004666666666667041,125.97537684325872,True,0.9662720145206207,1.0554190531932477,0.14443821506899557,,-0.5840981367532219,True,1.9000000000000006,1.4251942955337271
1.48,1.4373333333333334,1.5226666666666666,False,127.03079589645196,True,0.5485250542599844,0.2999999999999983,0.06039138586492513,-24.380500081261815,1.475333333333333,-0.004666666666667041,128.20465548773237,True,0.9468785997547741,1.1738595912804044,-0.15924433780007663,,-0.2804155838841506,True,1.9000000000000006,1.7288768484027996
1.49,1.4473333333333334,1.5326666666666666,False,127.76667781088264,True,0.4849868077159113,0.4000000000000011,0.05480689062245086,-25.223296724042935,1.485333333333333,-0.004666666666667041,130.29832535163837,True,0.9597311861111971,2.5316475407557277,-0.3396830238451015,pyin_probability_below_0.5,2.3102160874548563e-05,False,2.0000000000000004,2.0093155344478255
1.5,1.4573333333333334,1.5426666666666666,False,130.0,True,0.3233360583906409,0.699999999999998,0.04975728422704729,-26.062866632821514,1.495333333333333,-0.004666666666667041,130.30979947618314,True,0.9668037031612858,0.3097994761831444,-0.041207488603913454,pyin_probability_below_0.5,0.0015475669196872964,False,2.3000000000000003,2.010839999206637
1.51,1.4673333333333334,1.5526666666666666,False,131.51052723924994,True,0.06608151270920701,0.9000000000000021,0.05023201183610152,-25.980388552349392,1.505333333333333,-0.004666666666667041,130.14440738446453,True,0.9522496661230533,1.3661198547854099,0.18077967471113623,pyin_probability_below_0.5,-0.020439596395362136,False,2.500000000000002,1.988852835891589
1.52,1.4773333333333334,1.5626666666666666,False,135.36407982952485,True,0.026168028608935755,1.400000000000004,0.052773463475503955,-25.551688050533752,1.515333333333333,-0.004666666666667041,130.05737501402638,True,0.9182173781413583,5.3067048154984775,0.6923609488518155,pyin_probability_below_0.5,-0.03202087053603747,False,3.0000000000000027,1.9772715617509111
1.53,1.4873333333333334,1.5726666666666667,False,139.33055012971812,True,0.03010686179419501,1.9000000000000006,0.05636884584632632,-24.97921714560553,1.525333333333333,-0.004666666666667041,132.15698563039103,True,0.8120162960935656,7.173564499327085,0.9151072493967538,pyin_probability_below_0.5,0.24523282891901993,False,3.500000000000001,2.2545252612059707
1.54,1.4973333333333334,1.5826666666666667,False,141.7660052464835,True,0.034897428019625254,2.1999999999999993,0.056770392077622224,-24.917562127272678,1.535333333333333,-0.004666666666667041,140.12965996283276,True,0.8114280866521176,1.6363452836507406,0.20099127727535154,pyin_probability_below_0.5,1.259348801040424,False,3.8000000000000007,3.268641233327373
1.55,1.5073333333333334,1.5926666666666667,False,144.24403136881983,True,0.108579770728745,2.4999999999999987,0.05629220031895573,-24.991035510823338,1.545333333333333,-0.004666666666667041,142.9159865194726,True,0.895470335401876,1.3280448493472363,0.16013182271866064,pyin_probability_below_0.5,1.6002082555971116,False,4.099999999999998,3.6095006878840596
1.56,1.5173333333333334,1.6026666666666667,False,145.9200662802185,True,0.3721358982975087,2.7,0.0550130420854399,-25.190686779466457,1.555333333333333,-0.004666666666667041,144.67921961145765,True,0.9303770855381298,1.2408466687608382,0.1478468229452299,pyin_probability_below_0.5,1.8124932553705477,False,4.3000000000000025,3.8217856876574956
1.57,1.5273333333333334,1.6126666666666667,False,146.76537262479707,True,0.48498680771591135,2.8000000000000003,0.05640981910597295,-24.97290585920733,1.565333333333333,-0.004666666666667041,147.48726927412505,True,0.9608917734784991,0.7218966493279879,-0.08494568195141142,pyin_probability_below_0.5,2.145285760267188,False,4.400000000000002,4.154578192554137
1.58,1.5373333333333334,1.6226666666666667,False,147.61557577921405,True,0.5485250542599845,2.9,0.05707048232903555,-24.871769140240943,1.575333333333333,-0.004666666666667041,149.27689752732837,True,0.9851026311362955,1.661321748114318,-0.19375141204518648,,2.354091490360962,True,4.499999999999999,4.363383922647911
1.59,1.5473333333333332,1.6326666666666667,False,147.61557577921405,True,0.7571601330199094,2.9,0.05742137786926166,-24.818527809817937,1.585333333333333,-0.004666666666667041,149.37877019433074,True,0.9674285649653256,1.7631944151166863,-0.20556203248104313,,2.365902110796819,True,4.499999999999999,4.375194543083769
1.6,1.5573333333333332,1.6426666666666667,False,148.4707041104003,True,0.8266685594724995,2.999999999999999,0.05035255673209175,-25.95956945098655,1.595333333333333,-0.004666666666667041,150.4403831537212,True,0.9827270008782396,1.9696790433208946,-0.2281631513690202,,2.488503229684794,True,4.600000000000001,4.497795661971745
1.61,1.5673333333333332,1.6526666666666667,False,149.33078614961454,True,0.8911444948731203,3.0999999999999988,0.0447649473192831,-26.98123844522778,1.605333333333333,-0.004666666666667041,149.43605128824294,True,0.9682634691399234,0.10526513862839693,-0.012199386068209826,,2.372539464383984,True,4.699999999999999,4.381831896670931
1.62,1.5773333333333333,1.6626666666666667,False,149.33078614961454,True,0.8266685594724994,3.0999999999999988,0.03981768061328944,-27.998480825994804,1.615333333333333,-0.004666666666667041,147.98558101417836,True,0.9602510153546828,1.3452051354361743,0.15666011577285174,,2.203679962542918,True,4.699999999999999,4.212972394829869
1.63,1.5873333333333333,1.6726666666666667,False,149.33078614961454,True,0.8266685594724994,3.0999999999999988,0.035839754771280014,-28.91269941203098,1.625333333333333,-0.004666666666666819,146.00523650910426,True,0.9616556666075485,3.3255496405102747,0.38989812784375755,,1.9704419504720172,True,4.699999999999999,3.9797343827589664
1.64,1.5973333333333333,1.6826666666666668,False,148.4707041104003,True,0.8911444948731202,2.999999999999999,0.03297070504139511,-29.637435317183307,1.635333333333333,-0.004666666666666819,147.81201014503696,True,0.9539185962807131,0.6586939653633408,0.07697751131990636,,2.1833625669958683,True,4.600000000000001,4.1926549992828175
1.65,1.6073333333333333,1.6926666666666668,False,148.4707041104003,True,0.8266685594724994,2.999999999999999,0.029767381112889044,-30.525187444285176,1.645333333333333,-0.004666666666666819,151.82127325829182,True,0.9739778806557748,3.3505691478915196,-0.38634799212507165,,2.6466880704408444,True,4.600000000000001,4.655980502727795
1.66,1.6173333333333333,1.7026666666666668,False,147.61557577921405,True,0.7571601330199091,2.9,0.02392771076803446,-32.42197699168271,1.655333333333333,-0.004666666666666819,149.405402466709,True,0.9711505918144119,1.7898266874949513,-0.2086483202490167,,2.36898839856479,True,4.499999999999999,4.37828083085174
1.67,1.6273333333333333,1.7126666666666666,False,150.19585059339548,True,0.8266685594724994,3.1999999999999966,0.019879209088394616,-34.03201796756565,1.665333333333333,-0.004666666666666819,148.18384656783405,True,0.9563201927251275,2.012004025561424,0.2334812123106043,,2.2268588660051676,True,4.799999999999999,4.236151298292118
1.68,1.6373333333333333,1.7226666666666666,False,150.19585059339548,True,0.7571601330199093,3.1999999999999966,0.015630561370733657,-36.120508480775776,1.6753333333333331,-0.004666666666666819,149.2499996699888,True,0.9757727529775903,0.945850923406681,0.1093683394436327,,2.3509717388721385,True,4.799999999999999,4.360264171159088
1.69,1.6473333333333333,1.7326666666666666,False,151.9410423129619,True,0.10857977072874497,3.3999999999999977,0.01469651464762456,-36.65571296323662,1.6853333333333331,-0.004666666666666819,148.8588453463436,True,0.9894985888399249,3.082196966618312,0.3548000724149371,pyin_probability_below_0.5,2.3055400059008364,False,5.0,4.314832438187787
1.7,1.6573333333333333,1.7426666666666666,False,145.9200662802185,True,0.010018764509769143,2.7,0.01707318587900227,-35.353708628002956,1.695333333333333,-0.004666666666667041,147.86842398733802,True,0.963687481631236,1.948357707119527,-0.2296286454994947,pyin_probability_below_0.5,2.1899687238152685,False,4.3000000000000025,4.199261156102219
1.71,1.6673333333333333,1.7526666666666666,False,144.24403136881983,True,0.010000016226422834,2.4999999999999987,0.020368475845214385,-33.820829353014126,1.705333333333333,-0.004666666666667041,149.35337455836762,True,0.9619817240691383,5.109343189547786,-0.6026185400879277,pyin_probability_below_0.5,2.3629586184036997,False,4.099999999999998,4.3722510506906485
1.72,1.6773333333333333,1.7626666666666666,False,144.24403136881983,True,0.010000000000613862,2.4999999999999987,0.026386863118212055,-31.572244716572783,1.715333333333333,-0.004666666666667041,149.3519488464499,True,0.7178414785175262,5.107917477630053,-0.602453277481421,pyin_probability_below_0.5,2.3627933557971925,False,4.099999999999998,4.372085788084143
1.73,1.6873333333333334,1.7726666666666666,False,,False,0.010000000009505966,,0.03284346245258864,-29.67102129123047,1.725333333333333,-0.004666666666667041,,False,0.0,,,,,False,,
1.74,1.6973333333333334,1.7826666666666666,False,,False,0.010000000003996623,,0.03608902822131435,-28.852496242879084,1.735333333333333,-0.004666666666667041,,False,0.0,,,,,False,,
1.75,1.7073333333333334,1.7926666666666666,False,,False,0.010000000009505967,,0.037130370265362964,-28.60541439904687,1.745333333333333,-0.004666666666667041,,False,0.0,,,,,False,,
1.76,1.7173333333333334,1.8026666666666666,False,,False,0.010000000009505967,,0.037807381071224166,-28.4484681061259,1.755333333333333,-0.004666666666667041,,False,0.0,,,,,False,,
1.77,1.7273333333333334,1.8126666666666666,False,,False,0.010000000000075396,,0.04155097933452529,-27.62837471337697,1.765333333333333,-0.004666666666667041,,False,0.0,,,,,False,,
1.78,1.7373333333333334,1.8226666666666667,False,157.29923159850804,True,0.010000000208892744,4.0,0.04395151110111263,-27.14052377626691,1.775333333333333,-0.004666666666667041,,False,0.0,,,pyin_probability_below_0.5|voicing_disagreement,,False,5.600000000000002,
1.79,1.7473333333333334,1.8326666666666667,False,157.29923159850804,True,0.010000516719604523,4.0,0.04675497087345024,-26.60344418432328,1.785333333333333,-0.004666666666667041,,False,0.0,,,pyin_probability_below_0.5|voicing_disagreement,,False,5.600000000000002,
1.8,1.7573333333333334,1.8426666666666667,False,157.29923159850804,True,0.010026724673810768,4.0,0.04911905691326157,-26.174999604967407,1.795333333333333,-0.004666666666667041,,False,0.0,,,pyin_probability_below_0.5|voicing_disagreement,,False,5.600000000000002,
1.81,1.7673333333333334,1.8526666666666667,False,149.33078614961454,True,0.010824463728234165,3.0999999999999988,0.051021292601003715,-25.844970858714255,1.805333333333333,-0.004666666666667041,163.09047783896213,True,0.5196772910904929,13.75969168934759,-1.525931140951505,pyin_probability_below_0.5|pitch_difference_over_1_semitone,3.886271219267278,False,4.699999999999999,5.8955636515542285
1.82,1.7773333333333334,1.8626666666666667,False,144.24403136881983,True,0.012403124793551346,2.4999999999999987,0.05165491637789237,-25.73776674361242,1.815333333333333,-0.004666666666667041,153.6321054754413,True,0.8029641422728848,9.388074106621474,-1.091617361331372,pyin_probability_below_0.5|pitch_difference_over_1_semitone,2.851957439647144,False,4.099999999999998,4.861249871934094
1.83,1.7873333333333334,1.8726666666666667,False,142.58724736030138,True,0.010824463728234167,2.3000000000000003,0.05321989238878139,-25.478520158640997,1.825333333333333,-0.004666666666667041,151.53510949743668,True,0.9077633956506066,8.947862137135303,-1.0536856437115023,pyin_probability_below_0.5|pitch_difference_over_1_semitone,2.6140257220272756,False,3.9000000000000004,4.623318154314228
1.84,1.7973333333333332,1.8826666666666667,False,142.58724736030138,True,0.010037765502929688,2.3000000000000003,0.05540757608377608,-25.12861697026029,1.835333333333333,-0.004666666666667041,143.41665302411764,True,0.91533605228358,0.8294056638162601,-0.10041117264598473,pyin_probability_below_0.5,1.660751250961761,False,3.9000000000000004,3.6700436832487107
1.85,1.8073333333333332,1.8926666666666667,False,136.93693467412865,True,0.010006178555334078,1.599999999999999,0.057650821229805235,-24.78389003693204,1.845333333333333,-0.004666666666667041,137.46516717382377,True,0.858692255800927,0.5282324996951218,-0.06665365992217948,pyin_probability_below_0.5,0.926993738237951,False,3.2,2.9362861705249017
1.86,1.8173333333333332,1.9026666666666667,False,132.2723599733492,True,0.010000516719604524,0.9999999999999971,0.057745839405120125,-24.76958602559627,1.855333333333333,-0.004666666666667041,129.26341787805447,True,0.8245403344585951,3.008942095294742,0.3983709534386844,pyin_probability_below_0.5,-0.13803087512291506,False,2.5999999999999974,1.871261557164034
1.87,1.8273333333333333,1.9126666666666667,False,123.4144757235675,True,0.010000516719604524,-0.19999999999999973,0.05668722426229867,-24.930296161673024,1.865333333333333,-0.004666666666667041,120.68611720404142,True,0.8105563488323128,2.7283585195260827,0.3870227289262786,pyin_probability_below_0.5,-1.3266826506105018,False,1.4000000000000004,0.682609781676447
1.88,1.8373333333333333,1.9226666666666667,False,115.81683335824411,True,0.01001876450976914,-1.3000000000000005,0.05639882053518109,-24.97459956587166,1.875333333333333,-0.004666666666666819,115.6631752175596,True,0.8052671577336592,0.153658140684513,0.022984122540759405,pyin_probability_below_0.5,-2.0626440442249843,False,0.3000000000000021,-0.05335161193803316
1.89,1.8473333333333333,1.9326666666666668,False,113.17157322849613,True,0.011085791888943375,-1.7000000000000013,0.05334321202721286,-25.458416741916125,1.885333333333333,-0.004666666666666819,111.23510998369183,True,0.83681759154207,1.936463244804301,0.29879273405005213,pyin_probability_below_0.5,-2.7384526557342785,False,-0.10000000000000067,-0.729160223447328
1.9,1.8573333333333333,1.9426666666666668,False,110.58673092361124,True,0.015085587297504338,-2.0999999999999996,0.04912211960508295,-26.174458035655896,1.895333333333333,-0.004666666666666819,106.88763656008076,True,0.8138669167055701,3.6990943635304774,0.5889996039883997,pyin_probability_below_0.5,-3.4286595256726238,False,-0.5000000000000001,-1.419367093385675
1.91,1.8673333333333333,1.9526666666666668,False,108.06092649856241,True,0.040697331568881064,-2.5000000000000013,0.045445220573905064,-26.850235686694766,1.905333333333333,-0.004666666666666819,105.46329300331182,True,0.8935987290416096,2.597633495250591,0.4212480852564986,pyin_probability_below_0.5,-3.660908006940727,False,-0.9000000000000006,-1.6516155746537757
1.92,1.8773333333333333,1.9626666666666666,False,106.2045044606715,True,0.092037570812181,-2.7999999999999976,0.04108500373772127,-27.726333383605542,1.915333333333333,-0.004666666666666819,107.32966815197652,True,0.7505401620388118,1.1251636913050191,-0.18244758650103243,pyin_probability_below_0.5,-3.357212335183192,False,-1.199999999999998,-1.3479199028962414
1.93,1.8873333333333333,1.9726666666666666,False,104.98464168400547,True,0.09203757081218102,-3.000000000000001,0.036794139269703464,-28.68442704257791,1.9253333333333331,-0.004666666666666819,105.76400992461845,True,0.7111348441893296,0.7793682406129818,-0.1280458950016776,pyin_probability_below_0.5,-3.611614026682548,False,-1.3999999999999984,-1.6023215943955984
1.94,1.8973333333333333,1.9826666666666666,False,105.59281152631061,True,0.04768699308253104,-2.900000000000002,0.030919479301171858,-30.195356568380795,1.9353333333333331,-0.004666666666666819,99.43340056950285,True,0.7418795082534366,6.159410956807761,1.0405100491336983,pyin_probability_below_0.5|pitch_difference_over_1_semitone,-4.680169970817927,False,-1.3000000000000005,-2.670877538530976
1.95,1.9073333333333333,1.9926666666666666,False,104.37997464223893,True,0.022944219124638603,-3.100000000000001,0.02743740989561253,-31.233137772669707,1.945333333333333,-0.004666666666667041,100.06374050090184,True,0.8762662351866415,4.316234141337091,0.7311080218778252,pyin_probability_below_0.5,-4.570767943562052,False,-1.5000000000000004,-2.561475511275102
1.96,1.9173333333333333,2.002666666666667,False,103.18106837793296,True,0.0229442191246386,-3.3000000000000007,0.02376575181440597,-32.48096885045753,1.955333333333333,-0.004666666666667041,101.16567421831164,True,0.7782437283159843,2.015394159621323,0.3415011253945393,pyin_probability_below_0.5,-4.3811610470787645,False,-1.7000000000000013,-2.3718686147918144
1.97,1.9273333333333333,2.0126666666666666,False,105.59281152631061,True,0.013100262550513395,-2.900000000000002,0.023469418376267565,-32.589953460782695,1.965333333333333,-0.004666666666667041,100.65710805520561,True,0.8964768726377892,4.9357034711050005,0.828750831437826,pyin_probability_below_0.5,-4.468410753122052,False,-1.3000000000000005,-2.4591183208351026
1.98,1.9373333333333334,2.022666666666667,False,111.2273533387383,True,0.020317628556360583,-1.9999999999999987,0.02404569632402513,-32.37925283900827,1.975333333333333,-0.004666666666667041,102.5038026497197,True,0.9376577670917297,8.723550689018595,1.414010303294847,pyin_probability_below_0.5|pitch_difference_over_1_semitone,-4.153670224979072,False,-0.3999999999999969,-2.14437779269212
1.99,1.9473333333333334,2.0326666666666666,False,116.48775344855382,True,0.026168028608935755,-1.2000000000000002,0.027400463831416196,-31.24484170876041,1.985333333333333,-0.004666666666667041,107.03253482437219,True,0.9247530428675388,9.455218624181626,1.4655466639937973,pyin_probability_below_0.5|pitch_difference_over_1_semitone,-3.4052065856780236,False,0.4000000000000011,-1.395914153391073
2.0,1.9573333333333334,2.042666666666667,False,121.29428889978496,True,0.047686993082531035,-0.5000000000000001,0.03340843027217577,-29.522878592683433,1.995333333333333,-0.004666666666667041,111.87025002933188,True,0.9574914996770792,9.424038870453074,1.4002223506811045,pyin_probability_below_0.5|pitch_difference_over_1_semitone,-2.6398822723653286,False,1.099999999999998,-0.6305898400783796
2.01,1.9673333333333334,2.0526666666666666,False,123.4144757235675,True,0.07797523762294818,-0.19999999999999973,0.03819771037708851,-28.359253370246176,2.005333333333333,-0.004666666666666597,114.86469885260837,True,0.9502006057227651,8.549776870959136,1.2429136541922332,pyin_probability_below_0.5|pitch_difference_over_1_semitone,-2.182573575876459,False,1.4000000000000004,-0.17328114358950805
2.02,1.9773333333333334,2.062666666666667,False,125.57172276022992,True,0.1279370863012904,0.10000000000000017,0.04390941142832876,-27.14884768475905,2.015333333333333,-0.004666666666667041,118.99646842447189,True,0.9353403619121425,6.575254335758032,0.9311143844213907,pyin_probability_below_0.5,-1.5707743061056167,False,1.6999999999999993,0.4385181261813327
2.03,1.9873333333333334,2.0726666666666667,False,128.5068226458765,True,0.15046460134333883,0.5000000000000008,0.049213669611898964,-26.158285012758647,2.025333333333333,-0.004666666666666597,123.78951848508444,True,0.9778165805349832,4.717304160792054,0.6474695140885564,pyin_probability_below_0.5,-0.8871294357727828,False,2.100000000000002,1.122162996514167
2.04,1.9973333333333334,2.082666666666667,False,131.51052723924994,True,0.1279370863012904,0.9000000000000021,0.052629523981805974,-25.575411160555028,2.0353333333333334,-0.004666666666666597,126.02318836033562,True,0.9879868970671094,5.487338878914315,0.7378688977217003,pyin_probability_below_0.5,-0.5775288194059252,False,2.500000000000002,1.4317636128810227
2.05,2.0073333333333334,2.0926666666666667,False,135.36407982952485,True,0.06608151270920701,1.400000000000004,0.0584207102411057,-24.668663349194595,2.0453333333333332,-0.004666666666666597,128.70771491312865,True,0.9751428159108558,6.6563649163962,0.872957080320557,pyin_probability_below_0.5,-0.2126170020047804,False,3.0000000000000027,1.79667543028217
2.06,2.017333333333333,2.1026666666666665,False,138.52806521170294,True,0.10857977072874497,1.7999999999999972,0.0641773347893234,-23.85236645229679,2.0553333333333335,-0.004666666666666597,132.827285380704,True,0.9695186415278386,5.7007798309989255,0.7275210525591544,pyin_probability_below_0.5,0.3328190257566157,False,3.3999999999999977,2.342111458043565
2.07,2.0273333333333334,2.1126666666666667,False,143.41324688128702,True,0.1765306086328976,2.399999999999998,0.0699145941998,-23.10864317496657,2.0653333333333332,-0.004666666666666597,138.39681144788807,True,0.9723507307254659,5.016435433398954,0.6164110212662008,pyin_probability_below_0.5,1.0439290570495712,False,3.9999999999999973,3.0532214893365217
2.08,2.037333333333333,2.1226666666666665,False,145.07962854192903,True,0.32333605839064083,2.6000000000000005,0.07370541143533751,-22.650012503272116,2.075333333333333,-0.004666666666667041,144.25187308387143,True,0.9851033305414006,0.8277554580575952,0.09905885359936135,pyin_probability_below_0.5,1.7612812247164125,False,4.200000000000001,3.7705736570033617
2.09,2.0473333333333334,2.1326666666666667,False,145.9200662802185,True,0.3721358982975087,2.7,0.08050919358014627,-21.883090468879267,2.0853333333333333,-0.004666666666666597,147.0073853268702,True,0.9862094434110428,1.0873190466517144,-0.12852413735290286,pyin_probability_below_0.5,2.0888642156686785,False,4.3000000000000025,4.09815664795563
2.1,2.0573333333333332,2.1426666666666665,False,145.07962854192903,True,0.42606232904328145,2.6000000000000005,0.08483965868739338,-21.428021746645545,2.095333333333333,-0.004666666666667041,147.1626682169212,True,0.9730027794912195,2.0830396749921647,-0.2468013921736873,pyin_probability_below_0.5,2.107141470489462,False,4.200000000000001,4.116433902776413
2.11,2.0673333333333335,2.1526666666666667,False,145.07962854192903,True,0.5485250542599845,2.6000000000000005,0.0874441232424244,-21.165387446781565,2.1053333333333333,-0.004666666666666597,148.62785194769302,True,0.9773759670785539,3.5482234057639914,-0.41831444189027933,,2.278654520206055,True,4.200000000000001,4.2879469524930025
2.12,2.0773333333333333,2.1626666666666665,False,145.07962854192903,True,0.6159498854580678,2.6000000000000005,0.08998831961853176,-20.916277156640373,2.115333333333333,-0.004666666666667041,148.2799295168878,True,0.9796287366506148,3.2003009749587648,-0.37774053497720994,,2.2380806132929845,True,4.200000000000001,4.247373045579932
2.13,2.0873333333333335,2.1726666666666667,False,141.7660052464835,True,0.615949885458068,2.1999999999999993,0.08918083749457321,-20.994569070415846,2.1253333333333333,-0.004666666666666597,143.18743352446975,True,0.9493762689867801,1.4214282779862515,-0.1727191259700384,,1.6330592042858119,True,3.8000000000000007,3.642351636572762
2.14,2.0973333333333333,2.1826666666666665,False,141.7660052464835,True,0.6159498854580681,2.1999999999999993,0.08976432704885536,-20.93792441227816,2.135333333333333,-0.004666666666667041,140.11360914269994,True,0.9723002865349286,1.652396103783559,0.2029743919063266,,1.2573656864094476,True,3.8000000000000007,3.266658118696399
2.15,2.1073333333333335,2.1926666666666668,False,140.9494931391844,True,0.6159498854580681,2.100000000000002,0.08680908250613677,-21.228696677128752,2.1453333333333333,-0.004666666666666597,140.34068623364817,True,0.9841034266718945,0.6088069055362269,0.07493961518861143,,1.2854004631271612,True,3.7000000000000015,3.2946928954141113
2.16,2.1173333333333333,2.2026666666666666,False,141.7660052464835,True,0.5485250542599847,2.1999999999999993,0.08677519599347483,-21.23208793485651,2.155333333333333,-0.004666666666667041,140.46242333582228,True,0.993762906887186,1.3035819106612223,0.15992871094004782,,1.3004113673757272,True,3.8000000000000007,3.3097037996626777
2.17,2.1273333333333335,2.212666666666667,False,144.24403136881983,True,0.5485250542599845,2.4999999999999987,0.08371274267340197,-21.544168581705605,2.1653333333333333,-0.004666666666666597,140.66163866506434,True,0.9915578856027936,3.582392703755488,0.43539232537731953,,1.324947752938451,True,4.099999999999998,3.3342401852254016
2.18,2.1373333333333333,2.2226666666666666,False,145.9200662802185,True,0.615949885458068,2.7,0.07988360838125218,-21.95084652132651,2.175333333333333,-0.004666666666667041,143.87510489652288,True,0.9875240941756767,2.0449613836956075,0.24433571666149378,,1.71600436165428,True,4.3000000000000025,3.725296793941231
2.19,2.1473333333333335,2.232666666666667,False,146.76537262479707,True,0.615949885458068,2.8000000000000003,0.0716533452231926,-22.895270584590346,2.1853333333333333,-0.004666666666666597,145.3355920836924,True,0.9884013624177292,1.4297805411046625,0.16948280378625313,,1.8908572745295222,True,4.400000000000002,3.900149706816475
2.2,2.1573333333333333,2.2426666666666666,False,147.61557577921405,True,0.5485250542599845,2.9,0.06777283634062248,-23.3788867690337,2.195333333333333,-0.004666666666667041,147.26185164902304,True,0.986707961403955,0.35372413019101145,0.04153451535659734,,2.118805562959177,True,4.499999999999999,4.128097995246127
2.21,2.167333333333333,2.252666666666667,False,148.4707041104003,True,0.42606232904328145,2.999999999999999,0.06413741334598717,-23.85777118195161,2.2053333333333334,-0.004666666666666597,149.36888290217436,True,0.9728240646881504,0.8981787917740576,-0.10441610101259319,pyin_probability_below_0.5,2.3647561793283676,False,4.600000000000001,4.374048611615317
2.22,2.1773333333333333,2.2626666666666666,False,150.19585059339548,True,0.37213589829750865,3.1999999999999966,0.059467522507971056,-24.51440308759971,2.215333333333333,-0.004666666666667041,152.62427184316383,True,0.9436856289179187,2.4284212497683484,-0.27767346806660254,pyin_probability_below_0.5,2.7380135463823745,False,4.799999999999999,4.747305978669324
2.23,2.187333333333333,2.272666666666667,False,151.9410423129619,True,0.3233360583906408,3.3999999999999977,0.05502242193167896,-25.189205942171323,2.2253333333333334,-0.004666666666666597,158.38145823470754,True,0.9361350937092519,6.440415921745625,-0.7187019036475153,pyin_probability_below_0.5,3.3790419819632906,False,5.0,5.38833441425024
2.24,2.1973333333333334,2.2826666666666666,False,154.59692495035372,True,0.32333605839064083,3.699999999999999,0.04605606465503581,-26.734263477509042,2.235333333333333,-0.004666666666667041,164.83268152022734,True,0.9045513766117736,10.235756569873615,-1.1098883044613919,pyin_probability_below_0.5|pitch_difference_over_1_semitone,4.070228382777164,False,5.299999999999999,6.0795208150641145
2.25,2.207333333333333,2.292666666666667,False,158.21045677717683,True,0.27960516533635893,4.100000000000001,0.03890969342983728,-28.19884381993363,2.2453333333333334,-0.004666666666666597,168.79565754025106,True,0.7903129413027189,10.585200763074226,-1.1211939956293921,pyin_probability_below_0.5|pitch_difference_over_1_semitone,4.481534073945167,False,5.700000000000003,6.490826506232118
2.26,2.2173333333333334,2.3026666666666666,False,162.84637702113662,True,0.24075439447557434,4.599999999999999,0.02877179751159657,-30.82066009623478,2.255333333333333,-0.004666666666666597,161.74021072627338,True,0.8094025317502569,1.1061662948632431,0.11799872450879631,pyin_probability_below_0.5,3.7423413538069745,False,6.199999999999999,5.751633786093924
2.27,2.227333333333333,2.312666666666667,False,163.7897364863335,True,0.15046460134333883,4.699999999999999,0.023929078379895635,-32.42148055529788,2.2653333333333334,-0.004666666666666597,161.0199784906992,True,0.8420680708964594,2.7697579956343077,0.2952630638389095,pyin_probability_below_0.5,3.6650770144768625,False,6.300000000000001,5.674369446763813
2.28,2.2373333333333334,2.3226666666666667,False,163.7897364863335,True,0.047686993082531035,4.699999999999999,0.019811705295530415,-34.06156281778604,2.275333333333333,-0.004666666666666597,159.8284391138593,True,0.7542451693124286,3.961297372474206,0.42384983006192034,pyin_probability_below_0.5,3.5364902482538545,False,6.300000000000001,5.545782680540804
2.29,2.247333333333333,2.332666666666667,False,159.12696062960518,True,0.12793708630129036,4.199999999999998,0.017121841167281476,-35.32899072098479,2.2853333333333334,-0.004666666666666597,151.92788097192334,True,0.8481685188060364,7.199079657681835,0.8014996835810169,pyin_probability_below_0.5,2.658840394734755,False,5.800000000000001,4.668132827021704
2.3,2.2573333333333334,2.3426666666666667,False,159.12696062960518,True,0.1279370863012904,4.199999999999998,0.014588426084625107,-36.71983121440511,2.2953333333333332,-0.004666666666666597,154.2254664480123,True,0.9086921692401351,4.901494181592881,0.5416473633463004,pyin_probability_below_0.5,2.9186927149694744,False,5.800000000000001,4.927985147256425
2.31,2.267333333333333,2.3526666666666665,False,153.70651218352927,True,0.056071395445892624,3.6000000000000005,0.010077394023686627,-39.93303520593457,2.3053333333333335,-0.004666666666666597,155.80214819381973,True,0.8416637562334479,2.0956360102904625,-0.23444202525765362,pyin_probability_below_0.5,3.0947821035734284,False,5.200000000000001,5.104074535860378
2.32,2.2773333333333334,2.3626666666666667,False,153.70651218352927,True,0.108579770728745,3.6000000000000005,0.007594124659734787,-42.39044556138406,2.3153333333333332,-0.004666666666666597,152.18325807630734,True,0.6363443798242251,1.5232541072219306,0.17242362646786374,pyin_probability_below_0.5,2.687916451847911,False,5.200000000000001,4.697208884134862
2.33,2.287333333333333,2.3726666666666665,False,154.59692495035372,True,0.09203757081218102,3.699999999999999,0.006930274075154057,-43.18499179557528,2.3253333333333335,-0.004666666666666597,147.94248639983772,True,0.6048081535197724,6.654438550516005,0.7617023454509833,pyin_probability_below_0.5,2.1986377328647912,False,5.299999999999999,4.20793016515174
2.34,2.2973333333333334,2.3826666666666667,False,150.19585059339548,True,0.01000419105279527,3.1999999999999966,0.006530243047222997,-43.7014130908738,2.3353333333333333,-0.004666666666666597,149.27218757646602,True,0.59662352465929,0.9236630169294529,0.10679483161857564,pyin_probability_below_0.5,2.353545246697199,False,4.799999999999999,4.362837678984149
2.35,2.3073333333333332,2.3926666666666665,False,,False,0.01000000928748663,,0.007799894959423883,-42.158224917600016,2.345333333333333,-0.004666666666667041,,False,0.0,,,,,False,,
2.36,2.3173333333333335,2.4026666666666667,False,,False,0.010006178555334078,,0.01010593080260846,-39.90847359582909,2.3553333333333333,-0.004666666666666597,,False,0.0,,,,,False,,
2.37,2.3273333333333333,2.4126666666666665,False,121.9969395672486,True,0.010037765502929688,-0.4000000000000008,0.012736022919677936,-37.899323361034064,2.365333333333333,-0.004666666666667041,,False,0.0,,,pyin_probability_below_0.5|voicing_disagreement,,False,1.1999999999999993,
2.38,2.3373333333333335,2.4226666666666667,False,119.21052561660726,True,0.011422334250709074,-0.8000000000000008,0.014860269951279098,-36.55946602242945,2.3753333333333333,-0.004666666666666597,,False,0.0,,,pyin_probability_below_0.5|voicing_disagreement,,False,0.8000000000000002,
2.39,2.3473333333333333,2.4326666666666665,False,116.48775344855382,True,0.015085587297504336,-1.2000000000000002,0.017023964346364582,-35.378785978717524,2.385333333333333,-0.004666666666667041,114.05429316741667,True,0.6979131791378372,2.433460281137144,0.3654904456164655,pyin_probability_below_0.5,-2.305150367300693,False,0.4000000000000011,-0.2958579350137426
2.4,2.3573333333333335,2.4426666666666668,False,114.4865635674993,True,0.020317628556360583,-1.5000000000000004,0.018038072870833928,-34.87619725857468,2.3953333333333333,-0.004666666666666597,119.60716257702444,True,0.6746410054236547,5.120599009525137,-0.7575059617696928,pyin_probability_below_0.5,-1.482153959914534,False,0.10000000000000017,0.5271384723724161
2.41,2.3673333333333333,2.4526666666666666,False,114.4865635674993,True,0.018187375734912182,-1.5000000000000004,0.018307401168341817,-34.747466034069,2.405333333333333,-0.004666666666667041,122.85190765949542,True,0.8013490926276148,8.365344091996121,-1.2209036435906664,pyin_probability_below_0.5|pitch_difference_over_1_semitone,-1.0187562780935584,False,0.10000000000000017,0.990536154193391
2.42,2.3773333333333335,2.462666666666667,False,114.4865635674993,True,0.01646758759311301,-1.5000000000000004,0.018719110595099103,-34.55429579659161,2.4153333333333333,-0.004666666666666597,113.914720106406,True,0.8882804181765042,0.5718434610933087,0.08668926226929358,pyin_probability_below_0.5,-2.3263491839535186,False,0.10000000000000017,-0.3170567516665689
2.43,2.3873333333333333,2.4726666666666666,False,115.14977748330686,True,0.013980210380185928,-1.4000000000000026,0.01868780360500166,-34.56883477315208,2.425333333333333,-0.004666666666667041,108.8920812253949,True,0.8741070346413896,6.2576962579119595,0.9673509606613466,pyin_probability_below_0.5,-3.107010882345574,False,0.19999999999999687,-1.0977184500586246
2.44,2.3973333333333335,2.482666666666667,False,115.14977748330686,True,0.013100262550513397,-1.4000000000000026,0.01776737396535868,-35.00753513171761,2.4353333333333333,-0.004666666666666597,104.29662535145542,True,0.762217136588824,10.853152131851445,1.7138297382502712,pyin_probability_below_0.5|pitch_difference_over_1_semitone,-3.853489659934498,False,0.19999999999999687,-1.8441972276475491
2.45,2.4073333333333333,2.4926666666666666,False,109.9497982220883,True,0.01646758759311301,-2.1999999999999997,0.016288666074416813,-35.7622895971206,2.445333333333333,-0.004666666666667041,,False,0.0,,,pyin_probability_below_0.5|voicing_disagreement,,False,-0.5999999999999991,
2.46,2.417333333333333,2.502666666666667,False,106.2045044606715,True,0.010349055133375844,-2.7999999999999976,0.013963779690027645,-37.09994023548441,2.4553333333333334,-0.004666666666666597,,False,0.0,,,pyin_probability_below_0.5|voicing_disagreement,,False,-1.199999999999998,
2.47,2.4273333333333333,2.5126666666666666,False,101.40847938173854,True,0.010001232964986118,-3.6000000000000014,0.011770671471930142,-38.58397523210998,2.465333333333333,-0.004666666666667041,,False,0.0,,,pyin_probability_below_0.5|voicing_disagreement,,False,-2.0000000000000004,
2.48,2.437333333333333,2.522666666666667,False,92.9919856082918,True,0.010000000208892745,-5.1,0.009651536343765045,-40.308070992167174,2.4753333333333334,-0.004666666666666597,,False,0.0,,,pyin_probability_below_0.5|voicing_disagreement,,False,-3.4999999999999982,
2.49,2.4473333333333334,2.5326666666666666,False,92.9919856082918,True,0.010000000101429398,-5.1,0.008609311331725607,-41.300631736997,2.485333333333333,-0.004666666666667041,,False,0.0,,,pyin_probability_below_0.5|voicing_disagreement,,False,-3.4999999999999982,
2.5,2.457333333333333,2.542666666666667,False,92.9919856082918,True,0.010000000047726021,-5.1,0.00816121091502923,-41.76490796536707,2.4953333333333334,-0.004666666666666597,,False,0.0,,,pyin_probability_below_0.5|voicing_disagreement,,False,-3.4999999999999982,
2.51,2.4673333333333334,2.5526666666666666,False,96.27134089862668,True,0.010000000000023847,-4.500000000000001,0.007147475408147743,-42.91694660432177,2.505333333333333,-0.004666666666666597,,False,0.0,,,pyin_probability_below_0.5|voicing_disagreement,,False,-2.8999999999999995,
2.52,2.477333333333333,2.562666666666667,False,,False,0.01,,0.006853451137401208,-43.2818135847663,2.5153333333333334,-0.004666666666666597,,False,0.0,,,,,False,,
2.53,2.4873333333333334,2.5726666666666667,False,,False,0.01,,0.007215330625853657,-42.83487527146809,2.525333333333333,-0.004666666666666597,,False,0.0,,,,,False,,
2.54,2.497333333333333,2.582666666666667,False,,False,0.010000000000000439,,0.007885500591226526,-42.06341462728102,2.5353333333333334,-0.004666666666666597,,False,0.0,,,,,False,,
2.55,2.5073333333333334,2.5926666666666667,False,,False,0.010000000000001869,,0.008064808135092215,-41.86811920371959,2.5453333333333332,-0.004666666666666597,,False,0.0,,,,,False,,
2.56,2.517333333333333,2.6026666666666665,False,,False,0.010000000000001869,,0.007909430583628878,-42.03709562281332,2.5553333333333335,-0.004666666666666597,,False,0.0,,,,,False,,
2.57,2.5273333333333334,2.6126666666666667,False,,False,0.010000000000001869,,0.007736763079423131,-42.228814044170484,2.5653333333333332,-0.004666666666666597,,False,0.0,,,,,False,,
2.58,2.537333333333333,2.6226666666666665,False,,False,0.010000000000006925,,0.0075049049343415665,-42.493096093070754,2.5753333333333335,-0.004666666666666597,,False,0.0,,,,,False,,
2.59,2.5473333333333334,2.6326666666666667,False,,False,0.010000000000023851,,0.007136868213367978,-42.92984645363964,2.5853333333333333,-0.004666666666666597,,False,0.0,,,,,False,,
2.6,2.5573333333333332,2.6426666666666665,False,,False,0.010000000000006925,,0.006913370829716522,-43.20620294312601,2.595333333333333,-0.004666666666667041,,False,0.0,,,,,False,,
2.61,2.5673333333333335,2.6526666666666667,False,,False,0.010000000000075398,,0.010557593769794054,-39.528701051912336,2.6053333333333333,-0.004666666666666597,,False,0.0,,,,,False,,
2.62,2.5773333333333333,2.6626666666666665,False,,False,0.01000123296498612,,0.016136943993567167,-35.84357416600311,2.615333333333333,-0.004666666666667041,,False,0.0,,,,,False,,
2.63,2.5873333333333335,2.6726666666666667,False,121.9969395672486,True,0.010009025493342986,-0.4000000000000008,0.02253416812537448,-32.94316939550589,2.6253333333333333,-0.004666666666666597,,False,0.0,,,pyin_probability_below_0.5|voicing_disagreement,,False,1.1999999999999993,
2.64,2.5973333333333333,2.6826666666666665,False,117.84127594565435,True,0.010824463728234167,-1.0000000000000013,0.027134179619613476,-31.329666088700158,2.635333333333333,-0.004666666666667041,,False,0.0,,,pyin_probability_below_0.5|voicing_disagreement,,False,0.5999999999999976,
2.65,2.6073333333333335,2.6926666666666668,False,117.16256013940793,True,0.015085587297504338,-1.0999999999999999,0.03146148401436976,-30.04441591775665,2.6453333333333333,-0.004666666666666597,,False,0.0,,,pyin_probability_below_0.5|voicing_disagreement,,False,0.5000000000000008,
2.66,2.6173333333333333,2.7026666666666666,False,117.16256013940793,True,0.03489742801962526,-1.0999999999999999,0.03586875863034473,-28.9056730682762,2.655333333333333,-0.004666666666667041,126.3602192140867,True,0.5538093338406908,9.197659074678768,-1.3083686613985372,pyin_probability_below_0.5|pitch_difference_over_1_semitone,-0.5312912602856874,False,0.5000000000000008,1.4780011720012625
2.67,2.6273333333333335,2.712666666666667,False,117.16256013940793,True,0.09203757081218102,-1.0999999999999999,0.039247441405872656,-28.123773004886637,2.6653333333333333,-0.004666666666666597,118.23641383606957,True,0.8615439372782668,1.0738536966616437,-0.15795353295817735,pyin_probability_below_0.5,-1.6817063887260482,False,0.5000000000000008,0.3275860435609006
2.68,2.6373333333333333,2.7226666666666666,False,117.16256013940793,True,0.12793708630129036,-1.0999999999999999,0.042545135011407685,-27.423001876568303,2.675333333333333,-0.004666666666667041,115.56768219257677,True,0.9680682995583357,1.5948779468311614,0.23728332010883152,pyin_probability_below_0.5,-2.07694324179306,False,0.5000000000000008,-0.06765080950610824
2.69,2.6473333333333335,2.732666666666667,False,116.48775344855382,True,0.3721358982975087,-1.2000000000000002,0.046546272602693055,-26.642301826583523,2.6853333333333333,-0.004666666666666597,115.48088318965097,True,0.9802480348678515,1.0068702589028504,0.15029092274084593,pyin_probability_below_0.5,-2.089950844425071,False,0.4000000000000011,-0.08065841213812158
2.7,2.6573333333333333,2.7426666666666666,False,116.48775344855382,True,0.6159498854580681,-1.2000000000000002,0.047135901930300074,-26.532963568360696,2.695333333333333,-0.004666666666667041,116.38904772106467,True,0.9755361198219453,0.09870572748914697,0.014675805030128488,,-1.954335726714353,True,0.4000000000000011,0.05495670557259477
2.71,2.667333333333333,2.752666666666667,False,116.48775344855382,True,0.6860828109301793,-1.2000000000000002,0.04815076447147366,-26.34793626711001,2.7053333333333334,-0.004666666666666597,116.48236483925538,True,0.9861446485425909,0.005388609298435654,0.0008008704261996539,,-1.9404607921104242,True,0.4000000000000011,0.0688316401765269
2.72,2.6773333333333333,2.7626666666666666,False,116.48775344855382,True,0.6860828109301793,-1.2000000000000002,0.048120884055266946,-26.35332805191513,2.715333333333333,-0.004666666666667041,116.17196710304347,True,0.9710081536639895,0.3157863455103467,0.04699570755076961,,-1.9866556292349955,True,0.4000000000000011,0.022636803051952255
2.73,2.687333333333333,2.772666666666667,False,116.48775344855382,True,0.6860828109301793,-1.2000000000000002,0.0483095102521672,-26.319347304858482,2.7253333333333334,-0.004666666666666597,116.19971001518685,True,0.9900731531395393,0.2880434333669655,0.04286185828422273,,-1.9825217799684465,True,0.4000000000000011,0.02677065231850142
2.74,2.6973333333333334,2.7826666666666666,False,117.16256013940793,True,0.6159498854580681,-1.0999999999999999,0.047658957922940434,-26.43710915723331,2.735333333333333,-0.004666666666667041,116.36935343335635,True,0.9835762022640188,0.7932067060515777,0.11760548845852711,,-1.9572654101427513,True,0.5000000000000008,0.05202702214419906
2.75,2.707333333333333,2.792666666666667,False,117.16256013940793,True,0.7571601330199094,-1.0999999999999999,0.04734492289394404,-26.494531728088923,2.7453333333333334,-0.004666666666666597,117.21908865402138,True,0.9850351578622125,0.0565285146134471,-0.008350832212615358,,-1.8313090894716102,True,0.5000000000000008,0.1779833428153377
2.76,2.7173333333333334,2.8026666666666666,False,117.16256013940793,True,0.8266685594724996,-1.0999999999999999,0.04586266819622926,-26.77081365012834,2.755333333333333,-0.004666666666666597,117.55538871622505,True,0.9885926117985075,0.3928285768171236,-0.05794860136738807,,-1.7817113203168375,True,0.5000000000000008,0.22758111197010994
2.77,2.727333333333333,2.812666666666667,False,117.16256013940793,True,0.8266685594724996,-1.0999999999999999,0.04505151272522379,-26.92581243678939,2.7653333333333334,-0.004666666666666597,117.46520140682459,True,0.9843941446489095,0.30264126741666075,-0.04466165077211239,,-1.7949982709121124,True,0.5000000000000008,0.21429416137483664
2.78,2.7373333333333334,2.8226666666666667,False,117.84127594565435,True,0.8266685594724996,-1.0000000000000013,0.04344622879702117,-27.240958300865184,2.775333333333333,-0.004666666666666597,117.2589388835083,True,0.9815094966751127,0.5823370621460384,0.08576460149862161,,-1.8254245231828485,True,0.5999999999999976,0.18386790910410256
2.79,2.747333333333333,2.832666666666667,False,119.21052561660726,True,0.3233360583906409,-0.8000000000000008,0.04394433860260517,-27.14194135242809,2.7853333333333334,-0.004666666666666597,117.30639643878818,True,0.9756206239954184,1.9041291778190725,0.2787592921596147,pyin_probability_below_0.5,-1.8184192138438413,False,0.8000000000000002,0.19087321844310995
2.8,2.7573333333333334,2.8426666666666667,False,121.9969395672486,True,0.10857977072874497,-0.4000000000000008,0.04708049307594777,-26.543179948414913,2.7953333333333332,-0.004666666666666597,118.21331255806031,True,0.9816879731717458,3.7836270091882938,0.5454293188474675,pyin_probability_below_0.5,-1.6850892405316942,False,1.1999999999999993,0.32420319175525697
2.81,2.767333333333333,2.8526666666666665,False,125.57172276022992,True,0.10857977072874499,0.10000000000000017,0.04721868919007171,-26.517721465611864,2.8053333333333335,-0.004666666666666597,119.55350474599392,True,0.9873080732668865,6.018218014235998,0.8502623946810188,pyin_probability_below_0.5,-1.4899223163652469,False,1.6999999999999993,0.5193701159217046
2.82,2.7773333333333334,2.8626666666666667,False,130.0,True,0.1504646013433388,0.699999999999998,0.04833703498295615,-26.314399858887544,2.8153333333333332,-0.004666666666666597,121.60520643236963,True,0.9816565336421873,8.394793567630373,1.1556795034006941,pyin_probability_below_0.5|pitch_difference_over_1_semitone,-1.1953394250849179,False,2.3000000000000003,0.8139530072020325
2.83,2.787333333333333,2.8726666666666665,False,131.51052723924994,True,0.2407543944755743,0.9000000000000021,0.04804750243293804,-26.366583651182047,2.8253333333333335,-0.004666666666666597,127.37233132217325,True,0.9191351037976998,4.138195917076686,0.5535164430048035,pyin_probability_below_0.5,-0.3931763646890296,False,2.500000000000002,1.6161160675979223
2.84,2.7973333333333334,2.8826666666666667,False,132.2723599733492,True,0.27960516533635893,0.9999999999999971,0.04745601703318674,-26.474174295444186,2.8353333333333333,-0.004666666666666597,130.38978462439928,True,0.9366837991175565,1.8825753489499277,0.24816932480113085,pyin_probability_below_0.5,0.012170753514639492,False,2.5999999999999974,2.0214631858015903
2.85,2.8073333333333332,2.8926666666666665,False,133.80929076365396,True,0.32333605839064083,1.1999999999999993,0.04832859060063974,-26.3159173988115,2.845333333333333,-0.004666666666667041,133.40632713078057,True,0.9511601867957735,0.4029636328733943,0.05221437998905139,pyin_probability_below_0.5,0.4081256983267238,False,2.8000000000000003,2.4174181306136737
2.86,2.8173333333333335,2.9026666666666667,False,134.5844400993791,True,0.42606232904328145,1.300000000000003,0.04861479277746044,-26.264631222122567,2.8553333333333333,-0.004666666666666597,136.72541972721783,True,0.9817091401676552,2.140979627838732,-0.27323841259083714,pyin_probability_below_0.5,0.8335784909066126,False,2.9000000000000035,2.8428709231935647
2.87,2.8273333333333333,2.9126666666666665,False,136.14823596668148,True,0.6860828109301792,1.5000000000000004,0.047887192294851846,-26.39561251226909,2.865333333333333,-0.004666666666667041,138.3449989931152,True,0.9821763901889742,2.196763026433729,-0.27710643915846894,,1.0374465174742444,True,3.1000000000000023,3.0467389497611963
2.88,2.8373333333333335,2.9226666666666667,False,136.93693467412865,True,0.8266685594724994,1.599999999999999,0.044612696706573036,-27.010830482763932,2.8753333333333333,-0.004666666666666597,139.81425050598688,True,0.9752105022810134,2.877315831858226,-0.3599974921370205,,1.2203375704527943,True,3.2,3.2296300027397433
2.89,2.8473333333333333,2.9326666666666665,False,138.52806521170294,True,0.8266685594724995,1.7999999999999972,0.03839758725735438,-28.313921280221003,2.885333333333333,-0.004666666666667041,138.98818280216437,True,0.9766321509618902,0.4601175904614365,-0.05740723109258857,,1.1177473094083614,True,3.3999999999999977,3.12703974169531
2.9,2.8573333333333335,2.9426666666666668,False,138.52806521170294,True,0.6860828109301792,1.7999999999999972,0.03219118030687969,-29.845261987650083,2.8953333333333333,-0.004666666666666597,138.42586948262053,True,0.9523173564258581,0.10219572908241048,0.012776473754164318,,1.0475636045616095,True,3.3999999999999977,3.056856036848557
2.91,2.8673333333333333,2.9526666666666666,False,139.33055012971812,True,0.6159498854580678,1.9000000000000006,0.02895319808318032,-30.76606916849418,2.905333333333333,-0.004666666666667041,137.92583319503495,True,0.8836974401854628,1.4047169346831652,0.17542713110105929,,0.984912947214716,True,3.500000000000001,2.9942053795016683
2.92,2.8773333333333335,2.962666666666667,False,138.52806521170294,True,0.5485250542599845,1.7999999999999972,0.025255472378095892,-31.952890080722728,2.9153333333333333,-0.004666666666666597,135.22141694046738,True,0.7344050036113074,3.3066482712355594,0.4182554406579898,,0.6420846376577831,True,3.3999999999999977,2.6513770699447337
2.93,2.8873333333333333,2.9726666666666666,False,137.7302022667084,True,0.42509216283092144,1.7000000000000026,0.021735809649286675,-33.25648355789313,2.925333333333333,-0.004666666666667041,136.26209585743257,True,0.6384025009069124,1.4681064092758334,0.18552785205684347,pyin_probability_below_0.5,0.7748122262589361,False,3.3000000000000034,2.784104658545884
2.94,2.8973333333333335,2.982666666666667,False,137.7302022667084,True,0.1765306086328976,1.7000000000000026,0.01723709162216665,-35.27072019829778,2.9353333333333333,-0.004666666666666597,136.41204338726007,True,0.8110547561947942,1.3181588794483332,0.16648722751521566,pyin_probability_below_0.5,0.7938528508005598,False,3.3000000000000034,2.8031452830875128
2.95,2.9073333333333333,2.9926666666666666,False,135.36407982952485,True,0.020317628556360583,1.400000000000004,0.008592024965070633,-41.31808939504899,2.945333333333333,-0.004666666666667041,130.29815147735098,True,0.8868563625473845,5.06592835217387,0.6603400783157789,pyin_probability_below_0.5,0.0,False,3.0000000000000027,2.0092924322869514
2.96,2.917333333333333,3.002666666666667,False,136.14823596668148,True,0.2065067991177523,1.5000000000000004,0.005943422463881348,-44.519267971946434,2.9553333333333334,-0.004666666666666597,132.18174349228914,True,0.9096596324611425,3.9664924743923393,0.5118643153198845,pyin_probability_below_0.5,0.24847576299589208,False,3.1000000000000023,2.257768195282843
2.97,2.9273333333333333,3.0126666666666666,False,133.80929076365396,True,0.2065067991177523,1.1999999999999993,0.005215260449137909,-45.6544799622026,2.965333333333333,-0.004666666666667041,134.5894288983667,True,0.9213594095706098,0.780138134712729,-0.1006417248973284,pyin_probability_below_0.5,0.5609818032131018,False,2.8000000000000003,2.5702742355000536
2.98,2.937333333333333,3.022666666666667,False,133.80929076365396,True,0.040697331568881064,1.1999999999999993,0.005119119440577654,-45.816094745277034,2.9753333333333334,-0.004666666666666597,136.41299344731425,True,0.890112061704544,2.6037026836602877,-0.3336333461926515,pyin_probability_below_0.5,0.7939734245084251,False,2.8000000000000003,2.803265856795374
2.99,2.9473333333333334,3.0326666666666666,False,136.93693467412865,True,0.010018764509769141,1.599999999999999,0.006245982528620403,-44.087984698415994,2.985333333333333,-0.004666666666667041,,False,0.0,,,pyin_probability_below_0.5|voicing_disagreement,,False,3.2,
3.0,2.957333333333333,3.042666666666667,False,123.4144757235675,True,0.01000000000002385,-0.19999999999999973,0.012098024011299877,-38.34571115741864,2.9953333333333334,-0.004666666666666597,,False,0.0,,,pyin_probability_below_0.5|voicing_disagreement,,False,1.4000000000000004,
3.01,2.9673333333333334,3.0526666666666666,False,,False,0.010000000001606035,,0.02103138009972006,-33.54264455100315,3.005333333333333,-0.004666666666666597,,False,0.0,,,,,False,,
3.02,2.977333333333333,3.062666666666667,False,,False,0.010000000001606035,,0.02778561827843832,-31.123598699237288,3.0153333333333334,-0.004666666666666597,,False,0.0,,,,,False,,
3.03,2.9873333333333334,3.0726666666666667,False,,False,0.010000000000221913,,0.030233704690870406,-30.390172664632132,3.025333333333333,-0.004666666666666597,,False,0.0,,,,,False,,
3.04,2.997333333333333,3.082666666666667,False,,False,0.01000000000061386,,0.03114987884656382,-30.130872762678006,3.0353333333333334,-0.004666666666666597,,False,0.0,,,,,False,,
3.05,3.0073333333333334,3.0926666666666667,False,,False,0.010000000000221913,,0.03178877380314625,-29.954524478381423,3.0453333333333332,-0.004666666666666597,,False,0.0,,,,,False,,
3.06,3.017333333333333,3.1026666666666665,False,,False,0.010000000000221913,,0.032063377094467195,-29.87981474490811,3.0553333333333335,-0.004666666666666597,,False,0.0,,,,,False,,
3.07,3.0273333333333334,3.1126666666666667,False,,False,0.010000000000613858,,0.03215810230482633,-29.854191750001057,3.0653333333333332,-0.004666666666666597,,False,0.0,,,,,False,,
3.08,3.037333333333333,3.1226666666666665,False,,False,0.010000000417925078,,0.031550462429014915,-30.019885420062437,3.0753333333333335,-0.004666666666666597,,False,0.0,,,,,False,,
3.09,3.0473333333333334,3.1326666666666667,False,,False,0.010000000047726021,,0.030396109998215494,-30.343639850461464,3.0853333333333333,-0.004666666666666597,,False,0.0,,,,,False,,
3.1,3.0573333333333332,3.1426666666666665,False,,False,0.010000000009505971,,0.02692354645718499,-31.397354679941326,3.0953333333333335,-0.004666666666666597,,False,0.0,,,,,False,,
3.11,3.0673333333333335,3.1526666666666667,False,112.51975293079859,True,0.01000000521622945,-1.800000000000001,0.024126378561658186,-32.350157240830654,3.1053333333333333,-0.004666666666666597,,False,0.0,,,pyin_probability_below_0.5|voicing_disagreement,,False,-0.19999999999999973,
3.12,3.0773333333333333,3.1626666666666665,False,111.2273533387383,True,0.01000123296498612,-1.9999999999999987,0.02466157624608323,-32.159583377920974,3.115333333333333,-0.004666666666667041,,False,0.0,,,pyin_probability_below_0.5|voicing_disagreement,,False,-0.3999999999999969,
3.13,3.0873333333333335,3.1726666666666667,False,111.2273533387383,True,0.010037765502929688,-1.9999999999999987,0.02582610344781589,-31.758822274339348,3.1253333333333333,-0.004666666666666597,,False,0.0,,,pyin_probability_below_0.5|voicing_disagreement,,False,-0.3999999999999969,
3.14,3.0973333333333333,3.1826666666666665,False,111.87168684176291,True,0.010140046044704068,-1.9000000000000006,0.026892787146147977,-31.407283710487075,3.135333333333333,-0.004666666666667041,,False,0.0,,,pyin_probability_below_0.5|voicing_disagreement,,False,-0.30000000000000004,
3.15,3.1073333333333335,3.1926666666666668,False,111.87168684176291,True,0.010467533617069905,-1.9000000000000006,0.027293998602330227,-31.27865670051463,3.1453333333333333,-0.004666666666666597,110.68601866844106,True,0.8931385283156565,1.1856681733218437,0.1844634880383942,pyin_probability_below_0.5,-2.8241234097226204,False,-0.30000000000000004,-0.8148309774356691
3.16,3.1173333333333333,3.2026666666666666,False,111.87168684176291,True,0.010824463728234167,-1.9000000000000006,0.02725348938926927,-31.29155770225139,3.155333333333333,-0.004666666666667041,110.93531384986088,True,0.9216203205521365,0.9363729919020329,0.14551520779186455,pyin_probability_below_0.5,-2.785175129476089,False,-0.30000000000000004,-0.7758826971891394
3.17,3.1273333333333335,3.212666666666667,False,111.2273533387383,True,0.12793708630129036,-1.9999999999999987,0.026417539504690717,-31.562152689234587,3.1653333333333333,-0.004666666666666597,113.24026291135729,True,0.8459776507312962,2.0129095726189945,-0.3105045675583695,pyin_probability_below_0.5,-2.429155354125855,False,-0.3999999999999969,-0.4198629218389055
3.18,3.1373333333333333,3.2226666666666666,False,111.87168684176291,True,0.09203757081218102,-1.9000000000000006,0.022681594889585745,-32.8865282130488,3.175333333333333,-0.004666666666667041,115.41928201316736,True,0.7902870480944763,3.5475951714044527,-0.540471660159215,pyin_probability_below_0.5,-2.099188261525012,False,-0.30000000000000004,-0.08989582923806114
3.19,3.1473333333333335,3.232666666666667,False,112.51975293079859,True,0.04768699308253103,-1.800000000000001,0.020152479515043,-33.9134302326884,3.1853333333333333,-0.004666666666666597,109.79376966557837,True,0.7175827091771854,2.725983265220222,0.4245852015282212,pyin_probability_below_0.5,-2.964245123212448,False,-0.19999999999999973,-0.9549526909254965
3.2,3.1573333333333333,3.2426666666666666,False,114.4865635674993,True,0.034897428019625254,-1.5000000000000004,0.018614686972308805,-34.60288525105737,3.195333333333333,-0.004666666666667041,107.98626298415559,True,0.5587657868186157,6.500300583343716,1.0119659065058433,pyin_probability_below_0.5|pitch_difference_over_1_semitone,-3.2516258281900674,False,0.10000000000000017,-1.2423333959031169
3.21,3.167333333333333,3.252666666666667,False,115.14977748330686,True,0.012403124793551346,-1.4000000000000026,0.015180108482428943,-36.37450249614683,3.2053333333333334,-0.004666666666666597,,False,0.0,,,pyin_probability_below_0.5|voicing_disagreement,,False,0.19999999999999687,
3.22,3.1773333333333333,3.2626666666666666,False,107.43854136004751,True,0.010622609040911533,-2.6000000000000028,0.011445638979197287,-38.827199136428156,3.215333333333333,-0.004666666666667041,,False,0.0,,,pyin_probability_below_0.5|voicing_disagreement,,False,-1.0000000000000013,
3.23,3.187333333333333,3.272666666666667,False,,False,0.010000005216229447,,0.007168232779807232,-42.891757998435665,3.2253333333333334,-0.004666666666666597,,False,0.0,,,,,False,,
3.24,3.1973333333333334,3.2826666666666666,False,,False,0.010000000047726025,,0.005062557360355562,-45.91260086114639,3.235333333333333,-0.004666666666667041,,False,0.0,,,,,False,,
3.25,3.207333333333333,3.292666666666667,False,,False,0.010000001546554296,,0.004394118266642975,-47.14256516652034,3.2453333333333334,-0.004666666666666597,,False,0.0,,,,,False,,
3.26,3.2173333333333334,3.3026666666666666,False,,False,0.010000206339031342,,0.0036381734295899554,-48.782332044325535,3.255333333333333,-0.004666666666666597,,False,0.0,,,,,False,,
3.27,3.227333333333333,3.312666666666667,False,,False,0.010000802780927253,,0.0028582173737629413,-50.87809490463197,3.2653333333333334,-0.004666666666666597,,False,0.0,,,,,False,,
3.28,3.2373333333333334,3.3226666666666667,False,,False,0.010004191052795272,,0.002044471776610047,-53.78837760776513,3.275333333333333,-0.004666666666666597,,False,0.0,,,,,False,,
3.29,3.247333333333333,3.332666666666667,False,,False,0.010004191052795269,,0.0013977084585371743,-57.09166813193025,3.2853333333333334,-0.004666666666666597,,False,0.0,,,,,False,,
3.3,3.2573333333333334,3.3426666666666667,False,,False,0.01000419105275142,,0.001013468107633458,-59.88379826742601,3.2953333333333332,-0.004666666666666597,,False,0.0,,,,,False,,
3.31,3.267333333333333,3.3526666666666665,False,,False,0.010349055032076273,,0.0007219968070785242,-62.829294460553044,3.3053333333333335,-0.004666666666666597,,False,0.0,,,,,False,,
3.32,3.2773333333333334,3.3626666666666667,False,,False,0.022944219123517774,,0.0006564828625158376,-63.655532133666746,3.3153333333333332,-0.004666666666666597,,False,0.0,,,,,False,,
3.33,3.287333333333333,3.3726666666666665,False,,False,0.020317627767797594,,0.0005834980923102679,-64.67921118998929,3.3253333333333335,-0.004666666666666597,,False,0.0,,,,,False,,
3.34,3.2973333333333334,3.3826666666666667,False,,False,0.030106861794195014,,0.0005338221269214588,-65.45206857347567,3.3353333333333333,-0.004666666666666597,,False,0.0,,,,,False,,
3.35,3.3073333333333332,3.3926666666666665,False,,False,0.026168013410759063,,0.0004755381533327746,-66.45629266108614,3.3453333333333335,-0.004666666666666597,,False,0.0,,,,,False,,
3.36,3.3173333333333335,3.4026666666666667,False,,False,0.010824463728234167,,0.00036425459117829685,-68.77189931081168,3.3553333333333333,-0.004666666666666597,,False,0.0,,,,,False,,
3.37,3.3273333333333333,3.4126666666666665,False,,False,0.01002672467381077,,0.00026097546410207235,-71.66800642840461,3.365333333333333,-0.004666666666667041,,False,0.0,,,,,False,,
3.38,3.3373333333333335,3.4226666666666667,False,,False,0.01000187304601255,,0.00023725751453464316,-72.49560046996305,3.3753333333333333,-0.004666666666666597,,False,0.0,,,,,False,,
3.39,3.3473333333333333,3.4326666666666665,False,,False,0.010000000101429391,,0.00019839520396415308,-74.04937661511656,3.385333333333333,-0.004666666666667041,,False,0.0,,,,,False,,
3.4,3.3573333333333335,3.4426666666666668,False,,False,0.01,,0.00014473009310508907,-76.78882317020103,3.3953333333333333,-0.004666666666666597,,False,0.0,,,,,False,,
3.41,3.3673333333333333,3.4526666666666666,False,,False,0.01,,0.00012482664220609817,-78.07385423406026,3.405333333333333,-0.004666666666667041,,False,0.0,,,,,False,,
3.42,3.3773333333333335,3.462666666666667,False,,False,0.01,,0.00012053326663672878,-78.37786146462796,3.4153333333333333,-0.004666666666666597,,False,0.0,,,,,False,,
3.43,3.3873333333333333,3.4726666666666666,False,,False,0.01,,0.00010368001376316306,-79.68609907644777,3.425333333333333,-0.004666666666667041,,False,0.0,,,,,False,,
3.44,3.3973333333333335,3.482666666666667,False,,False,0.01,,0.00010100509612619741,-79.9131342741189,3.4353333333333333,-0.004666666666666597,,False,0.0,,,,,False,,
3.45,3.4073333333333333,3.4926666666666666,False,,False,0.01,,9.551275624822769e-05,-80.39877244303666,3.445333333333333,-0.004666666666667041,,False,0.0,,,,,False,,
3.46,3.417333333333333,3.502666666666667,False,,False,0.01,,9.589407466549033e-05,-80.3641645447167,3.4553333333333334,-0.004666666666666597,,False,0.0,,,,,False,,
3.47,3.4273333333333333,3.5126666666666666,False,,False,0.01,,9.116697500823368e-05,-80.80324910386027,3.465333333333333,-0.004666666666667041,,False,0.0,,,,,False,,
3.48,3.437333333333333,3.522666666666667,False,,False,0.01,,9.553298885000873e-05,-80.39693269364336,3.4753333333333334,-0.004666666666666597,,False,0.0,,,,,False,,
3.49,3.4473333333333334,3.5326666666666666,False,,False,0.01,,9.28804856791332e-05,-80.64151044609248,3.485333333333333,-0.004666666666667041,,False,0.0,,,,,False,,
3.5,3.457333333333333,3.542666666666667,False,,False,0.01,,9.36836371631074e-05,-80.56672513215455,3.4953333333333334,-0.004666666666666597,,False,0.0,,,,,False,,
3.51,3.4673333333333334,3.5526666666666666,False,,False,0.01,,8.648648334309821e-05,-81.26103523063415,3.505333333333333,-0.004666666666666597,,False,0.0,,,,,False,,
3.52,3.477333333333333,3.562666666666667,False,,False,0.01000000000000011,,9.482947254825278e-05,-80.46113330053515,3.5153333333333334,-0.004666666666666597,,False,0.0,,,,,False,,
3.53,3.4873333333333334,3.5726666666666667,False,,False,0.01,,8.647333730290263e-05,-81.26235559572368,3.525333333333333,-0.004666666666666597,,False,0.0,,,,,False,,
3.54,3.497333333333333,3.582666666666667,False,,False,0.01,,9.411948998623144e-05,-80.52640869680631,3.5353333333333334,-0.004666666666666597,,False,0.0,,,,,False,,
3.55,3.5073333333333334,3.5926666666666667,False,,False,0.01,,9.932873967202405e-05,-80.0585015003626,3.5453333333333332,-0.004666666666666597,,False,0.0,,,,,False,,
3.56,3.517333333333333,3.6026666666666665,False,,False,0.01,,0.0001054629701917056,-79.5380000328005,3.5553333333333335,-0.004666666666666597,,False,0.0,,,,,False,,
3.57,3.5273333333333334,3.6126666666666667,False,,False,0.01,,0.00010073347203229202,-79.93652393480613,3.5653333333333332,-0.004666666666666597,,False,0.0,,,,,False,,
3.58,3.537333333333333,3.6226666666666665,False,,False,0.01,,0.00010586858815200419,-79.50465757138788,3.5753333333333335,-0.004666666666666597,,False,0.0,,,,,False,,
3.59,3.5473333333333334,3.6326666666666667,False,,False,0.01,,0.00010749373382830094,-79.3723370299645,3.5853333333333333,-0.004666666666666597,,False,0.0,,,,,False,,
3.6,3.5573333333333332,3.6426666666666665,False,,False,0.01,,0.00010645329484844838,-79.45681784236098,3.5953333333333335,-0.004666666666666597,,False,0.0,,,,,False,,
3.61,3.5673333333333335,3.6526666666666667,False,,False,0.01,,0.00010328671491591262,-79.71911070605483,3.6053333333333333,-0.004666666666666597,,False,0.0,,,,,False,,
3.62,3.5773333333333333,3.6626666666666665,False,,False,0.01,,0.00010628870324767552,-79.4702578286138,3.615333333333333,-0.004666666666667041,,False,0.0,,,,,False,,
3.63,3.5873333333333335,3.6726666666666667,False,,False,0.01,,9.92027591377073e-05,-80.069524971913,3.6253333333333333,-0.004666666666666597,,False,0.0,,,,,False,,
3.64,3.5973333333333333,3.6826666666666665,False,,False,0.01,,0.0001017407812755197,-79.85009863420252,3.635333333333333,-0.004666666666667041,,False,0.0,,,,,False,,
3.65,3.6073333333333335,3.6926666666666668,False,,False,0.01,,9.94248354968212e-05,-80.0501023780505,3.6453333333333333,-0.004666666666666597,,False,0.0,,,,,False,,
3.66,3.6173333333333333,3.7026666666666666,False,,False,0.01,,9.600071451161458e-05,-80.35451069185515,3.655333333333333,-0.004666666666667041,,False,0.0,,,,,False,,
3.67,3.6273333333333335,3.712666666666667,False,,False,0.01,,9.279721552967809e-05,-80.64930110024312,3.6653333333333333,-0.004666666666666597,,False,0.0,,,,,False,,
3.68,3.6373333333333333,3.7226666666666666,False,,False,0.01,,9.565786007713863e-05,-80.38558677559207,3.675333333333333,-0.004666666666667041,,False,0.0,,,,,False,,
3.69,3.6473333333333335,3.732666666666667,False,,False,0.01,,9.345765013350333e-05,-80.58770285846235,3.6853333333333333,-0.004666666666666597,,False,0.0,,,,,False,,
3.7,3.6573333333333333,3.7426666666666666,False,,False,0.01,,9.568400292314897e-05,-80.38321328687275,3.695333333333333,-0.004666666666667041,,False,0.0,,,,,False,,
3.71,3.667333333333333,3.752666666666667,False,,False,0.01,,8.936594975866414e-05,-80.97655849405794,3.7053333333333334,-0.004666666666666597,,False,0.0,,,,,False,,
3.72,3.6773333333333333,3.7626666666666666,False,,False,0.01,,8.766285121207476e-05,-81.14368816268217,3.715333333333333,-0.004666666666667041,,False,0.0,,,,,False,,
3.73,3.687333333333333,3.772666666666667,False,,False,0.01,,7.599832961064986e-05,-82.3839190619762,3.7253333333333334,-0.004666666666666597,,False,0.0,,,,,False,,
3.74,3.6973333333333334,3.7826666666666666,False,,False,0.01,,8.13367350014511e-05,-81.79426529840555,3.735333333333333,-0.004666666666667041,,False,0.0,,,,,False,,
3.75,3.707333333333333,3.792666666666667,False,,False,0.01,,7.84407995316806e-05,-82.10915976606485,3.7453333333333334,-0.004666666666666597,,False,0.0,,,,,False,,
3.76,3.7173333333333334,3.8026666666666666,False,,False,0.01,,7.723290103044006e-05,-82.2439530367948,3.755333333333333,-0.004666666666666597,,False,0.0,,,,,False,,
3.77,3.727333333333333,3.812666666666667,False,,False,0.01000000000000011,,7.487102640125513e-05,-82.51372426241696,3.7653333333333334,-0.004666666666666597,,False,0.0,,,,,False,,
3.78,3.7373333333333334,3.8226666666666667,False,,False,0.01,,7.200083194037198e-05,-82.85324970886757,3.775333333333333,-0.004666666666666597,,False,0.0,,,,,False,,
3.79,3.747333333333333,3.832666666666667,False,,False,0.01,,7.105193674957835e-05,-82.96848158958149,3.7853333333333334,-0.004666666666666597,,False,0.0,,,,,False,,
3.8,3.7573333333333334,3.8426666666666667,False,,False,0.01,,8.05417342773013e-05,-81.87958046230135,3.7953333333333332,-0.004666666666666597,,False,0.0,,,,,False,,
3.81,3.767333333333333,3.8526666666666665,False,,False,0.01,,7.898962607733835e-05,-82.04859884082504,3.8053333333333335,-0.004666666666666597,,False,0.0,,,,,False,,
3.82,3.7773333333333334,3.8626666666666667,False,,False,0.01,,7.750620946227593e-05,-82.21327004608702,3.8153333333333332,-0.004666666666666597,,False,0.0,,,,,False,,
3.83,3.787333333333333,3.8726666666666665,False,,False,0.01,,7.484976528300698e-05,-82.51619114394822,3.8253333333333335,-0.004666666666666597,,False,0.0,,,,,False,,
3.84,3.7973333333333334,3.8826666666666667,False,,False,0.01,,7.58156086515495e-05,-82.40482748276862,3.8353333333333333,-0.004666666666666597,,False,0.0,,,,,False,,
3.85,3.8073333333333332,3.8926666666666665,False,,False,0.01,,7.26328026282469e-05,-82.77734395430501,3.8453333333333335,-0.004666666666666597,,False,0.0,,,,,False,,
3.86,3.8173333333333335,3.9026666666666667,False,,False,0.01,,7.574810030495788e-05,-82.41256508817506,3.8553333333333333,-0.004666666666666597,,False,0.0,,,,,False,,
3.87,3.8273333333333333,3.9126666666666665,False,,False,0.01,,7.157482994329404e-05,-82.90479350315884,3.865333333333333,-0.004666666666667041,,False,0.0,,,,,False,,
3.88,3.8373333333333335,3.9226666666666667,False,,False,0.01,,7.09911087122834e-05,-82.97592082251856,3.8753333333333333,-0.004666666666666597,,False,0.0,,,,,False,,
3.89,3.8473333333333333,3.9326666666666665,False,,False,0.01,,6.292082673342394e-05,-84.02411159401849,3.885333333333333,-0.004666666666667041,,False,0.0,,,,,False,,
3.9,3.8573333333333335,3.9426666666666668,False,,False,0.01,,6.861320536203013e-05,-83.27184583048813,3.8953333333333333,-0.004666666666666597,,False,0.0,,,,,False,,
3.91,3.8673333333333333,3.9526666666666666,False,,False,0.01,,6.42492729738779e-05,-83.842635646383,3.905333333333333,-0.004666666666667041,,False,0.0,,,,,False,,
3.92,3.8773333333333335,3.962666666666667,False,,False,0.01,,6.787354446435905e-05,-83.36598941336581,3.9153333333333333,-0.004666666666666597,,False,0.0,,,,,False,,
3.93,3.8873333333333333,3.9726666666666666,False,,False,0.01,,6.827269107473541e-05,-83.31505956831457,3.925333333333333,-0.004666666666667041,,False,0.0,,,,,False,,
3.94,3.8973333333333335,3.982666666666667,False,,False,0.01000123296498612,,0.002045219553321783,-53.78520127706413,3.9353333333333333,-0.004666666666666597,,False,0.0,,,,,False,,
3.95,3.9073333333333333,3.9926666666666666,False,,False,0.010000016226422836,,0.0022512205411659683,-52.951639143794864,3.945333333333333,-0.004666666666667041,,False,0.0,,,,,False,,
3.96,3.917333333333333,4.002666666666666,False,,False,0.010000002871100368,,0.00231466938521004,-52.710220649575575,3.9553333333333334,-0.004666666666666597,,False,0.0,,,,,False,,
3.97,3.9273333333333333,4.010666666666666,True,,False,0.010000001546554296,,0.0023627944417319423,-52.53148118905969,3.965333333333333,-0.004666666666667041,,False,0.0,,,edge_window,,False,,
3.98,3.937333333333333,4.010666666666666,True,,False,0.010000001546554296,,0.0025186012169069877,-51.97681182278109,3.9753333333333334,-0.004666666666666597,,False,0.0,,,edge_window,,False,,
3.99,3.9473333333333334,4.010666666666666,True,,False,0.010000001546554296,,0.002710048797109265,-51.34045778306914,3.985333333333333,-0.004666666666667041,,False,0.0,,,edge_window,,False,,
4.0,3.957333333333333,4.010666666666666,True,,False,0.010000001546554296,,0.0029530508807334983,-50.594581402510656,,,,,,,,edge_window,,False,,
4.01,3.9673333333333334,4.010666666666666,True,,False,0.010001873046012551,,0.003276026148365899,-49.69305280950405,,,,,,,,edge_window,,False,,
