timestamp_s,window_start_s,window_end_s,edge_padded,f0_hz,voiced,voicing_probability,relative_pitch_semitones,rms_amplitude,rms_dbfs,praat_timestamp_s,praat_time_offset_s,praat_f0_hz,praat_voiced,praat_strength,absolute_difference_hz,signed_difference_semitones,flags,praat_relative_semitones,agreement_screen_pass,pyin_speaker_relative_st,praat_speaker_relative_st
0.0,0.0,0.042666666666666665,True,,False,0.010000802780927256,,0.00021778568236872022,-73.23941349919421,,,,,,,,edge_window,,False,,
0.01,0.0,0.05266666666666667,True,,False,0.010000027850262284,,0.0002159019516055595,-73.31486863847569,,,,,,,,edge_window,,False,,
0.02,0.0,0.06266666666666666,True,,False,0.010000000003996623,,0.0008379770020005328,-61.53535800546892,,,,,,,,edge_window,,False,,
0.03,0.0,0.07266666666666667,True,,False,0.010000000003996623,,0.0007865876942420558,-62.08505704371677,0.02766666666666639,-0.002333333333333607,,False,0.0,,,edge_window,,False,,
0.04,0.0,0.08266666666666667,True,,False,0.010000000003996623,,0.0007404293760072507,-62.61032718507184,0.03766666666666639,-0.0023333333333336106,,False,0.0,,,edge_window,,False,,
0.05,0.007333333333333333,0.09266666666666666,False,,False,0.010000000003996623,,0.0007281037970940315,-62.75613408154503,0.04766666666666639,-0.0023333333333336106,,False,0.0,,,,,False,,
0.06,0.017333333333333333,0.10266666666666667,False,,False,0.010000000001606033,,0.0007268202799498178,-62.77145926769219,0.057666666666666394,-0.0023333333333336037,,False,0.0,,,,,False,,
0.07,0.027333333333333334,0.11266666666666666,False,,False,0.010000000003996621,,0.0007227583625576764,-62.820137493896205,0.06766666666666639,-0.0023333333333336176,,False,0.0,,,,,False,,
0.08,0.037333333333333336,0.12266666666666666,False,,False,0.0100000000000754,,0.0008631553401991104,-61.27822076425184,0.0776666666666664,-0.0023333333333336037,,False,0.0,,,,,False,,
0.09,0.04733333333333333,0.13266666666666665,False,,False,0.010000802780927253,,0.0008648085708250762,-61.26160029775563,0.08766666666666639,-0.0023333333333336037,,False,0.0,,,,,False,,
0.1,0.05733333333333333,0.14266666666666666,False,,False,0.010000000000006925,,0.0005695545901308592,-64.88929287484487,0.0976666666666664,-0.0023333333333336037,,False,0.0,,,,,False,,
0.11,0.06733333333333333,0.15266666666666667,False,,False,0.010000000000000439,,0.000504063114221564,-65.95030163449992,0.1076666666666664,-0.0023333333333336037,,False,0.0,,,,,False,,
0.12,0.07733333333333334,0.16266666666666665,False,,False,0.010000000000000439,,0.0005016283843722295,-65.99235794324929,0.11766666666666639,-0.0023333333333336037,,False,0.0,,,,,False,,
0.13,0.08733333333333333,0.17266666666666666,False,,False,0.010000000000000439,,0.0005761388787170253,-64.78945633881095,0.1276666666666664,-0.0023333333333336037,,False,0.0,,,,,False,,
0.14,0.09733333333333333,0.18266666666666667,False,,False,0.01,,0.0006199886167499607,-64.15232568513369,0.13766666666666638,-0.0023333333333336315,,False,0.0,,,,,False,,
0.15,0.10733333333333334,0.19266666666666668,False,,False,0.010000016226422834,,0.00062732690009131,-64.05012178597457,0.1476666666666664,-0.0023333333333336037,,False,0.0,,,,,False,,
0.16,0.11733333333333333,0.20266666666666666,False,,False,0.010000000001606031,,0.0004151622636693276,-67.63564257453028,0.1576666666666664,-0.0023333333333336037,,False,0.0,,,,,False,,
0.17,0.12733333333333333,0.21266666666666667,False,,False,0.010000000003996623,,0.0004134029662953251,-67.6725282299816,0.1676666666666664,-0.0023333333333336037,,False,0.0,,,,,False,,
0.18,0.13733333333333334,0.22266666666666668,False,,False,0.010000000001606033,,0.0004181913529950267,-67.57249902794558,0.1776666666666664,-0.0023333333333336037,,False,0.0,,,,,False,,
0.19,0.14733333333333334,0.23266666666666666,False,,False,0.010000000001606035,,0.00042411227513122383,-67.45038315044711,0.1876666666666664,-0.0023333333333336037,,False,0.0,,,,,False,,
0.2,0.15733333333333333,0.24266666666666667,False,,False,0.010000000345148145,,0.00042653157099260494,-67.40097635438731,0.1976666666666664,-0.0023333333333336037,,False,0.0,,,,,False,,
0.21,0.16733333333333333,0.25266666666666665,False,,False,0.01000000020889274,,0.0005043835059868099,-65.94478247750789,0.2076666666666664,-0.0023333333333336037,,False,0.0,,,,,False,,
0.22,0.17733333333333334,0.26266666666666666,False,,False,0.010000002871100368,,0.00040512445281199025,-67.84823085092654,0.2176666666666664,-0.0023333333333336037,,False,0.0,,,,,False,,
0.23,0.18733333333333332,0.27266666666666667,False,,False,0.010000001546554296,,0.00038799193812249697,-68.22354596570803,0.2276666666666664,-0.0023333333333336037,,False,0.0,,,,,False,,
0.24,0.19733333333333333,0.2826666666666667,False,,False,0.010000002871100368,,0.00039179130036165536,-68.13890423292439,0.2376666666666664,-0.0023333333333336037,,False,0.0,,,,,False,,
0.25,0.20733333333333334,0.2926666666666667,False,,False,0.010000005216229449,,0.0004252045466746461,-67.42804200502785,0.2476666666666664,-0.0023333333333336037,,False,0.0,,,,,False,,
0.26,0.21733333333333332,0.30266666666666664,False,,False,0.010000001546554296,,0.00043519587593858125,-67.22630457619769,0.2576666666666664,-0.0023333333333336315,,False,0.0,,,,,False,,
0.27,0.22733333333333333,0.31266666666666665,False,,False,0.010000002871100368,,0.00045782501087895705,-66.78600971204051,0.2676666666666664,-0.0023333333333336315,,False,0.0,,,,,False,,
0.28,0.23733333333333334,0.32266666666666666,False,,False,0.010000005216229449,,0.00047957871999124754,-66.38280191577624,0.2776666666666664,-0.0023333333333336315,,False,0.0,,,,,False,,
0.29,0.24733333333333332,0.33266666666666667,False,,False,0.010000005216229449,,0.00043771573351912633,-67.17615685125467,0.2876666666666664,-0.002333333333333576,,False,0.0,,,,,False,,
0.3,0.25733333333333336,0.3426666666666667,False,,False,0.01000020633903134,,0.0004085779405707281,-67.77450169910449,0.2976666666666664,-0.002333333333333576,,False,0.0,,,,,False,,
0.31,0.2673333333333333,0.3526666666666667,False,,False,0.010000516719604524,,0.0004120880131903957,-67.70020036085398,0.3076666666666664,-0.002333333333333576,,False,0.0,,,,,False,,
0.32,0.2773333333333333,0.3626666666666667,False,,False,0.010006178555334078,,0.00043770794162309136,-67.17631147249911,0.3176666666666664,-0.0023333333333336315,,False,0.0,,,,,False,,
0.33,0.28733333333333333,0.37266666666666665,False,,False,0.010006178555334078,,0.0004535395715516219,-66.86769629085359,0.3276666666666664,-0.0023333333333336315,,False,0.0,,,,,False,,
0.34,0.29733333333333334,0.38266666666666665,False,,False,0.01000419105279527,,0.0004634241467461771,-66.6804268202688,0.3376666666666664,-0.0023333333333336315,,False,0.0,,,,,False,,
0.35,0.30733333333333335,0.39266666666666666,False,,False,0.010009025493342986,,0.000540366754956279,-65.3462275595127,0.3476666666666664,-0.002333333333333576,,False,0.0,,,,,False,,
0.36,0.31733333333333336,0.4026666666666667,False,,False,0.010037765502929688,,0.000617351107989524,-64.18935536138514,0.3576666666666664,-0.002333333333333576,,False,0.0,,,,,False,,
0.37,0.3273333333333333,0.4126666666666667,False,,False,0.01000419105279527,,0.0006716790903782714,-63.456763424816096,0.3676666666666664,-0.002333333333333576,,False,0.0,,,,,False,,
0.38,0.3373333333333333,0.4226666666666667,False,,False,0.010006178555334078,,0.0007708914419076627,-62.26013551290849,0.37766666666666643,-0.002333333333333576,,False,0.0,,,,,False,,
0.39,0.3473333333333333,0.43266666666666664,False,,False,0.01000419105279527,,0.0008991435718096689,-60.92341912492762,0.3876666666666664,-0.0023333333333336315,,False,0.0,,,,,False,,
0.4,0.35733333333333334,0.44266666666666665,False,,False,0.01000032860450166,,0.0010425626555345012,-59.637956710101435,0.3976666666666664,-0.0023333333333336315,,False,0.0,,,,,False,,
0.41,0.36733333333333335,0.45266666666666666,False,,False,0.01000123296498612,,0.0011375203016886766,-58.88081687218296,0.4076666666666664,-0.002333333333333576,,False,0.0,,,,,False,,
0.42,0.37733333333333335,0.46266666666666667,False,,False,0.010000802780927255,,0.0011751723110302028,-58.59796899562315,0.4176666666666664,-0.002333333333333576,,False,0.0,,,,,False,,
0.43,0.3873333333333333,0.4726666666666667,False,,False,0.010006178555334078,,0.0012395169829901762,-58.13495036915528,0.4276666666666664,-0.002333333333333576,,False,0.0,,,,,False,,
0.44,0.3973333333333333,0.4826666666666667,False,,False,0.010009025493342986,,0.001238414676575649,-58.142678195270676,0.4376666666666664,-0.002333333333333576,,False,0.0,,,,,False,,
0.45,0.4073333333333333,0.49266666666666664,False,,False,0.010013068846238975,,0.0012162453123936137,-58.299576411232536,0.4476666666666664,-0.0023333333333336315,,False,0.0,,,,,False,,
0.46,0.41733333333333333,0.5026666666666667,False,,False,0.01002672467381077,,0.0011817092708699976,-58.54978714570066,0.4576666666666664,-0.0023333333333336315,,False,0.0,,,,,False,,
0.47,0.42733333333333334,0.5126666666666667,False,,False,0.01002672467381077,,0.0011020886891587086,-59.155669095848396,0.4676666666666664,-0.002333333333333576,,False,0.0,,,,,False,,
0.48,0.43733333333333335,0.5226666666666666,False,,False,0.010467533617069905,,0.000949239073318282,-60.45248786637879,0.4776666666666664,-0.002333333333333576,,False,0.0,,,,,False,,
0.49,0.44733333333333336,0.5326666666666666,False,,False,0.011085791888943373,,0.0008321115821471916,-61.59636866020557,0.4876666666666664,-0.002333333333333576,,False,0.0,,,,,False,,
0.5,0.4573333333333333,0.5426666666666666,False,,False,0.013980210380185928,,0.0007309233962957685,-62.72256272922363,0.4976666666666664,-0.002333333333333576,,False,0.0,,,,,False,,
0.51,0.4673333333333333,0.5526666666666666,False,,False,0.011853505388333336,,0.000600136836064837,-64.43499431324602,0.5076666666666664,-0.0023333333333336315,,False,0.0,,,,,False,,
0.52,0.47733333333333333,0.5626666666666666,False,,False,0.010140046044704068,,0.00042626868358986044,-67.40633144434545,0.5176666666666664,-0.0023333333333336315,,False,0.0,,,,,False,,
0.53,0.48733333333333334,0.5726666666666667,False,,False,0.010191075496968311,,0.00032567314655034804,-69.74436099608354,0.5276666666666664,-0.0023333333333336315,,False,0.0,,,,,False,,
0.54,0.49733333333333335,0.5826666666666667,False,,False,0.010467533617066578,,0.00029571632174964994,-70.58249408775396,0.5376666666666664,-0.0023333333333336315,,False,0.0,,,,,False,,
0.55,0.5073333333333333,0.5926666666666667,False,,False,0.01046753336857697,,0.0002468695158272434,-72.1506506943044,0.5476666666666664,-0.0023333333333336315,,False,0.0,,,,,False,,
0.56,0.5173333333333333,0.6026666666666667,False,,False,0.01014004604470399,,0.00021527283394366737,-73.3402154381563,0.5576666666666664,-0.0023333333333336315,,False,0.0,,,,,False,,
0.57,0.5273333333333333,0.6126666666666667,False,,False,0.010000053504362184,,0.0001733281753283026,-75.22261669782648,0.5676666666666664,-0.0023333333333335204,,False,0.0,,,,,False,,
0.58,0.5373333333333333,0.6226666666666667,False,,False,0.010000059932164938,,0.00015943555059498812,-75.94829668191247,0.5776666666666664,-0.0023333333333335204,,False,0.0,,,,,False,,
0.59,0.5473333333333333,0.6326666666666667,False,,False,0.01000000000061386,,0.0002888381800356037,-70.78690800301545,0.5876666666666664,-0.0023333333333335204,,False,0.0,,,,,False,,
0.6,0.5573333333333333,0.6426666666666667,False,,False,0.01000000000061386,,0.00029901606167878847,-70.48610965751678,0.5976666666666665,-0.0023333333333335204,,False,0.0,,,,,False,,
0.61,0.5673333333333334,0.6526666666666666,False,,False,0.010000000000221913,,0.00036291787601597746,-68.80383279008672,0.6076666666666664,-0.0023333333333336315,,False,0.0,,,,,False,,
0.62,0.5773333333333334,0.6626666666666666,False,,False,0.010000002871100368,,0.000644922388679646,-63.80985092268123,0.6176666666666664,-0.0023333333333336315,,False,0.0,,,,,False,,
0.63,0.5873333333333334,0.6726666666666666,False,,False,0.010000000000221913,,0.0014275708969517698,-56.90804628664594,0.6276666666666664,-0.0023333333333336315,,False,0.0,,,,,False,,
0.64,0.5973333333333334,0.6826666666666666,False,,False,0.010000000000075402,,0.003003839529053022,-50.44646543807295,0.6376666666666664,-0.0023333333333336315,,False,0.0,,,,,False,,
0.65,0.6073333333333333,0.6926666666666667,False,,False,0.010000000001606033,,0.006161652248128465,-44.206056321552055,0.6476666666666664,-0.0023333333333336315,,False,0.0,,,,,False,,
0.66,0.6173333333333333,0.7026666666666667,False,,False,0.010000000000221915,,0.009584902720714382,-40.368245810275155,0.6576666666666664,-0.0023333333333336315,,False,0.0,,,,,False,,
0.67,0.6273333333333333,0.7126666666666667,False,,False,0.010000000101429396,,0.013904460867623224,-37.136916916658805,0.6676666666666664,-0.0023333333333336315,,False,0.0,,,,,False,,
0.68,0.6373333333333333,0.7226666666666667,False,,False,0.010000000047726025,,0.02413789511623115,-32.34601208267091,0.6776666666666664,-0.0023333333333336315,,False,0.0,,,,,False,,
0.69,0.6473333333333333,0.7326666666666667,False,,False,0.0100000000000754,,0.030914763130576808,-30.196681534476323,0.6876666666666664,-0.0023333333333335204,,False,0.0,,,,,False,,
0.7,0.6573333333333333,0.7426666666666667,False,,False,0.010000000009505966,,0.03828868409944903,-28.33859118345018,0.6976666666666664,-0.0023333333333335204,,False,0.0,,,,,False,,
0.71,0.6673333333333333,0.7526666666666667,False,,False,0.010000000001606033,,0.04127842604097596,-27.68553741693421,0.7076666666666664,-0.0023333333333335204,,False,0.0,,,,,False,,
0.72,0.6773333333333333,0.7626666666666667,False,,False,0.01000000000002385,,0.04641818716873171,-26.666236492591263,0.7176666666666665,-0.0023333333333335204,,False,0.0,,,,,False,,
0.73,0.6873333333333334,0.7726666666666666,False,,False,0.010000000003996621,,0.05314916109731802,-25.4900717192129,0.7276666666666665,-0.0023333333333335204,,False,0.0,,,,,False,,
0.74,0.6973333333333334,0.7826666666666666,False,,False,0.010000000021701592,,0.06045927327794655,-24.37074154715825,0.7376666666666664,-0.0023333333333336315,,False,0.0,,,,,False,,
0.75,0.7073333333333334,0.7926666666666666,False,,False,0.010000002871100368,,0.06573620129540303,-23.643907922979963,0.7476666666666664,-0.0023333333333336315,,False,0.0,,,,,False,,
0.76,0.7173333333333334,0.8026666666666666,False,,False,0.010000000814014906,,0.07319573178488238,-22.71028485870042,0.7576666666666664,-0.0023333333333336315,,False,0.0,,,,,False,,
0.77,0.7273333333333334,0.8126666666666666,False,,False,0.01000012784523254,,0.09959372272544495,-20.035360675625018,0.7676666666666664,-0.0023333333333336315,,False,0.0,,,,,False,,
0.78,0.7373333333333333,0.8226666666666667,False,,False,0.010000516719604524,,0.09741664279258348,-20.227336826383038,0.7776666666666664,-0.0023333333333336315,,False,0.0,,,,,False,,
0.79,0.7473333333333333,0.8326666666666667,False,,False,0.010000802780927255,,0.09627324940470863,-20.32988739350474,0.7876666666666664,-0.0023333333333336315,,False,0.0,,,,,False,,
0.8,0.7573333333333333,0.8426666666666667,False,,False,0.010000802780927255,,0.09495477002187715,-20.449664274748645,0.7976666666666664,-0.0023333333333336315,,False,0.0,,,,,False,,
0.81,0.7673333333333333,0.8526666666666667,False,,False,0.0100028158258111,,0.09354206305125266,-20.579861120901242,0.8076666666666664,-0.0023333333333336315,,False,0.0,,,,,False,,
0.82,0.7773333333333333,0.8626666666666667,False,,False,0.010001232964986121,,0.09051911920008417,-20.86519361233208,0.8176666666666664,-0.0023333333333335204,,False,0.0,,,,,False,,
0.83,0.7873333333333333,0.8726666666666667,False,,False,0.010000127845232543,,0.08794941643905613,-21.115340756452987,0.8276666666666664,-0.0023333333333335204,,False,0.0,,,,,False,,
0.84,0.7973333333333333,0.8826666666666667,False,111.2273533387383,True,0.010000328604501656,-0.8999999999999986,0.08706186207791768,-21.203440967896707,0.8376666666666664,-0.0023333333333335204,,False,0.0,,,pyin_probability_below_0.5|voicing_disagreement,,False,-0.3999999999999969,
0.85,0.8073333333333333,0.8926666666666667,False,116.48775344855382,True,0.010052967545965857,-0.10000000000000067,0.06035574671539684,-24.385627453183144,0.8476666666666665,-0.0023333333333335204,,False,0.0,,,pyin_probability_below_0.5|voicing_disagreement,,False,0.4000000000000011,
0.86,0.8173333333333334,0.9026666666666666,False,115.81683335824411,True,0.018187375734912182,-0.19999999999999973,0.054731201284034886,-25.235300390227906,0.8576666666666665,-0.0023333333333335204,,False,0.0,,,pyin_probability_below_0.5|voicing_disagreement,,False,0.3000000000000021,
0.87,0.8273333333333334,0.9126666666666666,False,115.14977748330686,True,0.03489742801962526,-0.30000000000000204,0.05700892360340879,-24.881143178343287,0.8676666666666664,-0.0023333333333336315,112.80612681406862,True,0.8223480353005073,2.3436506692382437,0.3559943593712762,pyin_probability_below_0.5,-0.6576146436391813,False,0.19999999999999687,-0.4863618487685556
0.88,0.8373333333333334,0.9226666666666666,False,114.4865635674993,True,0.06608151270920701,-0.3999999999999989,0.05906926826417173,-24.57276818088087,0.8776666666666664,-0.0023333333333336315,116.48963445335485,True,0.9434661260437165,2.00307088585555,-0.30027955155540076,pyin_probability_below_0.5,-0.10134073271249963,False,0.10000000000000017,0.06991206215812809
0.89,0.8473333333333334,0.9326666666666666,False,115.14977748330686,True,0.17653060863289757,-0.30000000000000204,0.060408206713715405,-24.37808113209094,0.8876666666666664,-0.0023333333333336315,116.57656745216374,True,0.9598031324006262,1.4267899688568804,-0.213194454984091,pyin_probability_below_0.5,-0.08842582928381384,False,0.19999999999999687,0.08282696558681124
0.9,0.8573333333333333,0.9426666666666667,False,115.14977748330686,True,0.4849868077159113,-0.30000000000000204,0.05846291589387759,-24.662390551709876,0.8976666666666664,-0.0023333333333336315,115.34324507324217,True,0.9711618695262233,0.19346758993530955,-0.029062724244754645,pyin_probability_below_0.5,-0.27255756002314857,False,0.19999999999999687,-0.10130476515252287
0.91,0.8673333333333333,0.9526666666666667,False,115.14977748330686,True,0.6860828109301793,-0.30000000000000204,0.056990741434522436,-24.88391385865387,0.9076666666666664,-0.0023333333333336315,113.19925091776518,True,0.9688793869038337,1.9505265655416792,0.29576654292958643,,-0.5973868271974911,True,0.19999999999999687,-0.42613403232686453
0.92,0.8773333333333333,0.9626666666666667,False,114.4865635674993,True,0.7571601330199094,-0.3999999999999989,0.05388750890497664,-25.370237847407125,0.9176666666666664,-0.0023333333333336315,112.7911409926787,True,0.9714951302697247,1.695422574820597,0.2582943840598605,,-0.6599146683277631,True,0.10000000000000017,-0.4886618734571364
0.93,0.8873333333333333,0.9726666666666667,False,113.82716948276507,True,0.7571601330199094,-0.5000000000000001,0.048932728904013977,-26.208011272413188,0.9276666666666664,-0.0023333333333336315,113.6179022372285,True,0.9750396054475226,0.20926724553656584,0.031857422130036034,,-0.5334777063979376,True,0.0,-0.36222491152731134
0.94,0.8973333333333333,0.9826666666666667,False,113.17157322849613,True,0.6860828109301793,-0.6000000000000011,0.04482229584152832,-26.97011804492091,0.9376666666666664,-0.0023333333333335204,113.8227950010277,True,0.9724492055910884,0.6512217725315708,-0.0993346582110073,,-0.502285626056896,True,-0.10000000000000067,-0.33103283118626825
0.95,0.9073333333333333,0.9926666666666667,False,113.17157322849613,True,0.6159498854580681,-0.6000000000000011,0.04077555133870646,-27.792003160388155,0.9476666666666664,-0.0023333333333335204,113.14752585617548,True,0.9604002980671967,0.024047372320652016,0.003679020469519848,,-0.6052993047374229,True,-0.10000000000000067,-0.4340465098667952
0.96,0.9173333333333333,1.0026666666666666,False,113.82716948276507,True,0.5485250542599845,-0.5000000000000001,0.03888394271601687,-28.20459410691328,0.9576666666666664,-0.0023333333333335204,113.28068224973292,True,0.9616763115543467,0.5464872330321526,0.08331716618642543,,-0.584937450454327,True,0.0,-0.41368465558369993
0.97,0.9273333333333333,1.0126666666666666,False,114.4865635674993,True,0.3721358982975087,-0.3999999999999989,0.037167114596337,-28.596823065698793,0.9676666666666665,-0.0023333333333335204,113.34111270106807,True,0.9792364414779142,1.1454508664312328,0.17408422745215205,pyin_probability_below_0.5,-0.575704511720054,False,0.10000000000000017,-0.4044517168494276
0.98,0.9373333333333334,1.0226666666666666,False,115.14977748330686,True,0.24075439447557428,-0.30000000000000204,0.038005800481939016,-28.403002317635554,0.9776666666666665,-0.0023333333333335204,113.31015448262336,True,0.9692519229734742,1.8396230006835026,0.2788136007196561,pyin_probability_below_0.5,-0.58043388498756,False,0.19999999999999687,-0.40918109011693315
0.99,0.9473333333333334,1.0326666666666666,False,116.48775344855382,True,0.17653060863289757,-0.10000000000000067,0.0442483360670459,-27.082061121012252,0.9876666666666664,-0.0023333333333336315,115.0184324242213,True,0.956421038786084,1.4693210243325154,0.21975851167624377,pyin_probability_below_0.5,-0.3213787959441471,False,0.4000000000000011,-0.15012600107351912
1.0,0.9573333333333334,1.0426666666666666,False,118.52392351256819,True,0.1504646013433388,0.20000000000000068,0.04927135511731333,-26.148109861918762,0.9976666666666664,-0.0023333333333336315,115.19571066430031,True,0.9808853490809726,3.3282128482678814,0.49309549419775367,pyin_probability_below_0.5,-0.29471577846565694,False,0.7000000000000017,-0.12346298359503138
1.01,0.9673333333333334,1.0526666666666666,False,120.59568520237023,True,0.12793708630129036,0.5000000000000008,0.0561053622197146,-25.019912589085823,1.0076666666666663,-0.0023333333333337425,116.09567279927765,True,0.9818717186992657,4.500012403092583,0.6583690784805493,pyin_probability_below_0.5,-0.15998936274845216,False,1.0000000000000009,0.011263432122175463
1.02,0.9773333333333334,1.0626666666666666,False,122.70366064862014,True,0.09203757081218102,0.8000000000000002,0.06582548227543797,-23.63211900636901,1.0176666666666663,-0.0023333333333337425,117.93205306388182,True,0.9765146400349614,4.7716075847383195,0.6866688529718489,pyin_probability_below_0.5,0.11171086276024744,False,1.2999999999999994,0.2829636576308754
1.03,0.9873333333333333,1.0726666666666667,False,126.29915234996876,True,0.09203757081218103,1.2999999999999994,0.07629105822643803,-22.350527220059483,1.0276666666666663,-0.0023333333333337425,120.18551608013453,True,0.979185472922275,6.113636269834231,0.8589829632367515,pyin_probability_below_0.5,0.4393967524953452,False,1.800000000000001,0.6106495473659721
1.04,0.9973333333333333,1.0826666666666667,False,128.5068226458765,True,0.06608151270920701,1.599999999999999,0.0820686647706293,-21.716452646867104,1.0376666666666663,-0.0023333333333337425,122.60994762036327,True,0.9790033882738156,5.896875025513225,0.8132270846608434,pyin_probability_below_0.5,0.7851526310712529,False,2.100000000000002,0.9564054259418797
1.05,1.0073333333333334,1.0926666666666667,False,132.2723599733492,True,0.04069733156888105,2.0999999999999988,0.09078612131938063,-20.839610759776406,1.0476666666666663,-0.0023333333333337425,125.87115702396896,True,0.9633417378064668,6.401202949380249,0.8587666957727655,pyin_probability_below_0.5,1.2396130199593278,False,2.5999999999999974,1.4108658148299549
1.06,1.0173333333333334,1.1026666666666667,False,135.36407982952485,True,0.026168028608935755,2.500000000000002,0.0956266531952417,-20.388420873657548,1.0576666666666663,-0.0023333333333337425,129.5881044702974,True,0.9589506314477432,5.775975359227459,0.7549399723522199,pyin_probability_below_0.5,1.743439743379881,False,3.0000000000000027,1.914692538250508
1.07,1.0273333333333334,1.1126666666666667,False,140.9494931391844,True,0.013100262550513395,3.2,0.10966296150264683,-19.19880059912722,1.0676666666666663,-0.0023333333333337425,133.82975231538336,True,0.9633559386169644,7.119740823801038,0.8973528723827322,pyin_probability_below_0.5,2.3010268433493666,False,3.7000000000000015,2.4722796382199936
1.08,1.0373333333333334,1.1226666666666667,False,143.41324688128702,True,0.013100262550513393,3.4999999999999982,0.1114805430843602,-19.056018485223046,1.0776666666666663,-0.0023333333333337425,137.76501847041547,True,0.967773509509689,5.648228410871553,0.6956242436818636,pyin_probability_below_0.5,2.802755472050234,False,3.9999999999999973,2.9740082669208605
1.09,1.0473333333333332,1.1326666666666667,False,146.76537262479707,True,0.010824463728234167,3.9000000000000004,0.11401763226443852,-18.860559639408457,1.0876666666666663,-0.0023333333333337425,142.96078370392203,True,0.9284798287307396,3.804588920875034,0.4547060994886605,pyin_probability_below_0.5,3.4436736162434354,False,4.400000000000002,3.6149264111140647
1.1,1.0573333333333332,1.1426666666666667,False,151.9410423129619,True,0.010349055133375844,4.499999999999999,0.1152617344848607,-18.766296986862095,1.0976666666666663,-0.0023333333333337425,149.67485152005574,True,0.9399154187120871,2.2661907929061726,0.26015741027761313,pyin_probability_below_0.5,4.238222305454484,False,5.0,4.4094751003251105
1.11,1.0673333333333332,1.1526666666666667,False,157.29923159850804,True,0.010140046044704068,5.100000000000001,0.12258739066130893,-18.231083980992132,1.1076666666666664,-0.0023333333333337425,153.69094835861608,True,0.8629427061331819,3.6082832398919606,0.4017530804320197,pyin_probability_below_0.5,4.696626635300079,False,5.600000000000002,4.867879430170707
1.12,1.0773333333333333,1.1626666666666667,False,163.7897364863335,True,0.010191075496968311,5.800000000000001,0.12638077968338565,-17.966379393248573,1.1176666666666664,-0.0023333333333337425,162.98663827005282,True,0.8144412992999508,0.8030982162806879,0.08509512213363948,pyin_probability_below_0.5,5.71328459359846,False,6.300000000000001,5.884537388469085
1.13,1.0873333333333333,1.1726666666666667,False,170.54805357686834,True,0.011422334250709074,6.499999999999998,0.12899068507609812,-17.78883301356762,1.1276666666666664,-0.0023333333333335204,172.25894660530096,True,0.9596981974476212,1.710893028432622,-0.17280748972377186,pyin_probability_below_0.5,6.671187205455869,False,7.0,6.842440000326496
1.14,1.0973333333333333,1.1826666666666668,False,175.5454930018647,True,0.013100262550513395,7.0000000000000036,0.13245574847452643,-17.558583778427238,1.1376666666666664,-0.0023333333333335204,178.06816148964342,True,0.9449423103068436,2.5226684877787022,-0.24701555592667201,pyin_probability_below_0.5,7.24539527165877,False,7.500000000000002,7.416648066529397
1.15,1.1073333333333333,1.1926666666666668,False,188.14500086724917,True,0.09203757081218106,8.200000000000003,0.12727544823515796,-17.905107296032416,1.1476666666666664,-0.0023333333333335204,185.0768260053581,True,0.9367036676024951,3.068174861891066,0.284648328126769,pyin_probability_below_0.5,7.913731387605329,False,8.700000000000001,8.084984182475957
1.16,1.1173333333333333,1.2026666666666668,False,191.43371755306833,True,0.17653060863289757,8.500000000000002,0.12664249328612065,-17.948410956953037,1.1576666666666664,-0.0023333333333335204,190.37078951633686,True,0.9481067726232346,1.0629280367314777,0.09639393610603889,pyin_probability_below_0.5,8.401985779626058,False,9.000000000000002,8.573238574496685
1.17,1.1273333333333333,1.2126666666666666,False,194.7799199939686,True,0.2796051653363588,8.800000000000002,0.13159037203618806,-17.615517704489783,1.1676666666666664,-0.0023333333333335204,194.44862120325905,True,0.9685037540944371,0.33129879070955326,0.0294714197287808,pyin_probability_below_0.5,8.768908296003318,False,9.3,8.940161090873945
1.18,1.1373333333333333,1.2226666666666666,False,197.04315364635175,True,0.48498680771591124,9.000000000000002,0.135256468954792,-17.376839091646346,1.1776666666666664,-0.0023333333333335204,197.2292726097919,True,0.9611877553844558,0.18611896344015122,-0.0163448158765826,pyin_probability_below_0.5,9.014724531608682,False,9.5,9.185977326479307
1.19,1.1473333333333333,1.2326666666666666,False,198.18461302324906,True,0.615949885458068,9.1,0.1342759457149323,-17.44003560350203,1.1876666666666662,-0.0023333333333337425,199.82752757594452,True,0.9742851660845226,1.6429145526954585,-0.14292457327897606,,9.241304289011076,True,9.6,9.412557083881701
1.2,1.1573333333333333,1.2426666666666666,False,200.48740730303228,True,0.8266685594724996,9.299999999999999,0.12919681634292893,-17.774963761142782,1.1976666666666662,-0.0023333333333337425,201.4302242789421,True,0.9850711759950924,0.9428169759098068,-0.08122260465434368,,9.379602320386441,True,9.799999999999999,9.550855115257065
1.21,1.1673333333333333,1.2526666666666666,False,201.6488190383855,True,0.8266685594724995,9.400000000000002,0.12496039903346419,-18.06455193281903,1.2076666666666662,-0.0023333333333337425,202.31460594756697,True,0.9852349521422727,0.6657869091814632,-0.057066255950909195,,9.455445971683009,True,9.9,9.626698766553636
1.22,1.1773333333333333,1.2626666666666666,False,201.6488190383855,True,0.8911444948731204,9.400000000000002,0.11989258889380879,-18.424153235771122,1.2176666666666662,-0.0023333333333337425,203.0207400461744,True,0.9844890185140874,1.3719210077888988,-0.117385921803355,,9.515765637535454,True,9.9,9.68701843240608
1.23,1.1873333333333334,1.2726666666666666,False,202.8169587634771,True,0.8911444948731204,9.499999999999998,0.1185738354783617,-18.520222637811095,1.2276666666666662,-0.0023333333333337425,204.27994261391729,True,0.9927327666938391,1.462983850440196,-0.12443122754906993,,9.622810943281166,True,10.0,9.794063738151792
1.24,1.1973333333333334,1.2826666666666666,False,202.8169587634771,True,0.8911444948731204,9.499999999999998,0.11701484203497171,-18.635180986430417,1.2376666666666662,-0.0023333333333337425,204.24222834530323,True,0.9986514309358063,1.425269581826143,-0.12123471921795592,,9.619614434950051,True,10.0,9.790867229820678
1.25,1.2073333333333334,1.2926666666666666,False,201.6488190383855,True,0.8911444948731203,9.400000000000002,0.11364832358101398,-18.888739322825035,1.2476666666666663,-0.0023333333333337425,201.51693734056605,True,0.9939999744745309,0.13188169781946613,0.011326264209941166,,9.387053451522155,True,9.9,9.558306246392782
1.26,1.2173333333333334,1.3026666666666666,False,200.48740730303228,True,0.8266685594724995,9.299999999999999,0.10689051391972511,-19.42121669753036,1.2576666666666663,-0.0023333333333337425,199.80716368390273,True,0.9946471172998941,0.6802436191295556,0.05883977121241869,,9.239539944519677,True,9.799999999999999,9.410792739390304
1.27,1.2273333333333334,1.3126666666666666,False,198.18461302324906,True,0.6159498854580681,9.1,0.10163025495728016,-19.859539698324838,1.2676666666666663,-0.0023333333333337425,200.09216937811286,True,0.9910351171555342,1.9075563548638002,-0.16583702140717888,,9.264216737139275,True,9.6,9.435469532009904
1.28,1.2373333333333334,1.3226666666666667,False,194.7799199939686,True,0.42606232904328145,8.800000000000002,0.10026038239734142,-19.977412866045462,1.2776666666666663,-0.0023333333333337425,200.8206065075382,True,0.9847882867979053,6.040686513569597,-0.5287482891277746,pyin_probability_below_0.5,9.327128004859873,False,9.3,9.4983807997305
1.29,1.2473333333333334,1.3326666666666667,False,190.3311404729313,True,0.20650679911775224,8.4,0.09948258071412604,-20.045059141269462,1.2876666666666663,-0.0023333333333337425,197.62771247109083,True,0.975364992020844,7.296571998159521,-0.6512836881554928,pyin_probability_below_0.5,9.049663403887589,False,8.900000000000002,9.220916198758216
1.3,1.2573333333333334,1.3426666666666667,False,187.0613654014066,True,0.0779752376229482,8.1,0.09643408788820579,-20.315388457852116,1.2976666666666663,-0.0023333333333337425,190.59510791057485,True,0.9663535119819451,3.5337425091682633,-0.3239935940870947,pyin_probability_below_0.5,8.422373309819191,False,8.599999999999998,8.593626104689818
1.31,1.2673333333333334,1.3526666666666667,False,181.73609144327253,True,0.015085587297504338,7.6,0.09638667162624569,-20.319660325961895,1.3076666666666663,-0.0023333333333337425,183.82589642125674,True,0.9659256077538617,2.0898049779842154,-0.19794076336102276,pyin_probability_below_0.5,7.79632047909312,False,8.100000000000001,7.9675732739637475
1.32,1.2773333333333334,1.3626666666666667,False,174.53442536143424,True,0.010052967545965857,6.9,0.0977886754979872,-20.1942287229596,1.3176666666666663,-0.0023333333333337425,176.7084343911874,True,0.9506123010655503,2.174009029753165,-0.21431134692573856,pyin_probability_below_0.5,7.112691062657834,False,7.4,7.283943857528461
1.33,1.2873333333333334,1.3726666666666667,False,161.90845090664698,True,0.01000123296498612,5.6,0.10211556324361948,-19.818161257040913,1.3276666666666663,-0.0023333333333337425,168.0726864848516,True,0.9164996112640791,6.164235578204625,-0.6468840136163223,pyin_probability_below_0.5,6.245263729348418,False,6.100000000000001,6.4165165242190465
1.34,1.2973333333333332,1.3826666666666667,False,153.70651218352927,True,0.0100028158258111,4.700000000000002,0.10145255183897685,-19.874740493431172,1.3376666666666663,-0.0023333333333337425,158.0001487422023,True,0.8701990128681476,4.293636558673029,-0.47697151972327023,pyin_probability_below_0.5,5.175351235455369,False,5.200000000000001,5.346604030325994
1.35,1.3073333333333332,1.3926666666666667,False,148.4707041104003,True,0.01003776550292969,4.100000000000001,0.09946785380876146,-20.046345052257767,1.3476666666666663,-0.0023333333333337425,149.5705455449601,True,0.8041846710981282,1.0998414345598064,-0.1277736947825832,pyin_probability_below_0.5,4.226153410514681,False,4.600000000000001,4.397406205385307
1.36,1.3173333333333332,1.4026666666666667,False,142.58724736030138,True,0.010259050559778863,3.4000000000000004,0.09760375431491625,-20.210669538696287,1.3576666666666664,-0.0023333333333337425,143.1965688160615,True,0.8785192256576638,0.6093214557601243,-0.07382361000042448,pyin_probability_below_0.5,3.4722033257325227,False,3.9000000000000004,3.6434561206031475
1.37,1.3273333333333333,1.4126666666666667,False,140.13768379557115,True,0.013100262550513395,3.0999999999999988,0.0949648534154893,-20.44874195568978,1.3676666666666664,-0.0023333333333337425,139.5132527537296,True,0.8964629213641421,0.6244310418415466,0.07731338867601477,pyin_probability_below_0.5,3.021066327056082,False,3.599999999999997,3.192319121926709
1.38,1.3373333333333333,1.4226666666666667,False,136.93693467412865,True,0.018187375734912182,2.7,0.09330662121055507,-20.601750736393086,1.3776666666666664,-0.0023333333333335204,135.31648028847826,True,0.8775640757256824,1.6204543856503903,0.20608879684549727,pyin_probability_below_0.5,2.492290918886599,False,3.2,2.6635437137572273
1.39,1.3473333333333333,1.4326666666666668,False,135.36407982952485,True,0.047686993082531035,2.500000000000002,0.089526982772386,-20.960921036017815,1.3876666666666664,-0.0023333333333335204,130.25629757611333,True,0.9143991801988282,5.1077822534115285,0.6659019790851086,pyin_probability_below_0.5,1.8324777366469949,False,3.0000000000000027,2.003730531517619
1.4,1.3573333333333333,1.4426666666666668,False,133.80929076365396,True,0.09203757081218103,2.3000000000000003,0.08428168388504857,-21.485335921962356,1.3976666666666664,-0.0023333333333335204,129.66006401085622,True,0.93160090355375,4.149226752797745,0.5453291958749974,pyin_probability_below_0.5,1.7530505198570974,False,2.8000000000000003,1.9243033147277249
1.41,1.3673333333333333,1.4526666666666668,False,130.75308233882095,True,0.20650679911775224,1.9000000000000006,0.07497077210828491,-22.50216032845834,1.4076666666666664,-0.0023333333333335204,129.0465928583993,True,0.89641053585702,1.7064894804216522,0.22743486341323205,pyin_probability_below_0.5,1.6709448523188635,False,2.4000000000000012,1.8421976471894905
1.42,1.3773333333333333,1.4626666666666666,False,130.0,True,0.2796051653363589,1.800000000000001,0.06624811019382208,-23.576530119627172,1.4176666666666664,-0.0023333333333335204,127.56342327645635,True,0.7900882802730982,2.436576723543652,0.3275628485208216,pyin_probability_below_0.5,1.4708168672112751,False,2.3000000000000003,1.6420696620819029
1.43,1.3873333333333333,1.4726666666666666,False,129.25125509628117,True,0.24075439447557428,1.7000000000000026,0.06122569444363342,-24.261325605052274,1.4276666666666664,-0.0023333333333335204,129.1741786905547,True,0.7696425085044553,0.07707640572647279,0.010326948085155836,pyin_probability_below_0.5,1.6880527676469463,False,2.200000000000003,1.8593055625175707
1.44,1.3973333333333333,1.4826666666666666,False,130.0,True,0.2407543944755743,1.800000000000001,0.05982104494235618,-24.46292010134122,1.4376666666666662,-0.0023333333333337425,131.91625651143625,True,0.878153968629317,1.916256511436245,-0.2533288890472436,pyin_probability_below_0.5,2.05170860477934,False,2.3000000000000003,2.222961399649969
1.45,1.4073333333333333,1.4926666666666666,False,130.0,True,0.17653060863289757,1.800000000000001,0.05503723195206733,-25.186868333449727,1.4476666666666662,-0.0023333333333337425,128.76548492616178,True,0.9402354074615922,1.2345150738382245,0.16518823949993738,pyin_probability_below_0.5,1.6331914762321578,False,2.3000000000000003,1.8044442711027842
1.46,1.4173333333333333,1.5026666666666666,False,131.51052723924994,True,0.2796051653363588,2.000000000000004,0.04806423289200746,-26.363559693242937,1.4576666666666662,-0.0023333333333337425,129.9345220304726,True,0.9544162198018233,1.5760052087773317,0.20872201905478527,pyin_probability_below_0.5,1.789657696677315,False,2.500000000000002,1.9609104915479434
1.47,1.4273333333333333,1.5126666666666666,False,133.03860595958074,True,0.010006178555334077,2.1999999999999993,0.059424008518465216,-24.520761113678994,1.4676666666666662,-0.0023333333333337425,131.21103103159373,True,0.9644597396133349,1.8275749279870013,0.23947131406172545,pyin_probability_below_0.5,1.9589084016703708,False,2.7,2.130161196540996
1.48,1.4373333333333334,1.5226666666666666,False,140.9494931391844,True,0.010467533617069905,3.2,0.07053968054955846,-23.031330228748566,1.4776666666666662,-0.0023333333333337425,132.5983010665556,True,0.9613950526497254,8.351192072628805,1.0573919888927903,pyin_probability_below_0.5|pitch_difference_over_1_semitone,2.1409877268393083,False,3.7000000000000015,2.3122405217099367
1.49,1.4473333333333334,1.5326666666666666,False,145.07962854192903,True,0.011422334250709074,3.7000000000000015,0.07544203085525909,-22.44773258320853,1.4876666666666662,-0.0023333333333337425,134.57086988505432,True,0.9193209987170677,10.508758656874704,1.3017456996938617,pyin_probability_below_0.5|pitch_difference_over_1_semitone,2.396634016038234,False,4.200000000000001,2.5678868109088615
1.5,1.4573333333333334,1.5426666666666666,False,147.61557577921405,True,0.01646758759311301,4.0,0.08776913236595099,-21.133163896042902,1.4976666666666663,-0.0023333333333337425,150.8608994721941,True,0.36770998476211436,3.245323692980037,-0.37648771441630347,pyin_probability_below_0.5,4.374867430148402,False,4.499999999999999,4.546120225019026
1.51,1.4673333333333334,1.5526666666666666,False,148.4707041104003,True,0.04069733156888106,4.100000000000001,0.09381656875060561,-20.554409099900106,1.5076666666666663,-0.0023333333333337425,146.00167571850739,True,0.5991012874291898,2.4690283918929197,0.29032034811766705,pyin_probability_below_0.5,3.8080593676144288,False,4.600000000000001,3.9793121624850585
1.52,1.4773333333333334,1.5626666666666666,False,150.19585059339548,True,0.06608151270920701,4.299999999999999,0.10143080680063017,-19.87660240073835,1.5176666666666663,-0.0023333333333337425,146.30502671236425,True,0.8838291307654994,3.890823881031224,0.4543874219444716,pyin_probability_below_0.5,3.8439922937876245,False,4.799999999999999,4.01524508865825
1.53,1.4873333333333334,1.5726666666666667,False,151.9410423129619,True,0.12793708630129036,4.499999999999999,0.10571094591416504,-19.51760082073935,1.5276666666666663,-0.0023333333333337425,149.90209757487654,True,0.9693008540640164,2.0389447380853767,0.23389262693772667,pyin_probability_below_0.5,4.264487088794372,False,5.0,4.435739883664996
1.54,1.4973333333333334,1.5826666666666667,False,152.82122781686914,True,0.15046460134333883,4.600000000000001,0.11050666745450213,-19.13223035788651,1.5376666666666663,-0.0023333333333337425,151.14543704727768,True,0.9592981234542122,1.6757907695914582,0.19089036846401058,pyin_probability_below_0.5,4.40748934726809,False,5.100000000000001,4.578742142138717
1.55,1.5073333333333334,1.5926666666666667,False,152.82122781686914,True,0.37213589829750876,4.600000000000001,0.11038924114842401,-19.141465042564253,1.5476666666666663,-0.0023333333333337425,153.3290071145371,True,0.960119857834148,0.5077792976679518,-0.057428380927738526,pyin_probability_below_0.5,4.655808096659836,False,5.100000000000001,4.827060891530462
1.56,1.5173333333333334,1.6026666666666667,False,154.59692495035372,True,0.615949885458068,4.799999999999999,0.10475727783092784,-19.59631590909171,1.5576666666666663,-0.0023333333333337425,155.47321022930166,True,0.9774997704798016,0.8762852789479325,-0.09785263256910065,,4.896232348301195,True,5.299999999999999,5.067485143171822
1.57,1.5273333333333334,1.6126666666666667,False,155.49249582586248,True,0.6159498854580681,4.899999999999999,0.10273801282016069,-19.765376774878185,1.5676666666666663,-0.0023333333333337425,156.3077534856327,True,0.9788911305992655,0.815257659770225,-0.09053264318155906,,4.9889123589136535,True,5.399999999999999,5.160165153784281
1.58,1.5373333333333334,1.6226666666666667,False,156.39325469067515,True,0.6860828109301792,5.0,0.09867365829723916,-20.115975403146926,1.5776666666666663,-0.0023333333333337425,157.00764040168522,True,0.9737856534256965,0.6143857110100726,-0.0678777145429593,,5.066257430275054,True,5.499999999999998,5.237510225145682
1.59,1.5473333333333332,1.6326666666666667,False,156.39325469067515,True,0.6860828109301794,5.0,0.09578213396748256,-20.374309827392917,1.5876666666666663,-0.0023333333333337425,157.51440220251592,True,0.974258436622446,1.1211475118407748,-0.12366547658851781,,5.122045192320612,True,5.499999999999998,5.293297987191239
1.6,1.5573333333333332,1.6426666666666667,False,156.39325469067515,True,0.6860828109301793,5.0,0.09310765475847564,-20.62029224875005,1.5976666666666663,-0.0023333333333337425,157.22655610317437,True,0.9930578767473475,0.8333014124992246,-0.09199949261947894,,5.090379208351576,True,5.499999999999998,5.261632003222202
1.61,1.5673333333333332,1.6526666666666667,False,156.39325469067515,True,0.6860828109301793,5.0,0.08878514166868777,-21.033194159927927,1.6076666666666664,-0.0023333333333337425,156.31572736998743,True,0.9818047746302188,0.07752732068772161,0.008584207538458209,,4.98979550819364,True,5.499999999999998,5.161048303064265
1.62,1.5773333333333333,1.6626666666666667,False,156.39325469067515,True,0.7571601330199094,5.0,0.0883747433059872,-21.073436692971367,1.6176666666666664,-0.0023333333333337425,155.13112553622693,True,0.9853931312935569,1.2621291544482176,0.14028134301170783,,4.85809837272039,True,5.499999999999998,5.029351167591018
1.63,1.5873333333333333,1.6726666666666667,False,155.49249582586248,True,0.8911444948731202,4.899999999999999,0.08575401951566375,-21.334910285748066,1.6276666666666664,-0.0023333333333335204,154.8085744915017,True,0.9919605226079883,0.6839213343607753,0.07631490390975003,,4.822064811822347,True,5.399999999999999,4.993317606692974
1.64,1.5973333333333333,1.6826666666666668,False,155.49249582586248,True,0.9459302094659092,4.899999999999999,0.08518558431825696,-21.392677865402824,1.6376666666666664,-0.0023333333333335204,154.78817375200572,True,0.9916548979055697,0.7043220738567584,0.07859648180700171,,4.819783233925094,True,5.399999999999999,4.991036028795719
1.65,1.6073333333333333,1.6926666666666668,False,154.59692495035372,True,0.9459302094659091,4.799999999999999,0.0823432713817411,-21.687437661802008,1.6476666666666664,-0.0023333333333335204,155.36732296085137,True,0.992672883176265,0.7703980104976438,-0.08605779682402198,,4.884437512556119,True,5.299999999999999,5.055690307426745
1.66,1.6173333333333333,1.7026666666666668,False,155.49249582586248,True,0.8911444948731202,4.899999999999999,0.07975326558145547,-21.965030505234914,1.6576666666666664,-0.0023333333333335204,155.38085366737786,True,0.988108799417896,0.11164215848461367,0.01243456312379398,,4.885945152608303,True,5.399999999999999,5.0571979474789295
1.67,1.6273333333333333,1.7126666666666666,False,155.49249582586248,True,0.5485250542599845,4.899999999999999,0.0793406258102538,-22.010087565800998,1.6676666666666664,-0.0023333333333335204,154.8298354355254,True,0.9841182802396373,0.6626603903370665,0.0739374423877328,,4.8244422733443635,True,5.399999999999999,4.9956950682149905
1.68,1.6373333333333333,1.7226666666666666,False,155.49249582586248,True,0.37213589829750865,4.899999999999999,0.0842044614083563,-21.49329795297596,1.6776666666666664,-0.0023333333333335204,154.38985836103066,True,0.9727631310497526,1.1026374648318154,0.12320363218663274,pyin_probability_below_0.5,4.77517608354546,False,5.399999999999999,4.9464288784160875
1.69,1.6473333333333333,1.7326666666666666,False,154.59692495035372,True,0.3721358982975087,4.799999999999999,0.08848668730592203,-21.062441267280647,1.6876666666666664,-0.0023333333333335204,156.16712778099085,True,0.9923556690954188,1.570202830637129,-0.17495020509890585,pyin_probability_below_0.5,4.973329920831001,False,5.299999999999999,5.1445827157016275
1.7,1.6573333333333333,1.7426666666666666,False,152.82122781686914,True,0.3233360583906407,4.600000000000001,0.09433968961263296,-20.50611113923744,1.6976666666666662,-0.0023333333333337425,157.12341290582103,True,0.9452873596696906,4.302185088951887,-0.48063858667386694,pyin_probability_below_0.5,5.0790183024059665,False,5.100000000000001,5.250271097276592
1.71,1.6673333333333333,1.7526666666666666,False,151.9410423129619,True,0.2796051653363589,4.499999999999999,0.102341954475461,-19.79892586691795,1.7076666666666662,-0.0023333333333337425,155.30956112065786,True,0.9343077944041166,3.368518807695949,-0.37962028758173294,pyin_probability_below_0.5,4.878000003313831,False,5.0,5.049252798184456
1.72,1.6773333333333333,1.7626666666666666,False,150.19585059339548,True,0.24075439447557428,4.299999999999999,0.11465710566934362,-18.81198050950318,1.7176666666666662,-0.0023333333333337425,153.20707572143934,True,0.9614934746763696,3.0112251280438613,-0.3436556603683105,pyin_probability_below_0.5,4.642035376100406,False,4.799999999999999,4.813288170971033
1.73,1.6873333333333334,1.7726666666666666,False,148.4707041104003,True,0.24075439447557428,4.100000000000001,0.12226647963038076,-18.253851841601904,1.7276666666666662,-0.0023333333333337425,150.84008556273128,True,0.9793571638294557,2.3693814523309698,-0.2740990083397076,pyin_probability_below_0.5,4.372478724071804,False,4.600000000000001,4.543731518942431
1.74,1.6973333333333334,1.7826666666666666,False,147.61557577921405,True,0.24075439447557428,4.0,0.12565365968959125,-18.016497159358995,1.7376666666666662,-0.0023333333333337425,148.49479299713343,True,0.9906464799896233,0.8792172179193756,-0.10280864285004077,pyin_probability_below_0.5,4.101188358582139,False,4.499999999999999,4.272441153452765
1.75,1.7073333333333334,1.7926666666666666,False,146.76537262479707,True,0.1765306086328976,3.9000000000000004,0.1255792294022528,-18.02164372502404,1.7476666666666663,-0.0023333333333337425,146.52305178614984,True,0.9822452779039469,0.24232083864723108,0.028607619476704958,pyin_probability_below_0.5,3.869772096255393,False,4.400000000000002,4.041024891126019
1.76,1.7173333333333334,1.8026666666666666,False,145.07962854192903,True,0.09203757081218102,3.7000000000000015,0.12324634295902197,-18.184519170228462,1.7576666666666663,-0.0023333333333337425,143.63325319521732,True,0.9561815906509264,1.4463753467117044,0.17346196548876067,pyin_probability_below_0.5,3.524917750243338,False,4.200000000000001,3.696170545113964
1.77,1.7273333333333334,1.8126666666666666,False,142.58724736030138,True,0.0779752376229482,3.4000000000000004,0.11762655968157262,-18.58989209907529,1.7676666666666663,-0.0023333333333337425,139.90910420562943,True,0.9186701527682322,2.678143154671943,0.328261338737889,pyin_probability_below_0.5,3.0701183769942073,False,3.9000000000000004,3.2413711718648344
1.78,1.7373333333333334,1.8226666666666667,False,141.7660052464835,True,0.047686993082531035,3.3000000000000003,0.1116775459321591,-19.040682761150297,1.7776666666666663,-0.0023333333333337425,134.3323271101834,True,0.8319060386333488,7.433678136300102,0.9324611011437693,pyin_probability_below_0.5,2.365918614588329,False,3.8000000000000007,2.5371714094589546
1.79,1.7473333333333334,1.8326666666666667,False,139.33055012971812,True,0.030106861794195007,3.0000000000000027,0.10195078294165306,-19.83218869326681,1.7876666666666663,-0.0023333333333337425,125.05499964043346,True,0.8588184668097705,14.275550489284655,1.8713866357012634,pyin_probability_below_0.5|pitch_difference_over_1_semitone,1.1269930800308348,False,3.500000000000001,1.298245874901461
1.8,1.7573333333333334,1.8426666666666667,False,135.36407982952485,True,0.020317628556360587,2.500000000000002,0.09137205122487138,-20.78373250873769,1.7976666666666663,-0.0023333333333337425,127.20819951659576,True,0.7119684508045713,8.1558803129291,1.075839486230784,pyin_probability_below_0.5|pitch_difference_over_1_semitone,1.4225402295013154,False,3.0000000000000027,1.5937930243719445
1.81,1.7673333333333334,1.8526666666666667,False,130.0,True,0.015085587297504338,1.800000000000001,0.07574363481006294,-22.41307715301897,1.8076666666666663,-0.0023333333333337425,132.10323567377824,True,0.49636317662498075,2.1032356737782436,-0.2778501653932661,pyin_probability_below_0.5,2.076229881125363,False,2.3000000000000003,2.24748267599599
1.82,1.7773333333333334,1.8626666666666667,False,126.29915234996876,True,0.011085791888943373,1.2999999999999994,0.06273277850448714,-24.050109533027104,1.8176666666666663,-0.0023333333333337425,107.73180022666381,True,0.4974818431201448,18.567352123304957,2.752809476836786,pyin_probability_below_0.5|pitch_difference_over_1_semitone,-1.454429761104688,False,1.800000000000001,-1.2831769662340626
1.83,1.7873333333333334,1.8726666666666667,False,126.29915234996876,True,0.010467533617069905,1.2999999999999994,0.05949260905782958,-24.51073969207664,1.8276666666666663,-0.0023333333333337425,118.46060617164653,True,0.604914406558611,7.8385461783222325,1.1092509953501457,pyin_probability_below_0.5|pitch_difference_over_1_semitone,0.18912872038195144,False,1.800000000000001,0.3603815152525791
1.84,1.7973333333333332,1.8826666666666667,False,125.57172276022992,True,0.010349055133375844,1.1999999999999993,0.05772297227781984,-24.77302628524338,1.8376666666666663,-0.0023333333333337425,127.00583870886926,True,0.697974237960291,1.434115948639345,-0.1965983856526629,pyin_probability_below_0.5,1.3949781013847593,False,1.6999999999999993,1.5662308962553877
1.85,1.8073333333333332,1.8926666666666667,False,116.48775344855382,True,0.011422334250709074,-0.10000000000000067,0.04861354909965136,-26.264853429927143,1.8476666666666663,-0.0023333333333337425,125.18120559500188,True,0.7196089904069863,8.693452146448067,-1.2460762301589279,pyin_probability_below_0.5|pitch_difference_over_1_semitone,1.1444559458910268,False,0.4000000000000011,1.315708740761651
1.86,1.8173333333333332,1.9026666666666667,False,119.9011051661721,True,0.018187375734912182,0.4000000000000011,0.04333967587275384,-27.262286819807553,1.8576666666666664,-0.0023333333333337425,118.65165291755652,True,0.8191063647024797,1.249452248615583,0.18135309548401385,pyin_probability_below_0.5,0.21702662024808705,False,0.9000000000000021,0.388279415118711
1.87,1.8273333333333333,1.9126666666666667,False,119.9011051661721,True,0.03489742801962526,0.4000000000000011,0.04169474892774657,-27.598372739998474,1.8676666666666664,-0.0023333333333337425,115.1964642482229,True,0.883554412262299,4.704640917949206,0.6929822412067528,pyin_probability_below_0.5,-0.29460252547465504,False,0.9000000000000021,-0.12334973060402758
1.88,1.8373333333333333,1.9226666666666667,False,117.16256013940793,True,0.056071395445892624,0.0,0.03698736001355216,-28.638933310141255,1.8776666666666664,-0.0023333333333335204,112.24035472276081,True,0.9106809359758299,4.922205416647117,0.7430417964474809,pyin_probability_below_0.5,-0.7446620807153848,False,0.5000000000000008,-0.5734092858447569
1.89,1.8473333333333333,1.9326666666666668,False,115.81683335824411,True,0.24075439447557428,-0.19999999999999973,0.035150360964317826,-29.08140421572441,1.8876666666666664,-0.0023333333333335204,115.070957598927,True,0.8593142682274256,0.7458757593171157,0.11185433387351285,pyin_probability_below_0.5,-0.313474618141414,False,0.3000000000000021,-0.1422218232707878
1.9,1.8573333333333333,1.9426666666666668,False,115.14977748330686,True,0.24075439447557426,-0.30000000000000204,0.035160818361047,-29.078820507260627,1.8976666666666664,-0.0023333333333335204,115.32577624997509,True,0.9292790862077728,0.17599876666822922,-0.026440558379445547,pyin_probability_below_0.5,-0.27517972588845885,False,0.19999999999999687,-0.10392693101783264
1.91,1.8673333333333333,1.9526666666666668,False,115.14977748330686,True,0.24075439447557428,-0.30000000000000204,0.035593627227061685,-28.97255504496451,1.9076666666666664,-0.0023333333333335204,113.10357759779555,True,0.9989195219636134,2.0461998855113137,0.310404708972241,pyin_probability_below_0.5,-0.6120249932401449,False,0.19999999999999687,-0.440772198369519
1.92,1.8773333333333333,1.9626666666666666,False,115.14977748330686,True,0.2796051653363589,-0.30000000000000204,0.036396602137383,-28.778783174197223,1.9176666666666664,-0.0023333333333335204,114.5608161403824,True,0.9531869569664998,0.5889613429244633,0.08877537153464121,pyin_probability_below_0.5,-0.3903956558025471,False,0.19999999999999687,-0.2191428609319208
1.93,1.8873333333333333,1.9726666666666666,False,115.81683335824411,True,0.42606232904328145,-0.19999999999999973,0.03824969893332526,-28.347439577323662,1.9276666666666664,-0.0023333333333335204,116.66190997168536,True,0.9555613042467698,0.8450766134412504,-0.12586370954745146,pyin_probability_below_0.5,-0.07575657472045252,False,0.3000000000000021,0.09549622015017492
1.94,1.8973333333333333,1.9826666666666666,False,115.81683335824411,True,0.42606232904328145,-0.19999999999999973,0.03809877348432989,-28.38178010725482,1.9376666666666664,-0.0023333333333335204,116.20709682165759,True,0.9323307193756771,0.3902634634134756,-0.05823865086646631,pyin_probability_below_0.5,-0.14338163340143614,False,0.3000000000000021,0.027871161469189148
1.95,1.9073333333333333,1.9926666666666666,False,116.48775344855382,True,0.4849868077159113,-0.10000000000000067,0.04124968790557354,-27.69158665932354,1.9476666666666662,-0.0023333333333337425,115.02517902527059,True,0.9648020152491539,1.462574423283229,0.21874305679081868,pyin_probability_below_0.5,-0.3203633410587233,False,0.4000000000000011,-0.1491105461880961
1.96,1.9173333333333333,2.002666666666667,False,116.48775344855382,True,0.4849868077159113,-0.10000000000000067,0.04307644564201075,-27.31520277495774,1.9576666666666662,-0.0023333333333337425,115.58507477898132,True,0.9794281819459446,0.9026786695724951,0.134678061297629,pyin_probability_below_0.5,-0.2362983455655317,False,0.4000000000000011,-0.06504555069490488
1.97,1.9273333333333333,2.0126666666666666,False,117.16256013940793,True,0.4849868077159113,0.0,0.04472578049087944,-26.988841440063858,1.9676666666666662,-0.0023333333333337425,116.48167248900023,True,0.9883812429049601,0.6808876504076977,0.10090377217441365,pyin_probability_below_0.5,-0.10252405644231516,False,0.5000000000000008,0.06872873842831238
1.98,1.9373333333333334,2.022666666666667,False,117.16256013940793,True,0.5485250542599845,0.0,0.046907802075552174,-26.575098319876798,1.9776666666666662,-0.0023333333333337425,116.81684094547289,True,0.998308122661103,0.34571919393503947,0.05116016818091332,,-0.05278045244881544,True,0.5000000000000008,0.11847234242181018
1.99,1.9473333333333334,2.0326666666666666,False,117.16256013940793,True,0.6159498854580681,0.0,0.04852442487517379,-26.280792065734232,1.9876666666666662,-0.0023333333333337425,117.43444191051174,True,0.9886879691526852,0.27188177110380707,-0.04012763897871169,,0.0385073547108089,True,0.5000000000000008,0.20976014958143469
2.0,1.9573333333333334,2.042666666666667,False,117.16256013940793,True,0.6159498854580681,0.0,0.05018682114161842,-25.98820623753465,1.9976666666666663,-0.0023333333333337425,117.32566013858391,True,0.987871921445366,0.1630999991759836,-0.024083454356677636,,0.022463170088775172,True,0.5000000000000008,0.19371596495940188
2.01,1.9673333333333334,2.0526666666666666,False,117.16256013940793,True,0.6860828109301793,0.0,0.051650731434323034,-25.73847047973478,2.0076666666666663,-0.0023333333333335204,117.1425660900406,True,0.9956306016338441,0.01999404936732674,0.0029546412137428915,,-0.004574925481647414,True,0.5000000000000008,0.16667786938897936
2.02,1.9773333333333334,2.062666666666667,False,117.16256013940793,True,0.6860828109301793,0.0,0.052644022326681424,-25.573018707204017,2.0176666666666665,-0.0023333333333335204,116.89171911486397,True,0.9958264965857506,0.2708410245439552,0.04006672421088921,,-0.04168700847879252,True,0.5000000000000008,0.12956578639183558
2.03,1.9873333333333334,2.0726666666666667,False,116.48775344855382,True,0.7571601330199094,-0.10000000000000067,0.05329499944091762,-25.466270760217707,2.0276666666666663,-0.0023333333333335204,116.69609133554984,True,0.9892772432941146,0.20833788699601996,-0.030935396916852778,,-0.0706848873510498,True,0.4000000000000011,0.10056790751957628
2.04,1.9973333333333334,2.082666666666667,False,116.48775344855382,True,0.7571601330199094,-0.10000000000000067,0.052827169762980096,-25.54285312385194,2.0376666666666665,-0.0023333333333335204,117.00831856571325,True,0.9767570922508464,0.5205651171594354,-0.07719372244277634,,-0.02442656182512601,True,0.4000000000000011,0.14682623304550055
2.05,2.0073333333333334,2.0926666666666667,False,116.48775344855382,True,0.6860828109301793,-0.10000000000000067,0.05084173540910273,-25.875592677020638,2.0476666666666663,-0.0023333333333335204,116.563256982502,True,0.9782336434398816,0.07550353394817932,-0.011217655150049145,,-0.090402629117853,True,0.4000000000000011,0.08085016575277501
2.06,2.017333333333333,2.1026666666666665,False,116.48775344855382,True,0.6159498854580681,-0.10000000000000067,0.04712073028137344,-26.535759748666532,2.0576666666666665,-0.0023333333333335204,116.52637670034262,True,0.9835770930534161,0.0386232517888061,-0.005739213253042634,,-0.09588107101485985,True,0.4000000000000011,0.07537172385576682
2.07,2.0273333333333334,2.1126666666666667,False,116.48775344855382,True,0.4849868077159113,-0.10000000000000067,0.0436144985573709,-27.207382326204268,2.0676666666666663,-0.0023333333333335204,115.95585052272907,True,0.9393977210842044,0.5319029258247525,0.07923212749730854,pyin_probability_below_0.5,-0.18085241176521152,False,0.4000000000000011,-0.009599616894583461
2.08,2.037333333333333,2.1226666666666665,False,115.81683335824411,True,0.42606232904328145,-0.19999999999999973,0.03972526532433337,-28.018663869317088,2.077666666666666,-0.0023333333333339645,114.54310191747527,True,0.8099084715782893,1.2737314407688416,0.1914525379638064,pyin_probability_below_0.5,-0.3930728222317098,False,0.3000000000000021,-0.22182002736108297
2.09,2.0473333333333334,2.1326666666666667,False,115.81683335824411,True,0.2796051653363589,-0.19999999999999973,0.03561720460237977,-28.96680337819724,2.0876666666666663,-0.0023333333333335204,108.6069673241223,True,0.8328078176366296,7.209866034121816,1.1127395892341607,pyin_probability_below_0.5|pitch_difference_over_1_semitone,-1.3143598735020632,False,0.3000000000000021,-1.1431070786314363
2.1,2.0573333333333332,2.1426666666666665,False,115.14977748330686,True,0.10857977072874497,-0.30000000000000204,0.031166017139353464,-30.126373896665296,2.097666666666666,-0.0023333333333339645,111.41088051298462,True,0.9110737065733768,3.7388969703222443,0.5714578615312444,pyin_probability_below_0.5,-0.8730781457991479,False,0.19999999999999687,-0.7018253509285206
2.11,2.0673333333333335,2.1526666666666667,False,111.87168684176291,True,0.034897428019625254,-0.7999999999999988,0.026412711230607743,-31.56374033477327,2.1076666666666664,-0.0023333333333335204,109.89230514340875,True,0.796080413579165,1.9793816983541603,0.3090550423363983,pyin_probability_below_0.5,-1.1106753266042997,False,-0.30000000000000004,-0.9394225317336728
2.12,2.0773333333333333,2.1626666666666665,False,110.58673092361124,True,0.013980210380185928,-0.9999999999999994,0.01993191851914182,-34.00901793750448,2.117666666666666,-0.0023333333333339645,,False,0.0,,,pyin_probability_below_0.5|voicing_disagreement,,False,-0.5000000000000001,
2.13,2.0873333333333335,2.1726666666666667,False,111.2273533387383,True,0.010140046044704068,-0.8999999999999986,0.017684795662546892,-35.047999076770864,2.1276666666666664,-0.0023333333333335204,,False,0.0,,,pyin_probability_below_0.5|voicing_disagreement,,False,-0.3999999999999969,
2.14,2.0973333333333333,2.1826666666666665,False,109.9497982220883,True,0.010000000047726025,-1.0999999999999999,0.018613446554048743,-34.60346406794102,2.137666666666666,-0.0023333333333339645,,False,0.0,,,pyin_probability_below_0.5|voicing_disagreement,,False,-0.5999999999999991,
2.15,2.1073333333333335,2.1926666666666668,False,,False,0.01000000928748663,,0.02048001605175943,-33.773394146123536,2.1476666666666664,-0.0023333333333335204,,False,0.0,,,,,False,,
2.16,2.1173333333333333,2.2026666666666666,False,124.84848285663055,True,0.01000000928748663,1.1000000000000019,0.02586183666030746,-31.746812711222226,2.157666666666666,-0.0023333333333339645,,False,0.0,,,pyin_probability_below_0.5|voicing_disagreement,,False,1.6000000000000023,
2.17,2.1273333333333335,2.212666666666667,False,120.59568520237023,True,0.01010197459374499,0.5000000000000008,0.03248104357062485,-29.7674005186153,2.1676666666666664,-0.0023333333333335204,,False,0.0,,,pyin_probability_below_0.5|voicing_disagreement,,False,1.0000000000000009,
2.18,2.1373333333333333,2.2226666666666666,False,119.9011051661721,True,0.013100262550513395,0.4000000000000011,0.03704487934774033,-28.62543630684504,2.177666666666666,-0.0023333333333339645,140.40221052856208,True,0.5560567223210509,20.50110536238998,-2.732648320758001,pyin_probability_below_0.5|pitch_difference_over_1_semitone,3.1310280364900978,False,0.9000000000000021,3.302280831360726
2.19,2.1473333333333335,2.232666666666667,False,117.84127594565435,True,0.0229442191246386,0.10000000000000017,0.04124195143365547,-27.693215870283673,2.1876666666666664,-0.0023333333333335204,124.97727800325454,True,0.5433955192359731,7.136002057600194,-1.0178504059930975,pyin_probability_below_0.5|pitch_difference_over_1_semitone,1.1162301217251926,False,0.5999999999999976,1.2874829165958195
2.2,2.1573333333333333,2.2426666666666666,False,117.16256013940793,True,0.056071395445892624,0.0,0.043749514175999794,-27.180535306252306,2.197666666666666,-0.0023333333333339645,117.04407832534096,True,0.8655381441096661,0.11848181406696767,0.017516136139489363,pyin_probability_below_0.5,-0.019136420407392312,False,0.5000000000000008,0.15211637446323184
2.21,2.167333333333333,2.252666666666667,False,117.16256013940793,True,0.12793708630129033,0.0,0.046085571869247444,-26.728700380854846,2.2076666666666664,-0.0023333333333335204,117.26893523756519,True,0.9616694343098704,0.10637509815725821,-0.015711216980108182,pyin_probability_below_0.5,0.014090932712204903,False,0.5000000000000008,0.18534372758283107
2.22,2.1773333333333333,2.2626666666666666,False,117.16256013940793,True,0.24075439447557426,0.0,0.04649456906887443,-26.65195546313294,2.2176666666666662,-0.0023333333333339645,117.39573294127489,True,0.9829062969260614,0.23317280186695655,-0.03442017091619677,pyin_probability_below_0.5,0.0327998866482918,False,0.5000000000000008,0.20405268151892014
2.23,2.187333333333333,2.272666666666667,False,117.16256013940793,True,0.6860828109301793,0.0,0.04581598928188583,-26.779658629856474,2.2276666666666665,-0.0023333333333335204,117.13416043771535,True,0.9636761110981409,0.028399701692578105,0.004196945708265404,,-0.005817229976166082,True,0.5000000000000008,0.16543556489446049
2.24,2.1973333333333334,2.2826666666666666,False,117.16256013940793,True,0.6159498854580681,0.0,0.04325498834353178,-27.279276013627168,2.2376666666666662,-0.0023333333333339645,117.00776834048152,True,0.9648620725274021,0.1547917989264107,0.022887688084886414,,-0.02450797235278873,True,0.5000000000000008,0.1467448225178367
2.25,2.207333333333333,2.292666666666667,False,117.16256013940793,True,0.6159498854580681,0.0,0.04037559745647415,-27.877620763121396,2.2476666666666665,-0.0023333333333335204,117.04975795555424,True,0.9140510824300364,0.11280218385368812,0.01667606539098291,,-0.018296349658885505,True,0.5000000000000008,0.15295644521174168
2.26,2.2173333333333334,2.3026666666666666,False,117.16256013940793,True,0.6159498854580681,0.0,0.03673321832935453,-28.698820397728507,2.2576666666666663,-0.0023333333333335204,114.50648939227415,True,0.832625148086026,2.656070747133782,0.39698713424296783,,-0.39860741851087184,True,0.5000000000000008,-0.22735462364024553
2.27,2.227333333333333,2.312666666666667,False,116.48775344855382,True,0.4849868077159113,-0.10000000000000067,0.032334030413277114,-29.80680315048504,2.2676666666666665,-0.0023333333333335204,111.25539399797363,True,0.8773790361384429,5.232359450580191,0.7956360711232963,pyin_probability_below_0.5,-0.8972563553911994,False,0.4000000000000011,-0.7260035605205721
2.28,2.2373333333333334,2.3226666666666667,False,115.81683335824411,True,0.3233360583906409,-0.19999999999999973,0.026866297598537255,-31.41584357741276,2.2776666666666663,-0.0023333333333335204,114.05275350565425,True,0.8725264842011236,1.7640798525898589,0.26572415298378294,pyin_probability_below_0.5,-0.46734443725168384,False,0.3000000000000021,-0.2960916423810577
2.29,2.247333333333333,2.332666666666667,False,114.4865635674993,True,0.1765306086328976,-0.3999999999999989,0.01920450701880641,-34.331936734579074,2.2876666666666665,-0.0023333333333335204,116.58612003346431,True,0.8450281394332321,2.0995564659650086,-0.31461301420482923,pyin_probability_below_0.5,-0.08700727006307307,False,0.10000000000000017,0.08424552480755282
2.3,2.2573333333333334,2.3426666666666667,False,114.4865635674993,True,0.27960516533635893,-0.3999999999999989,0.015482397735022035,-36.203235598578125,2.2976666666666663,-0.0023333333333335204,119.42395885640748,True,0.8988310076404044,4.937395288908178,-0.730968113538794,pyin_probability_below_0.5,0.329347829270893,False,0.10000000000000017,0.5006006241415186
2.31,2.267333333333333,2.3526666666666665,False,116.48775344855382,True,0.42606232904328145,-0.10000000000000067,0.013190269065122176,-37.59492690589454,2.3076666666666665,-0.0023333333333335204,,False,0.0,,,pyin_probability_below_0.5|voicing_disagreement,,False,0.4000000000000011,
2.32,2.2773333333333334,2.3626666666666667,False,118.52392351256819,True,0.12793708630129033,0.20000000000000068,0.010112079627796965,-39.90319038373248,2.3176666666666663,-0.0023333333333335204,,False,0.0,,,pyin_probability_below_0.5|voicing_disagreement,,False,0.7000000000000017,
2.33,2.287333333333333,2.3726666666666665,False,118.52392351256819,True,0.010037765502929688,0.20000000000000068,0.010089840115974334,-39.92231431113937,2.3276666666666666,-0.0023333333333335204,,False,0.0,,,pyin_probability_below_0.5|voicing_disagreement,,False,0.7000000000000017,
2.34,2.2973333333333334,2.3826666666666667,False,118.52392351256819,True,0.010000000417925078,0.20000000000000068,0.01165340595399379,-38.670942487021506,2.3376666666666663,-0.0023333333333335204,,False,0.0,,,pyin_probability_below_0.5|voicing_disagreement,,False,0.7000000000000017,
2.35,2.3073333333333332,2.3926666666666665,False,118.52392351256819,True,0.01000000000950597,0.20000000000000068,0.013825035496180924,-37.18667489916226,2.347666666666666,-0.0023333333333339645,,False,0.0,,,pyin_probability_below_0.5|voicing_disagreement,,False,0.7000000000000017,
2.36,2.3173333333333335,2.4026666666666667,False,118.52392351256819,True,0.010000000000221911,0.20000000000000068,0.014961269263806079,-36.50063121648467,2.3576666666666664,-0.0023333333333335204,,False,0.0,,,pyin_probability_below_0.5|voicing_disagreement,,False,0.7000000000000017,
2.37,2.3273333333333333,2.4126666666666665,False,118.52392351256819,True,0.010000000000006925,0.20000000000000068,0.015793537502567352,-36.030411680041304,2.367666666666666,-0.0023333333333339645,,False,0.0,,,pyin_probability_below_0.5|voicing_disagreement,,False,0.7000000000000017,
2.38,2.3373333333333335,2.4226666666666667,False,,False,0.010000000000075398,,0.02035652199671916,-33.82592842322965,2.3776666666666664,-0.0023333333333335204,,False,0.0,,,,,False,,
2.39,2.3473333333333333,2.4326666666666665,False,,False,0.010000516719604521,,0.028817311362452917,-30.80693082083604,2.387666666666666,-0.0023333333333339645,,False,0.0,,,,,False,,
2.4,2.3573333333333335,2.4426666666666668,False,133.80929076365396,True,0.010000516719604523,2.3000000000000003,0.03649487067061825,-28.755363420999622,2.3976666666666664,-0.0023333333333335204,,False,0.0,,,pyin_probability_below_0.5|voicing_disagreement,,False,2.8000000000000003,
2.41,2.3673333333333333,2.4526666666666666,False,133.80929076365396,True,0.010622609027511392,2.3000000000000003,0.043484414020599806,-27.233327558738107,2.407666666666666,-0.0023333333333339645,151.99178867655874,True,0.48713303948441755,18.18249791290478,-2.205781134802416,pyin_probability_below_0.5|pitch_difference_over_1_semitone,4.504160850534515,False,2.8000000000000003,4.675413645405142
2.42,2.3773333333333335,2.462666666666667,False,131.51052723924994,True,0.015085262690343961,2.000000000000004,0.04747784340527055,-26.470180326135782,2.4176666666666664,-0.0023333333333335204,149.98354598735966,True,0.6466608527014471,18.473018748109723,-2.27551137564975,pyin_probability_below_0.5|pitch_difference_over_1_semitone,4.27389109138185,False,2.500000000000002,4.4451438862524775
2.43,2.3873333333333333,2.4726666666666666,False,130.75308233882095,True,0.026168028608935755,1.9000000000000006,0.051418458663900324,-25.77761892095602,2.427666666666666,-0.0023333333333339645,134.21855390602477,True,0.545178360270758,3.4654715672038208,-0.45286994257131663,pyin_probability_below_0.5,2.351249658303413,False,2.4000000000000012,2.5225024531740416
2.44,2.3973333333333335,2.482666666666667,False,130.0,True,0.034897428019625254,1.800000000000001,0.062127589293775175,-24.134309955493354,2.4376666666666664,-0.0023333333333335204,129.73493470877148,True,0.898279243503352,0.26506529122852385,0.0353352711079353,pyin_probability_below_0.5,1.7630444446241618,False,2.3000000000000003,1.934297239494788
2.45,2.4073333333333333,2.4926666666666666,False,129.25125509628117,True,0.06608151270920701,1.7000000000000026,0.07076285203157323,-23.003893431409832,2.447666666666666,-0.0023333333333339645,130.18112193153564,True,0.9759793220809428,0.9298668352544723,-0.12410355549482796,pyin_probability_below_0.5,1.8224832712269277,False,2.200000000000003,1.9937360660975547
2.46,2.417333333333333,2.502666666666667,False,127.76667781088264,True,0.056071395445892624,1.5000000000000004,0.07534203131798194,-22.459253496751668,2.4576666666666664,-0.0023333333333335204,129.78448390885055,True,0.9694938353030704,2.017806097967906,-0.27127550690475927,pyin_probability_below_0.5,1.769655222636859,False,2.0000000000000004,1.940908017507486
2.47,2.4273333333333333,2.5126666666666666,False,127.03079589645196,True,0.092037570812181,1.4000000000000004,0.0786379156793621,-22.08736012247769,2.4676666666666662,-0.0023333333333339645,128.92858810146254,True,0.9672834311460448,1.8977922050105747,-0.25672687907305003,pyin_probability_below_0.5,1.6551065948051462,False,1.9000000000000006,1.8263593896757717
2.48,2.437333333333333,2.522666666666667,False,126.29915234996876,True,0.07797523762294818,1.2999999999999994,0.08073933825195949,-21.858296288680094,2.4776666666666665,-0.0023333333333335204,128.30184685476462,True,0.9005913651956231,2.002694504795855,-0.2723637722313503,pyin_probability_below_0.5,1.5707434879634472,False,1.800000000000001,1.7419962828340751
2.49,2.4473333333333334,2.5326666666666666,False,124.84848285663055,True,0.03489742801962526,1.1000000000000019,0.08422519367494068,-21.491159633802663,2.4876666666666662,-0.0023333333333339645,125.79254868235499,True,0.8278700187944196,0.9440658257244365,-0.13041812199134095,pyin_probability_below_0.5,1.2287978377234399,False,1.6000000000000023,1.4000506325940654
2.5,2.457333333333333,2.542666666666667,False,124.12940850835416,True,0.020317628556360587,1.0000000000000009,0.08588623889855661,-21.32152830641996,2.4976666666666665,-0.0023333333333335204,123.09070287010093,True,0.8421588616434886,1.0387056382532336,0.14547790140679773,pyin_probability_below_0.5,0.8529018143252983,False,1.5000000000000004,1.0241546091959255
2.51,2.4673333333333334,2.5526666666666666,False,122.70366064862014,True,0.011422334250709074,0.8000000000000002,0.08663599033238048,-21.246033116763172,2.5076666666666663,-0.0023333333333335204,124.27545131079937,True,0.7838141623774328,1.5717906621792253,-0.22035663082673662,pyin_probability_below_0.5,1.0187363465588302,False,1.2999999999999994,1.1899891414294594
2.52,2.477333333333333,2.562666666666667,False,121.9969395672486,True,0.010824463728234165,0.699999999999998,0.08560139169141934,-21.350383491739468,2.5176666666666665,-0.0023333333333335204,122.71803633423984,True,0.7055753005327344,0.7210967669912378,-0.10202815617020919,pyin_probability_below_0.5,0.8004078719023061,False,1.1999999999999993,0.9716606667729344
2.53,2.4873333333333334,2.5726666666666667,False,121.29428889978496,True,0.010037765502929686,0.6000000000000013,0.0817171307234996,-21.753737817010066,2.5276666666666663,-0.0023333333333335204,118.41844451779666,True,0.7273648990177539,2.8758443819883013,0.4154137768429142,pyin_probability_below_0.5,0.1829659388891838,False,1.099999999999998,0.35421873375981094
2.54,2.497333333333333,2.582666666666667,False,120.59568520237023,True,0.01000032860450166,0.5000000000000008,0.080797433907673,-21.852048640308908,2.5376666666666665,-0.0023333333333335204,115.08927231959596,True,0.5843863187639567,5.506412882774271,0.8090991169449053,pyin_probability_below_0.5,-0.31071940121280583,False,1.0000000000000009,-0.13946660634217878
2.55,2.5073333333333334,2.5926666666666667,False,117.16256013940793,True,0.010000005216229449,0.0,0.07997937881735641,-21.940439465225737,2.5476666666666663,-0.0023333333333335204,112.97770919009406,True,0.7216192604366208,4.184850949313869,0.6296816423907274,pyin_probability_below_0.5,-0.6313019266586307,False,0.5000000000000008,-0.4600491317880039
2.56,2.517333333333333,2.6026666666666665,False,110.58673092361124,True,0.010000516719604526,-0.9999999999999994,0.07653607640070773,-22.322676110377383,2.5576666666666665,-0.0023333333333335204,112.93936680420524,True,0.5156432769219773,2.3526358805939935,-0.3644418965831719,pyin_probability_below_0.5,-0.6371783876847295,False,-0.5000000000000001,-0.46592559281410195
2.57,2.5273333333333334,2.6126666666666667,False,111.2273533387383,True,0.010073751764282884,-0.8999999999999986,0.07404581903415036,-22.609989174093784,2.5676666666666663,-0.0023333333333335204,109.0598096039523,True,0.8009373488339616,2.167543734785994,0.3407049759743672,pyin_probability_below_0.5,-1.2423252602422692,False,-0.3999999999999969,-1.0710724653716421
2.58,2.537333333333333,2.6226666666666665,False,110.58673092361124,True,0.011853505394683413,-0.9999999999999994,0.07203684922231271,-22.84890581579743,2.5776666666666666,-0.0023333333333335204,109.41953584368211,True,0.8762514607433711,1.1671950799291295,0.18369538762569543,pyin_probability_below_0.5,-1.1853156718935967,False,-0.5000000000000001,-1.0140628770229703
2.59,2.5473333333333334,2.6326666666666667,False,110.58673092361124,True,0.011422334250709073,-0.9999999999999994,0.06991639408802079,-23.108419567443818,2.5876666666666663,-0.0023333333333335204,109.8732976357155,True,0.8986255558796323,0.7134332878957395,0.11204972796257195,pyin_probability_below_0.5,-1.113670012230473,False,-0.5000000000000001,-0.9424172173598457
2.6,2.5573333333333332,2.6426666666666665,False,109.9497982220883,True,0.013100262550513393,-1.0999999999999999,0.0679707661017581,-23.353556701925196,2.597666666666666,-0.0023333333333339645,111.15642060478962,True,0.7832696868670426,1.2066223827013118,-0.18895592369962555,pyin_probability_below_0.5,-0.9126643605682774,False,-0.5999999999999991,-0.7414115656976503
2.61,2.5673333333333335,2.6526666666666667,False,110.58673092361124,True,0.010824463728234167,-0.9999999999999994,0.06688568860915578,-23.49333594747408,2.6076666666666664,-0.0023333333333335204,111.97644776766117,True,0.8861186284528312,1.3897168440499286,-0.21620435171232716,pyin_probability_below_0.5,-0.7854159325555736,False,-0.5000000000000001,-0.6141631376849478
2.62,2.5773333333333333,2.6626666666666665,False,111.87168684176291,True,0.010140046044704068,-0.7999999999999988,0.06483320273134233,-23.764050478263442,2.617666666666666,-0.0023333333333339645,112.43897757545459,True,0.806362444846941,0.5672907336916779,-0.08756740392407239,pyin_probability_below_0.5,-0.71405288034383,False,-0.30000000000000004,-0.5428000854732039
2.63,2.5873333333333335,2.6726666666666667,False,113.82716948276507,True,0.010006178555334078,-0.5000000000000001,0.068194508844189,-23.325011883609115,2.6276666666666664,-0.0023333333333335204,114.46526231824222,True,0.7243413136751534,0.6380928354771527,-0.09677858449346347,pyin_probability_below_0.5,-0.40484169977443873,False,0.0,-0.23358890490381187
2.64,2.5973333333333333,2.6826666666666665,False,120.59568520237023,True,0.010824463728234169,0.5000000000000008,0.0715212513237483,-22.91129791605347,2.637666666666666,-0.0023333333333339645,117.17352604762173,True,0.8207937500425588,3.422159154748499,0.4983797157320974,pyin_probability_below_0.5,0.0,False,1.0000000000000009,0.1712527948706266
2.65,2.6073333333333335,2.6926666666666668,False,121.29428889978496,True,0.013100262550513395,0.6000000000000013,0.0744894592831112,-22.558103564915086,2.6476666666666664,-0.0023333333333335204,118.60414858060042,True,0.8604445987545484,2.690140319184536,0.3882857922776357,pyin_probability_below_0.5,0.21009392345446226,False,1.099999999999998,0.38134671832509026
2.66,2.6173333333333333,2.7026666666666666,False,121.9969395672486,True,0.026168028608935755,0.699999999999998,0.07978129633102965,-21.961978226194432,2.657666666666666,-0.0023333333333339645,120.43661757824827,True,0.936713784961922,1.5603219890003288,0.22285032535357024,pyin_probability_below_0.5,0.4755293903785273,False,1.1999999999999993,0.6467821852491544
2.67,2.6273333333333335,2.712666666666667,False,124.12940850835416,True,0.026168028608935755,1.0000000000000009,0.08688804935626508,-21.22079905227818,2.6676666666666664,-0.0023333333333335204,121.1741705977932,True,0.9417009092005799,2.955237910560953,0.41715298655891153,pyin_probability_below_0.5,0.5812267291731879,False,1.5000000000000004,0.7524795240438141
2.68,2.6373333333333333,2.7226666666666666,False,125.57172276022992,True,0.030106861794195007,1.1999999999999993,0.09292307306523398,-20.637528721042408,2.677666666666666,-0.0023333333333339645,123.33237598305244,True,0.9119893865513029,2.2393467771774738,0.3115206228943786,pyin_probability_below_0.5,0.8868590928377197,False,1.6999999999999993,1.0581118877083475
2.69,2.6473333333333335,2.732666666666667,False,127.03079589645196,True,0.026168028608935755,1.4000000000000004,0.09725335866774015,-20.24190782561252,2.6876666666666664,-0.0023333333333335204,125.6482270021574,True,0.961912093468395,1.3825688942945646,0.18945571378845477,pyin_probability_below_0.5,1.2089240019436402,False,1.9000000000000006,1.3801767968142697
2.7,2.6573333333333333,2.7426666666666666,False,128.5068226458765,True,0.03010686179419501,1.599999999999999,0.1024061709873253,-19.793477440447397,2.697666666666666,-0.0023333333333339645,126.97982980105213,True,0.9430431522651255,1.5269928448243633,0.20694728739366236,pyin_probability_below_0.5,1.3914324283384323,False,2.100000000000002,1.5626852232090584
2.71,2.667333333333333,2.752666666666667,False,130.0,True,0.056071395445892624,1.800000000000001,0.10036885496479693,-19.96802060743083,2.7076666666666664,-0.0023333333333335204,129.68935364291687,True,0.948312235360308,0.3106463570831295,0.04141885676706031,pyin_probability_below_0.5,1.7569608589650354,False,2.3000000000000003,1.9282136538356636
2.72,2.6773333333333333,2.7626666666666666,False,131.51052723924994,True,0.047686993082531035,2.000000000000004,0.10074405875620122,-19.93561112715727,2.7176666666666662,-0.0023333333333339645,131.9341788444975,True,0.9663939150754023,0.4236516052475565,-0.055680808856674244,pyin_probability_below_0.5,2.0540605245887744,False,2.500000000000002,2.225313319459402
2.73,2.687333333333333,2.772666666666667,False,133.03860595958074,True,0.05607139544589263,2.1999999999999993,0.10020163258943231,-19.98250404865579,2.7276666666666665,-0.0023333333333335204,134.1350985372732,True,0.9550846847741452,1.0964925776924588,-0.14210200412125415,pyin_probability_below_0.5,2.3404817198533507,False,2.7,2.511734514723978
2.74,2.6973333333333334,2.7826666666666666,False,134.5844400993791,True,0.10857977072874499,2.4000000000000012,0.09757080971388331,-20.21360181804205,2.7376666666666662,-0.0023333333333339645,136.37473466908418,True,0.9098196474175201,1.7902945697050825,-0.22877719665547974,pyin_probability_below_0.5,2.6271569123875813,False,2.9000000000000035,2.798409707258208
2.75,2.707333333333333,2.792666666666667,False,136.93693467412865,True,0.20650679911775227,2.7,0.09810632464255174,-20.16605987914508,2.7476666666666665,-0.0023333333333335204,139.74896607671573,True,0.9116647819055094,2.812031402587081,-0.35191183406911614,pyin_probability_below_0.5,3.0502915498012118,False,3.2,3.2215443446718375
2.76,2.7173333333333334,2.8026666666666666,False,137.7302022667084,True,0.37213589829750865,2.8000000000000034,0.09363917500183275,-20.570848425294244,2.7576666666666663,-0.0023333333333335204,139.78911633845138,True,0.9029851719082376,2.0589140717429757,-0.25688500266733116,pyin_probability_below_0.5,3.055264718399431,False,3.3000000000000034,3.2265175132700565
2.77,2.727333333333333,2.812666666666667,False,139.33055012971812,True,0.4260623290432815,3.0000000000000027,0.08555384604015158,-21.355209242861992,2.7676666666666665,-0.0023333333333335204,140.07321081343792,True,0.9309988612224338,0.7426606837198051,-0.09203329877381246,pyin_probability_below_0.5,3.09041301450591,False,3.500000000000001,3.261665809376539
2.78,2.7373333333333334,2.8226666666666667,False,140.13768379557115,True,0.4849868077159113,3.0999999999999988,0.07678782100588005,-22.294153122644165,2.7776666666666663,-0.0023333333333335204,140.65746465639202,True,0.9589187976608143,0.5197808608208732,-0.0640939387369994,pyin_probability_below_0.5,3.1624736544690943,False,3.599999999999997,3.3337264493397236
2.79,2.747333333333333,2.832666666666667,False,140.13768379557115,True,0.5485250542599847,3.0999999999999988,0.07202670230112761,-22.850129373550846,2.7876666666666665,-0.0023333333333335204,140.26361063415843,True,0.9229763930703979,0.12592683858727582,-0.015549774529640712,,3.1139294902617367,True,3.599999999999997,3.285182285132365
2.8,2.7573333333333334,2.8426666666666667,False,140.13768379557115,True,0.5485250542599847,3.0999999999999988,0.0662873807579901,-23.571382822191282,2.7976666666666663,-0.0023333333333335204,141.20552298079235,True,0.8285566183860604,1.067839185221203,-0.13141873620532746,,3.229798451937422,True,3.599999999999997,3.4010512468080516
2.81,2.767333333333333,2.8526666666666665,False,140.9494931391844,True,0.48498680771591124,3.2,0.05980773232182331,-24.464853280896563,2.8076666666666665,-0.0023333333333335204,141.2265108253497,True,0.7905605275876812,0.2770176861652942,-0.033991735499449414,pyin_probability_below_0.5,3.232371451231549,False,3.7000000000000015,3.4036242461021757
2.82,2.7773333333333334,2.8626666666666667,False,140.13768379557115,True,0.32333605839064083,3.0999999999999988,0.04958357193860517,-26.093243808181743,2.8176666666666663,-0.0023333333333335204,138.21955167540597,True,0.8753608678262794,1.9181321201651826,0.23859902144028228,pyin_probability_below_0.5,2.859780694291813,False,3.599999999999997,3.0310334891624398
2.83,2.787333333333333,2.8726666666666665,False,140.9494931391844,True,0.07797523762294818,3.2,0.03757920838941189,-28.501047452102743,2.8276666666666666,-0.0023333333333335204,136.64963890673744,True,0.8685974209736048,4.299854232446961,0.5363597080788265,pyin_probability_below_0.5,2.662020007653269,False,3.7000000000000015,2.8332728025238962
2.84,2.7973333333333334,2.8826666666666667,False,137.7302022667084,True,0.03010686179419501,2.8000000000000034,0.024982281464366082,-32.047358058916885,2.8376666666666663,-0.0023333333333335204,137.81795661807777,True,0.6400015059753109,0.08775435136936949,-0.011026989024027288,pyin_probability_below_0.5,2.8094067047561255,False,3.3000000000000034,2.980659499626753
2.85,2.8073333333333332,2.8926666666666665,False,137.7302022667084,True,0.010824463725475714,2.8000000000000034,0.023521997150800538,-32.57051613937578,2.847666666666666,-0.0023333333333339645,137.18804035379694,True,0.5224833849514884,0.5421619129114674,0.06828287359777914,pyin_probability_below_0.5,2.7300968421343232,False,3.3000000000000034,2.901349637004949
2.86,2.8173333333333335,2.9026666666666667,False,137.7302022667084,True,0.010000009287486629,2.8000000000000034,0.02469878366836102,-32.14648867498963,2.8576666666666664,-0.0023333333333335204,137.06360020342956,True,0.7111188885178359,0.6666020632788445,0.08399363031260818,pyin_probability_below_0.5,2.7143860854194917,False,3.3000000000000034,2.8856388802901196
2.87,2.8273333333333333,2.9126666666666665,False,140.9494931391844,True,0.010000000001606033,3.2,0.02738325222650775,-31.250299465787677,2.867666666666666,-0.0023333333333339645,137.7215230124123,True,0.7401722446384816,3.2279701267721066,0.4010909948411231,pyin_probability_below_0.5,2.7972887208909745,False,3.7000000000000015,2.9685415157616015
2.88,2.8373333333333335,2.9226666666666667,False,140.9494931391844,True,0.01000000000061386,3.2,0.02891584938753776,-30.777280920119573,2.8776666666666664,-0.0023333333333335204,,False,0.0,,,pyin_probability_below_0.5|voicing_disagreement,,False,3.7000000000000015,
2.89,2.8473333333333333,2.9326666666666665,False,140.9494931391844,True,0.01000000000061386,3.2,0.029998103696692143,-30.45812395900154,2.887666666666666,-0.0023333333333339645,,False,0.0,,,pyin_probability_below_0.5|voicing_disagreement,,False,3.7000000000000015,
2.9,2.8573333333333335,2.9426666666666668,False,,False,0.010000000000000439,,0.02947891907741539,-30.609768901551693,2.8976666666666664,-0.0023333333333335204,,False,0.0,,,,,False,,
2.91,2.8673333333333333,2.9526666666666666,False,120.59568520237023,True,0.01000000000000011,0.5000000000000008,0.02953646046757157,-30.59283100072814,2.907666666666666,-0.0023333333333339645,,False,0.0,,,pyin_probability_below_0.5|voicing_disagreement,,False,1.0000000000000009,
2.92,2.8773333333333335,2.962666666666667,False,117.84127594565435,True,0.010000000000001869,0.10000000000000017,0.030006202389367752,-30.45577931556481,2.9176666666666664,-0.0023333333333335204,,False,0.0,,,pyin_probability_below_0.5|voicing_disagreement,,False,0.5999999999999976,
2.93,2.8873333333333333,2.9726666666666666,False,117.84127594565435,True,0.01000000000061386,0.10000000000000017,0.03114199939449564,-30.1330701615483,2.927666666666666,-0.0023333333333339645,,False,0.0,,,pyin_probability_below_0.5|voicing_disagreement,,False,0.5999999999999976,
2.94,2.8973333333333335,2.982666666666667,False,110.58673092361124,True,0.010000000417925075,-0.9999999999999994,0.03052282878290288,-30.307504389523295,2.9376666666666664,-0.0023333333333335204,,False,0.0,,,pyin_probability_below_0.5|voicing_disagreement,,False,-0.5000000000000001,
2.95,2.9073333333333333,2.9926666666666666,False,106.2045044606715,True,0.010001821352762456,-1.699999999999997,0.029432581143466564,-30.62343299979503,2.947666666666666,-0.0023333333333339645,,False,0.0,,,pyin_probability_below_0.5|voicing_disagreement,,False,-1.199999999999998,
2.96,2.917333333333333,3.002666666666667,False,106.2045044606715,True,0.010622609040911531,-1.699999999999997,0.03015638683965131,-30.412413885755214,2.9576666666666664,-0.0023333333333335204,,False,0.0,,,pyin_probability_below_0.5|voicing_disagreement,,False,-1.199999999999998,
2.97,2.9273333333333333,3.0126666666666666,False,104.37997464223893,True,0.02031762855636058,-2.0000000000000004,0.031537643711809435,-30.023415149239344,2.9676666666666662,-0.0023333333333339645,106.77549585026108,True,0.6722561344533937,2.3955212080221457,-0.3928276929567799,pyin_probability_below_0.5,-1.608792591311123,False,-1.5000000000000004,-1.437539796440497
2.98,2.937333333333333,3.022666666666667,False,104.37997464223893,True,0.05607139544589262,-2.0000000000000004,0.03246539389668481,-29.771586470875246,2.9776666666666665,-0.0023333333333335204,104.32827933761506,True,0.9487627686727118,0.05169530462387684,0.008576246666376082,pyin_probability_below_0.5,-2.0101965309342784,False,-1.5000000000000004,-1.8389437360636518
2.99,2.9473333333333334,3.0326666666666666,False,102.5867891540234,True,0.06608151270920701,-2.3,0.03345186812543513,-29.511592479350067,2.9876666666666662,-0.0023333333333339645,104.19875936500168,True,0.9485956998282017,1.6119702109782708,-0.2699177254484577,pyin_probability_below_0.5,-2.0317025588194446,False,-1.799999999999999,-1.8604497639488173
3.0,2.957333333333333,3.042666666666667,False,102.5867891540234,True,0.09203757081218102,-2.3,0.03398236774935814,-29.374927291766717,2.9976666666666665,-0.0023333333333335204,102.79898491093323,True,0.9263454968574768,0.2121957569098214,-0.03577274539201453,pyin_probability_below_0.5,-2.2658475388758865,False,-1.799999999999999,-2.0945947440052595
3.01,2.9673333333333334,3.0526666666666666,False,102.5867891540234,True,0.09203757081218099,-2.3,0.033066317892239724,-29.61228326720154,3.0076666666666663,-0.0023333333333335204,101.88204764971329,True,0.9065102654257484,0.7047415043101211,0.11934115129950071,pyin_probability_below_0.5,-2.420961435567403,False,-1.799999999999999,-2.249708640696776
3.02,2.977333333333333,3.062666666666667,False,102.5867891540234,True,0.03489742801962527,-2.3,0.03162865232199806,-29.998386254375305,3.0176666666666665,-0.0023333333333335204,98.63773398151744,True,0.8314845768552241,3.9490551725059646,0.6796007350593932,pyin_probability_below_0.5,-2.981221019327295,False,-1.799999999999999,-2.809968224456668
3.03,2.9873333333333334,3.0726666666666667,False,102.5867891540234,True,0.013980210380185928,-2.3,0.029794654695218727,-30.517232869210858,3.0276666666666663,-0.0023333333333335204,98.23011349612139,True,0.6871119858746636,4.3566756579020165,0.751292225661402,pyin_probability_below_0.5,-3.052912509929305,False,-1.799999999999999,-2.88165971505868
3.04,2.997333333333333,3.082666666666667,False,99.09230651162453,True,0.010073751764282882,-2.8999999999999995,0.027376939855496264,-31.25230196271541,3.0376666666666665,-0.0023333333333335204,,False,0.0,,,pyin_probability_below_0.5|voicing_disagreement,,False,-2.4000000000000004,
3.05,3.0073333333333334,3.0926666666666667,False,96.27134089862668,True,0.010000206339031342,-3.3999999999999986,0.024870611953570092,-32.08627057140951,3.0476666666666663,-0.0023333333333335204,,False,0.0,,,pyin_probability_below_0.5|voicing_disagreement,,False,-2.8999999999999995,
3.06,3.017333333333333,3.1026666666666665,False,93.53068270070331,True,0.010000000047726025,-3.8999999999999986,0.022771770195788375,-32.852064151526164,3.0576666666666665,-0.0023333333333335204,,False,0.0,,,pyin_probability_below_0.5|voicing_disagreement,,False,-3.3999999999999986,
3.07,3.0273333333333334,3.1126666666666667,False,,False,0.01000000000002385,,0.022403766943231183,-32.99357907517673,3.0676666666666663,-0.0023333333333335204,,False,0.0,,,,,False,,
3.08,3.037333333333333,3.1226666666666665,False,,False,0.010000000000221913,,0.02343795989421682,-32.60160386437866,3.0776666666666666,-0.0023333333333335204,,False,0.0,,,,,False,,
3.09,3.0473333333333334,3.1326666666666667,False,,False,0.010000000000221911,,0.023830990121611984,-32.45715826728024,3.0876666666666663,-0.0023333333333335204,,False,0.0,,,,,False,,
3.1,3.0573333333333332,3.1426666666666665,False,,False,0.01000000000061386,,0.023730939782030093,-32.49370125413765,3.0976666666666666,-0.0023333333333335204,,False,0.0,,,,,False,,
3.11,3.0673333333333335,3.1526666666666667,False,,False,0.010000000000221911,,0.02328965921745831,-32.656737323389834,3.1076666666666664,-0.0023333333333335204,,False,0.0,,,,,False,,
3.12,3.0773333333333333,3.1626666666666665,False,,False,0.010000000000221911,,0.02240007638620045,-32.99501001363033,3.117666666666666,-0.0023333333333339645,,False,0.0,,,,,False,,
3.13,3.0873333333333335,3.1726666666666667,False,,False,0.010000000000613858,,0.021013573133007613,-33.550001883810474,3.1276666666666664,-0.0023333333333335204,,False,0.0,,,,,False,,
3.14,3.0973333333333333,3.1826666666666665,False,,False,0.010000000000001867,,0.024439534095757595,-32.23814155088935,3.137666666666666,-0.0023333333333339645,,False,0.0,,,,,False,,
3.15,3.1073333333333335,3.1926666666666668,False,,False,0.010006178555334078,,0.041211772188411475,-27.6995741908965,3.1476666666666664,-0.0023333333333335204,,False,0.0,,,,,False,,
3.16,3.1173333333333333,3.2026666666666666,False,,False,0.010140046044704068,,0.049666231940279915,-26.078775753032538,3.157666666666666,-0.0023333333333339645,,False,0.0,,,,,False,,
3.17,3.1273333333333335,3.212666666666667,False,,False,0.010013068846238975,,0.055931294131506396,-25.046902638047982,3.1676666666666664,-0.0023333333333335204,,False,0.0,,,,,False,,
3.18,3.1373333333333333,3.2226666666666666,False,,False,0.01002672467381077,,0.06218056499885954,-24.126906721838466,3.177666666666666,-0.0023333333333339645,,False,0.0,,,,,False,,
3.19,3.1473333333333335,3.232666666666667,False,,False,0.01001876450976914,,0.0669632455244963,-23.483270108891674,3.1876666666666664,-0.0023333333333335204,,False,0.0,,,,,False,,
3.2,3.1573333333333333,3.2426666666666666,False,110.58673092361124,True,0.010006178555334077,-0.9999999999999994,0.071328183709309,-22.934776693024595,3.197666666666666,-0.0023333333333339645,,False,0.0,,,pyin_probability_below_0.5|voicing_disagreement,,False,-0.5000000000000001,
3.21,3.167333333333333,3.252666666666667,False,110.58673092361124,True,0.010026724673810768,-0.9999999999999994,0.07346052721037068,-22.678919182832967,3.2076666666666664,-0.0023333333333335204,113.74227784430836,True,0.7263471394596491,3.1555469206971196,-0.48708374050025893,pyin_probability_below_0.5,-0.5145365437676437,False,-0.5000000000000001,-0.3432837488970174
3.22,3.1773333333333333,3.2626666666666666,False,109.9497982220883,True,0.010191075496968311,-1.0999999999999999,0.07568922354780494,-22.419318998342426,3.2176666666666662,-0.0023333333333339645,111.50670061786396,True,0.8613949774413997,1.5569023957756514,-0.24342540048223527,pyin_probability_below_0.5,-0.8581948837856674,False,-0.5999999999999991,-0.6869420889150398
3.23,3.187333333333333,3.272666666666667,False,110.58673092361124,True,0.026168028608935755,-0.9999999999999994,0.07150522058026958,-22.913244985954616,3.2276666666666665,-0.0023333333333335204,111.51606520231547,True,0.9148555213511839,0.929334278704232,-0.14487926887165528,pyin_probability_below_0.5,-0.8567410153962471,False,-0.5000000000000001,-0.6854882205256201
3.24,3.1973333333333334,3.2826666666666666,False,111.87168684176291,True,0.1279370863012904,-0.7999999999999988,0.06488048562442242,-23.75771816261568,3.2376666666666662,-0.0023333333333339645,111.14996857519733,True,0.9436017342318173,0.7217182665655741,0.11204899328545018,pyin_probability_below_0.5,-0.913669277553353,False,-0.30000000000000004,-0.7424164826827253
3.25,3.207333333333333,3.292666666666667,False,110.58673092361124,True,0.2796051653363588,-0.9999999999999994,0.05852023030149322,-24.653879468271903,3.2476666666666665,-0.0023333333333335204,110.31875633106507,True,0.9428683533530303,0.2679745925461674,0.042002303539834536,pyin_probability_below_0.5,-1.0436225878077376,False,-0.5000000000000001,-0.872369792937111
3.26,3.2173333333333334,3.3026666666666666,False,109.9497982220883,True,0.20650679911775224,-1.0999999999999999,0.05205471854998542,-25.670797946569085,3.2576666666666663,-0.0023333333333335204,108.0170042861798,True,0.8805692746885917,1.9327939359085065,0.30703816723514865,pyin_probability_below_0.5,-1.4086584515030536,False,-0.5999999999999991,-1.2374056566324252
3.27,3.227333333333333,3.312666666666667,False,108.68691707750624,True,0.10857977072874495,-1.2999999999999985,0.047229829305128854,-26.51567248036716,3.2676666666666665,-0.0023333333333335204,108.28347102020689,True,0.9013821538998401,0.4034460572993481,0.06438301212187704,pyin_probability_below_0.5,-1.3660032963897781,False,-0.7999999999999968,-1.1947505015191513
3.28,3.2373333333333334,3.3226666666666667,False,106.81974089615274,True,0.0229442191246386,-1.6,0.042913376336542665,-27.348146294457578,3.2776666666666663,-0.0023333333333335204,106.45464107292865,True,0.8696390058071589,0.3650998232240852,0.05927330388912702,pyin_probability_below_0.5,-1.6608935881570304,False,-1.0999999999999999,-1.4896407932864049
3.29,3.247333333333333,3.332666666666667,False,104.37997464223893,True,0.01646758759311301,-2.0000000000000004,0.039169061465249067,-28.141136690230656,3.2876666666666665,-0.0023333333333335204,104.04586432733602,True,0.9192951254565385,0.3341103149029152,0.055504024991924236,pyin_probability_below_0.5,-2.0571243092598284,False,-1.5000000000000004,-1.8858715143892022
3.3,3.2573333333333334,3.3426666666666667,False,102.5867891540234,True,0.010824463728234167,-2.3,0.03648149573119564,-28.758547280508374,3.2976666666666663,-0.0023333333333335204,102.8978586051705,True,0.7771526278126809,0.31106945114709106,-0.052416026472836025,pyin_probability_below_0.5,-2.249204257795066,False,-1.799999999999999,-2.0779514629244398
3.31,3.267333333333333,3.3526666666666665,False,99.66634240352404,True,0.012403124793551348,-2.8,0.033056454201620816,-29.614874656705105,3.3076666666666665,-0.0023333333333335204,96.85267521415133,True,0.899644800934079,2.8136671893727083,0.4957738326941354,pyin_probability_below_0.5,-3.297394116962038,False,-2.3,-3.1261413220914114
3.32,3.2773333333333334,3.3626666666666667,False,98.52157682317586,True,0.03010686179419501,-3.000000000000001,0.031820417482805965,-29.94588253446158,3.3176666666666663,-0.0023333333333335204,96.49357361674736,True,0.8216476035613414,2.028003206428508,0.36008225668589666,pyin_probability_below_0.5,-3.3617025409538,False,-2.5000000000000013,-3.1904497460831722
3.33,3.287333333333333,3.3726666666666665,False,96.82903510297565,True,0.047686993082531035,-3.299999999999999,0.03118511035170043,-30.121054296294332,3.3276666666666666,-0.0023333333333335204,94.57232456896028,True,0.8198596071581775,2.256710534015369,0.40825991791698857,pyin_probability_below_0.5,-3.709880202184891,False,-2.8,-3.538627407314266
3.34,3.2973333333333334,3.3826666666666667,False,95.71685877653417,True,0.17653060863289757,-3.4999999999999982,0.030074454992627488,-30.436044683479153,3.3376666666666663,-0.0023333333333335204,94.78894617682519,True,0.8938739622315255,0.927912599708975,0.16865067095611547,pyin_probability_below_0.5,-3.6702709552240167,False,-2.9999999999999987,-3.49901816035339
3.35,3.3073333333333332,3.3926666666666665,False,95.71685877653417,True,0.12793708630129036,-3.4999999999999982,0.0282946034329952,-30.965927772031144,3.3476666666666666,-0.0023333333333335204,96.46356950890521,True,0.9193299419529029,0.7467107323710422,-0.13453373599668178,pyin_probability_below_0.5,-3.367086548271221,False,-2.9999999999999987,-3.195833753400592
3.36,3.3173333333333335,3.4026666666666667,False,94.61745688474217,True,0.07797523762294818,-3.700000000000001,0.027091028643589293,-31.343490090733212,3.3576666666666664,-0.0023333333333335204,96.10402157798556,True,0.9707178503595243,1.4865646932433947,-0.26988502329262176,pyin_probability_below_0.5,-3.4317352609752847,False,-3.2000000000000006,-3.2604824661046563
3.37,3.3273333333333333,3.4126666666666665,False,94.61745688474217,True,0.06608151270920701,-3.700000000000001,0.023212993579006993,-32.68537697458756,3.367666666666666,-0.0023333333333339645,95.63863399245587,True,0.8533129351474349,1.0211771077136973,-0.18584567233881827,pyin_probability_below_0.5,-3.5157746119290856,False,-3.2000000000000006,-3.3445218170584576
3.38,3.3373333333333335,3.4226666666666667,False,94.61745688474217,True,0.026168028608935755,-3.700000000000001,0.02201528898094508,-33.145512189093765,3.3776666666666664,-0.0023333333333335204,92.37290397803281,True,0.8411118893918067,2.244552906709359,0.41563993427544654,pyin_probability_below_0.5,-4.117260218543352,False,-3.2000000000000006,-3.9460074236727256
3.39,3.3473333333333333,3.4326666666666665,False,93.53068270070331,True,0.0229442191246386,-3.8999999999999986,0.01999019834164669,-33.983657936291635,3.387666666666666,-0.0023333333333339645,90.21406463437629,True,0.7385585554107994,3.316618066327024,0.6250481614055171,pyin_probability_below_0.5,-4.526668445673419,False,-3.3999999999999986,-4.355415650802792
3.4,3.3573333333333335,3.4426666666666668,False,92.9919856082918,True,0.01646758759311301,-3.999999999999999,0.01846993874909953,-34.67069089571298,3.3976666666666664,-0.0023333333333335204,89.37798113280904,True,0.5552333618721799,3.6140044754827585,0.6862431271158878,pyin_probability_below_0.5,-4.687863411383789,False,-3.4999999999999982,-4.516610616513162
3.41,3.3673333333333333,3.4526666666666666,False,91.92388155425118,True,0.0229442191246386,-4.199999999999999,0.016894573407367334,-35.445055396118946,3.407666666666666,-0.0023333333333339645,,False,0.0,,,pyin_probability_below_0.5|voicing_disagreement,,False,-3.6999999999999984,
3.42,3.3773333333333335,3.462666666666667,False,91.39443895545271,True,0.010824463728234167,-4.300000000000001,0.01427968201031484,-36.90562927234986,3.4176666666666664,-0.0023333333333335204,,False,0.0,,,pyin_probability_below_0.5|voicing_disagreement,,False,-3.8,
3.43,3.3873333333333333,3.4726666666666666,False,92.9919856082918,True,0.010101974593744989,-3.999999999999999,0.011136506124902492,-39.0650207948689,3.427666666666666,-0.0023333333333339645,,False,0.0,,,pyin_probability_below_0.5|voicing_disagreement,,False,-3.4999999999999982,
3.44,3.3973333333333335,3.482666666666667,False,93.53068270070331,True,0.010140046044704068,-3.8999999999999986,0.007874243983555072,-42.07582265433964,3.4376666666666664,-0.0023333333333335204,,False,0.0,,,pyin_probability_below_0.5|voicing_disagreement,,False,-3.3999999999999986,
3.45,3.4073333333333333,3.4926666666666666,False,93.53068270070331,True,0.012403124793551348,-3.8999999999999986,0.007444769065259028,-42.562975388025784,3.447666666666666,-0.0023333333333339645,,False,0.0,,,pyin_probability_below_0.5|voicing_disagreement,,False,-3.3999999999999986,
3.46,3.417333333333333,3.502666666666667,False,92.9919856082918,True,0.011853505394683415,-3.999999999999999,0.0053050466979078816,-45.50621577698911,3.4576666666666664,-0.0023333333333335204,,False,0.0,,,pyin_probability_below_0.5|voicing_disagreement,,False,-3.4999999999999982,
3.47,3.4273333333333333,3.5126666666666666,False,93.53068270070331,True,0.020317628556360587,-3.8999999999999986,0.0037533760991593106,-48.51155831682333,3.4676666666666662,-0.0023333333333339645,,False,0.0,,,pyin_probability_below_0.5|voicing_disagreement,,False,-3.3999999999999986,
3.48,3.437333333333333,3.522666666666667,False,93.53068270070331,True,0.01646758759311301,-3.8999999999999986,0.0029002510348252685,-50.7512881915317,3.4776666666666665,-0.0023333333333335204,,False,0.0,,,pyin_probability_below_0.5|voicing_disagreement,,False,-3.3999999999999986,
3.49,3.4473333333333334,3.5326666666666666,False,,False,0.010000000003996623,,0.008143329343380412,-41.783960010712384,3.4876666666666662,-0.0023333333333339645,,False,0.0,,,,,False,,
3.5,3.457333333333333,3.542666666666667,False,,False,0.010000000101429396,,0.019978118414430097,-33.988908340929605,3.4976666666666665,-0.0023333333333335204,,False,0.0,,,,,False,,
3.51,3.4673333333333334,3.5526666666666666,False,,False,0.010000000208892744,,0.02580690846025778,-31.76528037333661,3.5076666666666663,-0.0023333333333335204,,False,0.0,,,,,False,,
3.52,3.477333333333333,3.562666666666667,False,,False,0.0100000000000754,,0.03005643651425013,-30.44125021146631,3.5176666666666665,-0.0023333333333335204,,False,0.0,,,,,False,,
3.53,3.4873333333333334,3.5726666666666667,False,95.71685877653417,True,0.010000000009505967,-3.4999999999999982,0.03290868417552447,-29.65378964474352,3.5276666666666663,-0.0023333333333335204,,False,0.0,,,pyin_probability_below_0.5|voicing_disagreement,,False,-2.9999999999999987,
3.54,3.497333333333333,3.582666666666667,False,97.3899599969843,True,0.010000002871100368,-3.199999999999998,0.03547704961483814,-29.00105009319507,3.5376666666666665,-0.0023333333333335204,,False,0.0,,,pyin_probability_below_0.5|voicing_disagreement,,False,-2.699999999999999,
3.55,3.5073333333333334,3.5926666666666667,False,96.27134089862668,True,0.010000016226422836,-3.3999999999999986,0.03757704778111803,-28.501546859767597,3.5476666666666663,-0.0023333333333335204,,False,0.0,,,pyin_probability_below_0.5|voicing_disagreement,,False,-2.8999999999999995,
3.56,3.517333333333333,3.6026666666666665,False,96.82903510297565,True,0.010000078102280324,-3.299999999999999,0.0389630975071853,-28.186930493360776,3.5576666666666665,-0.0023333333333335204,100.55973557775165,True,0.5473483344339074,3.7307004747760004,-0.654493656595538,pyin_probability_below_0.5,-2.647126627672362,False,-2.8,-2.475873832801736
3.57,3.5273333333333334,3.6126666666666667,False,96.27134089862668,True,0.01001876450976914,-3.3999999999999986,0.04038881982447307,-27.874776737643714,3.5676666666666663,-0.0023333333333335204,97.09475445149523,True,0.7365491212179969,0.8234135528685584,-0.14744365532566003,pyin_probability_below_0.5,-3.2541766289422425,False,-2.8999999999999995,-3.082923834071616
3.58,3.537333333333333,3.6226666666666665,False,96.82903510297565,True,0.010259050559778863,-3.299999999999999,0.039062538201669175,-28.164790811764796,3.5776666666666666,-0.0023333333333335204,96.57837986283778,True,0.6726044675099957,0.2506552401378741,0.0448734738874007,pyin_probability_below_0.5,-3.3464937581553027,False,-2.8,-3.1752409632846765
3.59,3.5473333333333334,3.6326666666666667,False,97.3899599969843,True,0.013980210380185928,-3.199999999999998,0.03642552673912532,-28.77188318608518,3.5876666666666663,-0.0023333333333335204,94.65151644121144,True,0.5900269483533243,2.738443555772861,0.4937691779634028,pyin_probability_below_0.5,-3.6953894622313044,False,-2.699999999999999,-3.5241366673606773
3.6,3.5573333333333332,3.6426666666666665,False,96.82903510297565,True,0.04768699308253104,-3.299999999999999,0.03427985414274651,-29.299220692465177,3.5976666666666666,-0.0023333333333335204,97.95636160699249,True,0.7591015370811174,1.1273265040168354,-0.20039364883178779,pyin_probability_below_0.5,-3.101226635436114,False,-2.8,-2.929973840565487
3.61,3.5673333333333335,3.6526666666666667,False,96.82903510297565,True,0.04768699308253103,-3.299999999999999,0.03357456037251972,-29.479793306044975,3.6076666666666664,-0.0023333333333335204,96.48304290434395,True,0.9111129758778116,0.3459921986317056,0.06197172166051214,pyin_probability_below_0.5,-3.363592005928415,False,-2.8,-3.192339211057787
3.62,3.5773333333333333,3.6626666666666665,False,96.82903510297565,True,0.056071395445892624,-3.299999999999999,0.03262013600566441,-29.73028465108566,3.617666666666666,-0.0023333333333339645,96.70130593974909,True,0.9318884129582428,0.12772916322656158,0.022852138569356147,pyin_probability_below_0.5,-3.3244724228372577,False,-2.8,-3.153219627966631
3.63,3.5873333333333335,3.6726666666666667,False,97.3899599969843,True,0.20650679911775227,-3.199999999999998,0.031070315381651482,-30.153086767655083,3.6276666666666664,-0.0023333333333335204,97.68603831551312,True,0.929521136114759,0.2960783185288136,-0.05255195557162419,pyin_probability_below_0.5,-3.149068328696278,False,-2.699999999999999,-2.9778155338256496
3.64,3.5973333333333333,3.6826666666666665,False,97.3899599969843,True,0.20650679911775227,-3.199999999999998,0.028718587689960717,-30.836738428941743,3.637666666666666,-0.0023333333333339645,97.62113331591934,True,0.9654501572572495,0.2311733189350349,-0.0410453889208139,pyin_probability_below_0.5,-3.160574895347087,False,-2.699999999999999,-2.9893221004764605
3.65,3.6073333333333335,3.6926666666666668,False,97.3899599969843,True,0.12793708630129033,-3.199999999999998,0.02740861496828707,-31.24225819970105,3.6476666666666664,-0.0023333333333335204,97.90084853622079,True,0.873606206740235,0.5108885392364897,-0.09057975218825273,pyin_probability_below_0.5,-3.111040532079649,False,-2.699999999999999,-2.939787737209021
3.66,3.6173333333333333,3.7026666666666666,False,97.95413429584742,True,0.09203757081218103,-3.100000000000001,0.025881767589212484,-31.740121339025574,3.657666666666666,-0.0023333333333339645,98.55272214599971,True,0.8158911645681493,0.5985878501522848,-0.10547203202779412,pyin_probability_below_0.5,-2.9961482522401104,False,-2.6000000000000005,-2.8248954573694838
3.67,3.6273333333333335,3.712666666666667,False,97.95413429584742,True,0.06608151270920702,-3.100000000000001,0.02437413468258295,-32.261415868896215,3.6676666666666664,-0.0023333333333335204,96.24786820249008,True,0.615297474898291,1.7062660933573426,0.30422157676276984,pyin_probability_below_0.5,-3.405841861030674,False,-2.6000000000000005,-3.2345890661600487
3.68,3.6373333333333333,3.7226666666666666,False,97.95413429584742,True,0.04069733156888106,-3.100000000000001,0.02304434906424405,-32.74871109841303,3.677666666666666,-0.0023333333333339645,85.51060286400732,True,0.5810683362585528,12.4435314318401,2.352036805650561,pyin_probability_below_0.5|pitch_difference_over_1_semitone,-5.453657089918464,False,-2.6000000000000005,-5.2824042950478365
3.69,3.6473333333333335,3.732666666666667,False,97.95413429584742,True,0.013980210380185928,-3.100000000000001,0.021537602580465498,-33.33605282115199,3.6876666666666664,-0.0023333333333335204,98.55148425142903,True,0.6656872063389008,0.5973499555816062,-0.10525457495073606,pyin_probability_below_0.5,-2.996365709317167,False,-2.6000000000000005,-2.8251129144465406
3.7,3.6573333333333333,3.7426666666666666,False,95.71685877653417,True,0.010824463728234167,-3.4999999999999982,0.018481460650650573,-34.66527416074964,3.697666666666666,-0.0023333333333339645,93.7725738602206,True,0.7568526340878952,1.9442849163135634,0.3552842324233914,pyin_probability_below_0.5,-3.8569045166912925,False,-2.9999999999999987,-3.685651721820667
3.71,3.667333333333333,3.752666666666667,False,96.27134089862668,True,0.010349055133375844,-3.3999999999999986,0.01685989689915621,-35.462901709604466,3.7076666666666664,-0.0023333333333335204,96.86540809594686,True,0.791394654868461,0.5940671973201859,-0.1065020104447434,pyin_probability_below_0.5,-3.2951182738231584,False,-2.8999999999999995,-3.1238654789525317
3.72,3.6773333333333333,3.7626666666666666,False,98.52157682317586,True,0.010259050559778863,-3.000000000000001,0.015982391041664334,-35.92716495285488,3.7176666666666662,-0.0023333333333339645,94.52752231659763,True,0.658628136894459,3.9940545065782374,0.7164633287069833,pyin_probability_below_0.5,-3.71808361297489,False,-2.5000000000000013,-3.5468308181042634
3.73,3.687333333333333,3.772666666666667,False,96.82903510297565,True,0.01010197459374499,-3.299999999999999,0.015484873323450941,-36.20184686219978,3.7276666666666665,-0.0023333333333335204,,False,0.0,,,pyin_probability_below_0.5|voicing_disagreement,,False,-2.8,
3.74,3.6973333333333334,3.7826666666666666,False,100.82440951919276,True,0.01000419105279527,-2.599999999999998,0.015177194994696743,-36.37616972149842,3.7376666666666662,-0.0023333333333339645,,False,0.0,,,pyin_probability_below_0.5|voicing_disagreement,,False,-2.0999999999999996,
3.75,3.707333333333333,3.792666666666667,False,96.82903510297565,True,0.010000000208892744,-3.299999999999999,0.015827648501695747,-36.01167206105548,3.7476666666666665,-0.0023333333333335204,,False,0.0,,,pyin_probability_below_0.5|voicing_disagreement,,False,-2.8,
3.76,3.7173333333333334,3.8026666666666666,False,108.06092649856241,True,0.010000005216229449,-1.4000000000000004,0.019508975009657533,-34.19531095177487,3.7576666666666663,-0.0023333333333335204,,False,0.0,,,pyin_probability_below_0.5|voicing_disagreement,,False,-0.9000000000000006,
3.77,3.727333333333333,3.812666666666667,False,,False,0.010000000814014906,,0.03902570975812776,-28.172983794146084,3.7676666666666665,-0.0023333333333335204,,False,0.0,,,,,False,,
3.78,3.7373333333333334,3.8226666666666667,False,117.16256013940793,True,0.01000123296498612,0.0,0.05132709243777206,-25.79306673660291,3.7776666666666663,-0.0023333333333335204,,False,0.0,,,pyin_probability_below_0.5|voicing_disagreement,,False,0.5000000000000008,
3.79,3.747333333333333,3.832666666666667,False,124.12940850835416,True,0.010073751764282882,1.0000000000000009,0.06523931451906677,-23.709812216323385,3.7876666666666665,-0.0023333333333335204,,False,0.0,,,pyin_probability_below_0.5|voicing_disagreement,,False,1.5000000000000004,
3.8,3.7573333333333334,3.8426666666666667,False,124.84848285663055,True,0.011085791888943371,1.1000000000000019,0.07450649199208093,-22.556117682349463,3.7976666666666663,-0.0023333333333335204,,False,0.0,,,pyin_probability_below_0.5|voicing_disagreement,,False,1.6000000000000023,
3.81,3.767333333333333,3.8526666666666665,False,129.25125509628117,True,0.012403124793551348,1.7000000000000026,0.08199794849720397,-21.72394026146938,3.8076666666666665,-0.0023333333333335204,,False,0.0,,,pyin_probability_below_0.5|voicing_disagreement,,False,2.200000000000003,
3.82,3.7773333333333334,3.8626666666666667,False,130.0,True,0.013980210380185926,1.800000000000001,0.09171234042664342,-20.751444471199,3.8176666666666663,-0.0023333333333335204,123.30683569137685,True,0.7098105177759421,6.693164308623153,0.9151061211150158,pyin_probability_below_0.5,0.8832735946170818,False,2.3000000000000003,1.0545263894877055
3.83,3.787333333333333,3.8726666666666665,False,132.2723599733492,True,0.01646758759311301,2.0999999999999988,0.09923668144700945,-20.066555346148395,3.8276666666666666,-0.0023333333333335204,128.0582697986704,True,0.9134869279296897,4.214090174678802,0.5605344044024472,pyin_probability_below_0.5,1.53784531132965,False,2.5999999999999974,1.7090981062002746
3.84,3.7973333333333334,3.8826666666666667,False,133.03860595958074,True,0.018187375734912182,2.1999999999999993,0.10531293650587702,-19.550365547224008,3.8376666666666663,-0.0023333333333335204,131.13248446814148,True,0.9351819520255457,1.9061214914392508,0.24983806460937705,pyin_probability_below_0.5,1.9485416511227203,False,2.7,2.119794445993348
3.85,3.8073333333333332,3.8926666666666665,False,133.80929076365396,True,0.01508558729750434,2.3000000000000003,0.1133693634360432,-18.91008583801533,3.8476666666666666,-0.0023333333333335204,133.20697821930642,True,0.9444431799177659,0.6023125443475408,0.07810353709997059,pyin_probability_below_0.5,2.2202761786321275,False,2.8000000000000003,2.3915289735027554
3.86,3.8173333333333335,3.9026666666666667,False,138.52806521170294,True,0.056071395445892624,2.899999999999997,0.11784212003462856,-18.57398905870252,3.8576666666666664,-0.0023333333333335204,137.6818947636467,True,0.9250900304678128,0.8461704480562275,0.10607319692091496,pyin_probability_below_0.5,2.792306518811179,False,3.3999999999999977,2.9635593136818046
3.87,3.8273333333333333,3.9126666666666665,False,139.33055012971812,True,0.15046460134333883,3.0000000000000027,0.13100328012702975,-17.654356602421416,3.867666666666666,-0.0023333333333339645,138.45459397311646,True,0.9536603268742168,0.87595615660166,0.10918439538602251,pyin_probability_below_0.5,2.8891953203460763,False,3.500000000000001,3.060448115216703
3.88,3.8373333333333335,3.9226666666666667,False,140.13768379557115,True,0.24075439447557434,3.0999999999999988,0.13967414146757925,-17.097679788586497,3.8776666666666664,-0.0023333333333335204,140.27922195576375,True,0.9418067484370507,0.1415381601925958,-0.017476528550940514,pyin_probability_below_0.5,3.1158562442830364,False,3.599999999999997,3.2871090391536635
3.89,3.8473333333333333,3.9326666666666665,False,139.33055012971812,True,0.17653060863289763,3.0000000000000027,0.14111579928933377,-17.008487200454795,3.887666666666666,-0.0023333333333339645,141.13922020014599,True,0.9645339842063626,1.8086700704278655,-0.2232878510881073,pyin_probability_below_0.5,3.221667566820206,False,3.500000000000001,3.3929203616908334
3.9,3.8573333333333335,3.9426666666666668,False,138.52806521170294,True,0.03489742801962526,2.899999999999997,0.14644173667085683,-16.686702588148595,3.8976666666666664,-0.0023333333333335204,141.08527656601743,True,0.9663243449585815,2.5572113543144894,-0.31666978225701226,pyin_probability_below_0.5,3.2150494979891078,False,3.3999999999999977,3.3863022928597326
3.91,3.8673333333333333,3.9526666666666666,False,136.14823596668148,True,0.010622609040911533,2.6000000000000005,0.15477548892995482,-16.205956307858763,3.907666666666666,-0.0023333333333339645,140.37649041322388,True,0.9193527223474148,4.228254446542394,-0.5294766030034399,pyin_probability_below_0.5,3.1278563187355397,False,3.1000000000000023,3.2991091136061668
3.92,3.8773333333333335,3.962666666666667,False,132.2723599733492,True,0.010013068846238975,2.0999999999999988,0.16020158230089798,-15.90666397462925,3.9176666666666664,-0.0023333333333335204,137.15412884256438,True,0.7863072305261559,4.881768869215165,-0.6274371600104679,pyin_probability_below_0.5,2.725816875742564,False,2.5999999999999974,2.897069670613189
3.93,3.8873333333333333,3.9726666666666666,False,129.25125509628117,True,0.01000419105279527,1.7000000000000026,0.16474916848129698,-15.663535373816611,3.927666666666666,-0.0023333333333339645,130.41719228732907,True,0.8253247671053743,1.1659371910479024,-0.15546931094441876,pyin_probability_below_0.5,1.85384902667652,False,2.200000000000003,2.025101821547146
3.94,3.8973333333333335,3.982666666666667,False,127.03079589645196,True,0.010009025493342984,1.4000000000000004,0.164040102592045,-15.700999355461711,3.9376666666666664,-0.0023333333333335204,127.16412092782235,True,0.9276957863429495,0.13332503137038998,-0.018160619256342974,pyin_probability_below_0.5,1.4165403349884393,False,1.9000000000000006,1.5877931298590648
3.95,3.9073333333333333,3.9926666666666666,False,124.84848285663055,True,0.010824463728234169,1.1000000000000019,0.15827524830774545,-16.01173992939167,3.947666666666666,-0.0023333333333339645,124.79704979430771,True,0.9127810513509478,0.05143306232284317,0.007133528011125682,pyin_probability_below_0.5,1.0912461877209705,False,1.6000000000000023,1.2624989825915964
3.96,3.917333333333333,4.002666666666666,False,123.4144757235675,True,0.04768699308253103,0.9000000000000021,0.15075398728139136,-16.43462384824635,3.9576666666666664,-0.0023333333333335204,122.88990205102608,True,0.930698510246334,0.5245736725414218,0.0737429991688148,pyin_probability_below_0.5,0.8246367165632817,False,1.4000000000000004,0.9958895114339101
3.97,3.9273333333333333,4.012666666666667,False,122.70366064862014,True,0.1279370863012904,0.8000000000000002,0.14196689501821685,-16.956258321788184,3.9676666666666662,-0.0023333333333339645,121.03718707974382,True,0.9086633877778155,1.6664735688763272,0.23673510344775073,pyin_probability_below_0.5,0.5616446122843451,False,1.2999999999999994,0.732897407154973
3.98,3.937333333333333,4.022666666666667,False,121.9969395672486,True,0.24075439447557428,0.699999999999998,0.13430754349217677,-17.437991882884425,3.9776666666666665,-0.0023333333333335204,119.47430946554582,True,0.9542500575283912,2.522630101702788,0.36173432915076337,pyin_probability_below_0.5,0.33664538658133314,False,1.1999999999999993,0.5078981814519616
3.99,3.9473333333333334,4.032666666666667,False,121.29428889978496,True,0.3721358982975087,0.6000000000000013,0.12336676526019599,-18.176036450808986,3.9876666666666662,-0.0023333333333339645,119.69353415453256,True,0.9408912638134472,1.6007547452524022,0.22999683915072422,pyin_probability_below_0.5,0.36838287658137414,False,1.099999999999998,0.539635671451999
4.0,3.957333333333333,4.042666666666666,False,120.59568520237023,True,0.3721358982975087,0.5000000000000008,0.1089927173268446,-19.252050395394743,3.9976666666666665,-0.0023333333333335204,120.6287924799327,True,0.9153367929144894,0.03310727756246479,-0.004752125248534318,pyin_probability_below_0.5,0.5031318409806311,False,1.0000000000000009,0.6743846358512594
4.01,3.9673333333333334,4.052666666666667,False,119.9011051661721,True,0.24075439447557428,0.4000000000000011,0.087349916624272,-21.174750104321838,4.007666666666666,-0.0023333333333335204,121.60729818012008,True,0.7692566341952987,1.7061930139479813,-0.24461828596943042,pyin_probability_below_0.5,0.6429980017015281,False,0.9000000000000021,0.8142507965721559
4.02,3.977333333333333,4.062666666666667,False,120.59568520237023,True,0.06608151270920702,0.5000000000000008,0.07581668714940243,-22.4047039244821,4.017666666666667,-0.0023333333333326323,,False,0.0,,,pyin_probability_below_0.5|voicing_disagreement,,False,1.0000000000000009,
4.03,3.9873333333333334,4.072666666666667,False,120.59568520237023,True,0.016467587593113005,0.5000000000000008,0.062459454309315515,-24.088036287959618,4.027666666666667,-0.0023333333333335204,,False,0.0,,,pyin_probability_below_0.5|voicing_disagreement,,False,1.0000000000000009,
4.04,3.997333333333333,4.082666666666666,False,122.70366064862014,True,0.010073751764282886,0.8000000000000002,0.051593906641293014,-25.748031730372173,4.0376666666666665,-0.0023333333333335204,,False,0.0,,,pyin_probability_below_0.5|voicing_disagreement,,False,1.2999999999999994,
4.05,4.007333333333333,4.092666666666666,False,,False,0.010000001546554293,,0.04069787988587449,-27.80856428618265,4.047666666666667,-0.0023333333333326323,,False,0.0,,,,,False,,
4.06,4.017333333333333,4.102666666666667,False,,False,0.010000000000613856,,0.03605587446311071,-28.8604793406282,4.057666666666667,-0.0023333333333326323,,False,0.0,,,,,False,,
4.07,4.027333333333333,4.112666666666667,False,,False,0.010000000000000108,,0.03531447643519457,-29.040944562426724,4.067666666666667,-0.0023333333333335204,,False,0.0,,,,,False,,
4.08,4.037333333333334,4.1226666666666665,False,,False,0.010000000000023851,,0.03680255609119936,-28.682440334273224,4.0776666666666666,-0.0023333333333335204,,False,0.0,,,,,False,,
4.09,4.0473333333333334,4.132666666666666,False,,False,0.0100000000000754,,0.03633550607887538,-28.79337573199189,4.087666666666667,-0.0023333333333326323,,False,0.0,,,,,False,,
4.1,4.057333333333333,4.142666666666667,False,,False,0.010000000001606035,,0.03324522928988647,-29.565413348107093,4.097666666666667,-0.0023333333333326323,,False,0.0,,,,,False,,
4.11,4.067333333333333,4.152666666666667,False,,False,0.010000000001606035,,0.029059251332936145,-30.734311576508723,4.107666666666667,-0.0023333333333335204,,False,0.0,,,,,False,,
4.12,4.077333333333334,4.1626666666666665,False,,False,0.010000000021701592,,0.027345668473833133,-31.262229113771063,4.117666666666667,-0.0023333333333335204,,False,0.0,,,,,False,,
4.13,4.0873333333333335,4.172666666666666,False,,False,0.010000000001606035,,0.026554564591068617,-31.51721630421267,4.127666666666666,-0.0023333333333335204,,False,0.0,,,,,False,,
4.14,4.097333333333333,4.182666666666667,False,,False,0.01000000002170159,,0.026139950790085124,-31.65390468676565,4.137666666666667,-0.0023333333333326323,,False,0.0,,,,,False,,
4.15,4.107333333333333,4.192666666666667,False,,False,0.010000000047726021,,0.02474387655650751,-32.13064519259136,4.147666666666667,-0.0023333333333335204,,False,0.0,,,,,False,,
4.16,4.117333333333334,4.2026666666666666,False,,False,0.010000000208892744,,0.02227251863353818,-33.04461338109852,4.157666666666667,-0.0023333333333335204,,False,0.0,,,,,False,,
4.17,4.1273333333333335,4.212666666666666,False,,False,0.010000000047726023,,0.019358925496803826,-34.26237503121284,4.167666666666666,-0.0023333333333335204,,False,0.0,,,,,False,,
4.18,4.137333333333333,4.222666666666667,False,,False,0.010000000101429396,,0.020738754151956616,-33.664346734428484,4.177666666666667,-0.0023333333333326323,,False,0.0,,,,,False,,
4.19,4.147333333333333,4.232666666666667,False,,False,0.010000000003996623,,0.02109274536445114,-33.5173378039435,4.187666666666667,-0.0023333333333335204,,False,0.0,,,,,False,,
4.2,4.157333333333334,4.242666666666667,False,,False,0.010000000009505967,,0.02152386848630056,-33.341593404289775,4.197666666666667,-0.0023333333333335204,,False,0.0,,,,,False,,
4.21,4.167333333333334,4.252666666666666,False,,False,0.010000000814014906,,0.02179194874492921,-33.23407862469694,4.207666666666666,-0.0023333333333335204,,False,0.0,,,,,False,,
4.22,4.177333333333333,4.262666666666667,False,,False,0.010000027850262286,,0.019821776330190204,-34.05714857538842,4.217666666666667,-0.0023333333333326323,,False,0.0,,,,,False,,
4.23,4.187333333333333,4.272666666666667,False,,False,0.010000078102280324,,0.01738409912056396,-35.196956208450075,4.227666666666667,-0.0023333333333335204,,False,0.0,,,,,False,,
4.24,4.197333333333333,4.282666666666667,False,,False,0.010000802780927255,,0.01591105153586267,-35.966022351591505,4.237666666666667,-0.0023333333333335204,,False,0.0,,,,,False,,
4.25,4.207333333333334,4.292666666666666,False,,False,0.010000016226422836,,0.014418955773409084,-36.82132380518518,4.2476666666666665,-0.0023333333333335204,,False,0.0,,,,,False,,
4.26,4.217333333333333,4.302666666666667,False,,False,0.010000078102280324,,0.012178732379616414,-38.28795825571663,4.257666666666667,-0.0023333333333326323,,False,0.0,,,,,False,,
4.27,4.227333333333333,4.312666666666667,False,,False,0.012403124793551348,,0.008068547830186179,-41.864092443321084,4.267666666666667,-0.0023333333333326323,,False,0.0,,,,,False,,
4.28,4.237333333333333,4.322666666666667,False,,False,0.010824463728234167,,0.006658511341283459,-43.53245712389792,4.277666666666667,-0.0023333333333335204,,False,0.0,,,,,False,,
4.29,4.247333333333334,4.332666666666666,False,,False,0.0100000470079773,,0.004347544060256984,-47.235120158767145,4.2876666666666665,-0.0023333333333335204,,False,0.0,,,,,False,,
4.3,4.257333333333333,4.342666666666666,False,,False,0.010000002871100368,,0.002378210399934587,-52.474994520936335,4.297666666666667,-0.0023333333333326323,,False,0.0,,,,,False,,
4.31,4.267333333333333,4.352666666666667,False,,False,0.0100028158258111,,0.002189292386435081,-53.19392466507294,4.307666666666667,-0.0023333333333326323,,False,0.0,,,,,False,,
4.32,4.277333333333333,4.362666666666667,False,,False,0.010037765502929688,,0.0016587754310503414,-55.60424811624821,4.317666666666667,-0.0023333333333335204,,False,0.0,,,,,False,,
4.33,4.287333333333334,4.3726666666666665,False,,False,0.010000027850262286,,0.00510460097640739,-45.84076401578188,4.3276666666666666,-0.0023333333333335204,,False,0.0,,,,,False,,
4.34,4.2973333333333334,4.382666666666666,False,,False,0.010000000000006925,,0.011464874232226674,-38.812614100930375,4.337666666666667,-0.0023333333333326323,,False,0.0,,,,,False,,
4.35,4.307333333333333,4.392666666666667,False,,False,0.010000127845232541,,0.01887631051193099,-34.48165774407591,4.347666666666667,-0.0023333333333326323,,False,0.0,,,,,False,,
4.36,4.317333333333333,4.402666666666667,False,94.07250043362458,True,0.010000000021701592,-3.799999999999998,0.02331748067191414,-32.64636749111733,4.357666666666667,-0.0023333333333335204,,False,0.0,,,pyin_probability_below_0.5|voicing_disagreement,,False,-3.299999999999999,
4.37,4.327333333333334,4.4126666666666665,False,93.53068270070331,True,0.01000032860450166,-3.8999999999999986,0.02677210529133443,-31.446349512788338,4.367666666666667,-0.0023333333333335204,,False,0.0,,,pyin_probability_below_0.5|voicing_disagreement,,False,-3.3999999999999986,
4.38,4.3373333333333335,4.422666666666666,False,92.9919856082918,True,0.01000419105279527,-3.999999999999999,0.028182406418279078,-31.000438528607326,4.377666666666667,-0.0023333333333326323,,False,0.0,,,pyin_probability_below_0.5|voicing_disagreement,,False,-3.4999999999999982,
4.39,4.347333333333333,4.432666666666667,False,91.92388155425118,True,0.01002672467381077,-4.199999999999999,0.030508565674617582,-30.311564194737265,4.387666666666667,-0.0023333333333326323,,False,0.0,,,pyin_probability_below_0.5|voicing_disagreement,,False,-3.6999999999999984,
4.4,4.357333333333333,4.442666666666667,False,91.92388155425118,True,0.010191075496968311,-4.199999999999999,0.03225745487469075,-29.827398031862437,4.397666666666667,-0.0023333333333335204,93.58110611787994,True,0.743843864472899,1.657224563628759,-0.309330757762599,pyin_probability_below_0.5,-3.892289526505305,False,-3.6999999999999984,-3.721036731634676
4.41,4.367333333333334,4.4526666666666666,False,91.92388155425118,True,0.011085791888943373,-4.199999999999999,0.0338302825332551,-29.413887503819893,4.407666666666667,-0.0023333333333335204,92.27761033742308,True,0.8595247300694677,0.3537287831719027,-0.06649110819243469,pyin_probability_below_0.5,-4.135129176075466,False,-3.6999999999999984,-3.9638763812048414
4.42,4.3773333333333335,4.462666666666666,False,91.92388155425118,True,0.016467587593113005,-4.199999999999999,0.035237936775233736,-29.0597905598892,4.417666666666666,-0.0023333333333335204,90.64709141926228,True,0.8857505403389051,1.2767901349889001,0.24214786783292064,pyin_probability_below_0.5,-4.443768152100824,False,-3.6999999999999984,-4.272515357230197
4.43,4.387333333333333,4.472666666666667,False,91.92388155425118,True,0.20650679911775227,-4.199999999999999,0.0350905566097801,-29.096194858183257,4.427666666666667,-0.0023333333333326323,90.51056822364743,True,0.9251631210274273,1.4133133306037564,0.26824156433422663,pyin_probability_below_0.5,-4.469861848602128,False,-3.6999999999999984,-4.298609053731502
4.44,4.397333333333333,4.482666666666667,False,91.39443895545271,True,0.37213589829750876,-4.300000000000001,0.03343947340182358,-29.514811407245915,4.437666666666667,-0.0023333333333335204,91.43821249987154,True,0.9507894241840253,0.043773544418826305,-0.00828979412495267,pyin_probability_below_0.5,-4.293330490142949,False,-3.8,-4.122077695272324
4.45,4.407333333333334,4.492666666666667,False,90.86804572163626,True,0.42606232904328145,-4.4,0.03117301607879655,-30.124423529047984,4.447666666666667,-0.0023333333333335204,91.7630123627687,True,0.9755740346691654,0.8949666411324415,-0.16967641109235512,pyin_probability_below_0.5,-4.231943873175546,False,-3.8999999999999986,-4.060691078304919
4.46,4.417333333333334,4.502666666666666,False,91.39443895545271,True,0.5485250542599845,-4.300000000000001,0.029692948420119807,-30.54693352264143,4.457666666666666,-0.0023333333333335204,91.71115810660119,True,0.9613508033920005,0.31671915114847593,-0.05989063514070052,,-4.241729649127202,True,-3.8,-4.070476854256576
4.47,4.427333333333333,4.512666666666667,False,91.92388155425118,True,0.4849868077159113,-4.199999999999999,0.02878981631882303,-30.815222118885778,4.467666666666667,-0.0023333333333326323,91.33073200010614,True,0.9495858234184574,0.5931495541450431,0.11207186225635735,pyin_probability_below_0.5,-4.313692146524261,False,-3.6999999999999984,-4.142439351653633
4.48,4.437333333333333,4.522666666666667,False,91.92388155425118,True,0.4849868077159113,-4.199999999999999,0.028409794765828784,-30.93063807273594,4.477666666666667,-0.0023333333333335204,90.70781431085217,True,0.9704725909808496,1.21606724339901,0.23055451820904116,pyin_probability_below_0.5,-4.432174802476942,False,-3.6999999999999984,-4.260922007606314
4.49,4.447333333333333,4.532666666666667,False,92.4563911828233,True,0.3721358982975087,-4.1,0.028074579709618446,-31.03373473243234,4.487666666666667,-0.0023333333333335204,91.35826387967711,True,0.960706607208583,1.0981273031461853,0.20685379999930992,pyin_probability_below_0.5,-4.3084740842672105,False,-3.5999999999999988,-4.137221289396585
4.5,4.457333333333334,4.542666666666666,False,93.53068270070331,True,0.24075439447557428,-3.8999999999999986,0.027442395959424,-31.23155947262148,4.4976666666666665,-0.0023333333333335204,92.48782587735847,True,0.9852476673219506,1.0428568233448345,0.19411489422157444,pyin_probability_below_0.5,-4.095735178489475,False,-3.3999999999999986,-3.92448238361885
4.51,4.467333333333333,4.552666666666667,False,95.16557023646565,True,0.17653060863289757,-3.5999999999999988,0.027895968639532046,-31.0891710772572,4.507666666666667,-0.0023333333333326323,94.43446127313682,True,0.9818291129337579,0.7311089633288361,0.13351548460054147,pyin_probability_below_0.5,-3.7351357688684432,False,-3.0999999999999983,-3.563882973997817
4.52,4.477333333333333,4.562666666666667,False,96.27134089862668,True,0.17653060863289757,-3.3999999999999986,0.029207527460804066,-30.69010412624558,4.517666666666667,-0.0023333333333326323,95.21819414696193,True,0.9934597317597049,1.053146751664741,0.19042940365619626,pyin_probability_below_0.5,-3.5920496879240966,False,-2.8999999999999995,-3.420796893053471
4.53,4.487333333333333,4.572666666666667,False,97.3899599969843,True,0.20650679911775227,-3.199999999999998,0.03039688737288632,-30.34341771334401,4.527666666666667,-0.0023333333333335204,96.28256395088692,True,0.9784536921347224,1.107396046097378,0.19798189185053666,pyin_probability_below_0.5,-3.3996021761184387,False,-2.699999999999999,-3.228349381247811
4.54,4.497333333333334,4.582666666666666,False,98.52157682317586,True,0.20650679911775227,-3.000000000000001,0.03267561555722357,-29.715524444902513,4.5376666666666665,-0.0023333333333335204,97.30010516415382,True,0.9538561082445474,1.2214716590220434,0.2159802460372809,pyin_probability_below_0.5,-3.217600530305184,False,-2.5000000000000013,-3.046347735434556
4.55,4.507333333333333,4.592666666666666,False,99.66634240352404,True,0.24075439447557428,-2.8,0.03491553079856551,-29.139627025410316,4.547666666666667,-0.0023333333333326323,99.50545799869195,True,0.9515046786268065,0.160884404832089,0.027968680267538203,pyin_probability_below_0.5,-2.82958896453544,False,-2.3,-2.6583361696648136
4.56,4.517333333333333,4.602666666666667,False,100.82440951919276,True,0.2796051653363589,-2.599999999999998,0.03637510782502764,-28.783914212906918,4.557666666666667,-0.0023333333333326323,98.27146521547166,True,0.9679516325177454,2.552944303721091,0.4440058205289046,pyin_probability_below_0.5,-3.0456261047968045,False,-2.0999999999999996,-2.8743733099261783
4.57,4.527333333333333,4.612666666666667,False,101.99593272657759,True,0.3233360583906408,-2.4000000000000004,0.03697707708109575,-28.641348428015622,4.567666666666667,-0.0023333333333335204,98.89072507287888,True,0.9709056289865934,3.105207653698713,0.535254008206528,pyin_probability_below_0.5,-2.93687429247443,False,-1.9000000000000006,-2.765621497603803
4.58,4.537333333333334,4.6226666666666665,False,102.5867891540234,True,0.4260623290432814,-2.3,0.03667568473781012,-28.71243538196275,4.5776666666666666,-0.0023333333333335204,101.43295170800174,True,0.9603237377507221,1.1538374460216687,0.1958226162707853,pyin_probability_below_0.5,-2.4974429005386876,False,-1.799999999999999,-2.3261901056680587
4.59,4.5473333333333334,4.632666666666666,False,102.5867891540234,True,0.4849868077159112,-2.3,0.03616736437078367,-28.833662769711317,4.587666666666667,-0.0023333333333326323,102.86679781007855,True,0.9697888589240807,0.2800086560551449,-0.04718932647493289,pyin_probability_below_0.5,-2.25443095779297,False,-1.799999999999999,-2.0831781629223425
4.6,4.557333333333333,4.642666666666667,False,103.18106837793296,True,0.5485250542599844,-2.1999999999999997,0.03538101522941513,-29.02459419042131,4.597666666666667,-0.0023333333333326323,104.66831789154763,True,0.973195076045245,1.487249513614671,-0.24775833962021898,,-1.9538619446476846,True,-1.7000000000000013,-1.7826091497770586
4.61,4.567333333333333,4.652666666666667,False,103.77879022636449,True,0.6860828109301792,-2.0999999999999996,0.0339311523827545,-29.388027808587424,4.607666666666667,-0.0023333333333335204,105.35423536069953,True,0.952222135646544,1.575445134335041,-0.26084028068647064,,-1.8407800035814326,True,-1.5999999999999979,-1.669527208710805
4.62,4.577333333333334,4.6626666666666665,False,104.98464168400547,True,0.7571601330199094,-1.8999999999999986,0.031891073891904154,-29.926617123779526,4.617666666666667,-0.0023333333333335204,105.76371063683152,True,0.9554116385218104,0.7790689528260515,-0.12799690499641134,,-1.7736233792714908,True,-1.3999999999999984,-1.6023705844008647
4.63,4.5873333333333335,4.672666666666666,False,105.59281152631061,True,0.7571601330199094,-1.800000000000001,0.028901725417534246,-30.781524586428848,4.627666666666667,-0.0023333333333326323,107.0844399099379,True,0.9948382389291408,1.4916283836272868,-0.24284686513417486,,-1.5587734191337295,True,-1.3000000000000005,-1.3875206242631015
4.64,4.597333333333333,4.682666666666667,False,106.2045044606715,True,0.6860828109301794,-1.699999999999997,0.025837125369054338,-31.755116149301426,4.637666666666667,-0.0023333333333326323,106.7379372962232,True,0.992381622987568,0.5334328355516931,-0.08673696158718078,,-1.6148833226807198,True,-1.199999999999998,-1.4436305278100936
4.65,4.607333333333333,4.692666666666667,False,106.81974089615274,True,0.04069733156888106,-1.6,0.025343309715992444,-31.92273337900431,4.647666666666667,-0.0023333333333335204,105.56985572145547,True,0.985105707218197,1.249885174697269,0.2037641001284468,pyin_probability_below_0.5,-1.8053843843963502,False,-1.0999999999999999,-1.634131589525722
4.66,4.617333333333334,4.7026666666666666,False,115.14977748330686,True,0.01010197459374499,-0.30000000000000204,0.032359780471186685,-29.79988866608754,4.657666666666667,-0.0023333333333335204,106.20473445675184,True,0.9810373261626056,8.945043026555027,1.3999625085003367,pyin_probability_below_0.5|pitch_difference_over_1_semitone,-1.7015827927682405,False,0.19999999999999687,-1.5303299978976148
4.67,4.6273333333333335,4.712666666666666,False,113.82716948276507,True,0.010467533617069905,-0.5000000000000001,0.04646631059673563,-26.65723617860769,4.667666666666666,-0.0023333333333335204,107.63934171185261,True,0.9825739736630125,6.187827770912463,0.9676738024246865,pyin_probability_below_0.5,-1.4692940866925899,False,0.0,-1.2980412918219635
4.68,4.637333333333333,4.722666666666667,False,113.17157322849613,True,0.018187375734912182,-0.6000000000000011,0.06066697735288239,-24.340952852615843,4.677666666666667,-0.0023333333333326323,108.15067788658655,True,0.7282779920511014,5.020895341909579,0.7856269816539134,pyin_probability_below_0.5,-1.3872472659218171,False,-0.10000000000000067,-1.215994471051189
4.69,4.647333333333333,4.732666666666667,False,112.51975293079859,True,0.06608151270920701,-0.7000000000000002,0.07262617851323276,-22.77813614397274,4.687666666666667,-0.0023333333333335204,117.01928662672945,True,0.550050594106423,4.4995336959308645,-0.6788164609809748,pyin_probability_below_0.5,-0.02280382328692871,False,-0.19999999999999973,0.1484489715836978
4.7,4.657333333333334,4.742666666666667,False,112.51975293079859,True,0.17653060863289757,-0.7000000000000002,0.08173799813529148,-21.751520058067825,4.697666666666667,-0.0023333333333335204,114.30395913374531,True,0.7968061158514134,1.78420620294672,-0.2723650196153856,pyin_probability_below_0.5,-0.42925526465251795,False,-0.19999999999999973,-0.25800246978189184
4.71,4.667333333333334,4.752666666666666,False,112.51975293079859,True,0.2796051653363588,-0.7000000000000002,0.08571327911099941,-21.339037797736857,4.707666666666666,-0.0023333333333335204,112.95453544879588,True,0.9096711818514335,0.4347825179972915,-0.06676692384341097,pyin_probability_below_0.5,-0.6348533604244909,False,-0.19999999999999973,-0.46360056555386564
4.72,4.677333333333333,4.762666666666667,False,111.87168684176291,True,0.3721358982975087,-0.7999999999999988,0.08909020133261653,-21.003401192256668,4.717666666666667,-0.0023333333333326323,112.40802817158936,True,0.9625571293553562,0.5363413298264561,-0.0828014376680258,pyin_probability_below_0.5,-0.7188188465998782,False,-0.30000000000000004,-0.5475660517292507
4.73,4.687333333333333,4.772666666666667,False,111.87168684176291,True,0.48498680771591124,-0.7999999999999988,0.09097137346866996,-20.821904966868097,4.727666666666667,-0.0023333333333335204,112.14508160530508,True,0.9685480738221017,0.2733947635421714,-0.042256707991029555,pyin_probability_below_0.5,-0.7593635762768731,False,-0.30000000000000004,-0.5881107814062465
4.74,4.697333333333333,4.782666666666667,False,111.87168684176291,True,0.42606232904328145,-0.7999999999999988,0.0921025315806745,-20.714568647657543,4.737666666666667,-0.0023333333333335204,111.5713486553333,True,0.9290864675378286,0.3003381864296131,0.04654036377201799,pyin_probability_below_0.5,-0.8481606480399183,False,-0.30000000000000004,-0.6769078531692926
4.75,4.707333333333334,4.792666666666666,False,111.2273533387383,True,0.27960516533635876,-0.8999999999999986,0.08918255399168089,-20.99440189144131,4.7476666666666665,-0.0023333333333335204,111.24982197176207,True,0.9448081879772753,0.02246863302377733,-0.00349684974242477,pyin_probability_below_0.5,-0.898123434525476,False,-0.3999999999999969,-0.7268706396548484
4.76,4.717333333333333,4.802666666666667,False,111.2273533387383,True,0.12793708630129036,-0.8999999999999986,0.082446915130127,-21.676511789358834,4.757666666666667,-0.0023333333333326323,110.72461925661534,True,0.9279801744176592,0.5027340821229558,0.07842704337027728,pyin_probability_below_0.5,-0.9800473276381789,False,-0.3999999999999969,-0.8087945327675523
4.77,4.727333333333333,4.812666666666667,False,110.58673092361124,True,0.056071395445892624,-0.9999999999999994,0.07226866165818571,-22.820999757956677,4.767666666666667,-0.0023333333333326323,108.15563190372617,True,0.8639718499985561,2.4310990198850675,0.3848339799923728,pyin_probability_below_0.5,-1.3864542642602753,False,-0.5000000000000001,-1.2152014693896491
4.78,4.737333333333333,4.822666666666667,False,109.9497982220883,True,0.013980210380185926,-1.0999999999999999,0.05571372948533305,-25.080755376606167,4.777666666666667,-0.0023333333333335204,105.04511320147036,True,0.7990006908203082,4.904685020617947,0.7900309027181524,pyin_probability_below_0.5,-1.891651186986055,False,-0.5999999999999991,-1.7203983921154269
4.79,4.747333333333334,4.832666666666666,False,108.06092649856241,True,0.010622609040911533,-1.4000000000000004,0.04491167959625429,-26.952814059847825,4.7876666666666665,-0.0023333333333335204,101.5927481441435,True,0.676935635306297,6.46817835441891,1.0685703926857282,pyin_probability_below_0.5|pitch_difference_over_1_semitone,-2.47019067695363,False,-0.9000000000000006,-2.298937882083003
4.8,4.757333333333333,4.842666666666666,False,105.59281152631061,True,0.010467533617069907,-1.800000000000001,0.03721614438288091,-28.585372441393815,4.797666666666667,-0.0023333333333326323,97.98967006047313,True,0.5530973039023377,7.603141465837481,1.2937205744722355,pyin_probability_below_0.5|pitch_difference_over_1_semitone,-3.0953408587401374,False,-1.3000000000000005,-2.9240880638695113
4.81,4.767333333333333,4.852666666666667,False,102.5867891540234,True,0.010467533617069903,-2.3,0.03050860158955074,-30.311553969642926,4.807666666666667,-0.0023333333333326323,,False,0.0,,,pyin_probability_below_0.5|voicing_disagreement,,False,-1.799999999999999,
4.82,4.777333333333333,4.862666666666667,False,99.66634240352404,True,0.010349055133375843,-2.8,0.024307178598717935,-32.28530895979998,4.817666666666667,-0.0023333333333335204,,False,0.0,,,pyin_probability_below_0.5|voicing_disagreement,,False,-2.3,
4.83,4.787333333333334,4.8726666666666665,False,96.82903510297565,True,0.01002672467381077,-3.299999999999999,0.018928953864708834,-34.45746774538192,4.8276666666666666,-0.0023333333333335204,,False,0.0,,,pyin_probability_below_0.5|voicing_disagreement,,False,-2.8,
4.84,4.7973333333333334,4.882666666666666,False,86.76459052105223,True,0.010824463728234167,-5.200000000000001,0.01431891103495314,-36.881800184549014,4.837666666666667,-0.0023333333333326323,88.63629599129274,True,0.6962787098406715,1.8717054702405136,-0.3694945113014108,pyin_probability_below_0.5,-4.832125772966493,False,-4.7,-4.660872978095866
4.85,4.807333333333333,4.892666666666667,False,90.34468428975191,True,0.012403124793551348,-4.499999999999998,0.012812765006645454,-37.84714277973638,4.847666666666667,-0.0023333333333326323,88.45890933855304,True,0.7681396804063619,1.8857749511988686,0.36518716347393854,pyin_probability_below_0.5,-4.866807447741839,False,-3.999999999999999,-4.695554652871213
4.86,4.817333333333333,4.902666666666667,False,88.7926166890357,True,0.026168028608935755,-4.800000000000001,0.011424777292294956,-38.84304514099608,4.857666666666667,-0.0023333333333335204,89.38919511255456,True,0.7953497190993785,0.5965784235188636,-0.11592886261894297,pyin_probability_below_0.5,-4.685691421648962,False,-4.300000000000003,-4.514438626778333
4.87,4.827333333333334,4.9126666666666665,False,88.7926166890357,True,0.056071395445892624,-4.800000000000001,0.010408173291733613,-39.65250971129461,4.867666666666667,-0.0023333333333335204,87.70094665909696,True,0.8604469618086082,1.09167002993874,0.2141676322646051,pyin_probability_below_0.5,-5.015787916532509,False,-4.300000000000003,-4.844535121661883
4.88,4.8373333333333335,4.922666666666666,False,88.7926166890357,True,0.056071395445892624,-4.800000000000001,0.009365012579912749,-40.56983269811226,4.877666666666667,-0.0023333333333326323,88.97818853154585,True,0.7327840019163135,0.18557184251015713,-0.03614411360711803,pyin_probability_below_0.5,-4.7654761706607855,False,-4.300000000000003,-4.594223375790159
4.89,4.847333333333333,4.932666666666667,False,89.3069870847758,True,0.07797523762294818,-4.6999999999999975,0.008856926882606692,-41.054338811562054,4.887666666666667,-0.0023333333333326323,,False,0.0,,,pyin_probability_below_0.5|voicing_disagreement,,False,-4.199999999999999,
4.9,4.857333333333333,4.942666666666667,False,88.7926166890357,True,0.04069733156888106,-4.800000000000001,0.007340842897473556,-42.68508140466389,4.897666666666667,-0.0023333333333335204,,False,0.0,,,pyin_probability_below_0.5|voicing_disagreement,,False,-4.300000000000003,
4.91,4.867333333333334,4.9526666666666666,False,,False,0.01646758759311301,,0.00542773436262839,-45.3076283037672,4.907666666666667,-0.0023333333333335204,,False,0.0,,,,,False,,
4.92,4.8773333333333335,4.962666666666666,False,,False,0.010191075496968311,,0.0037326510303404567,-48.55965221691362,4.917666666666666,-0.0023333333333335204,,False,0.0,,,,,False,,
4.93,4.887333333333333,4.972666666666667,False,,False,0.01000187304601255,,0.0017774225160383681,-55.00418645151881,4.927666666666667,-0.0023333333333326323,,False,0.0,,,,,False,,
4.94,4.897333333333333,4.982666666666667,False,,False,0.010000802780927255,,0.001247627088512695,-58.07830408798253,4.937666666666667,-0.0023333333333335204,,False,0.0,,,,,False,,
4.95,4.907333333333334,4.992666666666667,False,,False,0.010026724673810772,,0.0009354921635146895,-60.57919692344153,4.947666666666667,-0.0023333333333335204,,False,0.0,,,,,False,,
4.96,4.917333333333334,5.002666666666666,False,,False,0.010073751764282886,,0.0007904301907779984,-62.04272960125565,4.957666666666666,-0.0023333333333335204,,False,0.0,,,,,False,,
4.97,4.927333333333333,5.012666666666667,False,,False,0.01000012784523254,,0.0006261432953772684,-64.06652530799518,4.967666666666667,-0.0023333333333326323,,False,0.0,,,,,False,,
4.98,4.937333333333333,5.022666666666667,False,,False,0.010000001546554295,,0.0003633984085322248,-68.79233957948024,4.977666666666667,-0.0023333333333335204,,False,0.0,,,,,False,,
4.99,4.947333333333333,5.032666666666667,False,,False,0.010000127845232541,,0.0002904815102986086,-70.73763012129693,4.987666666666667,-0.0023333333333335204,,False,0.0,,,,,False,,
5.0,4.957333333333334,5.042666666666666,False,,False,0.010000009287486629,,0.00022478914873376614,-72.96449314664957,4.9976666666666665,-0.0023333333333335204,,False,0.0,,,,,False,,
5.01,4.967333333333333,5.052666666666667,False,,False,0.010000016226422836,,0.0001636343672375132,-75.72250957146758,5.007666666666667,-0.0023333333333326323,,False,0.0,,,,,False,,
5.02,4.977333333333333,5.062666666666667,False,,False,0.0100000470079773,,0.00014317348335466713,-76.88274817395744,5.017666666666667,-0.0023333333333326323,,False,0.0,,,,,False,,
5.03,4.987333333333333,5.072666666666667,False,,False,0.0100028158258111,,0.00011842757458617855,-78.53094330085524,5.027666666666667,-0.0023333333333335204,,False,0.0,,,,,False,,
5.04,4.997333333333334,5.082666666666666,False,,False,0.010000516719604524,,9.561506545634676e-05,-80.38947346638709,5.0376666666666665,-0.0023333333333335204,,False,0.0,,,,,False,,
5.05,5.007333333333333,5.092666666666666,False,,False,0.010000001546554296,,7.48907634635821e-05,-82.511434840712,5.047666666666667,-0.0023333333333326323,,False,0.0,,,,,False,,
5.06,5.017333333333333,5.102666666666667,False,,False,0.010000000814014906,,7.064596362127807e-05,-83.01825293309071,5.057666666666667,-0.0023333333333326323,,False,0.0,,,,,False,,
5.07,5.027333333333333,5.112666666666667,False,,False,0.010000016226422836,,6.747540646098606e-05,-83.41708981287043,5.067666666666667,-0.0023333333333335204,,False,0.0,,,,,False,,
5.08,5.037333333333334,5.1226666666666665,False,,False,0.010000000021701592,,6.148056587709884e-05,-84.22524287674108,5.0776666666666666,-0.0023333333333335204,,False,0.0,,,,,False,,
5.09,5.0473333333333334,5.132666666666666,False,,False,0.010000000047726025,,5.3339730040760075e-05,-85.45898373321717,5.087666666666667,-0.0023333333333326323,,False,0.0,,,,,False,,
5.1,5.057333333333333,5.142666666666667,False,,False,0.010000127845232541,,0.0007170632094982065,-62.88885118716546,5.097666666666667,-0.0023333333333326323,,False,0.0,,,,,False,,
5.11,5.067333333333333,5.152666666666667,False,,False,0.010000000208892744,,0.0008935313829606865,-60.97780378857693,5.107666666666667,-0.0023333333333335204,,False,0.0,,,,,False,,
5.12,5.077333333333334,5.1626666666666665,False,,False,0.010000000101429396,,0.0012092791519537171,-58.34946868652168,5.117666666666667,-0.0023333333333335204,,False,0.0,,,,,False,,
5.13,5.0873333333333335,5.172666666666666,False,,False,0.010000516719604524,,0.0013390181737462845,-57.46427057022786,5.127666666666667,-0.0023333333333326323,,False,0.0,,,,,False,,
5.14,5.097333333333333,5.182666666666667,False,,False,0.01000032860450166,,0.0014243200146762955,-56.9278484584514,5.137666666666667,-0.0023333333333326323,,False,0.0,,,,,False,,
5.15,5.107333333333333,5.192666666666667,False,,False,0.010000516719604523,,0.001434207988115917,-56.867757258705225,5.147666666666667,-0.0023333333333335204,,False,0.0,,,,,False,,
5.16,5.117333333333334,5.2026666666666666,False,,False,0.010000127845232541,,0.0014936429820064689,-56.51506394697974,5.157666666666667,-0.0023333333333335204,,False,0.0,,,,,False,,
5.17,5.1273333333333335,5.205333333333333,True,,False,0.01000020633903134,,0.0015749803177175753,-56.054497383012176,5.167666666666666,-0.0023333333333335204,,False,0.0,,,edge_window,,False,,
5.18,5.137333333333333,5.205333333333333,True,,False,0.010006178555334078,,0.0016865517714329953,-55.46000645797974,5.177666666666667,-0.0023333333333326323,,False,0.0,,,edge_window,,False,,
5.19,5.147333333333333,5.205333333333333,True,,False,0.01010197459374499,,0.0015763517088102949,-56.04693756238162,,,,,,,,edge_window,,False,,
5.2,5.157333333333334,5.205333333333333,True,,False,0.010073751764282884,,0.0015529247647630851,-56.176991684394906,,,,,,,,edge_window,,False,,
