timestamp_s,window_start_s,window_end_s,edge_padded,f0_hz,voiced,voicing_probability,relative_pitch_semitones,rms_amplitude,rms_dbfs,praat_timestamp_s,praat_time_offset_s,praat_f0_hz,praat_voiced,praat_strength,absolute_difference_hz,signed_difference_semitones,flags,praat_relative_semitones,agreement_screen_pass,pyin_speaker_relative_st,praat_speaker_relative_st
0.0,0.0,0.042666666666666665,True,65.0,True,0.010052967545965859,-9.300000000000002,0.0005468975062773609,-65.24188113800916,,,,,,,,near_pyin_floor|pyin_probability_below_0.5|edge_window,,False,-9.7,
0.01,0.0,0.05266666666666667,True,65.0,True,0.010037765502929692,-9.300000000000002,0.0005045161792557652,-65.94249803754708,,,,,,,,near_pyin_floor|pyin_probability_below_0.5|edge_window,,False,-9.7,
0.02,0.0,0.06266666666666666,True,65.37654116941047,True,0.010005638910008578,-9.200000000000003,0.0004753202293749049,-66.46027403941778,,,,,,,,near_pyin_floor|pyin_probability_below_0.5|edge_window,,False,-9.6,
0.03,0.0,0.07266666666666667,True,65.37654116941047,True,0.010000374102455953,-9.200000000000003,0.00048665883940126047,-66.25550767865703,0.027333333333333095,-0.002666666666666904,,False,0.0,,,near_pyin_floor|pyin_probability_below_0.5|voicing_disagreement|edge_window,,False,-9.6,
0.04,0.0,0.08266666666666667,True,,False,7.738748197786905e-08,,0.0005230361867683741,-65.62936526012462,0.037333333333333094,-0.0026666666666669073,,False,0.0,,,edge_window,,False,,
0.05,0.007333333333333333,0.09266666666666666,False,,False,0.01000208811317205,,0.0005257133453609982,-65.58501996341404,0.047333333333333096,-0.0026666666666669073,,False,0.0,,,,,False,,
0.06,0.017333333333333333,0.10266666666666667,False,,False,0.010006178555334077,,0.0004929387006558686,-66.14414168026141,0.0573333333333331,-0.0026666666666669003,,False,0.0,,,,,False,,
0.07,0.027333333333333334,0.11266666666666666,False,,False,0.010009025493342986,,0.0004678326611847716,-66.59818923424113,0.06733333333333309,-0.002666666666666914,,False,0.0,,,,,False,,
0.08,0.037333333333333336,0.12266666666666666,False,,False,0.01001876450976914,,0.0004636044212891774,-66.67704861843387,0.0773333333333331,-0.0026666666666669003,,False,0.0,,,,,False,,
0.09,0.04733333333333333,0.13266666666666665,False,,False,0.010026724673810767,,0.00045505881877713853,-66.83864929677512,0.0873333333333331,-0.0026666666666669003,,False,0.0,,,,,False,,
0.1,0.05733333333333333,0.14266666666666666,False,,False,0.010027489978218208,,0.000457927803576012,-66.78405974036284,0.0973333333333331,-0.0026666666666669003,,False,0.0,,,,,False,,
0.11,0.06733333333333333,0.15266666666666667,False,,False,0.010146478813194661,,0.0004347065756501957,-67.23607580685749,0.1073333333333331,-0.0026666666666669003,,False,0.0,,,,,False,,
0.12,0.07733333333333334,0.16266666666666665,False,,False,0.010052967545965857,,0.0003501855210087208,-69.11403628989503,0.1173333333333331,-0.0026666666666669003,,False,0.0,,,,,False,,
0.13,0.08733333333333333,0.17266666666666666,False,,False,0.010004191052795272,,0.00030761319076973024,-70.23990090955269,0.1273333333333331,-0.0026666666666669003,,False,0.0,,,,,False,,
0.14,0.09733333333333333,0.18266666666666667,False,,False,0.010001232964986121,,0.000274603146094541,-71.22588982824371,0.13733333333333309,-0.002666666666666928,,False,0.0,,,,,False,,
0.15,0.10733333333333334,0.19266666666666668,False,,False,0.010000802780448244,,0.00023049491454344532,-72.74677304193644,0.1473333333333331,-0.0026666666666669003,,False,0.0,,,,,False,,
0.16,0.11733333333333333,0.20266666666666666,False,,False,0.010000027850262286,,0.0002090728395454181,-73.59404764605667,0.1573333333333331,-0.0026666666666669003,,False,0.0,,,,,False,,
0.17,0.12733333333333333,0.21266666666666667,False,,False,8.154482560875472e-10,,0.00020745430650602307,-73.66155090603355,0.1673333333333331,-0.0026666666666669003,,False,0.0,,,,,False,,
0.18,0.13733333333333334,0.22266666666666668,False,,False,9.512894938237896e-12,,0.00020741758664983128,-73.66308846316626,0.1773333333333331,-0.0026666666666669003,,False,0.0,,,,,False,,
0.19,0.14733333333333334,0.23266666666666666,False,,False,2.408685280866063e-14,,0.00019279322983978465,-74.29816441850272,0.1873333333333331,-0.0026666666666669003,,False,0.0,,,,,False,,
0.2,0.15733333333333333,0.24266666666666667,False,,False,0.010000000110950069,,0.00019956304454628836,-73.99839758117076,0.1973333333333331,-0.0026666666666669003,,False,0.0,,,,,False,,
0.21,0.16733333333333333,0.25266666666666665,False,,False,0.010000002494242283,,0.00020509153649351264,-73.76104522559275,0.2073333333333331,-0.0026666666666669003,,False,0.0,,,,,False,,
0.22,0.17733333333333334,0.26266666666666666,False,,False,0.010000005037314656,,0.00021229591423060071,-73.46116728052169,0.2173333333333331,-0.0026666666666669003,,False,0.0,,,,,False,,
0.23,0.18733333333333332,0.27266666666666667,False,,False,0.010000000434167235,,0.0002072832571655431,-73.66871551280396,0.2273333333333331,-0.0026666666666669003,,False,0.0,,,,,False,,
0.24,0.19733333333333333,0.2826666666666667,False,,False,4.462663481433091e-08,,0.0002055649358080648,-73.74101926082785,0.2373333333333331,-0.0026666666666669003,,False,0.0,,,,,False,,
0.25,0.20733333333333334,0.2926666666666667,False,,False,0.010000198401000358,,0.0001917585083901895,-74.34490714315402,0.2473333333333331,-0.0026666666666669003,,False,0.0,,,,,False,,
0.26,0.21733333333333332,0.30266666666666664,False,,False,0.010000312694132436,,0.00018287870650958915,-74.75673717354876,0.2573333333333331,-0.002666666666666928,,False,0.0,,,,,False,,
0.27,0.22733333333333333,0.31266666666666665,False,,False,0.010000021916008166,,0.00016158167294009554,-75.83215799404482,0.2673333333333331,-0.002666666666666928,,False,0.0,,,,,False,,
0.28,0.23733333333333334,0.32266666666666666,False,,False,0.010000000101420237,,0.0001420006326018731,-76.95419441728383,0.2773333333333331,-0.002666666666666928,,False,0.0,,,,,False,,
0.29,0.24733333333333332,0.33266666666666667,False,,False,0.010000000001129118,,0.00012866388455194176,-77.81086681496895,0.2873333333333331,-0.0026666666666668726,,False,0.0,,,,,False,,
0.3,0.25733333333333336,0.3426666666666667,False,,False,0.010000000417712568,,0.00010068493094617735,-79.94071046909328,0.2973333333333331,-0.0026666666666668726,,False,0.0,,,,,False,,
0.31,0.2673333333333333,0.3526666666666667,False,,False,0.010000000101429395,,8.35363721562544e-05,-81.5624877867642,0.3073333333333331,-0.0026666666666668726,,False,0.0,,,,,False,,
0.32,0.2773333333333333,0.3626666666666667,False,,False,0.010000000000001867,,7.529649790778447e-05,-82.46450445332827,0.3173333333333331,-0.002666666666666928,,False,0.0,,,,,False,,
0.33,0.28733333333333333,0.37266666666666665,False,,False,4.3879702304563023e-16,,7.201661986555688e-05,-82.85134532610562,0.3273333333333331,-0.002666666666666928,,False,0.0,,,,,False,,
0.34,0.29733333333333334,0.38266666666666665,False,,False,0.01,,0.0001050005816582312,-79.57616590236115,0.3373333333333331,-0.002666666666666928,,False,0.0,,,,,False,,
0.35,0.30733333333333335,0.39266666666666666,False,,False,0.01000000000061301,,0.00020765040106800574,-73.65334451463578,0.3473333333333331,-0.0026666666666668726,,False,0.0,,,,,False,,
0.36,0.31733333333333336,0.4026666666666667,False,,False,0.01000032860450166,,0.00034604155033239874,-69.21743501855643,0.3573333333333331,-0.0026666666666668726,,False,0.0,,,,,False,,
0.37,0.3273333333333333,0.4126666666666667,False,,False,0.010000000000000439,,0.0006033314872273637,-64.3888801745188,0.3673333333333331,-0.0026666666666668726,,False,0.0,,,,,False,,
0.38,0.3373333333333333,0.4226666666666667,False,,False,0.01,,0.0023531818099827542,-52.56689034707078,0.37733333333333313,-0.0026666666666668726,,False,0.0,,,,,False,,
0.39,0.3473333333333333,0.43266666666666664,False,,False,0.010000000208892744,,0.002683376693868726,-51.42636713109223,0.3873333333333331,-0.002666666666666928,,False,0.0,,,,,False,,
0.4,0.35733333333333334,0.44266666666666665,False,,False,0.010000000009505967,,0.0028502685760317696,-50.90228430444068,0.3973333333333331,-0.002666666666666928,,False,0.0,,,,,False,,
0.41,0.36733333333333335,0.45266666666666666,False,,False,0.010000000000006925,,0.00302581147027553,-50.38316270252719,0.4073333333333331,-0.0026666666666668726,,False,0.0,,,,,False,,
0.42,0.37733333333333335,0.46266666666666667,False,65.0,True,0.010000000000023851,-9.300000000000002,0.0036583367860914444,-48.73432631831642,0.4173333333333331,-0.0026666666666668726,,False,0.0,,,near_pyin_floor|pyin_probability_below_0.5|voicing_disagreement,,False,-9.7,
0.43,0.3873333333333333,0.4726666666666667,False,67.68203991476243,True,0.010000000023042119,-8.599999999999998,0.004349096445841239,-47.23201922571275,0.4273333333333331,-0.0026666666666668726,,False,0.0,,,near_pyin_floor|pyin_probability_below_0.5|voicing_disagreement,,False,-8.999999999999996,
0.44,0.3973333333333333,0.4826666666666667,False,65.37654116941047,True,0.010001873046012551,-9.200000000000003,0.005391166143769133,-45.36634567947145,0.43733333333333313,-0.0026666666666668726,,False,0.0,,,near_pyin_floor|pyin_probability_below_0.5|voicing_disagreement,,False,-9.6,
0.45,0.4073333333333333,0.49266666666666664,False,65.0,True,0.010349055133375844,-9.300000000000002,0.005788592879926124,-44.74853987831003,0.4473333333333331,-0.002666666666666928,,False,0.0,,,near_pyin_floor|pyin_probability_below_0.5|voicing_disagreement,,False,-9.7,
0.46,0.41733333333333333,0.5026666666666667,False,65.0,True,0.011085791888943373,-9.300000000000002,0.005773174758775071,-44.77170591698412,0.4573333333333331,-0.002666666666666928,,False,0.0,,,near_pyin_floor|pyin_probability_below_0.5|voicing_disagreement,,False,-9.7,
0.47,0.42733333333333334,0.5126666666666667,False,65.75526361962497,True,0.010824463728234167,-9.1,0.005350895113042478,-45.43147123756338,0.4673333333333331,-0.0026666666666668726,,False,0.0,,,near_pyin_floor|pyin_probability_below_0.5|voicing_disagreement,,False,-9.499999999999998,
0.48,0.43733333333333335,0.5226666666666666,False,66.90464538182698,True,0.010824463728234167,-8.800000000000004,0.005485313156388055,-45.21597147041237,0.4773333333333331,-0.0026666666666668726,,False,0.0,,,near_pyin_floor|pyin_probability_below_0.5|voicing_disagreement,,False,-9.2,
0.49,0.44733333333333336,0.5326666666666666,False,67.68203991476243,True,0.013980210380185928,-8.599999999999998,0.005499948572776542,-45.19282742707435,0.4873333333333331,-0.0026666666666668726,,False,0.0,,,near_pyin_floor|pyin_probability_below_0.5|voicing_disagreement,,False,-8.999999999999996,
0.5,0.4573333333333333,0.5426666666666666,False,67.29222004968955,True,0.015085587297504338,-8.7,0.005424038834600165,-45.313544194058125,0.4973333333333331,-0.0026666666666668726,,False,0.0,,,near_pyin_floor|pyin_probability_below_0.5|voicing_disagreement,,False,-9.099999999999998,
0.51,0.4673333333333333,0.5526666666666666,False,67.29222004968955,True,0.010467533617069905,-8.7,0.004976429828039708,-46.0616423095767,0.5073333333333331,-0.002666666666666928,,False,0.0,,,near_pyin_floor|pyin_probability_below_0.5|voicing_disagreement,,False,-9.099999999999998,
0.52,0.47733333333333333,0.5626666666666666,False,,False,0.01002672467381077,,0.004246231306139861,-47.439927041629005,0.5173333333333331,-0.002666666666666928,,False,0.0,,,,,False,,
0.53,0.48733333333333334,0.5726666666666667,False,,False,1.484576051477853e-07,,0.0031282539709371485,-50.093959909564106,0.5273333333333331,-0.002666666666666928,,False,0.0,,,,,False,,
0.54,0.49733333333333335,0.5826666666666667,False,,False,4.650819535505359e-09,,0.002602931537040818,-51.69074509326214,0.5373333333333331,-0.002666666666666928,,False,0.0,,,,,False,,
0.55,0.5073333333333333,0.5926666666666667,False,,False,0.0100000470079773,,0.0025410090222107297,-51.89987585846229,0.5473333333333331,-0.002666666666666928,,False,0.0,,,,,False,,
0.56,0.5173333333333333,0.6026666666666667,False,,False,0.010000000047726025,,0.002356840336594919,-52.55339675243653,0.5573333333333331,-0.002666666666666928,,False,0.0,,,,,False,,
0.57,0.5273333333333333,0.6126666666666667,False,,False,0.01,,0.002054205899322507,-53.74712055792987,0.5673333333333331,-0.002666666666666817,,False,0.0,,,,,False,,
0.58,0.5373333333333333,0.6226666666666667,False,,False,0.01,,0.002468126542355707,-52.15265155049102,0.5773333333333331,-0.002666666666666817,,False,0.0,,,,,False,,
0.59,0.5473333333333333,0.6326666666666667,False,,False,0.01,,0.002990991663329767,-50.483695949169196,0.5873333333333332,-0.002666666666666817,,False,0.0,,,,,False,,
0.6,0.5573333333333333,0.6426666666666667,False,,False,0.010000016226422836,,0.003291100047562403,-49.65317830401321,0.5973333333333332,-0.002666666666666817,,False,0.0,,,,,False,,
0.61,0.5673333333333334,0.6526666666666666,False,,False,0.010001873046012551,,0.0035399710431840105,-49.02000580940985,0.6073333333333331,-0.002666666666666928,,False,0.0,,,,,False,,
0.62,0.5773333333333334,0.6626666666666666,False,,False,0.01000419105279527,,0.0035226527970382967,-49.06260320087242,0.6173333333333331,-0.002666666666666928,,False,0.0,,,,,False,,
0.63,0.5873333333333334,0.6726666666666666,False,,False,0.010001873046012551,,0.0035113403800254538,-49.09054138277111,0.6273333333333331,-0.002666666666666928,,False,0.0,,,,,False,,
0.64,0.5973333333333334,0.6826666666666666,False,,False,0.0100028158258111,,0.003569024517113799,-48.949009373693386,0.6373333333333331,-0.002666666666666928,,False,0.0,,,,,False,,
0.65,0.6073333333333333,0.6926666666666667,False,,False,0.010467533617069905,,0.003653746016798307,-48.745232901775104,0.6473333333333331,-0.002666666666666928,,False,0.0,,,,,False,,
0.66,0.6173333333333333,0.7026666666666667,False,,False,0.013100262550513395,,0.0036317277517735605,-48.797734306180104,0.6573333333333331,-0.002666666666666928,,False,0.0,,,,,False,,
0.67,0.6273333333333333,0.7126666666666667,False,,False,0.010052967545965857,,0.002743438073646848,-51.23409676969696,0.6673333333333331,-0.002666666666666928,,False,0.0,,,,,False,,
0.68,0.6373333333333333,0.7226666666666667,False,,False,0.01000020633903134,,0.0022808853397078294,-52.83793092387339,0.6773333333333331,-0.002666666666666928,,False,0.0,,,,,False,,
0.69,0.6473333333333333,0.7326666666666667,False,,False,0.010000078102280324,,0.001823993194401081,-54.77953572848068,0.6873333333333331,-0.002666666666666817,,False,0.0,,,,,False,,
0.7,0.6573333333333333,0.7426666666666667,False,,False,0.01002672467381077,,0.0016735086985590038,-55.52744051851299,0.6973333333333331,-0.002666666666666817,,False,0.0,,,,,False,,
0.71,0.6673333333333333,0.7526666666666667,False,,False,0.010009025493342986,,0.0016528980797125027,-55.635078497634595,0.7073333333333331,-0.002666666666666817,,False,0.0,,,,,False,,
0.72,0.6773333333333333,0.7626666666666667,False,,False,0.01000123296498612,,0.0013978385119796197,-57.09085996818922,0.7173333333333332,-0.002666666666666817,,False,0.0,,,,,False,,
0.73,0.6873333333333334,0.7726666666666666,False,,False,0.010037765502929688,,0.0011260808078135626,-58.968608865922505,0.7273333333333332,-0.002666666666666817,,False,0.0,,,,,False,,
0.74,0.6973333333333334,0.7826666666666666,False,,False,0.01000000000061386,,0.0010809916255214262,-59.32355341055306,0.7373333333333331,-0.002666666666666928,,False,0.0,,,,,False,,
0.75,0.7073333333333334,0.7926666666666666,False,,False,0.010000000000001869,,0.0010755564985059393,-59.367335427615075,0.7473333333333331,-0.002666666666666928,,False,0.0,,,,,False,,
0.76,0.7173333333333334,0.8026666666666666,False,,False,0.010000000101429396,,0.0011210141407116934,-59.00777818174326,0.7573333333333331,-0.002666666666666928,,False,0.0,,,,,False,,
0.77,0.7273333333333334,0.8126666666666666,False,,False,0.010000088551538385,,0.0011601615627033516,-58.709630544690626,0.7673333333333331,-0.002666666666666928,,False,0.0,,,,,False,,
0.78,0.7373333333333333,0.8226666666666667,False,,False,0.01002672467381077,,0.001193720088485872,-58.461949951192764,0.7773333333333331,-0.002666666666666928,,False,0.0,,,,,False,,
0.79,0.7473333333333333,0.8326666666666667,False,,False,1.6730542525426802e-05,,0.0011059027737385539,-59.12566105348177,0.7873333333333331,-0.002666666666666928,,False,0.0,,,,,False,,
0.8,0.7573333333333333,0.8426666666666667,False,,False,0.010013068846238975,,0.0010998728413185884,-59.17315043330534,0.7973333333333331,-0.002666666666666928,,False,0.0,,,,,False,,
0.81,0.7673333333333333,0.8526666666666667,False,,False,0.010349055133375844,,0.0010746953290423974,-59.37429277393525,0.8073333333333331,-0.002666666666666928,,False,0.0,,,,,False,,
0.82,0.7773333333333333,0.8626666666666667,False,,False,0.010037765502929688,,0.0008853036293956054,-61.05815510681386,0.8173333333333331,-0.002666666666666817,,False,0.0,,,,,False,,
0.83,0.7873333333333333,0.8726666666666667,False,,False,0.010013068846238975,,0.0008350820984599846,-61.56541652253306,0.8273333333333331,-0.002666666666666817,,False,0.0,,,,,False,,
0.84,0.7973333333333333,0.8826666666666667,False,,False,0.010000000021701592,,0.012423471797879474,-38.11514043107409,0.8373333333333332,-0.002666666666666817,,False,0.0,,,,,False,,
0.85,0.8073333333333333,0.8926666666666667,False,,False,0.010000027850262286,,0.02809860819737586,-31.026303827641758,0.8473333333333332,-0.002666666666666817,,False,0.0,,,,,False,,
0.86,0.8173333333333334,0.9026666666666666,False,,False,0.01000032860450166,,0.047291219766308124,-26.504389684612132,0.8573333333333332,-0.002666666666666817,,False,0.0,,,,,False,,
0.87,0.8273333333333334,0.9126666666666666,False,,False,0.010140046044704068,,0.056173717110867154,-25.009336743297567,0.8673333333333331,-0.002666666666666928,,False,0.0,,,,,False,,
0.88,0.8373333333333334,0.9226666666666666,False,,False,0.010467533617069903,,0.06350499714483245,-23.943841983282677,0.8773333333333331,-0.002666666666666928,,False,0.0,,,,,False,,
0.89,0.8473333333333334,0.9326666666666666,False,,False,0.011853505394683413,,0.07029248103280013,-23.06182255240738,0.8873333333333331,-0.002666666666666928,,False,0.0,,,,,False,,
0.9,0.8573333333333333,0.9426666666666667,False,,False,0.010259050559778863,,0.0766283956654989,-22.312205339555224,0.8973333333333331,-0.002666666666666928,130.4774393939272,True,0.7143792813451229,,,voicing_disagreement,2.8382810684650543,False,,2.0330975279733208
0.91,0.8673333333333333,0.9526666666666667,False,,False,0.010037765502929688,,0.08341250666216092,-21.575376549080993,0.9073333333333331,-0.002666666666666928,132.53455013184976,True,0.872784742781924,,,voicing_disagreement,3.1090985913706692,False,,2.303915050878939
0.92,0.8773333333333333,0.9626666666666667,False,,False,0.010140046044704068,,0.08457305899901933,-21.45535921474016,0.9173333333333331,-0.002666666666666928,137.79251480423,True,0.8318976117189931,,,voicing_disagreement,3.7826468092712977,False,,2.977463268779564
0.93,0.8873333333333333,0.9726666666666667,False,,False,0.010622609040911531,,0.08325103034854583,-21.592207655671572,0.9273333333333331,-0.002666666666666928,140.80063883809905,True,0.7046277615235133,,,voicing_disagreement,4.1565231291669855,False,,3.3513395886752555
0.94,0.8973333333333333,0.9826666666666667,False,,False,0.011085791888943373,,0.07614126635153738,-22.367598088938053,0.9373333333333331,-0.002666666666666817,150.4114305893351,True,0.7023357790463222,,,voicing_disagreement,5.29964708591054,False,,4.494463545418807
0.95,0.9073333333333333,0.9926666666666667,False,,False,0.011422334250709074,,0.06876406658756247,-23.25276895607097,0.9473333333333331,-0.002666666666666817,149.4146626745871,True,0.6010098119636086,,,voicing_disagreement,5.184537364027383,False,,4.379353823535653
0.96,0.9173333333333333,1.0026666666666666,False,,False,0.011085791888943371,,0.06135392846597769,-24.24315248710971,0.9573333333333331,-0.002666666666666817,146.6328997944642,True,0.5484304022953708,,,voicing_disagreement,4.859182592305339,False,,4.053999051813607
0.97,0.9273333333333333,1.0126666666666666,False,,False,0.011085791888943375,,0.05433306862032133,-25.298715324233278,0.9673333333333332,-0.002666666666666817,145.42588427991615,True,0.43308985060372834,,,voicing_disagreement,4.7160854921686495,False,,3.9109019516769163
0.98,0.9373333333333334,1.0226666666666666,False,,False,0.01010197459374499,,0.046612718400084664,-26.629911375490963,0.9773333333333332,-0.002666666666666817,144.07277771295313,True,0.28603863651353445,,,voicing_disagreement,4.554249772224012,False,,3.7490662317322823
0.99,0.9473333333333334,1.0326666666666666,False,,False,0.01019107549696831,,0.036351434198662866,-28.78956899883454,0.9873333333333331,-0.002666666666666928,137.0739733285962,True,0.5653132929781258,,,voicing_disagreement,3.692132588320062,False,,2.886949047828331
1.0,0.9573333333333334,1.0426666666666666,False,,False,0.010000127845232543,,0.018947306820885017,-34.44905024262589,0.9973333333333331,-0.002666666666666928,141.93959890687537,True,0.725754344917443,,,voicing_disagreement,4.296002188321134,False,,3.4908186478294
1.01,0.9673333333333334,1.0526666666666666,False,,False,0.010000005216229447,,0.020169847690281014,-33.905947625749896,1.007333333333333,-0.002666666666667039,147.3017133031249,True,0.8280298302700387,,,voicing_disagreement,4.937967101874712,False,,4.132783561382979
1.02,0.9773333333333334,1.0626666666666666,False,,False,0.010000000101429396,,0.02459296198750055,-32.18378322973313,1.017333333333333,-0.002666666666667039,146.67547872258226,True,0.8457667265329097,,,voicing_disagreement,4.8642089806425055,False,,4.059025440150772
1.03,0.9873333333333333,1.0726666666666667,False,,False,0.010000000021701594,,0.026766244730483238,-31.448251109866064,1.027333333333333,-0.002666666666667039,146.38497060769518,True,0.6681316468877208,,,voicing_disagreement,4.829885843152571,False,,4.024702302660839
1.04,0.9973333333333333,1.0826666666666667,False,,False,0.010000000001606035,,0.02646813883889361,-31.54553191852621,1.037333333333333,-0.002666666666667039,,False,0.0,,,,,False,,
1.05,1.0073333333333334,1.0926666666666667,False,,False,0.010000000000221915,,0.026362999734183223,-31.580103494700225,1.047333333333333,-0.002666666666667039,,False,0.0,,,,,False,,
1.06,1.0173333333333334,1.1026666666666667,False,,False,0.010000000000221913,,0.02617568122641732,-31.64204013833168,1.057333333333333,-0.002666666666667039,,False,0.0,,,,,False,,
1.07,1.0273333333333334,1.1126666666666667,False,,False,0.010000000000613858,,0.027612124281905175,-31.178003610481134,1.067333333333333,-0.002666666666667039,,False,0.0,,,,,False,,
1.08,1.0373333333333334,1.1226666666666667,False,,False,0.010000002871100366,,0.030037942426754418,-30.446596388957342,1.077333333333333,-0.002666666666667039,,False,0.0,,,,,False,,
1.09,1.0473333333333332,1.1326666666666667,False,,False,0.010001232964986121,,0.03144496231439898,-30.048978428413477,1.087333333333333,-0.002666666666667039,,False,0.0,,,,,False,,
1.1,1.0573333333333332,1.1426666666666667,False,,False,0.010467533617069903,,0.02911939581992527,-30.716352803385103,1.097333333333333,-0.002666666666667039,,False,0.0,,,,,False,,
1.11,1.0673333333333332,1.1526666666666667,False,,False,0.012403124793551348,,0.028454022790264204,-30.917126499537627,1.107333333333333,-0.002666666666667039,74.58007147557919,True,0.6258804558287547,,,voicing_disagreement,-6.8449784095602055,False,,-7.650161950051936
1.12,1.0773333333333333,1.1626666666666667,False,,False,0.013980210380185928,,0.028444080738745006,-30.920161945634934,1.117333333333333,-0.002666666666667039,75.66232730588584,True,0.866827078890533,,,voicing_disagreement,-6.59555872956715,False,,-7.400742270058882
1.13,1.0873333333333333,1.1726666666666667,False,,False,0.010824463728234167,,0.032232862722344574,-29.834022428812368,1.127333333333333,-0.002666666666666817,74.92349362811815,True,0.872338208633274,,,voicing_disagreement,-6.765442490936133,False,,-7.5706260314278655
1.14,1.0973333333333333,1.1826666666666668,False,,False,0.01010197459374499,,0.034409367873622185,-29.26646611254472,1.137333333333333,-0.002666666666666817,73.53719160442397,True,0.8946952843413056,,,voicing_disagreement,-7.088771596170951,False,,-7.893955136662683
1.15,1.1073333333333333,1.1926666666666668,False,124.84848285663055,True,0.010013068846238975,1.9999999999999973,0.037019508358723,-28.631387064720904,1.147333333333333,-0.002666666666666817,72.3499911716208,True,0.8044054436711446,52.49849168500975,9.445362529116585,pyin_probability_below_0.5|pitch_difference_over_1_semitone,-7.370546478022128,False,1.6000000000000023,-8.17573001851386
1.16,1.1173333333333333,1.2026666666666668,False,132.2723599733492,True,0.010191075496968311,2.9999999999999964,0.0416388672336238,-27.610021875678687,1.157333333333333,-0.002666666666666817,70.32679432929945,True,0.8032062453267677,61.945565644049765,10.936383131699793,pyin_probability_below_0.5|pitch_difference_over_1_semitone,-7.86156708060534,False,2.5999999999999974,-8.666750621097073
1.17,1.1273333333333333,1.2126666666666666,False,135.36407982952485,True,0.011422334250709074,3.4000000000000004,0.04496656808725049,-26.942205142857347,1.1673333333333331,-0.002666666666666817,133.02617052088308,True,0.7923421950118722,2.3379093086417697,0.3016183017676338,pyin_probability_below_0.5,3.1731977493268255,False,3.0000000000000027,2.368014208835092
1.18,1.1373333333333333,1.2226666666666666,False,140.13768379557115,True,0.020317628556360583,3.9999999999999973,0.053975394877694496,-25.356083434686518,1.1773333333333331,-0.002666666666666817,132.5026206744834,True,0.9958398815129276,7.6350631210877395,0.9698887511588762,pyin_probability_below_0.5,3.1049272999355795,False,3.599999999999997,2.299743759443846
1.19,1.1473333333333333,1.2326666666666666,False,142.58724736030138,True,0.04768699308253103,4.299999999999999,0.05867551336214537,-24.63086203991449,1.187333333333333,-0.002666666666667039,134.3001065794398,True,0.9769222637832178,8.287140780861563,1.0366140829266213,pyin_probability_below_0.5|pitch_difference_over_1_semitone,3.338201968167834,False,3.9000000000000004,2.5330184276761054
1.2,1.1573333333333333,1.2426666666666666,False,143.41324688128702,True,0.06608151270920701,4.399999999999997,0.06341157102837233,-23.95662973976146,1.197333333333333,-0.002666666666667039,137.55850808990195,True,0.9539204910187782,5.854738791385074,0.721594989716059,pyin_probability_below_0.5,3.7532210613783947,False,3.9999999999999973,2.9480375208866625
1.21,1.1673333333333333,1.2526666666666666,False,144.24403136881983,True,0.056071395445892624,4.4999999999999964,0.06820414062013778,-23.323785177283543,1.207333333333333,-0.002666666666667039,141.2557117919434,True,0.9353006256920375,2.988319576876421,0.3624290157007915,pyin_probability_below_0.5,4.2123870353936645,False,4.099999999999998,3.4072034949019323
1.22,1.1773333333333333,1.2626666666666666,False,145.9200662802185,True,0.06608151270920702,4.699999999999999,0.07346622283568913,-22.67824576464404,1.217333333333333,-0.002666666666667039,144.23493174448717,True,0.8996289852266922,1.685134535731322,0.20109218220376956,pyin_probability_below_0.5,4.573723868890689,False,4.3000000000000025,3.7685403283989567
1.23,1.1873333333333334,1.2726666666666666,False,147.61557577921405,True,0.07797523762294818,4.899999999999999,0.08107138198205577,-21.82264847450945,1.227333333333333,-0.002666666666667039,145.51390410106265,True,0.8929888624636251,2.101671678151405,0.2482553388221096,pyin_probability_below_0.5,4.726560712272347,False,4.499999999999999,3.9213771717806156
1.24,1.1973333333333334,1.2826666666666666,False,149.33078614961454,True,0.047686993082531035,5.099999999999998,0.08818864350565249,-21.091746750964173,1.237333333333333,-0.002666666666667039,146.46830651126507,True,0.9032551026008999,2.8624796383494697,0.3350772222363064,pyin_probability_below_0.5,4.8397388288581515,False,4.699999999999999,4.034555288366418
1.25,1.2073333333333334,1.2926666666666666,False,151.06592630451914,True,0.04069733156888105,5.299999999999995,0.09113366575368691,-20.806423206934518,1.247333333333333,-0.002666666666667039,147.80229795363894,True,0.9202061366386135,3.2636283508801966,0.37811507983297776,pyin_probability_below_0.5,4.996700971261479,False,4.899999999999999,4.191517430769746
1.26,1.2173333333333334,1.3026666666666666,False,151.9410423129619,True,0.026168028608935755,5.399999999999996,0.09341276882302028,-20.591875098449183,1.257333333333333,-0.002666666666667039,149.74723423626932,True,0.9281674845112714,2.1938080766925907,0.2517871910269279,pyin_probability_below_0.5,5.2230288600675285,False,5.0,4.417845319575796
1.27,1.2273333333333334,1.3126666666666666,False,153.70651218352927,True,0.018187375734912182,5.6,0.09244573543700797,-20.682262364816133,1.267333333333333,-0.002666666666667039,151.82090572105793,True,0.9214251280251972,1.885606462471344,0.2136939185854742,pyin_probability_below_0.5,5.461122132508984,False,5.200000000000001,4.655938592017249
1.28,1.2373333333333334,1.3226666666666667,False,155.49249582586248,True,0.022944219124638603,5.799999999999995,0.0934167862989465,-20.59150154564057,1.277333333333333,-0.002666666666667039,154.19764191353173,True,0.9493415114401912,1.2948539123307512,0.1447710450884842,pyin_probability_below_0.5,5.73004500600597,False,5.399999999999999,4.924861465514237
1.29,1.2473333333333334,1.3326666666666667,False,156.39325469067515,True,0.04069733156888106,5.899999999999998,0.09305077027650348,-20.62560054836436,1.287333333333333,-0.002666666666667039,156.43568106069776,True,0.9140147497064613,0.04242637002261063,-0.004695855684536444,pyin_probability_below_0.5,5.979511906778992,False,5.499999999999998,5.174328366287258
1.3,1.2573333333333334,1.3426666666666667,False,157.29923159850804,True,0.1504646013433388,5.999999999999998,0.08941766880965255,-20.971533134517735,1.297333333333333,-0.002666666666667039,159.07158139102313,True,0.954484992837106,1.7723497925150866,-0.19397392434271804,pyin_probability_below_0.5,6.268789975437176,False,5.600000000000002,5.463606434945443
1.31,1.2673333333333334,1.3526666666666667,False,157.29923159850804,True,0.2065067991177523,5.999999999999998,0.08612276407317365,-21.29764080259498,1.307333333333333,-0.002666666666667039,159.6286954272925,True,0.9654654967660914,2.329463828784469,-0.2545007479064736,pyin_probability_below_0.5,6.329316799000932,False,5.600000000000002,5.524133258509199
1.32,1.2773333333333334,1.3626666666666667,False,158.21045677717683,True,0.12793708630129036,6.099999999999998,0.07862301573180523,-22.08900604049837,1.317333333333333,-0.002666666666667039,159.6378331487752,True,0.950621061229055,1.4273763715983705,-0.15549174026866178,pyin_probability_below_0.5,6.3303077913631185,False,5.700000000000003,5.525124250871387
1.33,1.2873333333333334,1.3726666666666667,False,159.12696062960518,True,0.09203757081218102,6.199999999999999,0.07463778479617207,-22.540825173300576,1.327333333333333,-0.002666666666667039,158.41214357470602,True,0.9601879028083731,0.7148170548991573,0.07794427195229046,pyin_probability_below_0.5,6.196871779142168,False,5.800000000000001,5.391688238650434
1.34,1.2973333333333332,1.3826666666666667,False,158.21045677717683,True,0.04768699308253103,6.099999999999998,0.06698059892240443,-23.481019468699266,1.337333333333333,-0.002666666666667039,155.82869771654816,True,0.824732981611366,2.381759060628667,0.2626081102826287,pyin_probability_below_0.5,5.912207940811829,False,5.700000000000003,5.107024400320098
1.35,1.3073333333333332,1.3926666666666667,False,157.29923159850804,True,0.022944219124638603,5.999999999999998,0.06083237622581204,-24.317304377102836,1.347333333333333,-0.002666666666667039,150.3121162328613,True,0.8033694716009803,6.98711536564673,0.7866038131402086,pyin_probability_below_0.5,5.288212237954249,False,5.600000000000002,4.483028697462517
1.36,1.3173333333333332,1.4026666666666667,False,154.59692495035372,True,0.026168028608935755,5.6999999999999975,0.05241032261306139,-25.611663339571056,1.357333333333333,-0.002666666666667039,148.8099664477931,True,0.8354461116506956,5.786958502560623,0.6604856404596382,pyin_probability_below_0.5,5.114330410634816,False,5.299999999999999,4.309146870143085
1.37,1.3273333333333333,1.4126666666666667,False,151.06592630451914,True,0.04069733156888106,5.299999999999995,0.04631404720894798,-26.685745320000148,1.367333333333333,-0.002666666666667039,144.0407313199956,True,0.7927360059309718,7.0251949845235515,0.82441752534985,pyin_probability_below_0.5,4.550398525744606,False,4.899999999999999,3.745214985252871
1.38,1.3373333333333333,1.4226666666666667,False,149.33078614961454,True,0.17653060863289755,5.099999999999998,0.04168646429110958,-27.600098774844433,1.377333333333333,-0.002666666666666817,139.36933198299258,True,0.889430512387593,9.961454166621962,1.1951818806094172,pyin_probability_below_0.5|pitch_difference_over_1_semitone,3.9796341704850393,False,4.699999999999999,3.174450629993308
1.39,1.3473333333333333,1.4326666666666668,False,148.4707041104003,True,0.12793708630129033,5.0,0.03475956815676909,-29.178512554880104,1.387333333333333,-0.002666666666666817,144.0810765535555,True,0.8633410148740288,4.3896275568448,0.5195690869044272,pyin_probability_below_0.5,4.555246964190032,False,4.600000000000001,3.7500634236983
1.4,1.3573333333333333,1.4426666666666668,False,141.7660052464835,True,0.07797523762294821,4.199999999999998,0.029950970772775486,-30.471781933321765,1.397333333333333,-0.002666666666666817,151.76299701762935,True,0.8255003452298337,9.996991771145844,-1.1797014149994491,pyin_probability_below_0.5|pitch_difference_over_1_semitone,5.454517466093907,False,3.8000000000000007,4.649333925602176
1.41,1.3673333333333333,1.4526666666666668,False,,False,0.010009025493342986,,0.035536197376228526,-28.986580932345586,1.407333333333333,-0.002666666666666817,,False,0.0,,,,,False,,
1.42,1.3773333333333333,1.4626666666666666,False,170.54805357686834,True,0.01818737573491218,7.399999999999999,0.05113990174488526,-25.82480221438105,1.4173333333333331,-0.002666666666666817,,False,0.0,,,pyin_probability_below_0.5|voicing_disagreement,,False,7.0,
1.43,1.3873333333333333,1.4726666666666666,False,164.73856077731807,True,0.030106861794195007,6.799999999999995,0.0649756410575684,-23.74498854007385,1.4273333333333331,-0.002666666666666817,,False,0.0,,,pyin_probability_below_0.5|voicing_disagreement,,False,6.399999999999999,
1.44,1.3973333333333333,1.4826666666666666,False,160.97592684906726,True,0.047686993082531035,6.400000000000001,0.07920372073435966,-22.02508832365314,1.437333333333333,-0.002666666666667039,179.00356276795637,True,0.7834985930275873,18.027635918889104,-1.8377201475789413,pyin_probability_below_0.5|pitch_difference_over_1_semitone,8.3125361986734,False,6.000000000000002,7.5073526581816665
1.45,1.4073333333333333,1.4926666666666666,False,159.12696062960518,True,0.108579770728745,6.199999999999999,0.09444497649417143,-20.49642274295977,1.447333333333333,-0.002666666666667039,172.1274259441324,True,0.8497487597568947,13.000465314527219,-1.359584373132101,pyin_probability_below_0.5|pitch_difference_over_1_semitone,7.634400424226556,False,5.800000000000001,6.8292168837348255
1.46,1.4173333333333333,1.5026666666666666,False,158.21045677717683,True,0.12793708630129033,6.099999999999998,0.1022070165396423,-19.810385774857973,1.457333333333333,-0.002666666666667039,165.2381525309173,True,0.8999425958534221,7.02769575374046,-0.7524225425885349,pyin_probability_below_0.5,6.9272385936829926,False,5.700000000000003,6.122055053191261
1.47,1.4273333333333333,1.5126666666666666,False,157.29923159850804,True,0.17653060863289757,5.999999999999998,0.11472713778335977,-18.8066768214799,1.467333333333333,-0.002666666666667039,160.1188790316315,True,0.9396867108773557,2.819647433123464,-0.30758157032529065,pyin_probability_below_0.5,6.382397621419747,False,5.600000000000002,5.577214080928014
1.48,1.4373333333333334,1.5226666666666666,False,156.39325469067515,True,0.1504646013433388,5.899999999999998,0.12103129445812068,-18.342046436109907,1.477333333333333,-0.002666666666667039,157.90248413814209,True,0.9735839456163673,1.5092294474669359,-0.1662669369989729,pyin_probability_below_0.5,6.141082988093428,False,5.499999999999998,5.335899447601696
1.49,1.4473333333333334,1.5326666666666666,False,155.49249582586248,True,0.056071395445892624,5.799999999999995,0.132568752605221,-17.55117660314085,1.487333333333333,-0.002666666666667039,156.3220780314681,True,0.9869298902631876,0.8295822056056181,-0.0921191291150764,pyin_probability_below_0.5,5.96693518020953,False,5.399999999999999,5.161751639717799
1.5,1.4573333333333334,1.5426666666666666,False,154.59692495035372,True,0.03010686179419501,5.6999999999999975,0.1341875316748212,-17.445756714098458,1.497333333333333,-0.002666666666667039,155.09489971569494,True,0.9895740793715493,0.4979747653412119,-0.05567545176755171,pyin_probability_below_0.5,5.830491502862006,False,5.299999999999999,5.025307962370276
1.51,1.4673333333333334,1.5526666666666666,False,153.70651218352927,True,0.01646758759311301,5.6,0.13067445776612213,-17.676185866642825,1.507333333333333,-0.002666666666667039,152.80053282471795,True,0.9618821566572682,0.9059793588113223,0.10234458927511213,pyin_probability_below_0.5,5.572471461819345,False,5.200000000000001,4.767287921327612
1.52,1.4773333333333334,1.5626666666666666,False,152.82122781686914,True,0.010824463728234167,5.5,0.12971364720633302,-17.74028658554936,1.517333333333333,-0.002666666666667039,148.59124546926833,True,0.9258910671478628,4.22998234760081,0.4859500473526041,pyin_probability_below_0.5,5.088866003741853,False,5.100000000000001,4.283682463250121
1.53,1.4873333333333334,1.5726666666666667,False,150.19585059339548,True,0.01010197459374499,5.1999999999999975,0.12200120808601435,-18.272717376260445,1.527333333333333,-0.002666666666667039,143.09426181450164,True,0.8251359963017122,7.101588778893841,0.8385496379801428,pyin_probability_below_0.5,4.436266413114312,False,4.799999999999999,3.63108287262258
1.54,1.4973333333333334,1.5826666666666667,False,148.4707041104003,True,0.01001876450976914,5.0,0.11777846321747273,-18.578682333749605,1.537333333333333,-0.002666666666667039,134.83961052583103,True,0.7637615613625441,13.631093584569271,1.6672070951610838,pyin_probability_below_0.5|pitch_difference_over_1_semitone,3.407608955933372,False,4.600000000000001,2.6024254154416386
1.55,1.5073333333333334,1.5926666666666667,False,142.58724736030138,True,0.010009025493342986,4.299999999999999,0.10786768989342564,-19.34217244134366,1.547333333333333,-0.002666666666667039,127.08963973557974,True,0.7425234065819486,15.497607624721638,1.9919823480985939,pyin_probability_below_0.5|pitch_difference_over_1_semitone,2.3828337029958617,False,3.9000000000000004,1.577650162504132
1.56,1.5173333333333334,1.6026666666666667,False,136.14823596668148,True,0.010006178555334078,3.4999999999999982,0.09917852959956489,-20.07164669515285,1.557333333333333,-0.002666666666667039,121.12743550791448,True,0.808252866922957,15.020800458766999,2.023831388835145,pyin_probability_below_0.5|pitch_difference_over_1_semitone,1.5509846622593109,False,3.1000000000000023,0.7458011217675807
1.57,1.5273333333333334,1.6126666666666667,False,129.25125509628117,True,0.010259050559778863,2.6000000000000005,0.0862633901826288,-21.2834695584695,1.567333333333333,-0.002666666666667039,115.62548117211429,True,0.67318935821848,13.625773924166879,1.92862704654044,pyin_probability_below_0.5|pitch_difference_over_1_semitone,0.7461890045540203,False,2.200000000000003,-0.05899453593771247
1.58,1.5373333333333334,1.6226666666666667,False,124.12940850835416,True,0.010622609040911533,1.9000000000000006,0.07447603702926041,-22.559668816182572,1.577333333333333,-0.002666666666667039,111.90746445097294,True,0.7283058269619987,12.221944057381222,1.7944642371348225,pyin_probability_below_0.5|pitch_difference_over_1_semitone,0.1803518139596326,False,1.5000000000000004,-0.6248317265320993
1.59,1.5473333333333332,1.6326666666666667,False,116.48775344855382,True,0.010824463728234167,0.7999999999999965,0.058542921501769624,-24.650512170180427,1.587333333333333,-0.002666666666667039,101.70429450192981,True,0.5605463274371095,14.783458946624009,2.349572293203822,pyin_probability_below_0.5|pitch_difference_over_1_semitone,-1.474756242109366,False,0.4000000000000011,-2.279939782601099
1.6,1.5573333333333332,1.6426666666666667,False,111.87168684176291,True,0.011422334250709074,0.10000000000000017,0.04934210488259978,-26.135646558052628,1.597333333333333,-0.002666666666667039,101.36088116993892,True,0.5328093331490811,10.510805671823988,1.7081278203207408,pyin_probability_below_0.5|pitch_difference_over_1_semitone,-1.5333117692262845,False,-0.30000000000000004,-2.3384953097180183
1.61,1.5673333333333332,1.6526666666666667,False,111.87168684176291,True,0.01019107549696831,0.10000000000000017,0.04196237687035572,-27.542798401731655,1.607333333333333,-0.002666666666667039,100.83617257798703,True,0.46430843075637773,11.03551426377588,1.7979803085246364,pyin_probability_below_0.5|pitch_difference_over_1_semitone,-1.6231642574301792,False,-0.30000000000000004,-2.428347797921913
1.62,1.5773333333333333,1.6626666666666667,False,101.99593272657759,True,0.010467533617069905,-1.5000000000000022,0.03484204389113583,-29.157927529885722,1.617333333333333,-0.002666666666667039,101.86355831235646,True,0.55863050430507,0.1323744142211325,0.022483243156010756,pyin_probability_below_0.5,-1.4476671920615551,False,-1.9000000000000006,-2.252850732553288
1.63,1.5873333333333333,1.6726666666666667,False,102.5867891540234,True,0.010037765502929688,-1.4000000000000004,0.02606712171410046,-31.67813840439996,1.627333333333333,-0.002666666666666817,107.21247029415792,True,0.5637849152595432,4.6256811401345175,-0.7635331724297505,pyin_probability_below_0.5,-0.5616507764757919,False,-1.799999999999999,-1.3668343169675254
1.64,1.5973333333333333,1.6826666666666668,False,104.98464168400547,True,0.01001876450976914,-1.0000000000000013,0.02108076421101076,-33.52227298625899,1.637333333333333,-0.002666666666666817,111.68602862093826,True,0.5666207789574866,6.701386936932792,-1.0712451966502132,pyin_probability_below_0.5|pitch_difference_over_1_semitone,0.14606124774467194,False,-1.3999999999999984,-0.6591222927470619
1.65,1.6073333333333333,1.6926666666666668,False,111.2273533387383,True,0.01001876450976914,0.0,0.0173836683450183,-35.197171446247694,1.647333333333333,-0.002666666666666817,120.64714022141808,True,0.5668456441289512,9.419786882679787,-1.4073851466600407,pyin_probability_below_0.5|pitch_difference_over_1_semitone,1.4822011977544975,False,-0.3999999999999969,0.6770176572627662
1.66,1.6173333333333333,1.7026666666666668,False,114.4865635674993,True,0.010467533617069905,0.5000000000000008,0.02013740286381479,-33.91993082921836,1.657333333333333,-0.002666666666666817,,False,0.0,,,pyin_probability_below_0.5|voicing_disagreement,,False,0.10000000000000017,
1.67,1.6273333333333333,1.7126666666666666,False,109.9497982220883,True,0.010052967545965857,-0.2000000000000017,0.024776423165550565,-32.11922780228748,1.6673333333333331,-0.002666666666666817,110.16744902831618,True,0.6050545945704887,0.2176508062278799,-0.034236718299721386,pyin_probability_below_0.5,-0.09094723060582181,False,-0.5999999999999991,-0.8961307710975537
1.68,1.6373333333333333,1.7226666666666666,False,111.2273533387383,True,0.010073751764282884,0.0,0.03586616791805594,-28.906300451396724,1.6773333333333331,-0.002666666666666817,108.10579623039574,True,0.7865792420444113,3.1215571083425573,0.49281295403313885,pyin_probability_below_0.5,-0.4179969029386795,False,-0.3999999999999969,-1.2231804434304114
1.69,1.6473333333333333,1.7326666666666666,False,104.37997464223893,True,0.0100028158258111,-1.1000000000000019,0.04265109633820406,-27.401396017941913,1.6873333333333331,-0.002666666666666817,115.16535041585739,True,0.7428123184571171,10.785375773618455,-1.702341174143643,pyin_probability_below_0.5|pitch_difference_over_1_semitone,0.6771572252380972,False,-1.5000000000000004,-0.12802631525363303
1.7,1.6573333333333333,1.7426666666666666,False,102.5867891540234,True,0.0100028158258111,-1.4000000000000004,0.04817567557438285,-26.343443729124548,1.697333333333333,-0.002666666666667039,110.15972136422536,True,0.7293811272490812,7.572932210201955,-1.2330223065523698,pyin_probability_below_0.5|pitch_difference_over_1_semitone,-0.09216164235317406,False,-1.799999999999999,-0.8973451828449053
1.71,1.6673333333333333,1.7526666666666666,False,101.40847938173854,True,0.01002672467381077,-1.6000000000000043,0.052875282854469956,-25.534945927351956,1.707333333333333,-0.002666666666667039,108.51784726951541,True,0.7996308521339796,7.10936788777687,-1.1730485223694518,pyin_probability_below_0.5|pitch_difference_over_1_semitone,-0.3521354265360949,False,-2.0000000000000004,-1.1573189670278272
1.72,1.6773333333333333,1.7626666666666666,False,98.52157682317586,True,0.01000419105279527,-2.100000000000004,0.05841535140160365,-24.669460128679987,1.717333333333333,-0.002666666666667039,106.91917458969904,True,0.49992997154877916,8.397597766523177,-1.4161077834533808,pyin_probability_below_0.5|pitch_difference_over_1_semitone,-0.6090761654521656,False,-2.5000000000000013,-1.4142597059438966
1.73,1.6873333333333334,1.7726666666666666,False,98.52157682317586,True,0.010052967545965857,-2.100000000000004,0.0628495799477838,-24.033952411101986,1.727333333333333,-0.002666666666667039,97.63645925923898,True,0.531989310158869,0.8851175639368876,0.15623688885249756,pyin_probability_below_0.5,-2.181420837758045,False,-2.5000000000000013,-2.9866043782497758
1.74,1.6973333333333334,1.7826666666666666,False,99.09230651162453,True,0.010140046044704068,-2.0000000000000004,0.06722496546395029,-23.449388244367565,1.737333333333333,-0.002666666666667039,99.352267521188,True,0.6155522888793997,0.2599610095634688,-0.045358116826582515,pyin_probability_below_0.5,-1.8798258320789598,False,-2.4000000000000004,-2.685009372570693
1.75,1.7073333333333334,1.7926666666666666,False,101.40847938173854,True,0.010013068846238975,-1.6000000000000043,0.07278906467650233,-22.758677223457582,1.747333333333333,-0.002666666666667039,99.73563692370993,True,0.5725779523094565,1.6728424580286116,0.28796751787584995,pyin_probability_below_0.5,-1.8131514667813944,False,-2.0000000000000004,-2.6183350072731284
1.76,1.7173333333333334,1.8026666666666666,False,102.5867891540234,True,0.010101974593744992,-1.4000000000000004,0.07701102153498195,-22.268942314916934,1.757333333333333,-0.002666666666667039,96.62230936464658,True,0.7370880788947053,5.964479789376824,1.0370005981844548,pyin_probability_below_0.5|pitch_difference_over_1_semitone,-2.362184547089998,False,-1.799999999999999,-3.16736808758173
1.77,1.7273333333333334,1.8126666666666666,False,101.99593272657759,True,0.010037765502929688,-1.5000000000000022,0.0791353487380712,-22.032589588539754,1.767333333333333,-0.002666666666667039,98.33727292727635,True,0.7524366987704253,3.6586597993012475,0.6324164520503419,pyin_probability_below_0.5,-2.0576004009558875,False,-1.9000000000000006,-2.8627839414476206
1.78,1.7373333333333334,1.8226666666666667,False,101.40847938173854,True,0.01002672467381077,-1.6000000000000043,0.08021006498942816,-21.91542263553764,1.777333333333333,-0.002666666666667039,102.05492954953368,True,0.6990242308318146,0.6464501677951375,-0.11001096593222973,pyin_probability_below_0.5,-1.4151729829733144,False,-2.0000000000000004,-2.2203565234650475
1.79,1.7473333333333334,1.8326666666666667,False,109.9497982220883,True,0.01003776550292969,-0.2000000000000017,0.08138887425673978,-21.78869916981877,1.787333333333333,-0.002666666666667039,103.29807450783959,True,0.8494947788870235,6.651723714248718,1.080379130318419,pyin_probability_below_0.5|pitch_difference_over_1_semitone,-1.205563079223963,False,-0.5999999999999991,-2.010746619715696
1.8,1.7573333333333334,1.8426666666666667,False,109.9497982220883,True,0.010140046044704068,-0.2000000000000017,0.08245768685801026,-21.675377047955493,1.797333333333333,-0.002666666666667039,102.73048221266073,True,0.6648566774872554,7.219316009427573,1.1757676151950576,pyin_probability_below_0.5|pitch_difference_over_1_semitone,-1.3009515641006009,False,-0.5999999999999991,-2.1061351045923336
1.81,1.7673333333333334,1.8526666666666667,False,109.9497982220883,True,0.010467533617069905,-0.2000000000000017,0.08287087914665262,-21.631961077231274,1.807333333333333,-0.002666666666667039,109.31191504483016,True,0.8112852735601257,0.6378831772581464,0.1007315116616597,pyin_probability_below_0.5,-0.22591546056720332,False,-0.5999999999999991,-1.0310990010589356
1.82,1.7773333333333334,1.8626666666666667,False,109.9497982220883,True,0.015085587297504338,-0.2000000000000017,0.08277708054405442,-21.641797895010043,1.817333333333333,-0.002666666666667039,109.41255099493951,True,0.8872167240478976,0.5372472271487965,0.08480056448979975,pyin_probability_below_0.5,-0.20998451339534263,False,-0.5999999999999991,-1.0151680538870738
1.83,1.7873333333333334,1.8726666666666667,False,109.9497982220883,True,0.04768699308253103,-0.2000000000000017,0.08061155684355463,-21.872053825538863,1.827333333333333,-0.002666666666667039,109.49377537791062,True,0.8657291936018481,0.45602284417768146,0.07195320405054383,pyin_probability_below_0.5,-0.19713715295608716,False,-0.5999999999999991,-1.00232069344782
1.84,1.7973333333333332,1.8826666666666667,False,109.31653398298289,True,0.2796051653363588,-0.30000000000000204,0.07677873389311161,-22.29518107640375,1.837333333333333,-0.002666666666667039,112.11558385642972,True,0.9260805625131315,2.799049873446833,-0.4377024088754705,pyin_probability_below_0.5,0.21251845996992808,False,-0.7000000000000002,-0.592665080521805
1.85,1.8073333333333332,1.8926666666666667,False,109.9497982220883,True,0.32333605839064083,-0.2000000000000017,0.07212943794503092,-22.837749039083093,1.847333333333333,-0.002666666666667039,111.95776698509464,True,0.9224397640668414,2.007968763006332,-0.3133159313828921,pyin_probability_below_0.5,0.18813198247734592,False,-0.5999999999999991,-0.6170515580143843
1.86,1.8173333333333332,1.9026666666666667,False,110.58673092361124,True,0.2796051653363589,-0.10000000000000259,0.06480109523537692,-23.76835307682859,1.857333333333333,-0.002666666666667039,110.5943779007541,True,0.9328167144231837,0.007646977142854894,-0.001197092037180072,pyin_probability_below_0.5,-0.023986856868362733,False,-0.5000000000000001,-0.8291703973600943
1.87,1.8273333333333333,1.9126666666666667,False,111.87168684176291,True,0.6159498854580681,0.10000000000000017,0.05888926688270409,-24.59927704428349,1.867333333333333,-0.002666666666667039,110.86761019437537,True,0.9823827727932581,1.004076647387535,0.15608412862716292,,0.018731922467293664,True,-0.30000000000000004,-0.7864516180244394
1.88,1.8373333333333333,1.9226666666666667,False,111.2273533387383,True,0.6159498854580681,0.0,0.053200185910591995,-25.48173700078958,1.877333333333333,-0.002666666666666817,112.25317214237181,True,0.9699121173349298,1.0258188036335127,-0.15893509380727788,,0.23375114490173593,True,-0.3999999999999969,-0.5714323955899953
1.89,1.8473333333333333,1.9326666666666668,False,110.58673092361124,True,0.6159498854580681,-0.10000000000000259,0.04777847036236999,-26.41535516782829,1.887333333333333,-0.002666666666666817,110.81655237206084,True,0.9764868662577542,0.22982144844959862,-0.03594118874311874,,0.01075723983757456,True,-0.5000000000000001,-0.7944263006541563
1.9,1.8573333333333333,1.9426666666666668,False,110.58673092361124,True,0.6860828109301793,-0.10000000000000259,0.0435373100576833,-27.22276814493999,1.897333333333333,-0.002666666666666817,110.54271175227808,True,0.9938263122886336,0.044019171333161466,0.00689256829014954,,-0.032076517195690234,True,-0.5000000000000001,-0.8372600576874236
1.91,1.8673333333333333,1.9526666666666668,False,109.9497982220883,True,0.7571601330199094,-0.2000000000000017,0.041194375832324964,-27.70324146172388,1.907333333333333,-0.002666666666666817,110.15876714965304,True,0.9859082984165597,0.20896892756474017,-0.03287234467047291,,-0.09231160423507186,True,-0.5999999999999991,-0.8974951447268029
1.92,1.8773333333333333,1.9626666666666666,False,109.31653398298289,True,0.8266685594724996,-0.30000000000000204,0.03863747909401232,-28.259824338337275,1.9173333333333331,-0.002666666666666817,109.06831039236002,True,0.9879821560315117,0.24822359062287092,0.039355598888730976,,-0.264539547794273,True,-0.7000000000000002,-1.0697230882860063
1.93,1.8873333333333333,1.9726666666666666,False,109.31653398298289,True,0.20650679911775227,-0.30000000000000204,0.03746867276585213,-28.526633808620673,1.9273333333333331,-0.002666666666666817,108.43795949047612,True,0.9652112542377954,0.8785744925067718,0.1397010280107251,pyin_probability_below_0.5,-0.3648849769162712,False,-0.7000000000000002,-1.170068517408003
1.94,1.8973333333333333,1.9826666666666666,False,109.9497982220883,True,0.056071395445892624,-0.2000000000000017,0.03795603595433172,-28.414383012911113,1.9373333333333331,-0.002666666666666817,107.17182813326741,True,0.9378815876538242,2.7779700888208936,0.4430308431367177,pyin_probability_below_0.5,-0.5682147920422611,False,-0.5999999999999991,-1.3733983325339938
1.95,1.9073333333333333,1.9926666666666666,False,113.17157322849613,True,0.0100028158258111,0.2999999999999983,0.04661351394987605,-26.629763132716036,1.947333333333333,-0.002666666666667039,107.34059246089105,True,0.9066521912891192,5.830980767605084,0.9157904055228556,pyin_probability_below_0.5,-0.5409743544284,False,-0.10000000000000067,-1.3461578949201314
1.96,1.9173333333333333,2.002666666666667,False,,False,0.010000802780927255,,0.049583902398902896,-26.09318591940934,1.957333333333333,-0.002666666666667039,108.4527401669476,True,0.6785824863057974,,,voicing_disagreement,-0.36252537270495855,False,,-1.1677089131966905
1.97,1.9273333333333333,2.0126666666666666,False,122.70366064862014,True,0.01000419105279527,1.6999999999999957,0.05249800588583424,-25.597143855395608,1.967333333333333,-0.002666666666667039,121.48376059378415,True,0.5338805424569711,1.219900054835989,0.1729777947169347,pyin_probability_below_0.5,1.6018382563775218,False,1.2999999999999994,0.7966547158857891
1.98,1.9373333333333334,2.022666666666667,False,122.70366064862014,True,0.010006178555334078,1.6999999999999957,0.05517108125201541,-25.165770091669074,1.977333333333333,-0.002666666666667039,124.18824544184129,True,0.5646675377530621,1.4845847932211456,-0.20820404855486063,pyin_probability_below_0.5,1.9830200996493175,False,1.2999999999999994,1.1778365591575848
1.99,1.9473333333333334,2.0326666666666666,False,111.2273533387383,True,0.010006178555334078,0.0,0.05847930513171676,-24.65995592868311,1.987333333333333,-0.002666666666667039,124.36670165854694,True,0.3328832026540109,13.139348319808647,-1.9330637051675494,pyin_probability_below_0.5|pitch_difference_over_1_semitone,2.0078797562620063,False,-0.3999999999999969,1.202696215770276
2.0,1.9573333333333334,2.042666666666667,False,111.87168684176291,True,0.01010197459374499,0.10000000000000017,0.06429072740652589,-23.837033209189794,1.997333333333333,-0.002666666666667039,101.74028901119921,True,0.5690159706314439,10.1313978305637,1.643446308466281,pyin_probability_below_0.5|pitch_difference_over_1_semitone,-1.4686302573718246,False,-0.30000000000000004,-2.2738137978635566
2.01,1.9673333333333334,2.0526666666666666,False,111.87168684176291,True,0.010467533617069905,0.10000000000000017,0.06804741739578596,-23.343767058601053,2.007333333333333,-0.002666666666666817,109.04663990390154,True,0.6625738997289629,2.825046937861373,0.442795682895049,pyin_probability_below_0.5,-0.2679796318005938,False,-0.30000000000000004,-1.0731631722923256
2.02,1.9773333333333334,2.062666666666667,False,111.87168684176291,True,0.011853505394683413,0.10000000000000017,0.07086113475345975,-22.99183794515987,2.017333333333333,-0.002666666666666817,111.21461718729428,True,0.8714594082952578,0.6570696544686285,0.10198247291245241,pyin_probability_below_0.5,0.07283357818200185,False,-0.30000000000000004,-0.7323499623097285
2.03,1.9873333333333334,2.0726666666666667,False,111.87168684176291,True,0.0229442191246386,0.10000000000000017,0.07014135318166846,-23.080517197472766,2.027333333333333,-0.002666666666666817,111.75152557826385,True,0.9369792120135894,0.12016126349905676,0.018605160753984447,pyin_probability_below_0.5,0.156210890340472,False,-0.30000000000000004,-0.6489726501512588
2.04,1.9973333333333334,2.082666666666667,False,112.51975293079859,True,0.12793708630129036,0.19999999999999687,0.06654791346935031,-23.537311135252168,2.037333333333333,-0.002666666666666817,111.55681288540862,True,0.9191689204816612,0.9629400453899706,0.14879600193842335,pyin_probability_below_0.5,0.12602004915603202,False,-0.19999999999999973,-0.6791634913357002
2.05,2.0073333333333334,2.0926666666666667,False,112.51975293079859,True,0.2796051653363589,0.19999999999999687,0.0639953139314717,-23.877036522888933,2.047333333333333,-0.002666666666666817,113.04429086163266,True,0.9206898378663995,0.5245379308340716,-0.0805181133958116,pyin_probability_below_0.5,0.3553341644902689,False,-0.19999999999999973,-0.449849376001465
2.06,2.017333333333333,2.1026666666666665,False,112.51975293079859,True,0.3721358982975087,0.19999999999999687,0.060899010545269326,-24.307795269910798,2.0573333333333332,-0.002666666666666817,112.97182421631518,True,0.9303495926634681,0.45207128551659537,-0.06941653968271472,pyin_probability_below_0.5,0.3442325907771693,False,-0.19999999999999973,-0.4609509497145613
2.07,2.0273333333333334,2.1126666666666667,False,112.51975293079859,True,0.3721358982975087,0.19999999999999687,0.05763305706576242,-24.78656686515626,2.067333333333333,-0.002666666666666817,112.81502111463948,True,0.8764431689228349,0.29526818384088926,-0.04537059388246158,pyin_probability_below_0.5,0.3201866449769168,False,-0.19999999999999973,-0.48499689551481595
2.08,2.037333333333333,2.1226666666666665,False,113.17157322849613,True,0.3721358982975087,0.2999999999999983,0.052812789302248815,-25.545217893712383,2.077333333333333,-0.002666666666667261,112.27879740612632,True,0.8822142901035571,0.8927758223698135,0.137113279223076,pyin_probability_below_0.5,0.23770277187138014,False,-0.10000000000000067,-0.5674807686203527
2.09,2.0473333333333334,2.1326666666666667,False,112.51975293079859,True,0.32333605839064083,0.19999999999999687,0.04796311903574817,-26.381851650759337,2.087333333333333,-0.002666666666666817,111.59609332115322,True,0.8602552824521434,0.9236596096453695,0.14270120087295032,pyin_probability_below_0.5,0.13211485022150687,False,-0.19999999999999973,-0.6730686902702256
2.1,2.0573333333333332,2.1426666666666665,False,112.51975293079859,True,0.20650679911775227,0.19999999999999687,0.042185371879738594,-27.49676236145124,2.097333333333333,-0.002666666666667261,112.08612657802786,True,0.64965946192209,0.43362635277073025,0.06684683774327638,pyin_probability_below_0.5,0.2079692133511762,False,-0.19999999999999973,-0.597214327140554
2.11,2.0673333333333335,2.1526666666666667,False,112.51975293079859,True,0.1504646013433388,0.19999999999999687,0.034525632021075815,-29.23716725092966,2.107333333333333,-0.002666666666666817,,False,0.0,,,pyin_probability_below_0.5|voicing_disagreement,,False,-0.19999999999999973,
2.12,2.0773333333333333,2.1626666666666665,False,111.2273533387383,True,0.07797523762294818,0.0,0.026587706648786454,-31.50638243180488,2.117333333333333,-0.002666666666667261,,False,0.0,,,pyin_probability_below_0.5|voicing_disagreement,,False,-0.3999999999999969,
2.13,2.0873333333333335,2.1726666666666667,False,113.82716948276507,True,0.011085791888943373,0.39999999999999736,0.016279752111724353,-35.76704424609835,2.127333333333333,-0.002666666666666817,,False,0.0,,,pyin_probability_below_0.5|voicing_disagreement,,False,0.0,
2.14,2.0973333333333333,2.1826666666666665,False,113.17157322849613,True,0.012403124793551348,0.2999999999999983,0.006055562133487095,-44.35691070809021,2.137333333333333,-0.002666666666667261,,False,0.0,,,pyin_probability_below_0.5|voicing_disagreement,,False,-0.10000000000000067,
2.15,2.1073333333333335,2.1926666666666668,False,113.17157322849613,True,0.056071395445892624,0.2999999999999983,0.00413654258679334,-47.66725000275464,2.147333333333333,-0.002666666666666817,,False,0.0,,,pyin_probability_below_0.5|voicing_disagreement,,False,-0.10000000000000067,
2.16,2.1173333333333333,2.2026666666666666,False,113.17157322849613,True,0.047686993082531035,0.2999999999999983,0.0035756383640525927,-48.9329282339788,2.157333333333333,-0.002666666666667261,,False,0.0,,,pyin_probability_below_0.5|voicing_disagreement,,False,-0.10000000000000067,
2.17,2.1273333333333335,2.212666666666667,False,112.51975293079859,True,0.03010686179419501,0.19999999999999687,0.0031194441983023423,-50.11845557548325,2.167333333333333,-0.002666666666666817,,False,0.0,,,pyin_probability_below_0.5|voicing_disagreement,,False,-0.19999999999999973,
2.18,2.1373333333333333,2.2226666666666666,False,112.51975293079859,True,0.022944219124638596,0.19999999999999687,0.002702944775230205,-51.3632565485323,2.177333333333333,-0.002666666666667261,,False,0.0,,,pyin_probability_below_0.5|voicing_disagreement,,False,-0.19999999999999973,
2.19,2.1473333333333335,2.232666666666667,False,111.87168684176291,True,0.010013068846238975,0.10000000000000017,0.002513044922978089,-51.99599495853355,2.187333333333333,-0.002666666666666817,,False,0.0,,,pyin_probability_below_0.5|voicing_disagreement,,False,-0.30000000000000004,
2.2,2.1573333333333333,2.2426666666666666,False,,False,0.010000000001606035,,0.016789722115170942,-35.49912983524566,2.197333333333333,-0.002666666666667261,,False,0.0,,,,,False,,
2.21,2.167333333333333,2.252666666666667,False,,False,0.010000001546554296,,0.07735159074839983,-22.23061501068249,2.207333333333333,-0.002666666666666817,,False,0.0,,,,,False,,
2.22,2.1773333333333333,2.2626666666666666,False,136.93693467412865,True,0.010191075496968311,3.599999999999997,0.104922026766837,-19.582666575672594,2.217333333333333,-0.002666666666667261,,False,0.0,,,pyin_probability_below_0.5|voicing_disagreement,,False,3.2,
2.23,2.187333333333333,2.272666666666667,False,138.52806521170294,True,0.015085587297504338,3.7999999999999945,0.1222532531854535,-18.254791507613565,2.227333333333333,-0.002666666666666817,,False,0.0,,,pyin_probability_below_0.5|voicing_disagreement,,False,3.3999999999999977,
2.24,2.1973333333333334,2.2826666666666666,False,136.14823596668148,True,0.034897428019625254,3.4999999999999982,0.13807140677873941,-17.19792500394285,2.237333333333333,-0.002666666666667261,,False,0.0,,,pyin_probability_below_0.5|voicing_disagreement,,False,3.1000000000000023,
2.25,2.207333333333333,2.292666666666667,False,136.93693467412865,True,0.047686993082531035,3.599999999999997,0.14577261669026903,-16.72648100695004,2.247333333333333,-0.002666666666666817,137.60909358904746,True,0.663613899392856,0.6721589149188105,-0.08477024652265178,pyin_probability_below_0.5,3.7595862976171057,False,3.2,2.9544027571253757
2.26,2.2173333333333334,2.3026666666666666,False,136.93693467412865,True,0.07797523762294818,3.599999999999997,0.1525257625050588,-16.333135904202177,2.257333333333333,-0.002666666666666817,138.06952071103444,True,0.846667605283232,1.132586036905792,-0.14259902325828316,pyin_probability_below_0.5,3.8174150743527377,False,3.2,3.012231533861005
2.27,2.227333333333333,2.312666666666667,False,136.93693467412865,True,0.10857977072874499,3.599999999999997,0.1604264521746152,-15.894480416011396,2.267333333333333,-0.002666666666666817,136.11024002394538,True,0.8782178215842233,0.8266946501832706,0.10483216325800775,pyin_probability_below_0.5,3.5699838878364476,False,3.2,2.764800347344714
2.28,2.2373333333333334,2.3226666666666667,False,136.93693467412865,True,0.1765306086328976,3.599999999999997,0.16481243639071155,-15.660200409564506,2.277333333333333,-0.002666666666666817,135.89172918925684,True,0.9365624577022502,1.0452054848718149,0.13264765882780136,pyin_probability_below_0.5,3.5421683922666523,False,3.2,2.736984851774921
2.29,2.247333333333333,2.332666666666667,False,136.14823596668148,True,0.42606232904328145,3.4999999999999982,0.16033041170345247,-15.899681844583496,2.287333333333333,-0.002666666666666817,137.1446195516099,True,0.9451774999420279,0.9963835849284237,-0.12623680394716968,pyin_probability_below_0.5,3.701052855041629,False,3.1000000000000023,2.895869314549897
2.3,2.2573333333333334,2.3426666666666667,False,136.14823596668148,True,0.4849868077159113,3.4999999999999982,0.15064489582492244,-16.44091157156475,2.297333333333333,-0.002666666666666817,136.8312772998182,True,0.9822771415784223,0.683041333136714,-0.08663704221143076,pyin_probability_below_0.5,3.661453093305889,False,3.1000000000000023,2.856269552814157
2.31,2.267333333333333,2.3526666666666665,False,136.14823596668148,True,0.5485250542599845,3.4999999999999982,0.13555631765567502,-17.357604742922426,2.3073333333333332,-0.002666666666666817,136.3097806975298,True,0.9866815738978667,0.16154473084830556,-0.02052953146241265,,3.5953455825568708,True,3.1000000000000023,2.7901620420651394
2.32,2.2773333333333334,2.3626666666666667,False,136.14823596668148,True,0.5485250542599845,3.4999999999999982,0.12630347552559276,-17.97169397372012,2.317333333333333,-0.002666666666666817,135.76648376263196,True,0.9841729929543588,0.38175220404951915,0.048611038699130686,,3.526205012395326,True,3.1000000000000023,2.721021471903595
2.33,2.287333333333333,2.3726666666666665,False,136.14823596668148,True,0.5485250542599847,3.4999999999999982,0.12286239103748861,-18.211620741702557,2.3273333333333333,-0.002666666666666817,135.37468514169876,True,0.9738625676368021,0.7735508249827205,0.09864369052966346,,3.476172360564794,True,3.1000000000000023,2.6709888200730623
2.34,2.2973333333333334,2.3826666666666667,False,135.36407982952485,True,0.5485250542599845,3.4000000000000004,0.11359430267249984,-18.892869002771768,2.337333333333333,-0.002666666666666817,134.3095501356597,True,0.969782600825728,1.0545296938651632,0.13539677702043898,,3.3394192740740194,True,3.0000000000000027,2.5342357335822876
2.35,2.3073333333333332,2.3926666666666665,False,134.5844400993791,True,0.6860828109301792,3.3000000000000003,0.11090608969919478,-19.100892133798332,2.347333333333333,-0.002666666666667261,134.01728961831986,True,0.9809859601044062,0.5671504810592296,0.07310985554561837,,3.3017061955488423,True,2.9000000000000035,2.4965226550571096
2.36,2.3173333333333335,2.4026666666666667,False,134.5844400993791,True,0.6860828109301793,3.3000000000000003,0.10718658802726379,-19.39719106714726,2.357333333333333,-0.002666666666666817,133.66684554871887,True,0.9732122668422948,0.9175945506602261,0.11843947897077711,,3.256376572123683,True,2.9000000000000035,2.4511930316319486
2.37,2.3273333333333333,2.4126666666666665,False,133.80929076365396,True,0.7571601330199094,3.1999999999999966,0.0992482241343828,-20.065545108030072,2.367333333333333,-0.002666666666667261,133.26223405586856,True,0.9869741640105364,0.5470567077854014,0.07092366170495376,,3.203892389389501,True,2.8000000000000003,2.3987088488977695
2.38,2.3373333333333335,2.4226666666666667,False,133.03860595958074,True,0.8266685594724994,3.0999999999999988,0.09447889427208131,-20.49330396207026,2.377333333333333,-0.002666666666666817,133.15951531831328,True,0.9765200471894651,0.12090935873254693,-0.015726813703906477,,3.1905428647983634,True,2.7,2.3853593243066307
2.39,2.3473333333333333,2.4326666666666665,False,133.03860595958074,True,0.8266685594724995,3.0999999999999988,0.08868368519849215,-21.043125366605146,2.387333333333333,-0.002666666666667261,132.16268541949057,True,0.9653443441398787,0.8759205400901635,0.11436060281354835,,3.060455448280906,True,2.7,2.255271907789174
2.4,2.3573333333333335,2.4426666666666668,False,132.2723599733492,True,0.8911444948731202,2.9999999999999964,0.07938986054170058,-22.004699218959132,2.397333333333333,-0.002666666666666817,130.55278357490621,True,0.9763215103874635,1.719576398442996,0.22654085906402827,,2.8482751920304286,True,2.5999999999999974,2.0430916515386937
2.41,2.3673333333333333,2.4526666666666666,False,131.51052723924994,True,0.8266685594724996,2.9,0.0734628919390618,-22.678639584487712,2.407333333333333,-0.002666666666667261,129.9678424782279,True,0.9768442891379246,1.5426847610220307,0.20428300641946512,,2.7705330446749934,True,2.500000000000002,1.965349504183262
2.42,2.3773333333333335,2.462666666666667,False,130.75308233882095,True,0.8266685594724996,2.799999999999997,0.06621373115233015,-23.58103877757623,2.417333333333333,-0.002666666666666817,130.81335769149632,True,0.9731867060200279,0.06027535267537587,-0.007978909274914982,,2.8827949603693703,True,2.4000000000000012,2.077611419877639
2.43,2.3873333333333333,2.4726666666666666,False,130.0,True,0.8911444948731202,2.6999999999999966,0.054805390535050576,-25.223534463709868,2.427333333333333,-0.002666666666667261,130.193375281509,True,0.9847423603735123,0.19337528150899175,-0.02573300975641999,,2.8005490608508765,True,2.3000000000000003,1.995365520359143
2.44,2.3973333333333335,2.482666666666667,False,130.0,True,0.8911444948731202,2.6999999999999966,0.047919058255017126,-26.389834512987733,2.437333333333333,-0.002666666666666817,128.98273845639994,True,0.992649208428479,1.017261543600057,0.13600341774133656,,2.638812633353119,True,2.3000000000000003,1.8336290928613885
2.45,2.4073333333333333,2.4926666666666666,False,130.0,True,0.8266685594724996,2.6999999999999966,0.04116166159134478,-27.71014204389324,2.447333333333333,-0.002666666666667261,129.62453502368817,True,0.9909558419769539,0.3754649763118323,0.05007371158693714,,2.724742339507518,True,2.3000000000000003,1.9195587990157867
2.46,2.417333333333333,2.502666666666667,False,129.25125509628117,True,0.7571601330199094,2.6000000000000005,0.03302637718408605,-29.62278126928542,2.457333333333333,-0.002666666666666817,129.21845125453535,True,0.9852661571718895,0.03280384174581741,0.004394412705248536,,2.670421638389211,True,2.200000000000003,1.8652380978974796
2.47,2.4273333333333333,2.5126666666666666,False,128.5068226458765,True,0.5485250542599844,2.4999999999999987,0.028395344366581622,-30.93505720022022,2.467333333333333,-0.002666666666667261,127.6868792011034,True,0.9897728484999374,0.8199434447731022,0.11081606194312335,,2.4639999891513327,True,2.100000000000002,1.6588164486596002
2.48,2.437333333333333,2.522666666666667,False,127.76667781088264,True,0.48498680771591124,2.399999999999998,0.026469052509498,-31.545232089924276,2.477333333333333,-0.002666666666666817,126.59090389766348,True,0.9564628183897093,1.1757739132191602,0.1600545434790479,pyin_probability_below_0.5,2.3147615076154073,False,2.0000000000000004,1.5095779671236755
2.49,2.4473333333333334,2.5326666666666666,False,127.03079589645196,True,0.20650679911775227,2.2999999999999963,0.02437004250307019,-32.26287426748914,2.487333333333333,-0.002666666666667261,125.01702553993908,True,0.8690677335475427,2.013770356512879,0.27664448541207853,pyin_probability_below_0.5,2.098171565682379,False,1.9000000000000006,1.2929880251906463
2.5,2.457333333333333,2.542666666666667,False,126.29915234996876,True,0.06608151270920702,2.1999999999999993,0.02240463330795042,-32.99324319403408,2.497333333333333,-0.002666666666666817,119.40724024268403,True,0.7580172455903501,6.891912107284739,0.9714556764423904,pyin_probability_below_0.5,1.3033603746520672,False,1.800000000000001,0.49817683416033437
2.51,2.4673333333333334,2.5526666666666666,False,125.57172276022992,True,0.030106861794195007,2.0999999999999988,0.022195153300456464,-33.07483701969963,2.507333333333333,-0.002666666666666817,118.42097075103473,True,0.7612349969920155,7.1507520091951875,1.0150444547862074,pyin_probability_below_0.5|pitch_difference_over_1_semitone,1.1597715963082482,False,1.6999999999999993,0.3545880558165149
2.52,2.477333333333333,2.562666666666667,False,119.9011051661721,True,0.010259050559778863,1.2999999999999994,0.02492731967353304,-32.06648833572054,2.517333333333333,-0.002666666666666817,122.62601199008873,True,0.4748573733616197,2.7249068239166263,-0.3890410316406528,pyin_probability_below_0.5,1.7638570827351105,False,0.9000000000000021,0.9586735422433781
2.53,2.4873333333333334,2.5726666666666667,False,109.31653398298289,True,0.010001873046012551,-0.30000000000000204,0.03714415025517917,-28.602191450684728,2.527333333333333,-0.002666666666666817,130.7363864551706,True,0.5498031819228472,21.4198524721877,-3.097789243105863,pyin_probability_below_0.5|pitch_difference_over_1_semitone,2.872605294200319,False,-0.7000000000000002,2.0674217537085857
2.54,2.497333333333333,2.582666666666667,False,108.06092649856241,True,0.011422334250709073,-0.5000000000000021,0.04899621634166458,-26.196749128157283,2.537333333333333,-0.002666666666666817,127.43030811582497,True,0.8195845857042813,19.36938161726256,-2.8543619212993607,pyin_probability_below_0.5|pitch_difference_over_1_semitone,2.4291779723938163,False,-0.9000000000000006,1.6239944319020823
2.55,2.5073333333333334,2.5926666666666667,False,108.06092649856241,True,0.026168028608935752,-0.5000000000000021,0.05699084760924747,-24.883897676708138,2.547333333333333,-0.002666666666666817,115.87338241908314,True,0.8184910261462991,7.812455920520733,-1.2084509102969945,pyin_probability_below_0.5|pitch_difference_over_1_semitone,0.7832669613914516,False,-0.9000000000000006,-0.021916579100280595
2.56,2.517333333333333,2.6026666666666665,False,108.68691707750624,True,0.06608151270920701,-0.3999999999999989,0.06422493164783208,-23.845926985291538,2.5573333333333332,-0.002666666666666817,107.59337073409907,True,0.6189901970526173,1.0935463434071693,0.17506919527753312,pyin_probability_below_0.5,-0.5002531441830752,False,-0.7999999999999968,-1.3054366846748073
2.57,2.5273333333333334,2.6126666666666667,False,108.68691707750624,True,0.10857977072874497,-0.3999999999999989,0.07084814097865326,-22.993430818931667,2.567333333333333,-0.002666666666666817,106.30882593826601,True,0.7973925367166308,2.378091139240226,0.38300295720473376,pyin_probability_below_0.5,-0.7081869061102744,False,-0.7999999999999968,-1.513370446602007
2.58,2.537333333333333,2.6226666666666665,False,108.68691707750624,True,0.17653060863289755,-0.3999999999999989,0.07717613653447558,-22.250339323210365,2.5773333333333333,-0.002666666666666817,108.05989578930856,True,0.9368336043116307,0.6270212881976818,0.10016512975807765,pyin_probability_below_0.5,-0.4253490786636195,False,-0.7999999999999968,-1.2305326191553518
2.59,2.5473333333333334,2.6326666666666667,False,108.68691707750624,True,0.3233360583906409,-0.3999999999999989,0.08141437693697472,-21.78597792848995,2.587333333333333,-0.002666666666666817,108.87273698254658,True,0.9904318807513519,0.18581990504034707,-0.02957329806546192,pyin_probability_below_0.5,-0.2956106508400784,False,-0.7999999999999968,-1.1007941913318113
2.6,2.5573333333333332,2.6426666666666665,False,108.68691707750624,True,0.4849868077159113,-0.3999999999999989,0.08512385434072654,-21.398974401870703,2.597333333333333,-0.002666666666667261,109.39597743314762,True,0.9806208877218351,0.7090603556413839,-0.11257680331670793,pyin_probability_below_0.5,-0.21260714558883453,False,-0.7999999999999968,-1.0177906860805668
2.61,2.5673333333333335,2.6526666666666667,False,108.68691707750624,True,0.6159498854580682,-0.3999999999999989,0.08611312494047939,-21.298613009297725,2.607333333333333,-0.002666666666666817,109.35398898126431,True,0.9673399638619385,0.667071903758071,-0.10593069135132127,,-0.21925325755421993,True,-0.7999999999999968,-1.0244367980459523
2.62,2.5773333333333333,2.6626666666666665,False,108.68691707750624,True,0.6860828109301793,-0.3999999999999989,0.08287128574841465,-21.631918460459207,2.617333333333333,-0.002666666666667261,108.3389775158003,True,0.9565911805565968,0.3479395617059424,0.055510918036690005,,-0.3806948669422301,True,-0.7999999999999968,-1.1858784074339639
2.63,2.5873333333333335,2.6726666666666667,False,108.68691707750624,True,0.7571601330199094,-0.3999999999999989,0.07973519432061632,-21.966998860538336,2.627333333333333,-0.002666666666666817,108.59096072656841,True,0.9719318855196543,0.09595635093782562,0.015291286388353654,,-0.3404752352938949,True,-0.7999999999999968,-1.1456587757856278
2.64,2.5973333333333333,2.6826666666666665,False,108.68691707750624,True,0.6860828109301793,-0.3999999999999989,0.0758116514023642,-22.405280860738912,2.637333333333333,-0.002666666666667261,107.85465007944772,True,0.9664293869366425,0.8322669980585147,0.13307893525767475,,-0.45826288416321836,True,-0.7999999999999968,-1.2634464246549504
2.65,2.6073333333333335,2.6926666666666668,False,108.06092649856241,True,0.7571601330199093,-0.5000000000000021,0.07105616225730366,-22.967965049088246,2.647333333333333,-0.002666666666666817,107.39627586139935,True,0.9404481455451708,0.6646506371630636,0.10681188200784998,,-0.5319958309133931,True,-0.9000000000000006,-1.3371793714051257
2.66,2.6173333333333333,2.7026666666666666,False,108.68691707750624,True,0.6860828109301794,-0.3999999999999989,0.0647451992672052,-23.7758485631757,2.657333333333333,-0.002666666666667261,108.5195219027127,True,0.9326266365651876,0.1673951747935405,0.026684317922348273,,-0.35186826682788924,True,-0.7999999999999968,-1.1570518073196208
2.67,2.6273333333333335,2.712666666666667,False,108.06092649856241,True,0.6860828109301793,-0.5000000000000021,0.057739173040424814,-24.77058881040563,2.667333333333333,-0.002666666666666817,109.15824648004255,True,0.9622105419088882,1.0973199814801404,-0.1749140141485021,,-0.2502699347570415,True,-0.9000000000000006,-1.0554534752487743
2.68,2.6373333333333333,2.7226666666666666,False,108.68691707750624,True,0.6159498854580681,-0.3999999999999989,0.048338173685739665,-26.314195242898712,2.677333333333333,-0.002666666666667261,109.98789313193355,True,0.9686475225154686,1.3009760544273092,-0.2059972627041492,,-0.1191866862013917,True,-0.7999999999999968,-0.9243702266931229
2.69,2.6473333333333335,2.732666666666667,False,109.31653398298289,True,0.6860828109301793,-0.30000000000000204,0.041320739104813556,-27.676638376992535,2.687333333333333,-0.002666666666666817,110.61424251453697,True,0.9770367987212961,1.297708531554079,-0.20430640086794416,,-0.020877548037598597,True,-0.7000000000000002,-0.826061088529332
2.7,2.6573333333333333,2.7426666666666666,False,109.31653398298289,True,0.7571601330199094,-0.30000000000000204,0.035611595780628266,-28.968171296976493,2.697333333333333,-0.002666666666667261,110.2066429288108,True,0.9834215909168041,0.8901089458279046,-0.1403947757342251,,-0.08478917317131768,True,-0.7000000000000002,-0.8899727136630502
2.71,2.667333333333333,2.752666666666667,False,109.9497982220883,True,0.7571601330199094,-0.2000000000000017,0.03197241052415148,-29.904492386938827,2.707333333333333,-0.002666666666666817,109.89050456265589,True,0.9929558649493159,0.05929365943241294,0.00933870662403449,,-0.13452265552957718,True,-0.5999999999999991,-0.9397061960213091
2.72,2.6773333333333333,2.7626666666666666,False,109.31653398298289,True,0.7571601330199094,-0.30000000000000204,0.028660855602397298,-30.854216978108155,2.717333333333333,-0.002666666666667261,108.87408824290843,True,0.9822461115148428,0.44244574007446147,0.0702118333186369,,-0.2953957822241812,True,-0.7000000000000002,-1.1005793227159146
2.73,2.687333333333333,2.772666666666667,False,109.31653398298289,True,0.6860828109301793,-0.30000000000000204,0.02502238115715624,-32.03342729476422,2.727333333333333,-0.002666666666666817,107.33662396268834,True,0.9674775368442637,1.9799100202945539,0.31643047337238606,,-0.5416144222779302,True,-0.7000000000000002,-1.3467979627696627
2.74,2.6973333333333334,2.7826666666666666,False,108.68691707750624,True,0.4260623290432814,-0.3999999999999989,0.02169766885131988,-33.2717384653258,2.737333333333333,-0.002666666666667261,105.22218116382857,True,0.9595510007965607,3.4647359136776714,0.560873143417461,pyin_probability_below_0.5,-0.8860570923230029,False,-0.7999999999999968,-1.6912406328147354
2.75,2.707333333333333,2.792666666666667,False,107.43854136004751,True,0.07797523762294818,-0.6000000000000031,0.0197935410218817,-34.06953008990278,2.747333333333333,-0.002666666666666817,107.56978803397365,True,0.8276000252568203,0.13124667392614242,-0.021135808048940864,pyin_probability_below_0.5,-0.5040481408566038,False,-1.0000000000000013,-1.309231681348337
2.76,2.7173333333333334,2.8026666666666666,False,109.31653398298289,True,0.010349055133375844,-0.30000000000000204,0.020082656683529328,-33.943576720303234,2.757333333333333,-0.002666666666666817,109.5193418189572,True,0.8170191540485015,0.20280783597431196,-0.032088699377055024,pyin_probability_below_0.5,-0.1930952495284898,False,-0.7000000000000002,-0.9982787900202226
2.77,2.727333333333333,2.812666666666667,False,115.81683335824411,True,0.010037765502929688,0.699999999999998,0.024580106137805435,-32.188324922918305,2.767333333333333,-0.002666666666666817,,False,0.0,,,pyin_probability_below_0.5|voicing_disagreement,,False,0.3000000000000021,
2.78,2.7373333333333334,2.8226666666666667,False,118.52392351256819,True,0.01000032860450166,1.099999999999998,0.04114187283106143,-27.714318850938376,2.777333333333333,-0.002666666666666817,,False,0.0,,,pyin_probability_below_0.5|voicing_disagreement,,False,0.7000000000000017,
2.79,2.747333333333333,2.832666666666667,False,112.51975293079859,True,0.011085791888943373,0.19999999999999687,0.05630532647155322,-24.989010380847564,2.787333333333333,-0.002666666666666817,127.73573527974044,True,0.5152188497124793,15.21598234894185,-2.195806789995321,pyin_probability_below_0.5|pitch_difference_over_1_semitone,2.4706228410897753,False,-0.19999999999999973,1.6654393005980437
2.8,2.7573333333333334,2.8426666666666667,False,113.17157322849613,True,0.03010686179419501,0.2999999999999983,0.06689011817347137,-23.492760735741417,2.797333333333333,-0.002666666666666817,121.38265234162702,True,0.8603374945780725,8.211079113130893,-1.2126075271253975,pyin_probability_below_0.5|pitch_difference_over_1_semitone,1.5874235782198518,False,-0.10000000000000067,0.7822400377281203
2.81,2.767333333333333,2.8526666666666665,False,112.51975293079859,True,0.12793708630129036,0.19999999999999687,0.07976040964712058,-21.964252483339465,2.8073333333333332,-0.002666666666666817,115.03437124833327,True,0.65982346023301,2.5146183175346835,-0.38264040149572265,pyin_probability_below_0.5,0.6574564525901778,False,-0.19999999999999973,-0.14772708790155464
2.82,2.7773333333333334,2.8626666666666667,False,112.51975293079859,True,0.2407543944755743,0.19999999999999687,0.08553628595643768,-21.356992220616814,2.817333333333333,-0.002666666666666817,111.65567585297693,True,0.7769162843088223,0.864077077821662,0.13346039524318948,pyin_probability_below_0.5,0.14135565585126356,False,-0.19999999999999973,-0.6638278846404684
2.83,2.787333333333333,2.8726666666666665,False,112.51975293079859,True,0.3233360583906409,0.19999999999999687,0.09070833835682571,-20.84705577237947,2.8273333333333333,-0.002666666666666817,112.22485572874173,True,0.9512294283559798,0.294897202056859,0.04543257996006231,pyin_probability_below_0.5,0.2293834711343944,False,-0.19999999999999973,-0.5758000693573384
2.84,2.7973333333333334,2.8826666666666667,False,112.51975293079859,True,0.42606232904328145,0.19999999999999687,0.09491909996985305,-20.452927768971666,2.837333333333333,-0.002666666666666817,112.59997640381428,True,0.9813321719047184,0.08022347301569255,-0.012338822040056558,pyin_probability_below_0.5,0.2871548731345102,False,-0.19999999999999973,-0.5180286673572214
2.85,2.8073333333333332,2.8926666666666665,False,112.51975293079859,True,0.6159498854580681,0.19999999999999687,0.09759793215940406,-20.21118767561573,2.847333333333333,-0.002666666666667261,112.47214259014454,True,0.9841402918695291,0.04761034065404601,0.007326898941616755,,0.26748915215284,True,-0.19999999999999973,-0.5376943883388932
2.86,2.8173333333333335,2.9026666666666667,False,112.51975293079859,True,0.7571601330199094,0.19999999999999687,0.09576707553260826,-20.375675491120283,2.857333333333333,-0.002666666666666817,112.65933184043621,True,0.9961494821002201,0.13957890963762054,-0.021462365573618226,,0.2962784166680715,True,-0.19999999999999973,-0.5089051238236599
2.87,2.8273333333333333,2.9126666666666665,False,112.51975293079859,True,0.8266685594724995,0.19999999999999687,0.09226411118227267,-20.699343952717754,2.867333333333333,-0.002666666666667261,112.89196427545191,True,0.990789573010552,0.37221134465332284,-0.057174094316543154,,0.331990145411,True,-0.19999999999999973,-0.47319339508073344
2.88,2.8373333333333335,2.9226666666666667,False,113.17157322849613,True,0.7571601330199093,0.2999999999999983,0.08924270597210889,-20.988545394626804,2.877333333333333,-0.002666666666666817,112.45786040547765,True,0.9873672731553066,0.7137128230184828,0.10952543218256292,,0.265290618911893,True,-0.10000000000000067,-0.5398929215798407
2.89,2.8473333333333333,2.9326666666666665,False,113.17157322849613,True,0.8266685594724995,0.2999999999999983,0.08492251989232011,-21.419542551285907,2.887333333333333,-0.002666666666667261,112.99259580399793,True,0.9872599417080271,0.17897742449819987,0.02740061587234049,,0.34741543522211366,True,-0.10000000000000067,-0.4577681052696176
2.9,2.8573333333333335,2.9426666666666668,False,113.82716948276507,True,0.7571601330199093,0.39999999999999736,0.08108242817366895,-21.821465079542296,2.897333333333333,-0.002666666666666817,113.77510315184334,True,0.9900681894105655,0.05206633092173263,0.007920747489084267,,0.4668953036053705,True,0.0,-0.33828823688636184
2.91,2.8673333333333333,2.9526666666666666,False,113.82716948276507,True,0.7571601330199094,0.39999999999999736,0.0775191631012049,-22.211818491718212,2.907333333333333,-0.002666666666667261,114.15617077492918,True,0.9885998867211511,0.3290012921641079,-0.04996668913825064,,0.5247827402327075,True,0.0,-0.2804008002590261
2.92,2.8773333333333335,2.962666666666667,False,114.4865635674993,True,0.6860828109301793,0.5000000000000008,0.0730956351657318,-22.722171114750758,2.917333333333333,-0.002666666666666817,114.07018916969895,True,0.981244818845872,0.4163743978003538,0.0630777540756283,,0.5117382970188301,True,0.10000000000000017,-0.29344524347290274
2.93,2.8873333333333333,2.9726666666666666,False,114.4865635674993,True,0.6860828109301793,0.5000000000000008,0.06967165958636676,-23.138876888026253,2.927333333333333,-0.002666666666667261,114.68307254330387,True,0.984822985791961,0.19650897580456217,-0.02969006880795744,,0.604506119902414,True,0.10000000000000017,-0.2006774205893176
2.94,2.8973333333333335,2.982666666666667,False,115.14977748330686,True,0.6860828109301793,0.5999999999999976,0.06493699049822743,-23.750156852019657,2.937333333333333,-0.002666666666666817,115.2818904313651,True,0.9793989124850669,0.1321129480582357,-0.01985130439154887,,0.6946673554860019,True,0.19999999999999687,-0.11051618500572949
2.95,2.9073333333333333,2.9926666666666666,False,115.14977748330686,True,0.6860828109301793,0.5999999999999976,0.06411107226180583,-23.861339189047822,2.947333333333333,-0.002666666666667261,116.42853575076636,True,0.9859847457668026,1.2787582674594944,-0.1911968632783586,,0.8660129143728146,True,0.19999999999999687,0.06082937388108084
2.96,2.917333333333333,3.002666666666667,False,115.81683335824411,True,0.7571601330199094,0.699999999999998,0.061755726086680396,-24.186455354870617,2.957333333333333,-0.002666666666666817,116.15871127090142,True,0.9803578703990555,0.34187791265730993,-0.051028750679322485,,0.8258448017737782,True,0.3000000000000021,0.020661261282048017
2.97,2.9273333333333333,3.0126666666666666,False,115.81683335824411,True,0.6860828109301793,0.699999999999998,0.059793868523003744,-24.466866956737018,2.967333333333333,-0.002666666666667261,115.72926260612728,True,0.9899688020639181,0.0875707521168323,0.013095057756334228,,0.7617209933381235,True,0.3000000000000021,-0.04346254715360885
2.98,2.937333333333333,3.022666666666667,False,115.81683335824411,True,0.6860828109301793,0.699999999999998,0.0583315731292933,-24.681926220702355,2.977333333333333,-0.002666666666666817,115.87527320038488,True,0.9925584885796064,0.05843984214077125,-0.0087334047054506,,0.7835494557999061,True,0.3000000000000021,-0.021634084691824616
2.99,2.9473333333333334,3.0326666666666666,False,115.14977748330686,True,0.6860828109301793,0.5999999999999976,0.05623498449986754,-24.999868404559717,2.987333333333333,-0.002666666666667261,115.26322345752686,True,0.9828789799404072,0.11344597421999936,-0.0170477836205115,,0.6918638347149688,True,0.19999999999999687,-0.11331970577676528
3.0,2.957333333333333,3.042666666666667,False,114.4865635674993,True,0.6860828109301793,0.5000000000000008,0.053543416173375304,-25.425878468765795,2.997333333333333,-0.002666666666666817,114.27515383359899,True,0.9901148175766482,0.21140973390031093,0.03199834640030114,,0.5428177046941559,True,0.10000000000000017,-0.2623658357975781
3.01,2.9673333333333334,3.0526666666666666,False,113.82716948276507,True,0.6159498854580681,0.39999999999999736,0.05240325485433285,-25.612834748349975,3.007333333333333,-0.002666666666666817,114.00657591922273,True,0.9900115344856821,0.1794064364576542,-0.027265021260647462,,0.5020810723551044,True,0.0,-0.3031024681366277
3.02,2.977333333333333,3.062666666666667,False,113.17157322849613,True,0.6860828109301793,0.2999999999999983,0.05210426333901762,-25.66253479740372,3.017333333333333,-0.002666666666666817,114.03035530254907,True,0.9881435940003475,0.8587820740529395,-0.13087563626138787,,0.5056916873558442,True,-0.10000000000000067,-0.29949185313588805
3.03,2.9873333333333334,3.0726666666666667,False,113.17157322849613,True,0.6860828109301793,0.2999999999999983,0.051772945134088325,-25.717942584426076,3.027333333333333,-0.002666666666666817,113.33694435665666,True,0.9787714263142433,0.16537112816052968,-0.025279065151663643,,0.4000951162461206,True,-0.10000000000000067,-0.4050884242456134
3.04,2.997333333333333,3.082666666666667,False,112.51975293079859,True,0.6860828109301793,0.19999999999999687,0.05085754139248824,-25.87289277525672,3.037333333333333,-0.002666666666666817,112.22564389109661,True,0.9880087921850925,0.2941090397019792,0.045310994710104954,,0.22950505638435043,True,-0.19999999999999973,-0.5756784841073807
3.05,3.0073333333333334,3.0926666666666667,False,112.51975293079859,True,0.6159498854580681,0.19999999999999687,0.05012965733179934,-25.998105281135015,3.047333333333333,-0.002666666666666817,111.4805820820477,True,0.9831367485658618,1.039170848750885,0.16063019391545172,,0.11418585717900503,True,-0.19999999999999973,-0.6909976833127274
3.06,3.017333333333333,3.1026666666666665,False,111.87168684176291,True,0.6159498854580681,0.10000000000000017,0.04988608226815939,-26.040412028303415,3.0573333333333332,-0.002666666666666817,111.06449265644385,True,0.9936086296289414,0.8071941853190623,0.1253675529686873,,0.04944849812577168,True,-0.30000000000000004,-0.7557350423659613
3.07,3.0273333333333334,3.1126666666666667,False,111.87168684176291,True,0.5485250542599845,0.10000000000000017,0.04821827834608527,-26.335766006978567,3.067333333333333,-0.002666666666666817,111.69010374959569,True,0.9885220250795069,0.1815830921672159,0.028123133223529037,,0.14669291787092587,True,-0.30000000000000004,-0.6584906226208058
3.08,3.037333333333333,3.1226666666666665,False,111.87168684176291,True,0.5485250542599845,0.10000000000000017,0.04929960933594931,-26.14313044362932,3.0773333333333333,-0.002666666666666817,111.66119527260116,True,0.989049290898747,0.21049156916174638,0.03260462405686399,,0.14221142703759077,True,-0.30000000000000004,-0.6629721134541406
3.09,3.0473333333333334,3.1326666666666667,False,111.87168684176291,True,0.6159498854580681,0.10000000000000017,0.049799390871333414,-26.055519386908678,3.087333333333333,-0.002666666666666817,112.51632655600645,True,0.9876789175673054,0.6446397142435387,-0.09947280838530202,,0.27428885947975784,True,-0.30000000000000004,-0.5308946810119725
3.1,3.0573333333333332,3.1426666666666665,False,111.87168684176291,True,0.6860828109301793,0.10000000000000017,0.04902936929683209,-26.190873867757368,3.0973333333333333,-0.002666666666666817,112.54753436115799,True,0.9838930893198258,0.6758475193950773,-0.1042739359409301,,0.2790899870353847,True,-0.30000000000000004,-0.5260935534563462
3.11,3.0673333333333335,3.1526666666666667,False,111.87168684176291,True,0.7571601330199094,0.10000000000000017,0.0475558524971204,-26.45592057314343,3.107333333333333,-0.002666666666666817,112.48676322403836,True,0.9796470938066735,0.615076382275447,-0.09492344444087225,,0.2697394955353269,True,-0.30000000000000004,-0.5354440449564031
3.12,3.0773333333333333,3.1626666666666665,False,111.87168684176291,True,0.7571601330199094,0.10000000000000017,0.04531760817987671,-26.874660397043503,3.117333333333333,-0.002666666666667261,112.00913813715218,True,0.9492425131557811,0.13745129538926903,-0.021257773423606463,,0.19607382451806285,True,-0.30000000000000004,-0.6091097159736681
3.13,3.0873333333333335,3.1726666666666667,False,111.87168684176291,True,0.7571601330199094,0.10000000000000017,0.042429775848060534,-27.446585251166653,3.127333333333333,-0.002666666666666817,110.57016329784368,True,0.9161472831383475,1.301523543919231,0.2025938542857212,,-0.027777803191264935,True,-0.30000000000000004,-0.8329613436829965
3.14,3.0973333333333333,3.1826666666666665,False,111.87168684176291,True,0.6860828109301793,0.10000000000000017,0.03887410672152424,-28.20679154791694,3.137333333333333,-0.002666666666667261,109.78739170670697,True,0.9246288137586052,2.084295135055939,0.32559091071527574,,-0.15077485962081907,True,-0.30000000000000004,-0.9559584001125514
3.15,3.1073333333333335,3.1926666666666668,False,111.2273533387383,True,0.6159498854580681,0.0,0.03352742006119389,-29.491997285909456,3.147333333333333,-0.002666666666666817,112.04553876932269,True,0.871178689195934,0.8181854305843927,-0.1268830087675552,,0.20169905986201472,True,-0.3999999999999969,-0.6034844806297178
3.16,3.1173333333333333,3.2026666666666666,False,110.58673092361124,True,0.37213589829750876,-0.10000000000000259,0.02557038885174348,-31.845253351180443,3.157333333333333,-0.002666666666667261,113.39753777697166,True,0.682765051045551,2.8108068533604182,-0.4345323021457814,pyin_probability_below_0.5,0.40934835324024,False,-0.5000000000000001,-0.39583518725149347
3.17,3.1273333333333335,3.212666666666667,False,111.2273533387383,True,0.15046460134333883,0.0,0.018312157247181687,-34.74520982028966,3.167333333333333,-0.002666666666666817,,False,0.0,,,pyin_probability_below_0.5|voicing_disagreement,,False,-0.3999999999999969,
3.18,3.1373333333333333,3.2226666666666666,False,115.14977748330686,True,0.047686993082531035,0.5999999999999976,0.012672967591588624,-37.94243351489402,3.177333333333333,-0.002666666666667261,,False,0.0,,,pyin_probability_below_0.5|voicing_disagreement,,False,0.19999999999999687,
3.19,3.1473333333333335,3.232666666666667,False,114.4865635674993,True,0.010000802780927253,0.5000000000000008,0.00856970376965176,-41.34068380291093,3.187333333333333,-0.002666666666666817,,False,0.0,,,pyin_probability_below_0.5|voicing_disagreement,,False,0.10000000000000017,
3.2,3.1573333333333333,3.2426666666666666,False,114.4865635674993,True,0.010000000000613858,0.5000000000000008,0.007626051617436263,-42.35400519002779,3.197333333333333,-0.002666666666667261,,False,0.0,,,pyin_probability_below_0.5|voicing_disagreement,,False,0.10000000000000017,
3.21,3.167333333333333,3.252666666666667,False,,False,0.010000000000001869,,0.014021049889926357,-37.06438930751544,3.207333333333333,-0.002666666666666817,,False,0.0,,,,,False,,
3.22,3.1773333333333333,3.2626666666666666,False,,False,0.010000000000006923,,0.023606441172055456,-32.539389615338365,3.217333333333333,-0.002666666666667261,,False,0.0,,,,,False,,
3.23,3.187333333333333,3.272666666666667,False,,False,0.010000000000006923,,0.03106549594967506,-30.154434172748935,3.227333333333333,-0.002666666666666817,,False,0.0,,,,,False,,
3.24,3.1973333333333334,3.2826666666666666,False,,False,0.010000000000006925,,0.03573545301133927,-28.93801416123649,3.237333333333333,-0.002666666666667261,,False,0.0,,,,,False,,
3.25,3.207333333333333,3.292666666666667,False,,False,0.01000000000000187,,0.03709130744718544,-28.614557155433573,3.247333333333333,-0.002666666666666817,,False,0.0,,,,,False,,
3.26,3.2173333333333334,3.3026666666666666,False,,False,0.010000000000001865,,0.037590404654108886,-28.498459983142922,3.257333333333333,-0.002666666666666817,,False,0.0,,,,,False,,
3.27,3.227333333333333,3.312666666666667,False,,False,0.010000000000001865,,0.03930002806896642,-28.112142788830973,3.267333333333333,-0.002666666666666817,,False,0.0,,,,,False,,
3.28,3.2373333333333334,3.3226666666666667,False,,False,0.01000000002170159,,0.04485404443758333,-26.96396782040995,3.277333333333333,-0.002666666666666817,,False,0.0,,,,,False,,
3.29,3.247333333333333,3.332666666666667,False,,False,0.010000000101429395,,0.0550607554567995,-25.18315668396508,3.287333333333333,-0.002666666666666817,,False,0.0,,,,,False,,
3.3,3.2573333333333334,3.3426666666666667,False,,False,0.010000002871100368,,0.05944911377473672,-24.517092303028697,3.297333333333333,-0.002666666666666817,,False,0.0,,,,,False,,
3.31,3.267333333333333,3.3526666666666665,False,,False,0.010001232964986116,,0.06368022717804966,-23.91990791859952,3.3073333333333332,-0.002666666666666817,,False,0.0,,,,,False,,
3.32,3.2773333333333334,3.3626666666666667,False,,False,0.010037765502929688,,0.06419033905099485,-23.850606607645716,3.317333333333333,-0.002666666666666817,,False,0.0,,,,,False,,
3.33,3.287333333333333,3.3726666666666665,False,,False,0.010349055133375844,,0.07322574724798353,-22.706723755434616,3.3273333333333333,-0.002666666666666817,69.59965707276565,True,0.5101587999021374,,,voicing_disagreement,-8.041498193820813,False,,-8.846681734312547
3.34,3.2973333333333334,3.3826666666666667,False,,False,0.010467533617069905,,0.08061577106299313,-21.871599755556595,3.337333333333333,-0.002666666666666817,70.02473938134568,True,0.8020624205152873,,,voicing_disagreement,-7.936084060093422,False,,-8.741267600585154
3.35,3.3073333333333332,3.3926666666666665,False,,False,0.013980210380185926,,0.09072665280067063,-20.845302227073294,3.3473333333333333,-0.002666666666666817,71.09176436502871,True,0.8901913999149408,,,voicing_disagreement,-7.674271282709217,False,,-8.47945482320095
3.36,3.3173333333333335,3.4026666666666667,False,143.41324688128702,True,0.056071395445892624,4.399999999999997,0.09403046942441645,-20.534627915514243,3.357333333333333,-0.002666666666666817,72.01537314646838,True,0.95830270335477,71.39787373481865,11.925617673241984,pyin_probability_below_0.5|pitch_difference_over_1_semitone|possible_octave_disagreement,-7.450801622147528,False,3.9999999999999973,-8.255985162639261
3.37,3.3273333333333333,3.4126666666666665,False,143.41324688128702,True,0.12793708630129036,4.399999999999997,0.09828563055758854,-20.15019943495716,3.367333333333333,-0.002666666666667261,72.4212012138443,True,0.9307059577915616,70.99204566744272,11.82833134250495,pyin_probability_below_0.5|pitch_difference_over_1_semitone|possible_octave_disagreement,-7.3535152914104955,False,3.9999999999999973,-8.15869883190223
3.38,3.3373333333333335,3.4226666666666667,False,143.41324688128702,True,0.092037570812181,4.399999999999997,0.09793039552336191,-20.18164982905187,3.377333333333333,-0.002666666666666817,72.85487818726706,True,0.954114713541093,70.55836869401996,11.724969718760574,pyin_probability_below_0.5|pitch_difference_over_1_semitone|possible_octave_disagreement,-7.2501536676661225,False,3.9999999999999973,-8.055337208157855
3.39,3.3473333333333333,3.4326666666666665,False,142.58724736030138,True,0.04768699308253104,4.299999999999999,0.09713662501179728,-20.2523398011213,3.387333333333333,-0.002666666666667261,72.85288081181048,True,0.947652982982643,69.7343665484909,11.62544435709462,pyin_probability_below_0.5|pitch_difference_over_1_semitone|possible_octave_disagreement,-7.250628306000163,False,3.9000000000000004,-8.055811846491897
3.4,3.3573333333333335,3.4426666666666668,False,140.9494931391844,True,0.015085587297504338,4.099999999999998,0.09631968714594442,-20.325698734144165,3.397333333333333,-0.002666666666666817,71.6405054566061,True,0.9317800849467115,69.30898768257829,11.715970422877552,pyin_probability_below_0.5|pitch_difference_over_1_semitone|possible_octave_disagreement,-7.541154371783095,False,3.7000000000000015,-8.346337912274826
3.41,3.3673333333333333,3.4526666666666666,False,138.52806521170294,True,0.01010197459374499,3.7999999999999945,0.09941717564516189,-20.050771578948297,3.407333333333333,-0.002666666666667261,70.07841957297693,True,0.85826472573711,68.44964563872601,11.797633746495796,pyin_probability_below_0.5|pitch_difference_over_1_semitone|possible_octave_disagreement,-7.922817695401342,False,3.3999999999999977,-8.728001235893075
3.42,3.3773333333333335,3.462666666666667,False,136.93693467412865,True,0.010037765502929688,3.599999999999997,0.0989445436580449,-20.09216300328798,3.417333333333333,-0.002666666666666817,68.32906202393711,True,0.8511267327760635,68.60787265019154,12.035284746643914,pyin_probability_below_0.5|pitch_difference_over_1_semitone|possible_octave_disagreement,-8.360468695549462,False,3.2,-9.165652236041195
3.43,3.3873333333333333,3.4726666666666666,False,133.80929076365396,True,0.010037765502929688,3.1999999999999966,0.09510202830470384,-20.436204409485825,3.427333333333333,-0.002666666666667261,131.10606610816487,True,0.801691497261736,2.7032246554890946,0.35332621418663973,pyin_probability_below_0.5,2.9214898369078153,False,2.8000000000000003,2.116306296416083
3.44,3.3973333333333335,3.482666666666667,False,130.75308233882095,True,0.0100028158258111,2.799999999999997,0.09266285836231665,-20.66188614571901,3.437333333333333,-0.002666666666666817,124.93393644194569,True,0.7801929086378739,5.819145896875256,0.7881544775889734,pyin_probability_below_0.5,2.086661573505481,False,2.4000000000000012,1.2814780330137499
3.45,3.4073333333333333,3.4926666666666666,False,126.29915234996876,True,0.0100028158258111,2.1999999999999993,0.08573732609520614,-21.33660130062369,3.447333333333333,-0.002666666666667261,123.27151320442158,True,0.699542502594837,3.027639145547184,0.42006612614439665,pyin_probability_below_0.5,1.8547499249500596,False,1.800000000000001,1.0495663844583283
3.46,3.417333333333333,3.502666666666667,False,124.84848285663055,True,0.01000419105279527,1.9999999999999973,0.08397757108675256,-21.5167338154132,3.457333333333333,-0.002666666666666817,115.89496145258387,True,0.5759219248984446,8.953521404046683,1.2883253226409224,pyin_probability_below_0.5|pitch_difference_over_1_semitone,0.7864907284535371,False,1.6000000000000023,-0.018692812038197497
3.47,3.4273333333333333,3.5126666666666666,False,123.4144757235675,True,0.01000032860450166,1.800000000000001,0.08103332495029887,-21.826726816096453,3.467333333333333,-0.002666666666667261,110.84843475604885,True,0.6443794922410133,12.56604096751866,1.8590786951076232,pyin_probability_below_0.5|pitch_difference_over_1_semitone,0.015737355986833856,False,1.4000000000000004,-0.7894461845048997
3.48,3.437333333333333,3.522666666666667,False,121.9969395672486,True,0.010000127845232541,1.599999999999999,0.07799807746110823,-22.158322038067823,3.477333333333333,-0.002666666666666817,107.61595560879333,True,0.6893798140081434,14.380983958455275,2.171435551246152,pyin_probability_below_0.5|pitch_difference_over_1_semitone,-0.49661950015169753,False,1.1999999999999993,-1.3018030406434287
3.49,3.4473333333333334,3.5326666666666666,False,,False,0.01000419105279527,,0.07546188950873427,-22.44544649185947,3.487333333333333,-0.002666666666667261,105.06271678979209,True,0.7482085667783118,,,voicing_disagreement,-0.9123138715354315,False,,-1.7174974120271642
3.5,3.457333333333333,3.542666666666667,False,104.37997464223893,True,0.010467533617069903,-1.1000000000000019,0.07075760383764369,-23.00453765252984,3.497333333333333,-0.002666666666666817,103.55814102275167,True,0.8338423155252059,0.8218336194872649,0.1368478067173421,pyin_probability_below_0.5,-1.1620317556228867,False,-1.5000000000000004,-1.967215296114618
3.51,3.4673333333333334,3.5526666666666666,False,104.98464168400547,True,0.016467587593113005,-1.0000000000000013,0.0678931693725474,-23.363478344443955,3.507333333333333,-0.002666666666666817,103.2793181715382,True,0.8645652828731706,1.7053235124672739,0.2835229020263289,pyin_probability_below_0.5,-1.2087068509318726,False,-1.3999999999999984,-2.013890391423604
3.52,3.477333333333333,3.562666666666667,False,104.37997464223893,True,0.06608151270920701,-1.1000000000000019,0.06488324925122539,-23.75734818933404,3.517333333333333,-0.002666666666666817,104.37033317075772,True,0.8657991696869295,0.009641471481216968,0.0015991970405360057,pyin_probability_below_0.5,-1.0267831459460788,False,-1.5000000000000004,-1.8319666864378106
3.53,3.4873333333333334,3.5726666666666667,False,104.37997464223893,True,0.06608151270920701,-1.1000000000000019,0.06244359831754134,-24.090241572658364,3.527333333333333,-0.002666666666666817,104.50076778909158,True,0.8555481799496852,0.12079314685264819,-0.02002302649849942,pyin_probability_below_0.5,-1.005160922407046,False,-1.5000000000000004,-1.810344462898779
3.54,3.497333333333333,3.582666666666667,False,104.37997464223893,True,0.056071395445892624,-1.1000000000000019,0.06144459422283984,-24.23032638979336,3.537333333333333,-0.002666666666666817,104.87061109459148,True,0.8242714427313659,0.4906364523525468,-0.08118573103659323,pyin_probability_below_0.5,-0.9439982178689508,False,-1.5000000000000004,-1.7491817583606832
3.55,3.5073333333333334,3.5926666666666667,False,104.98464168400547,True,0.05607139544589262,-1.0000000000000013,0.061661584360508684,-24.19970641016417,3.547333333333333,-0.002666666666666817,105.55088305464824,True,0.8924728892302389,0.5662413706427714,-0.09312430344032423,pyin_probability_below_0.5,-0.8320596454652178,False,-1.3999999999999984,-1.6372431859569496
3.56,3.517333333333333,3.6026666666666665,False,105.59281152631061,True,0.05607139544589262,-0.9000000000000026,0.06165763591017468,-24.200262621982233,3.5573333333333332,-0.002666666666666817,105.44457644135163,True,0.8303461678510998,0.14823508495898352,0.02432077756687552,pyin_probability_below_0.5,-0.8495047264724185,False,-1.3000000000000005,-1.65468826696415
3.57,3.5273333333333334,3.6126666666666667,False,106.2045044606715,True,0.056071395445892624,-0.8000000000000008,0.059103036217652734,-24.567804162847906,3.567333333333333,-0.002666666666666817,110.02430617042302,True,0.8869171345354337,3.8198017097515162,-0.6117278079046822,pyin_probability_below_0.5,-0.11345614100085882,False,-1.199999999999998,-0.9186396814925919
3.58,3.537333333333333,3.6226666666666665,False,110.58673092361124,True,0.06608151270920702,-0.10000000000000259,0.056930056226638125,-24.89316774519655,3.5773333333333333,-0.002666666666666817,110.65714687405502,True,0.9384071930899593,0.07041595044377402,-0.011020101106113296,pyin_probability_below_0.5,-0.014163847799429863,False,-0.5000000000000001,-0.8193473882911615
3.59,3.5473333333333334,3.6326666666666667,False,110.58673092361124,True,0.2796051653363589,-0.10000000000000259,0.055138136308313,-25.170958346285843,3.587333333333333,-0.002666666666666817,113.30603610407765,True,0.8956856155853049,2.7193051804664066,-0.42055715234546004,pyin_probability_below_0.5,0.39537320343991905,False,-0.5000000000000001,-0.4098103370518157
3.6,3.5573333333333332,3.6426666666666665,False,110.58673092361124,True,0.42606232904328145,-0.10000000000000259,0.05331964113833503,-25.46225564434036,3.5973333333333333,-0.002666666666666817,113.96422990944833,True,0.952261720491611,3.377498985837093,-0.520833420991462,pyin_probability_below_0.5,0.49564947208591914,False,-0.5000000000000001,-0.30953406840581277
3.61,3.5673333333333335,3.6526666666666667,False,110.58673092361124,True,0.3721358982975087,-0.10000000000000259,0.0505715112902569,-25.92188135241858,3.607333333333333,-0.002666666666666817,113.2394887734465,True,0.964967544097488,2.652757849835254,-0.41038621579404155,pyin_probability_below_0.5,0.38520226688849835,False,-0.5000000000000001,-0.4199812736032349
3.62,3.5773333333333333,3.6626666666666665,False,113.82716948276507,True,0.20650679911775227,0.39999999999999736,0.04743628577095687,-26.47778646552656,3.617333333333333,-0.002666666666667261,112.45667466240945,True,0.9620729544433906,1.370494820355617,0.20970797252149714,pyin_probability_below_0.5,0.26510807857295854,False,0.0,-0.5400754619187744
3.63,3.5873333333333335,3.6726666666666667,False,113.82716948276507,True,0.047686993082531035,0.39999999999999736,0.04588891166251012,-26.765844845048296,3.627333333333333,-0.002666666666666817,109.34544974754698,True,0.887161262943736,4.481719735218093,0.6954212473877802,pyin_probability_below_0.5,-0.22060519629332573,False,0.0,-1.025788736785057
3.64,3.5973333333333333,3.6826666666666665,False,110.58673092361124,True,0.013100262550513391,-0.10000000000000259,0.04352748381198109,-27.22472874651716,3.637333333333333,-0.002666666666667261,106.47347124908397,True,0.8440961863993092,4.113259674527271,0.6562112899690778,pyin_probability_below_0.5,-0.6813952388746227,False,-0.5000000000000001,-1.4865787793663547
3.65,3.6073333333333335,3.6926666666666668,False,109.9497982220883,True,0.010140046044704068,-0.2000000000000017,0.04093137774123767,-27.758872737025314,3.647333333333333,-0.002666666666666817,106.52348640625365,True,0.4871252188680552,3.4263118158346515,0.5480808503979053,pyin_probability_below_0.5,-0.6732647993034474,False,-0.5999999999999991,-1.4784483397951809
3.66,3.6173333333333333,3.7026666666666666,False,109.9497982220883,True,0.010000802780927255,-0.2000000000000017,0.038196270925826774,-28.35958069746717,3.657333333333333,-0.002666666666667261,,False,0.0,,,pyin_probability_below_0.5|voicing_disagreement,,False,-0.5999999999999991,
3.67,3.6273333333333335,3.712666666666667,False,106.81974089615274,True,0.010000000101429396,-0.7000000000000022,0.036600734321344204,-28.730204025167225,3.667333333333333,-0.002666666666666817,,False,0.0,,,pyin_probability_below_0.5|voicing_disagreement,,False,-1.0999999999999999,
3.68,3.6373333333333333,3.7226666666666666,False,,False,0.01000000000002385,,0.036254224640548706,-28.81282757155642,3.677333333333333,-0.002666666666667261,,False,0.0,,,,,False,,
3.69,3.6473333333333335,3.732666666666667,False,,False,0.010000000000000437,,0.03687798416583084,-28.664656529799366,3.687333333333333,-0.002666666666666817,,False,0.0,,,,,False,,
3.7,3.6573333333333333,3.7426666666666666,False,,False,0.010000000000075398,,0.03847675842164211,-28.296030468076264,3.697333333333333,-0.002666666666667261,,False,0.0,,,,,False,,
3.71,3.667333333333333,3.752666666666667,False,,False,0.01000000000002385,,0.038545844820685585,-28.280448626558282,3.707333333333333,-0.002666666666666817,,False,0.0,,,,,False,,
3.72,3.6773333333333333,3.7626666666666666,False,,False,0.010000000000006923,,0.038264694865319214,-28.344034910423215,3.717333333333333,-0.002666666666667261,,False,0.0,,,,,False,,
3.73,3.687333333333333,3.772666666666667,False,,False,0.0100000000000754,,0.0371719620956944,-28.595690287451543,3.727333333333333,-0.002666666666666817,,False,0.0,,,,,False,,
3.74,3.6973333333333334,3.7826666666666666,False,,False,0.010000000000221913,,0.035234977284150495,-29.060520083090907,3.737333333333333,-0.002666666666667261,,False,0.0,,,,,False,,
3.75,3.707333333333333,3.792666666666667,False,,False,0.010000000000075398,,0.03385224360182256,-29.40825085177696,3.747333333333333,-0.002666666666666817,,False,0.0,,,,,False,,
3.76,3.7173333333333334,3.8026666666666666,False,,False,0.010000000047726023,,0.033107039245275506,-29.601593127292407,3.757333333333333,-0.002666666666666817,,False,0.0,,,,,False,,
3.77,3.727333333333333,3.812666666666667,False,,False,0.010000009287486629,,0.03202760454361251,-29.8895108504481,3.767333333333333,-0.002666666666666817,,False,0.0,,,,,False,,
3.78,3.7373333333333334,3.8226666666666667,False,111.2273533387383,True,0.010000027850262282,0.0,0.03871780357543181,-28.241785755643825,3.777333333333333,-0.002666666666666817,,False,0.0,,,pyin_probability_below_0.5|voicing_disagreement,,False,-0.3999999999999969,
3.79,3.747333333333333,3.832666666666667,False,108.68691707750624,True,0.01019107549696831,-0.3999999999999989,0.04652607364451412,-26.646071924391833,3.787333333333333,-0.002666666666666817,104.44673235093295,True,0.5046199207263186,4.24018472657329,0.688931183761902,pyin_probability_below_0.5,-1.0141151326674427,False,-0.7999999999999968,-1.819298673159174
3.8,3.7573333333333334,3.8426666666666667,False,105.59281152631061,True,0.013100262550513395,-0.9000000000000026,0.05268661509254486,-25.565994044809507,3.797333333333333,-0.002666666666666817,105.57212024846449,True,0.7678788938687356,0.0206912778461259,0.003392745617322346,pyin_probability_below_0.5,-0.8285766945228669,False,-1.3000000000000005,-1.633760235014599
3.81,3.767333333333333,3.8526666666666665,False,106.2045044606715,True,0.04069733156888106,-0.8000000000000008,0.056250987241691114,-24.997397019938653,3.8073333333333332,-0.002666666666666817,111.22046782443013,True,0.6813625356603267,5.01596336375863,-0.7989282487230394,pyin_probability_below_0.5,0.07374429981749592,False,-1.199999999999998,-0.7314392406742354
3.82,3.7773333333333334,3.8626666666666667,False,105.59281152631061,True,0.07797523762294818,-0.9000000000000026,0.059207716638976816,-24.55243374549864,3.817333333333333,-0.002666666666666817,108.40000593258371,True,0.7680645244547808,2.807194406273098,-0.45423854873734326,pyin_probability_below_0.5,-0.3709454001682009,False,-1.3000000000000005,-1.1761289406599322
3.83,3.787333333333333,3.8726666666666665,False,106.2045044606715,True,0.12793708630129036,-0.8000000000000008,0.06229825938625171,-24.110481747235994,3.8273333333333333,-0.002666666666666817,104.39529777269793,True,0.8916664395654228,1.809206687973571,0.29745871003499086,pyin_probability_below_0.5,-1.0226426589405322,False,-1.199999999999998,-1.8278261994322642
3.84,3.7973333333333334,3.8826666666666667,False,106.2045044606715,True,0.17653060863289757,-0.8000000000000008,0.06341216185443986,-23.95654881090215,3.837333333333333,-0.002666666666666817,104.26129617792562,True,0.9308654815940346,1.9432082827458856,0.3196950698834905,pyin_probability_below_0.5,-1.0448790187890338,False,-1.199999999999998,-1.850062559280767
3.85,3.8073333333333332,3.8926666666666665,False,106.2045044606715,True,0.2796051653363589,-0.8000000000000008,0.06412947218206412,-23.858846690618364,3.8473333333333333,-0.002666666666666817,105.50521160363692,True,0.9457061585856686,0.6992928570345782,0.11436829917068043,pyin_probability_below_0.5,-0.8395522480762214,False,-1.199999999999998,-1.6447357885679539
3.86,3.8173333333333335,3.9026666666666667,False,105.59281152631061,True,0.3721358982975087,-0.9000000000000026,0.061371326264993864,-24.24068982588251,3.857333333333333,-0.002666666666666817,106.03191991485248,True,0.9394470463706774,0.43910838854186807,-0.07184420074918851,pyin_probability_below_0.5,-0.7533397481563573,False,-1.3000000000000005,-1.55852328864809
3.87,3.8273333333333333,3.9126666666666665,False,108.06092649856241,True,0.2796051653363589,-0.5000000000000021,0.05622597612318139,-25.001259923277818,3.867333333333333,-0.002666666666667261,108.55591791675413,True,0.9139322859858693,0.49499141819171655,-0.079121038906753,pyin_probability_below_0.5,-0.34606290999878975,False,-0.9000000000000006,-1.1512464504905222
3.88,3.8373333333333335,3.9226666666666667,False,109.31653398298289,True,0.32333605839064083,-0.30000000000000204,0.05115368229182004,-25.82246196378413,3.877333333333333,-0.002666666666666817,107.85287011721765,True,0.9406541686076004,1.4636638657652412,0.23336464909982546,pyin_probability_below_0.5,-0.45854859800536973,False,-0.7000000000000002,-1.2637321384971023
3.89,3.8473333333333333,3.9326666666666665,False,110.58673092361124,True,0.20650679911775227,-0.10000000000000259,0.047775128073795706,-26.415962800616207,3.887333333333333,-0.002666666666667261,111.51986502632732,True,0.952132912129175,0.9331341027160818,-0.1454691634867221,pyin_probability_below_0.5,0.12028521458118052,False,-0.5000000000000001,-0.6848983259105531
3.9,3.8573333333333335,3.9426666666666668,False,114.4865635674993,True,0.10857977072874497,0.5000000000000008,0.04833027998608745,-26.315613778140836,3.897333333333333,-0.002666666666666817,112.93985290519616,True,0.9819884278461273,1.5467106623031412,0.23548358973754005,pyin_probability_below_0.5,0.3393324613569197,False,0.10000000000000017,-0.46585107913481305
3.91,3.8673333333333333,3.9526666666666666,False,117.84127594565435,True,0.03489742801962526,0.9999999999999971,0.04990225342247268,-26.03759685232232,3.907333333333333,-0.002666666666667261,113.35617731104645,True,0.9735826232064348,4.485098634607894,0.6717833295660318,pyin_probability_below_0.5,0.40303272152842223,False,0.5999999999999976,-0.40215081896330934
3.92,3.8773333333333335,3.962666666666667,False,124.12940850835416,True,0.03489742801962526,1.9000000000000006,0.05490013259941994,-25.208532132081277,3.917333333333333,-0.002666666666666817,116.95686038795428,True,0.931121433618684,7.172548120399881,1.0304216117085823,pyin_probability_below_0.5|pitch_difference_over_1_semitone,0.9443944393858731,False,1.5000000000000004,0.13921089889414123
3.93,3.8873333333333333,3.9726666666666666,False,130.0,True,0.04069733156888105,2.6999999999999966,0.06074358043011323,-24.3299922578339,3.927333333333333,-0.002666666666667261,121.77961814307159,True,0.9840428987438347,8.220381856928412,1.130867147549325,pyin_probability_below_0.5|pitch_difference_over_1_semitone,1.6439489035451293,False,2.3000000000000003,0.8387653630533963
3.94,3.8973333333333335,3.982666666666667,False,133.03860595958074,True,0.06608151270920702,3.0999999999999988,0.06338354593742088,-23.960469364770532,3.937333333333333,-0.002666666666666817,125.90534846249804,True,0.9582881539253886,7.133257497082695,0.9540646380634829,pyin_probability_below_0.5,2.220751413030973,False,2.7,1.415567872539241
3.95,3.9073333333333333,3.9926666666666666,False,137.7302022667084,True,0.06608151270920702,3.7000000000000015,0.06979891288320321,-23.12302682905618,3.947333333333333,-0.002666666666667261,131.06954885380563,True,0.9475417972852225,6.660653412902775,0.858148929262043,pyin_probability_below_0.5,2.916667121832414,False,3.3000000000000034,2.1114835813406825
3.96,3.917333333333333,4.002666666666666,False,139.33055012971812,True,0.1504646013433388,3.9000000000000004,0.07430760935269469,-22.579334214512823,3.957333333333333,-0.002666666666666817,134.7572583533238,True,0.9566721432854179,4.5732917763943135,0.5777836934788794,pyin_probability_below_0.5,3.397032357615578,False,3.500000000000001,2.591848817123846
3.97,3.9273333333333333,4.012666666666667,False,140.13768379557115,True,0.2796051653363589,3.9999999999999973,0.07998230428664345,-21.940121760349463,3.967333333333333,-0.002666666666667261,137.51982230413324,True,0.9776731666001486,2.617861491437907,0.32646444998094254,pyin_probability_below_0.5,3.748351601113513,False,3.599999999999997,2.9431680606217796
3.98,3.937333333333333,4.022666666666667,False,140.13768379557115,True,0.48498680771591135,3.9999999999999973,0.08338159134034695,-21.578596412130015,3.977333333333333,-0.002666666666666817,139.75285352024144,True,0.9685281256401655,0.3848302753297048,0.0476065894885075,pyin_probability_below_0.5,4.027209461605949,False,3.599999999999997,3.222025921114216
3.99,3.9473333333333334,4.032666666666667,False,140.13768379557115,True,0.48498680771591135,3.9999999999999973,0.08434203533211278,-21.479118457023098,3.987333333333333,-0.002666666666667261,142.22434599913473,True,0.9683720752760044,2.086662203563577,-0.2558818848980947,pyin_probability_below_0.5,4.330697935992548,False,3.599999999999997,3.5255143955008172
4.0,3.957333333333333,4.042666666666666,False,139.33055012971812,True,0.48498680771591135,3.9000000000000004,0.08256479569145377,-21.664101788696012,3.997333333333333,-0.002666666666666817,141.5267241570602,True,0.9694975526785086,2.1961740273420673,-0.2707545146893401,pyin_probability_below_0.5,4.245570565783797,False,3.500000000000001,3.440387025292066
4.01,3.9673333333333334,4.052666666666667,False,139.33055012971812,True,0.018187375734912182,3.9000000000000004,0.0908610791463657,-20.832442188524134,4.007333333333333,-0.002666666666666373,140.57380097760094,True,0.9605071591183608,1.2432508478828197,-0.153793418747541,pyin_probability_below_0.5,4.128609469841997,False,3.500000000000001,3.3234259293502646
4.02,3.977333333333333,4.062666666666667,False,140.13768379557115,True,0.010467533617069905,3.9999999999999973,0.0892928548804476,-20.983665830099994,4.017333333333333,-0.002666666666666373,138.0718125266261,True,0.948400138635568,2.0658712689450454,0.25711361163486945,pyin_probability_below_0.5,3.817702439459585,False,3.599999999999997,3.0125188989678553
4.03,3.9873333333333334,4.072666666666667,False,139.33055012971812,True,0.010001873046012551,3.9000000000000004,0.09404262927026835,-20.533504745002716,4.027333333333333,-0.002666666666667261,136.01464086945182,True,0.9277878935165743,3.315909260266295,0.4169960284353873,pyin_probability_below_0.5,3.5578200226590697,False,3.500000000000001,2.752636482167338
4.04,3.997333333333333,4.082666666666666,False,,False,0.01000012784523254,,0.09398706997820196,-20.53863778404103,4.037333333333333,-0.002666666666667261,,False,0.0,,,,,False,,
4.05,4.007333333333333,4.092666666666666,False,,False,0.010000002871100368,,0.09064834439677008,-20.8528024691881,4.0473333333333334,-0.002666666666666373,,False,0.0,,,,,False,,
4.06,4.017333333333333,4.102666666666667,False,,False,0.010000000208892742,,0.09601668498855932,-20.353065845701728,4.057333333333333,-0.002666666666666373,,False,0.0,,,,,False,,
4.07,4.027333333333333,4.112666666666667,False,,False,0.010000000009505967,,0.10154351940027716,-19.866955768868127,4.067333333333333,-0.002666666666667261,,False,0.0,,,,,False,,
4.08,4.037333333333334,4.1226666666666665,False,,False,0.010000000417925077,,0.10281189424529351,-19.7591327834135,4.077333333333333,-0.002666666666667261,,False,0.0,,,,,False,,
4.09,4.0473333333333334,4.132666666666666,False,,False,0.010000000000613862,,0.10665640216696295,-19.440261408635443,4.0873333333333335,-0.002666666666666373,,False,0.0,,,,,False,,
4.1,4.057333333333333,4.142666666666667,False,,False,0.010000000009505967,,0.09970791064057621,-20.025407684065385,4.097333333333333,-0.002666666666666373,,False,0.0,,,,,False,,
4.11,4.067333333333333,4.152666666666667,False,,False,0.010000000021701592,,0.09170186384544944,-20.752436743618638,4.107333333333333,-0.002666666666667261,,False,0.0,,,,,False,,
4.12,4.077333333333334,4.1626666666666665,False,111.87168684176291,True,0.010000000101429396,0.10000000000000017,0.09107319576565978,-20.812188474579465,4.117333333333333,-0.002666666666667261,,False,0.0,,,pyin_probability_below_0.5|voicing_disagreement,,False,-0.30000000000000004,
4.13,4.0873333333333335,4.172666666666666,False,111.87168684176291,True,0.010000078102280324,0.10000000000000017,0.08961385326440648,-20.95249696496475,4.127333333333333,-0.002666666666667261,,False,0.0,,,pyin_probability_below_0.5|voicing_disagreement,,False,-0.30000000000000004,
4.14,4.097333333333333,4.182666666666667,False,109.31653398298289,True,0.01000000521622945,-0.30000000000000204,0.07992920313767474,-21.94589033503153,4.137333333333333,-0.002666666666666373,106.50777252433886,True,0.6436064234299917,2.808761458644028,0.4506348800365403,pyin_probability_below_0.5,-0.6758188289420841,False,-0.7000000000000002,-1.4810023694338181
4.15,4.107333333333333,4.192666666666667,False,109.31653398298289,True,0.010037765502929688,-0.30000000000000204,0.0782451887058977,-22.130847154280847,4.147333333333333,-0.002666666666667261,110.37346436944806,True,0.7904324094032772,1.0569303864651687,-0.1665809098100247,pyin_probability_below_0.5,-0.0586030390955201,False,-0.7000000000000002,-0.863786579587251
4.16,4.117333333333334,4.2026666666666666,False,106.81974089615274,True,0.010140046044704068,-0.7000000000000022,0.06780028441921694,-23.37536968565656,4.157333333333333,-0.002666666666667261,105.71869465445896,True,0.5551120160449952,1.1010462416937798,0.17937327811695297,pyin_probability_below_0.5,-0.8045572270224971,False,-1.0999999999999999,-1.6097407675142295
4.17,4.1273333333333335,4.212666666666666,False,106.81974089615274,True,0.04069733156888106,-0.7000000000000022,0.0667638130354686,-23.509177354483143,4.167333333333333,-0.002666666666667261,104.28409736634362,True,0.8287257881114851,2.5356435298091213,0.4159094006596491,pyin_probability_below_0.5,-1.0410933495651933,False,-1.0999999999999999,-1.8462768900569253
4.18,4.137333333333333,4.222666666666667,False,106.81974089615274,True,0.09203757081218102,-0.7000000000000022,0.06300878679048039,-24.01197764949155,4.177333333333333,-0.002666666666666373,105.89710675417706,True,0.9511512931930367,0.9226341419756778,0.15018139613794734,pyin_probability_below_0.5,-0.7753653450434911,False,-1.0999999999999999,-1.5805488855352245
4.19,4.147333333333333,4.232666666666667,False,105.59281152631061,True,0.2407543944755743,-0.9000000000000026,0.05858480915859132,-24.644299609281145,4.187333333333333,-0.002666666666667261,106.61335599155937,True,0.9321108503654154,1.0205444652487614,-0.16651871798520132,pyin_probability_below_0.5,-0.6586652309203439,False,-1.3000000000000005,-1.463848771412075
4.2,4.157333333333334,4.242666666666667,False,105.59281152631061,True,0.4260623290432814,-0.9000000000000026,0.055891679746770714,-25.05305676141556,4.197333333333333,-0.002666666666667261,107.2960307740394,True,0.9546461023448373,1.7032192477287822,-0.2770210066670005,pyin_probability_below_0.5,-0.5481629422385437,False,-1.3000000000000005,-1.353346482730277
4.21,4.167333333333334,4.252666666666666,False,105.59281152631061,True,0.42606232904328145,-0.9000000000000026,0.05258936741414471,-25.58204106374553,4.207333333333333,-0.002666666666667261,106.74518828364072,True,0.9475572913048753,1.152376757330103,-0.1879129942386915,pyin_probability_below_0.5,-0.6372709546668536,False,-1.3000000000000005,-1.4424544951585845
4.22,4.177333333333333,4.262666666666667,False,105.59281152631061,True,0.4260623290432814,-0.9000000000000026,0.049198457102990485,-26.160970335776458,4.217333333333333,-0.002666666666666373,104.48199135463395,True,0.8633395378586676,1.1108201716766644,0.18308789067704048,pyin_probability_below_0.5,-1.0082718395825863,False,-1.3000000000000005,-1.8134553800743172
4.23,4.187333333333333,4.272666666666667,False,104.98464168400547,True,0.37213589829750865,-1.0000000000000013,0.045931417763150635,-26.75780298051152,4.227333333333333,-0.002666666666667261,101.37395973963302,True,0.9042845338639202,3.6106819443724447,0.6058941573649983,pyin_probability_below_0.5,-1.5310781062705392,False,-1.3999999999999984,-2.3362616467622717
4.24,4.197333333333333,4.282666666666667,False,104.37997464223893,True,0.3233360583906408,-1.1000000000000019,0.04126725645144745,-27.687888062530924,4.237333333333333,-0.002666666666667261,100.06012450759907,True,0.9866001920728819,4.319850134639864,0.731733647484984,pyin_probability_below_0.5,-1.7569175963905297,False,-1.5000000000000004,-2.5621011368822613
4.25,4.207333333333334,4.292666666666666,False,102.5867891540234,True,0.27960516533635876,-1.4000000000000004,0.03538685510138031,-29.023160644851323,4.247333333333333,-0.002666666666667261,99.71868808850203,True,0.9280160971668371,2.8681010655213726,0.4909097855527027,pyin_probability_below_0.5,-1.8160937344582453,False,-1.799999999999999,-2.6212772749499758
4.26,4.217333333333333,4.302666666666667,False,100.82440951919276,True,0.12793708630129033,-1.7000000000000013,0.026149462386854044,-31.65074470941237,4.257333333333333,-0.002666666666666373,96.21974329786144,True,0.7354945481564936,4.604666221331314,0.8092812117306372,pyin_probability_below_0.5,-2.43446516063618,False,-2.0999999999999996,-3.239648701127913
4.27,4.227333333333333,4.312666666666667,False,100.82440951919276,True,0.010191075496968313,-1.7000000000000013,0.019605198808752004,-34.152574986575495,4.267333333333333,-0.002666666666666373,,False,0.0,,,pyin_probability_below_0.5|voicing_disagreement,,False,-2.0999999999999996,
4.28,4.237333333333333,4.322666666666667,False,103.77879022636449,True,0.010000000047726025,-1.2000000000000002,0.02373733128430944,-32.491362180794205,4.277333333333333,-0.002666666666667261,,False,0.0,,,pyin_probability_below_0.5|voicing_disagreement,,False,-1.5999999999999979,
4.29,4.247333333333334,4.332666666666666,False,,False,0.010000000000001867,,0.025893294707057337,-31.736253713544926,4.287333333333333,-0.002666666666667261,,False,0.0,,,,,False,,
4.3,4.257333333333333,4.342666666666666,False,,False,0.010000000003996623,,0.03457308573506057,-29.225237137006538,4.2973333333333334,-0.002666666666666373,,False,0.0,,,,,False,,
4.31,4.267333333333333,4.352666666666667,False,,False,0.010000027850262284,,0.05616597525687136,-25.010533913916262,4.307333333333333,-0.002666666666666373,,False,0.0,,,,,False,,
4.32,4.277333333333333,4.362666666666667,False,109.9497982220883,True,0.01000123296498612,-0.2000000000000017,0.07452464940698698,-22.554001167622594,4.317333333333333,-0.002666666666667261,,False,0.0,,,pyin_probability_below_0.5|voicing_disagreement,,False,-0.5999999999999991,
4.33,4.287333333333334,4.3726666666666665,False,109.31653398298289,True,0.010191075496968311,-0.30000000000000204,0.09506862927419502,-20.439255356458336,4.327333333333333,-0.002666666666667261,,False,0.0,,,pyin_probability_below_0.5|voicing_disagreement,,False,-0.7000000000000002,
4.34,4.2973333333333334,4.382666666666666,False,108.06092649856241,True,0.013100262550513397,-0.5000000000000021,0.11273760789400555,-18.958623688605613,4.3373333333333335,-0.002666666666666373,,False,0.0,,,pyin_probability_below_0.5|voicing_disagreement,,False,-0.9000000000000006,
4.35,4.307333333333333,4.392666666666667,False,108.06092649856241,True,0.03489742801962526,-0.5000000000000021,0.1279310896384422,-17.860478020878677,4.347333333333333,-0.002666666666666373,109.5626452867648,True,0.6380256067146898,1.5017187882023961,-0.2389325700099533,pyin_probability_below_0.5,-0.1862513788955899,False,-0.9000000000000006,-0.9914349193873218
4.36,4.317333333333333,4.402666666666667,False,108.68691707750624,True,0.06608151270920701,-0.3999999999999989,0.14312225451512287,-16.885856624363498,4.357333333333333,-0.002666666666667261,108.30805976451948,True,0.9207165323887102,0.37885731298675296,0.06045221469813644,pyin_probability_below_0.5,-0.3856361636036786,False,-0.7999999999999968,-1.1908197040954118
4.37,4.327333333333334,4.4126666666666665,False,108.06092649856241,True,0.12793708630129036,-0.5000000000000021,0.15416897675518101,-16.24006020138805,4.367333333333333,-0.002666666666667261,106.86757785760928,True,0.9144077326840117,1.1933486409531326,0.1922487699930999,pyin_probability_below_0.5,-0.6174327188986432,False,-0.9000000000000006,-1.422616259390375
4.38,4.3373333333333335,4.422666666666666,False,108.06092649856241,True,0.20650679911775227,-0.5000000000000021,0.16102168372554604,-15.86231272926953,4.3773333333333335,-0.002666666666666373,107.44542277046659,True,0.9387790563731944,0.6155037280958169,0.09889118463768323,pyin_probability_below_0.5,-0.5240751335432262,False,-0.9000000000000006,-1.3292586740349592
4.39,4.347333333333333,4.432666666666667,False,107.43854136004751,True,0.2065067991177523,-0.6000000000000031,0.16034485857819505,-15.89889922134221,4.387333333333333,-0.002666666666666373,109.28500380357927,True,0.9711605431516629,1.8464624435317631,-0.2950058795479708,pyin_probability_below_0.5,-0.23017806935757473,False,-1.0000000000000013,-1.0353616098493066
4.4,4.357333333333333,4.442666666666667,False,107.43854136004751,True,0.10857977072874496,-0.6000000000000031,0.15711112937777535,-16.075860989696196,4.397333333333333,-0.002666666666667261,108.98810098045105,True,0.95961658263887,1.5495596204035422,-0.24790813068096776,pyin_probability_below_0.5,-0.27727581822457714,False,-1.0000000000000013,-1.0824593587163092
4.41,4.367333333333334,4.4526666666666666,False,107.43854136004751,True,0.04069733156888106,-0.6000000000000031,0.14932146944898966,-16.51755489802643,4.407333333333333,-0.002666666666667261,107.30462895726419,True,0.925437460013592,0.13391240278332361,0.02159172196249268,pyin_probability_below_0.5,-0.5467756708680382,False,-1.0000000000000013,-1.351959211359772
4.42,4.3773333333333335,4.462666666666666,False,107.43854136004751,True,0.018187375734912182,-0.6000000000000031,0.13838193973832058,-17.178411721254815,4.417333333333333,-0.002666666666667261,104.53714670487413,True,0.883376883024941,2.9013946551733767,0.47395123233782976,pyin_probability_below_0.5,-0.9991351812433761,False,-1.0000000000000013,-1.804318721735107
4.43,4.387333333333333,4.472666666666667,False,106.2045044606715,True,0.015085587297504338,-0.8000000000000008,0.12786396991663543,-17.865036314620124,4.427333333333333,-0.002666666666666373,101.31887790012168,True,0.8943530059597273,4.885626560549824,0.8153034250534914,pyin_probability_below_0.5,-1.5404873739590341,False,-1.199999999999998,-2.3456709144507664
4.44,4.397333333333333,4.482666666666667,False,103.77879022636449,True,0.01508558729750434,-1.2000000000000002,0.11520631703260048,-18.770474137495015,4.437333333333333,-0.002666666666667261,98.29491022540903,True,0.8749176681382249,5.483880000955466,0.9398760399816773,pyin_probability_below_0.5,-2.065059988887219,False,-1.5999999999999979,-2.870243529378951
4.45,4.407333333333334,4.492666666666667,False,100.82440951919276,True,0.026168028608935755,-1.7000000000000013,0.10091496017714016,-19.920888936753908,4.447333333333333,-0.002666666666667261,95.2905223480839,True,0.8812838303919917,5.533887171108859,0.977283858107405,pyin_probability_below_0.5,-2.6024678070129466,False,-2.0999999999999996,-3.4076513475046792
4.46,4.417333333333334,4.502666666666666,False,97.95413429584742,True,0.04069733156888106,-2.200000000000002,0.08597630501197501,-21.312424468258392,4.457333333333333,-0.002666666666667261,94.4015879563046,True,0.8971901827522861,3.552546339542829,0.6395430843319312,pyin_probability_below_0.5,-2.7647270332374756,False,-2.6000000000000005,-3.5699105737292074
4.47,4.427333333333333,4.512666666666667,False,95.16557023646565,True,0.09203757081218102,-2.700000000000001,0.07478100748459374,-22.52417376249337,4.467333333333333,-0.002666666666666373,94.67413042192938,True,0.921002651041878,0.49143981453627816,0.0896334367958776,pyin_probability_below_0.5,-2.7148173857014193,False,-3.0999999999999983,-3.520000926193151
4.48,4.437333333333333,4.522666666666667,False,94.07250043362458,True,0.07797523762294818,-2.8999999999999995,0.06390862188071104,-23.88881094868642,4.477333333333333,-0.002666666666667261,94.10769798119988,True,0.882494782040267,0.0351975475752937,-0.006476259885990776,pyin_probability_below_0.5,-2.8187076890195515,False,-3.299999999999999,-3.623891229511284
4.49,4.447333333333333,4.532666666666667,False,94.07250043362458,True,0.04069733156888106,-2.8999999999999995,0.054811541602773114,-25.22255966001105,4.487333333333333,-0.002666666666667261,91.02465769632165,True,0.7787019187923736,3.047842737302929,0.5701876936267684,pyin_probability_below_0.5,-3.395371642532311,False,-3.299999999999999,-4.2005551830240435
4.5,4.457333333333334,4.542666666666666,False,93.53068270070331,True,0.018187375734912182,-3.000000000000001,0.04819848951588906,-26.339331436548044,4.497333333333333,-0.002666666666667261,92.7147752187503,True,0.701682576527138,0.8159074819530048,0.1516854011614706,pyin_probability_below_0.5,-3.076869350067014,False,-3.3999999999999986,-3.8820528905587466
4.51,4.467333333333333,4.552666666666667,False,93.53068270070331,True,0.015085587297504338,-3.000000000000001,0.04410164701243547,-27.110903822862884,4.507333333333333,-0.002666666666666373,94.64212738607829,True,0.5031057311393035,1.1114446853749769,-0.20451342132310646,pyin_probability_below_0.5,-2.7206705275824348,False,-3.3999999999999986,-3.5258540680741666
4.52,4.477333333333333,4.562666666666667,False,92.4563911828233,True,0.010824463728234167,-3.2000000000000006,0.039172273497587805,-28.140424438941167,4.517333333333333,-0.002666666666666373,94.08426703480383,True,0.305529530492311,1.6278758519805336,-0.3021652944939415,pyin_probability_below_0.5,-2.8230186544116007,False,-3.5999999999999988,-3.628202194903334
4.53,4.487333333333333,4.572666666666667,False,94.61745688474217,True,0.011085791888943373,-2.8000000000000043,0.03454455406530497,-29.23240818478766,4.527333333333333,-0.002666666666667261,91.552637794795,True,0.4853304900622429,3.0648190899471643,0.5700591788268464,pyin_probability_below_0.5,-3.29524312773239,False,-3.2000000000000006,-4.100426668224121
4.54,4.497333333333334,4.582666666666666,False,94.61745688474217,True,0.010259050559778863,-2.8000000000000043,0.031020209106613537,-30.16710557884138,4.537333333333333,-0.002666666666667261,96.77169282339868,True,0.6794426101691451,2.1542359386565124,-0.3897445726758351,pyin_probability_below_0.5,-2.335439376229711,False,-3.2000000000000006,-3.1406229167214432
4.55,4.507333333333333,4.592666666666666,False,95.16557023646565,True,0.013100262550513395,-2.700000000000001,0.022864774554693684,-32.81666152759487,4.5473333333333334,-0.002666666666666373,96.60371879084425,True,0.8358200287322911,1.4381485543786,-0.25966810791432454,pyin_probability_below_0.5,-2.3655158409912187,False,-3.0999999999999983,-3.1706993814829523
4.56,4.517333333333333,4.602666666666667,False,95.16557023646565,True,0.010191075496968311,-2.700000000000001,0.022097827715929472,-33.11300833385754,4.557333333333333,-0.002666666666666373,96.8025008975015,True,0.8744223133120929,1.6369306610358478,-0.29525522327425024,pyin_probability_below_0.5,-2.329928725631294,False,-3.0999999999999983,-3.1351122661230257
4.57,4.527333333333333,4.612666666666667,False,106.2045044606715,True,0.010000005216229449,-0.8000000000000008,0.03163191672229893,-29.99748982801679,4.567333333333333,-0.002666666666667261,,False,0.0,,,pyin_probability_below_0.5|voicing_disagreement,,False,-1.199999999999998,
4.58,4.537333333333334,4.6226666666666665,False,111.87168684176291,True,0.010000001546554295,0.10000000000000017,0.04186980166345463,-27.56198192699088,4.577333333333333,-0.002666666666667261,,False,0.0,,,pyin_probability_below_0.5|voicing_disagreement,,False,-0.30000000000000004,
4.59,4.5473333333333334,4.632666666666666,False,105.59281152631061,True,0.010000000814014906,-0.9000000000000026,0.05125718500511014,-25.80490497057233,4.5873333333333335,-0.002666666666666373,,False,0.0,,,pyin_probability_below_0.5|voicing_disagreement,,False,-1.3000000000000005,
4.6,4.557333333333333,4.642666666666667,False,104.37997464223893,True,0.010001873046012551,-1.1000000000000019,0.06160617172308597,-24.207515558329437,4.597333333333333,-0.002666666666666373,,False,0.0,,,pyin_probability_below_0.5|voicing_disagreement,,False,-1.5000000000000004,
4.61,4.567333333333333,4.652666666666667,False,106.2045044606715,True,0.010013068846238975,-0.8000000000000008,0.07114670005042743,-22.95690477403268,4.607333333333333,-0.002666666666667261,,False,0.0,,,pyin_probability_below_0.5|voicing_disagreement,,False,-1.199999999999998,
4.62,4.577333333333334,4.6626666666666665,False,108.68691707750624,True,0.01002672467381077,-0.3999999999999989,0.0796943053502082,-21.971454210306092,4.617333333333333,-0.002666666666667261,,False,0.0,,,pyin_probability_below_0.5|voicing_disagreement,,False,-0.7999999999999968,
4.63,4.5873333333333335,4.672666666666666,False,108.06092649856241,True,0.01010197459374499,-0.5000000000000021,0.08285029310992531,-21.634119015671892,4.6273333333333335,-0.002666666666666373,103.90456373740118,True,0.7653498262784966,4.156362761161233,0.6790312119636892,pyin_probability_below_0.5,-1.1042151608692312,False,-0.9000000000000006,-1.9093987013609646
4.64,4.597333333333333,4.682666666666667,False,108.06092649856241,True,0.010140046044704068,-0.5000000000000021,0.08319213676657465,-21.598354416558266,4.637333333333333,-0.002666666666666373,107.33830933177516,True,0.6916381358546309,0.722617166787245,0.11615864206878324,pyin_probability_below_0.5,-0.5413425909743254,False,-0.9000000000000006,-1.346526131466058
4.65,4.607333333333333,4.692666666666667,False,108.06092649856241,True,0.010824463728234167,-0.5000000000000021,0.0824106832070711,-21.68032970849971,4.647333333333333,-0.002666666666667261,109.40170852330527,True,0.7928360321094624,1.3407820247428646,-0.21348374695078823,pyin_probability_below_0.5,-0.2117002019547555,False,-0.9000000000000006,-1.0168837424464883
4.66,4.617333333333334,4.7026666666666666,False,108.06092649856241,True,0.013980210380185928,-0.5000000000000021,0.07447438815731974,-22.55986112069848,4.657333333333333,-0.002666666666667261,108.81134271436522,True,0.7293793708478519,0.7504162158028151,-0.11980796745798578,pyin_probability_below_0.5,-0.3053759814475582,False,-0.9000000000000006,-1.1105595219392894
4.67,4.6273333333333335,4.712666666666666,False,108.68691707750624,True,0.03489742801962527,-0.3999999999999989,0.06846129622405976,-23.291097646578333,4.667333333333333,-0.002666666666667261,107.44733530373021,True,0.6509021305690382,1.239581773776024,0.19858302695608626,pyin_probability_below_0.5,-0.5237669758616275,False,-0.7999999999999968,-1.3289505163533586
4.68,4.637333333333333,4.722666666666667,False,109.31653398298289,True,0.04069733156888106,-0.30000000000000204,0.05944427946145768,-24.51779865534143,4.677333333333333,-0.002666666666666373,110.03988933236893,True,0.52824951841838,0.7233553493860398,-0.11417964706337665,pyin_probability_below_0.5,-0.11100430184216825,False,-0.7000000000000002,-0.9161878423338995
4.69,4.647333333333333,4.732666666666667,False,108.06092649856241,True,0.03489742801962527,-0.5000000000000021,0.048816208260690885,-26.228719138037,4.687333333333333,-0.002666666666667261,,False,0.0,,,pyin_probability_below_0.5|voicing_disagreement,,False,-0.9000000000000006,
4.7,4.657333333333334,4.742666666666667,False,105.59281152631061,True,0.011853505394683411,-0.9000000000000026,0.03271967601900528,-29.703820104815545,4.697333333333333,-0.002666666666667261,,False,0.0,,,pyin_probability_below_0.5|voicing_disagreement,,False,-1.3000000000000005,
4.71,4.667333333333334,4.752666666666666,False,110.58673092361124,True,0.010013068846238975,-0.10000000000000259,0.014922491790113398,-36.52317302742829,4.707333333333333,-0.002666666666667261,,False,0.0,,,pyin_probability_below_0.5|voicing_disagreement,,False,-0.5000000000000001,
4.72,4.677333333333333,4.762666666666667,False,108.68691707750624,True,0.010006178555334078,-0.3999999999999989,0.006041567007441321,-44.37700806724389,4.717333333333333,-0.002666666666666373,,False,0.0,,,pyin_probability_below_0.5|voicing_disagreement,,False,-0.7999999999999968,
4.73,4.687333333333333,4.772666666666667,False,,False,0.0100000470079773,,0.018592398732405004,-34.61329150629186,4.727333333333333,-0.002666666666667261,,False,0.0,,,,,False,,
4.74,4.697333333333333,4.782666666666667,False,,False,0.010000000000023851,,0.053642026008158414,-25.4098965524464,4.737333333333333,-0.002666666666667261,,False,0.0,,,,,False,,
4.75,4.707333333333334,4.792666666666666,False,113.82716948276507,True,0.01000020633903134,0.39999999999999736,0.07735227115044516,-22.230538607973433,4.747333333333333,-0.002666666666667261,,False,0.0,,,pyin_probability_below_0.5|voicing_disagreement,,False,0.0,
4.76,4.717333333333333,4.802666666666667,False,124.84848285663055,True,0.010000000047726025,1.9999999999999973,0.09858364131838848,-20.12390289277238,4.757333333333333,-0.002666666666666373,,False,0.0,,,pyin_probability_below_0.5|voicing_disagreement,,False,1.6000000000000023,
4.77,4.727333333333333,4.812666666666667,False,124.84848285663055,True,0.01001876450976914,1.9999999999999973,0.11856684303106606,-18.52073487068408,4.767333333333333,-0.002666666666666373,,False,0.0,,,pyin_probability_below_0.5|voicing_disagreement,,False,1.6000000000000023,
4.78,4.737333333333333,4.822666666666667,False,124.84848285663055,True,0.010191075496968311,1.9999999999999973,0.12754803338057052,-17.886524664807958,4.777333333333333,-0.002666666666667261,,False,0.0,,,pyin_probability_below_0.5|voicing_disagreement,,False,1.6000000000000023,
4.79,4.747333333333334,4.832666666666666,False,124.84848285663055,True,0.010622609040911533,1.9999999999999973,0.13128554019571417,-17.63566209040047,4.787333333333333,-0.002666666666667261,,False,0.0,,,pyin_probability_below_0.5|voicing_disagreement,,False,1.6000000000000023,
4.8,4.757333333333333,4.842666666666666,False,124.84848285663055,True,0.010622609040911533,1.9999999999999973,0.131752954276058,-17.604792757768603,4.7973333333333334,-0.002666666666666373,124.62647486814394,True,0.8396603921420928,0.22200798848660952,0.030812542773527907,pyin_probability_below_0.5,2.0440035083209294,False,1.6000000000000023,1.2388199678291976
4.81,4.767333333333333,4.852666666666667,False,124.84848285663055,True,0.011085791888943373,1.9999999999999973,0.13171186451369526,-17.607502046588795,4.807333333333333,-0.002666666666666373,125.10130380468733,True,0.9006667392496925,0.25282094805677957,-0.03502242500049797,pyin_probability_below_0.5,2.109838476094953,False,1.6000000000000023,1.3046549356032207
4.82,4.777333333333333,4.862666666666667,False,124.84848285663055,True,0.01646758759311301,1.9999999999999973,0.1303957812788968,-17.694729183881623,4.817333333333333,-0.002666666666667261,124.85456030343786,True,0.8540040100300232,0.006077446807310594,-0.0008427196331401653,pyin_probability_below_0.5,2.075658770727596,False,1.6000000000000023,1.2704752302358635
4.83,4.787333333333334,4.8726666666666665,False,124.84848285663055,True,0.27960516533635893,1.9999999999999973,0.11546035733623383,-18.751342054898736,4.827333333333333,-0.002666666666667261,123.82926723936923,True,0.7192257913347436,1.0192156172613238,0.14191142226482775,pyin_probability_below_0.5,1.9329046288296303,False,1.6000000000000023,1.127721088337899
4.84,4.7973333333333334,4.882666666666666,False,124.84848285663055,True,0.20650679911775227,1.9999999999999973,0.09661722078268342,-20.29890918507614,4.8373333333333335,-0.002666666666666373,123.29448748109596,True,0.4511991294363965,1.5539953755345977,0.21683990273680037,pyin_probability_below_0.5,1.8579761483576571,False,1.6000000000000023,1.0527926078659253
4.85,4.807333333333333,4.892666666666667,False,124.12940850835416,True,0.07797523762294818,1.9000000000000006,0.07318619680328355,-22.711416416383585,4.847333333333333,-0.002666666666666373,124.587052463738,True,0.6679263269099106,0.45764395538384406,-0.06371027385656428,pyin_probability_below_0.5,2.038526324951021,False,1.5000000000000004,1.2333427844592915
4.86,4.817333333333333,4.902666666666667,False,124.12940850835416,True,0.010824463728234167,1.9000000000000006,0.05758906415585942,-24.79319957725688,4.857333333333333,-0.002666666666667261,125.92017100547652,True,0.7022576890734962,1.7907624971223584,-0.2479733834350467,pyin_probability_below_0.5,2.222789434529505,False,1.5000000000000004,1.4176058940377745
4.87,4.827333333333334,4.9126666666666665,False,,False,0.0100000000000754,,0.06987724082081381,-23.11328503885164,4.867333333333333,-0.002666666666667261,125.91309056427613,True,0.7060474688471144,,,voicing_disagreement,2.221815941130314,False,,1.4166324006385804
4.88,4.8373333333333335,4.922666666666666,False,,False,0.010000000009505967,,0.09028587766254124,-20.887603517069984,4.8773333333333335,-0.002666666666666373,,False,0.0,,,,,False,,
4.89,4.847333333333333,4.932666666666667,False,119.9011051661721,True,0.01000000287110037,1.2999999999999994,0.09836311266042647,-20.143354732896125,4.887333333333333,-0.002666666666666373,,False,0.0,,,pyin_probability_below_0.5|voicing_disagreement,,False,0.9000000000000021,
4.9,4.857333333333333,4.942666666666667,False,120.59568520237023,True,0.010000000003996623,1.4000000000000004,0.11045123792551201,-19.136588244795053,4.897333333333333,-0.002666666666667261,,False,0.0,,,pyin_probability_below_0.5|voicing_disagreement,,False,1.0000000000000009,
4.91,4.867333333333334,4.9526666666666666,False,123.4144757235675,True,0.010000016226422836,1.800000000000001,0.1185847338099999,-18.519424338966576,4.907333333333333,-0.002666666666667261,,False,0.0,,,pyin_probability_below_0.5|voicing_disagreement,,False,1.4000000000000004,
4.92,4.8773333333333335,4.962666666666666,False,123.4144757235675,True,0.0100000470079773,1.800000000000001,0.11978810801590963,-18.431725889254725,4.917333333333333,-0.002666666666667261,,False,0.0,,,pyin_probability_below_0.5|voicing_disagreement,,False,1.4000000000000004,
4.93,4.887333333333333,4.972666666666667,False,123.4144757235675,True,0.0100000470079773,1.800000000000001,0.11980132778541791,-18.43076737070634,4.927333333333333,-0.002666666666666373,,False,0.0,,,pyin_probability_below_0.5|voicing_disagreement,,False,1.4000000000000004,
4.94,4.897333333333333,4.982666666666667,False,123.4144757235675,True,0.01000419105279527,1.800000000000001,0.11958039029661803,-18.446800668527963,4.937333333333333,-0.002666666666667261,126.34803227276488,True,0.6300283875979412,2.9335565491973767,-0.4066988743882173,pyin_probability_below_0.5,2.281514925482674,False,1.4000000000000004,1.4763313849909419
4.95,4.907333333333334,4.992666666666667,False,125.57172276022992,True,0.01000419105279527,2.0999999999999988,0.10453938887263753,-19.6144008615048,4.947333333333333,-0.002666666666667261,124.64305639637364,True,0.8032576590131713,0.92866636385628,0.12850929246021978,pyin_probability_below_0.5,2.0463067586342376,False,1.6999999999999993,1.2411232181425038
4.96,4.917333333333334,5.002666666666666,False,124.12940850835416,True,0.010467533617069907,1.9000000000000006,0.0994480971454763,-20.0480704462913,4.957333333333333,-0.002666666666667261,123.77657107370831,True,0.6876547695455852,0.35283743464584916,0.049280343631655135,pyin_probability_below_0.5,1.9255357074628052,False,1.5000000000000004,1.1203521669710712
4.97,4.927333333333333,5.012666666666667,False,126.29915234996876,True,0.020317628556360587,2.1999999999999993,0.07827243560246025,-22.127823040671167,4.967333333333333,-0.002666666666666373,118.86851074773095,True,0.7006398990712275,7.430641602237813,1.0497404729656354,pyin_probability_below_0.5|pitch_difference_over_1_semitone,1.2250755781288225,False,1.800000000000001,0.4198920376370897
4.98,4.937333333333333,5.022666666666667,False,124.12940850835416,True,0.06608151270920702,1.9000000000000006,0.053277731901472766,-25.469085437881724,4.977333333333333,-0.002666666666667261,123.48172237287189,True,0.7575720353940383,0.6476861354822745,0.09056934106415232,pyin_probability_below_0.5,1.884246710030306,False,1.5000000000000004,1.0790631695385735
4.99,4.947333333333333,5.032666666666667,False,119.9011051661721,True,0.022944219124638603,1.2999999999999994,0.03320014167541554,-29.57720126042535,4.987333333333333,-0.002666666666667261,125.99792679461665,True,0.7990077330245792,6.096821628444545,-0.8586604658734871,pyin_probability_below_0.5,2.233476516967943,False,0.9000000000000021,1.4282929764762136
5.0,4.957333333333334,5.042666666666666,False,124.12940850835416,True,0.013100262550513395,1.9000000000000006,0.018171552020024774,-34.81215956617024,4.997333333333333,-0.002666666666667261,126.18621157238421,True,0.791622241170879,2.056803064030049,-0.2845118204329881,pyin_probability_below_0.5,2.259327871527447,False,1.5000000000000004,1.4541443310357138
5.01,4.967333333333333,5.052666666666667,False,125.57172276022992,True,0.04069733156888106,2.0999999999999988,0.01194494653713387,-38.45631579426316,5.007333333333333,-0.002666666666666373,,False,0.0,,,pyin_probability_below_0.5|voicing_disagreement,,False,1.6999999999999993,
5.02,4.977333333333333,5.062666666666667,False,,False,0.010000000047726025,,0.03226518293076429,-29.82531736545525,5.017333333333333,-0.002666666666666373,,False,0.0,,,,,False,,
5.03,4.987333333333333,5.072666666666667,False,,False,0.010000000021701592,,0.07880087410423448,-22.06937930083322,5.027333333333333,-0.002666666666667261,,False,0.0,,,,,False,,
5.04,4.997333333333334,5.082666666666666,False,129.25125509628117,True,0.01000419105279527,2.6000000000000005,0.10648961408505939,-19.45385493661707,5.037333333333333,-0.002666666666667261,,False,0.0,,,pyin_probability_below_0.5|voicing_disagreement,,False,2.200000000000003,
5.05,5.007333333333333,5.092666666666666,False,126.29915234996876,True,0.010000802780927255,2.1999999999999993,0.12202074941639045,-18.271326240469815,5.0473333333333334,-0.002666666666666373,,False,0.0,,,pyin_probability_below_0.5|voicing_disagreement,,False,1.800000000000001,
5.06,5.017333333333333,5.102666666666667,False,126.29915234996876,True,0.01001876450976914,2.1999999999999993,0.13452736374424556,-17.423787366850153,5.057333333333333,-0.002666666666666373,,False,0.0,,,pyin_probability_below_0.5|voicing_disagreement,,False,1.800000000000001,
5.07,5.027333333333333,5.112666666666667,False,126.29915234996876,True,0.010349055133375844,2.1999999999999993,0.14649495728351639,-16.683546490721014,5.067333333333333,-0.002666666666667261,128.88644567468296,True,0.5389942093575869,2.587293324714196,-0.3510671311729887,pyin_probability_below_0.5,2.6258831822674438,False,1.800000000000001,1.8206996417757142
5.08,5.037333333333334,5.1226666666666665,False,125.57172276022992,True,0.011085791888943373,2.0999999999999988,0.15336102971053556,-16.28569968281607,5.077333333333333,-0.002666666666667261,127.48239282173591,True,0.5455182983698864,1.9106700615059964,-0.2614365642835527,pyin_probability_below_0.5,2.436252615378007,False,1.6999999999999993,1.6310690748862782
5.09,5.0473333333333334,5.132666666666666,False,125.57172276022992,True,0.011853505394683413,2.0999999999999988,0.1573740248025354,-16.061338961248243,5.0873333333333335,-0.002666666666666373,124.22952455511683,True,0.6792196430814552,1.3421982051130925,0.18604243332310566,pyin_probability_below_0.5,1.9887736177713502,False,1.6999999999999993,1.1835900772796166
5.1,5.057333333333333,5.142666666666667,False,125.57172276022992,True,0.01818737573491218,2.0999999999999988,0.15844250469130713,-16.002566015961353,5.097333333333333,-0.002666666666666373,125.45884821958938,True,0.8795569243758058,0.11287454064053293,0.015568801874323666,pyin_probability_below_0.5,2.1592472492201322,False,1.6999999999999993,1.3540637087284009
5.11,5.067333333333333,5.152666666666667,False,124.84848285663055,True,0.03489742801962526,1.9999999999999973,0.14335309663896492,-16.871858424257237,5.107333333333333,-0.002666666666667261,124.80420495604434,True,0.9173874317195965,0.044277900586209284,0.006140964120308073,pyin_probability_below_0.5,2.0686750869741504,False,1.6000000000000023,1.2634915464824186
5.12,5.077333333333334,5.1626666666666665,False,124.12940850835416,True,0.24075439447557428,1.9000000000000006,0.13459610829622362,-17.419349941900485,5.117333333333333,-0.002666666666667261,123.52931483497726,True,0.9390904126759055,0.6000936733769038,0.08389808516994887,pyin_probability_below_0.5,1.8909179659245061,False,1.5000000000000004,1.085734425432774
5.13,5.0873333333333335,5.172666666666666,False,125.57172276022992,True,0.4260623290432815,2.0999999999999988,0.1143394102875066,-18.83608104032582,5.1273333333333335,-0.002666666666666373,122.27612769276693,True,0.8949796757107384,3.2955950674629833,0.4604262389729288,pyin_probability_below_0.5,1.7143898121215244,False,1.6999999999999993,0.9092062716297948
5.14,5.097333333333333,5.182666666666667,False,124.12940850835416,True,0.4849868077159113,1.9000000000000006,0.09037178066762423,-20.879343207655367,5.137333333333333,-0.002666666666666373,121.31320373618645,True,0.8269616733905776,2.8162047721677084,0.39730049484281604,pyin_probability_below_0.5,1.577515556251643,False,1.5000000000000004,0.7723320157599112
5.15,5.107333333333333,5.192666666666667,False,122.70366064862014,True,0.4849868077159114,1.6999999999999957,0.07037282350427487,-23.05190047647458,5.147333333333333,-0.002666666666667261,123.26436104586045,True,0.8245294390493347,0.5607003972403106,-0.07892939039318983,pyin_probability_below_0.5,1.8537454414876442,False,1.2999999999999994,1.0485619009959117
5.16,5.117333333333334,5.2026666666666666,False,121.9969395672486,True,0.32333605839064083,1.599999999999999,0.056283731072567754,-24.99234241432701,5.157333333333333,-0.002666666666667261,124.80599636503807,True,0.9046980221508515,2.8090567977894665,-0.39410753119193553,pyin_probability_below_0.5,2.0689235822863896,False,1.1999999999999993,1.2637400417946596
5.17,5.1273333333333335,5.212666666666666,False,121.9969395672486,True,0.07797523762294817,1.599999999999999,0.04087605903054881,-27.77061964679685,5.167333333333333,-0.002666666666667261,125.31535512676447,True,0.9041325295987904,3.31841555951587,-0.46461894057274883,pyin_probability_below_0.5,2.139434991667206,False,1.1999999999999993,1.3342514511754717
5.18,5.137333333333333,5.222666666666667,False,124.12940850835416,True,0.056071395445892624,1.9000000000000006,0.02012845557715349,-33.92379093049464,5.177333333333333,-0.002666666666666373,125.01190221888874,True,0.905413322880962,0.8824937105345754,-0.12264602325606441,pyin_probability_below_0.5,2.0974620743505223,False,1.5000000000000004,1.2922785338587914
5.19,5.147333333333333,5.232666666666667,False,124.84848285663055,True,0.32333605839064083,1.9999999999999973,0.011603309269993093,-38.70836264178428,5.187333333333333,-0.002666666666667261,,False,0.0,,,pyin_probability_below_0.5|voicing_disagreement,,False,1.6000000000000023,
5.2,5.157333333333334,5.242666666666667,False,125.57172276022992,True,0.42606232904328145,2.0999999999999988,0.008735343925422493,-41.17439982856603,5.197333333333333,-0.002666666666667261,,False,0.0,,,pyin_probability_below_0.5|voicing_disagreement,,False,1.6999999999999993,
5.21,5.167333333333334,5.252666666666666,False,124.84848285663055,True,0.01001876450976914,1.9999999999999973,0.009554912651440036,-40.39546557599096,5.207333333333333,-0.002666666666667261,,False,0.0,,,pyin_probability_below_0.5|voicing_disagreement,,False,1.6000000000000023,
5.22,5.177333333333333,5.262666666666667,False,,False,0.010000002871100368,,0.02060317373500795,-33.721317505786466,5.217333333333333,-0.002666666666666373,,False,0.0,,,,,False,,
5.23,5.187333333333333,5.272666666666667,False,,False,0.010000001546554296,,0.040882639995758155,-27.76922134818583,5.227333333333333,-0.002666666666667261,,False,0.0,,,,,False,,
5.24,5.197333333333333,5.282666666666667,False,,False,0.01000020633903134,,0.07858537058099813,-22.09316589022697,5.237333333333333,-0.002666666666667261,,False,0.0,,,,,False,,
5.25,5.207333333333334,5.292666666666666,False,130.75308233882095,True,0.010037765502929688,2.799999999999997,0.10553559008263784,-19.532021144771587,5.247333333333333,-0.002666666666667261,,False,0.0,,,pyin_probability_below_0.5|voicing_disagreement,,False,2.4000000000000012,
5.26,5.217333333333333,5.302666666666667,False,130.75308233882095,True,0.011085791888943375,2.799999999999997,0.12048140182387938,-18.38159976031211,5.257333333333333,-0.002666666666666373,,False,0.0,,,pyin_probability_below_0.5|voicing_disagreement,,False,2.4000000000000012,
5.27,5.227333333333333,5.312666666666667,False,130.0,True,0.011422334250709076,2.6999999999999966,0.12804573062859917,-17.85269794880779,5.267333333333333,-0.002666666666666373,,False,0.0,,,pyin_probability_below_0.5|voicing_disagreement,,False,2.3000000000000003,
5.28,5.237333333333333,5.322666666666667,False,130.0,True,0.01398021038018593,2.6999999999999966,0.13805655705613457,-17.19885923059657,5.277333333333333,-0.002666666666667261,131.25600261367998,True,0.5584023346038192,1.256002613679982,-0.16646134222875797,pyin_probability_below_0.5,2.9412773933232126,False,2.3000000000000003,2.1360938528314817
5.29,5.247333333333334,5.332666666666666,False,129.25125509628117,True,0.015085587297504338,2.6000000000000005,0.14676065672353034,-16.6678070706784,5.287333333333333,-0.002666666666667261,130.61425352777277,True,0.9013716260655737,1.3629984314916044,-0.18160862860047639,pyin_probability_below_0.5,2.856424679694934,False,2.200000000000003,2.051241139203203
5.3,5.257333333333333,5.342666666666666,False,129.25125509628117,True,0.018187375734912182,2.6000000000000005,0.15055428850755814,-16.446137383742904,5.2973333333333334,-0.002666666666666373,129.42640010843422,True,0.8853855316496116,0.17514501215305245,-0.023443621727490815,pyin_probability_below_0.5,2.6982596728219495,False,2.200000000000003,1.893076132330216
5.31,5.267333333333333,5.352666666666667,False,129.25125509628117,True,0.0229442191246386,2.6000000000000005,0.15162444318834756,-16.38461561971066,5.307333333333333,-0.002666666666666373,127.67297137936461,True,0.9136964622112831,1.5782837169165589,0.2127018473954283,pyin_probability_below_0.5,2.46211420369903,False,2.200000000000003,1.6569306632072984
5.32,5.277333333333333,5.362666666666667,False,128.5068226458765,True,0.15046460134333878,2.4999999999999987,0.14103198609338985,-17.013647561296246,5.317333333333333,-0.002666666666667261,127.04081681981991,True,0.9432356914145581,1.4660058260565876,0.19863435638785748,pyin_probability_below_0.5,2.3761816947066015,False,2.100000000000002,1.5709981542148697
5.33,5.287333333333334,5.3726666666666665,False,127.03079589645196,True,0.32333605839064083,2.2999999999999963,0.1266675535586747,-17.946692345590197,5.327333333333333,-0.002666666666667261,126.2073206860817,True,0.9631379904109035,0.8234752103702618,0.11259231958700702,pyin_probability_below_0.5,2.262223731507449,False,1.9000000000000006,1.4570401910157158
5.34,5.2973333333333334,5.382666666666666,False,126.29915234996876,True,0.6159498854580681,2.1999999999999993,0.11656444990666436,-18.668677630214237,5.3373333333333335,-0.002666666666666373,125.5652152341367,True,0.9668496431947492,0.7339371158320631,0.10089720379967035,,2.173918847294785,True,1.800000000000001,1.3687353068030559
5.35,5.307333333333333,5.392666666666667,False,126.29915234996876,True,0.6159498854580681,2.1999999999999993,0.10369122673354851,-19.685159750211938,5.347333333333333,-0.002666666666666373,125.17226015083732,True,0.9692734726013299,1.1268921991314471,0.1551609532355313,,2.1196550978589253,True,1.800000000000001,1.314471557367193
5.36,5.317333333333333,5.402666666666667,False,125.57172276022992,True,0.6860828109301792,2.0999999999999988,0.0876533669871797,-21.14462793803971,5.357333333333333,-0.002666666666667261,125.11100325312164,True,0.9570566942434806,0.4607195071082799,0.06363535362018653,,2.1111806974742717,True,1.6999999999999993,1.3059971569825364
5.37,5.327333333333334,5.4126666666666665,False,125.57172276022992,True,0.6159498854580681,2.0999999999999988,0.07751331015354049,-22.212474329252466,5.367333333333333,-0.002666666666667261,125.14355588937207,True,0.9219586857620311,0.42816687085785077,0.05913144106214015,,2.1156846100323135,True,1.6999999999999993,1.3105010695405814
5.38,5.3373333333333335,5.422666666666666,False,125.57172276022992,True,0.48498680771591124,2.0999999999999988,0.06785043152175184,-23.36894771854628,5.3773333333333335,-0.002666666666666373,127.39081932185974,True,0.9208075104073711,1.81909656162982,-0.24899624805994924,pyin_probability_below_0.5,2.423812299154404,False,1.6999999999999993,1.6186287586626733
5.39,5.347333333333333,5.432666666666667,False,126.29915234996876,True,0.32333605839064083,2.1999999999999993,0.05470356131565837,-25.23968798543659,5.387333333333333,-0.002666666666666373,128.3330861356365,True,0.9144125863847465,2.0339337856677417,-0.27657851465559485,pyin_probability_below_0.5,2.5513945657500523,False,1.800000000000001,1.74621102525832
5.4,5.357333333333333,5.442666666666667,False,127.76667781088264,True,0.2407543944755743,2.399999999999998,0.04740790521154503,-26.48298468403044,5.397333333333333,-0.002666666666667261,130.28871170970854,True,0.9073952699509288,2.522033898825896,-0.3384056414825938,pyin_probability_below_0.5,2.8132216925770503,False,2.0000000000000004,2.0080381520853177
5.41,5.367333333333334,5.4526666666666666,False,129.25125509628117,True,0.27960516533635893,2.6000000000000005,0.04089392663936433,-27.76682372878448,5.407333333333333,-0.002666666666667261,130.07916999250858,True,0.831800636964837,0.8279148962274121,-0.11054000525552879,pyin_probability_below_0.5,2.7853560563499884,False,2.200000000000003,1.9801725158582573
5.42,5.3773333333333335,5.462666666666666,False,129.25125509628117,True,0.12793708630129036,2.6000000000000005,0.035192049436559306,-29.07110881898155,5.417333333333333,-0.002666666666667261,134.22847372309667,True,0.7784459545151967,4.9772186268155,-0.6541494147438974,pyin_probability_below_0.5,3.3289654658383565,False,2.200000000000003,2.5237819253466256
5.43,5.387333333333333,5.472666666666667,False,130.75308233882095,True,0.0779752376229482,2.799999999999997,0.02878322612045908,-30.81721060980122,5.427333333333333,-0.002666666666666373,135.08873257802983,True,0.7230252184289213,4.3356502392088885,-0.5647486970047171,pyin_probability_below_0.5,3.4395647480991736,False,2.4000000000000012,2.6343812076074427
5.44,5.397333333333333,5.482666666666667,False,139.33055012971812,True,0.047686993082531035,3.9000000000000004,0.023161417229543478,-32.704697399635464,5.437333333333333,-0.002666666666667261,138.40646243331528,True,0.7088452956232397,0.924087696402836,0.11520380183189906,pyin_probability_below_0.5,3.859612249262559,False,3.500000000000001,3.0544287087708266
5.45,5.407333333333334,5.492666666666667,False,139.33055012971812,True,0.0229442191246386,3.9000000000000004,0.019669406855787018,-34.12417472651684,5.447333333333333,-0.002666666666667261,140.58027056983954,True,0.7501019939105719,1.249720440121422,-0.1545901618505214,pyin_probability_below_0.5,4.12940621294498,False,3.500000000000001,3.324222672453245
5.46,5.417333333333334,5.502666666666666,False,140.9494931391844,True,0.01646758759311301,4.099999999999998,0.015754289396591167,-36.052023621426656,5.457333333333333,-0.002666666666667261,151.7554508884676,True,0.8005207443539243,10.805957749283209,-1.278840570076429,pyin_probability_below_0.5|pitch_difference_over_1_semitone,5.453656621170888,False,3.7000000000000015,4.648473080679155
5.47,5.427333333333333,5.512666666666667,False,151.9410423129619,True,0.020317628556360587,5.399999999999996,0.013237331180787187,-37.5639913104485,5.467333333333333,-0.002666666666666373,155.84673770560897,True,0.7673886124577687,3.9056953926470612,-0.43939599012390185,pyin_probability_below_0.5,5.914212041218359,False,5.0,5.109028500726627
5.48,5.437333333333333,5.522666666666667,False,154.59692495035372,True,0.026168028608935755,5.6999999999999975,0.011648228296431291,-38.67480252210989,5.477333333333333,-0.002666666666667261,,False,0.0,,,pyin_probability_below_0.5|voicing_disagreement,,False,5.299999999999999,
5.49,5.447333333333333,5.532666666666667,False,155.49249582586248,True,0.026168028608935755,5.799999999999995,0.009538332472931892,-40.410550873012234,5.487333333333333,-0.002666666666667261,,False,0.0,,,pyin_probability_below_0.5|voicing_disagreement,,False,5.399999999999999,
5.5,5.457333333333334,5.542666666666666,False,143.41324688128702,True,0.015085587297504338,4.399999999999997,0.007471900146269151,-42.53137881214939,5.497333333333333,-0.002666666666667261,,False,0.0,,,pyin_probability_below_0.5|voicing_disagreement,,False,3.9999999999999973,
5.51,5.467333333333333,5.552666666666667,False,143.41324688128702,True,0.01062260904091099,4.399999999999997,0.0056636053595296035,-44.93814031875886,5.507333333333333,-0.002666666666666373,,False,0.0,,,pyin_probability_below_0.5|voicing_disagreement,,False,3.9999999999999973,
5.52,5.477333333333333,5.562666666666667,False,135.36407982952485,True,0.01002672467381077,3.4000000000000004,0.004025231878910333,-47.90418192912432,5.517333333333333,-0.002666666666666373,,False,0.0,,,pyin_probability_below_0.5|voicing_disagreement,,False,3.0000000000000027,
5.53,5.487333333333333,5.572666666666667,False,134.5844400993791,True,0.010009025493342986,3.3000000000000003,0.0022721575287899575,-52.871231245201045,5.527333333333333,-0.002666666666667261,,False,0.0,,,pyin_probability_below_0.5|voicing_disagreement,,False,2.9000000000000035,
5.54,5.497333333333334,5.582666666666666,False,,False,0.010000002871100365,,0.0014129592616591155,-56.99740719037064,5.537333333333333,-0.002666666666667261,,False,0.0,,,,,False,,
5.55,5.507333333333333,5.592666666666666,False,,False,0.010000000101429395,,0.0014580403166603961,-56.72460934119683,5.5473333333333334,-0.002666666666666373,,False,0.0,,,,,False,,
5.56,5.517333333333333,5.602666666666667,False,,False,0.010000000009505967,,0.0018037006375612701,-54.876710824171056,5.557333333333333,-0.002666666666666373,,False,0.0,,,,,False,,
5.57,5.527333333333333,5.612666666666667,False,,False,0.0100000000000754,,0.002084871873765183,-53.61841259055801,5.567333333333333,-0.002666666666667261,,False,0.0,,,,,False,,
5.58,5.537333333333334,5.6226666666666665,False,,False,0.01000000000002385,,0.002289823668953079,-52.803959196426256,5.577333333333333,-0.002666666666667261,,False,0.0,,,,,False,,
5.59,5.5473333333333334,5.632666666666666,False,,False,0.0100000000000754,,0.0025750555338677895,-51.78426800979739,5.5873333333333335,-0.002666666666666373,,False,0.0,,,,,False,,
5.6,5.557333333333333,5.642666666666667,False,,False,0.010000000000221913,,0.0028362244107038707,-50.94518818857638,5.597333333333333,-0.002666666666666373,,False,0.0,,,,,False,,
5.61,5.567333333333333,5.652666666666667,False,,False,0.010000000000075398,,0.003028978927139239,-50.37407496159631,5.607333333333333,-0.002666666666667261,,False,0.0,,,,,False,,
5.62,5.577333333333334,5.6626666666666665,False,,False,0.010000000001606035,,0.0030779411584801655,-50.23479373811962,5.617333333333333,-0.002666666666667261,,False,0.0,,,,,False,,
5.63,5.5873333333333335,5.672666666666666,False,,False,0.010000000003996623,,0.003127714573609105,-50.095457725814526,5.6273333333333335,-0.002666666666666373,,False,0.0,,,,,False,,
5.64,5.597333333333333,5.682666666666667,False,,False,0.010000000009505967,,0.0030089320155872704,-50.431752493711855,5.637333333333333,-0.002666666666666373,,False,0.0,,,,,False,,
5.65,5.607333333333333,5.692666666666667,False,,False,0.01000000000399662,,0.002877546398879681,-50.819553297560624,5.647333333333333,-0.002666666666667261,,False,0.0,,,,,False,,
5.66,5.617333333333334,5.7026666666666666,False,,False,0.010000000021701592,,0.0026751717969267126,-51.45296645557265,5.657333333333333,-0.002666666666667261,,False,0.0,,,,,False,,
5.67,5.6273333333333335,5.712666666666666,False,,False,0.010000000009505964,,0.002469344903898995,-52.14836492150116,5.667333333333333,-0.002666666666667261,,False,0.0,,,,,False,,
5.68,5.637333333333333,5.722666666666667,False,,False,0.010000000208892742,,0.0022083710046748293,-53.11855927331494,5.677333333333333,-0.002666666666666373,,False,0.0,,,,,False,,
5.69,5.647333333333333,5.732666666666667,False,,False,0.010000000047726023,,0.0018545636488789484,-54.63516514066745,5.687333333333333,-0.002666666666667261,,False,0.0,,,,,False,,
5.7,5.657333333333334,5.742666666666667,False,,False,0.010000000208892744,,0.0015560945604860435,-56.159280308244206,5.697333333333333,-0.002666666666667261,,False,0.0,,,,,False,,
5.71,5.667333333333334,5.752666666666666,False,,False,0.010001232964986118,,0.0012265987814714992,-58.22594942170795,5.707333333333333,-0.002666666666667261,,False,0.0,,,,,False,,
5.72,5.677333333333333,5.762666666666667,False,,False,0.010000027850262286,,0.0009466781294868579,-60.47595312001412,5.717333333333333,-0.002666666666666373,,False,0.0,,,,,False,,
5.73,5.687333333333333,5.772666666666667,False,,False,0.010000000417924856,,0.0005349469018631834,-65.43378646694907,5.727333333333333,-0.002666666666667261,,False,0.0,,,,,False,,
5.74,5.697333333333333,5.782666666666667,False,,False,0.010000014921563768,,0.00038400108169873136,-68.31335104519478,5.737333333333333,-0.002666666666667261,,False,0.0,,,,,False,,
5.75,5.707333333333334,5.792666666666666,False,,False,0.010000000208892742,,0.0002857631421551955,-70.87987574819097,5.747333333333333,-0.002666666666667261,,False,0.0,,,,,False,,
5.76,5.717333333333333,5.802666666666667,False,,False,0.010000000101429395,,0.0001371269592718926,-77.25754308334663,5.757333333333333,-0.002666666666666373,,False,0.0,,,,,False,,
5.77,5.727333333333333,5.812666666666667,False,,False,0.010000000000023549,,0.0001184419732506029,-78.52988731699054,5.767333333333333,-0.002666666666666373,,False,0.0,,,,,False,,
5.78,5.737333333333333,5.822666666666667,False,,False,0.010000000000001867,,0.00011852736934822682,-78.52362708852843,5.777333333333333,-0.002666666666667261,,False,0.0,,,,,False,,
5.79,5.747333333333334,5.832666666666666,False,,False,0.01000000000000011,,0.00017435555743009777,-75.17128410625226,5.787333333333333,-0.002666666666667261,,False,0.0,,,,,False,,
5.8,5.757333333333333,5.842666666666666,False,,False,0.010000000000000437,,0.0018520218335990356,-54.647077953992195,5.7973333333333334,-0.002666666666666373,,False,0.0,,,,,False,,
5.81,5.767333333333333,5.852666666666667,False,,False,0.010000127845232541,,0.004996183286264582,-46.027232756025214,5.807333333333333,-0.002666666666666373,,False,0.0,,,,,False,,
5.82,5.777333333333333,5.862666666666667,False,,False,0.01000032860450166,,0.009299624474459,-40.6306917643257,5.817333333333333,-0.002666666666667261,,False,0.0,,,,,False,,
5.83,5.787333333333334,5.8726666666666665,False,,False,0.010000127845232541,,0.01530456300063461,-36.30358133064034,5.827333333333333,-0.002666666666667261,,False,0.0,,,,,False,,
5.84,5.7973333333333334,5.882666666666666,False,,False,0.010000016226422836,,0.019772128151363852,-34.0789316671892,5.8373333333333335,-0.002666666666666373,,False,0.0,,,,,False,,
5.85,5.807333333333333,5.892666666666667,False,115.81683335824411,True,0.010000802780927255,0.699999999999998,0.027143679233365824,-31.326625710938643,5.847333333333333,-0.002666666666666373,,False,0.0,,,pyin_probability_below_0.5|voicing_disagreement,,False,0.3000000000000021,
5.86,5.817333333333333,5.902666666666667,False,104.37997464223893,True,0.01002672467381077,-1.1000000000000019,0.03340603404103821,-29.52350161344491,5.857333333333333,-0.002666666666667261,,False,0.0,,,pyin_probability_below_0.5|voicing_disagreement,,False,-1.5000000000000004,
5.87,5.827333333333334,5.9126666666666665,False,103.18106837793296,True,0.010824463728234167,-1.3000000000000027,0.040134678566822145,-27.929604217573466,5.867333333333333,-0.002666666666667261,,False,0.0,,,pyin_probability_below_0.5|voicing_disagreement,,False,-1.7000000000000013,
5.88,5.8373333333333335,5.922666666666666,False,102.5867891540234,True,0.015085587297504338,-1.4000000000000004,0.04656422501006667,-26.63895241625676,5.8773333333333335,-0.002666666666666373,105.74263884764359,True,0.4935500594841236,3.1558496936201834,-0.5245473443447803,pyin_probability_below_0.5,-0.8006366045607634,False,-1.799999999999999,-1.6058201450524952
5.89,5.847333333333333,5.932666666666667,False,103.18106837793296,True,0.03489742801962526,-1.3000000000000027,0.05167685784248735,-25.73407802067561,5.887333333333333,-0.002666666666666373,103.80637988469448,True,0.7800877860041687,0.6253115067615198,-0.10460188520776331,pyin_probability_below_0.5,-1.1205820636977806,False,-1.7000000000000013,-1.9257656041895137
5.9,5.857333333333333,5.942666666666667,False,103.18106837793296,True,0.09203757081218102,-1.3000000000000027,0.056471842669817744,-24.96336082104515,5.897333333333333,-0.002666666666667261,102.78126074032096,True,0.9446199814346843,0.39980763761199967,0.06721243323098093,pyin_probability_below_0.5,-1.2923963821365263,False,-1.7000000000000013,-2.097579922628259
5.91,5.867333333333334,5.9526666666666666,False,103.18106837793296,True,0.12793708630129036,-1.3000000000000027,0.06028635018701467,-24.395620161677968,5.907333333333333,-0.002666666666667261,101.63675103555137,True,0.9330489877547213,1.5443173423815892,0.2610735179347088,pyin_probability_below_0.5,-1.4862574668402524,False,-1.7000000000000013,-2.291441007331985
5.92,5.8773333333333335,5.962666666666666,False,103.77879022636449,True,0.2796051653363589,-1.2000000000000002,0.06402848342248164,-23.872535694907505,5.917333333333333,-0.002666666666667261,102.88037313571009,True,0.9444214254670917,0.8984170906544051,0.15052611564886165,pyin_probability_below_0.5,-1.2757100645544024,False,-1.5999999999999979,-2.0808936050461337
5.93,5.887333333333333,5.972666666666667,False,104.37997464223893,True,0.24075439447557428,-1.1000000000000019,0.0671219506136796,-23.462708621522765,5.927333333333333,-0.002666666666666373,103.38854665421373,True,0.9756552647972878,0.9914279880252082,0.16522299980372954,pyin_probability_below_0.5,-1.1904069487092732,False,-1.5000000000000004,-1.9955904892010057
5.94,5.897333333333333,5.982666666666667,False,104.98464168400547,True,0.24075439447557428,-1.0000000000000013,0.06940405864030827,-23.172302638871045,5.937333333333333,-0.002666666666667261,105.54233763473755,True,0.9450005242767172,0.5576959507320822,-0.09172263626477795,pyin_probability_below_0.5,-0.8334613126407644,False,-1.3999999999999984,-1.6386448531324969
5.95,5.907333333333334,5.992666666666667,False,106.2045044606715,True,0.2796051653363589,-0.8000000000000008,0.06995182326290962,-23.1040192266736,5.947333333333333,-0.002666666666667261,104.5008482254371,True,0.9428554597680718,1.703656235234405,0.27996364784950356,pyin_probability_below_0.5,-1.0051475967550452,False,-1.199999999999998,-1.8103311372467774
5.96,5.917333333333334,6.002666666666666,False,106.81974089615274,True,0.3233360583906408,-0.7000000000000022,0.07061783970671201,-23.02171144426743,5.957333333333333,-0.002666666666667261,105.02286449527116,True,0.9529468956498328,1.7968764008815725,0.29369806972628687,pyin_probability_below_0.5,-0.9188820186318287,False,-1.0999999999999999,-1.7240655591235607
5.97,5.927333333333333,6.012666666666667,False,107.43854136004751,True,0.3721358982975087,-0.6000000000000031,0.07092727684970875,-22.983734278807656,5.967333333333333,-0.002666666666666373,107.0841995856988,True,0.9640372416840796,0.35434177434871117,0.057191988127115914,pyin_probability_below_0.5,-0.5823759370326632,False,-1.0000000000000013,-1.387559477524395
5.98,5.937333333333333,6.022666666666667,False,107.43854136004751,True,0.42606232904328145,-0.6000000000000031,0.07065018750085224,-23.01773362451017,5.977333333333333,-0.002666666666667261,107.53306577286327,True,0.9786527914356922,0.0945244128157583,-0.01522469824397826,pyin_probability_below_0.5,-0.5099592506615671,False,-1.0000000000000013,-1.315142791153299
5.99,5.947333333333333,6.032666666666667,False,108.06092649856241,True,0.6159498854580681,-0.5000000000000021,0.06914791784363589,-23.20441785343145,5.987333333333333,-0.002666666666667261,107.7907582402472,True,0.9887811963438127,0.2701682583152092,0.04333760309390789,,-0.4685215519994533,True,-0.9000000000000006,-1.2737050924911844
6.0,5.957333333333334,6.042666666666666,False,108.06092649856241,True,0.6860828109301793,-0.5000000000000021,0.0679188840406962,-23.360189169931452,5.997333333333333,-0.002666666666667261,108.31507658819075,True,0.9883088890684644,0.2541500896283395,-0.04066934270009795,,-0.3845146062054464,True,-0.9000000000000006,-1.1896981466971774
6.01,5.967333333333333,6.052666666666667,False,108.68691707750624,True,0.6159498854580681,-0.3999999999999989,0.06751265611615978,-23.412296108954248,6.007333333333333,-0.002666666666666373,108.63649390445828,True,0.978870492790657,0.05042317304796029,0.008033586001122445,,-0.3332175349066637,True,-0.7999999999999968,-1.1384010753983973
6.02,5.977333333333333,6.062666666666667,False,109.31653398298289,True,0.3721358982975087,-0.30000000000000204,0.06750337978596677,-23.413489643927946,6.017333333333333,-0.002666666666666373,108.57823562873132,True,0.993276163849857,0.7382983542515689,0.11732013053827635,pyin_probability_below_0.5,-0.3425040794438213,False,-0.7000000000000002,-1.1476876199355532
6.03,5.987333333333333,6.072666666666667,False,110.58673092361124,True,0.1504646013433388,-0.10000000000000259,0.07091887754742818,-22.9847629342977,6.027333333333333,-0.002666666666667261,109.34343123836472,True,0.9911779618315891,1.2432996852465266,0.19574083490490207,pyin_probability_below_0.5,-0.22092478381044364,False,-0.5000000000000001,-1.026108324302176
6.04,5.997333333333334,6.082666666666666,False,113.17157322849613,True,0.047686993082531035,0.2999999999999983,0.07574831799450957,-22.41254012616681,6.037333333333333,-0.002666666666667261,111.17348339716116,True,0.9782185731552879,1.9980898313349655,0.30838679208875247,pyin_probability_below_0.5,0.06642925900570053,False,-0.10000000000000067,-0.7387542814860296
6.05,6.007333333333333,6.092666666666666,False,116.48775344855382,True,0.018187375734912182,0.7999999999999965,0.0851449101197849,-21.39682617257385,6.0473333333333334,-0.002666666666666373,113.80084432556356,True,0.9728935724257597,2.686909122990258,0.40400434093633797,pyin_probability_below_0.5,0.47081171015811885,False,0.4000000000000011,-0.33437183033361306
6.06,6.017333333333333,6.102666666666667,False,121.29428889978496,True,0.026168028608935755,1.499999999999997,0.09838856245840248,-20.141107695989014,6.057333333333333,-0.002666666666666373,116.10099819436857,True,0.9746238235561526,5.193290705416388,0.7575749667244833,pyin_probability_below_0.5,0.817241084369972,False,1.099999999999998,0.012057543878238602
6.07,6.027333333333333,6.112666666666667,False,122.70366064862014,True,0.09203757081218102,1.6999999999999957,0.1163658596313781,-18.683488357385738,6.067333333333333,-0.002666666666667261,117.98693279970549,True,0.9571485154021961,4.716727848914658,0.6786144211822496,pyin_probability_below_0.5,1.096201629912204,False,1.2999999999999994,0.2910180894204719
6.08,6.037333333333334,6.1226666666666665,False,122.70366064862014,True,0.24075439447557428,1.6999999999999957,0.13052557984296295,-17.686087376320828,6.077333333333333,-0.002666666666667261,120.36610461847324,True,0.9289663862290524,2.3375560301468994,0.3329892838535825,pyin_probability_below_0.5,1.4418267672408729,False,1.2999999999999994,0.6366432267491396
6.09,6.0473333333333334,6.132666666666666,False,122.70366064862014,True,0.3721358982975087,1.6999999999999957,0.14220548184359733,-16.94167323548128,6.0873333333333335,-0.002666666666666373,122.35180281934944,True,0.9559657190645188,0.3518578292706991,0.04971516769730454,pyin_probability_below_0.5,1.7251008833971504,False,1.2999999999999994,0.9199173429054157
6.1,6.057333333333333,6.142666666666667,False,121.9969395672486,True,0.3721358982975087,1.599999999999999,0.15278399355571162,-16.318442846431026,6.097333333333333,-0.002666666666666373,122.86848531371339,True,0.9801640912837675,0.8715457464647898,-0.123239615719972,pyin_probability_below_0.5,1.7980556668144285,False,1.1999999999999993,0.9928721263226946
6.11,6.067333333333333,6.152666666666667,False,121.9969395672486,True,0.4849868077159113,1.599999999999999,0.16298961019178665,-15.756801578201676,6.107333333333333,-0.002666666666667261,122.71404371341197,True,0.9802800423459849,0.7171041461633649,-0.10146489148847057,pyin_probability_below_0.5,1.7762809425829258,False,1.1999999999999993,0.9710974020911939
6.12,6.077333333333334,6.1626666666666665,False,121.9969395672486,True,0.5485250542599845,1.599999999999999,0.16841851469438943,-15.472203341333516,6.117333333333333,-0.002666666666667261,122.13799584543904,True,0.9885687083552683,0.1410562781904332,-0.020005449723859522,,1.6948215008183163,True,1.1999999999999993,0.8896379603265824
6.13,6.0873333333333335,6.172666666666666,False,121.9969395672486,True,0.37213589829750876,1.599999999999999,0.16735770163422098,-15.527085940963524,6.1273333333333335,-0.002666666666666373,121.49880066079125,True,0.9721821960516811,0.49813890645735626,0.07083460583936693,pyin_probability_below_0.5,1.6039814452550871,False,1.1999999999999993,0.7987979047633548
6.14,6.097333333333333,6.182666666666667,False,121.29428889978496,True,0.20650679911775227,1.499999999999997,0.15893980065753996,-15.975346720227314,6.137333333333333,-0.002666666666666373,120.02938101439649,True,0.9667370703607877,1.2649078853884674,0.1814883434937043,pyin_probability_below_0.5,1.3933277076007506,False,1.099999999999998,0.5881441671090201
6.15,6.107333333333333,6.192666666666667,False,120.59568520237023,True,0.10857977072874496,1.4000000000000004,0.1499544264632045,-16.480814197932958,6.147333333333333,-0.002666666666667261,118.86991391156458,True,0.9479176307805587,1.7257712908056533,0.24953611348872579,pyin_probability_below_0.5,1.22527993760573,False,1.0000000000000009,0.42009639711399666
6.16,6.117333333333334,6.2026666666666666,False,119.21052561660726,True,0.05607139544589262,1.1999999999999993,0.1383951446681098,-17.177582920249407,6.157333333333333,-0.002666666666667261,116.50241664471405,True,0.8924783290303349,2.7081089718932105,0.39782090167288187,pyin_probability_below_0.5,0.8769951494215729,False,0.8000000000000002,0.07181160892984029
6.17,6.1273333333333335,6.212666666666666,False,118.52392351256819,True,0.03489742801962526,1.099999999999998,0.12660644629040702,-17.950883624591377,6.167333333333334,-0.002666666666666373,111.15217729929822,True,0.7857358673783639,7.371746213269972,1.1117049733612578,pyin_probability_below_0.5|pitch_difference_over_1_semitone,0.0631110777331989,False,0.7000000000000017,-0.742072462758535
6.18,6.137333333333333,6.222666666666667,False,115.81683335824411,True,0.018187375734912182,0.699999999999998,0.10883852468277055,-19.264347075161716,6.177333333333333,-0.002666666666666373,106.09008131505678,True,0.9093109403430588,9.726752043187332,1.518662111814852,pyin_probability_below_0.5|pitch_difference_over_1_semitone,-0.7438460607203946,False,0.3000000000000021,-1.5490296012121267
6.19,6.147333333333333,6.232666666666667,False,110.58673092361124,True,0.013980210380185928,-0.10000000000000259,0.0888591217627792,-21.025959668282347,6.187333333333333,-0.002666666666667261,104.76790675084054,True,0.8727358106735864,5.818824172770704,0.9357773035184414,pyin_probability_below_0.5,-0.960961252423986,False,-0.5000000000000001,-1.7661447929157166
6.2,6.157333333333334,6.242666666666667,False,105.59281152631061,True,0.1504646013433388,-0.9000000000000026,0.071601179637357,-22.901596451671217,6.197333333333333,-0.002666666666667261,103.58109213325793,True,0.8317239163163583,2.0117193930526867,0.33301137809592096,pyin_probability_below_0.5,-1.1581953270014669,False,-1.3000000000000005,-1.9633788674931998
6.21,6.167333333333334,6.252666666666666,False,104.98464168400547,True,0.24075439447557428,-1.0000000000000013,0.0627107148583122,-24.053164970858557,6.207333333333333,-0.002666666666667261,105.01487874423924,True,0.855657284786376,0.03023706023377315,-0.004985480773993203,pyin_probability_below_0.5,-0.9201984681315492,False,-1.3999999999999984,-1.7253820086232823
6.22,6.177333333333333,6.262666666666667,False,104.98464168400547,True,0.20650679911775227,-1.0000000000000013,0.06106427056719477,-24.284256526488527,6.217333333333333,-0.002666666666666373,104.43752536901373,True,0.9353074634928181,0.5471163149917402,0.09045733425040325,pyin_probability_below_0.5,-1.0156412831559476,False,-1.3999999999999984,-1.8208248236476794
6.23,6.187333333333333,6.272666666666667,False,105.59281152631061,True,0.20650679911775227,-0.9000000000000026,0.059051595847678856,-24.575367224861708,6.227333333333333,-0.002666666666667261,104.48875362764176,True,0.968497253469625,1.1040578986688558,0.18196743936360063,pyin_probability_below_0.5,-1.0071513882691467,False,-1.3000000000000005,-1.8123349287608792
6.24,6.197333333333333,6.282666666666667,False,105.59281152631061,True,0.3721358982975087,-0.9000000000000026,0.055992429049575854,-25.037413832831334,6.237333333333333,-0.002666666666667261,105.48418963880617,True,0.9644187925091211,0.1086218875044409,0.017818135152903418,pyin_probability_below_0.5,-0.8430020840584453,False,-1.3000000000000005,-1.648185624550178
6.25,6.207333333333334,6.292666666666666,False,105.59281152631061,True,0.42606232904328145,-0.9000000000000026,0.0554333218125022,-25.124581915210527,6.247333333333333,-0.002666666666667261,106.56053956754309,True,0.9674018262199131,0.9677280412324762,-0.15794003219085334,pyin_probability_below_0.5,-0.6672439167146905,False,-1.3000000000000005,-1.4724274572064233
6.26,6.217333333333333,6.302666666666667,False,105.59281152631061,True,0.4260623290432815,-0.9000000000000026,0.053730575714623766,-25.395570120193316,6.257333333333333,-0.002666666666666373,106.83469231503442,True,0.9248925711613075,1.2418807887238046,-0.20242301599859636,pyin_probability_below_0.5,-0.6227609329069481,False,-1.3000000000000005,-1.4279444733986808
6.27,6.227333333333333,6.312666666666667,False,106.2045044606715,True,0.42606232904328145,-0.8000000000000008,0.05270640692343671,-25.562731785931373,6.267333333333333,-0.002666666666666373,105.16380422210521,True,0.8268060078186381,1.0407002385662878,0.17048064190175494,pyin_probability_below_0.5,-0.8956645908072967,False,-1.199999999999998,-1.700848131299029
6.28,6.237333333333333,6.322666666666667,False,106.81974089615274,True,0.37213589829750876,-0.7000000000000022,0.05060163965404694,-25.91670820819704,6.277333333333333,-0.002666666666667261,102.76386341906729,True,0.8741756487733303,4.0558774770854455,0.6701430631947957,pyin_probability_below_0.5,-1.295327012100338,False,-1.0999999999999999,-2.100510552592069
6.29,6.247333333333334,6.332666666666666,False,107.43854136004751,True,0.24075439447557428,-0.6000000000000031,0.049179892664705335,-26.164248468911083,6.287333333333333,-0.002666666666667261,107.50407739068923,True,0.9796596046598397,0.06553603064172364,-0.010557069776380764,pyin_probability_below_0.5,-0.5146268791291653,False,-1.0000000000000013,-1.319810419620897
6.3,6.257333333333333,6.342666666666666,False,108.06092649856241,True,0.12793708630129036,-0.5000000000000021,0.04602128259471992,-26.74082563770766,6.2973333333333334,-0.002666666666666373,107.92282341055945,True,0.984879961843968,0.13810308800296411,0.022139517525410643,pyin_probability_below_0.5,-0.44732346643095694,False,-0.9000000000000006,-1.2525070069226891
6.31,6.267333333333333,6.352666666666667,False,111.2273533387383,True,0.10857977072874497,0.0,0.04170070156540602,-27.59713276938743,6.307333333333333,-0.002666666666666373,109.72701190489774,True,0.9771332248819637,1.5003414338405605,0.23511480251321532,pyin_probability_below_0.5,-0.16029875141875635,False,-0.3999999999999969,-0.9654822919104888
6.32,6.277333333333333,6.362666666666667,False,113.82716948276507,True,0.09203757081218102,0.39999999999999736,0.04329679554254081,-27.270884904198645,6.317333333333333,-0.002666666666667261,112.05337794389514,True,0.9865102196520527,1.7737915388699292,0.27190578984503666,pyin_probability_below_0.5,0.2029102612494168,False,0.0,-0.6022732792423148
6.33,6.287333333333334,6.3726666666666665,False,118.52392351256819,True,0.06608151270920702,1.099999999999998,0.04777400187732412,-26.41616755430195,6.327333333333333,-0.002666666666667261,114.16286537445272,True,0.9794217525356715,4.361058138115467,0.649018071936536,pyin_probability_below_0.5,0.5257979791579219,False,0.7000000000000017,-0.27938556133381015
6.34,6.2973333333333334,6.382666666666666,False,119.9011051661721,True,0.07797523762294818,1.2999999999999994,0.05575617448797262,-25.074140629247616,6.3373333333333335,-0.002666666666666373,115.43983690645227,True,0.991146960710079,4.46126825971983,0.656445478623057,pyin_probability_below_0.5,0.7183705724713972,False,0.9000000000000021,-0.08681296802033381
6.35,6.307333333333333,6.392666666666667,False,119.21052561660726,True,0.20650679911775227,1.1999999999999993,0.06126381737391974,-24.25591891233345,6.347333333333333,-0.002666666666666373,118.03628737108752,True,0.9571323185926607,1.1742382455197315,0.17137408985915237,pyin_probability_below_0.5,1.1034419612353057,False,0.8000000000000002,0.2982584207435732
6.36,6.317333333333333,6.402666666666667,False,119.21052561660726,True,0.2796051653363589,1.1999999999999993,0.06434482747935497,-23.82972718419341,6.357333333333333,-0.002666666666667261,119.19856460592997,True,0.9531505203114983,0.011961010677282502,0.0017371241124926914,pyin_probability_below_0.5,1.273078926981966,False,0.8000000000000002,0.4678953864902337
6.37,6.327333333333334,6.4126666666666665,False,119.21052561660726,True,0.3721358982975087,1.1999999999999993,0.06498388659897529,-23.74388635289214,6.367333333333333,-0.002666666666667261,119.95772725867423,True,0.9566079940032236,0.7472016420669689,-0.10817364908341985,pyin_probability_below_0.5,1.3829897001778748,False,0.8000000000000002,0.5778061596861434
6.38,6.3373333333333335,6.422666666666666,False,119.21052561660726,True,0.32333605839064083,1.1999999999999993,0.06455082148664508,-23.801964528881733,6.3773333333333335,-0.002666666666666373,120.88853812692821,True,0.9247840733016436,1.6780125103209542,-0.24199008911797887,pyin_probability_below_0.5,1.5168061402124362,False,0.8000000000000002,0.7116225997207029
6.39,6.347333333333333,6.432666666666667,False,119.21052561660726,True,0.24075439447557428,1.1999999999999993,0.06388659908941231,-23.89180460580731,6.387333333333333,-0.002666666666666373,118.59895853967281,True,0.9208244471154936,0.611567076934449,0.08904338569033879,pyin_probability_below_0.5,1.185772665404118,False,0.8000000000000002,0.38058912491238445
6.4,6.357333333333333,6.442666666666667,False,119.21052561660726,True,0.12793708630129033,1.1999999999999993,0.06213321097562964,-24.133524038967856,6.397333333333333,-0.002666666666667261,115.90241662742325,True,0.9027174467977079,3.3081089891840065,0.487211707583233,pyin_probability_below_0.5,0.7876043435112221,False,0.8000000000000002,-0.01757919698050871
6.41,6.367333333333334,6.4526666666666666,False,118.52392351256819,True,0.04069733156888106,1.099999999999998,0.05883739465113011,-24.606931325854354,6.407333333333333,-0.002666666666667261,113.4760856446858,True,0.7932965081968429,5.047837867882393,0.7534799888864884,pyin_probability_below_0.5,0.42133606220797115,False,0.7000000000000017,-0.38384747828376176
6.42,6.3773333333333335,6.462666666666666,False,117.84127594565435,True,0.01240312479355135,0.9999999999999971,0.056544738523438685,-24.95215599745655,6.417333333333334,-0.002666666666666373,109.86807567483629,True,0.5052467943813941,7.9732002708180545,1.2128725531176587,pyin_probability_below_0.5|pitch_difference_over_1_semitone,-0.1380565020232037,False,0.5999999999999976,-0.9432400425149361
6.43,6.387333333333333,6.472666666666667,False,117.84127594565435,True,0.010000516719604523,0.9999999999999971,0.053050710979825874,-25.506175827129898,6.427333333333333,-0.002666666666666373,,False,0.0,,,pyin_probability_below_0.5|voicing_disagreement,,False,0.5999999999999976,
6.44,6.397333333333333,6.482666666666667,False,113.82716948276507,True,0.010000000000613858,0.39999999999999736,0.04663826506875547,-26.62515227179057,6.437333333333333,-0.002666666666667261,,False,0.0,,,pyin_probability_below_0.5|voicing_disagreement,,False,0.0,
6.45,6.407333333333334,6.492666666666667,False,,False,0.01,,0.041772260775496214,-27.58224038899828,6.447333333333333,-0.002666666666667261,,False,0.0,,,,,False,,
6.46,6.417333333333334,6.502666666666666,False,,False,0.01,,0.04016741676389034,-27.92252195200451,6.457333333333333,-0.002666666666667261,,False,0.0,,,,,False,,
6.47,6.427333333333333,6.512666666666667,False,,False,0.01,,0.03896902501218144,-28.185609198555493,6.467333333333333,-0.002666666666666373,,False,0.0,,,,,False,,
6.48,6.437333333333333,6.522666666666667,False,,False,0.01,,0.03764202473313664,-28.486540485565687,6.477333333333333,-0.002666666666667261,,False,0.0,,,,,False,,
6.49,6.447333333333333,6.532666666666667,False,,False,0.010000000000000439,,0.03490155055307289,-29.143105568733358,6.487333333333333,-0.002666666666667261,,False,0.0,,,,,False,,
6.5,6.457333333333334,6.542666666666666,False,,False,0.010000000000006923,,0.03490525557484903,-29.14218355519143,6.497333333333333,-0.002666666666667261,,False,0.0,,,,,False,,
6.51,6.467333333333333,6.552666666666667,False,,False,0.01000000928748663,,0.04064339319229191,-27.82020082591401,6.507333333333333,-0.002666666666666373,,False,0.0,,,,,False,,
6.52,6.477333333333333,6.562666666666667,False,104.98464168400547,True,0.010002815825811102,-1.0000000000000013,0.046672123109991456,-26.618848853099813,6.517333333333333,-0.002666666666666373,,False,0.0,,,pyin_probability_below_0.5|voicing_disagreement,,False,-1.3999999999999984,
6.53,6.487333333333333,6.572666666666667,False,109.31653398298289,True,0.010006178555334078,-0.30000000000000204,0.053507418732418675,-25.43171998903908,6.527333333333333,-0.002666666666667261,,False,0.0,,,pyin_probability_below_0.5|voicing_disagreement,,False,-0.7000000000000002,
6.54,6.497333333333334,6.582666666666666,False,109.9497982220883,True,0.010259050559778863,-0.2000000000000017,0.05729151985132388,-24.838193129353012,6.537333333333333,-0.002666666666667261,,False,0.0,,,pyin_probability_below_0.5|voicing_disagreement,,False,-0.5999999999999991,
6.55,6.507333333333333,6.592666666666666,False,110.58673092361124,True,0.010824463728234167,-0.10000000000000259,0.061436438474618986,-24.231479373740697,6.5473333333333334,-0.002666666666666373,105.79668059908916,True,0.6289040183859514,4.790050324522085,0.7666071207018306,pyin_probability_below_0.5,-0.7917910696073722,False,-0.5000000000000001,-1.5969746100991058
6.56,6.517333333333333,6.602666666666667,False,110.58673092361124,True,0.013100262550513395,-0.10000000000000259,0.06561467401585992,-23.659980489482773,6.557333333333333,-0.002666666666666373,110.70971397566308,True,0.6973089040681477,0.12298305205183624,-0.019242285540216342,pyin_probability_below_0.5,-0.005941663365326851,False,-0.5000000000000001,-0.8111252038570584
6.57,6.527333333333333,6.612666666666667,False,110.58673092361124,True,0.016467587593113005,-0.10000000000000259,0.06984127409885554,-23.11775692984837,6.567333333333333,-0.002666666666667261,111.31441452524507,True,0.885482557768641,0.727683601633828,-0.11354561883539069,pyin_probability_below_0.5,0.08836166992984677,False,-0.5000000000000001,-0.7168218705618861
6.58,6.537333333333334,6.6226666666666665,False,110.58673092361124,True,0.07797523762294818,-0.10000000000000259,0.07370401090456632,-22.65017755182221,6.577333333333333,-0.002666666666667261,110.78571903629977,True,0.943056703131941,0.19898811268852512,-0.031123573768228163,pyin_probability_below_0.5,0.005939624862682898,False,-0.5000000000000001,-0.7992439156290485
6.59,6.5473333333333334,6.632666666666666,False,111.2273533387383,True,0.24075439447557428,0.0,0.06887746065499016,-23.238457452880827,6.5873333333333335,-0.002666666666666373,111.47852523224711,True,0.930750239084758,0.2511718935088112,-0.03905038532155644,pyin_probability_below_0.5,0.11386643641601331,False,-0.3999999999999969,-0.6913171040757177
6.6,6.557333333333333,6.642666666666667,False,110.58673092361124,True,0.24075439447557428,-0.10000000000000259,0.064788563924882,-23.770032926610185,6.597333333333333,-0.002666666666666373,111.37905599359995,True,0.9363943164100951,0.7923250699887063,-0.12359616175251828,pyin_probability_below_0.5,0.09841221284697427,False,-0.5000000000000001,-0.7067713276447571
6.61,6.567333333333333,6.652666666666667,False,110.58673092361124,True,0.20650679911775227,-0.10000000000000259,0.061349254166189825,-24.243814254005095,6.607333333333333,-0.002666666666667261,111.13948790678957,True,0.901284605423019,0.5527569831783268,-0.08631849653569496,pyin_probability_below_0.5,0.06113454763015093,False,-0.5000000000000001,-0.7440489928615799
6.62,6.577333333333334,6.6626666666666665,False,109.9497982220883,True,0.1504646013433388,-0.2000000000000017,0.05721203189823884,-24.85025255787571,6.617333333333333,-0.002666666666667261,109.38882933314264,True,0.8240344147489973,0.5609688889456663,0.08855444837320967,pyin_probability_below_0.5,-0.213738397278755,False,-0.5999999999999991,-1.0189219377704868
6.63,6.5873333333333335,6.672666666666666,False,109.9497982220883,True,0.09203757081218102,-0.2000000000000017,0.05381098121885332,-25.382581774365313,6.6273333333333335,-0.002666666666666373,103.68980741162063,True,0.7115650577291807,6.25999081046767,1.0148504486815075,pyin_probability_below_0.5|pitch_difference_over_1_semitone,-1.1400343975870515,False,-0.5999999999999991,-1.9452179380787826
6.64,6.597333333333333,6.682666666666667,False,107.43854136004751,True,0.06608151270920701,-0.6000000000000031,0.04895262991032121,-26.204479427631778,6.637333333333333,-0.002666666666666373,100.24567277702839,True,0.7934258110460188,7.19286858301912,1.1996599303968578,pyin_probability_below_0.5|pitch_difference_over_1_semitone,-1.724843879302406,False,-1.0000000000000013,-2.530027419794137
6.65,6.607333333333333,6.692666666666667,False,104.98464168400547,True,0.06608151270920701,-1.0000000000000013,0.04285132463923167,-27.360714968576673,6.647333333333333,-0.002666666666667261,104.48128848364158,True,0.9468348706125816,0.5033532003638896,0.0832043546026703,pyin_probability_below_0.5,-1.0083883035082126,False,-1.3999999999999984,-1.813571843999946
6.66,6.617333333333334,6.7026666666666666,False,100.82440951919276,True,0.09203757081218102,-1.7000000000000013,0.03495165809887569,-29.13064433192186,6.657333333333333,-0.002666666666667261,101.8398473302253,True,0.9459932338409516,1.015437811032541,-0.1734864599858482,pyin_probability_below_0.5,-1.4516974889196943,False,-2.0999999999999996,-2.2568810294114274
6.67,6.6273333333333335,6.712666666666666,False,100.82440951919276,True,0.09203757081218102,-1.7000000000000013,0.02914511041420787,-30.708685900944342,6.667333333333334,-0.002666666666666373,100.16699657154594,True,0.916837602654027,0.6574129476468187,0.11325257733104688,pyin_probability_below_0.5,-1.7384365262365886,False,-2.0999999999999996,-2.543620066728323
6.68,6.637333333333333,6.722666666666667,False,101.40847938173854,True,0.056071395445892624,-1.6000000000000043,0.030783751694771738,-30.23356905393279,6.677333333333333,-0.002666666666666373,98.42820116488609,True,0.9503984654835546,2.9802782168524544,0.5164158734017302,pyin_probability_below_0.5,-2.0415998223072735,False,-2.0000000000000004,-2.846783362799006
6.69,6.647333333333333,6.732666666666667,False,100.24370365151614,True,0.06608151270920701,-1.800000000000003,0.0331345080622202,-29.59438945721393,6.687333333333333,-0.002666666666667261,97.35168895189356,True,0.9852801408535841,2.892014699622578,0.5068045164005761,pyin_probability_below_0.5,-2.2319884653061215,False,-2.200000000000002,-3.037172005797852
6.7,6.657333333333334,6.742666666666667,False,99.09230651162453,True,0.09203757081218102,-2.0000000000000004,0.03553618184418631,-28.98658472874598,6.697333333333333,-0.002666666666667261,100.5160481365726,True,0.912379422650434,1.4237416249480788,-0.24697080272634114,pyin_probability_below_0.5,-1.678213146179203,False,-2.4000000000000004,-2.4833966866709343
6.71,6.667333333333334,6.752666666666666,False,99.09230651162453,True,0.1504646013433388,-2.0000000000000004,0.036496503584092795,-28.75497479134644,6.707333333333333,-0.002666666666667261,101.98236694223769,True,0.8602054412285419,2.890060430613161,-0.4976972503619935,pyin_probability_below_0.5,-1.4274866985435488,False,-2.4000000000000004,-2.23267023903528
6.72,6.677333333333333,6.762666666666667,False,99.09230651162453,True,0.20650679911775227,-2.0000000000000004,0.037284284578809224,-28.569483717126403,6.717333333333333,-0.002666666666666373,98.83607584583552,True,0.870774977467916,0.2562306657890048,0.044823839365695214,pyin_probability_below_0.5,-1.9700077882712392,False,-2.4000000000000004,-2.775191328762972
6.73,6.687333333333333,6.772666666666667,False,99.66634240352404,True,0.2796051653363588,-1.9000000000000006,0.037880812195744004,-28.431614358766844,6.727333333333333,-0.002666666666667261,96.25798583287474,True,0.9274203968951219,3.4083565706493033,0.6024017893779502,pyin_probability_below_0.5,-2.4275857382834927,False,-2.3,-3.2327692787752236
6.74,6.697333333333333,6.782666666666667,False,99.09230651162453,True,0.32333605839064083,-2.0000000000000004,0.038600979939578915,-28.268033400373362,6.737333333333333,-0.002666666666667261,96.27523039673679,True,0.9416763680147394,2.8170761148877403,0.499300571127535,pyin_probability_below_0.5,-2.424484520033076,False,-2.4000000000000004,-3.2296680605248103
6.75,6.707333333333334,6.792666666666666,False,99.09230651162453,True,0.42606232904328145,-2.0000000000000004,0.03848621365491579,-28.293896270008943,6.747333333333333,-0.002666666666667261,99.24347271710779,True,0.9467447482546759,0.1511662054832641,-0.026390007258788373,pyin_probability_below_0.5,-1.898793941646755,False,-2.4000000000000004,-2.7039774821384865
6.76,6.717333333333333,6.802666666666667,False,99.66634240352404,True,0.4260623290432814,-1.9000000000000006,0.03620711724577961,-28.824121033120687,6.757333333333333,-0.002666666666666373,99.91990658725292,True,0.9719970124905704,0.25356418372888356,-0.04398892076903268,pyin_probability_below_0.5,-1.7811950281365103,False,-2.3,-2.586378568628242
6.77,6.727333333333333,6.812666666666667,False,100.24370365151614,True,0.6159498854580678,-1.800000000000003,0.03306071603450958,-29.61375489280575,6.767333333333333,-0.002666666666666373,99.88807128192678,True,0.9970244939475352,0.3556323695893582,0.061527812406206195,,-1.7867117613117516,True,-2.200000000000002,-2.5918953018034836
6.78,6.737333333333333,6.822666666666667,False,100.24370365151614,True,0.6860828109301792,-1.800000000000003,0.030116285994406338,-30.42397174609912,6.777333333333333,-0.002666666666667261,101.08386764194978,True,0.9565489470926178,0.8401639904336378,-0.14449376617789894,,-1.580690182727648,True,-2.200000000000002,-2.3858737232193787
6.79,6.747333333333334,6.832666666666666,False,100.82440951919276,True,0.6860828109301791,-1.7000000000000013,0.02774253861892414,-31.137076014681057,6.787333333333333,-0.002666666666667261,102.01119023952604,True,0.94647263589055,1.1867807203332887,-0.20258954938294552,,-1.422594399522597,True,-2.0999999999999996,-2.2277779400143287
6.8,6.757333333333333,6.842666666666666,False,100.82440951919276,True,0.6860828109301792,-1.7000000000000013,0.025454766898948485,-31.884617512869866,6.7973333333333334,-0.002666666666666373,101.21855966142836,True,0.9586748183722662,0.39415014223560263,-0.067546721876212,,-1.5576372270293295,True,-2.0999999999999996,-2.362820767521063
6.81,6.767333333333333,6.852666666666667,False,100.82440951919276,True,0.37213589829750865,-1.7000000000000013,0.024531763311225842,-32.20542468298816,6.807333333333333,-0.002666666666666373,99.94794837554707,True,0.9915570460984157,0.8764611436456846,0.15115317959331834,pyin_probability_below_0.5,-1.7763371284988596,False,-2.0999999999999996,-2.581520668990592
6.82,6.777333333333333,6.862666666666667,False,102.5867891540234,True,0.034897428019625254,-1.4000000000000004,0.02656800016424911,-31.51282269449538,6.817333333333333,-0.002666666666667261,99.0457881147524,True,0.9984298206507899,3.541001039271009,0.6081291014940473,pyin_probability_below_0.5,-1.933313050399589,False,-1.799999999999999,-2.7384965908913212
6.83,6.787333333333334,6.8726666666666665,False,105.59281152631061,True,0.010009025493342986,-0.9000000000000026,0.0330147309514224,-29.625844751880432,6.827333333333333,-0.002666666666667261,98.60755554906198,True,0.9876258854460641,6.985255977248627,1.184898294290981,pyin_probability_below_0.5|pitch_difference_over_1_semitone,-2.0100822431965257,False,-1.3000000000000005,-2.815265783688258
6.84,6.7973333333333334,6.882666666666666,False,101.99593272657759,True,0.010622609040911533,-1.5000000000000022,0.038398336676946365,-28.31375175622714,6.8373333333333335,-0.002666666666666373,101.3015921995046,True,0.9193118560835479,0.6943405270729954,0.1182572819395355,pyin_probability_below_0.5,-1.5434412308450787,False,-1.9000000000000006,-2.34862477133681
6.85,6.807333333333333,6.892666666666667,False,101.40847938173854,True,0.015085587297504338,-1.6000000000000043,0.0445102524938598,-27.03079884165622,6.847333333333333,-0.002666666666666373,105.10221939329263,True,0.8984464374766413,3.693740011554084,-0.6193781328292511,pyin_probability_below_0.5,-0.9058058160762934,False,-2.0000000000000004,-1.7109893565680272
6.86,6.817333333333333,6.902666666666667,False,100.82440951919276,True,0.03010686179419501,-1.7000000000000013,0.05019606061271288,-25.986607299049034,6.857333333333333,-0.002666666666667261,109.02281942454657,True,0.5718122969970998,8.198409905353813,-1.3534221437354712,pyin_probability_below_0.5|pitch_difference_over_1_semitone,-0.2717618051700715,False,-2.0999999999999996,-1.0769453456618037
6.87,6.827333333333334,6.9126666666666665,False,100.82440951919276,True,0.06608151270920701,-1.7000000000000013,0.054951577109879406,-25.200396776260536,6.867333333333333,-0.002666666666667261,101.45347290001591,True,0.6752992620673838,0.6290633808231547,-0.10767953884207357,pyin_probability_below_0.5,-1.5175044100634687,False,-2.0999999999999996,-2.322687950555201
6.88,6.8373333333333335,6.922666666666666,False,100.82440951919276,True,0.10857977072874497,-1.7000000000000013,0.0586594441289954,-24.633241136299166,6.8773333333333335,-0.002666666666666373,101.00275485509802,True,0.9675390216418375,0.17834533590526291,-0.030596238056707734,pyin_probability_below_0.5,-1.5945877108488355,False,-2.0999999999999996,-2.399771251340568
6.89,6.847333333333333,6.932666666666667,False,100.82440951919276,True,0.20650679911775224,-1.7000000000000013,0.06029318877155798,-24.394634933318322,6.887333333333333,-0.002666666666666373,100.33955876592267,True,0.9651901498603969,0.48485075327008076,0.08345348974083863,pyin_probability_below_0.5,-1.708637438646382,False,-2.0999999999999996,-2.5138209791381136
6.9,6.857333333333333,6.942666666666667,False,100.24370365151614,True,0.5485250542599845,-1.800000000000003,0.06026414297673224,-24.398820304204175,6.897333333333333,-0.002666666666667261,100.30609152927707,True,0.966941035583235,0.06238787776092636,-0.010771192422856497,,-1.7144127564826905,True,-2.200000000000002,-2.5195962969744223
6.91,6.867333333333334,6.9526666666666666,False,100.24370365151614,True,0.6860828109301793,-1.800000000000003,0.05585960614629512,-25.058042614767487,6.907333333333333,-0.002666666666667261,100.12863474826769,True,0.9558295118701151,0.11506890324845642,0.019884104441050682,,-1.7450680533465959,True,-2.200000000000002,-2.550251593838328
6.92,6.8773333333333335,6.962666666666666,False,99.66634240352404,True,0.6860828109301792,-1.9000000000000006,0.05141605636075025,-25.77802474073428,6.917333333333334,-0.002666666666666373,99.5906147946003,True,0.9312938407625951,0.0757276089237422,0.013159111047239769,,-1.8383430599527815,True,-2.3,-2.643526600444513
6.93,6.887333333333333,6.972666666666667,False,99.66634240352404,True,0.5485250542599844,-1.9000000000000006,0.045824471790810166,-26.77805064718771,6.927333333333333,-0.002666666666666373,98.88055521582976,True,0.9235606664250032,0.7857871876942824,0.1370344894561204,,-1.9622184383616625,True,-2.3,-2.7674019788533952
6.94,6.897333333333333,6.982666666666667,False,99.09230651162453,True,0.48498680771591124,-2.0000000000000004,0.03963491398287452,-28.038441599823383,6.937333333333333,-0.002666666666667261,97.44294665268421,True,0.9097762535319022,1.649359858940315,0.29058348958265157,pyin_probability_below_0.5,-2.215767438488195,False,-2.4000000000000004,-3.020950978979928
6.95,6.907333333333334,6.992666666666667,False,98.52157682317586,True,0.3721358982975087,-2.100000000000004,0.03247321252222759,-29.769494904004347,6.947333333333333,-0.002666666666667261,95.52158394261642,True,0.8371895763688885,2.9999928805594465,0.5353555021776408,pyin_probability_below_0.5,-2.5605394510831863,False,-2.5000000000000013,-3.365722991574918
6.96,6.917333333333334,7.002666666666666,False,97.3899599969843,True,0.2796051653363589,-2.3000000000000016,0.025396876950954394,-31.90439370410296,6.957333333333333,-0.002666666666667261,94.29223040097806,True,0.8640052753872287,3.0977295960062463,0.5596098301478554,pyin_probability_below_0.5,-2.7847937790533988,False,-2.699999999999999,-3.589977319545131
6.97,6.927333333333333,7.012666666666667,False,96.27134089862668,True,0.20650679911775224,-2.5000000000000013,0.018773348752815684,-34.52916503755729,6.967333333333333,-0.002666666666666373,95.55038182402615,True,0.8970064459831844,0.720959074600529,0.13013695815785511,pyin_probability_below_0.5,-2.5553209070634013,False,-2.8999999999999995,-3.360504447555132
6.98,6.937333333333333,7.022666666666667,False,95.71685877653417,True,0.020317628556360587,-2.6000000000000005,0.015420991996762156,-36.23775376453031,6.977333333333333,-0.002666666666667261,96.32265229633327,True,0.8944323029574394,0.6057935197991071,-0.1092247987014575,pyin_probability_below_0.5,-2.4159591502040874,False,-2.9999999999999987,-3.2211426906958183
6.99,6.947333333333333,7.032666666666667,False,97.95413429584742,True,0.010037765502929688,-2.200000000000002,0.017816804801353985,-34.98340356104653,6.987333333333333,-0.002666666666667261,96.54345469994193,True,0.9311391239411854,1.410679595905492,0.25113518240632804,pyin_probability_below_0.5,-2.3763191313118726,False,-2.6000000000000005,-3.181502671803605
7.0,6.957333333333334,7.042666666666666,False,,False,0.010006178555334078,,0.028798698800391598,-30.81254268688206,6.997333333333333,-0.002666666666667261,,False,0.0,,,,,False,,
7.01,6.967333333333333,7.052666666666667,False,108.68691707750624,True,0.010037765502929688,-0.3999999999999989,0.03915413380798998,-28.144447586437707,7.007333333333333,-0.002666666666666373,,False,0.0,,,pyin_probability_below_0.5|voicing_disagreement,,False,-0.7999999999999968,
7.02,6.977333333333333,7.062666666666667,False,104.98464168400547,True,0.010622609040911533,-1.0000000000000013,0.047231390020159296,-26.515385458907797,7.017333333333333,-0.002666666666666373,104.51057034744642,True,0.6553159082449742,0.4740713365590494,0.07835308812230707,pyin_probability_below_0.5,-1.0035370370278505,False,-1.3999999999999984,-1.8087205775195836
7.03,6.987333333333333,7.072666666666667,False,104.37997464223893,True,0.016467587593113005,-1.1000000000000019,0.05346665616005378,-25.438339522274912,7.027333333333333,-0.002666666666667261,110.39782289097631,True,0.5496981669983113,6.01784824873738,-0.9704011803306214,pyin_probability_below_0.5,-0.05478276857492323,False,-1.5000000000000004,-0.8599663090666547
7.04,6.997333333333334,7.082666666666666,False,103.77879022636449,True,0.030106861794195014,-1.2000000000000002,0.05835679199598127,-24.678171805323856,7.037333333333333,-0.002666666666667261,108.92751482789589,True,0.6894698769048531,5.1487246015313985,-0.8382815775292843,pyin_probability_below_0.5,-0.2869023713762585,False,-1.5999999999999979,-1.0920859118679906
7.05,7.007333333333333,7.092666666666666,False,103.77879022636449,True,0.05607139544589263,-1.2000000000000002,0.06264740324965826,-24.061938518206464,7.0473333333333334,-0.002666666666666373,104.34490539163227,True,0.8149884005623826,0.5661151652677745,-0.09418247778731556,pyin_probability_below_0.5,-1.0310014711182258,False,-1.5999999999999979,-1.8361850116099583
7.06,7.017333333333333,7.102666666666667,False,103.18106837793296,True,0.092037570812181,-1.3000000000000027,0.06682192676641013,-23.501620118418792,7.057333333333333,-0.002666666666666373,102.41890386027055,True,0.9481472321241109,0.7621645176624128,0.1283551932225055,pyin_probability_below_0.5,-1.3535391421280498,False,-1.7000000000000013,-2.1587226826197825
7.07,7.027333333333333,7.112666666666667,False,103.18106837793296,True,0.17653060863289757,-1.3000000000000027,0.06979130849923366,-23.123973182451657,7.067333333333333,-0.002666666666667261,102.2753774575987,True,0.9716443278996186,0.9056909203342656,0.15263313927618466,pyin_probability_below_0.5,-1.3778170881817282,False,-1.7000000000000013,-2.1830006286734616
7.08,7.037333333333334,7.1226666666666665,False,102.5867891540234,True,0.5485250542599847,-1.4000000000000004,0.06929439966161154,-23.186037268612548,7.077333333333333,-0.002666666666667261,102.16452015167968,True,0.98650745648822,0.4222690023437252,0.07140833566881183,,-1.3965922845743537,True,-1.799999999999999,-2.2017758250660875
7.09,7.0473333333333334,7.132666666666666,False,102.5867891540234,True,0.6860828109301793,-1.4000000000000004,0.0665661508571788,-23.534931102161636,7.0873333333333335,-0.002666666666666373,101.98941421585548,True,0.9854151070007161,0.5973749381679312,0.10110645866326677,,-1.426290407568809,True,-1.799999999999999,-2.231473948060541
7.1,7.057333333333333,7.142666666666667,False,101.99593272657759,True,0.6860828109301793,-1.5000000000000022,0.06326984561163021,-23.976064505727372,7.097333333333333,-0.002666666666666373,102.36438333576392,True,0.9666787889037102,0.36845060918632555,-0.06242649683420293,,-1.3627574520713406,True,-1.9000000000000006,-2.167940992563073
7.11,7.067333333333333,7.152666666666667,False,102.5867891540234,True,0.6860828109301793,-1.4000000000000004,0.060705844573031784,-24.335389887349997,7.107333333333333,-0.002666666666667261,102.39852610192882,True,0.9877877768227347,0.18826305209458383,0.03180008257667691,,-1.356984031482218,True,-1.799999999999999,-2.162167571973951
7.12,7.077333333333334,7.1626666666666665,False,102.5867891540234,True,0.6860828109301793,-1.4000000000000004,0.05928509994950733,-24.54108887228181,7.117333333333333,-0.002666666666667261,102.08566246327537,True,0.9967065407202985,0.5011266907480376,0.08477636503668896,,-1.4099603139422325,True,-1.799999999999999,-2.215143854433965
7.13,7.0873333333333335,7.172666666666666,False,102.5867891540234,True,0.6159498854580681,-1.4000000000000004,0.05824832851586201,-24.694330651275955,7.1273333333333335,-0.002666666666666373,102.72924100358676,True,0.9985453304559733,0.14245184956335777,-0.024023212576219873,,-1.3011607363293214,True,-1.799999999999999,-2.1063442768210536
7.14,7.097333333333333,7.182666666666667,False,102.5867891540234,True,0.6159498854580681,-1.4000000000000004,0.057673827389318054,-24.78042453380556,7.137333333333333,-0.002666666666666373,103.27715023724903,True,0.9956583532203843,0.6903610832256248,-0.11611369113518316,,-1.2090702577703594,True,-1.799999999999999,-2.0142537982620907
7.15,7.107333333333333,7.192666666666667,False,102.5867891540234,True,0.5485250542599845,-1.4000000000000004,0.058344640066470235,-24.679980700332912,7.147333333333333,-0.002666666666667261,102.7910990550911,True,0.995147928751889,0.20430990106768832,-0.034444640273007414,,-1.290739308632536,True,-1.799999999999999,-2.095922849124269
7.16,7.117333333333334,7.2026666666666666,False,102.5867891540234,True,0.6159498854580681,-1.4000000000000004,0.059826213482014286,-24.462169672694888,7.157333333333333,-0.002666666666667261,102.17473534321162,True,0.9993295898195735,0.41205381081178416,0.06967740175014389,,-1.3948613506556882,True,-1.799999999999999,-2.200044891147419
7.17,7.1273333333333335,7.212666666666666,False,102.5867891540234,True,0.5485250542599845,-1.4000000000000004,0.062032966600292706,-24.147548981785434,7.167333333333334,-0.002666666666666373,102.24777191969463,True,0.9973228904946199,0.3390172343287787,0.05730660999068252,,-1.3824905588962224,True,-1.799999999999999,-2.187674099387956
7.18,7.137333333333333,7.222666666666667,False,101.99593272657759,True,0.5485250542599845,-1.5000000000000022,0.06433331812911837,-23.83128096701729,7.177333333333333,-0.002666666666666373,102.20122414565849,True,0.9962304007449895,0.20529141908089343,-0.03481024122767898,,-1.390373707677865,True,-1.9000000000000006,-2.1955572481695986
7.19,7.147333333333333,7.232666666666667,False,101.99593272657759,True,0.5485250542599845,-1.5000000000000022,0.06625265221854823,-23.575934628328827,7.187333333333333,-0.002666666666667261,102.47340848296882,True,0.9920534283878129,0.47747575639122886,-0.08085552432891759,,-1.3443284245766258,True,-1.9000000000000006,-2.149511965068359
7.2,7.157333333333334,7.242666666666667,False,101.99593272657759,True,0.5485250542599845,-1.5000000000000022,0.06833178240929368,-23.307545014369694,7.197333333333333,-0.002666666666667261,101.65295534234589,True,0.997601635561795,0.3429773842317019,0.05831357024985531,,-1.483497519155399,True,-1.9000000000000006,-2.288681059647131
7.21,7.167333333333334,7.252666666666666,False,101.99593272657759,True,0.6159498854580681,-1.5000000000000022,0.07000498713170025,-23.09742039782124,7.207333333333333,-0.002666666666667261,101.64956282944688,True,0.9977445252244106,0.34636989713071387,0.058891352944927006,,-1.484075301850471,True,-1.9000000000000006,-2.2892588423422033
7.22,7.177333333333333,7.262666666666667,False,101.40847938173854,True,0.6159498854580681,-1.6000000000000043,0.07122024751676947,-22.947930426495518,7.217333333333333,-0.002666666666666373,101.70857809876318,True,0.9915266398208872,0.300098717024639,-0.05115685521207842,,-1.4740270936934676,True,-2.0000000000000004,-2.2792106341852003
7.23,7.187333333333333,7.272666666666667,False,100.82440951919276,True,0.4849868077159113,-1.7000000000000013,0.07220831894411027,-22.82825531082348,7.227333333333333,-0.002666666666667261,101.47275905931369,True,0.9943285601426268,0.6483495401209325,-0.11097027710002845,pyin_probability_below_0.5,-1.5142136718055133,False,-2.0999999999999996,-2.319397212297246
7.24,7.197333333333333,7.282666666666667,False,100.24370365151614,True,0.42606232904328145,-1.800000000000003,0.07253748524144094,-22.788750095789045,7.237333333333333,-0.002666666666667261,101.85727023581285,True,0.9837112300508386,1.6135665842967057,-0.276448026435176,pyin_probability_below_0.5,-1.4487359224703682,False,-2.200000000000002,-2.2539194629621018
7.25,7.207333333333334,7.292666666666666,False,100.24370365151614,True,0.42606232904328145,-1.800000000000003,0.07203492493747296,-22.849137840784262,7.247333333333333,-0.002666666666667261,100.98128903660185,True,0.9730545371051711,0.7375853850857084,-0.12691650620309053,pyin_probability_below_0.5,-1.5982674427024546,False,-2.200000000000002,-2.4034509831941873
7.26,7.217333333333333,7.302666666666667,False,99.66634240352404,True,0.4849868077159113,-1.9000000000000006,0.07009563926050572,-23.086179984178216,7.257333333333333,-0.002666666666666373,99.55440168420328,True,0.9728230253255798,0.11194071932075644,0.01945536405336116,pyin_probability_below_0.5,-1.8446393129589032,False,-2.3,-2.649822853450636
7.27,7.227333333333333,7.312666666666667,False,99.09230651162453,True,0.42606232904328145,-2.0000000000000004,0.06705777708157577,-23.47101694454015,7.267333333333333,-0.002666666666666373,98.46090111628318,True,0.976930563825937,0.6314053953413463,0.11066529918242562,pyin_probability_below_0.5,-2.035849248087971,False,-2.4000000000000004,-2.8410327885797027
7.28,7.237333333333333,7.322666666666667,False,98.52157682317586,True,0.5485250542599845,-2.100000000000004,0.06375685950538645,-23.909461665699233,7.277333333333333,-0.002666666666667261,98.4538966168322,True,0.9829562721989893,0.06768020634366678,0.011896941302869387,,-2.0370808902084137,True,-2.5000000000000013,-2.8422644307001455
7.29,7.247333333333334,7.332666666666666,False,98.52157682317586,True,0.6860828109301792,-2.100000000000004,0.059445871413672906,-24.517566045303518,7.287333333333333,-0.002666666666667261,98.3078268940259,True,0.9747103185347658,0.21374992914996938,0.03760122154629977,,-2.0627851704518454,True,-2.5000000000000013,-2.8679687109435785
7.3,7.257333333333333,7.342666666666666,False,97.95413429584742,True,0.7571601330199093,-2.200000000000002,0.05484698909463041,-25.216944173263514,7.2973333333333334,-0.002666666666666373,97.15671548189462,True,0.9489986808520765,0.7974188139528025,0.14151199590133187,,-2.2666959448068758,True,-2.6000000000000005,-3.0718794852986093
7.31,7.267333333333333,7.352666666666667,False,97.95413429584742,True,0.7571601330199093,-2.200000000000002,0.04992426683818928,-26.03376608466516,7.307333333333333,-0.002666666666666373,96.66588970272619,True,0.9566779906326106,1.2882445931212345,0.22919383431622176,,-2.354377783221765,True,-2.6000000000000005,-3.159561323713498
7.32,7.277333333333333,7.362666666666667,False,97.95413429584742,True,0.6860828109301793,-2.200000000000002,0.04415418958093833,-27.100561639890035,7.317333333333333,-0.002666666666667261,98.01248491115884,True,0.9551881927610133,0.0583506153114115,-0.010309773716087321,,-2.114874175189457,True,-2.6000000000000005,-2.92005771568119
7.33,7.287333333333334,7.3726666666666665,False,97.3899599969843,True,0.6860828109301793,-2.3000000000000016,0.038031408434199034,-28.397151817366876,7.327333333333333,-0.002666666666667261,98.48571340760954,True,0.9703928854542212,1.0957534106252353,-0.19369688636827753,,-2.0314870625372667,True,-2.699999999999999,-2.836670603028997
7.34,7.2973333333333334,7.382666666666666,False,97.3899599969843,True,0.6159498854580681,-2.3000000000000016,0.031845161524336515,-29.93913087907393,7.3373333333333335,-0.002666666666666373,97.90819019250385,True,0.9681891654936371,0.5182301955195499,-0.09187796859565373,,-2.1333059803098897,True,-2.699999999999999,-2.938489520801623
7.35,7.307333333333333,7.392666666666667,False,98.52157682317586,True,0.6860828109301793,-2.100000000000004,0.026037016321789605,-31.688175693340117,7.347333333333333,-0.002666666666666373,98.14954594331455,True,0.9578091890694701,0.3720308798613132,0.06549749507606716,,-2.0906814439816106,True,-2.5000000000000013,-2.895864984473343
7.36,7.317333333333333,7.402666666666667,False,98.52157682317586,True,0.5485250542599845,-2.100000000000004,0.021320801144044558,-33.423929608387006,7.357333333333333,-0.002666666666667261,97.82224783512642,True,0.899999265020024,0.6993289880494444,0.12332522068956542,,-2.148509169595113,True,-2.5000000000000013,-2.953692710086844
7.37,7.327333333333334,7.4126666666666665,False,97.95413429584742,True,0.3721358982975087,-2.200000000000002,0.016805709280905978,-35.49086307027724,7.367333333333333,-0.002666666666667261,100.54514680560186,True,0.7560970673831384,2.591012509754435,-0.45198187480041113,pyin_probability_below_0.5,-1.6732020741051332,False,-2.6000000000000005,-2.4783856145968657
7.38,7.3373333333333335,7.422666666666666,False,99.09230651162453,True,0.20650679911775227,-2.0000000000000004,0.012967334577592688,-37.7429856706157,7.3773333333333335,-0.002666666666666373,,False,0.0,,,pyin_probability_below_0.5|voicing_disagreement,,False,-2.4000000000000004,
7.39,7.347333333333333,7.432666666666667,False,99.66634240352404,True,0.056071395445892624,-1.9000000000000006,0.00989009776388922,-40.09598830737336,7.387333333333333,-0.002666666666666373,,False,0.0,,,pyin_probability_below_0.5|voicing_disagreement,,False,-2.3,
7.4,7.357333333333333,7.442666666666667,False,103.77879022636449,True,0.056071395445892624,-1.2000000000000002,0.0071907632386454525,-42.86450020975518,7.397333333333333,-0.002666666666667261,,False,0.0,,,pyin_probability_below_0.5|voicing_disagreement,,False,-1.5999999999999979,
7.41,7.367333333333334,7.4526666666666666,False,103.77879022636449,True,0.02031762855636058,-1.2000000000000002,0.005233928102500245,-45.62344494955848,7.407333333333333,-0.002666666666667261,,False,0.0,,,pyin_probability_below_0.5|voicing_disagreement,,False,-1.5999999999999979,
7.42,7.3773333333333335,7.462666666666666,False,102.5867891540234,True,0.010073751764282884,-1.4000000000000004,0.003275248657150004,-49.69511445494803,7.417333333333334,-0.002666666666666373,,False,0.0,,,pyin_probability_below_0.5|voicing_disagreement,,False,-1.799999999999999,
7.43,7.387333333333333,7.472666666666667,False,100.82440951919276,True,0.010467533617069905,-1.7000000000000013,0.0020533692680764315,-53.75065884340269,7.427333333333333,-0.002666666666666373,,False,0.0,,,pyin_probability_below_0.5|voicing_disagreement,,False,-2.0999999999999996,
7.44,7.397333333333333,7.482666666666667,False,100.82440951919276,True,0.018187375734912182,-1.7000000000000013,0.0015579198938606112,-56.14909753851564,7.437333333333333,-0.002666666666667261,,False,0.0,,,pyin_probability_below_0.5|voicing_disagreement,,False,-2.0999999999999996,
7.45,7.407333333333334,7.492666666666667,False,98.52157682317586,True,0.020317628556360583,-2.100000000000004,0.0009555345512242618,-60.39507209295914,7.447333333333333,-0.002666666666667261,,False,0.0,,,pyin_probability_below_0.5|voicing_disagreement,,False,-2.5000000000000013,
7.46,7.417333333333334,7.502666666666666,False,99.09230651162453,True,0.011085791888943373,-2.0000000000000004,0.0005742950796856102,-64.81729809104192,7.457333333333333,-0.002666666666667261,,False,0.0,,,pyin_probability_below_0.5|voicing_disagreement,,False,-2.4000000000000004,
7.47,7.427333333333333,7.512666666666667,False,98.52157682317586,True,0.010259050559778863,-2.100000000000004,0.0004087657162139966,-67.77051072534627,7.467333333333333,-0.002666666666666373,,False,0.0,,,pyin_probability_below_0.5|voicing_disagreement,,False,-2.5000000000000013,
7.48,7.437333333333333,7.522666666666667,False,99.09230651162453,True,0.010140046044704068,-2.0000000000000004,0.00032580891139401307,-69.74074082434898,7.477333333333333,-0.002666666666667261,,False,0.0,,,pyin_probability_below_0.5|voicing_disagreement,,False,-2.4000000000000004,
7.49,7.447333333333333,7.532666666666667,False,,False,0.010000516719604524,,0.00084234643774559,-61.49018512826256,7.487333333333333,-0.002666666666667261,,False,0.0,,,,,False,,
7.5,7.457333333333334,7.542666666666666,False,,False,0.01000419105279527,,0.0012184612355304358,-58.2837656605334,7.497333333333333,-0.002666666666667261,,False,0.0,,,,,False,,
7.51,7.467333333333333,7.552666666666667,False,,False,0.010000078102280324,,0.001363933408082663,-57.30413665822755,7.507333333333333,-0.002666666666666373,,False,0.0,,,,,False,,
7.52,7.477333333333333,7.562666666666667,False,,False,0.010000027850262286,,0.0014116630986840614,-57.00537875464242,7.517333333333333,-0.002666666666666373,,False,0.0,,,,,False,,
7.53,7.487333333333333,7.572666666666667,False,,False,0.010000016226422836,,0.0014239207074422772,-56.930283883633095,7.527333333333333,-0.002666666666667261,,False,0.0,,,,,False,,
7.54,7.497333333333334,7.582666666666666,False,,False,0.01000000928748663,,0.0014338027919906962,-56.87021156527428,7.537333333333333,-0.002666666666667261,,False,0.0,,,,,False,,
7.55,7.507333333333333,7.592666666666666,False,,False,0.010000005216229449,,0.001442621707316627,-56.81695074422364,7.5473333333333334,-0.002666666666666373,,False,0.0,,,,,False,,
7.56,7.517333333333333,7.594666666666667,True,,False,0.010000005216229449,,0.001515777133495914,-56.38729297682506,7.557333333333333,-0.002666666666666373,,False,0.0,,,edge_window,,False,,
7.57,7.527333333333333,7.594666666666667,True,,False,0.01000123296498612,,0.0016222260436027972,-55.79777261224449,7.567333333333333,-0.002666666666667261,,False,0.0,,,edge_window,,False,,
7.58,7.537333333333334,7.594666666666667,True,,False,0.01000032860450166,,0.0013373408193979581,-57.475157986077804,,,,,,,,edge_window,,False,,
7.59,7.5473333333333334,7.594666666666667,True,,False,0.010000127845232541,,0.0008503207136366058,-61.40834482941787,,,,,,,,edge_window,,False,,
