timestamp_s,window_start_s,window_end_s,edge_padded,f0_hz,voiced,voicing_probability,relative_pitch_semitones,rms_amplitude,rms_dbfs,praat_timestamp_s,praat_time_offset_s,praat_f0_hz,praat_voiced,praat_strength,absolute_difference_hz,signed_difference_semitones,flags,praat_relative_semitones,agreement_screen_pass,pyin_speaker_relative_st,praat_speaker_relative_st
0.0,0.0,0.042666666666666665,True,,False,0.010000000003996624,,0.0001687343382114341,-75.45593054996972,,,,,,,,edge_window,,False,,
0.01,0.0,0.05266666666666667,True,,False,0.010000000001601603,,0.00016305716338890587,-75.75320234232011,,,,,,,,edge_window,,False,,
0.02,0.0,0.06266666666666666,True,,False,0.010000000001606035,,0.00015645998587979906,-76.11193426568403,,,,,,,,edge_window,,False,,
0.03,0.0,0.07266666666666667,True,,False,0.01000000000061386,,0.00015282306571608474,-76.3162218475079,0.026666666666666502,-0.003333333333333497,,False,0.0,,,edge_window,,False,,
0.04,0.0,0.08266666666666667,True,,False,0.010000000001604734,,0.0001774756899178027,-75.01722253754147,0.0366666666666665,-0.0033333333333335005,,False,0.0,,,edge_window,,False,,
0.05,0.007333333333333333,0.09266666666666666,False,,False,0.010000000003996623,,0.00035444367979313457,-69.00905526593644,0.0466666666666665,-0.0033333333333335005,,False,0.0,,,,,False,,
0.06,0.017333333333333333,0.10266666666666667,False,,False,0.010013068846238975,,0.0005262515386604639,-65.57613242718168,0.056666666666666504,-0.0033333333333334936,,False,0.0,,,,,False,,
0.07,0.027333333333333334,0.11266666666666666,False,,False,0.010006178555334078,,0.0006344441585068605,-63.95213193851152,0.0666666666666665,-0.0033333333333335075,,False,0.0,,,,,False,,
0.08,0.037333333333333336,0.12266666666666666,False,,False,0.010000000101429396,,0.0010245929074438856,-59.78897309546028,0.07666666666666651,-0.0033333333333334936,,False,0.0,,,,,False,,
0.09,0.04733333333333333,0.13266666666666665,False,,False,0.010001873046012551,,0.0018835719012819318,-54.50035593784206,0.0866666666666665,-0.0033333333333334936,,False,0.0,,,,,False,,
0.1,0.05733333333333333,0.14266666666666666,False,,False,0.010259050559778863,,0.0020266081298891754,-53.86460438952998,0.09666666666666651,-0.0033333333333334936,,False,0.0,,,,,False,,
0.11,0.06733333333333333,0.15266666666666667,False,,False,0.010140046044704068,,0.0023184408618264207,-52.69607954990324,0.10666666666666651,-0.0033333333333334936,,False,0.0,,,,,False,,
0.12,0.07733333333333334,0.16266666666666665,False,,False,0.010073751764282884,,0.0024337720441172765,-52.274402035826455,0.1166666666666665,-0.0033333333333334936,,False,0.0,,,,,False,,
0.13,0.08733333333333333,0.17266666666666666,False,,False,0.010259050559778863,,0.002464111599251414,-52.166792538581404,0.1266666666666665,-0.0033333333333334936,,False,0.0,,,,,False,,
0.14,0.09733333333333333,0.18266666666666667,False,,False,0.01010197459374499,,0.002469532921121411,-52.14770359846277,0.1366666666666665,-0.0033333333333335213,,False,0.0,,,,,False,,
0.15,0.10733333333333334,0.19266666666666668,False,,False,0.010191075496968311,,0.002471624775004172,-52.14034920333211,0.1466666666666665,-0.0033333333333334936,,False,0.0,,,,,False,,
0.16,0.11733333333333333,0.20266666666666666,False,,False,0.013100262550513395,,0.002427417429117017,-52.29711068206544,0.1566666666666665,-0.0033333333333334936,,False,0.0,,,,,False,,
0.17,0.12733333333333333,0.21266666666666667,False,,False,0.012403124793551348,,0.001987670913954548,-54.03311034730688,0.16666666666666652,-0.0033333333333334936,,False,0.0,,,,,False,,
0.18,0.13733333333333334,0.22266666666666668,False,,False,0.011422334250709074,,0.0016939626454798209,-55.42192341541741,0.1766666666666665,-0.0033333333333334936,,False,0.0,,,,,False,,
0.19,0.14733333333333334,0.23266666666666666,False,,False,0.010000516719604524,,0.00136141776955068,-57.320171703577394,0.1866666666666665,-0.0033333333333334936,,False,0.0,,,,,False,,
0.2,0.15733333333333333,0.24266666666666667,False,,False,9.247288751479691e-12,,0.0010412481548829206,-59.648915103297384,0.19666666666666652,-0.0033333333333334936,,False,0.0,,,,,False,,
0.21,0.16733333333333333,0.25266666666666665,False,,False,0.010000027563411125,,0.0007710890324285317,-62.25790948022422,0.2066666666666665,-0.0033333333333334936,,False,0.0,,,,,False,,
0.22,0.17733333333333334,0.26266666666666666,False,,False,0.010000016226422836,,0.0006793741490425938,-63.357819650990386,0.2166666666666665,-0.0033333333333334936,,False,0.0,,,,,False,,
0.23,0.18733333333333332,0.27266666666666667,False,,False,0.010000005184900225,,0.0006131671618758068,-64.24842223610572,0.22666666666666652,-0.0033333333333334936,,False,0.0,,,,,False,,
0.24,0.19733333333333333,0.2826666666666667,False,,False,0.01000000020360812,,0.0005940786303369149,-64.52312138787023,0.2366666666666665,-0.0033333333333334936,,False,0.0,,,,,False,,
0.25,0.20733333333333334,0.2926666666666667,False,,False,0.010000000100086368,,0.0005854404984733275,-64.65034476154526,0.2466666666666665,-0.0033333333333334936,,False,0.0,,,,,False,,
0.26,0.21733333333333332,0.30266666666666664,False,,False,0.01000000000159732,,0.0005858110903688314,-64.64484821333444,0.2566666666666665,-0.0033333333333335213,,False,0.0,,,,,False,,
0.27,0.22733333333333333,0.31266666666666665,False,,False,0.010000000003989281,,0.0005694621647900771,-64.89070250522667,0.2666666666666665,-0.0033333333333335213,,False,0.0,,,,,False,,
0.28,0.23733333333333334,0.32266666666666666,False,,False,0.010000000100675418,,0.0006080485271074558,-64.32123518382195,0.2766666666666665,-0.0033333333333335213,,False,0.0,,,,,False,,
0.29,0.24733333333333332,0.33266666666666667,False,,False,0.0100000470079773,,0.000635386542127968,-63.93923976063566,0.2866666666666665,-0.003333333333333466,,False,0.0,,,,,False,,
0.3,0.25733333333333336,0.3426666666666667,False,,False,0.010000127845043439,,0.0006380455365348437,-63.90296650206306,0.2966666666666665,-0.003333333333333466,,False,0.0,,,,,False,,
0.31,0.2673333333333333,0.3526666666666667,False,,False,0.010000516719604524,,0.0006408663023022968,-63.86465127323102,0.30666666666666653,-0.003333333333333466,,False,0.0,,,,,False,,
0.32,0.2773333333333333,0.3626666666666667,False,,False,0.01000419105279527,,0.0006255076705009535,-64.07534720507671,0.3166666666666665,-0.0033333333333335213,,False,0.0,,,,,False,,
0.33,0.28733333333333333,0.37266666666666665,False,,False,0.01001876450976914,,0.0006363780891273238,-63.92569563566035,0.3266666666666665,-0.0033333333333335213,,False,0.0,,,,,False,,
0.34,0.29733333333333334,0.38266666666666665,False,,False,0.010037765502929688,,0.0006176510197945034,-64.18513674372966,0.3366666666666665,-0.0033333333333335213,,False,0.0,,,,,False,,
0.35,0.30733333333333335,0.39266666666666666,False,,False,0.01002672467381077,,0.0006185283782374533,-64.17280740075535,0.3466666666666665,-0.003333333333333466,,False,0.0,,,,,False,,
0.36,0.31733333333333336,0.4026666666666667,False,,False,0.01010197459374499,,0.0006242537837165064,-64.09277633260496,0.3566666666666665,-0.003333333333333466,,False,0.0,,,,,False,,
0.37,0.3273333333333333,0.4126666666666667,False,,False,0.01001876450976914,,0.0005763158524248519,-64.78678868677123,0.36666666666666653,-0.003333333333333466,,False,0.0,,,,,False,,
0.38,0.3373333333333333,0.4226666666666667,False,,False,0.01002672467381077,,0.0005466151378448498,-65.24636690433252,0.37666666666666654,-0.003333333333333466,,False,0.0,,,,,False,,
0.39,0.3473333333333333,0.43266666666666664,False,,False,0.01002672467381077,,0.000523184895558236,-65.62689605324766,0.3866666666666665,-0.0033333333333335213,,False,0.0,,,,,False,,
0.4,0.35733333333333334,0.44266666666666665,False,,False,0.010013068846238975,,0.0005025755068567034,-65.97597361356277,0.3966666666666665,-0.0033333333333335213,,False,0.0,,,,,False,,
0.41,0.36733333333333335,0.45266666666666666,False,,False,0.010000802780927255,,0.00045723387736741215,-66.79723198685329,0.4066666666666665,-0.003333333333333466,,False,0.0,,,,,False,,
0.42,0.37733333333333335,0.46266666666666667,False,,False,0.01000020633903134,,0.0004272407718735712,-67.38654617975916,0.4166666666666665,-0.003333333333333466,,False,0.0,,,,,False,,
0.43,0.3873333333333333,0.4726666666666667,False,,False,0.010001232964986121,,0.000410029219660268,-67.7437038663346,0.4266666666666665,-0.003333333333333466,,False,0.0,,,,,False,,
0.44,0.3973333333333333,0.4826666666666667,False,,False,0.01000032860450166,,0.00034948845845080993,-69.13134323750137,0.43666666666666654,-0.003333333333333466,,False,0.0,,,,,False,,
0.45,0.4073333333333333,0.49266666666666664,False,,False,0.010000027850262286,,0.0003068942620580389,-70.26022462822421,0.4466666666666665,-0.0033333333333335213,,False,0.0,,,,,False,,
0.46,0.41733333333333333,0.5026666666666667,False,,False,0.01000012784523254,,0.0002717888144828577,-71.3153684140523,0.4566666666666665,-0.0033333333333335213,,False,0.0,,,,,False,,
0.47,0.42733333333333334,0.5126666666666667,False,,False,0.01000000928748663,,0.00022656941531783942,-72.8959743215067,0.4666666666666665,-0.003333333333333466,,False,0.0,,,,,False,,
0.48,0.43733333333333335,0.5226666666666666,False,,False,0.010000009287486629,,0.0001972043070028125,-74.10167208331922,0.4766666666666665,-0.003333333333333466,,False,0.0,,,,,False,,
0.49,0.44733333333333336,0.5326666666666666,False,,False,0.010000016226422834,,0.00017548320071634815,-75.11528905808278,0.4866666666666665,-0.003333333333333466,,False,0.0,,,,,False,,
0.5,0.4573333333333333,0.5426666666666666,False,,False,0.010000000047726025,,0.00016630341062712147,-75.5819768795483,0.49666666666666653,-0.003333333333333466,,False,0.0,,,,,False,,
0.51,0.4673333333333333,0.5526666666666666,False,,False,0.010000000021701592,,0.00015274948266019806,-76.32040503947599,0.5066666666666665,-0.0033333333333335213,,False,0.0,,,,,False,,
0.52,0.47733333333333333,0.5626666666666666,False,,False,0.010000206339031339,,0.00014412240413192384,-76.82537003888282,0.5166666666666665,-0.0033333333333335213,,False,0.0,,,,,False,,
0.53,0.48733333333333334,0.5726666666666667,False,,False,0.010000027850262284,,0.00014061846139437267,-77.03915316592958,0.5266666666666665,-0.0033333333333335213,,False,0.0,,,,,False,,
0.54,0.49733333333333335,0.5826666666666667,False,,False,0.010000000814014906,,0.0001341608270761689,-77.44748546100466,0.5366666666666665,-0.0033333333333335213,,False,0.0,,,,,False,,
0.55,0.5073333333333333,0.5926666666666667,False,,False,0.010000000417925077,,0.00012719849054603402,-77.91036084787439,0.5466666666666665,-0.0033333333333335213,,False,0.0,,,,,False,,
0.56,0.5173333333333333,0.6026666666666667,False,,False,0.010000016226422836,,0.00012880783010784958,-77.80115471634542,0.5566666666666665,-0.0033333333333335213,,False,0.0,,,,,False,,
0.57,0.5273333333333333,0.6126666666666667,False,,False,0.01000032860450166,,0.00012851623937929548,-77.8208398237418,0.5666666666666665,-0.0033333333333334103,,False,0.0,,,,,False,,
0.58,0.5373333333333333,0.6226666666666667,False,,False,0.01000020633903134,,0.00010941308885177388,-79.21861442365704,0.5766666666666665,-0.0033333333333334103,,False,0.0,,,,,False,,
0.59,0.5473333333333333,0.6326666666666667,False,,False,0.010000000208892744,,9.962245509633677e-05,-80.0328551943226,0.5866666666666666,-0.0033333333333334103,,False,0.0,,,,,False,,
0.6,0.5573333333333333,0.6426666666666667,False,,False,0.0100000000000754,,9.257643300798398e-05,-80.66999113401366,0.5966666666666666,-0.0033333333333334103,,False,0.0,,,,,False,,
0.61,0.5673333333333334,0.6526666666666666,False,,False,0.010000000003996623,,0.0001198048022244078,-78.43051546902402,0.6066666666666665,-0.0033333333333335213,,False,0.0,,,,,False,,
0.62,0.5773333333333334,0.6626666666666666,False,,False,0.010026724673810772,,0.0003027994800652431,-70.37689749790361,0.6166666666666665,-0.0033333333333335213,,False,0.0,,,,,False,,
0.63,0.5873333333333334,0.6726666666666666,False,,False,0.010000078102280324,,0.002481407196840202,-52.10603925038789,0.6266666666666665,-0.0033333333333335213,,False,0.0,,,,,False,,
0.64,0.5973333333333334,0.6826666666666666,False,,False,0.010000016226422834,,0.0034242440616103265,-49.30870577456382,0.6366666666666665,-0.0033333333333335213,,False,0.0,,,,,False,,
0.65,0.6073333333333333,0.6926666666666667,False,,False,0.010000016226422836,,0.004468339875749549,-46.99707601037329,0.6466666666666665,-0.0033333333333335213,,False,0.0,,,,,False,,
0.66,0.6173333333333333,0.7026666666666667,False,,False,0.01000000002170159,,0.0055044037268093,-45.18579439554103,0.6566666666666665,-0.0033333333333335213,,False,0.0,,,,,False,,
0.67,0.6273333333333333,0.7126666666666667,False,,False,0.010000000000221911,,0.008074152625566008,-41.85806090774217,0.6666666666666665,-0.0033333333333335213,,False,0.0,,,,,False,,
0.68,0.6373333333333333,0.7226666666666667,False,,False,0.010000000009505967,,0.02087246643138579,-33.608524574751534,0.6766666666666665,-0.0033333333333335213,,False,0.0,,,,,False,,
0.69,0.6473333333333333,0.7326666666666667,False,,False,0.010000078102280324,,0.026706984225968698,-31.46750300180825,0.6866666666666665,-0.0033333333333334103,,False,0.0,,,,,False,,
0.7,0.6573333333333333,0.7426666666666667,False,,False,0.010000000101429396,,0.035063351706452396,-29.102931440803815,0.6966666666666665,-0.0033333333333334103,,False,0.0,,,,,False,,
0.71,0.6673333333333333,0.7526666666666667,False,109.9497982220883,True,0.010000078102280324,-1.8999999999999986,0.04508062526983326,-26.920201378093125,0.7066666666666666,-0.0033333333333334103,,False,0.0,,,pyin_probability_below_0.5|voicing_disagreement,,False,-0.5999999999999991,
0.72,0.6773333333333333,0.7626666666666667,False,109.9497982220883,True,0.010037765502929688,-1.8999999999999986,0.05116346689012733,-25.820800698942634,0.7166666666666666,-0.0033333333333334103,,False,0.0,,,pyin_probability_below_0.5|voicing_disagreement,,False,-0.5999999999999991,
0.73,0.6873333333333334,0.7726666666666666,False,109.9497982220883,True,0.010000078102280324,-1.8999999999999986,0.0572437725992071,-24.84543504365835,0.7266666666666666,-0.0033333333333334103,,False,0.0,,,pyin_probability_below_0.5|voicing_disagreement,,False,-0.5999999999999991,
0.74,0.6973333333333334,0.7826666666666666,False,109.9497982220883,True,0.010004191052795269,-1.8999999999999986,0.06170304941163075,-24.193867445455513,0.7366666666666665,-0.0033333333333335213,120.38354176842503,True,0.5352765104283779,10.433743546336729,-1.569518531897846,pyin_probability_below_0.5|pitch_difference_over_1_semitone,0.36208799978982303,False,-0.5999999999999991,0.6391510425005711
0.75,0.7073333333333334,0.7926666666666666,False,109.9497982220883,True,0.010000328604501658,-1.8999999999999986,0.06996647540754014,-23.102200066307926,0.7466666666666665,-0.0033333333333335213,110.34384202659855,True,0.7454410656374238,0.3940438045102468,-0.06193395124574401,pyin_probability_below_0.5,-1.145496580862278,False,-0.5999999999999991,-0.8684335381515326
0.76,0.7173333333333334,0.8026666666666666,False,119.21052561660726,True,0.010000027850262286,-0.4999999999999981,0.07476741557543538,-22.52575261997417,0.7566666666666665,-0.0033333333333335213,110.28508099981033,True,0.6246504353027833,8.925444616796923,1.3472877855368868,pyin_probability_below_0.5|pitch_difference_over_1_semitone,-1.1547183176449072,False,0.8000000000000002,-0.8776552749341634
0.77,0.7273333333333334,0.8126666666666666,False,108.68691707750624,True,0.010000078102280324,-2.099999999999997,0.07489395708715464,-22.51106444963608,0.7666666666666665,-0.0033333333333335213,108.72649777219335,True,0.2948448368279832,0.03958069468711756,-0.006303516011875145,pyin_probability_below_0.5,-1.4011270160961447,False,-0.7999999999999968,-1.1240639733853977
0.78,0.7373333333333333,0.8226666666666667,False,108.68691707750624,True,0.01000020633903134,-2.099999999999997,0.07637707936154693,-22.340739058928136,0.7766666666666665,-0.0033333333333335213,108.88375484162893,True,0.5079078890097215,0.19683776412269083,-0.031325208435404,pyin_probability_below_0.5,-1.3761053236726153,False,-0.7999999999999968,-1.0990422809618687
0.79,0.7473333333333333,0.8326666666666667,False,108.06092649856241,True,0.010001873046012553,-2.1999999999999975,0.07496571075830251,-22.50274674113847,0.7866666666666665,-0.0033333333333335213,106.40974830557646,True,0.47799028589878495,1.6511781929859524,0.2665755951531719,pyin_probability_below_0.5,-1.774006127261193,False,-0.9000000000000006,-1.4969430845504472
0.8,0.7573333333333333,0.8426666666666667,False,107.43854136004751,True,0.01002672467381077,-2.3,0.07207987318596101,-22.84371972212421,0.7966666666666665,-0.0033333333333335213,105.8800135894454,True,0.637057785665301,1.5585277706021117,0.25297605769591014,pyin_probability_below_0.5,-1.860406589803933,False,-1.0000000000000013,-1.5833435470931878
0.81,0.7673333333333333,0.8526666666666667,False,107.43854136004751,True,0.010140046044704067,-2.3,0.07053882626306399,-23.031435421784387,0.8066666666666665,-0.0033333333333335213,106.72206900875291,True,0.6798188475694229,0.7164723512945983,0.11583698377101906,pyin_probability_below_0.5,-1.7232675158790425,False,-1.0000000000000013,-1.446204473168296
0.82,0.7773333333333333,0.8626666666666667,False,106.81974089615274,True,0.011853505394683411,-2.399999999999998,0.06757960222100727,-23.403687376919393,0.8166666666666665,-0.0033333333333334103,107.696774371405,True,0.5921252602062218,0.8770334752522615,-0.14156100499282365,pyin_probability_below_0.5,-1.5658695271151974,False,-1.0999999999999999,-1.288806484404452
0.83,0.7873333333333333,0.8726666666666667,False,107.43854136004751,True,0.011085791888943371,-2.3,0.06160799767619745,-24.207258119963555,0.8266666666666665,-0.0033333333333334103,109.96444760232292,True,0.8920267597382187,2.5259062422754113,-0.4023064904960877,pyin_probability_below_0.5,-1.205124041611935,False,-1.0000000000000013,-0.9280609989011896
0.84,0.7973333333333333,0.8826666666666667,False,108.68691707750624,True,0.015085587297504338,-2.099999999999997,0.05536697407209861,-25.13498421991845,0.8366666666666666,-0.0033333333333334103,109.43106901332241,True,0.9292159999648324,0.744151935816177,-0.11812929236606969,pyin_probability_below_0.5,-1.2893012397419499,False,-0.7999999999999968,-1.012238197031204
0.85,0.8073333333333333,0.8926666666666667,False,110.58673092361124,True,0.026168028608935755,-1.799999999999999,0.05264898436009016,-25.5722000455292,0.8466666666666666,-0.0033333333333334103,109.26884905106303,True,0.9266358463318518,1.317881872548213,0.20755345832651803,pyin_probability_below_0.5,-1.3149839904345395,False,-0.5000000000000001,-1.0379209477237947
0.86,0.8173333333333334,0.9026666666666666,False,111.87168684176291,True,0.013100262550513395,-1.5999999999999979,0.05381229507840706,-25.382369700556062,0.8566666666666666,-0.0033333333333334103,110.53872979198444,True,0.9375253899678753,1.3329570497784715,0.2075162031999768,pyin_probability_below_0.5,-1.1149467353079996,False,-0.30000000000000004,-0.8378836925972548
0.87,0.8273333333333334,0.9126666666666666,False,116.48775344855382,True,0.012403124793551348,-0.8999999999999986,0.05880960869859097,-24.611034205058402,0.8666666666666665,-0.0033333333333335213,113.14124738963461,True,0.9029575296368435,3.3465060589192035,0.5046396951771819,pyin_probability_below_0.5,-0.7120702272852026,False,0.4000000000000011,-0.4350071845744573
0.88,0.8373333333333334,0.9226666666666666,False,118.52392351256819,True,0.020317628556360583,-0.5999999999999971,0.06351511435515714,-23.94245831306741,0.8766666666666665,-0.0033333333333335213,116.31112370459897,True,0.9634566828990878,2.212799807969219,0.3262705292421084,pyin_probability_below_0.5,-0.23370106135013186,False,0.7000000000000017,0.04336198136061538
0.89,0.8473333333333334,0.9326666666666666,False,119.9011051661721,True,0.030106861794195014,-0.3999999999999989,0.0688868004726387,-23.237279721808992,0.8866666666666665,-0.0033333333333335213,117.5757309568778,True,0.9770477547363359,2.3253742092942957,0.3390558632233353,pyin_probability_below_0.5,-0.046486395331354055,False,0.9000000000000021,0.23057664737939165
0.9,0.8573333333333333,0.9426666666666667,False,121.29428889978496,True,0.056071395445892624,-0.19999999999999973,0.07759976391382423,-22.20279200037215,0.8966666666666665,-0.0033333333333335213,119.36770658303489,True,0.9727128970575039,1.9265823167500713,0.27718844021882977,pyin_probability_below_0.5,0.21538102767314712,False,1.099999999999998,0.4924440703838954
0.91,0.8673333333333333,0.9526666666666667,False,122.70366064862014,True,0.12793708630129036,0.0,0.0896507282263045,-20.948923566903535,0.9066666666666665,-0.0033333333333335213,120.78914071854915,True,0.975685636482524,1.9145199300709947,0.27225038094110454,pyin_probability_below_0.5,0.420319086950873,False,1.2999999999999994,0.6973821296616197
0.92,0.8773333333333333,0.9626666666666667,False,123.4144757235675,True,0.24075439447557426,0.100000000000004,0.09624352619061212,-20.33256947207773,0.9166666666666665,-0.0033333333333335213,122.28526941540558,True,0.9682804603837359,1.1292063081619261,0.1591319659033752,pyin_probability_below_0.5,0.6334375019886034,False,1.4000000000000004,0.9105005446993496
0.93,0.8873333333333333,0.9726666666666667,False,124.12940850835416,True,0.32333605839064083,0.20000000000000445,0.1023660654694203,-19.796879777725948,0.9266666666666665,-0.0033333333333335213,123.5502448194995,True,0.964674418412994,0.5791636888546634,0.08096504595062518,pyin_probability_below_0.5,0.8116044219413566,False,1.5000000000000004,1.0886674646521013
0.94,0.8973333333333333,0.9826666666666667,False,124.84848285663055,True,0.3721358982975088,0.3000000000000021,0.11047545243717145,-19.13468422336233,0.9366666666666665,-0.0033333333333334103,123.6471086103394,True,0.9668522425016824,1.2013742462911523,0.16739743294184162,pyin_probability_below_0.5,0.8251720349501388,False,1.6000000000000023,1.1022350776608847
0.95,0.9073333333333333,0.9926666666666667,False,125.57172276022992,True,0.48498680771591124,0.4000000000000011,0.1185204900905209,-18.524131227003956,0.9466666666666665,-0.0033333333333334103,124.34606520579456,True,0.9774031827279314,1.225657554435358,0.16980920965618831,pyin_probability_below_0.5,0.922760258235791,False,1.6999999999999993,1.1998233009465364
0.96,0.9173333333333333,1.0026666666666666,False,125.57172276022992,True,0.4849868077159113,0.4000000000000011,0.12177003060336018,-18.289191696314703,0.9566666666666666,-0.0033333333333334103,124.99479670627984,True,0.9867198604679072,0.5769260539500749,0.07972300493628146,pyin_probability_below_0.5,1.0128464629556984,False,1.6999999999999993,1.2899095056664414
0.97,0.9273333333333333,1.0126666666666666,False,126.29915234996876,True,0.4260623290432815,0.5000000000000008,0.12347013395686897,-18.16876161348389,0.9666666666666666,-0.0033333333333334103,125.59694558212254,True,0.9920987463393554,0.7022067678462207,0.09652292552976188,pyin_probability_below_0.5,1.096046542362216,False,1.800000000000001,1.3731095850729602
0.98,0.9373333333333334,1.0226666666666666,False,127.03079589645196,True,0.3233360583906409,0.6000000000000013,0.12434393129916839,-18.107508119034705,0.9766666666666666,-0.0033333333333334103,126.44714243388044,True,0.9805760141470904,0.5836534625715188,0.07972627043330378,pyin_probability_below_0.5,1.2128431974586735,False,1.9000000000000006,1.4899062401694196
0.99,0.9473333333333334,1.0326666666666666,False,127.76667781088264,True,0.27960516533635893,0.7000000000000017,0.12380921616105876,-18.14494051844765,0.9866666666666665,-0.0033333333333335213,127.3329885442576,True,0.9833195090973355,0.4336892666250378,0.05886470642465514,pyin_probability_below_0.5,1.3337047614673245,False,2.0000000000000004,1.6107678041780726
1.0,0.9573333333333334,1.0426666666666666,False,128.5068226458765,True,0.2407543944755743,0.8000000000000002,0.12141484426654123,-18.314564257153194,0.9966666666666665,-0.0033333333333335213,128.20508512029235,True,0.9727400448169153,0.30173752558414435,0.04069764611093421,pyin_probability_below_0.5,1.4518718217810418,False,2.100000000000002,1.7289348644917895
1.01,0.9673333333333334,1.0526666666666666,False,128.5068226458765,True,0.27960516533635893,0.8000000000000002,0.11757959094728196,-18.593361100602845,1.0066666666666664,-0.0033333333333336324,129.6931960077075,True,0.9398683000938076,1.1863733618310164,-0.15909405613042854,pyin_probability_below_0.5,1.6516635240224076,False,2.100000000000002,1.9287265667331535
1.02,0.9773333333333334,1.0626666666666666,False,129.25125509628117,True,0.27960516533635893,0.9000000000000021,0.11319056369713626,-18.923795545124936,1.0166666666666664,-0.0033333333333336324,130.96037621377297,True,0.921695992462027,1.7091211174918044,-0.2274249777992432,pyin_probability_below_0.5,1.8199944456912251,False,2.200000000000003,2.09705748840197
1.03,0.9873333333333333,1.0726666666666667,False,129.25125509628117,True,0.2407543944755743,0.9000000000000021,0.10981007351007174,-19.187156354519008,1.0266666666666664,-0.0033333333333336324,131.0143704424752,True,0.8798426622644642,1.7631153461940414,-0.23456128766873344,pyin_probability_below_0.5,1.827130755560713,False,2.200000000000003,2.104193798271459
1.04,0.9973333333333333,1.0826666666666667,False,129.25125509628117,True,0.2065067991177523,0.9000000000000021,0.10488385482163762,-19.585827185894008,1.0366666666666664,-0.0033333333333336324,130.31313012513579,True,0.8528343356701507,1.0618750288546153,-0.14164997713563207,pyin_probability_below_0.5,1.7342194450276116,False,2.200000000000003,2.011282487738357
1.05,1.0073333333333334,1.0926666666666667,False,129.25125509628117,True,0.12793708630129033,0.9000000000000021,0.09493182879493456,-20.45176305336279,1.0466666666666664,-0.0033333333333336324,127.77899395912321,True,0.8948283466099326,1.4722611371579575,0.19833124661777962,pyin_probability_below_0.5,1.3942382212742035,False,2.200000000000003,1.6713012639849474
1.06,1.0173333333333334,1.1026666666666667,False,127.76667781088264,True,0.09203757081218103,0.7000000000000017,0.09029707406668476,-20.886526441632604,1.0566666666666664,-0.0033333333333336324,126.24066044443947,True,0.936622307751006,1.5260173664431704,0.20801958147805494,pyin_probability_below_0.5,1.1845498864139237,False,2.0000000000000004,1.461612929124669
1.07,1.0273333333333334,1.1126666666666667,False,126.29915234996876,True,0.07797523762294818,0.5000000000000008,0.08522886763933277,-21.38826563212332,1.0666666666666664,-0.0033333333333336324,125.36110776483962,True,0.9008079385901537,0.9380445851291483,0.129061477218682,pyin_probability_below_0.5,1.0635079906732956,False,1.800000000000001,1.3405710333840413
1.08,1.0373333333333334,1.1226666666666667,False,124.84848285663055,True,0.10857977072874497,0.3000000000000021,0.07917071186045024,-22.028709002007695,1.0766666666666664,-0.0033333333333336324,123.79898593660211,True,0.9043097466131137,1.0494969200284459,0.14614551284128477,pyin_probability_below_0.5,0.8464239550506969,False,1.6000000000000023,1.1234869977614428
1.09,1.0473333333333332,1.1326666666666667,False,123.4144757235675,True,0.07797523762294818,0.100000000000004,0.07174960440663039,-22.883609781633023,1.0866666666666664,-0.0033333333333336324,120.68925802603898,True,0.9262538526417498,2.725217697528521,0.38657218603395693,pyin_probability_below_0.5,0.4059972818580224,False,1.4000000000000004,0.6830603245687686
1.1,1.0573333333333332,1.1426666666666667,False,121.9969395672486,True,0.02031762855636058,-0.09999999999999873,0.06882343700206672,-23.24527285523764,1.0966666666666665,-0.0033333333333336324,117.89186479137472,True,0.8586457524994635,4.105074775873888,0.5925694678919785,pyin_probability_below_0.5,0.0,False,1.1999999999999993,0.27706304271074483
1.11,1.0673333333333332,1.1526666666666667,False,118.52392351256819,True,0.015085587297504338,-0.5999999999999971,0.06612187986049188,-23.593096156629816,1.1066666666666665,-0.0033333333333336324,116.84888480224608,True,0.771054840827724,1.675038710322113,0.246411896599415,pyin_probability_below_0.5,-0.15384242870743603,False,0.7000000000000017,0.12322061400330858
1.12,1.0773333333333333,1.1626666666666667,False,114.4865635674993,True,0.020317628556360583,-1.199999999999998,0.06095220579023457,-24.300211462866663,1.1166666666666665,-0.0033333333333336324,115.53252671522847,True,0.7149156704381001,1.045963147729168,-0.15744949643393957,pyin_probability_below_0.5,-0.34998103567408223,False,0.10000000000000017,-0.07291799296333551
1.13,1.0873333333333333,1.1726666666666667,False,111.2273533387383,True,0.030106861794195014,-1.699999999999997,0.06155773965909949,-24.214346708456006,1.1266666666666665,-0.0033333333333334103,110.53598167878687,True,0.824641173071158,0.6913716599514288,0.1079466121876852,pyin_probability_below_0.5,-1.1153771442957041,False,-0.3999999999999969,-0.8383141015849584
1.14,1.0973333333333333,1.1826666666666668,False,109.9497982220883,True,0.07797523762294818,-1.8999999999999986,0.0627755235511283,-24.044193131227807,1.1366666666666665,-0.0033333333333334103,110.49869127599257,True,0.851081403876412,0.5488930539042656,-0.08621191373312462,pyin_probability_below_0.5,-1.1212186183748976,False,-0.5999999999999991,-0.8441555756641506
1.15,1.1073333333333333,1.1926666666666668,False,109.31653398298289,True,0.12793708630129036,-1.9999999999999987,0.06389471273376321,-23.890701561575195,1.1466666666666665,-0.0033333333333334103,109.54882204970424,True,0.8872489803239085,0.2322880667213525,-0.03674817875100036,pyin_probability_below_0.5,-1.2706823533570226,False,-0.7000000000000002,-0.9936193106462767
1.16,1.1173333333333333,1.2026666666666668,False,108.06092649856241,True,0.24075439447557428,-2.1999999999999975,0.06277912150365098,-24.043695317410887,1.1566666666666665,-0.0033333333333334103,108.07775794280609,True,0.9786465634513214,0.016831444243678106,-0.002696340037771779,pyin_probability_below_0.5,-1.5047341920702508,False,-0.9000000000000006,-1.2276711493595036
1.17,1.1273333333333333,1.2126666666666666,False,108.06092649856241,True,0.3233360583906408,-2.1999999999999975,0.06246407723403966,-24.087393427267457,1.1666666666666665,-0.0033333333333334103,107.69372714824775,True,0.9578937207221255,0.3671993503146638,0.05892884543679747,pyin_probability_below_0.5,-1.5663593775448188,False,-0.9000000000000006,-1.2892963348340731
1.18,1.1373333333333333,1.2226666666666666,False,107.43854136004751,True,0.3721358982975087,-2.3,0.060914665160158525,-24.30556277413863,1.1766666666666665,-0.0033333333333334103,106.38220958106746,True,0.946145128429098,1.0563317789800521,0.17105658947997693,pyin_probability_below_0.5,-1.7784871215880012,False,-1.0000000000000013,-1.5014240788772546
1.19,1.1473333333333333,1.2326666666666666,False,106.81974089615274,True,0.48498680771591135,-2.399999999999998,0.05542752146104758,-25.12549082427445,1.1866666666666663,-0.0033333333333336324,104.51930264552203,True,0.9464048223292364,2.3004382506307053,0.37690662962836674,pyin_probability_below_0.5,-2.084337161736389,False,-1.0999999999999999,-1.8072741190256418
1.2,1.1573333333333333,1.2426666666666666,False,105.59281152631061,True,0.4260623290432815,-2.6000000000000005,0.04939196858983415,-26.126873280913895,1.1966666666666663,-0.0033333333333336324,104.05630428121057,True,0.9306597302730352,1.53650724510004,0.2537669932488813,pyin_probability_below_0.5,-2.1611975253569025,False,-1.3000000000000005,-1.8841344826461568
1.21,1.1673333333333333,1.2526666666666666,False,104.37997464223893,True,0.48498680771591124,-2.8,0.04352315586096698,-27.225592430116492,1.2066666666666663,-0.0033333333333336324,102.01419481542484,True,0.8279089636320571,2.365779826814091,0.39690055092020826,pyin_probability_below_0.5,-2.5043310830282333,False,-1.5000000000000004,-2.2272680403174876
1.22,1.1773333333333333,1.2626666666666666,False,104.37997464223893,True,0.3721358982975087,-2.8,0.0353364030432073,-29.035553204106588,1.2166666666666663,-0.0033333333333336324,101.84174163196728,True,0.8343882871957847,2.5382330102716537,0.42619151977739256,pyin_probability_below_0.5,-2.5336220518854167,False,-1.5000000000000004,-2.256559009174671
1.23,1.1873333333333334,1.2726666666666666,False,103.18106837793296,True,0.1765306086328976,-2.9999999999999987,0.027549739364803545,-31.19765010899386,1.2266666666666663,-0.0033333333333336324,103.98441092013913,True,0.7781887480898386,0.8033425422061669,-0.1342676335862738,pyin_probability_below_0.5,-2.1731628985217504,False,-1.7000000000000013,-1.8960998558110038
1.24,1.1973333333333334,1.2826666666666666,False,102.5867891540234,True,0.047686993082531035,-3.0999999999999983,0.02069214408040419,-33.683890124777136,1.2366666666666664,-0.0033333333333336324,,False,0.0,,,pyin_probability_below_0.5|voicing_disagreement,,False,-1.799999999999999,
1.25,1.2073333333333334,1.2926666666666666,False,104.37997464223893,True,0.056071395445892624,-2.8,0.015143982975350271,-36.39519774543299,1.2466666666666664,-0.0033333333333336324,,False,0.0,,,pyin_probability_below_0.5|voicing_disagreement,,False,-1.5000000000000004,
1.26,1.2173333333333334,1.3026666666666666,False,104.98464168400547,True,0.026168028608935755,-2.699999999999999,0.012465549905015201,-38.08577116559336,1.2566666666666664,-0.0033333333333336324,,False,0.0,,,pyin_probability_below_0.5|voicing_disagreement,,False,-1.3999999999999984,
1.27,1.2273333333333334,1.3126666666666666,False,107.43854136004751,True,0.010140046044704068,-2.3,0.011492386827393935,-38.79179528643289,1.2666666666666664,-0.0033333333333336324,,False,0.0,,,pyin_probability_below_0.5|voicing_disagreement,,False,-1.0000000000000013,
1.28,1.2373333333333334,1.3226666666666667,False,107.43854136004751,True,0.010000802780927255,-2.3,0.015049805357196034,-36.449382337405865,1.2766666666666664,-0.0033333333333336324,,False,0.0,,,pyin_probability_below_0.5|voicing_disagreement,,False,-1.0000000000000013,
1.29,1.2473333333333334,1.3326666666666667,False,,False,0.010000000208892742,,0.02456814890657507,-32.19255128630798,1.2866666666666664,-0.0033333333333336324,,False,0.0,,,,,False,,
1.3,1.2573333333333334,1.3426666666666667,False,127.03079589645196,True,0.010018764509769138,0.6000000000000013,0.040756097564622056,-27.79614813574976,1.2966666666666664,-0.0033333333333336324,,False,0.0,,,pyin_probability_below_0.5|voicing_disagreement,,False,1.9000000000000006,
1.31,1.2673333333333334,1.3526666666666667,False,133.03860595958074,True,0.010259050559778863,1.4000000000000004,0.06227897559906316,-24.113170791485228,1.3066666666666664,-0.0033333333333336324,,False,0.0,,,pyin_probability_below_0.5|voicing_disagreement,,False,2.7,
1.32,1.2773333333333334,1.3626666666666667,False,135.36407982952485,True,0.020317628556360583,1.700000000000006,0.08561689515633139,-21.348810512730264,1.3166666666666664,-0.0033333333333336324,,False,0.0,,,pyin_probability_below_0.5|voicing_disagreement,,False,3.0000000000000027,
1.33,1.2873333333333334,1.3726666666666667,False,134.5844400993791,True,0.07797523762294817,1.6000000000000023,0.09679230750290337,-20.283183131061833,1.3266666666666664,-0.0033333333333336324,131.8104328922414,True,0.6503850818019151,2.774007207137686,0.36056469623929893,pyin_probability_below_0.5,1.932004771652685,False,2.9000000000000035,2.2090678143634297
1.34,1.2973333333333332,1.3826666666666667,False,133.80929076365396,True,0.1279370863012904,1.5000000000000004,0.10396010575297923,-19.662665747731396,1.3366666666666664,-0.0033333333333336324,131.55856450160226,True,0.8238525841546938,2.2507262620516997,0.2936774218071524,pyin_probability_below_0.5,1.898892046084827,False,2.8000000000000003,2.175955088795572
1.35,1.3073333333333332,1.3926666666666667,False,133.80929076365396,True,0.15046460134333883,1.5000000000000004,0.11305529984655208,-18.934181476604742,1.3466666666666665,-0.0033333333333336324,134.91574011076182,True,0.871059048835823,1.106449347107855,-0.14256458371472303,pyin_probability_below_0.5,2.3351340516066994,False,2.8000000000000003,2.6121970943174455
1.36,1.3173333333333332,1.4026666666666667,False,133.03860595958074,True,0.17653060863289763,1.4000000000000004,0.12340631271604048,-18.17325247742997,1.3566666666666665,-0.0033333333333336324,135.52046112457586,True,0.8893670837079223,2.4818551649951246,-0.3199887857573553,pyin_probability_below_0.5,2.412558253649334,False,2.7,2.6896212963600785
1.37,1.3273333333333333,1.4126666666666667,False,133.03860595958074,True,0.2407543944755743,1.4000000000000004,0.1307242992808962,-17.672873548658927,1.3666666666666665,-0.0033333333333336324,133.99254275138608,True,0.9226011259665513,0.9539367918053472,-0.12369305139354986,pyin_probability_below_0.5,2.2162625192855288,False,2.7,2.493325561996275
1.38,1.3373333333333333,1.4226666666666667,False,132.2723599733492,True,0.24075439447557428,1.2999999999999994,0.13818395730757865,-17.190847483261752,1.3766666666666665,-0.0033333333333334103,132.83118691365956,True,0.950033186350062,0.5588269403103538,-0.07298745497221415,pyin_probability_below_0.5,2.0655569228641912,False,2.5999999999999974,2.3426199655749365
1.39,1.3473333333333333,1.4326666666666668,False,131.51052723924994,True,0.24075439447557428,1.200000000000003,0.1449886636556904,-16.773319059334302,1.3866666666666665,-0.0033333333333334103,132.3711910586905,True,0.946571040918392,0.8606638194405605,-0.11293058132993507,pyin_probability_below_0.5,2.005500049221915,False,2.500000000000002,2.28256309193266
1.4,1.3573333333333333,1.4426666666666668,False,130.75308233882095,True,0.32333605839064083,1.1000000000000019,0.1392638844250552,-17.123229908206696,1.3966666666666665,-0.0033333333333334103,131.72647064418402,True,0.9723914664563753,0.9733883053630734,-0.12840396009378516,pyin_probability_below_0.5,1.9209734279857642,False,2.4000000000000012,2.1980364706965103
1.41,1.3673333333333333,1.4526666666666668,False,130.75308233882095,True,0.37213589829750865,1.1000000000000019,0.13462664700805785,-17.4173794109807,1.4066666666666665,-0.0033333333333334103,131.08307701135155,True,0.9838535879146743,0.3299946725306029,-0.04363784719370625,pyin_probability_below_0.5,1.8362073150856832,False,2.4000000000000012,2.11327035779643
1.42,1.3773333333333333,1.4626666666666666,False,130.0,True,0.42606232904328145,1.0000000000000009,0.1286497071020528,-17.81182396429337,1.4166666666666665,-0.0033333333333334103,130.065122121048,True,0.9750593257455334,0.06512212104800597,-0.0086702618746172,pyin_probability_below_0.5,1.7012397297665949,False,2.3000000000000003,1.9783027724773405
1.43,1.3873333333333333,1.4726666666666666,False,130.0,True,0.48498680771591124,1.0000000000000009,0.12047389497735814,-18.38214096975054,1.4266666666666665,-0.0033333333333334103,129.07440044773762,True,0.9577497416865085,0.9255995522623834,0.12370471771259907,pyin_probability_below_0.5,1.568864750179378,False,2.3000000000000003,1.845927792890126
1.44,1.3973333333333333,1.4826666666666666,False,129.25125509628117,True,0.4260623290432814,0.9000000000000021,0.11374048893623859,-18.881698183563078,1.4366666666666663,-0.0033333333333336324,128.04632490989798,True,0.9015490116518912,1.2049301863831943,0.162149322572402,pyin_probability_below_0.5,1.430420145319579,False,2.200000000000003,1.707483188030324
1.45,1.4073333333333333,1.4926666666666666,False,129.25125509628117,True,0.42606232904328145,0.9000000000000021,0.10459836108223933,-19.609502404693437,1.4466666666666663,-0.0033333333333336324,126.49765268671128,True,0.794579545851785,2.7536024095698934,0.3728121079459284,pyin_probability_below_0.5,1.2197573599460503,False,2.200000000000003,1.496820402656797
1.46,1.4173333333333333,1.5026666666666666,False,128.5068226458765,True,0.37213589829750876,0.8000000000000002,0.0892573943453231,-20.987115909839265,1.4566666666666663,-0.0033333333333336324,126.60009469122913,True,0.6381048487847412,1.9067279546473657,0.25879767298566997,pyin_probability_below_0.5,1.2337717949063096,False,2.100000000000002,1.510834837617054
1.47,1.4273333333333333,1.5126666666666666,False,127.76667781088264,True,0.20650679911775227,0.7000000000000017,0.07356116219793538,-22.66702835861857,1.4666666666666663,-0.0033333333333336324,129.4471988722884,True,0.793170820147856,1.6805210614057557,-0.22622548348412563,pyin_probability_below_0.5,1.6187949513761049,False,2.0000000000000004,1.8958579940868518
1.48,1.4373333333333334,1.5226666666666666,False,126.29915234996876,True,0.0779752376229482,0.5000000000000008,0.05595019571682934,-25.043967798944852,1.4766666666666663,-0.0033333333333336324,127.45327830871871,True,0.8352236860183535,1.154125958749944,-0.15748230898040055,pyin_probability_below_0.5,1.3500517768723799,False,1.800000000000001,1.6271148195831233
1.49,1.4473333333333334,1.5326666666666666,False,128.5068226458765,True,0.0229442191246386,0.8000000000000002,0.0320835525240463,-29.87435098969659,1.4866666666666664,-0.0033333333333336324,126.7266503459665,True,0.9051252262630278,1.7801722999099923,0.24150005391444204,pyin_probability_below_0.5,1.2510694139775376,False,2.100000000000002,1.5281324566882835
1.5,1.4573333333333334,1.5426666666666666,False,127.76667781088264,True,0.010140046044704068,0.7000000000000017,0.030452946824797517,-30.32741351689383,1.4966666666666664,-0.0033333333333336324,127.40069763030901,True,0.9393991564797185,0.36598018057362935,0.04966134744026904,pyin_probability_below_0.5,1.3429081204517097,False,2.0000000000000004,1.619971163162456
1.51,1.4673333333333334,1.5526666666666666,False,133.80929076365396,True,0.010000001546554296,1.5000000000000004,0.07413415840976315,-22.599632766009414,1.5066666666666664,-0.0033333333333336324,126.929127220905,True,0.9413468572338274,6.88016354274896,0.9138614219182986,pyin_probability_below_0.5,1.2787080459736813,False,2.8000000000000003,1.5557710886844263
1.52,1.4773333333333334,1.5626666666666666,False,137.7302022667084,True,0.01000032860450166,2.000000000000004,0.09204575721317787,-20.71992450417081,1.5166666666666664,-0.0033333333333336324,127.48349799414433,True,0.7775584311170093,10.246704272564074,1.3384133519466244,pyin_probability_below_0.5|pitch_difference_over_1_semitone,1.3541561159453588,False,3.3000000000000034,1.6312191586561025
1.53,1.4873333333333334,1.5726666666666667,False,136.93693467412865,True,0.010037765502929686,1.9000000000000006,0.11011974741493455,-19.162695868644605,1.5266666666666664,-0.0033333333333336324,,False,0.0,,,pyin_probability_below_0.5|voicing_disagreement,,False,3.2,
1.54,1.4973333333333334,1.5826666666666667,False,136.93693467412865,True,0.011422334250709074,1.9000000000000006,0.13326097286642616,-17.50594041013474,1.5366666666666664,-0.0033333333333336324,,False,0.0,,,pyin_probability_below_0.5|voicing_disagreement,,False,3.2,
1.55,1.5073333333333334,1.5926666666666667,False,136.14823596668148,True,0.01646758759311301,1.8000000000000043,0.14718416511263385,-16.642778225802534,1.5466666666666664,-0.0033333333333336324,,False,0.0,,,pyin_probability_below_0.5|voicing_disagreement,,False,3.1000000000000023,
1.56,1.5173333333333334,1.6026666666666667,False,135.36407982952485,True,0.015085587297504338,1.700000000000006,0.15499618260255885,-16.19357995853735,1.5566666666666664,-0.0033333333333336324,137.5131441633135,True,0.7188140023976545,2.149064333788658,-0.27269481991150574,pyin_probability_below_0.5,2.665264287803486,False,3.0000000000000027,2.942327330514232
1.57,1.5273333333333334,1.6126666666666667,False,135.36407982952485,True,0.013980210380185928,1.700000000000006,0.16426917985453948,-15.688878223042348,1.5666666666666664,-0.0033333333333336324,136.91411718870907,True,0.8853623347316253,1.5500373591842163,-0.1971150442917607,pyin_probability_below_0.5,2.5896845121837417,False,3.0000000000000027,2.866747554894488
1.58,1.5373333333333334,1.6226666666666667,False,135.36407982952485,True,0.020317628556360583,1.700000000000006,0.16957677366079513,-15.412672636128011,1.5766666666666664,-0.0033333333333336324,135.5703976977101,True,0.8685056358434987,0.20631786818523778,-0.026366861141897922,pyin_probability_below_0.5,2.4189363290338806,False,3.0000000000000027,2.6959993717446267
1.59,1.5473333333333332,1.6326666666666667,False,135.36407982952485,True,0.01818737573491218,1.700000000000006,0.1644017792686642,-15.681869730763507,1.5866666666666664,-0.0033333333333336324,134.06552622300137,True,0.9257504469126662,1.298553606523484,0.16687977674887677,pyin_probability_below_0.5,2.2256896911431063,False,3.0000000000000027,2.5027527338538533
1.6,1.5573333333333332,1.6426666666666667,False,135.36407982952485,True,0.03010686179419501,1.700000000000006,0.16344766302975752,-15.732425691398324,1.5966666666666665,-0.0033333333333336324,133.40578107432358,True,0.8602483195965545,1.9582987552012696,0.2522852427049467,pyin_probability_below_0.5,2.1402842251870347,False,3.0000000000000027,2.41734726789778
1.61,1.5673333333333332,1.6526666666666667,False,134.5844400993791,True,0.0229442191246386,1.6000000000000023,0.15363082602407965,-16.270432687527787,1.6066666666666665,-0.0033333333333336324,134.58505832249367,True,0.47681156388247864,0.0006182231145714923,-7.952527401120279e-05,pyin_probability_below_0.5,2.292648993165993,False,2.9000000000000035,2.569712035876739
1.62,1.5773333333333333,1.6626666666666667,False,134.5844400993791,True,0.016467587593113005,1.6000000000000023,0.13840580373124167,-17.176913967006367,1.6166666666666665,-0.0033333333333336324,137.41844307318954,True,0.513350274313716,2.834002973810442,-0.36076823411331305,pyin_probability_below_0.5,2.6533377020052944,False,2.9000000000000035,2.9304007447160405
1.63,1.5873333333333333,1.6726666666666667,False,134.5844400993791,True,0.011085791888943373,1.6000000000000023,0.12494573580488542,-18.06557122100418,1.6266666666666665,-0.0033333333333334103,139.25581032763895,True,0.7078283233714349,4.67137022825986,-0.5907108091672615,pyin_probability_below_0.5,2.8832802770592423,False,2.9000000000000035,3.1603433197699866
1.64,1.5973333333333333,1.6826666666666668,False,137.7302022667084,True,0.0229442191246386,2.000000000000004,0.1092506887140566,-19.231516331311614,1.6366666666666665,-0.0033333333333334103,138.51364284987022,True,0.8586031908595513,0.7834405831618199,-0.09819749278402229,pyin_probability_below_0.5,2.7907669606760037,False,3.3000000000000034,3.067830003386751
1.65,1.6073333333333333,1.6926666666666668,False,137.7302022667084,True,0.020317628556360587,2.000000000000004,0.09415559062573116,-20.52307776024922,1.6466666666666665,-0.0033333333333334103,137.27319180782973,True,0.8218939448064198,0.45701045887867053,0.05754058404978377,pyin_probability_below_0.5,2.635028883842197,False,3.3000000000000034,2.912091926552943
1.66,1.6173333333333333,1.7026666666666668,False,139.33055012971812,True,0.05607139544589262,2.200000000000003,0.08663258486820113,-21.246374546084645,1.6566666666666665,-0.0033333333333334103,135.875918621707,True,0.6113601434759451,3.4546315080111185,0.4346620113917471,pyin_probability_below_0.5,2.457907456500232,False,3.500000000000001,2.734970499210978
1.67,1.6273333333333333,1.7126666666666666,False,137.7302022667084,True,0.07797523762294818,2.000000000000004,0.07084377509403751,-22.993966087181377,1.6666666666666665,-0.0033333333333334103,136.73091215073782,True,0.39026630196407575,0.9992901159705809,0.1260661439688368,pyin_probability_below_0.5,2.5665033239231434,False,3.3000000000000034,2.8435663666338877
1.68,1.6373333333333333,1.7226666666666666,False,136.93693467412865,True,0.04768699308253104,1.9000000000000006,0.05831810254554108,-24.683932295793014,1.6766666666666665,-0.0033333333333334103,135.71658679492555,True,0.6807570583911889,1.2203478792031035,0.15497484843752513,pyin_probability_below_0.5,2.4375946194544493,False,3.2,2.714657662165197
1.69,1.6473333333333333,1.7326666666666666,False,135.36407982952485,True,0.010622609040911534,1.700000000000006,0.04084125390445098,-27.77801865421761,1.6866666666666665,-0.0033333333333334103,136.52728164295348,True,0.7196554317772406,1.1632018134286284,-0.14813172882932482,pyin_probability_below_0.5,2.5407011967213045,False,3.0000000000000027,2.8177642394320523
1.7,1.6573333333333333,1.7426666666666666,False,136.14823596668148,True,0.013100262550513395,1.8000000000000043,0.018819086695109375,-34.50802914091577,1.6966666666666663,-0.0033333333333336324,,False,0.0,,,pyin_probability_below_0.5|voicing_disagreement,,False,3.1000000000000023,
1.71,1.6673333333333333,1.7526666666666666,False,136.14823596668148,True,0.010000002871100368,1.8000000000000043,0.02199772585438697,-33.1524442925932,1.7066666666666663,-0.0033333333333336324,,False,0.0,,,pyin_probability_below_0.5|voicing_disagreement,,False,3.1000000000000023,
1.72,1.6773333333333333,1.7626666666666666,False,140.13768379557115,True,0.010000000000221911,2.3000000000000003,0.030644108213026506,-30.27306025425637,1.7166666666666663,-0.0033333333333336324,,False,0.0,,,pyin_probability_below_0.5|voicing_disagreement,,False,3.599999999999997,
1.73,1.6873333333333334,1.7726666666666666,False,127.76667781088264,True,0.010000000000221913,0.7000000000000017,0.03598188469503815,-28.878321849704665,1.7266666666666663,-0.0033333333333336324,,False,0.0,,,pyin_probability_below_0.5|voicing_disagreement,,False,2.0000000000000004,
1.74,1.6973333333333334,1.7826666666666666,False,130.0,True,0.010000000000613858,1.0000000000000009,0.038994277802155225,-28.179982372946046,1.7366666666666664,-0.0033333333333336324,,False,0.0,,,pyin_probability_below_0.5|voicing_disagreement,,False,2.3000000000000003,
1.75,1.7073333333333334,1.7926666666666666,False,130.0,True,0.010000000000221913,1.0000000000000009,0.04067222777935228,-27.814040778226484,1.7466666666666664,-0.0033333333333336324,,False,0.0,,,pyin_probability_below_0.5|voicing_disagreement,,False,2.3000000000000003,
1.76,1.7173333333333334,1.8026666666666666,False,130.0,True,0.010000000000075398,1.0000000000000009,0.041224393793331184,-27.69691443914946,1.7566666666666664,-0.0033333333333336324,,False,0.0,,,pyin_probability_below_0.5|voicing_disagreement,,False,2.3000000000000003,
1.77,1.7273333333333334,1.8126666666666666,False,130.0,True,0.01000000000002385,1.0000000000000009,0.04131991424894503,-27.676811768822127,1.7666666666666664,-0.0033333333333336324,,False,0.0,,,pyin_probability_below_0.5|voicing_disagreement,,False,2.3000000000000003,
1.78,1.7373333333333334,1.8226666666666667,False,130.0,True,0.010000000000075398,1.0000000000000009,0.04153484324552074,-27.631748484874766,1.7766666666666664,-0.0033333333333336324,,False,0.0,,,pyin_probability_below_0.5|voicing_disagreement,,False,2.3000000000000003,
1.79,1.7473333333333334,1.8326666666666667,False,130.0,True,0.01000000000061386,1.0000000000000009,0.04811228325981265,-26.354880646771953,1.7866666666666664,-0.0033333333333336324,,False,0.0,,,pyin_probability_below_0.5|voicing_disagreement,,False,2.3000000000000003,
1.8,1.7573333333333334,1.8426666666666667,False,133.80929076365396,True,0.010000016226422836,1.5000000000000004,0.05891275885619411,-24.595812779716905,1.7966666666666664,-0.0033333333333336324,,False,0.0,,,pyin_probability_below_0.5|voicing_disagreement,,False,2.8000000000000003,
1.81,1.7673333333333334,1.8526666666666667,False,141.7660052464835,True,0.010006178555334078,2.500000000000002,0.06297669273709164,-24.01640300728434,1.8066666666666664,-0.0033333333333336324,,False,0.0,,,pyin_probability_below_0.5|voicing_disagreement,,False,3.8000000000000007,
1.82,1.7773333333333334,1.8626666666666667,False,140.13768379557115,True,0.012403124793551348,2.3000000000000003,0.07316368613888516,-22.714088439678108,1.8166666666666664,-0.0033333333333336324,,False,0.0,,,pyin_probability_below_0.5|voicing_disagreement,,False,3.599999999999997,
1.83,1.7873333333333334,1.8726666666666667,False,139.33055012971812,True,0.0229442191246386,2.200000000000003,0.08092170016645532,-21.83870002540153,1.8266666666666664,-0.0033333333333336324,,False,0.0,,,pyin_probability_below_0.5|voicing_disagreement,,False,3.500000000000001,
1.84,1.7973333333333332,1.8826666666666667,False,139.33055012971812,True,0.04768699308253104,2.200000000000003,0.0878961564422399,-21.120602310224687,1.8366666666666664,-0.0033333333333336324,134.75371876932527,True,0.6664545819911181,4.576831360392845,0.5782384317907338,pyin_probability_below_0.5,2.3143310361012484,False,3.500000000000001,2.591394078811993
1.85,1.8073333333333332,1.8926666666666667,False,140.13768379557115,True,0.09203757081218102,2.3000000000000003,0.09812333138438006,-20.164554309742535,1.8466666666666665,-0.0033333333333336324,139.76839177377843,True,0.8973729856300923,0.3692920217927167,0.045681844656630936,pyin_probability_below_0.5,2.9468876232353454,False,3.599999999999997,3.2239506659460924
1.86,1.8173333333333332,1.9026666666666667,False,140.13768379557115,True,0.10857977072874496,2.3000000000000003,0.1046632791879941,-19.604113251483525,1.8566666666666665,-0.0033333333333336324,139.23376864673017,True,0.9626700144852459,0.90391514884098,0.1120296386949596,pyin_probability_below_0.5,2.880539829197015,False,3.599999999999997,3.157602871907762
1.87,1.8273333333333333,1.9126666666666667,False,140.13768379557115,True,0.2796051653363589,2.3000000000000003,0.11245110796752972,-18.980725223097217,1.8666666666666665,-0.0033333333333336324,139.32509171576038,True,0.9836360405680225,0.81259207981077,0.10067824157703237,pyin_probability_below_0.5,2.8918912263149457,False,3.599999999999997,3.1689542690256887
1.88,1.8373333333333333,1.9226666666666667,False,140.13768379557115,True,0.4849868077159113,2.3000000000000003,0.1135841934776901,-18.89364202796555,1.8766666666666665,-0.0033333333333334103,139.84435329573108,True,0.9648964377382712,0.2933304998400672,0.03627546538547996,pyin_probability_below_0.5,2.956294002506497,False,3.599999999999997,3.2333570452172435
1.89,1.8473333333333333,1.9326666666666668,False,140.13768379557115,True,0.48498680771591124,2.3000000000000003,0.11241697655744583,-18.983361983792562,1.8866666666666665,-0.0033333333333334103,140.44018008827192,True,0.9857023237823247,0.3024962927007664,-0.03732953678481937,pyin_probability_below_0.5,3.0298990046767975,False,3.599999999999997,3.3069620473875423
1.9,1.8573333333333333,1.9426666666666668,False,140.9494931391844,True,0.615949885458068,2.4000000000000012,0.10884408365497106,-19.263903451121983,1.8966666666666665,-0.0033333333333334103,140.74853913230942,True,0.9854023637175368,0.20095400687498,0.024700099976370783,,3.0678693679156095,True,3.7000000000000015,3.344932410626356
1.91,1.8673333333333333,1.9526666666666668,False,140.9494931391844,True,0.6860828109301794,2.4000000000000012,0.1070799606986213,-19.405835937669046,1.9066666666666665,-0.0033333333333334103,141.06140855553235,True,0.9777654160674499,0.11191541634795499,-0.013740730475590336,,3.106310198367571,True,3.7000000000000015,3.3833732410783144
1.92,1.8773333333333333,1.9626666666666666,False,140.9494931391844,True,0.7571601330199094,2.4000000000000012,0.1027993978197314,-19.760188587035433,1.9166666666666665,-0.0033333333333334103,141.1989762126412,True,0.9657734366429797,0.24948307345681542,-0.03061605862979125,,3.1231855265217714,True,3.7000000000000015,3.400248569232515
1.93,1.8873333333333333,1.9726666666666666,False,140.9494931391844,True,0.7571601330199095,2.4000000000000012,0.09921303488895865,-20.06862530521222,1.9266666666666665,-0.0033333333333334103,141.35346512922595,True,0.9537666563163447,0.4039719900415548,-0.049547517722954126,,3.142116985614933,True,3.7000000000000015,3.4191800283256804
1.94,1.8973333333333333,1.9826666666666666,False,140.9494931391844,True,0.7571601330199094,2.4000000000000012,0.09527872348567312,-20.42008140053957,1.9366666666666665,-0.0033333333333334103,141.54916797287214,True,0.9753245439510865,0.5996748336877431,-0.0734997501040342,,3.1660692179960135,True,3.7000000000000015,3.4431322607067587
1.95,1.9073333333333333,1.9926666666666666,False,140.9494931391844,True,0.7571601330199094,2.4000000000000012,0.08836816775962228,-21.07408299295271,1.9466666666666663,-0.0033333333333336324,142.00621047491492,True,0.9880105656840816,1.056717335730525,-0.1293088291599264,,3.2218782970519078,True,3.7000000000000015,3.498941339762653
1.96,1.9173333333333333,2.002666666666667,False,141.7660052464835,True,0.7571601330199093,2.500000000000002,0.08309891026751595,-21.608093427544656,1.9566666666666663,-0.0033333333333336324,141.64969522417402,True,0.9889196357993919,0.11631002230947729,0.014209507930550203,,3.178359959961428,True,3.8000000000000007,3.4554230026721733
1.97,1.9273333333333333,2.0126666666666666,False,140.9494931391844,True,0.6860828109301793,2.4000000000000012,0.07337423161790461,-22.689128673892046,1.9666666666666663,-0.0033333333333336324,140.9850626057273,True,0.9876645812075708,0.03556946654290982,-0.0043683238296368335,,3.0969377917216185,True,3.7000000000000015,3.374000834432362
1.98,1.9373333333333334,2.022666666666667,False,140.9494931391844,True,0.6159498854580681,2.4000000000000012,0.07051222012145862,-23.034712221472773,1.9766666666666663,-0.0033333333333336324,140.08154800199384,True,0.9800467162944698,0.86794513719056,0.10693629754739495,,2.9856331703445833,True,3.7000000000000015,3.26269621305533
1.99,1.9473333333333334,2.0326666666666666,False,140.13768379557115,True,0.5485250542599845,2.3000000000000003,0.06603152549893819,-23.604973385717123,1.9866666666666664,-0.0033333333333336324,138.3362152483479,True,0.9667856382247438,1.8014685472232372,0.22399278386367927,,2.7685766840282957,True,3.599999999999997,3.0456397267390436
2.0,1.9573333333333334,2.042666666666667,False,136.14823596668148,True,0.5485250542599847,1.8000000000000043,0.06031474327763047,-24.391530327182377,1.9966666666666664,-0.0033333333333336324,134.4366098509032,True,0.9476022032233774,1.711626115778273,0.21902667359681144,,2.273542794295168,True,3.1000000000000023,2.550605837005911
2.01,1.9673333333333334,2.0526666666666666,False,135.36407982952485,True,0.48498680771591135,1.700000000000006,0.055189578266052385,-25.16285849210516,2.0066666666666664,-0.0033333333333334103,131.32968235612066,True,0.9584612746865188,4.034397473404198,0.5238232094822768,pyin_probability_below_0.5,1.868746258409705,False,3.0000000000000027,2.1458093011204515
2.02,1.9773333333333334,2.062666666666667,False,133.03860595958074,True,0.32333605839064083,1.4000000000000004,0.046469447317434874,-26.656649855099044,2.0166666666666666,-0.0033333333333334103,130.52177211133082,True,0.9603746552750607,2.5168338482499166,0.33065371500776386,pyin_probability_below_0.5,1.7619157528842129,False,2.7,2.038978795594958
2.03,1.9873333333333334,2.0726666666666667,False,130.0,True,0.20650679911775227,1.0000000000000009,0.04313801995693245,-27.302795859455358,2.0266666666666664,-0.0033333333333334103,129.66947462406,True,0.9399821211782553,0.33052537593999887,0.04407272705205693,pyin_probability_below_0.5,1.6484967408399205,False,2.3000000000000003,1.9255597835506681
2.04,1.9973333333333334,2.082666666666667,False,127.76667781088264,True,0.17653060863289757,0.7000000000000017,0.037701089460703066,-28.472921993266006,2.0366666666666666,-0.0033333333333334103,123.9556765095388,True,0.8979228630641362,3.811001301343836,0.5242473908422803,pyin_probability_below_0.5,0.8683220770496973,False,2.0000000000000004,1.1453851197604463
2.05,2.0073333333333334,2.0926666666666667,False,126.29915234996876,True,0.05607139544589263,0.5000000000000008,0.03346060756904903,-29.50932354990538,2.0466666666666664,-0.0033333333333334103,117.52191674244429,True,0.8678828494119603,8.777235607524474,1.246981506281864,pyin_probability_below_0.5|pitch_difference_over_1_semitone,-0.05441203838988422,False,1.800000000000001,0.22265100432086055
2.06,2.017333333333333,2.1026666666666665,False,121.9969395672486,True,0.03489742801962526,-0.09999999999999873,0.029987401004408984,-30.461223454636407,2.0566666666666666,-0.0033333333333334103,116.01439591870552,True,0.7760803301165231,5.982543648543086,0.8704934390976184,pyin_probability_below_0.5,-0.2779239712056391,False,1.1999999999999993,-0.0008609284948928399
2.07,2.0273333333333334,2.1126666666666667,False,117.84127594565435,True,0.03489742801962526,-0.7000000000000002,0.027073261171788245,-31.34918854280459,2.0666666666666664,-0.0033333333333334103,119.09151844543102,True,0.7971626599063575,1.2502424997766752,-0.18270855923523213,pyin_probability_below_0.5,0.17527802712721002,False,0.5999999999999976,0.45234106983795663
2.08,2.037333333333333,2.1226666666666665,False,114.4865635674993,True,0.026168028608935755,-1.199999999999998,0.024242763887988142,-32.30835736596113,2.076666666666666,-0.0033333333333338544,116.18743441846955,True,0.7038944913775074,1.7008708509702473,-0.25530913081406215,pyin_probability_below_0.5,-0.25212140129395877,False,0.10000000000000017,0.024941641416786793
2.09,2.0473333333333334,2.1326666666666667,False,113.82716948276507,True,0.018187375734912182,-1.2999999999999985,0.02248715385710697,-32.96131017307715,2.0866666666666664,-0.0033333333333334103,110.64063340834954,True,0.7522864500718774,3.186536074415528,0.49156362785076924,pyin_probability_below_0.5,-1.0989941599587916,False,0.0,-0.8219311172480447
2.1,2.0573333333333332,2.1426666666666665,False,114.4865635674993,True,0.01001876450976914,-1.199999999999998,0.02577442395776739,-31.776220642913003,2.0966666666666662,-0.0033333333333338544,109.49038407261449,True,0.7623802134627514,4.996179494884814,0.7724894202969282,pyin_probability_below_0.5,-1.279919952404951,False,0.10000000000000017,-1.0028569096942048
2.11,2.0673333333333335,2.1526666666666667,False,,False,0.010000009287486629,,0.05207936894582917,-25.66668573649491,2.1066666666666665,-0.0033333333333334103,,False,0.0,,,,,False,,
2.12,2.0773333333333333,2.1626666666666665,False,,False,0.01010197459374499,,0.0858879652813094,-21.321353714779313,2.1166666666666663,-0.0033333333333338544,,False,0.0,,,,,False,,
2.13,2.0873333333333335,2.1726666666666667,False,127.03079589645196,True,0.010026724673810768,0.6000000000000013,0.09878683237401102,-20.106018802259037,2.1266666666666665,-0.0033333333333334103,,False,0.0,,,pyin_probability_below_0.5|voicing_disagreement,,False,1.9000000000000006,
2.14,2.0973333333333333,2.1826666666666665,False,126.29915234996876,True,0.01010197459374499,0.5000000000000008,0.11898212665528207,-18.49036545752351,2.1366666666666663,-0.0033333333333338544,,False,0.0,,,pyin_probability_below_0.5|voicing_disagreement,,False,1.800000000000001,
2.15,2.1073333333333335,2.1926666666666668,False,126.29915234996876,True,0.012403124793551348,0.5000000000000008,0.14357957001980964,-16.858147031801465,2.1466666666666665,-0.0033333333333334103,,False,0.0,,,pyin_probability_below_0.5|voicing_disagreement,,False,1.800000000000001,
2.16,2.1173333333333333,2.2026666666666666,False,126.29915234996876,True,0.020317628556360583,0.5000000000000008,0.15875516509214954,-15.985442721094167,2.1566666666666663,-0.0033333333333338544,127.21732030037089,True,0.6061700396135387,0.9181679504021218,-0.12540175807865908,pyin_probability_below_0.5,1.3179712259706384,False,1.800000000000001,1.595034268681384
2.17,2.1273333333333335,2.212666666666667,False,126.29915234996876,True,0.030106861794195007,0.5000000000000008,0.17258241785253922,-15.260069018136466,2.1666666666666665,-0.0033333333333334103,126.3085841375986,True,0.7684599552172934,0.009431787629836208,-0.0012928053687494667,pyin_probability_below_0.5,1.193862273260727,False,1.800000000000001,1.4709253159714746
2.18,2.1373333333333333,2.2226666666666666,False,126.29915234996876,True,0.066081512709207,0.5000000000000008,0.1896993258180105,-14.438684251392605,2.1766666666666663,-0.0033333333333338544,126.22569100150243,True,0.8200152888729931,0.07346134846633845,0.010072576595235734,pyin_probability_below_0.5,1.182496891296743,False,1.800000000000001,1.4595599340074878
2.19,2.1473333333333335,2.232666666666667,False,127.03079589645196,True,0.07797523762294817,0.6000000000000013,0.2007553080463418,-13.946659259739327,2.1866666666666665,-0.0033333333333334103,126.502061602807,True,0.896200409680899,0.528734293644959,0.07220871867439259,pyin_probability_below_0.5,1.220360749217587,False,1.9000000000000006,1.4974237919283313
2.2,2.1573333333333333,2.2426666666666666,False,126.29915234996876,True,0.12793708630129036,0.5000000000000008,0.20347981942396354,-13.829573129012104,2.1966666666666663,-0.0033333333333338544,126.55427412372562,True,0.9629886341170005,0.25512177375685496,-0.03493531073906466,pyin_probability_below_0.5,1.2275047786310447,False,1.800000000000001,1.5045678213417903
2.21,2.167333333333333,2.252666666666667,False,127.03079589645196,True,0.1504646013433388,0.6000000000000013,0.20195321069868188,-13.894984758507105,2.2066666666666666,-0.0033333333333334103,126.60905319136606,True,0.96651692369285,0.4217427050859044,0.05757265717547598,pyin_probability_below_0.5,1.234996810716503,False,1.9000000000000006,1.5120598534272478
2.22,2.1773333333333333,2.2626666666666666,False,127.03079589645196,True,0.24075439447557434,0.6000000000000013,0.2087953736555954,-13.605582567237015,2.2166666666666663,-0.0033333333333338544,126.3944989153945,True,0.8487719067864427,0.6362969810574697,0.0869353877682627,pyin_probability_below_0.5,1.205634080123716,False,1.9000000000000006,1.482697122834461
2.23,2.187333333333333,2.272666666666667,False,127.03079589645196,True,0.27960516533635876,0.6000000000000013,0.20938580414611835,-13.58105531560716,2.2266666666666666,-0.0033333333333334103,127.72582910714993,True,0.710255899326216,0.6950332106979715,-0.09446412983160044,pyin_probability_below_0.5,1.3870335977235793,False,1.9000000000000006,1.6640966404343245
2.24,2.1973333333333334,2.2826666666666666,False,127.03079589645196,True,0.2796051653363589,0.6000000000000013,0.20839227288135656,-13.62236777148135,2.2366666666666664,-0.0033333333333338544,127.30256355346879,True,0.8795382544224227,0.2717676570168237,-0.0369981823343704,pyin_probability_below_0.5,1.3295676502263498,False,1.9000000000000006,1.6066306929370948
2.25,2.207333333333333,2.292666666666667,False,127.03079589645196,True,0.20650679911775227,0.6000000000000013,0.2005775425391589,-13.954353878685026,2.2466666666666666,-0.0033333333333334103,127.11030038963929,True,0.9718175019836455,0.07950449318732922,-0.010831848304839853,pyin_probability_below_0.5,1.3034013161968168,False,1.9000000000000006,1.580464358907563
2.26,2.2173333333333334,2.3026666666666666,False,126.29915234996876,True,0.06608151270920702,0.5000000000000008,0.1964934777135285,-14.133037215189423,2.2566666666666664,-0.0033333333333334103,126.83095662900891,True,0.9781338355241326,0.5318042790401449,-0.07274354154105742,pyin_probability_below_0.5,1.2653130094330356,False,1.800000000000001,1.5423760521437833
2.27,2.227333333333333,2.312666666666667,False,126.29915234996876,True,0.04069733156888106,0.5000000000000008,0.19227034270800772,-14.32175399194029,2.2666666666666666,-0.0033333333333334103,126.51212660852985,True,0.9641537911375064,0.21297425856108987,-0.029168665000715015,pyin_probability_below_0.5,1.2217381328926928,False,1.800000000000001,1.498801175603437
2.28,2.2373333333333334,2.3226666666666667,False,126.29915234996876,True,0.011853505394683413,0.5000000000000008,0.18975475414413076,-14.436146688338988,2.2766666666666664,-0.0033333333333334103,125.89918352937197,True,0.9183044701706,0.39996882059679706,0.05491235450891507,pyin_probability_below_0.5,1.137657113383061,False,1.800000000000001,1.4147201560938087
2.29,2.247333333333333,2.332666666666667,False,126.29915234996876,True,0.010052967545965859,0.5000000000000008,0.1771772888941721,-15.031838960499211,2.2866666666666666,-0.0033333333333334103,124.06478499682146,True,0.8582040526615383,2.234367353147306,0.3090153943155467,pyin_probability_below_0.5,0.8835540735764313,False,1.800000000000001,1.160617116287177
2.3,2.2573333333333334,2.3426666666666667,False,125.57172276022992,True,0.010002815825811098,0.4000000000000011,0.16959177613059162,-15.411904228814798,2.2966666666666664,-0.0033333333333334103,121.16271710145976,True,0.6550522891438711,4.409005658770155,0.6187894425715568,pyin_probability_below_0.5,0.4737800253204206,False,1.6999999999999993,0.7508430680311663
2.31,2.267333333333333,2.3526666666666665,False,125.57172276022992,True,0.010000027850262286,0.4000000000000011,0.16050250180445486,-15.89036387435333,2.3066666666666666,-0.0033333333333334103,115.86131432470908,True,0.6207386603526879,9.710408435520833,1.393352246174622,pyin_probability_below_0.5|pitch_difference_over_1_semitone,-0.3007827782826455,False,1.6999999999999993,-0.02371973557189972
2.32,2.2773333333333334,2.3626666666666667,False,,False,0.010000000047726025,,0.1480411309994104,-16.592352113131778,2.3166666666666664,-0.0033333333333334103,111.13858782226748,True,0.7045537828182462,,,voicing_disagreement,-1.0212522434598184,False,,-0.7441892007490714
2.33,2.287333333333333,2.3726666666666665,False,,False,0.010000127845232541,,0.1306341141578376,-17.678867907491046,2.3266666666666667,-0.0033333333333334103,108.06187116299114,True,0.7314149062272707,,,voicing_disagreement,-1.5072791889603612,False,,-1.2302161462496157
2.34,2.2973333333333334,2.3826666666666667,False,,False,0.010000516719604524,,0.12034825506156518,-18.391204044235575,2.3366666666666664,-0.0033333333333334103,104.17662960931325,True,0.6329827309997484,,,voicing_disagreement,-2.141189995878305,False,,-1.864126953167559
2.35,2.3073333333333332,2.3926666666666665,False,,False,0.010000802780927255,,0.11262377671111025,-18.96739826352062,2.3466666666666662,-0.0033333333333338544,101.24553167464717,True,0.8343123991566689,,,voicing_disagreement,-2.635271153476294,False,,-2.358208110765549
2.36,2.3173333333333335,2.4026666666666667,False,103.77879022636449,True,0.010140046044704067,-2.8999999999999977,0.10491069628536956,-19.583604611554094,2.3566666666666665,-0.0033333333333334103,101.41547005651431,True,0.8619782289650292,2.3633201698501836,0.3988066010709259,pyin_probability_below_0.5,-2.6062371331789445,False,-1.5999999999999979,-2.329174090468199
2.37,2.3273333333333333,2.4126666666666665,False,101.99593272657759,True,0.06608151270920701,-3.199999999999998,0.09454510573440249,-20.487218962514667,2.3666666666666663,-0.0033333333333338544,100.96108793792412,True,0.8780639116232065,1.0348447886534728,0.1765471382780804,pyin_probability_below_0.5,-2.683977670386102,False,-1.9000000000000006,-2.4069146276753575
2.38,2.3373333333333335,2.4226666666666667,False,100.82440951919276,True,0.24075439447557426,-3.399999999999997,0.08262453480526336,-21.65781945350298,2.3766666666666665,-0.0033333333333334103,100.91333334394162,True,0.9054321687694517,0.08892382474886062,-0.015262187527633196,pyin_probability_below_0.5,-2.6921683445803875,False,-2.0999999999999996,-2.4151053018696427
2.39,2.3473333333333333,2.4326666666666665,False,101.40847938173854,True,0.20650679911775227,-3.3000000000000007,0.0768534235825548,-22.286735625120958,2.3866666666666663,-0.0033333333333338544,100.69353711349592,True,0.9492457527539306,0.7149422682426234,0.12248641378742182,pyin_probability_below_0.5,-2.729916945895442,False,-2.0000000000000004,-2.452853903184698
2.4,2.3573333333333335,2.4426666666666668,False,101.40847938173854,True,0.09203757081218103,-3.3000000000000007,0.071430459294234,-22.922331147499328,2.3966666666666665,-0.0033333333333334103,100.39430907377137,True,0.9454626321717181,1.014170307967177,0.17400958268966574,pyin_probability_below_0.5,-2.7814401147976886,False,-2.0000000000000004,-2.5043770720869425
2.41,2.3673333333333333,2.4526666666666666,False,101.40847938173854,True,0.0779752376229482,-3.3000000000000007,0.06689760752637346,-23.491788274441312,2.4066666666666663,-0.0033333333333338544,100.59604546592027,True,0.9292616710636621,0.812433915818275,0.13925636986933293,pyin_probability_below_0.5,-2.746686901977355,False,-2.0000000000000004,-2.469623859266609
2.42,2.3773333333333335,2.462666666666667,False,101.40847938173854,True,0.05607139544589263,-3.3000000000000007,0.06475155889428874,-23.774995429555744,2.4166666666666665,-0.0033333333333334103,101.40909316017834,True,0.8462193159078747,0.0006137784397992618,-0.0001047832414361536,pyin_probability_below_0.5,-2.6073257488665864,False,-2.0000000000000004,-2.3302627061558407
2.43,2.3873333333333333,2.4726666666666666,False,101.99593272657759,True,0.04069733156888106,-3.199999999999998,0.060394998193269385,-24.379980547779816,2.4266666666666663,-0.0033333333333338544,103.60357552233106,True,0.7727479392623502,1.6076427957534634,-0.27074604365686084,pyin_probability_below_0.5,-2.2366844884511607,False,-1.9000000000000006,-1.9596214457404173
2.44,2.3973333333333335,2.482666666666667,False,101.99593272657759,True,0.03010686179419501,-3.199999999999998,0.05725453950514118,-24.843801479717648,2.4366666666666665,-0.0033333333333334103,104.85447009061107,True,0.8305918022353035,2.858537364033481,-0.4785209228434797,pyin_probability_below_0.5,-2.0289096092645424,False,-1.9000000000000006,-1.7518465665537966
2.45,2.4073333333333333,2.4926666666666666,False,102.5867891540234,True,0.0229442191246386,-3.0999999999999983,0.0527594858211299,-25.553988912298937,2.4466666666666663,-0.0033333333333338544,103.67519931273529,True,0.7754656616433135,1.0884101587118806,-0.18271037041484917,pyin_probability_below_0.5,-2.22472016169317,False,-1.799999999999999,-1.9476571189824246
2.46,2.417333333333333,2.502666666666667,False,103.77879022636449,True,0.02616802860893576,-2.8999999999999977,0.047853685882613184,-26.40169210995598,2.4566666666666666,-0.0033333333333334103,101.66794127376001,True,0.6061713416243456,2.110848952604485,0.3557615300808563,pyin_probability_below_0.5,-2.563192062188877,False,-1.5999999999999979,-2.28612901947813
2.47,2.4273333333333333,2.5126666666666666,False,104.37997464223893,True,0.018187375734912182,-2.8,0.04043871051723467,-27.86405402708962,2.4666666666666663,-0.0033333333333338544,95.4502772940189,True,0.31746210328637,8.929697348220031,1.5482839517318827,pyin_probability_below_0.5|pitch_difference_over_1_semitone,-3.655714483839905,False,-1.5000000000000004,-3.37865144112916
2.48,2.437333333333333,2.522666666666667,False,101.40847938173854,True,0.011853505394683413,-3.3000000000000007,0.03215184092820982,-29.855883109803635,2.4766666666666666,-0.0033333333333334103,96.72901644235456,True,0.6405081153825921,4.679462939383981,0.8178918649819709,pyin_probability_below_0.5,-3.4253223970899938,False,-2.0000000000000004,-3.148259354379248
2.49,2.4473333333333334,2.5326666666666666,False,96.82903510297565,True,0.010191075496968311,-4.099999999999997,0.02467292340215274,-32.155587790745,2.4866666666666664,-0.0033333333333338544,97.3370278463602,True,0.8747643396844123,0.5079927433845484,-0.09058805923896454,pyin_probability_below_0.5,-3.316842472869055,False,-2.8,-3.039779430158311
2.5,2.457333333333333,2.542666666666667,False,94.07250043362458,True,0.010259050559778863,-4.599999999999996,0.017790670715256043,-34.9961535707063,2.4966666666666666,-0.0033333333333334103,94.97111461561774,True,0.8245820529032515,0.8986141819931532,-0.16458881046777118,pyin_probability_below_0.5,-3.742841721640249,False,-3.299999999999999,-3.4657786789295013
2.51,2.4673333333333334,2.5526666666666666,False,94.61745688474217,True,0.02616802860893576,-4.500000000000001,0.01478268661518969,-36.60493259606395,2.5066666666666664,-0.0033333333333334103,,False,0.0,,,pyin_probability_below_0.5|voicing_disagreement,,False,-3.2000000000000006,
2.52,2.477333333333333,2.562666666666667,False,,False,0.010140046044704068,,0.018681884033687642,-34.57158656193156,2.5166666666666666,-0.0033333333333334103,,False,0.0,,,,,False,,
2.53,2.4873333333333334,2.5726666666666667,False,,False,0.010000000814014908,,0.025580980078615333,-31.841656410141365,2.5266666666666664,-0.0033333333333334103,,False,0.0,,,,,False,,
2.54,2.497333333333333,2.582666666666667,False,,False,0.010000000101429396,,0.03133038324511865,-30.080685852623,2.5366666666666666,-0.0033333333333334103,,False,0.0,,,,,False,,
2.55,2.5073333333333334,2.5926666666666667,False,97.95413429584742,True,0.010000000417925075,-3.8999999999999986,0.0366645562683912,-28.715071333430295,2.5466666666666664,-0.0033333333333334103,,False,0.0,,,pyin_probability_below_0.5|voicing_disagreement,,False,-2.6000000000000005,
2.56,2.517333333333333,2.6026666666666665,False,97.95413429584742,True,0.010000009287486629,-3.8999999999999986,0.04031753886308817,-27.890119735021926,2.5566666666666666,-0.0033333333333334103,,False,0.0,,,pyin_probability_below_0.5|voicing_disagreement,,False,-2.6000000000000005,
2.57,2.5273333333333334,2.6126666666666667,False,97.95413429584742,True,0.010000002871100366,-3.8999999999999986,0.044014944370637035,-27.127996854020985,2.5666666666666664,-0.0033333333333334103,,False,0.0,,,pyin_probability_below_0.5|voicing_disagreement,,False,-2.6000000000000005,
2.58,2.537333333333333,2.6226666666666665,False,93.53068270070331,True,0.0100000470079773,-4.6999999999999975,0.04712783597242716,-26.53445003646899,2.5766666666666667,-0.0033333333333334103,,False,0.0,,,pyin_probability_below_0.5|voicing_disagreement,,False,-3.3999999999999986,
2.59,2.5473333333333334,2.6326666666666667,False,92.9919856082918,True,0.010001232964986118,-4.799999999999998,0.049418258071714107,-26.122251339413417,2.5866666666666664,-0.0033333333333334103,97.41734188602,True,0.6485497438502592,4.4253562777281985,-0.8048668051433738,pyin_probability_below_0.5,-3.302563726964646,False,-3.4999999999999982,-3.0255006842539007
2.6,2.5573333333333332,2.6426666666666665,False,92.9919856082918,True,0.010006178555334077,-4.799999999999998,0.050562365744433076,-25.923452284024314,2.5966666666666662,-0.0033333333333338544,94.53025760667593,True,0.7232284956875541,1.5382719983841326,-0.2840376215654519,pyin_probability_below_0.5,-3.8233929105425686,False,-3.4999999999999982,-3.546329867831823
2.61,2.5673333333333335,2.6526666666666667,False,92.4563911828233,True,0.010467533617069905,-4.899999999999998,0.05020101363283863,-25.985750274348952,2.6066666666666665,-0.0033333333333334103,93.14175831513228,True,0.824787889267085,0.6853671323089827,-0.12786079086986346,pyin_probability_below_0.5,-4.079569741238157,False,-3.5999999999999988,-3.802506698527412
2.62,2.5773333333333333,2.6626666666666665,False,92.4563911828233,True,0.011853505394683411,-4.899999999999998,0.0472054473510654,-26.52015764680835,2.6166666666666663,-0.0033333333333338544,92.60402464919396,True,0.8601151701803604,0.14763346637066377,-0.02762212943636482,pyin_probability_below_0.5,-4.179808402671657,False,-3.5999999999999988,-3.902745359960912
2.63,2.5873333333333335,2.6726666666666667,False,92.4563911828233,True,0.013980210380185926,-4.899999999999998,0.04510671409177637,-26.915176179742456,2.6266666666666665,-0.0033333333333334103,91.9581568359712,True,0.878391130710925,0.4982343468521009,0.09354602157320606,pyin_probability_below_0.5,-4.3009765536812266,False,-3.5999999999999988,-4.023913510970482
2.64,2.5973333333333333,2.6826666666666665,False,91.92388155425118,True,0.034897428019625254,-4.9999999999999964,0.042825937894291566,-27.36586234291503,2.6366666666666663,-0.0033333333333338544,91.42742598627488,True,0.8559720362846645,0.4964555679762981,0.09375257750763089,pyin_probability_below_0.5,-4.401183109615651,False,-3.6999999999999984,-4.124120066904906
2.65,2.6073333333333335,2.6926666666666668,False,91.39443895545271,True,0.06608151270920702,-5.1,0.0409813423535049,-27.748276405679363,2.6466666666666665,-0.0033333333333334103,90.7386334032846,True,0.8354113219519307,0.6558055521681183,0.12467343722171664,pyin_probability_below_0.5,-4.532103969329737,False,-3.8,-4.255040926618992
2.66,2.6173333333333333,2.7026666666666666,False,91.39443895545271,True,0.12793708630129033,-5.1,0.03888593341270054,-28.204149436751468,2.6566666666666663,-0.0033333333333338544,90.58302090063751,True,0.9103930788054422,0.8114180548152063,0.15438877709306686,pyin_probability_below_0.5,-4.561819309201088,False,-3.8,-4.284756266490343
2.67,2.6273333333333335,2.712666666666667,False,90.86804572163626,True,0.17653060863289757,-5.199999999999999,0.036619730650224565,-28.725697087934602,2.6666666666666665,-0.0033333333333334103,90.86219787701668,True,0.8923248576280011,0.0058478446195806555,0.0011141775328172708,pyin_probability_below_0.5,-4.508544709640841,False,-3.8999999999999986,-4.231481666930093
2.68,2.6373333333333333,2.7226666666666666,False,90.86804572163626,True,0.1765306086328976,-5.199999999999999,0.03493491343640973,-29.13480657052633,2.6766666666666663,-0.0033333333333338544,90.80944400056711,True,0.8812461660137604,0.05860172106915229,0.011168505082552486,pyin_probability_below_0.5,-4.518599037190573,False,-3.8999999999999986,-4.241535994479825
2.69,2.6473333333333335,2.732666666666667,False,90.86804572163626,True,0.24075439447557428,-5.199999999999999,0.03277495338400327,-29.68915834673745,2.6866666666666665,-0.0033333333333334103,90.91552869467603,True,0.9066758372901607,0.04748297303976301,-0.009044177045244038,pyin_probability_below_0.5,-4.498386355062778,False,-3.8999999999999986,-4.22132331235203
2.7,2.6573333333333333,2.7426666666666666,False,90.86804572163626,True,0.24075439447557428,-5.199999999999999,0.03145934441722679,-30.04500663803558,2.6966666666666663,-0.0033333333333338544,91.05641367721618,True,0.9251583522110692,0.18836795557992048,-0.03585104895408677,pyin_probability_below_0.5,-4.471579483153934,False,-3.8999999999999986,-4.194516440443189
2.71,2.667333333333333,2.752666666666667,False,90.86804572163626,True,0.07797523762294818,-5.199999999999999,0.030577748124248183,-30.291890020869833,2.7066666666666666,-0.0033333333333334103,91.25728538228178,True,0.877211820096289,0.3892396606455151,-0.07400024759539034,pyin_probability_below_0.5,-4.43343028451263,False,-3.8999999999999986,-4.156367241801884
2.72,2.6773333333333333,2.7626666666666666,False,91.39443895545271,True,0.013980210380185928,-5.1,0.03027085194048194,-30.379507122432045,2.7166666666666663,-0.0033333333333338544,91.38387889699771,True,0.8243928622231526,0.010560058454998966,0.0020004487394959854,pyin_probability_below_0.5,-4.409430980847519,False,-3.8,-4.132367938136773
2.73,2.687333333333333,2.772666666666667,False,90.86804572163626,True,0.010018764509769141,-5.199999999999999,0.03126795355775041,-30.098010835429072,2.7266666666666666,-0.0033333333333334103,91.05249321369068,True,0.7622481846699221,0.18444749205441724,-0.03510564445296732,pyin_probability_below_0.5,-4.472324887655054,False,-3.8999999999999986,-4.1952618449443095
2.74,2.6973333333333334,2.7826666666666666,False,92.4563911828233,True,0.010000078102280322,-4.899999999999998,0.03170555487785312,-29.977292836746805,2.7366666666666664,-0.0033333333333338544,91.99972660348362,True,0.5801377994102831,0.4566645793396731,0.08572173083787943,pyin_probability_below_0.5,-4.2931522629459,False,-3.5999999999999988,-4.016089220235154
2.75,2.707333333333333,2.792666666666667,False,91.39443895545271,True,0.010000000101429395,-5.1,0.033555753636269364,-29.48466005640086,2.7466666666666666,-0.0033333333333334103,,False,0.0,,,pyin_probability_below_0.5|voicing_disagreement,,False,-3.8,
2.76,2.7173333333333334,2.8026666666666666,False,,False,0.010000000000221911,,0.03443498138293508,-29.26000294954578,2.7566666666666664,-0.0033333333333334103,,False,0.0,,,,,False,,
2.77,2.727333333333333,2.812666666666667,False,,False,0.01000000000000011,,0.03537057558336332,-29.027157457567192,2.7666666666666666,-0.0033333333333334103,,False,0.0,,,,,False,,
2.78,2.7373333333333334,2.8226666666666667,False,,False,0.010000000000000439,,0.03739475581821408,-28.54378596609848,2.7766666666666664,-0.0033333333333334103,,False,0.0,,,,,False,,
2.79,2.747333333333333,2.832666666666667,False,,False,0.010000000000000437,,0.040369508510356186,-27.878930759893578,2.7866666666666666,-0.0033333333333334103,,False,0.0,,,,,False,,
2.8,2.7573333333333334,2.8426666666666667,False,,False,0.010000000000006925,,0.04359075936357445,-27.21211130763089,2.7966666666666664,-0.0033333333333334103,,False,0.0,,,,,False,,
2.81,2.767333333333333,2.8526666666666665,False,,False,0.010000000000023851,,0.04498029988788277,-26.93955306817291,2.8066666666666666,-0.0033333333333334103,,False,0.0,,,,,False,,
2.82,2.7773333333333334,2.8626666666666667,False,,False,0.01000000000002385,,0.04486930434925167,-26.9610132737572,2.8166666666666664,-0.0033333333333334103,,False,0.0,,,,,False,,
2.83,2.787333333333333,2.8726666666666665,False,,False,0.010000000000221911,,0.043906697988299416,-27.149384457358032,2.8266666666666667,-0.0033333333333334103,,False,0.0,,,,,False,,
2.84,2.7973333333333334,2.8826666666666667,False,,False,0.010000000001606033,,0.04196314155913233,-27.542640118471798,2.8366666666666664,-0.0033333333333334103,,False,0.0,,,,,False,,
2.85,2.8073333333333332,2.8926666666666665,False,,False,0.010000000003996624,,0.03968142353524722,-28.028255126318243,2.8466666666666662,-0.0033333333333338544,,False,0.0,,,,,False,,
2.86,2.8173333333333335,2.9026666666666667,False,,False,0.01000000000061386,,0.042158295313683966,-27.502339165980455,2.8566666666666665,-0.0033333333333334103,,False,0.0,,,,,False,,
2.87,2.8273333333333333,2.9126666666666665,False,127.76667781088264,True,0.010000047007977297,0.7000000000000017,0.04696822861067378,-26.56391637526477,2.8666666666666663,-0.0033333333333338544,,False,0.0,,,pyin_probability_below_0.5|voicing_disagreement,,False,2.0000000000000004,
2.88,2.8373333333333335,2.9226666666666667,False,124.84848285663055,True,0.010101974593744992,0.3000000000000021,0.05177146305417615,-25.718191234889733,2.8766666666666665,-0.0033333333333334103,,False,0.0,,,pyin_probability_below_0.5|voicing_disagreement,,False,1.6000000000000023,
2.89,2.8473333333333333,2.9326666666666665,False,126.29915234996876,True,0.0229442191246386,0.5000000000000008,0.05849896259038967,-24.657036710925322,2.8866666666666663,-0.0033333333333338544,131.4540544567087,True,0.4975634931921679,5.154902106739925,-0.6925641997220012,pyin_probability_below_0.5,1.8851336676139796,False,1.800000000000001,2.162196710324725
2.9,2.8573333333333335,2.9426666666666668,False,127.76667781088264,True,0.10857977072874497,0.7000000000000017,0.06471925891065058,-23.779329288007702,2.8966666666666665,-0.0033333333333334103,128.41798502654592,True,0.6659645080543143,0.6513072156632802,-0.08802772539204895,pyin_probability_below_0.5,1.4805971932840287,False,2.0000000000000004,1.7576602359947737
2.91,2.8673333333333333,2.9526666666666666,False,127.76667781088264,True,0.20650679911775224,0.7000000000000017,0.06884871336236036,-23.2420834276323,2.9066666666666663,-0.0033333333333338544,124.10224803192325,True,0.8936745313695003,3.664429778959388,0.503788488739033,pyin_probability_below_0.5,0.8887809791529495,False,2.0000000000000004,1.165844021863695
2.92,2.8773333333333335,2.962666666666667,False,128.5068226458765,True,0.24075439447557428,0.8000000000000002,0.07424818133187458,-22.586283593670764,2.9166666666666665,-0.0033333333333334103,125.61303694140807,True,0.9591354058805623,2.893785704468428,0.39430502727196837,pyin_probability_below_0.5,1.0982644406200106,False,2.100000000000002,1.375327483330756
2.93,2.8873333333333333,2.9726666666666666,False,128.5068226458765,True,0.24075439447557428,0.8000000000000002,0.08099443219877957,-21.830896696120092,2.9266666666666663,-0.0033333333333338544,126.73355230945222,True,0.9575849335623745,1.7732703364242752,0.24055719076909057,pyin_probability_below_0.5,1.252012277122886,False,2.100000000000002,1.5290753198336327
2.94,2.8973333333333335,2.982666666666667,False,129.25125509628117,True,0.3233360583906409,0.9000000000000021,0.08628331218828147,-21.281463836646253,2.9366666666666665,-0.0033333333333334103,129.39298729162564,True,0.9741959884040914,0.14173219534447412,-0.018973677876942163,pyin_probability_below_0.5,1.6115431457689227,False,2.200000000000003,1.8886061884796668
2.95,2.9073333333333333,2.9926666666666666,False,129.25125509628117,True,0.4849868077159112,0.9000000000000021,0.0872797649000265,-21.181728644993445,2.9466666666666663,-0.0033333333333338544,130.39692916308383,True,0.9778697220130119,1.1456740668026555,-0.1527792563945082,pyin_probability_below_0.5,1.745348724286488,False,2.200000000000003,2.022411766997235
2.96,2.917333333333333,3.002666666666667,False,130.75308233882095,True,0.5485250542599845,1.1000000000000019,0.0851567354540328,-21.395619918247533,2.9566666666666666,-0.0033333333333334103,132.61360156830665,True,0.990714341850638,1.8605192294857034,-0.24460556471362616,,2.037175032605605,True,2.4000000000000012,2.314238075316349
2.97,2.9273333333333333,3.0126666666666666,False,133.03860595958074,True,0.5485250542599845,1.4000000000000004,0.07982650314028551,-21.957057898141716,2.9666666666666663,-0.0033333333333338544,133.0444423541338,True,0.9703602366472874,0.005836394553057289,-0.0007594745354656371,,2.093328942427444,True,2.7,2.3703919851381894
2.98,2.937333333333333,3.022666666666667,False,133.03860595958074,True,0.4849868077159112,1.4000000000000004,0.07534779407417481,-22.458589156419507,2.9766666666666666,-0.0033333333333334103,133.7471745245912,True,0.9476069653788702,0.7085685650104665,-0.09196149120286706,pyin_probability_below_0.5,2.184530959094844,False,2.7,2.461594001805591
2.99,2.9473333333333334,3.0326666666666666,False,133.80929076365396,True,0.42606232904328145,1.5000000000000004,0.06980963347877461,-23.121692843242315,2.9866666666666664,-0.0033333333333338544,135.34990870568282,True,0.9174766271673016,1.5406179420288595,-0.19818749431723265,pyin_probability_below_0.5,2.3907569622092115,False,2.8000000000000003,2.667820004919957
3.0,2.957333333333333,3.042666666666667,False,133.80929076365396,True,0.3721358982975087,1.5000000000000004,0.06455838007116893,-23.800947513358793,2.9966666666666666,-0.0033333333333334103,136.76748465931476,True,0.92152879378279,2.9581938956607985,-0.3785639067535136,pyin_probability_below_0.5,2.5711333746454916,False,2.8000000000000003,2.8481964173562355
3.01,2.9673333333333334,3.0526666666666666,False,136.14823596668148,True,0.3721358982975087,1.8000000000000043,0.057963906208887556,-24.736847099006315,3.0066666666666664,-0.0033333333333334103,136.88184719700422,True,0.8956885132058484,0.7336112303227367,-0.09303412887092698,pyin_probability_below_0.5,2.5856035967629083,False,3.1000000000000023,2.8626666394736535
3.02,2.977333333333333,3.062666666666667,False,136.14823596668148,True,0.3233360583906408,1.8000000000000043,0.04776298002931633,-26.41817169037402,3.0166666666666666,-0.0033333333333334103,143.68407475782715,True,0.8472439914502945,7.535838791145665,-0.9326625534298385,pyin_probability_below_0.5,3.4252320213218184,False,3.1000000000000023,3.7022950640325645
3.03,2.9873333333333334,3.0726666666666667,False,136.93693467412865,True,0.24075439447557428,1.9000000000000006,0.03633082058952567,-28.794495855859825,3.0266666666666664,-0.0033333333333334103,142.78962924441686,True,0.8196665525523221,5.852694570288207,-0.7245549304204755,pyin_probability_below_0.5,3.3171243983124503,False,3.2,3.5941874410231964
3.04,2.997333333333333,3.082666666666667,False,143.41324688128702,True,0.12793708630129036,2.7,0.02831721476775605,-30.958989306707547,3.0366666666666666,-0.0033333333333334103,136.5526907450735,True,0.7809425981452354,6.860556136213518,0.8486465700339186,pyin_probability_below_0.5,2.5439228978580593,False,3.9999999999999973,2.8209859405688027
3.05,3.0073333333333334,3.0926666666666667,False,143.41324688128702,True,0.10857977072874497,2.7,0.02341853450861163,-32.60880571621841,3.0466666666666664,-0.0033333333333334103,135.6622792023636,True,0.5449866708944844,7.750967678923416,0.9619038444944312,pyin_probability_below_0.5,2.430665623397545,False,3.9999999999999973,2.7077286661082907
3.06,3.017333333333333,3.1026666666666665,False,140.13768379557115,True,0.06608151270920701,2.3000000000000003,0.01733490584828459,-35.22157025601729,3.0566666666666666,-0.0033333333333334103,,False,0.0,,,pyin_probability_below_0.5|voicing_disagreement,,False,3.599999999999997,
3.07,3.0273333333333334,3.1126666666666667,False,136.93693467412865,True,0.04069733156888106,1.9000000000000006,0.012699348801426528,-37.92437096544462,3.0666666666666664,-0.0033333333333334103,,False,0.0,,,pyin_probability_below_0.5|voicing_disagreement,,False,3.2,
3.08,3.037333333333333,3.1226666666666665,False,140.13768379557115,True,0.011422334250709074,2.3000000000000003,0.009381868138956449,-40.55421350606761,3.0766666666666667,-0.0033333333333334103,,False,0.0,,,pyin_probability_below_0.5|voicing_disagreement,,False,3.599999999999997,
3.09,3.0473333333333334,3.1326666666666667,False,140.9494931391844,True,0.04768699308253103,2.4000000000000012,0.007054134993203812,-43.03112467209885,3.0866666666666664,-0.0033333333333334103,,False,0.0,,,pyin_probability_below_0.5|voicing_disagreement,,False,3.7000000000000015,
3.1,3.0573333333333332,3.1426666666666665,False,139.33055012971812,True,0.010000078102280324,2.200000000000003,0.011431373383408902,-38.838031792785195,3.0966666666666667,-0.0033333333333334103,,False,0.0,,,pyin_probability_below_0.5|voicing_disagreement,,False,3.500000000000001,
3.11,3.0673333333333335,3.1526666666666667,False,,False,0.01000000000002385,,0.024877986458629316,-32.08369545815634,3.1066666666666665,-0.0033333333333334103,,False,0.0,,,,,False,,
3.12,3.0773333333333333,3.1626666666666665,False,,False,0.010000000101429396,,0.03329749694271486,-29.551768245684098,3.1166666666666663,-0.0033333333333338544,,False,0.0,,,,,False,,
3.13,3.0873333333333335,3.1726666666666667,False,,False,0.010000000101429396,,0.03740657353127602,-28.541041433262578,3.1266666666666665,-0.0033333333333334103,,False,0.0,,,,,False,,
3.14,3.0973333333333333,3.1826666666666665,False,,False,0.010000000021701592,,0.039054779000625706,-28.166516307892376,3.1366666666666663,-0.0033333333333338544,,False,0.0,,,,,False,,
3.15,3.1073333333333335,3.1926666666666668,False,,False,0.010000000009505967,,0.039719370436217545,-28.01995287636474,3.1466666666666665,-0.0033333333333334103,,False,0.0,,,,,False,,
3.16,3.1173333333333333,3.2026666666666666,False,,False,0.010000000021701592,,0.039990240858551115,-27.960919602638565,3.1566666666666663,-0.0033333333333338544,,False,0.0,,,,,False,,
3.17,3.1273333333333335,3.212666666666667,False,,False,0.010000000009505966,,0.040357150697377726,-27.881590069757024,3.1666666666666665,-0.0033333333333334103,,False,0.0,,,,,False,,
3.18,3.1373333333333333,3.2226666666666666,False,,False,0.010000000021701589,,0.045313792686298,-26.875391732007813,3.1766666666666663,-0.0033333333333338544,,False,0.0,,,,,False,,
3.19,3.1473333333333335,3.232666666666667,False,158.21045677717683,True,0.010000000814014906,4.400000000000002,0.046149000401297685,-26.71675402923032,3.1866666666666665,-0.0033333333333334103,,False,0.0,,,pyin_probability_below_0.5|voicing_disagreement,,False,5.700000000000003,
3.2,3.1573333333333333,3.2426666666666666,False,155.49249582586248,True,0.010000127845232541,4.099999999999998,0.04197207659400791,-27.540790865468292,3.1966666666666663,-0.0033333333333338544,,False,0.0,,,pyin_probability_below_0.5|voicing_disagreement,,False,5.399999999999999,
3.21,3.167333333333333,3.252666666666667,False,151.06592630451914,True,0.010052967545965857,3.6000000000000005,0.041451683066291295,-27.64915662118202,3.2066666666666666,-0.0033333333333334103,,False,0.0,,,pyin_probability_below_0.5|voicing_disagreement,,False,4.899999999999999,
3.22,3.1773333333333333,3.2626666666666666,False,151.06592630451914,True,0.013100262550513397,3.6000000000000005,0.044046408536036925,-27.121789947794216,3.2166666666666663,-0.0033333333333338544,,False,0.0,,,pyin_probability_below_0.5|voicing_disagreement,,False,4.899999999999999,
3.23,3.187333333333333,3.272666666666667,False,151.06592630451914,True,0.030106861794195007,3.6000000000000005,0.04652635698551988,-26.64601902800451,3.2266666666666666,-0.0033333333333334103,151.71100600103398,True,0.7679731429735079,0.6450796965148413,-0.07376953166442013,pyin_probability_below_0.5,4.366338999556397,False,4.899999999999999,4.643402042267144
3.24,3.1973333333333334,3.2826666666666666,False,151.06592630451914,True,0.04069733156888105,3.6000000000000005,0.04849948164445061,-26.28525806100948,3.2366666666666664,-0.0033333333333338544,149.98756460465788,True,0.9411283915180392,1.0783616998612615,0.12402476854202941,pyin_probability_below_0.5,4.1685446993499475,False,4.899999999999999,4.445607742060691
3.25,3.207333333333333,3.292666666666667,False,151.06592630451914,True,0.07797523762294818,3.6000000000000005,0.05014533335536447,-25.9953895449215,3.2466666666666666,-0.0033333333333334103,150.26653698006822,True,0.9467107320069308,0.7993893244509138,0.09185424287816342,pyin_probability_below_0.5,4.2007152250138144,False,4.899999999999999,4.47777826772456
3.26,3.2173333333333334,3.3026666666666666,False,150.19585059339548,True,0.48498680771591135,3.500000000000001,0.048615876530733945,-26.264437592655735,3.2566666666666664,-0.0033333333333334103,150.62968798417825,True,0.9538237112108635,0.43383739078277017,-0.04993423011434748,pyin_probability_below_0.5,4.242503698006323,False,4.799999999999999,4.519566740717069
3.27,3.227333333333333,3.312666666666667,False,149.33078614961454,True,0.6159498854580681,3.4000000000000004,0.045202453815881685,-26.896759777324878,3.2666666666666666,-0.0033333333333334103,148.7176141013988,True,0.9282378989605196,0.6131720482157448,0.071233116806451,,4.021336351085527,True,4.699999999999999,4.298399393796272
3.28,3.2373333333333334,3.3226666666666667,False,149.33078614961454,True,0.6159498854580681,3.4000000000000004,0.04315236809884578,-27.29990732502813,3.2766666666666664,-0.0033333333333334103,145.51254393164635,True,0.9221946728904569,3.8182422179681907,0.4484171640872654,,3.644152303804713,True,4.699999999999999,3.921215346515459
3.29,3.247333333333333,3.332666666666667,False,149.33078614961454,True,0.615949885458068,3.4000000000000004,0.03955331744175043,-28.056341704147872,3.2866666666666666,-0.0033333333333334103,145.3627644226277,True,0.889999773754517,3.968021726986848,0.466246343899793,,3.626323123992184,True,4.699999999999999,3.9033861667029286
3.3,3.2573333333333334,3.3426666666666667,False,147.61557577921405,True,0.48498680771591135,3.2,0.03419375845770828,-29.321063209143986,3.2966666666666664,-0.0033333333333334103,147.10214027448066,True,0.9076450858118703,0.513435504733394,0.060320630802012956,pyin_probability_below_0.5,3.8322488370899626,False,4.499999999999999,4.1093118798007096
3.31,3.267333333333333,3.3526666666666665,False,147.61557577921405,True,0.4849868077159113,3.2,0.028581059729305434,-30.878433449279377,3.3066666666666666,-0.0033333333333334103,151.2706455498199,True,0.9556927173167673,3.6550697706058486,-0.42344519420568116,pyin_probability_below_0.5,4.316014662097659,False,4.499999999999999,4.593077704808406
3.32,3.2773333333333334,3.3626666666666667,False,149.33078614961454,True,0.4849868077159113,3.4000000000000004,0.02396056045641653,-32.410060553465605,3.3166666666666664,-0.0033333333333334103,150.8711254386602,True,0.9284295994140986,1.5403392890456473,-0.1776611756253183,pyin_probability_below_0.5,4.270230643517296,False,4.699999999999999,4.547293686228041
3.33,3.287333333333333,3.3726666666666665,False,151.06592630451914,True,0.20650679911775224,3.6000000000000005,0.019190518522288542,-34.33826581188116,3.3266666666666667,-0.0033333333333334103,148.7455882367596,True,0.9638847568223778,2.320338067759536,0.2679769308048262,pyin_probability_below_0.5,4.024592537087149,False,4.899999999999999,4.301655579797895
3.34,3.2973333333333334,3.3826666666666667,False,145.9200662802185,True,0.010026724673810768,3.0000000000000027,0.022331105952684987,-33.02179535742083,3.3366666666666664,-0.0033333333333334103,,False,0.0,,,pyin_probability_below_0.5|voicing_disagreement,,False,4.3000000000000025,
3.35,3.3073333333333332,3.3926666666666665,False,154.59692495035372,True,0.010000047007977299,4.0,0.026412447632891096,-31.563827020009057,3.3466666666666667,-0.0033333333333334103,,False,0.0,,,pyin_probability_below_0.5|voicing_disagreement,,False,5.299999999999999,
3.36,3.3173333333333335,3.4026666666666667,False,150.19585059339548,True,0.010000000021701589,3.500000000000001,0.03050603950934716,-30.31228343212945,3.3566666666666665,-0.0033333333333334103,,False,0.0,,,pyin_probability_below_0.5|voicing_disagreement,,False,4.799999999999999,
3.37,3.3273333333333333,3.4126666666666665,False,150.19585059339548,True,0.010000000003996624,3.500000000000001,0.03149266065367957,-30.035812929918553,3.3666666666666663,-0.0033333333333338544,,False,0.0,,,pyin_probability_below_0.5|voicing_disagreement,,False,4.799999999999999,
3.38,3.3373333333333335,3.4226666666666667,False,150.19585059339548,True,0.010000000000221913,3.500000000000001,0.03213323504209476,-29.860910985262663,3.3766666666666665,-0.0033333333333334103,,False,0.0,,,pyin_probability_below_0.5|voicing_disagreement,,False,4.799999999999999,
3.39,3.3473333333333333,3.4326666666666665,False,,False,0.010000000000023851,,0.03418304929275204,-29.323783974524723,3.3866666666666663,-0.0033333333333338544,,False,0.0,,,,,False,,
3.4,3.3573333333333335,3.4426666666666668,False,,False,0.010000000001606035,,0.03888556685610099,-28.204231314307098,3.3966666666666665,-0.0033333333333334103,,False,0.0,,,,,False,,
3.41,3.3673333333333333,3.4526666666666666,False,160.04877373483913,True,0.010000000417925075,4.600000000000001,0.04154383882778224,-27.629867505708773,3.4066666666666663,-0.0033333333333338544,,False,0.0,,,pyin_probability_below_0.5|voicing_disagreement,,False,5.900000000000003,
3.42,3.3773333333333335,3.462666666666667,False,153.70651218352927,True,0.010000328604501656,3.9000000000000035,0.04321391210015502,-27.287528315708585,3.4166666666666665,-0.0033333333333334103,,False,0.0,,,pyin_probability_below_0.5|voicing_disagreement,,False,5.200000000000001,
3.43,3.3873333333333333,3.4726666666666666,False,152.82122781686914,True,0.010052967545965855,3.800000000000004,0.04326813631649453,-27.276636214303082,3.4266666666666663,-0.0033333333333338544,,False,0.0,,,pyin_probability_below_0.5|voicing_disagreement,,False,5.100000000000001,
3.44,3.3973333333333335,3.482666666666667,False,153.70651218352927,True,0.011853505394683413,3.9000000000000035,0.04380931043288278,-27.168671652962765,3.4366666666666665,-0.0033333333333334103,,False,0.0,,,pyin_probability_below_0.5|voicing_disagreement,,False,5.200000000000001,
3.45,3.4073333333333333,3.4926666666666666,False,151.9410423129619,True,0.022944219124638603,3.7000000000000015,0.04604025497355727,-26.737245597759628,3.4466666666666663,-0.0033333333333338544,152.1931343803335,True,0.8681275237015547,0.25209206737159207,-0.028699863673868842,pyin_probability_below_0.5,4.421269331565846,False,5.0,4.698332374276591
3.46,3.417333333333333,3.502666666666667,False,150.19585059339548,True,0.034897428019625254,3.500000000000001,0.053062209315063565,-25.50429343107465,3.4566666666666666,-0.0033333333333334103,152.63076609415268,True,0.957258046433343,2.4349155007571994,-0.2784101024895913,pyin_probability_below_0.5,4.4709795703815685,False,4.799999999999999,4.748042613092314
3.47,3.4273333333333333,3.5126666666666666,False,147.61557577921405,True,0.056071395445892624,3.2,0.057530960579474426,-24.801967492240777,3.4666666666666663,-0.0033333333333338544,151.77232512985935,True,0.975215434775454,4.156749350645299,-0.4807654852629656,pyin_probability_below_0.5,4.373334953154944,False,4.499999999999999,4.650397995865692
3.48,3.437333333333333,3.522666666666667,False,145.9200662802185,True,0.09203757081218102,3.0000000000000027,0.05778092229463806,-24.764310605227497,3.4766666666666666,-0.0033333333333334103,149.19462599964888,True,0.9690509358121598,3.2745597194303855,-0.38420736764780683,pyin_probability_below_0.5,4.0767768355397855,False,4.3000000000000025,4.353839878250533
3.49,3.4473333333333334,3.5326666666666666,False,140.9494931391844,True,0.01646758759311301,2.4000000000000012,0.060770973692975204,-24.326076103694284,3.4866666666666664,-0.0033333333333338544,146.22771348086047,True,0.9563977225498766,5.278220341676075,-0.6364616500704614,pyin_probability_below_0.5,3.729031117962441,False,3.7000000000000015,4.006094160673189
3.5,3.457333333333333,3.542666666666667,False,137.7302022667084,True,0.01010197459374499,2.000000000000004,0.06592035385673224,-23.61960940072921,3.4966666666666666,-0.0033333333333334103,142.45202611221194,True,0.9316216015992559,4.721823845503536,-0.583574218137784,pyin_probability_below_0.5,3.2761436860297666,False,3.3000000000000034,3.553206728740512
3.51,3.4673333333333334,3.5526666666666666,False,133.03860595958074,True,0.010013068846238975,1.4000000000000004,0.06823394474613344,-23.31999041055723,3.5066666666666664,-0.0033333333333334103,137.49868061579238,True,0.8941555504784963,4.460074656211646,-0.5708738228702294,pyin_probability_below_0.5,2.663443290762207,False,2.7,2.940506333472955
3.52,3.477333333333333,3.562666666666667,False,127.76667781088264,True,0.01000123296498612,0.7000000000000017,0.07083579327797038,-22.99494476285551,3.5166666666666666,-0.0033333333333334103,128.6239786541731,True,0.8615210560421186,0.8573008432904601,-0.11577597733337164,pyin_probability_below_0.5,1.5083454452253502,False,2.0000000000000004,1.7854084879360952
3.53,3.4873333333333334,3.5726666666666667,False,123.4144757235675,True,0.010006178555334078,0.100000000000004,0.07215023138622212,-22.83524543566523,3.5266666666666664,-0.0033333333333334103,123.26092997673985,True,0.8731899572961402,0.15354574682766042,0.021552506102059547,pyin_probability_below_0.5,0.77101696178992,False,1.4000000000000004,1.0480800045006642
3.54,3.497333333333333,3.582666666666667,False,117.84127594565435,True,0.01002672467381077,-0.7000000000000002,0.07236471390114904,-22.809463011319956,3.5366666666666666,-0.0033333333333334103,118.54186918797043,True,0.8030994560140934,0.7005932423160885,-0.10262105839862506,pyin_probability_below_0.5,0.09519052629060357,False,0.5999999999999976,0.3722535690013474
3.55,3.5073333333333334,3.5926666666666667,False,113.82716948276507,True,0.010259050559778863,-1.2999999999999985,0.07185805274778453,-22.87049111483733,3.5466666666666664,-0.0033333333333334103,110.68219175775661,True,0.789230445394692,3.1449777250084594,0.48506206342259917,pyin_probability_below_0.5,-1.0924925955306204,False,0.0,-0.8154295528198731
3.56,3.517333333333333,3.6026666666666665,False,109.9497982220883,True,0.010622609040911533,-1.8999999999999986,0.06998516055468107,-23.099880734693322,3.5566666666666666,-0.0033333333333334103,108.10239451605,True,0.8848152943627129,1.8474037060383068,0.29335772189606385,pyin_probability_below_0.5,-1.5007882540040853,False,-0.5999999999999991,-1.2237252112933397
3.57,3.5273333333333334,3.6126666666666667,False,106.2045044606715,True,0.011085791888943373,-2.4999999999999973,0.06965467578992852,-23.140994497476473,3.5666666666666664,-0.0033333333333334103,106.09125265332983,True,0.8481053829928764,0.11325180734166906,0.018470967696437406,pyin_probability_below_0.5,-1.8259014998044547,False,-1.199999999999998,-1.54883845709371
3.58,3.537333333333333,3.6226666666666665,False,105.59281152631061,True,0.022944219124638603,-2.6000000000000005,0.06842590704990521,-23.295588737938008,3.5766666666666667,-0.0033333333333334103,105.56319020973001,True,0.7779456508306797,0.029621316580602297,0.004857208107491829,pyin_probability_below_0.5,-1.9122877402155165,False,-1.3000000000000005,-1.63522469750477
3.59,3.5473333333333334,3.6326666666666667,False,102.5867891540234,True,0.03010686179419501,-3.0999999999999983,0.06588267902641627,-23.62457498338708,3.5866666666666664,-0.0033333333333334103,102.91750243814866,True,0.7735690269099169,0.33071328412525247,-0.055720743131188175,pyin_probability_below_0.5,-2.3517097889768332,False,-1.799999999999999,-2.0746467462660876
3.6,3.5573333333333332,3.6426666666666665,False,102.5867891540234,True,0.047686993082531035,-3.0999999999999983,0.06281790232626279,-24.03833140120152,3.5966666666666667,-0.0033333333333334103,100.06442448763632,True,0.921891760730047,2.522364666387091,0.43098968359956624,pyin_probability_below_0.5,-2.838420215707586,False,-1.799999999999999,-2.56135717299684
3.61,3.5673333333333335,3.6526666666666667,False,99.66634240352404,True,0.07797523762294818,-3.5999999999999988,0.06099738339692005,-24.293775890162415,3.6066666666666665,-0.0033333333333334103,99.45342233543802,True,0.939463958082121,0.21292006808602082,0.03702441217493131,pyin_probability_below_0.5,-2.944454944282949,False,-2.3,-2.6673919015722043
3.62,3.5773333333333333,3.6626666666666665,False,99.66634240352404,True,0.2796051653363589,-3.5999999999999988,0.05985618922865599,-24.45781872340417,3.6166666666666663,-0.0033333333333338544,98.83993377104075,True,0.9656006619608598,0.8264086324832931,0.14414809004357837,pyin_probability_below_0.5,-3.0515786221515997,False,-2.3,-2.7745155794408536
3.63,3.5873333333333335,3.6726666666666667,False,99.09230651162453,True,0.615949885458068,-3.6999999999999984,0.05499756815978928,-25.193130267618294,3.6266666666666665,-0.0033333333333334103,98.85767410937567,True,0.9581766171715251,0.23463240224886306,0.04104105418420669,,-3.04847158629223,True,-2.4000000000000004,-2.771408543581483
3.64,3.5973333333333333,3.6826666666666665,False,99.09230651162453,True,0.5485250542599844,-3.6999999999999984,0.05315768336311614,-25.488679081500383,3.6366666666666663,-0.0033333333333338544,99.15123387542297,True,0.9944237171437654,0.05892736379844621,-0.010292094404190828,,-2.9971384377038306,True,-2.4000000000000004,-2.7200753949930863
3.65,3.6073333333333335,3.6926666666666668,False,99.09230651162453,True,0.5485250542599843,-3.6999999999999984,0.050283645340050545,-25.97146490863109,3.6466666666666665,-0.0033333333333334103,99.1544408147838,True,0.9751748092242288,0.06213430315926871,-0.010852034267122262,,-2.9965784978408987,True,-2.4000000000000004,-2.719515455130153
3.66,3.6173333333333333,3.7026666666666666,False,99.09230651162453,True,0.42606232904328145,-3.6999999999999984,0.0479580196845576,-26.382775167771328,3.6566666666666663,-0.0033333333333338544,98.40098883114226,True,0.9369046270885879,0.6913176804822712,0.12120285840461653,pyin_probability_below_0.5,-3.128633390512637,False,-2.4000000000000004,-2.851570347801891
3.67,3.6273333333333335,3.712666666666667,False,98.52157682317586,True,0.2796051653363589,-3.8,0.045437175758476576,-26.851773418576247,3.6666666666666665,-0.0033333333333334103,97.48365857390496,True,0.8996778818780459,1.037918249270902,0.18335185846044377,pyin_probability_below_0.5,-3.290782390568469,False,-2.5000000000000013,-3.0137193478577218
3.68,3.6373333333333333,3.7226666666666666,False,97.95413429584742,True,0.2407543944755743,-3.8999999999999986,0.04391298369187246,-27.148141070304426,3.6766666666666663,-0.0033333333333338544,96.1362409361784,True,0.8142383818807758,1.8178933596690285,0.3243118998976325,pyin_probability_below_0.5,-3.531742432005655,False,-2.6000000000000005,-3.2546793892949086
3.69,3.6473333333333335,3.732666666666667,False,97.95413429584742,True,0.20650679911775227,-3.8999999999999986,0.043498640491592085,-27.23048632583883,3.6866666666666665,-0.0033333333333334103,98.27776543892938,True,0.8378297378535547,0.32363114308195406,-0.05710404505888496,pyin_probability_below_0.5,-3.1503264870491376,False,-2.6000000000000005,-2.8732634443383924
3.7,3.6573333333333333,3.7426666666666666,False,97.3899599969843,True,0.20650679911775233,-3.9999999999999964,0.04144812604790988,-27.649901999716676,3.6966666666666663,-0.0033333333333338544,95.1363590939298,True,0.9142529315203191,2.2536009030545046,0.40531485152518987,pyin_probability_below_0.5,-3.7127453836332105,False,-2.699999999999999,-3.4356823409224653
3.71,3.667333333333333,3.752666666666667,False,96.82903510297565,True,0.24075439447557426,-4.099999999999997,0.038810965521796775,-28.220911058844322,3.7066666666666666,-0.0033333333333334103,97.05748325583498,True,0.9342185330795494,0.22844815285932896,-0.04079679258217226,pyin_probability_below_0.5,-3.3666337395258497,False,-2.8,-3.0895706968151027
3.72,3.6773333333333333,3.7626666666666666,False,97.3899599969843,True,0.37213589829750865,-3.9999999999999964,0.03705849550798341,-28.622244320873364,3.7166666666666663,-0.0033333333333338544,98.0631920250334,True,0.9553632239948187,0.6732320280490995,-0.11926405967325043,pyin_probability_below_0.5,-3.188166472434771,False,-2.699999999999999,-2.911103429724024
3.73,3.687333333333333,3.772666666666667,False,96.82903510297565,True,0.48498680771591124,-4.099999999999997,0.035560804917603724,-28.98056834699633,3.7266666666666666,-0.0033333333333334103,97.57238998183541,True,0.910516034193598,0.7433548788597619,-0.1323989830401769,pyin_probability_below_0.5,-3.2750315490678448,False,-2.8,-2.997968506357098
3.74,3.6973333333333334,3.7826666666666666,False,96.82903510297565,True,0.4849868077159112,-4.099999999999997,0.033635871362996034,-29.46394634208879,3.7366666666666664,-0.0033333333333338544,96.17067898555217,True,0.8767509186890586,0.6583561174234802,0.11811136126689478,pyin_probability_below_0.5,-3.5255418933749176,False,-2.8,-3.2484788506641706
3.75,3.707333333333333,3.792666666666667,False,96.82903510297565,True,0.37213589829750865,-4.099999999999997,0.031616761146582816,-30.001652433940787,3.7466666666666666,-0.0033333333333334103,95.87207664526451,True,0.9257878185511799,0.9569584577111385,0.17194843036524715,pyin_probability_below_0.5,-3.5793789624732666,False,-2.8,-3.3023159197625214
3.76,3.7173333333333334,3.8026666666666666,False,96.82903510297565,True,0.1765306086328976,-4.099999999999997,0.029125665459441265,-30.71448286296713,3.7566666666666664,-0.0033333333333334103,95.93990799299186,True,0.931466098175675,0.8891271099837894,0.15970394586169478,pyin_probability_below_0.5,-3.5671344779697156,False,-2.8,-3.2900714352589695
3.77,3.727333333333333,3.812666666666667,False,97.3899599969843,True,0.016467587593113005,-3.9999999999999964,0.027445332747211473,-31.230629989283845,3.7666666666666666,-0.0033333333333334103,95.75065587223794,True,0.9433190086028698,1.63930412474636,0.2938881868752544,pyin_probability_below_0.5,-3.6013187189832765,False,-2.699999999999999,-3.32425567627253
3.78,3.7373333333333334,3.8226666666666667,False,100.82440951919276,True,0.013100262550513395,-3.399999999999997,0.02742983309418975,-31.235536699891124,3.7766666666666664,-0.0033333333333334103,96.26282283630971,True,0.8157867623899502,4.561586682883046,0.8015318589946618,pyin_probability_below_0.5,-3.508962391102681,False,-2.0999999999999996,-3.231899348391935
3.79,3.747333333333333,3.832666666666667,False,101.99593272657759,True,0.02031762855636058,-3.199999999999998,0.03021879918660217,-30.394455946858443,3.7866666666666666,-0.0033333333333334103,101.87101093874672,True,0.6346192855273688,0.12492178783087127,0.02121666963194409,pyin_probability_below_0.5,-2.5286472017399655,False,-1.9000000000000006,-2.251584159029219
3.8,3.7573333333333334,3.8426666666666667,False,101.99593272657759,True,0.04768699308253103,-3.199999999999998,0.0342058706326507,-29.317987022406555,3.7966666666666664,-0.0033333333333334103,103.96674224028565,True,0.8636928905968918,1.970809513708062,-0.33132572922333686,pyin_probability_below_0.5,-2.1761048028846846,False,-1.9000000000000006,-1.899041760173938
3.81,3.767333333333333,3.8526666666666665,False,101.99593272657759,True,0.12793708630129033,-3.199999999999998,0.03852005690261202,-28.286261599967638,3.8066666666666666,-0.0033333333333334103,104.04555149381963,True,0.8603867717713994,2.0496187672420376,-0.34444392211265673,pyin_probability_below_0.5,-2.1629866099953663,False,-1.9000000000000006,-1.8859235672846197
3.82,3.7773333333333334,3.8626666666666667,False,101.99593272657759,True,0.24075439447557428,-3.199999999999998,0.04250099259840311,-27.432018540181858,3.8166666666666664,-0.0033333333333334103,101.98492720701864,True,0.9251595823419463,0.011005519558949572,0.0018681292169073832,pyin_probability_below_0.5,-2.509298661324931,False,-1.9000000000000006,-2.2322356186141863
3.83,3.787333333333333,3.8726666666666665,False,101.99593272657759,True,0.37213589829750865,-3.199999999999998,0.04582431632370945,-26.778080115555092,3.8266666666666667,-0.0033333333333334103,101.74178262158358,True,0.971591238481603,0.2541501049940109,0.04319215446315255,pyin_probability_below_0.5,-2.5506226865711756,False,-1.9000000000000006,-2.2735596438604295
3.84,3.7973333333333334,3.8826666666666667,False,101.40847938173854,True,0.5485250542599845,-3.3000000000000007,0.04840882047968879,-26.3015099833744,3.8366666666666664,-0.0033333333333334103,101.67214308884114,True,0.9801939182491323,0.26366370710259446,-0.04495395357404632,,-2.5624765785339774,True,-2.0000000000000004,-2.2854135358232304
3.85,3.8073333333333332,3.8926666666666665,False,101.40847938173854,True,0.6159498854580681,-3.3000000000000007,0.05088831652478392,-25.86763832232191,3.8466666666666667,-0.0033333333333334103,101.77070501276118,True,0.991118126832552,0.36222563102263905,-0.061728568516181415,,-2.545701963591842,True,-2.0000000000000004,-2.2686389208810955
3.86,3.8173333333333335,3.9026666666666667,False,101.99593272657759,True,0.6860828109301794,-3.199999999999998,0.05219135519624662,-25.648028522898244,3.8566666666666665,-0.0033333333333334103,101.41479166947651,True,0.9916231070800002,0.5811410571010782,0.09892240694015388,,-2.606352939048176,True,-1.9000000000000006,-2.329289896337431
3.87,3.8273333333333333,3.9126666666666665,False,101.99593272657759,True,0.7571601330199094,-3.199999999999998,0.05239213897366617,-25.61467741164911,3.8666666666666663,-0.0033333333333338544,101.04888553994323,True,0.9939145051494173,0.9470471866343644,0.1614985537952873,,-2.668929085903308,True,-1.9000000000000006,-2.391866043192562
3.88,3.8373333333333335,3.9226666666666667,False,101.99593272657759,True,0.7571601330199094,-3.199999999999998,0.05139805437114525,-25.781066410704664,3.8766666666666665,-0.0033333333333334103,101.34490045822494,True,0.9971405408945295,0.651032268352651,0.11085752561899606,,-2.6182880577270184,True,-1.9000000000000006,-2.341225015016274
3.89,3.8473333333333333,3.9326666666666665,False,101.40847938173854,True,0.7571601330199093,-3.3000000000000007,0.05007926316324591,-26.006841394071756,3.8866666666666663,-0.0033333333333338544,102.07009603762893,True,0.9782570408795273,0.6616166558903842,-0.11258357951236664,,-2.4948469525956556,True,-2.0000000000000004,-2.21778390988491
3.9,3.8573333333333335,3.9426666666666668,False,101.40847938173854,True,0.6860828109301792,-3.3000000000000007,0.048834510349388766,-26.22546324956634,3.8966666666666665,-0.0033333333333334103,102.38486498181564,True,0.986061881761776,0.9763856000770943,-0.16589010155415346,,-2.441540430553869,True,-2.0000000000000004,-2.1644773878431227
3.91,3.8673333333333333,3.9526666666666666,False,101.99593272657759,True,0.6860828109301792,-3.199999999999998,0.04769414803828107,-26.43069809240233,3.9066666666666663,-0.0033333333333338544,101.8111190344655,True,0.994195839428613,0.18481369211208687,0.03139791694677514,,-2.538828449054798,True,-1.9000000000000006,-2.2617654063440518
3.92,3.8773333333333335,3.962666666666667,False,101.99593272657759,True,0.6860828109301793,-3.199999999999998,0.04689998821852858,-26.57654532762954,3.9166666666666665,-0.0033333333333334103,101.58587299670934,True,0.9978860883589431,0.41005972986825157,0.06974202080960051,,-2.577172552917621,True,-1.9000000000000006,-2.300109510206876
3.93,3.8873333333333333,3.9726666666666666,False,101.99593272657759,True,0.6159498854580681,-3.199999999999998,0.04627231050155647,-26.693576289222378,3.9266666666666663,-0.0033333333333338544,101.43455258828034,True,0.9951624221724695,0.5613801382972525,0.09554938390106929,,-2.602979916009091,True,-1.9000000000000006,-2.325916873298346
3.94,3.8973333333333335,3.982666666666667,False,102.5867891540234,True,0.48498680771591124,-3.0999999999999983,0.04617396743498554,-26.71205615372715,3.9366666666666665,-0.0033333333333334103,101.6777559349471,True,0.9984051780817557,0.9090332190763064,0.1540903390132703,pyin_probability_below_0.5,-2.561520871121293,False,-1.799999999999999,-2.2844578284105466
3.95,3.9073333333333333,3.9926666666666666,False,103.18106837793296,True,0.42606232904328145,-2.9999999999999987,0.046723611289508686,-26.60927195554376,3.9466666666666663,-0.0033333333333338544,102.39473271922944,True,0.997818705914795,0.7863356587035213,0.13244143506345504,pyin_probability_below_0.5,-2.4398719671714795,False,-1.7000000000000013,-2.1628089244607325
3.96,3.917333333333333,4.002666666666666,False,103.18106837793296,True,0.37213589829750876,-2.9999999999999987,0.04788127415975184,-26.39668602363061,3.9566666666666666,-0.0033333333333334103,103.10263730182014,True,0.9924678189962342,0.07843107611282107,0.013164641925247984,pyin_probability_below_0.5,-2.320595174033268,False,-1.7000000000000013,-2.0435321313225243
3.97,3.9273333333333333,4.012666666666667,False,103.77879022636449,True,0.2796051653363589,-2.8999999999999977,0.05016048028395569,-25.992766276213025,3.9666666666666663,-0.0033333333333338544,104.15881716361058,True,0.9859884792781181,0.38002693724608605,-0.06328016505424537,pyin_probability_below_0.5,-2.144150367053775,False,-1.5999999999999979,-1.8670873243430286
3.98,3.937333333333333,4.022666666666667,False,104.98464168400547,True,0.056071395445892624,-2.699999999999999,0.056890832472342175,-24.89915422480299,3.9766666666666666,-0.0033333333333334103,104.63838296294159,True,0.9732352450386152,0.3462587210638759,0.05719366313945696,pyin_probability_below_0.5,-2.0646241952474798,False,-1.3999999999999984,-1.7875611525367332
3.99,3.9473333333333334,4.032666666666667,False,104.98464168400547,True,0.030106861794195014,-2.699999999999999,0.06022294762949068,-24.40475983269448,3.9866666666666664,-0.0033333333333338544,104.13542112960683,True,0.9385695703468505,0.8492205543986415,0.1406089498039142,pyin_probability_below_0.5,-2.1480394819119346,False,-1.3999999999999984,-1.870976439201189
4.0,3.957333333333333,4.042666666666666,False,104.98464168400547,True,0.018187375734912185,-2.699999999999999,0.06385579297004743,-23.895993952097978,3.9966666666666666,-0.0033333333333334103,103.75335124177883,True,0.9172693652902986,1.231290442226637,0.20424424247708378,pyin_probability_below_0.5,-2.2116747745851035,False,-1.3999999999999984,-1.9346117318743583
4.01,3.9673333333333334,4.052666666666667,False,104.98464168400547,True,0.020317628556360583,-2.699999999999999,0.06545434245911409,-23.681230712296255,4.006666666666667,-0.0033333333333329662,105.10015776307795,True,0.838305308956323,0.11551607907247785,-0.019038539674058188,pyin_probability_below_0.5,-1.988391992433964,False,-1.3999999999999984,-1.7113289497232178
4.02,3.977333333333333,4.062666666666667,False,104.37997464223893,True,0.013100262550513395,-2.8,0.06722171391640942,-23.44980837498334,4.016666666666667,-0.0033333333333329662,105.78629060226086,True,0.5820568338856391,1.406315960021928,-0.23169259914885953,pyin_probability_below_0.5,-1.875737932959163,False,-1.5000000000000004,-1.5986748902484158
4.03,3.9873333333333334,4.072666666666667,False,104.37997464223893,True,0.015085587297504336,-2.8,0.0687449346842144,-23.255185926605012,4.026666666666666,-0.0033333333333338544,104.71861556502783,True,0.557248637953542,0.33864092278889757,-0.05607567300441412,pyin_probability_below_0.5,-2.051354859103609,False,-1.5000000000000004,-1.7742918163928634
4.04,3.997333333333333,4.082666666666666,False,104.37997464223893,True,0.015085587297504338,-2.8,0.06874502538234137,-23.25517446694758,4.036666666666666,-0.0033333333333338544,105.07086529915419,True,0.6817736005242827,0.6908906569152578,-0.11421274489841916,pyin_probability_below_0.5,-1.9932177872096022,False,-1.5000000000000004,-1.7161547444988563
4.05,4.007333333333333,4.092666666666666,False,103.77879022636449,True,0.011853505394683413,-2.8999999999999977,0.06747228877009304,-23.417491152352085,4.046666666666667,-0.0033333333333329662,104.21230186238766,True,0.6508332942388786,0.43351163602316944,-0.07216762835465937,pyin_probability_below_0.5,-2.1352629037533606,False,-1.5999999999999979,-1.8581998610426158
4.06,4.017333333333333,4.102666666666667,False,103.77879022636449,True,0.015085587297504338,-2.8999999999999977,0.06484762094665719,-23.762119043468893,4.056666666666667,-0.0033333333333329662,103.68215766762057,True,0.8048054446156163,0.09663255874392007,0.016127718468724555,pyin_probability_below_0.5,-2.223558250576745,False,-1.5999999999999979,-1.9464952078659985
4.07,4.027333333333333,4.112666666666667,False,103.18106837793296,True,0.01646758759311301,-2.9999999999999987,0.057957641582872345,-24.73778590376318,4.066666666666666,-0.0033333333333338544,103.93032401822597,True,0.8448432650315584,0.7492556402930148,-0.12526037507325108,pyin_probability_below_0.5,-2.1821701570347702,False,-1.7000000000000013,-1.905107114324025
4.08,4.037333333333334,4.1226666666666665,False,103.18106837793296,True,0.015085587297504338,-2.9999999999999987,0.05261670538292757,-25.57752697860181,4.076666666666666,-0.0033333333333338544,102.60251581539092,True,0.7361823389224046,0.5785525625420433,0.09734620362450569,pyin_probability_below_0.5,-2.4047767357325287,False,-1.7000000000000013,-2.1277136930217813
4.09,4.0473333333333334,4.132666666666666,False,103.18106837793296,True,0.020317628556360583,-2.9999999999999987,0.04663822394348029,-26.62515993094681,4.086666666666667,-0.0033333333333329662,101.5449236517019,True,0.892450811329144,1.6361447262310662,0.2767220457485955,pyin_probability_below_0.5,-2.5841525778566194,False,-1.7000000000000013,-2.307089535145873
4.1,4.057333333333333,4.142666666666667,False,102.5867891540234,True,0.016467587593113012,-3.0999999999999983,0.04177926233104432,-27.58078464680073,4.096666666666667,-0.0033333333333329662,101.80104577450005,True,0.9001158626321244,0.7857433795233533,0.13311089619513322,pyin_probability_below_0.5,-2.5405414283031518,False,-1.799999999999999,-2.263478385592406
4.11,4.067333333333333,4.152666666666667,False,101.40847938173854,True,0.03010686179419501,-3.3000000000000007,0.03521648477789598,-29.065079928052118,4.1066666666666665,-0.0033333333333338544,101.13607297251863,True,0.5639385861034762,0.27240640921991144,0.0465674864802921,pyin_probability_below_0.5,-2.653998018588314,False,-2.0000000000000004,-2.3769349758775693
4.12,4.077333333333334,4.1626666666666665,False,101.40847938173854,True,0.026168028608935755,-3.3000000000000007,0.028946717735512044,-30.768013474771728,4.116666666666666,-0.0033333333333338544,99.19803673143953,True,0.5302598925731327,2.210442650299015,0.38153780250590585,pyin_probability_below_0.5,-2.9889683346139315,False,-2.0000000000000004,-2.711905291903185
4.13,4.0873333333333335,4.172666666666666,False,100.82440951919276,True,0.013980210380185926,-3.399999999999997,0.02505838882996567,-32.020937122343945,4.126666666666666,-0.0033333333333338544,99.54300092730206,True,0.7047412022070554,1.2814085918906954,0.22143804974340273,pyin_probability_below_0.5,-2.9288685818514226,False,-2.0999999999999996,-2.651805539140677
4.14,4.097333333333333,4.182666666666667,False,99.66634240352404,True,0.010467533617069905,-3.5999999999999988,0.021152740161942057,-33.492667307974614,4.136666666666667,-0.0033333333333329662,99.8296205431079,True,0.7156565838992418,0.16327813958385207,-0.028338692538763893,pyin_probability_below_0.5,-2.8790918395692566,False,-2.3,-2.6020287968585105
4.15,4.107333333333333,4.192666666666667,False,99.66634240352404,True,0.013100262550513395,-3.5999999999999988,0.017737318350351635,-35.02224078329701,4.1466666666666665,-0.0033333333333338544,101.29498250476432,True,0.6064131168147943,1.6286401012402791,-0.28061309100639664,pyin_probability_below_0.5,-2.6268174411016223,False,-2.3,-2.349754398390877
4.16,4.117333333333334,4.2026666666666666,False,100.24370365151614,True,0.01646758759311301,-3.500000000000001,0.013623839100706735,-37.31400988177792,4.156666666666666,-0.0033333333333338544,,False,0.0,,,pyin_probability_below_0.5|voicing_disagreement,,False,-2.200000000000002,
4.17,4.1273333333333335,4.212666666666666,False,99.66634240352404,True,0.010467533617069905,-3.5999999999999988,0.010816948272002665,-39.317904942756655,4.166666666666666,-0.0033333333333338544,,False,0.0,,,pyin_probability_below_0.5|voicing_disagreement,,False,-2.3,
4.18,4.137333333333333,4.222666666666667,False,96.27134089862668,True,0.010013068846238973,-4.199999999999999,0.008124319274731853,-41.80426035495156,4.176666666666667,-0.0033333333333329662,,False,0.0,,,pyin_probability_below_0.5|voicing_disagreement,,False,-2.8999999999999995,
4.19,4.147333333333333,4.232666666666667,False,99.09230651162453,True,0.010000078102280326,-3.6999999999999984,0.006044288356368351,-44.37309649687758,4.1866666666666665,-0.0033333333333338544,,False,0.0,,,pyin_probability_below_0.5|voicing_disagreement,,False,-2.4000000000000004,
4.2,4.157333333333334,4.242666666666667,False,96.82903510297565,True,0.010000027850262286,-4.099999999999997,0.005244266967322897,-45.606304160066145,4.196666666666666,-0.0033333333333338544,,False,0.0,,,pyin_probability_below_0.5|voicing_disagreement,,False,-2.8,
4.21,4.167333333333334,4.252666666666666,False,102.5867891540234,True,0.010006178555334078,-3.0999999999999983,0.004486246424364746,-46.96233749601288,4.206666666666666,-0.0033333333333338544,,False,0.0,,,pyin_probability_below_0.5|voicing_disagreement,,False,-1.799999999999999,
4.22,4.177333333333333,4.262666666666667,False,102.5867891540234,True,0.010006178555334078,-3.0999999999999983,0.0036414593011325335,-48.77449079173004,4.216666666666667,-0.0033333333333329662,,False,0.0,,,pyin_probability_below_0.5|voicing_disagreement,,False,-1.799999999999999,
4.23,4.187333333333333,4.272666666666667,False,102.5867891540234,True,0.01000123296498612,-3.0999999999999983,0.0032699633022883596,-49.709142425100666,4.226666666666667,-0.0033333333333338544,,False,0.0,,,pyin_probability_below_0.5|voicing_disagreement,,False,-1.799999999999999,
4.24,4.197333333333333,4.282666666666667,False,103.18106837793296,True,0.010349055133375843,-2.9999999999999987,0.002852425412607186,-50.8957140604851,4.236666666666666,-0.0033333333333338544,,False,0.0,,,pyin_probability_below_0.5|voicing_disagreement,,False,-1.7000000000000013,
4.25,4.207333333333334,4.292666666666666,False,102.5867891540234,True,0.01508558729750434,-3.0999999999999983,0.002467339585861017,-52.15542146812116,4.246666666666666,-0.0033333333333338544,,False,0.0,,,pyin_probability_below_0.5|voicing_disagreement,,False,-1.799999999999999,
4.26,4.217333333333333,4.302666666666667,False,103.18106837793296,True,0.01818737573491218,-2.9999999999999987,0.001659349873949881,-55.6012406664264,4.256666666666667,-0.0033333333333329662,,False,0.0,,,pyin_probability_below_0.5|voicing_disagreement,,False,-1.7000000000000013,
4.27,4.227333333333333,4.312666666666667,False,97.3899599969843,True,0.015085587297504338,-3.9999999999999964,0.0012979354163784613,-57.734938338821905,4.266666666666667,-0.0033333333333329662,,False,0.0,,,pyin_probability_below_0.5|voicing_disagreement,,False,-2.699999999999999,
4.28,4.237333333333333,4.322666666666667,False,96.82903510297565,True,0.013100262550513395,-4.099999999999997,0.0009877635406470217,-60.10694016255876,4.276666666666666,-0.0033333333333338544,,False,0.0,,,pyin_probability_below_0.5|voicing_disagreement,,False,-2.8,
4.29,4.247333333333334,4.332666666666666,False,102.5867891540234,True,0.013980210380185928,-3.0999999999999983,0.0008140762495607072,-61.78669830976916,4.286666666666666,-0.0033333333333338544,,False,0.0,,,pyin_probability_below_0.5|voicing_disagreement,,False,-1.799999999999999,
4.3,4.257333333333333,4.342666666666666,False,100.24370365151614,True,0.013100262550513395,-3.500000000000001,0.0007072380831000545,-63.008687232668365,4.296666666666667,-0.0033333333333329662,,False,0.0,,,pyin_probability_below_0.5|voicing_disagreement,,False,-2.200000000000002,
4.31,4.267333333333333,4.352666666666667,False,98.52157682317586,True,0.010622609040911533,-3.8,0.0005748902317545798,-64.80830141209094,4.306666666666667,-0.0033333333333329662,,False,0.0,,,pyin_probability_below_0.5|voicing_disagreement,,False,-2.5000000000000013,
4.32,4.277333333333333,4.362666666666667,False,94.61745688474217,True,0.010052967545965857,-4.500000000000001,0.00040147253492716967,-67.92688319637678,4.316666666666666,-0.0033333333333338544,,False,0.0,,,pyin_probability_below_0.5|voicing_disagreement,,False,-3.2000000000000006,
4.33,4.287333333333334,4.3726666666666665,False,94.61745688474217,True,0.010006178555334078,-4.500000000000001,0.0003393251751596127,-69.38767836104371,4.326666666666666,-0.0033333333333338544,,False,0.0,,,pyin_probability_below_0.5|voicing_disagreement,,False,-3.2000000000000006,
4.34,4.2973333333333334,4.382666666666666,False,99.66634240352404,True,0.01000123296498612,-3.5999999999999988,0.0002824639401063099,-70.98073974361208,4.336666666666667,-0.0033333333333329662,,False,0.0,,,pyin_probability_below_0.5|voicing_disagreement,,False,-2.3,
4.35,4.307333333333333,4.392666666666667,False,98.52157682317586,True,0.01000123296498612,-3.8,0.00019878791537045697,-74.03220041159594,4.346666666666667,-0.0033333333333329662,,False,0.0,,,pyin_probability_below_0.5|voicing_disagreement,,False,-2.5000000000000013,
4.36,4.317333333333333,4.402666666666667,False,98.52157682317586,True,0.0100000470079773,-3.8,0.00017073966638109513,-75.35331143017294,4.3566666666666665,-0.0033333333333338544,,False,0.0,,,pyin_probability_below_0.5|voicing_disagreement,,False,-2.5000000000000013,
4.37,4.327333333333334,4.4126666666666665,False,95.16557023646565,True,0.010000000417925077,-4.399999999999998,0.000168045018875964,-75.4914871237822,4.366666666666666,-0.0033333333333338544,,False,0.0,,,pyin_probability_below_0.5|voicing_disagreement,,False,-3.0999999999999983,
4.38,4.3373333333333335,4.422666666666666,False,94.61745688474217,True,0.010000000000006925,-4.500000000000001,0.00017098053382311719,-75.34106662659362,4.376666666666667,-0.0033333333333329662,,False,0.0,,,pyin_probability_below_0.5|voicing_disagreement,,False,-3.2000000000000006,
4.39,4.347333333333333,4.432666666666667,False,,False,0.01000000002170159,,0.00016116108384433382,-75.85479641092628,4.386666666666667,-0.0033333333333329662,,False,0.0,,,,,False,,
4.4,4.357333333333333,4.442666666666667,False,,False,0.010000000000001869,,0.00016241748390358993,-75.78734443365272,4.3966666666666665,-0.0033333333333338544,,False,0.0,,,,,False,,
4.41,4.367333333333334,4.4526666666666666,False,,False,0.010000000000006925,,0.0001542522143777277,-76.23537185414399,4.406666666666666,-0.0033333333333338544,,False,0.0,,,,,False,,
4.42,4.3773333333333335,4.462666666666666,False,,False,0.01000000000000011,,0.00015472245286008327,-76.20893316419316,4.416666666666666,-0.0033333333333338544,,False,0.0,,,,,False,,
4.43,4.387333333333333,4.472666666666667,False,,False,0.0100000000000754,,0.00015261694512317184,-76.32794487612506,4.426666666666667,-0.0033333333333329662,,False,0.0,,,,,False,,
4.44,4.397333333333333,4.482666666666667,False,,False,0.01,,0.00015060054490426784,-76.44346913528425,4.4366666666666665,-0.0033333333333338544,,False,0.0,,,,,False,,
4.45,4.407333333333334,4.492666666666667,False,,False,0.010000000000023851,,0.00014645422809050755,-76.6859617169477,4.446666666666666,-0.0033333333333338544,,False,0.0,,,,,False,,
4.46,4.417333333333334,4.502666666666666,False,,False,0.01,,0.00014589269046774207,-76.7193293326653,4.456666666666666,-0.0033333333333338544,,False,0.0,,,,,False,,
4.47,4.427333333333333,4.512666666666667,False,,False,0.01,,0.00013646959508212698,-77.29928194080493,4.466666666666667,-0.0033333333333329662,,False,0.0,,,,,False,,
4.48,4.437333333333333,4.522666666666667,False,,False,0.01,,0.0001361885657948395,-77.31718707323145,4.476666666666667,-0.0033333333333338544,,False,0.0,,,,,False,,
4.49,4.447333333333333,4.532666666666667,False,,False,0.01000000000000011,,0.00013855955771219892,-77.16727023220692,4.486666666666666,-0.0033333333333338544,,False,0.0,,,,,False,,
4.5,4.457333333333334,4.542666666666666,False,,False,0.01,,0.00015190538116219534,-76.36853682456737,4.496666666666666,-0.0033333333333338544,,False,0.0,,,,,False,,
4.51,4.467333333333333,4.552666666666667,False,,False,0.010000000000001869,,0.00018717847706232728,-74.55488181179264,4.506666666666667,-0.0033333333333329662,,False,0.0,,,,,False,,
4.52,4.477333333333333,4.562666666666667,False,,False,0.01,,0.0001942366767441722,-74.23337522041783,4.516666666666667,-0.0033333333333329662,,False,0.0,,,,,False,,
4.53,4.487333333333333,4.572666666666667,False,,False,0.010000000000000439,,0.0002001506576439776,-73.97285957151414,4.526666666666666,-0.0033333333333338544,,False,0.0,,,,,False,,
4.54,4.497333333333334,4.582666666666666,False,,False,0.01,,0.0002039821082474763,-73.80815847796809,4.536666666666666,-0.0033333333333338544,,False,0.0,,,,,False,,
4.55,4.507333333333333,4.592666666666666,False,,False,0.010000000000023851,,0.0002147366669370612,-73.36187584263975,4.546666666666667,-0.0033333333333329662,,False,0.0,,,,,False,,
4.56,4.517333333333333,4.602666666666667,False,,False,0.010000000021701592,,0.00021744610954388445,-73.25296716293798,4.556666666666667,-0.0033333333333329662,,False,0.0,,,,,False,,
4.57,4.527333333333333,4.612666666666667,False,,False,0.010000000101429396,,0.00021822477421120704,-73.22191894365504,4.566666666666666,-0.0033333333333338544,,False,0.0,,,,,False,,
4.58,4.537333333333334,4.6226666666666665,False,,False,0.010000000001606037,,0.0002223002353143875,-73.06120155162648,4.576666666666666,-0.0033333333333338544,,False,0.0,,,,,False,,
4.59,4.5473333333333334,4.632666666666666,False,,False,0.010000009287486629,,0.0002053757070268346,-73.7490185690245,4.586666666666667,-0.0033333333333329662,,False,0.0,,,,,False,,
4.6,4.557333333333333,4.642666666666667,False,,False,0.010000000009505967,,0.00019798104243161236,-74.06752786764915,4.596666666666667,-0.0033333333333329662,,False,0.0,,,,,False,,
4.61,4.567333333333333,4.652666666666667,False,,False,0.010000000009505967,,0.00020115295122661214,-73.92947182541093,4.6066666666666665,-0.0033333333333338544,,False,0.0,,,,,False,,
4.62,4.577333333333334,4.6626666666666665,False,,False,0.010000000047726023,,0.00020350893741629452,-73.82833026584181,4.616666666666666,-0.0033333333333338544,,False,0.0,,,,,False,,
4.63,4.5873333333333335,4.672666666666666,False,,False,0.010000000101429396,,0.00019811708841840963,-74.06156126300522,4.626666666666667,-0.0033333333333329662,,False,0.0,,,,,False,,
4.64,4.597333333333333,4.682666666666667,False,,False,0.010000000001606035,,0.00019218785459733587,-74.32548122492304,4.636666666666667,-0.0033333333333329662,,False,0.0,,,,,False,,
4.65,4.607333333333333,4.692666666666667,False,,False,0.010000000000023851,,0.0002005081823039797,-73.95735800132877,4.6466666666666665,-0.0033333333333338544,,False,0.0,,,,,False,,
4.66,4.617333333333334,4.693333333333333,True,65.0,True,0.01000000000000011,-11.0,0.00020637316133357138,-73.70693566053005,4.656666666666666,-0.0033333333333338544,,False,0.0,,,near_pyin_floor|pyin_probability_below_0.5|voicing_disagreement|edge_window,,False,-9.7,
4.67,4.6273333333333335,4.693333333333333,True,65.0,True,0.01000000000950597,-11.0,0.00020839999633317572,-73.62204586027958,4.666666666666666,-0.0033333333333338544,,False,0.0,,,near_pyin_floor|pyin_probability_below_0.5|voicing_disagreement|edge_window,,False,-9.7,
4.68,4.637333333333333,4.693333333333333,True,65.0,True,0.010000000417925077,-11.0,0.00021019689079734434,-73.54747424565537,,,,,,,,near_pyin_floor|pyin_probability_below_0.5|edge_window,,False,-9.7,
4.69,4.647333333333333,4.693333333333333,True,65.0,True,0.010000000000001869,-11.0,0.0001797448312733485,-74.90687178599343,,,,,,,,near_pyin_floor|pyin_probability_below_0.5|edge_window,,False,-9.7,
