timestamp_s,window_start_s,window_end_s,edge_padded,f0_hz,voiced,voicing_probability,relative_pitch_semitones,rms_amplitude,rms_dbfs,praat_timestamp_s,praat_time_offset_s,praat_f0_hz,praat_voiced,praat_strength,absolute_difference_hz,signed_difference_semitones,flags,praat_relative_semitones,agreement_screen_pass
0.0,0.0,0.042666666666666665,True,206.36213675586595,True,0.010140046044704068,4.299999999999999,0.05644395406718088,-24.96765140458774,,,,,,,,pyin_probability_below_0.5|edge_window,,False
0.01,0.0,0.05266666666666667,True,203.99186545315516,True,0.018187375734912182,4.099999999999994,0.06629184598799483,-23.570797745690292,,,,,,,,pyin_probability_below_0.5|edge_window,,False
0.02,0.0,0.06266666666666666,True,202.8169587634771,True,0.047686993082531035,3.9999999999999973,0.07500010388186075,-22.498762701422628,0.02500000000000002,0.005000000000000018,207.31248216619883,True,0.5602391212996839,4.495523402721744,-0.3795443158420905,pyin_probability_below_0.5|edge_window,3.654511338920719,False
0.03,0.0,0.07266666666666667,True,201.6488190383855,True,0.12793708630129036,3.9000000000000004,0.08133314823647066,-21.794648334824615,0.02500000000000002,-0.00499999999999998,207.31248216619883,True,0.5602391212996839,5.663663127813322,-0.47954431584208723,pyin_probability_below_0.5|edge_window,3.654511338920719,False
0.04,0.0,0.08266666666666667,True,201.6488190383855,True,0.24075439447557428,3.9000000000000004,0.08468374004897325,-21.443999393127513,0.03500000000000002,-0.004999999999999984,204.99138987321277,True,0.7816656237833719,3.3425708348272565,-0.2846202934456901,pyin_probability_below_0.5|edge_window,3.459587316524321,False
0.05,0.007333333333333333,0.09266666666666666,False,201.6488190383855,True,0.3233360583906409,3.9000000000000004,0.09036053683191847,-20.88042395201283,0.04500000000000002,-0.004999999999999984,201.6899897152141,True,0.9335832276713943,0.04117067682858533,-0.0035343029854522133,pyin_probability_below_0.5,3.1785013260640795,False
0.06,0.017333333333333333,0.10266666666666667,False,201.6488190383855,True,0.4849868077159112,3.9000000000000004,0.09527435768457998,-20.420479408971136,0.05500000000000002,-0.004999999999999977,200.5347426064853,True,0.9787134893374507,1.1140764319002017,0.09591301929532725,pyin_probability_below_0.5,3.079054003783302,False
0.07,0.027333333333333334,0.11266666666666666,False,201.6488190383855,True,0.5485250542599845,3.9000000000000004,0.10177421924822547,-19.847244411737265,0.06500000000000002,-0.0049999999999999906,200.35762049130352,True,0.9826634298697826,1.29119854708199,0.11121088400038091,,3.0637561390782477,True
0.08,0.037333333333333336,0.12266666666666666,False,200.48740730303228,True,0.7571601330199094,3.799999999999997,0.10574000498977407,-19.515213468738956,0.07500000000000002,-0.004999999999999977,200.3880065089521,True,0.9840277278618176,0.09940079408019642,0.00858551244669076,,3.0663815106319365,True
0.09,0.04733333333333333,0.13266666666666665,False,200.48740730303228,True,0.7571601330199095,3.799999999999997,0.10890171583410325,-19.25930555063061,0.08500000000000002,-0.004999999999999977,200.17255402400963,True,0.9851997082045267,0.3148532790226568,0.027209348670763637,,3.047757674407862,True
0.1,0.05733333333333333,0.14266666666666666,False,200.48740730303228,True,0.8266685594724996,3.799999999999997,0.11184967700637262,-19.027305313967076,0.09500000000000003,-0.004999999999999977,198.59796168232756,True,0.9846144275167615,1.8894456207047199,0.1639296895972619,,2.911037333481362,True
0.11,0.06733333333333333,0.15266666666666667,False,199.33268480704808,True,0.7571601330199095,3.699999999999999,0.1149119061964111,-18.792699421444816,0.10500000000000002,-0.004999999999999977,196.91661084011588,True,0.9913435166049933,2.4160739669322027,0.21112170541780645,,2.7638453176608238,True
0.12,0.07733333333333334,0.16266666666666665,False,199.33268480704808,True,0.8266685594724996,3.699999999999999,0.11865634840589966,-18.5141804200842,0.11500000000000002,-0.004999999999999977,197.9626357533157,True,0.9944295776684061,1.370049053732373,0.11940160630850194,,2.855565416770127,True
0.13,0.08733333333333333,0.17266666666666666,False,199.33268480704808,True,0.8911444948731203,3.699999999999999,0.12068864522275796,-18.366671756142377,0.12500000000000003,-0.004999999999999977,197.90381138410768,True,0.9991350464874651,1.4288734229403985,0.1245467128146876,,2.85042031026394,True
0.14,0.09733333333333333,0.18266666666666667,False,199.33268480704808,True,0.9459302094659092,3.699999999999999,0.12142888911468117,-18.313559561669692,0.135,-0.0050000000000000044,198.1717690620914,True,0.9998852847503263,1.160915744956668,0.10112201563511217,,2.873845007443517,True
0.15,0.10733333333333334,0.19266666666666668,False,199.33268480704808,True,0.9459302094659092,3.699999999999999,0.12201050677653312,-18.272055380177928,0.14500000000000002,-0.004999999999999977,198.062487921605,True,0.998603794024526,1.2701968854430845,0.11067147950873538,,2.864295543569894,True
0.16,0.11733333333333333,0.20266666666666666,False,199.33268480704808,True,0.9459302094659092,3.699999999999999,0.12037984759114141,-18.388924217129077,0.15500000000000003,-0.004999999999999977,199.3428632480594,True,0.9902786599913888,0.010178441011305495,-0.0008839901887621711,,2.975851013267391,True
0.17,0.12733333333333333,0.21266666666666667,False,199.33268480704808,True,0.9459302094659092,3.699999999999999,0.11790214023083842,-18.569566225153903,0.16500000000000004,-0.004999999999999977,201.3464153902695,True,0.9822455286536845,2.0137305832214167,-0.17401797610897174,,3.1489849991876033,True
0.18,0.13733333333333334,0.22266666666666668,False,199.33268480704808,True,0.8911444948731204,3.699999999999999,0.11499589787109199,-18.78635303009712,0.17500000000000002,-0.004999999999999977,200.45336705521729,True,0.9905044420708808,1.120682248169203,-0.09706033210057137,,3.0720273551792006,True
0.19,0.14733333333333334,0.23266666666666666,False,200.48740730303228,True,0.8911444948731204,3.799999999999997,0.11135071226447213,-19.06614001237604,0.18500000000000003,-0.004999999999999977,199.81966534346728,True,0.9924109267014336,0.6677419595650065,0.057756595752566975,,3.0172104273260603,True
0.2,0.15733333333333333,0.24266666666666667,False,200.48740730303228,True,0.8911444948731203,3.799999999999997,0.10660026285972622,-19.444834488104902,0.19500000000000003,-0.004999999999999977,199.28942189082557,True,0.9925635043001728,1.1979854122067195,0.10375785650930464,,2.971209166569322,True
0.21,0.16733333333333333,0.25266666666666665,False,200.48740730303228,True,0.8266685594724995,3.799999999999997,0.1019265283178521,-19.83425535762726,0.20500000000000002,-0.004999999999999977,198.77123381378723,True,0.9954609043414031,1.716173489245051,0.1488316580362099,,2.9261353650424176,True
0.22,0.17733333333333334,0.26266666666666666,False,200.48740730303228,True,0.8266685594724996,3.799999999999997,0.10113562953262094,-19.901916357331697,0.21500000000000002,-0.004999999999999977,199.6237133283379,True,0.9940755884157678,0.863693974694371,0.07474217347905247,,3.000224849599574,True
0.23,0.18733333333333332,0.27266666666666667,False,200.48740730303228,True,0.8266685594724996,3.799999999999997,0.10131021940765333,-19.88693488183743,0.22500000000000003,-0.004999999999999977,201.48280969034448,True,0.9945849888335699,0.9954023873121969,-0.08574157761106632,,3.1607086006896914,True
0.24,0.19733333333333333,0.2826666666666667,False,201.6488190383855,True,0.8911444948731204,3.9000000000000004,0.10124325857783556,-19.892677704965845,0.23500000000000001,-0.004999999999999977,202.92134006096595,True,0.99668296324855,1.2725210225804346,-0.10890763631674258,,3.2838746593953703,True
0.25,0.20733333333333334,0.2926666666666667,False,201.6488190383855,True,0.9459302094659092,3.9000000000000004,0.10060088824386712,-19.947963694208774,0.24500000000000002,-0.004999999999999977,203.5757869808293,True,0.996765024969467,1.9269679424437811,-0.1646522748154797,,3.3396192978941084,True
0.26,0.21733333333333332,0.30266666666666664,False,201.6488190383855,True,0.9459302094659092,3.9000000000000004,0.0987165194036663,-20.11220331225184,0.255,-0.0050000000000000044,203.39744986029518,True,0.995962635666735,1.7486308219096713,-0.14947961543180804,,3.3244466385104356,True
0.27,0.22733333333333333,0.31266666666666665,False,201.6488190383855,True,0.9459302094659093,3.9000000000000004,0.09551637974854499,-20.398442929701442,0.265,-0.0050000000000000044,202.09934626628197,True,0.9957277105198887,0.45052722789645827,-0.03863638117601839,,3.2136034042546493,True
0.28,0.23733333333333334,0.32266666666666666,False,200.48740730303228,True,0.9459302094659093,3.799999999999997,0.09057213780536393,-20.86010762668046,0.275,-0.0050000000000000044,200.43306275050904,True,0.9949740968502737,0.0543445525232471,0.004693356778373788,,3.070273666300251,True
0.29,0.24733333333333332,0.33266666666666667,False,199.33268480704808,True,0.9459302094659092,3.699999999999999,0.08424439244966893,-21.48917994781858,0.28500000000000003,-0.004999999999999949,198.17428889804864,True,0.9921485518275689,1.158395908999438,0.10090188346931193,,2.87406513960932,True
0.3,0.25733333333333336,0.3426666666666667,False,197.04315364635175,True,0.9459302094659092,3.4999999999999982,0.07647678495917566,-22.329407556856175,0.29500000000000004,-0.004999999999999949,194.40962040754582,True,0.9909932034580213,2.6335332388059385,0.23294412512528484,,2.5420228979533452,True
0.31,0.2673333333333333,0.3526666666666667,False,195.90826859169485,True,0.9459302094659092,3.3999999999999977,0.06769770038372873,-23.388521671384105,0.30500000000000005,-0.004999999999999949,190.33643297778127,True,0.9861471840120164,5.571835613913578,0.49951860545837,,2.175448417620257,True
0.32,0.2773333333333333,0.3626666666666667,False,193.6580702059513,True,0.9459302094659093,3.2,0.05784563376128874,-24.754588328001535,0.315,-0.0050000000000000044,187.5713211489189,True,0.9806441342350986,6.086749057032392,0.5528683251308372,,1.9220986979477939,False
0.33,0.28733333333333333,0.37266666666666665,False,190.3311404729313,True,0.9459302094659092,2.9,0.04723305239594382,-26.515079752078144,0.325,-0.0050000000000000044,185.08039983670403,True,0.967810003582925,5.2507406362272775,0.48431403026197384,,1.6906529928166556,True
0.34,0.29733333333333334,0.38266666666666665,False,188.14500086724917,True,0.9459302094659092,2.7,0.03677425618410421,-28.68912205571008,0.335,-0.0050000000000000044,182.71477882242465,True,0.9125073403063876,5.430222044824518,0.5070195120829571,,1.4679475109956732,False
0.35,0.30733333333333335,0.39266666666666666,False,187.0613654014066,True,0.8266685594724995,2.5999999999999974,0.026263469019181855,-31.612958210486294,0.34500000000000003,-0.004999999999999949,189.28549112306942,True,0.829621963257772,2.22412572166283,-0.2046265002376358,,2.0795935233162632,True
0.36,0.31733333333333336,0.4026666666666667,False,184.9127823656466,True,0.6159498854580678,2.399999999999998,0.016673064849620018,-35.559691212877794,0.35500000000000004,-0.004999999999999949,,False,0.0,,,voicing_disagreement,,False
0.37,0.3273333333333333,0.4126666666666667,False,183.84776310850236,True,0.10857977072874501,2.3000000000000003,0.009087763071625374,-40.83086008078396,0.36500000000000005,-0.004999999999999949,,False,0.0,,,pyin_probability_below_0.5|voicing_disagreement,,False
0.38,0.3373333333333333,0.4226666666666667,False,194.7799199939686,True,0.016467587593113005,3.3000000000000003,0.0038030405759936292,-48.39738081842561,0.37500000000000006,-0.004999999999999949,,False,0.0,,,pyin_probability_below_0.5|voicing_disagreement,,False
0.39,0.3473333333333333,0.43266666666666664,False,190.3311404729313,True,0.010824463728234167,2.9,0.0025411644023421907,-51.89934474133523,0.385,-0.0050000000000000044,,False,0.0,,,pyin_probability_below_0.5|voicing_disagreement,,False
0.4,0.35733333333333334,0.44266666666666665,False,,False,0.01010197459374499,,0.0019048563648447728,-54.40275533212561,0.395,-0.0050000000000000044,,False,0.0,,,,,False
0.41,0.36733333333333335,0.45266666666666666,False,,False,0.01646758759311301,,0.0016954504232371329,-55.41429809860063,0.405,-0.004999999999999949,,False,0.0,,,,,False
0.42,0.37733333333333335,0.46266666666666667,False,,False,0.010013068846238975,,0.0010537447412846106,-59.54529159418671,0.41500000000000004,-0.004999999999999949,,False,0.0,,,,,False
0.43,0.3873333333333333,0.4726666666666667,False,,False,0.010006178555334078,,0.0009131731621018483,-60.788937215697985,0.42500000000000004,-0.004999999999999949,,False,0.0,,,,,False
0.44,0.3973333333333333,0.4826666666666667,False,,False,0.010009025493342986,,0.0008344285139542389,-61.572217273763826,0.43500000000000005,-0.004999999999999949,,False,0.0,,,,,False
0.45,0.4073333333333333,0.49266666666666664,False,,False,0.010073751764282884,,0.0008769866329395277,-61.14014052229935,0.445,-0.0050000000000000044,,False,0.0,,,,,False
0.46,0.41733333333333333,0.5026666666666667,False,,False,0.010467533617069905,,0.0008421443717027067,-61.492268990456004,0.455,-0.0050000000000000044,,False,0.0,,,,,False
0.47,0.42733333333333334,0.5126666666666667,False,,False,0.010622609040911533,,0.0008549550624968997,-61.36113423461815,0.465,-0.004999999999999949,,False,0.0,,,,,False
0.48,0.43733333333333335,0.5226666666666666,False,,False,0.010037765502929688,,0.0008747582540877225,-61.1622390177622,0.47500000000000003,-0.004999999999999949,,False,0.0,,,,,False
0.49,0.44733333333333336,0.5326666666666666,False,,False,0.010191075496968311,,0.000932937718808799,-60.60294695959293,0.48500000000000004,-0.004999999999999949,,False,0.0,,,,,False
0.5,0.4573333333333333,0.5426666666666666,False,,False,0.01010197459374499,,0.0009098180434095961,-60.82090909082211,0.49500000000000005,-0.004999999999999949,,False,0.0,,,,,False
0.51,0.4673333333333333,0.5526666666666666,False,,False,0.010009025493342986,,0.0009090409877156862,-60.82833068897244,0.505,-0.0050000000000000044,,False,0.0,,,,,False
0.52,0.47733333333333333,0.5626666666666666,False,,False,0.01000020633903134,,0.0008982417357228589,-60.93213539666543,0.515,-0.0050000000000000044,,False,0.0,,,,,False
0.53,0.48733333333333334,0.5726666666666667,False,,False,0.01000000928748663,,0.000889978202332708,-61.012412602439994,0.525,-0.0050000000000000044,,False,0.0,,,,,False
0.54,0.49733333333333335,0.5826666666666667,False,,False,0.010000001546554296,,0.0008530396863257889,-61.38061526993529,0.535,-0.0050000000000000044,,False,0.0,,,,,False
0.55,0.5073333333333333,0.5926666666666667,False,,False,0.010000000417925077,,0.0008649978510176479,-61.25969942971728,0.545,-0.0050000000000000044,,False,0.0,,,,,False
0.56,0.5173333333333333,0.6026666666666667,False,,False,0.0100028158258111,,0.000884993836654167,-61.061195076809724,0.555,-0.0050000000000000044,,False,0.0,,,,,False
0.57,0.5273333333333333,0.6126666666666667,False,,False,0.010000027850262286,,0.0008756322134223835,-61.153565393104465,0.5650000000000001,-0.004999999999999893,,False,0.0,,,,,False
0.58,0.5373333333333333,0.6226666666666667,False,,False,0.010000002871100368,,0.0008489852268426691,-61.42199733661754,0.5750000000000001,-0.004999999999999893,,False,0.0,,,,,False
0.59,0.5473333333333333,0.6326666666666667,False,,False,0.010000002871100368,,0.0008576215551084753,-61.334086242694354,0.5850000000000001,-0.004999999999999893,,False,0.0,,,,,False
0.6,0.5573333333333333,0.6426666666666667,False,,False,0.010000000003996623,,0.0010835184081669155,-59.30327411886477,0.5950000000000001,-0.004999999999999893,,False,0.0,,,,,False
0.61,0.5673333333333334,0.6526666666666666,False,,False,0.01,,0.0025045677344989956,-52.02534437175234,0.605,-0.0050000000000000044,,False,0.0,,,,,False
0.62,0.5773333333333334,0.6626666666666666,False,,False,0.01,,0.004549325227424998,-46.841060294277156,0.615,-0.0050000000000000044,,False,0.0,,,,,False
0.63,0.5873333333333334,0.6726666666666666,False,,False,0.010000000000221911,,0.0073719184426236945,-42.64838956269578,0.625,-0.0050000000000000044,,False,0.0,,,,,False
0.64,0.5973333333333334,0.6826666666666666,False,,False,0.010000000208892744,,0.012438253902047468,-38.104811643595596,0.635,-0.0050000000000000044,,False,0.0,,,,,False
0.65,0.6073333333333333,0.6926666666666667,False,,False,0.010000000001606037,,0.020488106535483903,-33.76996352518097,0.645,-0.0050000000000000044,,False,0.0,,,,,False
0.66,0.6173333333333333,0.7026666666666667,False,,False,0.010000000009505966,,0.02656214163800943,-31.51473823662795,0.655,-0.0050000000000000044,,False,0.0,,,,,False
0.67,0.6273333333333333,0.7126666666666667,False,,False,0.010000000000221913,,0.030866124043560875,-30.210358056408133,0.665,-0.0050000000000000044,,False,0.0,,,,,False
0.68,0.6373333333333333,0.7226666666666667,False,239.8022103323442,True,0.0100000000000754,6.899999999999999,0.032536215841943314,-29.75265919057072,0.675,-0.0050000000000000044,,False,0.0,,,pyin_probability_below_0.5|voicing_disagreement,,False
0.69,0.6473333333333333,0.7326666666666667,False,239.8022103323442,True,0.0100000000000754,6.899999999999999,0.032813319748205755,-29.678996589844893,0.685,-0.004999999999999893,,False,0.0,,,pyin_probability_below_0.5|voicing_disagreement,,False
0.7,0.6573333333333333,0.7426666666666667,False,239.8022103323442,True,0.010000002871100368,6.899999999999999,0.04299865245400262,-27.330903093506432,0.6950000000000001,-0.004999999999999893,,False,0.0,,,pyin_probability_below_0.5|voicing_disagreement,,False
0.71,0.6673333333333333,0.7526666666666667,False,222.45470667747657,True,0.010073751764282884,5.6,0.05603355099650878,-25.031037085068768,0.7050000000000001,-0.004999999999999893,,False,0.0,,,pyin_probability_below_0.5|voicing_disagreement,,False
0.72,0.6773333333333333,0.7626666666666667,False,222.45470667747657,True,0.01646758759311301,5.6,0.06849973394286098,-23.286222306610394,0.7150000000000001,-0.004999999999999893,,False,0.0,,,pyin_probability_below_0.5|voicing_disagreement,,False
0.73,0.6873333333333334,0.7726666666666666,False,222.45470667747657,True,0.056071395445892624,5.6,0.07910085339528689,-22.03637662009332,0.7250000000000001,-0.004999999999999893,,False,0.0,,,pyin_probability_below_0.5|voicing_disagreement,,False
0.74,0.6973333333333334,0.7826666666666666,False,221.17346184722248,True,0.20650679911775227,5.499999999999998,0.09290419619545158,-20.639293396473075,0.735,-0.0050000000000000044,225.54358562778603,True,0.7429030270806486,4.370123780563546,-0.33873560438566097,pyin_probability_below_0.5,5.11370262746429,False
0.75,0.7073333333333334,0.7926666666666666,False,218.63306796596578,True,0.32333605839064083,5.299999999999999,0.10704403797682173,-19.408750331215845,0.745,-0.0050000000000000044,219.2529147977989,True,0.9125645918325529,0.6198468318331152,-0.04901278869216413,pyin_probability_below_0.5,4.623979811770793,False
0.76,0.7173333333333334,0.8026666666666666,False,218.63306796596578,True,0.5485250542599844,5.299999999999999,0.1192718717583723,-18.469239304375584,0.755,-0.0050000000000000044,218.39250866044273,True,0.9908425942850148,0.24055930552304972,0.01905904481920602,,4.555907978259423,True
0.77,0.7273333333333334,0.8126666666666666,False,218.63306796596578,True,0.7571601330199094,5.299999999999999,0.12516538734085286,-18.05031504633479,0.765,-0.0050000000000000044,218.3695427745066,True,0.9946793470379112,0.2635251914591663,0.020879684849888343,,4.554087338228743,True
0.78,0.7373333333333333,0.8226666666666667,False,218.63306796596578,True,0.8266685594724995,5.299999999999999,0.13011511732023354,-17.713444847039177,0.775,-0.0050000000000000044,218.46113293071647,True,0.9883620218884862,0.1719350352493052,0.013619938310457522,,4.5613470847681725,True
0.79,0.7473333333333333,0.8326666666666667,False,217.37383415501247,True,0.6860828109301792,5.200000000000001,0.13324193758738814,-17.507181209591327,0.785,-0.0050000000000000044,218.78463639651952,True,0.9765166086323721,1.4108022415070423,-0.11199770542541337,,4.586964728504043,True
0.8,0.7573333333333333,0.8426666666666667,False,216.12185299712482,True,0.48498680771591124,5.099999999999998,0.1341614433508959,-17.44744556201114,0.795,-0.0050000000000000044,218.91613098875968,True,0.9600945336720658,2.794277991634857,-0.2223996941430906,pyin_probability_below_0.5,4.597366717221719,False
0.81,0.7673333333333333,0.8526666666666667,False,214.87708272009507,True,0.2065067991177523,5.0,0.13273203919191726,-17.54048466784053,0.805,-0.0050000000000000044,215.85512301529602,True,0.9521473770379659,0.978040295200941,-0.07862052327895294,pyin_probability_below_0.5,4.353587546357586,False
0.82,0.7773333333333333,0.8626666666666667,False,213.63948179230545,True,0.05607139544589263,4.899999999999995,0.13086514860867102,-17.663519946327146,0.8150000000000001,-0.004999999999999893,210.62564597223175,True,0.9775273181544001,3.0138358200736945,0.24596614784753976,pyin_probability_below_0.5,3.929000875231086,False
0.83,0.7873333333333333,0.8726666666666667,False,212.40900892134297,True,0.016467587593113005,4.799999999999999,0.12499651293048489,-18.062042049626438,0.8250000000000001,-0.004999999999999893,208.49902019235398,True,0.9442790526710617,3.909988728988992,0.32165223137690624,pyin_probability_below_0.5,3.7533147917017216,False
0.84,0.7973333333333333,0.8826666666666667,False,206.36213675586595,True,0.010824463728234167,4.299999999999999,0.11672337679898731,-18.656843136487907,0.8350000000000001,-0.004999999999999893,201.6647726696961,True,0.8862789309148481,4.697364086169841,0.39863037247871624,pyin_probability_below_0.5,3.1763366505999118,False
0.85,0.8073333333333333,0.8926666666666667,False,203.99186545315516,True,0.010191075496968311,4.099999999999994,0.11089651004699318,-19.101642420782717,0.8450000000000001,-0.004999999999999893,191.92500233471424,True,0.8736660770585876,12.06686311844092,1.0556274912627626,pyin_probability_below_0.5|pitch_difference_over_1_semitone,2.319339531815861,False
0.86,0.8173333333333334,0.9026666666666666,False,201.6488190383855,True,0.01002672467381077,3.9000000000000004,0.11026181090248068,-19.15149758186631,0.8550000000000001,-0.004999999999999893,182.8050035275393,True,0.864568195860993,18.843815510846213,1.6984727744082027,pyin_probability_below_0.5|pitch_difference_over_1_semitone,1.476494248670427,False
0.87,0.8273333333333334,0.9126666666666666,False,,False,0.010052967545965857,,0.10674838129249463,-19.432774035860625,0.865,-0.0050000000000000044,176.01915072719683,True,0.8770552268195099,,,voicing_disagreement,0.8216163601198553,False
0.88,0.8373333333333334,0.9226666666666666,False,171.53602840047625,True,0.010140046044704068,1.099999999999998,0.10201987925640559,-19.82630389610209,0.875,-0.0050000000000000044,171.79303982570121,True,0.9246434177493628,0.25701142522495957,-0.02591956549212751,pyin_probability_below_0.5,0.4008865885707562,False
0.89,0.8473333333333334,0.9326666666666666,False,168.58914210463126,True,0.010622609040911533,0.8000000000000002,0.09772106291151914,-20.20023635707947,0.885,-0.0050000000000000044,168.29642808098916,True,0.9346470954111096,0.2927140236421053,0.030084791795375994,pyin_probability_below_0.5,0.04488223128325362,False
0.9,0.8573333333333333,0.9426666666666667,False,166.65273064969477,True,0.011853505394683413,0.6000000000000013,0.09143278667992315,-20.777960872875592,0.895,-0.0050000000000000044,164.3823236740668,True,0.9278440831720912,2.2704069756279637,0.23747741773146108,pyin_probability_below_0.5,-0.36251039465283125,False
0.91,0.8673333333333333,0.9526666666666667,False,163.7897364863335,True,0.0229442191246386,0.2999999999999983,0.08373335372279389,-21.542030278035348,0.905,-0.0050000000000000044,160.34686650117945,True,0.9171432739948499,3.4428699851540614,0.367785548180618,pyin_probability_below_0.5,-0.7928185251019912,False
0.92,0.8773333333333333,0.9626666666666667,False,160.97592684906726,True,0.056071395445892624,0.0,0.07624316153745961,-22.355982066438386,0.915,-0.0050000000000000044,157.12326258874725,True,0.9211967663476566,3.8526642603200116,0.41937797573118574,pyin_probability_below_0.5,-1.1444109526525543,False
0.93,0.8873333333333333,0.9726666666666667,False,159.12696062960518,True,0.10857977072874497,-0.2000000000000017,0.07131088654430816,-22.936883286494645,0.925,-0.0050000000000000044,154.66953016941451,True,0.8206599604538733,4.457430460190665,0.49187130530283185,pyin_probability_below_0.5,-1.4169042822242015,False
0.94,0.8973333333333333,0.9826666666666667,False,157.29923159850804,True,0.27960516533635893,-0.4000000000000008,0.0638150845658472,-23.90153301825045,0.935,-0.004999999999999893,148.5375379834315,True,0.7732771226903066,8.761693615076553,0.9922086284367175,pyin_probability_below_0.5,-2.117241605358087,False
0.95,0.9073333333333333,0.9926666666666667,False,155.49249582586248,True,0.32333605839064083,-0.6000000000000031,0.0556739530513232,-25.086958822495745,0.9450000000000001,-0.004999999999999893,148.82692737846148,True,0.9086085169463284,6.665568447401,0.7585125422774027,pyin_probability_below_0.5,-2.0835455191987777,False
0.96,0.9173333333333333,1.0026666666666666,False,153.70651218352927,True,0.2796051653363589,-0.8000000000000008,0.04940865323186858,-26.123939676690213,0.9550000000000001,-0.004999999999999893,153.15015122806972,True,0.982756189437929,0.556360955459553,0.06277798072858097,pyin_probability_below_0.5,-1.5878109576499488,False
0.97,0.9273333333333333,1.0126666666666666,False,152.82122781686914,True,0.4849868077159113,-0.9000000000000006,0.0385158210857191,-28.287216787058554,0.9650000000000001,-0.004999999999999893,156.32132384776185,True,0.9968782572827377,3.5000960308927063,-0.39203560465854137,pyin_probability_below_0.5,-1.2329973722628287,False
0.98,0.9373333333333334,1.0226666666666666,False,154.59692495035372,True,0.9459302094659091,-0.7000000000000042,0.03607641079672286,-28.85553352942861,0.9750000000000001,-0.004999999999999893,157.49987884371473,True,0.9957752111189748,2.9029538933610013,-0.32206914684767096,,-1.1029638300737026,True
0.99,0.9473333333333334,1.0326666666666666,False,157.29923159850804,True,0.9848789761259923,-0.4000000000000008,0.03161401565846413,-30.002406718737568,0.985,-0.0050000000000000044,157.1630876599139,True,0.9957832281087362,0.136143938594131,0.014990478817957318,,-1.1400234557393294,True
1.0,0.9573333333333334,1.0426666666666666,False,157.29923159850804,True,0.9848789761259922,-0.4000000000000008,0.027807194621241985,-31.116856470088567,1.005,0.004999999999999893,158.84671990020664,True,0.9891064036939308,1.5474883016985927,-0.16948411469288732,,-0.9555488622284842,True
1.01,0.9673333333333334,1.0526666666666666,False,158.21045677717683,True,0.945930209465909,-0.30000000000000004,0.0243688444300989,-32.263301291176546,1.015,0.004999999999999893,159.3518257611463,True,0.9868920195826106,1.1413689839694712,-0.12444710627505481,,-0.9005858706463159,True
1.02,0.9773333333333334,1.0626666666666666,False,166.65273064969477,True,0.010001873046012551,0.6000000000000013,0.03184739207454769,-29.93852250927622,1.025,0.004999999999999893,158.92494382817398,True,0.9803196254630612,7.7277868215207945,0.8219925368942733,pyin_probability_below_0.5,-0.9470255138156443,False
1.03,0.9873333333333333,1.0726666666666667,False,179.64867439581087,True,0.010073751764282884,1.8999999999999972,0.05804520638852214,-24.724672805320985,1.035,0.004999999999999893,157.94054322110694,True,0.9260673506488283,21.708131174703936,2.229560789123408,pyin_probability_below_0.5|pitch_difference_over_1_semitone,-1.0545937660447826,False
1.04,0.9973333333333333,1.0826666666666667,False,172.52972650401387,True,0.026168028608935755,1.1999999999999993,0.08032001387625178,-21.903524503388724,1.045,0.004999999999999893,207.9967544680158,True,0.39684928467182895,35.46702796400194,-3.2365927258076512,pyin_probability_below_0.5|pitch_difference_over_1_semitone,3.711559748886282,False
1.05,1.0073333333333334,1.0926666666666667,False,169.56576906952336,True,0.06608151270920702,0.8999999999999985,0.09136891186344184,-20.784030943707638,1.055,0.004999999999999893,188.79516334235916,True,0.560541388484259,19.229394272835805,-1.8597221860362136,pyin_probability_below_0.5|pitch_difference_over_1_semitone,2.034689209114843,False
1.06,1.0173333333333334,1.1026666666666667,False,167.61814009714527,True,0.12793708630129036,0.6999999999999943,0.10152662275777441,-19.868401204133125,1.065,0.004999999999999893,175.1458442931844,True,0.7790202958517675,7.527704196039139,-0.7605416114931449,pyin_probability_below_0.5,0.7355086345717707,False
1.07,1.0273333333333334,1.1126666666666667,False,166.65273064969477,True,0.20650679911775227,0.6000000000000013,0.10858798813904504,-19.284364263534766,1.075,0.004999999999999893,168.50066658870537,True,0.937560943591864,1.847935939010597,-0.19091210560231842,pyin_probability_below_0.5,0.06587912868094949,False
1.08,1.0373333333333334,1.1226666666666667,False,165.6928815515041,True,0.20650679911775227,0.5000000000000008,0.11331249172689548,-18.91444420537733,1.085,0.004999999999999893,164.53228599413214,True,0.9842661367390817,1.1605955573719484,0.12169095614342941,pyin_probability_below_0.5,-0.34672393306480054,False
1.09,1.0473333333333332,1.1326666666666667,False,164.73856077731807,True,0.2407543944755743,0.39999999999999736,0.1187331023677209,-18.508563688062434,1.095,0.004999999999999893,162.34290438028322,True,0.9925482700685666,2.3956563970348554,0.2536075279795965,pyin_probability_below_0.5,-0.5786405049009699,False
1.1,1.0573333333333332,1.1426666666666667,False,163.7897364863335,True,0.32333605839064083,0.2999999999999983,0.12142063299128185,-18.31415014777495,1.105,0.004999999999999893,160.27197495577877,True,0.9945886487159524,3.5177615305547363,0.3758733321145723,pyin_probability_below_0.5,-0.8009063090359452,False
1.11,1.0673333333333332,1.1526666666666667,False,161.90845090664698,True,0.6860828109301792,0.09999999999999636,0.11943086284553169,-18.45766860123292,1.115,0.004999999999999893,158.20707820705616,True,0.9961332729153555,3.70137269959082,0.4003697074266496,,-1.0254026843480202,True
1.12,1.0773333333333333,1.1626666666666667,False,160.04877373483913,True,0.7571601330199093,-0.10000000000000067,0.10804737813722312,-19.327715343657644,1.125,0.004999999999999893,156.6091252449452,True,0.9937093834750413,3.4396484898939264,0.37612014879411954,,-1.20115312571549,True
1.13,1.0873333333333333,1.1726666666666667,False,158.21045677717683,True,0.8266685594724996,-0.30000000000000004,0.10093890248803461,-19.918828433493392,1.125,-0.004999999999999893,156.6091252449452,True,0.9937093834750413,1.601331532231626,0.1761201487941208,,-1.20115312571549,True
1.14,1.0973333333333333,1.1826666666666668,False,156.39325469067515,True,0.8911444948731204,-0.5000000000000041,0.0921919274724314,-20.706142101197198,1.135,-0.004999999999999893,155.29970545895583,True,0.9987001820353176,1.0935492317193223,0.12147835685397637,,-1.346511333775349,True
1.15,1.1073333333333333,1.1926666666666668,False,155.49249582586248,True,0.9459302094659092,-0.6000000000000031,0.08339784957514283,-21.576902951199592,1.145,-0.004999999999999893,154.82311487154684,True,0.9994074070471981,0.6693809543156419,0.07468892040070958,,-1.3997218973220833,True
1.16,1.1173333333333333,1.2026666666666668,False,155.49249582586248,True,0.9459302094659092,-0.6000000000000031,0.07838154020705007,-22.115724136665655,1.155,-0.004999999999999893,154.83185056267476,True,0.9927479784223174,0.6606452631877175,0.07371212185942833,,-1.3987450987808034,True
1.17,1.1273333333333333,1.2126666666666666,False,154.59692495035372,True,0.9848789761259924,-0.7000000000000042,0.07089172662314394,-22.988088918784758,1.165,-0.004999999999999893,154.24451338985816,True,0.9824561952771949,0.3524115604955682,0.03950941045290034,,-1.4645423873742722,True
1.18,1.1373333333333333,1.2226666666666666,False,154.59692495035372,True,0.9848789761259923,-0.7000000000000042,0.06569112679770596,-23.649865772591895,1.175,-0.004999999999999893,153.86622975666566,True,0.9849816753706298,0.7306951936880637,0.0820199589887,,-1.5070529359100737,True
1.19,1.1473333333333333,1.2326666666666666,False,154.59692495035372,True,0.9848789761259922,-0.7000000000000042,0.058591526397997265,-24.64330375632262,1.1949999999999998,0.004999999999999893,153.31075569912872,True,0.9860125102592728,1.2861692512250045,0.14463250455860371,,-1.5696654814799786,True
1.2,1.1573333333333333,1.2426666666666666,False,153.70651218352927,True,0.9848789761259922,-0.8000000000000008,0.051406004206598487,-25.779723051415537,1.2049999999999998,0.004999999999999893,152.6226475654652,True,0.9733244641411479,1.0838646180640694,0.12251077653527952,,-1.6475437534566488,True
1.21,1.1673333333333333,1.2526666666666666,False,153.70651218352927,True,0.945930209465909,-0.8000000000000008,0.04353184995013498,-27.22385752932442,1.2149999999999999,0.004999999999999893,152.19705210836264,True,0.9627746724484095,1.5094600751666292,0.17085449093673138,,-1.6958874678581008,True
1.22,1.1773333333333333,1.2626666666666666,False,152.82122781686914,True,0.9459302094659091,-0.9000000000000006,0.03430496985664264,-29.292859158933023,1.2249999999999999,0.004999999999999893,152.0799074521589,True,0.9449208899545443,0.7413203647102478,0.08418476923312121,,-1.7092177461544922,True
1.23,1.1873333333333334,1.2726666666666666,False,152.82122781686914,True,0.8911444948731202,-0.9000000000000006,0.027752322852797724,-31.1340132166401,1.2349999999999999,0.004999999999999893,148.9868282687468,True,0.8864546743507062,3.8343995481223487,0.4399220045947251,,-2.0649549815160957,True
1.24,1.1973333333333334,1.2826666666666666,False,152.82122781686914,True,0.8266685594724995,-0.9000000000000006,0.019962107771984317,-33.99587208120081,1.2449999999999999,0.004999999999999893,,False,0.0,,,voicing_disagreement,,False
1.25,1.2073333333333334,1.2926666666666666,False,152.82122781686914,True,0.615949885458068,-0.9000000000000006,0.012937185911504855,-37.76320361711034,1.255,0.004999999999999893,,False,0.0,,,voicing_disagreement,,False
1.26,1.2173333333333334,1.3026666666666666,False,151.9410423129619,True,0.32333605839064083,-1.0000000000000036,0.0073640637959600085,-42.657649155904224,1.265,0.004999999999999893,,False,0.0,,,pyin_probability_below_0.5|voicing_disagreement,,False
1.27,1.2273333333333334,1.3126666666666666,False,155.49249582586248,True,0.06608151270920702,-0.6000000000000031,0.004099110211006621,-47.74620809676553,1.275,0.004999999999999893,,False,0.0,,,pyin_probability_below_0.5|voicing_disagreement,,False
1.28,1.2373333333333334,1.3226666666666667,False,160.04877373483913,True,0.04069733156888106,-0.10000000000000067,0.0022689229815494516,-52.883604919284785,1.285,0.004999999999999893,,False,0.0,,,pyin_probability_below_0.5|voicing_disagreement,,False
1.29,1.2473333333333334,1.3326666666666667,False,160.97592684906726,True,0.011853505394683413,0.0,0.0013457284052421398,-57.420851610656776,1.295,0.004999999999999893,,False,0.0,,,pyin_probability_below_0.5|voicing_disagreement,,False
1.3,1.2573333333333334,1.3426666666666667,False,160.97592684906726,True,0.010349055133375844,0.0,0.0010924744109400487,-59.23177453461416,1.305,0.004999999999999893,,False,0.0,,,pyin_probability_below_0.5|voicing_disagreement,,False
1.31,1.2673333333333334,1.3526666666666667,False,160.97592684906726,True,0.010467533617069905,0.0,0.001059854013915781,-59.495079021442095,1.315,0.004999999999999893,,False,0.0,,,pyin_probability_below_0.5|voicing_disagreement,,False
1.32,1.2773333333333334,1.3626666666666667,False,161.90845090664698,True,0.010467533617069905,0.09999999999999636,0.0010140464344567278,-59.87884315317789,1.325,0.004999999999999893,,False,0.0,,,pyin_probability_below_0.5|voicing_disagreement,,False
1.33,1.2873333333333334,1.3726666666666667,False,161.90845090664698,True,0.010037765502929688,0.09999999999999636,0.0010276766733105318,-59.76287002362458,1.335,0.004999999999999893,,False,0.0,,,pyin_probability_below_0.5|voicing_disagreement,,False
1.34,1.2973333333333332,1.3826666666666667,False,159.12696062960518,True,0.010000516719604524,-0.2000000000000017,0.0010227473442868474,-59.80463279074606,1.345,0.004999999999999893,,False,0.0,,,pyin_probability_below_0.5|voicing_disagreement,,False
1.35,1.3073333333333332,1.3926666666666667,False,153.70651218352927,True,0.010000001546554296,-0.8000000000000008,0.0009313697822050421,-60.61755713254276,1.355,0.004999999999999893,,False,0.0,,,pyin_probability_below_0.5|voicing_disagreement,,False
1.36,1.3173333333333332,1.4026666666666667,False,,False,0.010000000000000439,,0.000832493769758905,-61.59238015990319,1.365,0.004999999999999893,,False,0.0,,,,,False
1.37,1.3273333333333333,1.4126666666666667,False,,False,0.010000001546554296,,0.0008400614944466664,-61.51377842825439,1.375,0.004999999999999893,,False,0.0,,,,,False
1.38,1.3373333333333333,1.4226666666666667,False,,False,0.01000000287110037,,0.0008405412431910097,-61.5088194398305,1.375,-0.004999999999999893,,False,0.0,,,,,False
1.39,1.3473333333333333,1.4326666666666668,False,,False,0.010000000101429396,,0.0007514850741616622,-62.48159281713964,1.385,-0.004999999999999893,,False,0.0,,,,,False
1.4,1.3573333333333333,1.4426666666666668,False,,False,0.010000000000001869,,0.0007845703038182281,-62.10736268099811,1.395,-0.004999999999999893,,False,0.0,,,,,False
1.41,1.3673333333333333,1.4526666666666668,False,,False,0.01000000000061386,,0.0007523426614082662,-62.471686218384605,1.405,-0.004999999999999893,,False,0.0,,,,,False
1.42,1.3773333333333333,1.4626666666666666,False,,False,0.0100000000000754,,0.0007424221331626747,-62.58698178731585,1.415,-0.004999999999999893,,False,0.0,,,,,False
1.43,1.3873333333333333,1.4726666666666666,False,,False,0.010000000009505967,,0.0008008530821870823,-61.928942972889686,1.425,-0.004999999999999893,,False,0.0,,,,,False
1.44,1.3973333333333333,1.4826666666666666,False,,False,0.010000001546554296,,0.0008180730351547429,-61.74415844127357,1.4449999999999998,0.004999999999999893,,False,0.0,,,,,False
1.45,1.4073333333333333,1.4926666666666666,False,,False,0.01000123296498612,,0.0007902994393407887,-62.04416652321191,1.4549999999999998,0.004999999999999893,,False,0.0,,,,,False
1.46,1.4173333333333333,1.5026666666666666,False,,False,0.010001873046012551,,0.0008758238274492975,-61.15166487346973,1.4649999999999999,0.004999999999999893,,False,0.0,,,,,False
1.47,1.4273333333333333,1.5126666666666666,False,,False,0.010006178555334078,,0.0008491199286994707,-61.42061932364719,1.4749999999999999,0.004999999999999893,,False,0.0,,,,,False
1.48,1.4373333333333334,1.5226666666666666,False,,False,0.010013068846238975,,0.0009079705738223949,-60.83856452371136,1.4849999999999999,0.004999999999999893,,False,0.0,,,,,False
1.49,1.4473333333333334,1.5326666666666666,False,,False,0.01002672467381077,,0.0008986615834948855,-60.9280764676847,1.4949999999999999,0.004999999999999893,,False,0.0,,,,,False
1.5,1.4573333333333334,1.5426666666666666,False,,False,0.010073751764282884,,0.0009072074748901537,-60.84586760177971,1.505,0.004999999999999893,,False,0.0,,,,,False
1.51,1.4673333333333334,1.5526666666666666,False,,False,0.010009025493342986,,0.0008629951650646156,-61.279832748306234,1.515,0.004999999999999893,,False,0.0,,,,,False
1.52,1.4773333333333334,1.5626666666666666,False,,False,0.010000802780927255,,0.0008680623690589012,-61.22898140510992,1.525,0.004999999999999893,,False,0.0,,,,,False
1.53,1.4873333333333334,1.5726666666666667,False,,False,0.010006178555334078,,0.0010225959354993768,-59.80591875582938,1.535,0.004999999999999893,,False,0.0,,,,,False
1.54,1.4973333333333334,1.5826666666666667,False,,False,0.010009025493342986,,0.001066094854843065,-59.44408305248857,1.545,0.004999999999999893,,False,0.0,,,,,False
1.55,1.5073333333333334,1.5926666666666667,False,,False,0.010000078102280324,,0.0010625842913885649,-59.472732174580436,1.555,0.004999999999999893,,False,0.0,,,,,False
1.56,1.5173333333333334,1.6026666666666667,False,,False,0.01000419105279527,,0.0011089741827284409,-59.10157128493543,1.565,0.004999999999999893,,False,0.0,,,,,False
1.57,1.5273333333333334,1.6126666666666667,False,,False,0.010006178555334078,,0.001074880014095932,-59.3728002428622,1.575,0.004999999999999893,,False,0.0,,,,,False
1.58,1.5373333333333334,1.6226666666666667,False,,False,0.01000032860450166,,0.001076821201091789,-59.357128047793275,1.585,0.004999999999999893,,False,0.0,,,,,False
1.59,1.5473333333333332,1.6326666666666667,False,,False,0.01000123296498612,,0.0010811691362648138,-59.322127208804005,1.595,0.004999999999999893,,False,0.0,,,,,False
1.6,1.5573333333333332,1.6426666666666667,False,,False,0.01000032860450166,,0.001060054583305252,-59.49343543776194,1.605,0.004999999999999893,,False,0.0,,,,,False
1.61,1.5673333333333332,1.6526666666666667,False,,False,0.01000000000950597,,0.0010701254252958108,-59.4113063468278,1.615,0.004999999999999893,,False,0.0,,,,,False
1.62,1.5773333333333333,1.6626666666666667,False,,False,0.010000000000000439,,0.0037761750058868137,-48.45895773276687,1.625,0.004999999999999893,,False,0.0,,,,,False
1.63,1.5873333333333333,1.6726666666666667,False,,False,0.010000000208892745,,0.011231769651306059,-38.991036238531336,1.625,-0.004999999999999893,,False,0.0,,,,,False
1.64,1.5973333333333333,1.6826666666666668,False,,False,0.010000000021701592,,0.02063623441355871,-33.70739094962761,1.635,-0.004999999999999893,,False,0.0,,,,,False
1.65,1.6073333333333333,1.6926666666666668,False,,False,0.010000000000075398,,0.028914979277947794,-30.777542291988055,1.645,-0.004999999999999893,,False,0.0,,,,,False
1.66,1.6173333333333333,1.7026666666666668,False,,False,0.010000000000075396,,0.03815193818080383,-28.369667885586075,1.655,-0.004999999999999893,,False,0.0,,,,,False
1.67,1.6273333333333333,1.7126666666666666,False,,False,0.010000000000221913,,0.040965696237404634,-27.75159319275793,1.665,-0.004999999999999893,,False,0.0,,,,,False
1.68,1.6373333333333333,1.7226666666666666,False,,False,0.010000000000075398,,0.04334773112974171,-27.260672581342618,1.675,-0.004999999999999893,,False,0.0,,,,,False
1.69,1.6473333333333333,1.7326666666666666,False,,False,0.01000000000002385,,0.04406694895851562,-27.117740349615822,1.685,-0.004999999999999893,,False,0.0,,,,,False
1.7,1.6573333333333333,1.7426666666666666,False,,False,0.010000000000075398,,0.044329600621071996,-27.066123627496705,1.7049999999999998,0.004999999999999893,,False,0.0,,,,,False
1.71,1.6673333333333333,1.7526666666666666,False,,False,0.010000000000613858,,0.046878744305626024,-26.580480596984156,1.7149999999999999,0.004999999999999893,,False,0.0,,,,,False
1.72,1.6773333333333333,1.7626666666666666,False,,False,0.01000020633903134,,0.05585504091867818,-25.058752513859808,1.7249999999999999,0.004999999999999893,,False,0.0,,,,,False
1.73,1.6873333333333334,1.7726666666666666,False,209.96928336801093,True,0.010467533617069908,4.599999999999999,0.06391190521811259,-23.888364718226136,1.7349999999999999,0.004999999999999893,,False,0.0,,,pyin_probability_below_0.5|voicing_disagreement,,False
1.74,1.6973333333333334,1.7826666666666666,False,209.96928336801093,True,0.047686993082531035,4.599999999999999,0.06968038685938449,-23.137788936578026,1.7449999999999999,0.004999999999999893,213.3886299256732,True,0.7204036076925663,3.4193465576622657,-0.2796601989038624,pyin_probability_below_0.5,4.154627221982491,False
1.75,1.7073333333333334,1.7926666666666666,False,213.63948179230545,True,0.20650679911775224,4.899999999999995,0.07676604658529318,-22.296616495509788,1.755,0.004999999999999893,210.3153875667626,True,0.8888455560289606,3.3240942255428365,0.27148658753040583,pyin_probability_below_0.5,3.903480435548221,False
1.76,1.7173333333333334,1.8026666666666666,False,207.55758045272898,True,0.4849868077159113,4.399999999999999,0.08349445583162783,-21.566847228452506,1.765,0.004999999999999893,207.9177362059017,True,0.9805005411330633,0.3601557531727053,-0.030014493474641395,pyin_probability_below_0.5,3.704981516553269,False
1.77,1.7273333333333334,1.8126666666666666,False,207.55758045272898,True,0.6860828109301793,4.399999999999999,0.08817604415574468,-21.092987776755084,1.775,0.004999999999999893,206.9745930388762,True,0.9954489875264252,0.5829874138527771,0.048695295130335936,,3.626271727948293,True
1.78,1.7373333333333334,1.8226666666666667,False,205.1735783080468,True,0.5485250542599844,4.199999999999998,0.08986811550032717,-20.92788730402853,1.785,0.004999999999999893,206.7684140651013,True,0.9956953125547238,1.5948357570544829,-0.13405031830512737,,3.6090173413837565,True
1.79,1.7473333333333334,1.8326666666666667,False,205.1735783080468,True,0.5485250542599844,4.199999999999998,0.09045714970856172,-20.871142018590803,1.795,0.004999999999999893,204.97689015010127,True,0.9845458344668346,0.19668815794554462,0.016604309314393256,,3.458362713764237,True
1.8,1.7573333333333334,1.8426666666666667,False,205.1735783080468,True,0.6159498854580681,4.199999999999998,0.08590824959351415,-21.319302595106606,1.805,0.004999999999999893,200.89260106200342,True,0.9106238698528185,4.280977246043392,0.36504631742120347,,3.109920705657423,True
1.81,1.7673333333333334,1.8526666666666667,False,203.99186545315516,True,0.5485250542599845,4.099999999999994,0.07875912563196111,-22.07398227915028,1.815,0.004999999999999893,185.86208613879919,True,0.7499448368842427,18.12977931435597,1.6113494065684815,pitch_difference_over_1_semitone,1.7636176165101447,False
1.82,1.7773333333333334,1.8626666666666667,False,202.8169587634771,True,0.42606232904328145,3.9999999999999973,0.06997163436559804,-23.10155963832971,1.825,0.004999999999999893,,False,0.0,,,pyin_probability_below_0.5|voicing_disagreement,,False
1.83,1.7873333333333334,1.8726666666666667,False,200.48740730303228,True,0.24075439447557423,3.799999999999997,0.05901376022341432,-24.580934244331857,1.835,0.004999999999999893,,False,0.0,,,pyin_probability_below_0.5|voicing_disagreement,,False
1.84,1.7973333333333332,1.8826666666666667,False,197.04315364635175,True,0.07797523762294817,3.4999999999999982,0.04546613128040405,-26.846239968043516,1.845,0.004999999999999893,,False,0.0,,,pyin_probability_below_0.5|voicing_disagreement,,False
1.85,1.8073333333333332,1.8926666666666667,False,184.9127823656466,True,0.015085587297504338,2.399999999999998,0.02943009588375809,-30.62416645918399,1.855,0.004999999999999893,,False,0.0,,,pyin_probability_below_0.5|voicing_disagreement,,False
1.86,1.8173333333333332,1.9026666666666667,False,,False,0.010101974593744989,,0.01641438058675044,-35.69551002333721,1.865,0.004999999999999893,,False,0.0,,,,,False
1.87,1.8273333333333333,1.9126666666666667,False,,False,0.01000032860450166,,0.02531437870422682,-31.932654542423773,1.875,0.004999999999999893,,False,0.0,,,,,False
1.88,1.8373333333333333,1.9226666666666667,False,175.5454930018647,True,0.01000000928748663,1.5000000000000004,0.04500859824636266,-26.934090251494563,1.875,-0.004999999999999893,,False,0.0,,,pyin_probability_below_0.5|voicing_disagreement,,False
1.89,1.8473333333333333,1.9326666666666668,False,189.23491376948436,True,0.01001876450976914,2.8000000000000003,0.06470792001631868,-23.780851199956228,1.885,-0.004999999999999893,,False,0.0,,,pyin_probability_below_0.5|voicing_disagreement,,False
1.9,1.8573333333333333,1.9426666666666668,False,194.7799199939686,True,0.01010197459374499,3.3000000000000003,0.07818986326797642,-22.13699092656121,1.895,-0.004999999999999893,,False,0.0,,,pyin_probability_below_0.5|voicing_disagreement,,False
1.91,1.8673333333333333,1.9526666666666668,False,199.33268480704808,True,0.010824463728234167,3.699999999999999,0.08976146002027896,-20.93820183976323,1.905,-0.004999999999999893,161.96378297968778,True,0.5438563397469353,37.368901827360304,3.594084533358343,pyin_probability_below_0.5|pitch_difference_over_1_semitone,-0.6191175102797145,False
1.92,1.8773333333333333,1.9626666666666666,False,202.8169587634771,True,0.013100262550513395,3.9999999999999973,0.0992455876572879,-20.065775847204,1.915,-0.004999999999999893,183.30052914854258,True,0.5239664633710802,19.51642961493451,1.751608071497987,pyin_probability_below_0.5|pitch_difference_over_1_semitone,1.5233589515806372,False
1.93,1.8873333333333333,1.9726666666666666,False,203.99186545315516,True,0.020317628556360583,4.099999999999994,0.10754174856967619,-19.368458128242175,1.925,-0.004999999999999893,192.07089515618514,True,0.713164166521906,11.920970296970012,1.0424724219587311,pyin_probability_below_0.5|pitch_difference_over_1_semitone,2.3324946011198957,False
1.94,1.8973333333333333,1.9826666666666666,False,205.1735783080468,True,0.03010686179419501,4.199999999999998,0.11535375758279114,-18.7593650803537,1.935,-0.004999999999999893,202.457152369556,True,0.8892625081795531,2.7164259384908007,0.23074014484404493,pyin_probability_below_0.5,3.2442268782345822,False
1.95,1.9073333333333333,1.9926666666666666,False,206.36213675586595,True,0.06608151270920702,4.299999999999999,0.12191803321221925,-18.2786410401633,1.9549999999999998,0.004999999999999893,210.90308884099764,True,0.9932643082733731,4.540952085131693,-0.37682321718351564,pyin_probability_below_0.5,3.951790240262145,False
1.96,1.9173333333333333,2.002666666666667,False,207.55758045272898,True,0.2796051653363589,4.399999999999999,0.12588068414249934,-18.000818108550213,1.9649999999999999,0.004999999999999893,211.19861684132766,True,0.9970018264995972,3.6410363885986783,-0.3010651576132519,pyin_probability_below_0.5,3.97603218069188,False
1.97,1.9273333333333333,2.0126666666666666,False,211.18562305262122,True,0.7571601330199094,4.699999999999997,0.12538938769283228,-18.034784367629648,1.9749999999999999,0.004999999999999893,213.09300268533664,True,0.9988020809038365,1.9073796327154184,-0.15565916405782493,,4.130626187136452,True
1.98,1.9373333333333334,2.022666666666667,False,213.63948179230545,True,0.8266685594724996,4.899999999999995,0.12519032687646925,-18.048584532171116,1.9849999999999999,0.004999999999999893,214.26264743537325,True,0.9986503659835644,0.6231656430678072,-0.05042491114217815,,4.225391934220806,True
1.99,1.9473333333333334,2.0326666666666666,False,214.87708272009507,True,0.8911444948731203,5.0,0.1253947802670458,-18.034410824874758,1.9949999999999999,0.004999999999999893,215.82834921653907,True,0.9970125219646796,0.9512664964439921,-0.07647303721233667,,4.351440060290967,True
2.0,1.9573333333333334,2.042666666666667,False,216.12185299712482,True,0.8911444948731204,5.099999999999998,0.12579006593204867,-18.007073104881375,2.005,0.004999999999999893,217.9425216910097,True,0.9973681991910589,1.820668693884869,-0.1452329333576194,,4.520199956436247,True
2.01,1.9673333333333334,2.0526666666666666,False,216.12185299712482,True,0.9459302094659092,5.099999999999998,0.12563770669582794,-18.017599990271208,2.005,-0.004999999999999893,217.9425216910097,True,0.9973681991910589,1.820668693884869,-0.1452329333576194,,4.520199956436247,True
2.02,1.9773333333333334,2.062666666666667,False,216.12185299712482,True,0.9459302094659092,5.099999999999998,0.12475099996904689,-18.079119290155802,2.015,-0.004999999999999893,218.8790613167491,True,0.9978168307231826,2.757208319624283,-0.21946789956636797,,4.5944349226449965,True
2.03,1.9873333333333334,2.0726666666666667,False,216.12185299712482,True,0.8911444948731204,5.099999999999998,0.12398363761985194,-18.13271251615713,2.025,-0.004999999999999893,218.18651214452717,True,0.9967054114563662,2.0646591474023523,-0.16460355957481285,,4.539570582653441,True
2.04,1.9973333333333334,2.082666666666667,False,214.87708272009507,True,0.8911444948731204,5.0,0.12344593433362248,-18.170464177913416,2.035,-0.004999999999999893,216.92928734267514,True,0.996944206400086,2.0522046225800636,-0.16455863158195874,,4.4395256546605895,True
2.05,2.0073333333333334,2.0926666666666667,False,213.63948179230545,True,0.8266685594724996,4.899999999999995,0.1227450272509156,-18.219921866989193,2.045,-0.004999999999999893,214.91784045917208,True,0.9969998941307061,1.2783586668666373,-0.10328348158897627,,4.2782505046676,True
2.06,2.017333333333333,2.1026666666666665,False,209.96928336801093,True,0.6860828109301792,4.599999999999999,0.12192792425135811,-18.277936394695264,2.055,-0.004999999999999893,211.67612251278007,True,0.997422034592873,1.706839144769134,-0.14016299682962258,,4.01513001990825,True
2.07,2.0273333333333334,2.1126666666666667,False,206.36213675586595,True,0.5485250542599843,4.299999999999999,0.12178838109959823,-18.287882849009332,2.065,-0.004999999999999893,208.61714738193913,True,0.9968200652413463,2.2550106260731866,-0.18815346948512923,,3.7631204925637602,True
2.08,2.037333333333333,2.1226666666666665,False,201.6488190383855,True,0.5485250542599844,3.9000000000000004,0.12116312563649803,-18.332590634618832,2.085,0.004999999999999893,199.8405831404676,True,0.9921340506493662,1.8082358979179105,0.15594437637028627,,3.019022646708341,True
2.09,2.0473333333333334,2.1326666666666667,False,197.04315364635175,True,0.4849868077159112,3.4999999999999982,0.11971558649419127,-18.436986049892916,2.085,-0.004999999999999893,199.8405831404676,True,0.9921340506493662,2.797429494115846,-0.24405562362971173,pyin_probability_below_0.5,3.019022646708341,False
2.1,2.0573333333333332,2.1426666666666665,False,192.54268179725335,True,0.5485250542599844,3.0999999999999988,0.11885312197906328,-18.499788118771193,2.105,0.004999999999999893,188.1664818152581,True,0.9916937169496709,4.376199981995256,0.3980235230466718,,1.976943500031956,True
2.11,2.0673333333333335,2.1526666666666667,False,189.23491376948436,True,0.6159498854580678,2.8000000000000003,0.11627194681779006,-18.690501115898098,2.105,-0.004999999999999893,188.1664818152581,True,0.9916937169496709,1.06843195422627,0.0980235230466741,,1.976943500031956,True
2.12,2.0773333333333333,2.1626666666666665,False,185.98397121658357,True,0.6860828109301791,2.4999999999999956,0.11304010256790692,-18.935349141969894,2.125,0.004999999999999893,180.7403554242593,True,0.9936403394436465,5.243615792324277,0.4951155006675738,,1.2798515224110527,True
2.13,2.0873333333333335,2.1726666666666667,False,181.73609144327253,True,0.7571601330199093,2.0999999999999988,0.10883558223232527,-19.264581901436618,2.125,-0.004999999999999893,180.7403554242593,True,0.9936403394436465,0.9957360190132363,0.09511550066757801,,1.2798515224110527,True
2.14,2.0973333333333333,2.1826666666666665,False,179.64867439581087,True,0.8266685594724994,1.8999999999999972,0.10379021549723878,-19.67687172663918,2.145,0.004999999999999893,174.76724807893532,True,0.9976696583041558,4.881426316875547,0.47692134299528277,,0.6980456800833462,True
2.15,2.1073333333333335,2.1926666666666668,False,176.56241769755178,True,0.8266685594724994,1.599999999999999,0.09733290784010565,-20.234806035924496,2.145,-0.004999999999999893,174.76724807893532,True,0.9976696583041558,1.7951696186164554,0.1769213429952832,,0.6980456800833462,True
2.16,2.1173333333333333,2.2026666666666666,False,174.53442536143424,True,0.8911444948731202,1.3999999999999968,0.08907453111201466,-21.00492910190787,2.165,0.004999999999999893,170.38248102924592,True,0.9994137411440126,4.151944332188322,0.41681544041816976,,0.25815158266045785,True
2.17,2.1273333333333335,2.212666666666667,False,172.52972650401387,True,0.9459302094659091,1.1999999999999993,0.08009144635066051,-21.928277269094014,2.165,-0.004999999999999893,170.38248102924592,True,0.9994137411440126,2.147245474767942,0.21681544041817352,,0.25815158266045785,True
2.18,2.1373333333333333,2.2226666666666666,False,170.54805357686834,True,0.7571601330199093,0.9999999999999971,0.0709732985387244,-22.97810020262905,2.185,0.004999999999999893,168.25024322943352,True,0.9854411578237662,2.297810347434819,0.23483639357202252,,0.04013062950660763,True
2.19,2.1473333333333335,2.232666666666667,False,174.53442536143424,True,0.42606232904328145,1.3999999999999968,0.06477491011393875,-23.77186361996432,2.185,-0.004999999999999893,168.25024322943352,True,0.9854411578237662,6.284182132000723,0.6348363935720202,pyin_probability_below_0.5,0.04013062950660763,False
2.2,2.1573333333333333,2.2426666666666666,False,175.5454930018647,True,0.06608151270920701,1.5000000000000004,0.06057247050584982,-24.354494257235004,2.205,0.004999999999999893,166.28248650156488,True,0.7900417499294158,9.263006500299838,0.9385047605010619,pyin_probability_below_0.5,-0.16353773742243047,False
2.21,2.167333333333333,2.252666666666667,False,173.52918104210445,True,0.011422334250709074,1.2999999999999958,0.058290304241295776,-24.688073558229007,2.205,-0.004999999999999893,166.28248650156488,True,0.7900417499294158,7.246694540539579,0.7385047605010564,pyin_probability_below_0.5,-0.16353773742243047,False
2.22,2.1773333333333333,2.2626666666666666,False,173.52918104210445,True,0.01000419105279527,1.2999999999999958,0.05706022265186953,-24.87333076073284,2.225,0.004999999999999893,,False,0.0,,,pyin_probability_below_0.5|voicing_disagreement,,False
2.23,2.187333333333333,2.272666666666667,False,160.97592684906726,True,0.010000001546554295,0.0,0.05905797711073856,-24.57442865662624,2.225,-0.004999999999999893,,False,0.0,,,pyin_probability_below_0.5|voicing_disagreement,,False
2.24,2.1973333333333334,2.2826666666666666,False,160.97592684906726,True,0.010000000000221913,0.0,0.059371156418842996,-24.52848983790762,2.245,0.004999999999999893,,False,0.0,,,pyin_probability_below_0.5|voicing_disagreement,,False
2.25,2.207333333333333,2.292666666666667,False,,False,0.01000000000000011,,0.06277319406184462,-24.04451545529799,2.245,-0.004999999999999893,,False,0.0,,,,,False
2.26,2.2173333333333334,2.3026666666666666,False,,False,0.010000000000006925,,0.06690578593136419,-23.49072646694275,2.255,-0.004999999999999893,,False,0.0,,,,,False
2.27,2.227333333333333,2.312666666666667,False,,False,0.010000000000001869,,0.06942242710677957,-23.170004136929393,2.265,-0.004999999999999893,,False,0.0,,,,,False
2.28,2.2373333333333334,2.3226666666666667,False,,False,0.010000000000006923,,0.0707600356084954,-23.004239144254438,2.275,-0.004999999999999893,,False,0.0,,,,,False
2.29,2.247333333333333,2.332666666666667,False,,False,0.010000000000023851,,0.0716776218877421,-22.892328241629517,2.285,-0.004999999999999893,,False,0.0,,,,,False
2.3,2.2573333333333334,2.3426666666666667,False,,False,0.010000000000006923,,0.07136953435118581,-22.92974273555506,2.295,-0.004999999999999893,,False,0.0,,,,,False
2.31,2.267333333333333,2.3526666666666665,False,,False,0.010000000000006925,,0.07052284559862465,-23.033403444514093,2.305,-0.004999999999999893,,False,0.0,,,,,False
2.32,2.2773333333333334,2.3626666666666667,False,,False,0.010000000000221913,,0.07134635184385711,-22.93256457560847,2.315,-0.004999999999999893,,False,0.0,,,,,False
2.33,2.287333333333333,2.3726666666666665,False,,False,0.01000000000022191,,0.07130862614380491,-22.93715861472906,2.325,-0.004999999999999893,,False,0.0,,,,,False
2.34,2.2973333333333334,2.3826666666666667,False,,False,0.010000000000613856,,0.06933165186377074,-23.181369047582546,2.335,-0.004999999999999893,,False,0.0,,,,,False
2.35,2.3073333333333332,2.3926666666666665,False,,False,0.010000000000613856,,0.0659139049711488,-23.6204591693555,2.355,0.004999999999999893,,False,0.0,,,,,False
2.36,2.3173333333333335,2.4026666666666667,False,,False,0.010000000009505964,,0.061617398809813005,-24.205932789121952,2.355,-0.004999999999999893,,False,0.0,,,,,False
2.37,2.3273333333333333,2.4126666666666665,False,,False,0.010000000003996621,,0.06339129882339109,-23.959406997672,2.375,0.004999999999999893,,False,0.0,,,,,False
2.38,2.3373333333333335,2.4226666666666667,False,203.99186545315516,True,0.010001232964986116,4.099999999999994,0.07246047325780626,-22.79797667608689,2.375,-0.004999999999999893,,False,0.0,,,pyin_probability_below_0.5|voicing_disagreement,,False
2.39,2.3473333333333333,2.4326666666666665,False,208.75994928447787,True,0.011085791888943375,4.4999999999999964,0.07981780707262084,-21.958004165302686,2.395,0.004999999999999893,,False,0.0,,,pyin_probability_below_0.5|voicing_disagreement,,False
2.4,2.3573333333333335,2.4426666666666668,False,200.48740730303228,True,0.04069733156888106,3.799999999999997,0.08609379610549624,-21.300562851118038,2.395,-0.004999999999999893,,False,0.0,,,pyin_probability_below_0.5|voicing_disagreement,,False
2.41,2.3673333333333333,2.4526666666666666,False,203.99186545315516,True,0.1765306086328976,4.099999999999994,0.09208034704530156,-20.716661050906865,2.415,0.004999999999999893,207.5391217318322,True,0.9126704694557554,3.547256278677054,-0.2984602929403434,pyin_probability_below_0.5,3.6734273160189685,False
2.42,2.3773333333333335,2.462666666666667,False,199.33268480704808,True,0.32333605839064083,3.699999999999999,0.09807311733094862,-20.16900040179735,2.415,-0.004999999999999893,207.5391217318322,True,0.9126704694557554,8.206436924784128,-0.6984602929403394,pyin_probability_below_0.5,3.6734273160189685,False
2.43,2.3873333333333333,2.4726666666666666,False,195.90826859169485,True,0.37213589829750876,3.3999999999999977,0.1049562776117023,-19.579831608408757,2.435,0.004999999999999893,196.52677704599589,True,0.9927185711088422,0.6185084543010362,-0.054571261881038335,pyin_probability_below_0.5,2.7295382849596668,False
2.44,2.3973333333333335,2.482666666666667,False,193.6580702059513,True,0.37213589829750876,3.2,0.11182777284454895,-19.02900648798305,2.435,-0.004999999999999893,196.52677704599589,True,0.9927185711088422,2.868706840044581,-0.2545712618810356,pyin_probability_below_0.5,2.7295382849596668,False
2.45,2.4073333333333333,2.4926666666666666,False,191.43371755306833,True,0.42606232904328145,2.999999999999999,0.1173463993508944,-18.610604634478367,2.455,0.004999999999999893,186.73413532446466,True,0.9892629709458625,4.699582228603674,0.4303113330524184,pyin_probability_below_0.5,1.8446556900262103,False
2.46,2.417333333333333,2.502666666666667,False,187.0613654014066,True,0.5485250542599844,2.5999999999999974,0.11442500993908104,-18.82958082354739,2.455,-0.004999999999999893,186.73413532446466,True,0.9892629709458625,0.3272300769419303,0.030311333052414565,,1.8446556900262103,True
2.47,2.4273333333333333,2.5126666666666666,False,182.78887791090543,True,0.5485250542599844,2.1999999999999993,0.10930791001020529,-19.22696818836458,2.475,0.004999999999999893,178.1182929145851,True,0.9925719920401224,4.670584996320315,0.4481111969698929,,1.0268558261087337,True
2.48,2.437333333333333,2.522666666666667,False,179.64867439581087,True,0.4849868077159113,1.8999999999999972,0.10349118665781437,-19.70193266575536,2.475,-0.004999999999999893,178.1182929145851,True,0.9925719920401224,1.53038148122576,0.1481111969698926,pyin_probability_below_0.5,1.0268558261087337,False
2.49,2.4473333333333334,2.5326666666666666,False,175.5454930018647,True,0.42606232904328145,1.5000000000000004,0.09659998789322469,-20.300458560283516,2.495,0.004999999999999893,168.48216731627977,True,0.9744733002736471,7.0633256855849424,0.7109886778866925,pyin_probability_below_0.5,0.06397834519193665,False
2.5,2.457333333333333,2.542666666666667,False,171.53602840047625,True,0.3721358982975087,1.099999999999998,0.08867082708851963,-21.044384811577036,2.495,-0.004999999999999893,168.48216731627977,True,0.9744733002736471,3.053861084196484,0.31098867788669315,pyin_probability_below_0.5,0.06397834519193665,False
2.51,2.4673333333333334,2.5526666666666666,False,166.65273064969477,True,0.2796051653363588,0.6000000000000013,0.08113144687755754,-21.816215577118378,2.505,-0.004999999999999893,161.03413165939273,True,0.9722406080556417,5.618598990302047,0.593741428387728,pyin_probability_below_0.5,-0.7187744053090995,False
2.52,2.477333333333333,2.562666666666667,False,161.90845090664698,True,0.24075439447557428,0.09999999999999636,0.071667443384367,-22.89356175960208,2.515,-0.004999999999999893,154.3822519232827,True,0.9834748963466159,7.5261989833642815,0.8240565929033228,pyin_probability_below_0.5,-1.449089569824696,False
2.53,2.4873333333333334,2.5726666666666667,False,155.49249582586248,True,0.3721358982975087,-0.6000000000000031,0.06297040802375069,-24.017269852590054,2.525,-0.004999999999999893,150.15327630297318,True,0.9858092648888706,5.3392195228892945,0.6049080256999047,pyin_probability_below_0.5,-1.9299410026212789,False
2.54,2.497333333333333,2.582666666666667,False,150.19585059339548,True,0.6159498854580678,-1.2000000000000042,0.05383027680978001,-25.379467738387746,2.535,-0.004999999999999893,147.07820611157237,True,0.9912070169796551,3.117644481823106,0.3631376536496097,,-2.2881706305709826,True
2.55,2.5073333333333334,2.5926666666666667,False,147.61557577921405,True,0.8266685594724994,-1.5000000000000022,0.04764171267195414,-26.440252689121337,2.545,-0.004999999999999893,145.190004755536,True,0.9946857919675816,2.42557102367806,0.28683382300499893,,-2.5118667999263717,True
2.56,2.517333333333333,2.6026666666666665,False,145.9200662802185,True,0.8911444948731202,-1.7000000000000013,0.04139716231175926,-27.660588556607287,2.555,-0.004999999999999893,143.4524649413307,True,0.9916665945602818,2.467601338887789,0.29526638154992085,,-2.7202993584712925,True
2.57,2.5273333333333334,2.6126666666666667,False,144.24403136881983,True,0.945930209465909,-1.900000000000003,0.03721913459438838,-28.58467458286439,2.565,-0.004999999999999893,142.32737472426143,True,0.9927644058899205,1.916656644558401,0.23158142445653956,,-2.856614401377915,True
2.58,2.537333333333333,2.6226666666666665,False,143.41324688128702,True,0.9459302094659091,-2.0000000000000027,0.032033541449441476,-29.88790091018961,2.575,-0.004999999999999893,142.69176903011774,True,0.9520269091911502,0.7214778511692828,0.08731406999100136,,-2.812347046912374,True
2.59,2.5473333333333334,2.6326666666666667,False,142.58724736030138,True,0.9459302094659091,-2.1000000000000014,0.028018743784961598,-31.05102680248189,2.585,-0.004999999999999893,142.61249055629247,True,0.8987471003604985,0.025243195991095035,-0.0030646508191363763,,-2.821968326102236,True
2.6,2.5573333333333332,2.6426666666666665,False,141.7660052464835,True,0.4260623290432815,-2.1999999999999997,0.02269514443817968,-32.88134097884141,2.605,0.004999999999999893,,False,0.0,,,pyin_probability_below_0.5|voicing_disagreement,,False
2.61,2.5673333333333335,2.6526666666666667,False,140.9494931391844,True,0.17653060863289757,-2.3,0.01833763508027796,-34.73313347998398,2.605,-0.004999999999999893,,False,0.0,,,pyin_probability_below_0.5|voicing_disagreement,,False
2.62,2.5773333333333333,2.6626666666666665,False,140.13768379557115,True,0.016467587593113005,-2.400000000000005,0.013491909989946826,-37.39853129658795,2.625,0.004999999999999893,,False,0.0,,,pyin_probability_below_0.5|voicing_disagreement,,False
2.63,2.5873333333333335,2.6726666666666667,False,,False,0.010009025493342986,,0.00837270361736444,-41.54268563939878,2.625,-0.004999999999999893,,False,0.0,,,,,False
2.64,2.5973333333333333,2.6826666666666665,False,,False,0.010000127845232541,,0.00735041167950541,-42.673766728164786,2.645,0.004999999999999893,,False,0.0,,,,,False
2.65,2.6073333333333335,2.6926666666666668,False,,False,0.01000032860450166,,0.007276095587033534,-42.762032083736436,2.645,-0.004999999999999893,,False,0.0,,,,,False
2.66,2.6173333333333333,2.7026666666666666,False,,False,0.010000127845232541,,0.007380914268999839,-42.637796781456004,2.665,0.004999999999999893,,False,0.0,,,,,False
2.67,2.6273333333333335,2.712666666666667,False,,False,0.010000000814014906,,0.017455941261159742,-35.16113456288405,2.665,-0.004999999999999893,,False,0.0,,,,,False
2.68,2.6373333333333333,2.7226666666666666,False,182.78887791090543,True,0.013980210380185928,2.1999999999999993,0.030620195111218586,-30.27984092627859,2.685,0.004999999999999893,,False,0.0,,,pyin_probability_below_0.5|voicing_disagreement,,False
2.69,2.6473333333333335,2.732666666666667,False,175.5454930018647,True,0.06608151270920701,1.5000000000000004,0.0385054670006071,-28.28955210092729,2.685,-0.004999999999999893,,False,0.0,,,pyin_probability_below_0.5|voicing_disagreement,,False
2.7,2.6573333333333333,2.7426666666666666,False,170.54805357686834,True,0.1279370863012904,0.9999999999999971,0.04478741017557201,-26.97688099668637,2.705,0.004999999999999893,185.1759621329442,True,0.7600827613646041,14.627908556075852,-1.4246225186659902,pyin_probability_below_0.5|pitch_difference_over_1_semitone,1.6995895417446172,False
2.71,2.667333333333333,2.752666666666667,False,167.61814009714527,True,0.1765306086328976,0.6999999999999943,0.04872907743630255,-26.244236216501243,2.705,-0.004999999999999893,185.1759621329442,True,0.7600827613646041,17.55782203579892,-1.7246225186659916,pyin_probability_below_0.5|pitch_difference_over_1_semitone,1.6995895417446172,False
2.72,2.6773333333333333,2.7626666666666666,False,165.6928815515041,True,0.20650679911775227,0.5000000000000008,0.053078948357198424,-25.501553806276426,2.725,0.004999999999999893,167.86068477855417,True,0.9559148879699146,2.1678032270500864,-0.2250329769213706,pyin_probability_below_0.5,0.0,False
2.73,2.687333333333333,2.772666666666667,False,163.7897364863335,True,0.1765306086328976,0.2999999999999983,0.05590428025668926,-25.051098790143683,2.725,-0.004999999999999893,167.86068477855417,True,0.9559148879699146,4.070948292220663,-0.42503297692137126,pyin_probability_below_0.5,0.0,False
2.74,2.6973333333333334,2.7826666666666666,False,161.90845090664698,True,0.15046460134333883,0.09999999999999636,0.059502964594299795,-24.509227920766335,2.745,0.004999999999999893,159.80189937689528,True,0.9905804689046889,2.106551529751698,0.2267248072376109,pyin_probability_below_0.5,-0.851757784158985,False
2.75,2.707333333333333,2.792666666666667,False,160.04877373483913,True,0.20650679911775227,-0.10000000000000067,0.06169687432388738,-24.19473675119032,2.745,-0.004999999999999893,159.80189937689528,True,0.9905804689046889,0.24687435794385237,0.026724807237612662,pyin_probability_below_0.5,-0.851757784158985,False
2.76,2.7173333333333334,2.8026666666666666,False,155.49249582586248,True,0.3721358982975087,-0.6000000000000031,0.05964198232405885,-24.48895860616059,2.755,-0.004999999999999893,155.781253674047,True,0.9842233195322252,0.288757848184531,-0.032120123390816185,pyin_probability_below_0.5,-1.292912853530557,False
2.77,2.727333333333333,2.812666666666667,False,152.82122781686914,True,0.42606232904328145,-0.9000000000000006,0.05675692020187771,-24.919623573529694,2.765,-0.004999999999999893,152.0062942586818,True,0.9873730813857217,0.8149335581873345,0.09256671282546616,pyin_probability_below_0.5,-1.7175996897468362,False
2.78,2.7373333333333334,2.8226666666666667,False,149.33078614961454,True,0.5485250542599844,-1.3000000000000027,0.055179515055482756,-25.16444241263987,2.775,-0.004999999999999893,148.82807518307354,True,0.9930281272525922,0.5027109665410023,0.058379024049320785,,-2.0834120009706965,True
2.79,2.747333333333333,2.832666666666667,False,146.76537262479707,True,0.6159498854580678,-1.6,0.05309025262105204,-25.499704162731245,2.785,-0.004999999999999893,146.60667707254447,True,0.9924613094905803,0.15869555225259546,0.01872974406225046,,-2.3437627209836234,True
2.8,2.7573333333333334,2.8426666666666667,False,145.9200662802185,True,0.7571601330199093,-1.7000000000000013,0.05103337078929889,-25.84291490541306,2.795,-0.004999999999999893,144.77341124822638,True,0.9918302105670457,1.1466550319921112,0.13657950269438432,,-2.5616124796157553,True
2.81,2.767333333333333,2.8526666666666665,False,144.24403136881983,True,0.8266685594724996,-1.900000000000003,0.049069072530317996,-26.18384301351056,2.805,-0.004999999999999893,143.0215288040234,True,0.9994427185968062,1.2225025647964287,0.14735151967085222,,-2.772384496592225,True
2.82,2.7773333333333334,2.8626666666666667,False,143.41324688128702,True,0.8911444948731204,-2.0000000000000027,0.04724116833248115,-26.513587405727943,2.815,-0.004999999999999893,141.89743841703947,True,0.9953964087571693,1.5158084642475558,0.18395693196219381,,-2.908989908883566,True
2.83,2.787333333333333,2.8726666666666665,False,142.58724736030138,True,0.9459302094659091,-2.1000000000000014,0.044410008813259565,-27.05038281279326,2.825,-0.004999999999999893,141.23661431490197,True,0.9962410984794372,1.3506330453994053,0.16476976619206482,,-2.9898027431134384,True
2.84,2.7973333333333334,2.8826666666666667,False,142.58724736030138,True,0.945930209465909,-2.1000000000000014,0.04154172446534175,-27.63030958296237,2.835,-0.004999999999999893,141.45298499684608,True,0.9938719102048582,1.1342623634552922,0.13826802252249054,,-2.963300999443862,True
2.85,2.8073333333333332,2.8926666666666665,False,142.58724736030138,True,0.9459302094659091,-2.1000000000000014,0.039069195164066595,-28.163310705325124,2.855,0.004999999999999893,143.87948468254748,True,0.9866556501501422,1.292237322246109,-0.15619129037635018,,-2.6688416865450213,True
2.86,2.8173333333333335,2.9026666666666667,False,143.41324688128702,True,0.9459302094659091,-2.0000000000000027,0.03470461593702047,-29.192255148186273,2.855,-0.004999999999999893,143.87948468254748,True,0.9866556501501422,0.466237801260462,-0.05619129037635187,,-2.6688416865450213,True
2.87,2.8273333333333333,2.9126666666666665,False,143.41324688128702,True,0.945930209465909,-2.0000000000000027,0.03128525897907059,-30.09320491172136,2.875,0.004999999999999893,148.91113602125998,True,0.9749631693934941,5.497889139972955,-0.6512802851401612,,-2.0737526917812135,False
2.88,2.8373333333333335,2.9226666666666667,False,145.07962854192903,True,0.9459302094659091,-1.800000000000001,0.026110032996102938,-31.663851586891262,2.875,-0.004999999999999893,148.91113602125998,True,0.9749631693934941,3.831507479330952,-0.45128028514015883,,-2.0737526917812135,True
2.89,2.8473333333333333,2.9326666666666665,False,146.76537262479707,True,0.8911444948731202,-1.6,0.02220275066938031,-33.07186436095875,2.895,0.004999999999999893,152.2461170677188,True,0.9335328882817484,5.480744442921747,-0.6347257248532177,,-1.6903072520681537,False
2.9,2.8573333333333335,2.9426666666666668,False,148.4707041104003,True,0.8911444948731202,-1.4000000000000004,0.017594133315720798,-35.092642431614685,2.895,-0.004999999999999893,152.2461170677188,True,0.9335328882817484,3.7754129573185082,-0.43472572485321687,,-1.6903072520681537,True
2.91,2.8673333333333333,2.9526666666666666,False,151.06592630451914,True,0.8266685594724995,-1.1000000000000039,0.01299399496527918,-37.72514611689229,2.915,0.004999999999999893,,False,0.0,,,voicing_disagreement,,False
2.92,2.8773333333333335,2.962666666666667,False,151.9410423129619,True,0.615949885458068,-1.0000000000000036,0.009191460247129496,-40.73230973551603,2.915,-0.004999999999999893,,False,0.0,,,voicing_disagreement,,False
2.93,2.8873333333333333,2.9726666666666666,False,155.49249582586248,True,0.2796051653363588,-0.6000000000000031,0.005108748973444368,-45.833708730955635,2.935,0.004999999999999893,,False,0.0,,,pyin_probability_below_0.5|voicing_disagreement,,False
2.94,2.8973333333333335,2.982666666666667,False,147.61557577921405,True,0.018187375734912182,-1.5000000000000022,0.002069017694139363,-53.68471590505912,2.935,-0.004999999999999893,,False,0.0,,,pyin_probability_below_0.5|voicing_disagreement,,False
2.95,2.9073333333333333,2.9926666666666666,False,141.7660052464835,True,0.0100028158258111,-2.1999999999999997,0.0011007855768128006,-59.16594538943234,2.955,0.004999999999999893,,False,0.0,,,pyin_probability_below_0.5|voicing_disagreement,,False
2.96,2.917333333333333,3.002666666666667,False,134.5844400993791,True,0.010000002871100368,-3.0999999999999983,0.0009567970172765003,-60.38360374450409,2.955,-0.004999999999999893,,False,0.0,,,pyin_probability_below_0.5|voicing_disagreement,,False
2.97,2.9273333333333333,3.0126666666666666,False,127.03079589645196,True,0.010000000208892744,-4.100000000000004,0.000967259914782785,-60.28913619799873,2.975,0.004999999999999893,,False,0.0,,,pyin_probability_below_0.5|voicing_disagreement,,False
2.98,2.937333333333333,3.022666666666667,False,,False,0.01000032860450166,,0.0010110859420248684,-59.90423855858853,2.975,-0.004999999999999893,,False,0.0,,,,,False
2.99,2.9473333333333334,3.0326666666666666,False,,False,0.01001876450976914,,0.0009329272388777581,-60.60304453098904,2.995,0.004999999999999893,,False,0.0,,,,,False
3.0,2.957333333333333,3.042666666666667,False,,False,0.01010197459374499,,0.0009123506169398152,-60.79676459879238,2.995,-0.004999999999999893,,False,0.0,,,,,False
3.01,2.9673333333333334,3.0526666666666666,False,,False,0.010191075496968311,,0.0009364940968559951,-60.56989911667604,3.005,-0.004999999999999893,,False,0.0,,,,,False
3.02,2.977333333333333,3.062666666666667,False,,False,0.010006178555334078,,0.0008984902769050897,-60.92973236574266,3.015,-0.004999999999999893,,False,0.0,,,,,False
3.03,2.9873333333333334,3.0726666666666667,False,,False,0.010000000814014906,,0.0008147298347595061,-61.77972759758288,3.025,-0.004999999999999893,,False,0.0,,,,,False
3.04,2.997333333333333,3.082666666666667,False,,False,0.010000002871100368,,0.000765966727522806,-62.31580190152768,3.035,-0.004999999999999893,,False,0.0,,,,,False
3.05,3.0073333333333334,3.0926666666666667,False,,False,0.010000000101429396,,0.000749283405952793,-62.507077708452655,3.045,-0.004999999999999893,,False,0.0,,,,,False
3.06,3.017333333333333,3.1026666666666665,False,,False,0.010000000101429396,,0.0007604773849264438,-62.3782739293318,3.055,-0.004999999999999893,,False,0.0,,,,,False
3.07,3.0273333333333334,3.1126666666666667,False,,False,0.0100000470079773,,0.0007358152043514919,-62.6646248493223,3.065,-0.004999999999999893,,False,0.0,,,,,False
3.08,3.037333333333333,3.1226666666666665,False,,False,0.010000127845232541,,0.0007584373438429981,-62.40160582812383,3.075,-0.004999999999999893,,False,0.0,,,,,False
3.09,3.0473333333333334,3.1326666666666667,False,,False,0.010000000814014906,,0.0008498388698447931,-61.41326818149751,3.085,-0.004999999999999893,,False,0.0,,,,,False
3.1,3.0573333333333332,3.1426666666666665,False,,False,0.01,,0.004597573773004176,-46.74942586626067,3.095,-0.004999999999999893,,False,0.0,,,,,False
3.11,3.0673333333333335,3.1526666666666667,False,,False,0.010000000000001869,,0.009334221189764945,-40.598438240098915,3.105,-0.004999999999999893,,False,0.0,,,,,False
3.12,3.0773333333333333,3.1626666666666665,False,180.68936857950385,True,0.01000419105279527,2.0000000000000004,0.03108739091881999,-30.148314511923175,3.125,0.004999999999999893,,False,0.0,,,pyin_probability_below_0.5|voicing_disagreement,,False
3.13,3.0873333333333335,3.1726666666666667,False,177.5852333780714,True,0.016467587593113005,1.6999999999999957,0.04253882405537857,-27.42429039835975,3.125,-0.004999999999999893,,False,0.0,,,pyin_probability_below_0.5|voicing_disagreement,,False
3.14,3.0973333333333333,3.1826666666666665,False,174.53442536143424,True,0.04069733156888106,1.3999999999999968,0.05367526725712265,-25.404515689392856,3.145,0.004999999999999893,,False,0.0,,,pyin_probability_below_0.5|voicing_disagreement,,False
3.15,3.1073333333333335,3.1926666666666668,False,173.52918104210445,True,0.1279370863012904,1.2999999999999958,0.06422850198643719,-23.845444140010954,3.145,-0.004999999999999893,,False,0.0,,,pyin_probability_below_0.5|voicing_disagreement,,False
3.16,3.1173333333333333,3.2026666666666666,False,174.53442536143424,True,0.20650679911775227,1.3999999999999968,0.07267808063075072,-22.771931011562007,3.165,0.004999999999999893,174.95242711520922,True,0.892028741868961,0.4180017537749734,-0.04141267167258971,pyin_probability_below_0.5,0.7163796947512175,False
3.17,3.1273333333333335,3.212666666666667,False,174.53442536143424,True,0.24075439447557434,1.3999999999999968,0.07917378574489393,-22.028371769941593,3.165,-0.004999999999999893,174.95242711520922,True,0.892028741868961,0.4180017537749734,-0.04141267167258971,pyin_probability_below_0.5,0.7163796947512175,False
3.18,3.1373333333333333,3.2226666666666666,False,175.5454930018647,True,0.2407543944755743,1.5000000000000004,0.08490572871746263,-21.421260125286405,3.185,0.004999999999999893,173.3679438214815,True,0.9788172647912937,2.1775491803832097,0.21609349668324185,pyin_probability_below_0.5,0.5588735263953891,False
3.19,3.1473333333333335,3.232666666666667,False,175.5454930018647,True,0.24075439447557434,1.5000000000000004,0.08953870310049672,-20.959784006596003,3.185,-0.004999999999999893,173.3679438214815,True,0.9788172647912937,2.1775491803832097,0.21609349668324185,pyin_probability_below_0.5,0.5588735263953891,False
3.2,3.1573333333333333,3.2426666666666666,False,175.5454930018647,True,0.37213589829750865,1.5000000000000004,0.09154940587440433,-20.766889395635644,3.205,0.004999999999999893,177.79205021270926,True,0.9589438333219518,2.246557210844543,-0.22015032490816494,pyin_probability_below_0.5,0.9951173479867927,False
3.21,3.167333333333333,3.252666666666667,False,175.5454930018647,True,0.37213589829750865,1.5000000000000004,0.08866306541682593,-21.045145151552983,3.205,-0.004999999999999893,177.79205021270926,True,0.9589438333219518,2.246557210844543,-0.22015032490816494,pyin_probability_below_0.5,0.9951173479867927,False
3.22,3.1773333333333333,3.2626666666666666,False,176.56241769755178,True,0.279605165336359,1.599999999999999,0.08470890004829064,-21.441419151402176,3.225,0.004999999999999893,182.96971597812563,True,0.9723113801360458,6.407298280573855,-0.617119108071829,pyin_probability_below_0.5,1.4920861311504563,False
3.23,3.187333333333333,3.272666666666667,False,179.64867439581087,True,0.12793708630129036,1.8999999999999972,0.07974928834925483,-21.965463674474094,3.225,-0.004999999999999893,182.96971597812563,True,0.9723113801360458,3.3210415823147628,-0.3171191080718297,pyin_probability_below_0.5,1.4920861311504563,False
3.24,3.1973333333333334,3.2826666666666666,False,180.68936857950385,True,0.04768699308253103,2.0000000000000004,0.07506645212999172,-22.491082194668685,3.245,0.004999999999999893,180.42510734874742,True,0.8242717264922673,0.26426123075643204,0.0253381214377826,pyin_probability_below_0.5,1.2496289016408486,False
3.25,3.207333333333333,3.292666666666667,False,180.68936857950385,True,0.010824463728234165,2.0000000000000004,0.07544461306332544,-22.447435290171764,3.245,-0.004999999999999893,180.42510734874742,True,0.8242717264922673,0.26426123075643204,0.0253381214377826,pyin_probability_below_0.5,1.2496289016408486,False
3.26,3.2173333333333334,3.3026666666666666,False,180.68936857950385,True,0.010001232964986116,2.0000000000000004,0.07789604351227403,-22.16969200814659,3.255,-0.004999999999999893,,False,0.0,,,pyin_probability_below_0.5|voicing_disagreement,,False
3.27,3.227333333333333,3.312666666666667,False,180.68936857950385,True,0.010000000814014903,2.0000000000000004,0.08078505943901791,-21.85337902291474,3.265,-0.004999999999999893,,False,0.0,,,pyin_probability_below_0.5|voicing_disagreement,,False
3.28,3.2373333333333334,3.3226666666666667,False,,False,0.0100000000000754,,0.08382356043207703,-21.532677926315383,3.275,-0.004999999999999893,,False,0.0,,,,,False
3.29,3.247333333333333,3.332666666666667,False,,False,0.01000000000000011,,0.08469739288197642,-21.44259915451867,3.285,-0.004999999999999893,,False,0.0,,,,,False
3.3,3.2573333333333334,3.3426666666666667,False,,False,0.010000000000000437,,0.08669325947110007,-21.240293364964202,3.295,-0.004999999999999893,,False,0.0,,,,,False
3.31,3.267333333333333,3.3526666666666665,False,,False,0.010000000000000439,,0.0865840644927771,-21.251240621472988,3.305,-0.004999999999999893,,False,0.0,,,,,False
3.32,3.2773333333333334,3.3626666666666667,False,,False,0.010000000000006923,,0.08583168073981304,-21.32704766238055,3.315,-0.004999999999999893,,False,0.0,,,,,False
3.33,3.287333333333333,3.3726666666666665,False,,False,0.010000000000221915,,0.08133184860958204,-21.794787128245993,3.325,-0.004999999999999893,,False,0.0,,,,,False
3.34,3.2973333333333334,3.3826666666666667,False,,False,0.01000000000061386,,0.07518233884352647,-22.477683359345427,3.335,-0.004999999999999893,,False,0.0,,,,,False
3.35,3.3073333333333332,3.3926666666666665,False,,False,0.010000000047726025,,0.0770802113839984,-22.26114206020243,3.345,-0.004999999999999893,,False,0.0,,,,,False
3.36,3.3173333333333335,3.4026666666666667,False,168.58914210463126,True,0.010000328604501662,0.8000000000000002,0.07483089794519897,-22.518380867207032,3.355,-0.004999999999999893,,False,0.0,,,pyin_probability_below_0.5|voicing_disagreement,,False
3.37,3.3273333333333333,3.4126666666666665,False,164.73856077731807,True,0.010026724673810767,0.39999999999999736,0.08079709759571195,-21.852084794608814,3.375,0.004999999999999893,,False,0.0,,,pyin_probability_below_0.5|voicing_disagreement,,False
3.38,3.3373333333333335,3.4226666666666667,False,160.97592684906726,True,0.01014004604470407,0.0,0.08322482714215657,-21.594941963987154,3.375,-0.004999999999999893,,False,0.0,,,pyin_probability_below_0.5|voicing_disagreement,,False
3.39,3.3473333333333333,3.4326666666666665,False,158.21045677717683,True,0.010073751764282882,-0.30000000000000004,0.08694543646179041,-21.21506416085605,3.395,0.004999999999999893,166.29556963814437,True,0.752088887480464,8.085112860967541,-0.8628573240447216,pyin_probability_below_0.5,-0.16217565287665014,False
3.4,3.3573333333333335,3.4426666666666668,False,157.29923159850804,True,0.010037765502929688,-0.4000000000000008,0.08950991347472308,-20.962577253694242,3.395,-0.004999999999999893,166.29556963814437,True,0.752088887480464,8.996338039636328,-0.9628573240447211,pyin_probability_below_0.5,-0.16217565287665014,False
3.41,3.3673333333333333,3.4526666666666666,False,171.53602840047625,True,0.010013068846238975,1.099999999999998,0.0935586645048659,-20.578319722359634,3.415,0.004999999999999893,156.5740796906574,True,0.8373177913244482,14.961948709818842,1.5799946897112909,pyin_probability_below_0.5|pitch_difference_over_1_semitone,-1.205027666632662,False
3.42,3.3773333333333335,3.462666666666667,False,169.56576906952336,True,0.01001876450976914,0.8999999999999985,0.09548686428734496,-20.40112736620863,3.415,-0.004999999999999893,156.5740796906574,True,0.8373177913244482,12.991689378865942,1.379994689711289,pyin_probability_below_0.5|pitch_difference_over_1_semitone,-1.205027666632662,False
3.43,3.3873333333333333,3.4726666666666666,False,156.39325469067515,True,0.010140046044704068,-0.5000000000000041,0.09165373820826657,-20.756996342324637,3.435,0.004999999999999893,149.82789703762765,True,0.9133771919525677,6.565357653047499,0.7424642414893218,pyin_probability_below_0.5,-1.9674972184106938,False
3.44,3.3973333333333335,3.482666666666667,False,155.49249582586248,True,0.010349055133375844,-0.6000000000000031,0.08664338593579626,-21.24529168524952,3.435,-0.004999999999999893,149.82789703762765,True,0.9133771919525677,5.6645987882348265,0.6424642414893216,pyin_probability_below_0.5,-1.9674972184106938,False
3.45,3.4073333333333333,3.4926666666666666,False,151.9410423129619,True,0.01646758759311301,-1.0000000000000036,0.07783208355163261,-22.176826868124664,3.455,0.004999999999999893,143.78055687375075,True,0.8575041881075446,8.160485439211158,0.9557163209007551,pyin_probability_below_0.5,-2.6807492978221283,False
3.46,3.417333333333333,3.502666666666667,False,149.33078614961454,True,0.022944219124638603,-1.3000000000000027,0.07099044294612057,-22.976002280586147,3.455,-0.004999999999999893,143.78055687375075,True,0.8575041881075446,5.550229275863785,0.6557163209007557,pyin_probability_below_0.5,-2.6807492978221283,False
3.47,3.4273333333333333,3.5126666666666666,False,147.61557577921405,True,0.0229442191246386,-1.5000000000000022,0.06406518714744291,-23.867558017062436,3.475,0.004999999999999893,135.8395184706251,True,0.945375501282654,11.776057308588946,1.4393004803720502,pyin_probability_below_0.5|pitch_difference_over_1_semitone,-3.6643334572934227,False
3.48,3.437333333333333,3.522666666666667,False,145.07962854192903,True,0.018187375734912182,-1.800000000000001,0.057354260735066304,-24.828686273651954,3.475,-0.004999999999999893,135.8395184706251,True,0.945375501282654,9.240110071303917,1.1393004803720501,pyin_probability_below_0.5|pitch_difference_over_1_semitone,-3.6643334572934227,False
3.49,3.4473333333333334,3.5326666666666666,False,137.7302022667084,True,0.04069733156888105,-2.699999999999999,0.04995848374913078,-26.02781502060111,3.495,0.004999999999999893,131.30111647530543,True,0.9451682830247928,6.429085791402969,0.8275892739289417,pyin_probability_below_0.5,-4.25262225085031,False
3.5,3.457333333333333,3.542666666666667,False,133.80929076365396,True,0.1504646013433388,-3.200000000000003,0.04516141283457846,-26.904649600369464,3.495,-0.004999999999999893,131.30111647530543,True,0.9451682830247928,2.5081742883485276,0.32758927392893944,pyin_probability_below_0.5,-4.25262225085031,False
3.51,3.4673333333333334,3.5526666666666666,False,132.2723599733492,True,0.3721358982975087,-3.400000000000003,0.040457576852326614,-27.86000264444197,3.505,-0.004999999999999893,128.75325341891389,True,0.9554442057233876,3.519106554435325,0.46683282676150306,pyin_probability_below_0.5,-4.591865803682879,False
3.52,3.477333333333333,3.562666666666667,False,130.75308233882095,True,0.48498680771591135,-3.6000000000000014,0.03714590911724012,-28.601780163309755,3.515,-0.004999999999999893,125.74307908560793,True,0.9743323549364233,5.010003253213014,0.676391525782718,pyin_probability_below_0.5,-5.001424502704089,False
3.53,3.4873333333333334,3.5726666666666667,False,128.5068226458765,True,0.6860828109301794,-3.900000000000001,0.032240599173222875,-29.83193791351364,3.525,-0.004999999999999893,124.74587476043563,True,0.9862935544269104,3.7609478854408707,0.5142341871463506,,-5.139267164067721,False
3.54,3.497333333333333,3.582666666666667,False,125.57172276022992,True,0.8911444948731203,-4.300000000000003,0.026244497716393384,-31.619234692312794,3.535,-0.004999999999999893,125.38484057727196,True,0.974541203859767,0.18688218295795878,0.02578429141708666,,-5.050817268338459,True
3.55,3.5073333333333334,3.5926666666666667,False,124.84848285663055,True,0.8911444948731203,-4.400000000000002,0.02270037815479694,-32.87933816083033,3.545,-0.004999999999999893,125.86762441265255,True,0.9389489968062983,1.0191415560219923,-0.14074742144360813,,-4.984285555477761,True
3.56,3.517333333333333,3.6026666666666665,False,125.57172276022992,True,0.8266685594724996,-4.300000000000003,0.018855975389386763,-34.49101994639559,3.555,-0.004999999999999893,126.08596379752395,True,0.9151094660080229,0.5142410372940276,-0.07075268349590849,,-4.954280293425463,True
3.57,3.5273333333333334,3.6126666666666667,False,126.29915234996876,True,0.7571601330199094,-4.200000000000002,0.014645365846841576,-36.685995500091494,3.565,-0.004999999999999893,127.72027472044891,True,0.9032906818984463,1.4211223704801483,-0.19371125529282662,,-4.731321721628545,True
3.58,3.537333333333333,3.6226666666666665,False,127.03079589645196,True,0.4260623290432815,-4.100000000000004,0.0101984984762872,-39.829275293124624,3.575,-0.004999999999999893,,False,0.0,,,pyin_probability_below_0.5|voicing_disagreement,,False
3.59,3.5473333333333334,3.6326666666666667,False,128.5068226458765,True,0.15046460134333883,-3.900000000000001,0.0059754143722430455,-44.47263945332467,3.585,-0.004999999999999893,,False,0.0,,,pyin_probability_below_0.5|voicing_disagreement,,False
3.6,3.5573333333333332,3.6426666666666665,False,133.03860595958074,True,0.1765306086328976,-3.3000000000000007,0.0033464487477449407,-49.50831644020503,3.595,-0.004999999999999893,,False,0.0,,,pyin_probability_below_0.5|voicing_disagreement,,False
3.61,3.5673333333333335,3.6526666666666667,False,136.14823596668148,True,0.2065067991177523,-2.8999999999999995,0.0020263202752290174,-53.865838200525005,3.605,-0.004999999999999893,,False,0.0,,,pyin_probability_below_0.5|voicing_disagreement,,False
3.62,3.5773333333333333,3.6626666666666665,False,133.03860595958074,True,0.2796051653363589,-3.3000000000000007,0.0015513155141073105,-56.185997285503376,3.625,0.004999999999999893,,False,0.0,,,pyin_probability_below_0.5|voicing_disagreement,,False
3.63,3.5873333333333335,3.6726666666666667,False,,False,0.01,,0.009820971472226582,-40.156911009720055,3.625,-0.004999999999999893,,False,0.0,,,,,False
3.64,3.5973333333333333,3.6826666666666665,False,,False,0.010000000000221913,,0.017962097428193206,-34.912859045684314,3.645,0.004999999999999893,,False,0.0,,,,,False
3.65,3.6073333333333335,3.6926666666666668,False,162.84637702113662,True,0.01010197459374499,0.19999999999999687,0.02802318276661092,-31.049650814639765,3.645,-0.004999999999999893,,False,0.0,,,pyin_probability_below_0.5|voicing_disagreement,,False
3.66,3.6173333333333333,3.7026666666666666,False,159.12696062960518,True,0.015085587297504338,-0.2000000000000017,0.03443236413743011,-29.260663149396695,3.665,0.004999999999999893,,False,0.0,,,pyin_probability_below_0.5|voicing_disagreement,,False
3.67,3.6273333333333335,3.712666666666667,False,157.29923159850804,True,0.04069733156888105,-0.4000000000000008,0.040595725695817,-27.830393813402935,3.665,-0.004999999999999893,,False,0.0,,,pyin_probability_below_0.5|voicing_disagreement,,False
3.68,3.6373333333333333,3.7226666666666666,False,156.39325469067515,True,0.09203757081218103,-0.5000000000000041,0.04527642221342897,-26.88255797665873,3.685,0.004999999999999893,159.223214777556,True,0.8231796642748822,2.8299600868808454,-0.31046887837653214,pyin_probability_below_0.5,-0.9145640985448414,False
3.69,3.6473333333333335,3.732666666666667,False,154.59692495035372,True,0.1504646013433388,-0.7000000000000042,0.04993596816219438,-26.03173051145842,3.685,-0.004999999999999893,159.223214777556,True,0.8231796642748822,4.626289827202271,-0.5104688783765328,pyin_probability_below_0.5,-0.9145640985448414,False
3.7,3.6573333333333333,3.7426666666666666,False,154.59692495035372,True,0.2065067991177523,-0.7000000000000042,0.053404922793815555,-25.44837416892314,3.705,0.004999999999999893,154.26947071463414,True,0.9904536761110766,0.32745423571958554,0.03670843722340615,pyin_probability_below_0.5,-1.4617414141447789,False
3.71,3.667333333333333,3.752666666666667,False,153.70651218352927,True,0.32333605839064083,-0.8000000000000008,0.05672021621145089,-24.925242446746246,3.705,-0.004999999999999893,154.26947071463414,True,0.9904536761110766,0.5629585311048686,-0.0632915627765913,pyin_probability_below_0.5,-1.4617414141447789,False
3.72,3.6773333333333333,3.7626666666666666,False,152.82122781686914,True,0.6159498854580678,-0.9000000000000006,0.05831744741768861,-24.684029870987324,3.725,0.004999999999999893,150.94515545706554,True,0.9911435859536203,1.8760723598036009,0.21384602268047095,,-1.8388789996018409,True
3.73,3.687333333333333,3.772666666666667,False,151.06592630451914,True,0.7571601330199091,-1.1000000000000039,0.05749985255225784,-24.806665379537094,3.725,-0.004999999999999893,150.94515545706554,True,0.9911435859536203,0.12077084745359912,0.01384602268046745,,-1.8388789996018409,True
3.74,3.6973333333333334,3.7826666666666666,False,150.19585059339548,True,0.7571601330199091,-1.2000000000000042,0.05604623570868557,-25.02907102118218,3.745,0.004999999999999893,148.7452779893997,True,0.9948684926585489,1.4505726039957665,0.16801304020205837,,-2.0930460171234326,True
3.75,3.707333333333333,3.792666666666667,False,149.33078614961454,True,0.7571601330199091,-1.3000000000000027,0.055250768688356315,-25.15323350768449,3.745,-0.004999999999999893,148.7452779893997,True,0.9948684926585489,0.5855081602148289,0.06801304020205778,,-2.0930460171234326,True
3.76,3.7173333333333334,3.8026666666666666,False,147.61557577921405,True,0.7571601330199091,-1.5000000000000022,0.052746060432507666,-25.556199439587616,3.755,-0.004999999999999893,148.0079734317031,True,0.9987270119724659,0.392397652489052,-0.045959300437493356,,-2.1790736764838785,True
3.77,3.727333333333333,3.812666666666667,False,146.76537262479707,True,0.8266685594724994,-1.6,0.0524905595398551,-25.59837595413375,3.765,-0.004999999999999893,146.93583682094652,True,0.9989927762873609,0.17046419614945307,-0.02009616877066048,,-2.3049368081507096,True
3.78,3.7373333333333334,3.8226666666666667,False,145.9200662802185,True,0.8266685594724994,-1.7000000000000013,0.050354986050268044,-25.959150400158855,3.775,-0.004999999999999893,145.70995603239572,True,0.9965420895674507,0.21011024782276877,0.024945996653015633,,-2.4499789735743875,True
3.79,3.747333333333333,3.832666666666667,False,145.9200662802185,True,0.8266685594724994,-1.7000000000000013,0.05015081709799835,-25.994439734123105,3.785,-0.004999999999999893,144.80960419757488,True,0.9975529919441128,1.1104620826436076,0.13225200672725476,,-2.557284983648625,True
3.8,3.7573333333333334,3.8426666666666667,False,145.07962854192903,True,0.8266685594724994,-1.800000000000001,0.04953981914972592,-26.100911663691342,3.795,-0.004999999999999893,144.64636969292357,True,0.9962767779325192,0.43325884900545475,0.05177809621119658,,-2.5768110731325686,True
3.81,3.767333333333333,3.8526666666666665,False,145.07962854192903,True,0.8266685594724994,-1.800000000000001,0.04996689217236274,-26.026353237030683,3.805,-0.004999999999999893,144.59427248647802,True,0.9981408839714992,0.4853560554510068,0.05801459589226083,,-2.5830475728136344,True
3.82,3.7773333333333334,3.8626666666666667,False,145.9200662802185,True,0.7571601330199093,-1.7000000000000013,0.05073064337858493,-25.894592596349572,3.815,-0.004999999999999893,144.78297695473213,True,0.9989899819252712,1.1370893254863574,0.13543565110022754,,-2.560468628021601,True
3.83,3.787333333333333,3.8726666666666665,False,145.9200662802185,True,0.7571601330199093,-1.7000000000000013,0.05107818963543009,-25.835290076753488,3.825,-0.004999999999999893,145.13591463955714,True,0.9976969347019393,0.7841516406613493,0.09328468703940114,,-2.518317663960774,True
3.84,3.7973333333333334,3.8826666666666667,False,145.9200662802185,True,0.7571601330199093,-1.7000000000000013,0.05218749936430263,-25.648670249249513,3.835,-0.004999999999999893,145.95276707169836,True,0.9975490497190096,0.032700791479868485,-0.0038792732593920993,,-2.421153703661979,True
3.85,3.8073333333333332,3.8926666666666665,False,145.9200662802185,True,0.7571601330199094,-1.7000000000000013,0.05211063500513314,-25.661472692279823,3.845,-0.004999999999999893,146.62191637743862,True,0.9966751435837916,0.7018500972201309,-0.08306972598466482,,-2.341963250936707,True
3.86,3.8173333333333335,3.9026666666666667,False,145.9200662802185,True,0.7571601330199094,-1.7000000000000013,0.05416312081092459,-25.325926401998842,3.855,-0.004999999999999893,146.60744740825567,True,0.9963029939095764,0.687381128037174,-0.08136122232040846,,-2.3436717546009627,True
3.87,3.8273333333333333,3.9126666666666665,False,145.9200662802185,True,0.7571601330199094,-1.7000000000000013,0.05384246082742637,-25.377501984838638,3.875,0.004999999999999893,145.71083555229586,True,0.9942103015575348,0.20923072792263042,0.024841497945859933,,-2.449874474867231,True
3.88,3.8373333333333335,3.9226666666666667,False,145.9200662802185,True,0.8266685594724995,-1.7000000000000013,0.055780324191526655,-25.07037931944098,3.875,-0.004999999999999893,145.71083555229586,True,0.9942103015575348,0.20923072792263042,0.024841497945859933,,-2.449874474867231,True
3.89,3.8473333333333333,3.9326666666666665,False,145.9200662802185,True,0.8266685594724996,-1.7000000000000013,0.054477225587738556,-25.275700365010042,3.895,0.004999999999999893,145.1340943070059,True,0.9937364199238479,0.7859719732125825,0.09350182429755785,,-2.5185348012189275,True
3.9,3.8573333333333335,3.9426666666666668,False,145.9200662802185,True,0.8911444948731203,-1.7000000000000013,0.05479254065924964,-25.225571228498488,3.895,-0.004999999999999893,145.1340943070059,True,0.9937364199238479,0.7859719732125825,0.09350182429755785,,-2.5185348012189275,True
3.91,3.8673333333333333,3.9526666666666666,False,145.07962854192903,True,0.8911444948731203,-1.800000000000001,0.0526077105903052,-25.57901195289229,3.915,0.004999999999999893,145.55952804540743,True,0.9927731547278714,0.47989950347840704,-0.057171863926476274,,-2.4678611129948957,True
3.92,3.8773333333333335,3.962666666666667,False,145.07962854192903,True,0.8911444948731203,-1.800000000000001,0.05138447717214562,-25.783361159647313,3.915,-0.004999999999999893,145.55952804540743,True,0.9927731547278714,0.47989950347840704,-0.057171863926476274,,-2.4678611129948957,True
3.93,3.8873333333333333,3.9726666666666666,False,145.07962854192903,True,0.8911444948731203,-1.800000000000001,0.04945894385380849,-26.11510323598466,3.935,0.004999999999999893,144.41996383899212,True,0.9905793925532695,0.659664702936908,0.0788972420899221,,-2.603930219011293,True
3.94,3.8973333333333335,3.982666666666667,False,145.9200662802185,True,0.8911444948731203,-1.7000000000000013,0.04678038706190862,-26.598723783006047,3.935,-0.004999999999999893,144.41996383899212,True,0.9905793925532695,1.5001024412263746,0.1788972420899207,,-2.603930219011293,True
3.95,3.9073333333333333,3.9926666666666666,False,145.9200662802185,True,0.8266685594724994,-1.7000000000000013,0.043907004232010924,-27.149323874578503,3.955,0.004999999999999893,146.49092585518417,True,0.9839523266807461,0.5708595749656808,-0.06759614484769375,,-2.357436832073678,True
3.96,3.917333333333333,4.002666666666666,False,145.9200662802185,True,0.8266685594724994,-1.7000000000000013,0.039446260553608614,-28.079883219386833,3.955,-0.004999999999999893,146.49092585518417,True,0.9839523266807461,0.5708595749656808,-0.06759614484769375,,-2.357436832073678,True
3.97,3.9273333333333333,4.012666666666667,False,145.9200662802185,True,0.8266685594724995,-1.7000000000000013,0.03541542754592741,-29.01615021794929,3.975,0.004999999999999893,153.55291039806482,True,0.9858483284062409,7.632844117846332,-0.8826908049939545,,-1.5423421719274168,False
3.98,3.937333333333333,4.022666666666667,False,148.4707041104003,True,0.8266685594724994,-1.4000000000000004,0.030554585682654362,-30.298472017941783,3.975,-0.004999999999999893,153.55291039806482,True,0.9858483284062409,5.082206287664519,-0.5826908049939548,,-1.5423421719274168,False
3.99,3.9473333333333334,4.032666666666667,False,151.06592630451914,True,0.8911444948731202,-1.1000000000000039,0.027054998525817248,-31.35504970790794,3.995,0.004999999999999893,155.60830035724504,True,0.9433158220356345,4.542374052725904,-0.5128887331363594,,-1.3121442437850126,False
4.0,3.957333333333333,4.042666666666666,False,153.70651218352927,True,0.8911444948731202,-0.8000000000000008,0.02246351738869015,-32.970444798627085,3.995,-0.004999999999999893,155.60830035724504,True,0.9433158220356345,1.9017881737157722,-0.2128887331363569,,-1.3121442437850126,True
4.01,3.9673333333333334,4.052666666666667,False,154.59692495035372,True,0.8911444948731202,-0.7000000000000042,0.01883784636994767,-34.49937498533228,4.005,-0.004999999999999893,153.29769754725257,True,0.8487481760492209,1.2992274031011561,0.14610713560156452,,-1.5711401125229378,True
4.02,3.977333333333333,4.062666666666667,False,155.49249582586248,True,0.7571601330199091,-0.6000000000000031,0.01416606562354342,-36.975015013738926,4.015000000000001,-0.004999999999999005,,False,0.0,,,voicing_disagreement,,False
4.03,3.9873333333333334,4.072666666666667,False,155.49249582586248,True,0.37213589829750865,-0.6000000000000031,0.009250034209150125,-40.67713322237036,4.025,-0.004999999999999893,,False,0.0,,,pyin_probability_below_0.5|voicing_disagreement,,False
4.04,3.997333333333333,4.082666666666666,False,149.33078614961454,True,0.018187375734912182,-1.3000000000000027,0.004374221637123913,-47.18198431009534,4.035,-0.004999999999999893,,False,0.0,,,pyin_probability_below_0.5|voicing_disagreement,,False
4.05,4.007333333333333,4.092666666666666,False,144.24403136881983,True,0.01001876450976914,-1.900000000000003,0.0013418348443024963,-57.446018694100616,4.045000000000001,-0.004999999999999005,,False,0.0,,,pyin_probability_below_0.5|voicing_disagreement,,False
4.06,4.017333333333333,4.102666666666667,False,146.76537262479707,True,0.01001876450976914,-1.6,0.001055320029152554,-59.532316384221254,4.055000000000001,-0.004999999999999005,,False,0.0,,,pyin_probability_below_0.5|voicing_disagreement,,False
4.07,4.027333333333333,4.112666666666667,False,145.9200662802185,True,0.0100028158258111,-1.7000000000000013,0.0009939448383196974,-60.0527543458187,4.065,-0.004999999999999893,,False,0.0,,,pyin_probability_below_0.5|voicing_disagreement,,False
4.08,4.037333333333334,4.1226666666666665,False,137.7302022667084,True,0.010000000208892744,-2.699999999999999,0.001071588794550806,-59.399436727894646,4.075,-0.004999999999999893,,False,0.0,,,pyin_probability_below_0.5|voicing_disagreement,,False
4.09,4.0473333333333334,4.132666666666666,False,,False,0.010000000417925077,,0.0009457273777124959,-60.4846807691873,4.085000000000001,-0.004999999999999005,,False,0.0,,,,,False
4.1,4.057333333333333,4.142666666666667,False,,False,0.010000000047726025,,0.000984785682623453,-60.13316548103987,4.095000000000001,-0.004999999999999005,,False,0.0,,,,,False
4.11,4.067333333333333,4.152666666666667,False,,False,0.010000027850262286,,0.0010186853352740406,-59.83919891571401,4.105,-0.004999999999999893,,False,0.0,,,,,False
4.12,4.077333333333334,4.1626666666666665,False,,False,0.010000802780927255,,0.0010137842825676557,-59.881088924849514,4.115,-0.004999999999999893,,False,0.0,,,,,False
4.13,4.0873333333333335,4.172666666666666,False,,False,0.010000027850262286,,0.0010111641974666747,-59.903566319167524,4.125,-0.004999999999999893,,False,0.0,,,,,False
4.14,4.097333333333333,4.182666666666667,False,94.07250043362458,True,0.010000078102280324,-9.3,0.0010606348409881554,-59.48868221528307,4.135000000000001,-0.004999999999999005,,False,0.0,,,pyin_probability_below_0.5|voicing_disagreement,,False
4.15,4.107333333333333,4.192666666666667,False,96.82903510297565,True,0.010000027850262286,-8.8,0.0010408528365441398,-59.65221339816199,4.1450000000000005,-0.004999999999999893,,False,0.0,,,pyin_probability_below_0.5|voicing_disagreement,,False
4.16,4.117333333333334,4.2026666666666666,False,99.66634240352404,True,0.010000000814014906,-8.3,0.0009953975391958998,-60.04006874491532,4.155,-0.004999999999999893,,False,0.0,,,pyin_probability_below_0.5|voicing_disagreement,,False
4.17,4.1273333333333335,4.212666666666666,False,104.98464168400547,True,0.010000000417925077,-7.400000000000002,0.0009335044346516666,-60.59767229151984,4.165,-0.004999999999999893,,False,0.0,,,pyin_probability_below_0.5|voicing_disagreement,,False
4.18,4.137333333333333,4.222666666666667,False,106.81974089615274,True,0.010000127845232541,-7.100000000000001,0.0009778924543445036,-60.19417809960502,4.175000000000001,-0.004999999999999005,,False,0.0,,,pyin_probability_below_0.5|voicing_disagreement,,False
4.19,4.147333333333333,4.232666666666667,False,109.31653398298289,True,0.010000002871100368,-6.700000000000001,0.0008841332460580219,-61.069645567002695,4.1850000000000005,-0.004999999999999893,,False,0.0,,,pyin_probability_below_0.5|voicing_disagreement,,False
4.2,4.157333333333334,4.242666666666667,False,108.06092649856241,True,0.010000000417925077,-6.900000000000002,0.0008858351106370568,-61.05294220345155,4.195,-0.004999999999999893,,False,0.0,,,pyin_probability_below_0.5|voicing_disagreement,,False
4.21,4.167333333333334,4.252666666666666,False,104.98464168400547,True,0.010000802780927255,-7.400000000000002,0.0009096238417181174,-60.82276330169843,4.205,-0.004999999999999893,,False,0.0,,,pyin_probability_below_0.5|voicing_disagreement,,False
4.22,4.177333333333333,4.262666666666667,False,110.58673092361124,True,0.010000078102280324,-6.500000000000002,0.0008092602323371555,-61.838236012879875,4.215000000000001,-0.004999999999999005,,False,0.0,,,pyin_probability_below_0.5|voicing_disagreement,,False
4.23,4.187333333333333,4.272666666666667,False,104.98464168400547,True,0.010000078102280324,-7.400000000000002,0.0007843337859579322,-62.109981538404256,4.2250000000000005,-0.004999999999999893,,False,0.0,,,pyin_probability_below_0.5|voicing_disagreement,,False
4.24,4.197333333333333,4.282666666666667,False,104.98464168400547,True,0.01001876450976914,-7.400000000000002,0.0007611058971414403,-62.37109826157774,4.235,-0.004999999999999893,,False,0.0,,,pyin_probability_below_0.5|voicing_disagreement,,False
4.25,4.207333333333334,4.292666666666666,False,98.52157682317586,True,0.010004191052795269,-8.500000000000004,0.0007017815135251157,-63.075961524913716,4.245,-0.004999999999999893,,False,0.0,,,pyin_probability_below_0.5|voicing_disagreement,,False
4.26,4.217333333333333,4.302666666666667,False,,False,2.192031492585177e-11,,0.0006580439166179286,-63.63490242837814,4.255000000000001,-0.004999999999999005,,False,0.0,,,,,False
4.27,4.227333333333333,4.312666666666667,False,,False,0.010000001546554295,,0.0006168820771899719,-64.19595695013966,4.265000000000001,-0.004999999999999005,,False,0.0,,,,,False
4.28,4.237333333333333,4.322666666666667,False,,False,0.010006178555334078,,0.0006125384877840368,-64.25733235944536,4.275,-0.004999999999999893,,False,0.0,,,,,False
4.29,4.247333333333334,4.332666666666666,False,,False,0.010009025493342984,,0.0005449453931714546,-65.27294028960429,4.285,-0.004999999999999893,,False,0.0,,,,,False
4.3,4.257333333333333,4.342666666666666,False,,False,0.01000000521622945,,0.0005565696746119944,-65.08960920860085,4.295000000000001,-0.004999999999999005,,False,0.0,,,,,False
4.31,4.267333333333333,4.352666666666667,False,83.80907004857264,True,0.010000000814014906,-11.300000000000004,0.0005424441331908193,-65.31289967111204,4.305000000000001,-0.004999999999999005,,False,0.0,,,pyin_probability_below_0.5|voicing_disagreement,,False
4.32,4.277333333333333,4.362666666666667,False,84.78288453476168,True,0.010000027850262286,-11.100000000000001,0.0005888450463305406,-64.5999794820908,4.315,-0.004999999999999893,,False,0.0,,,pyin_probability_below_0.5|voicing_disagreement,,False
4.33,4.287333333333334,4.3726666666666665,False,90.34468428975191,True,0.010013068846238975,-10.0,0.0006394612082890658,-63.88371592087586,4.325,-0.004999999999999893,,False,0.0,,,pyin_probability_below_0.5|voicing_disagreement,,False
4.34,4.2973333333333334,4.382666666666666,False,90.34468428975191,True,0.010073751764282884,-10.0,0.0006344880588426877,-63.95153093955034,4.335000000000001,-0.004999999999999005,,False,0.0,,,pyin_probability_below_0.5|voicing_disagreement,,False
4.35,4.307333333333333,4.392666666666667,False,92.4563911828233,True,0.010349055133375844,-9.600000000000001,0.0006151069965036989,-64.22098666174686,4.345000000000001,-0.004999999999999005,,False,0.0,,,pyin_probability_below_0.5|voicing_disagreement,,False
4.36,4.317333333333333,4.402666666666667,False,94.61745688474217,True,0.010191075496968311,-9.200000000000003,0.0006641172523883238,-63.55510475090068,4.355,-0.004999999999999893,,False,0.0,,,pyin_probability_below_0.5|voicing_disagreement,,False
4.37,4.327333333333334,4.4126666666666665,False,90.34468428975191,True,0.010349055133375844,-10.0,0.000669677004212271,-63.48269227766538,4.365,-0.004999999999999893,,False,0.0,,,pyin_probability_below_0.5|voicing_disagreement,,False
4.38,4.3373333333333335,4.422666666666666,False,90.34468428975191,True,0.010467533617069905,-10.0,0.000657496715688687,-63.64212824419656,4.375000000000001,-0.004999999999999005,,False,0.0,,,pyin_probability_below_0.5|voicing_disagreement,,False
4.39,4.347333333333333,4.432666666666667,False,92.4563911828233,True,0.010349055133375844,-9.600000000000001,0.0006463611666261417,-63.79049487717555,4.385000000000001,-0.004999999999999005,,False,0.0,,,pyin_probability_below_0.5|voicing_disagreement,,False
4.4,4.357333333333333,4.442666666666667,False,95.16557023646565,True,0.01002672467381077,-9.1,0.0006472948066269815,-63.777957547955694,4.3950000000000005,-0.004999999999999893,,False,0.0,,,pyin_probability_below_0.5|voicing_disagreement,,False
4.41,4.367333333333334,4.4526666666666666,False,97.95413429584742,True,0.010000005216229449,-8.600000000000003,0.0006242667138453972,-64.0925964241889,4.405,-0.004999999999999893,,False,0.0,,,pyin_probability_below_0.5|voicing_disagreement,,False
4.42,4.3773333333333335,4.462666666666666,False,101.99593272657759,True,0.010000078102280324,-7.900000000000002,0.0006015156639480537,-64.41506117603788,4.415,-0.004999999999999893,,False,0.0,,,pyin_probability_below_0.5|voicing_disagreement,,False
4.43,4.387333333333333,4.472666666666667,False,101.99593272657759,True,0.01000012784523254,-7.900000000000002,0.0006249037828973213,-64.0837369258722,4.425000000000001,-0.004999999999999005,,False,0.0,,,pyin_probability_below_0.5|voicing_disagreement,,False
4.44,4.397333333333333,4.482666666666667,False,103.18106837793296,True,0.010000000814014906,-7.700000000000005,0.0005679897205355797,-64.91319048138075,4.4350000000000005,-0.004999999999999893,,False,0.0,,,pyin_probability_below_0.5|voicing_disagreement,,False
4.45,4.407333333333334,4.492666666666667,False,103.18106837793296,True,0.010000027850262286,-7.700000000000005,0.0005565361743992287,-65.09013203246576,4.445,-0.004999999999999893,,False,0.0,,,pyin_probability_below_0.5|voicing_disagreement,,False
4.46,4.417333333333334,4.502666666666666,False,103.77879022636449,True,0.010000127845232541,-7.600000000000001,0.0005899456608706395,-64.58375977633828,4.455,-0.004999999999999893,,False,0.0,,,pyin_probability_below_0.5|voicing_disagreement,,False
4.47,4.427333333333333,4.512666666666667,False,101.40847938173854,True,0.01000000928748663,-8.000000000000002,0.0005838150055451368,-64.6744949344181,4.465000000000001,-0.004999999999999005,,False,0.0,,,pyin_probability_below_0.5|voicing_disagreement,,False
4.48,4.437333333333333,4.522666666666667,False,100.82440951919276,True,0.01000000287110037,-8.1,0.0005865224976423709,-64.6343064940024,4.4750000000000005,-0.004999999999999893,,False,0.0,,,pyin_probability_below_0.5|voicing_disagreement,,False
4.49,4.447333333333333,4.532666666666667,False,100.82440951919276,True,0.0100000470079773,-8.1,0.0005844234174030877,-64.66544781077174,4.485,-0.004999999999999893,,False,0.0,,,pyin_probability_below_0.5|voicing_disagreement,,False
4.5,4.457333333333334,4.542666666666666,False,97.3899599969843,True,0.010000078102280324,-8.7,0.0005969319441746767,-64.48150359363308,4.495,-0.004999999999999893,,False,0.0,,,pyin_probability_below_0.5|voicing_disagreement,,False
4.51,4.467333333333333,4.55,True,94.61745688474217,True,0.010000027850262286,-9.200000000000003,0.0005687383032753116,-64.90175043967155,4.505000000000001,-0.004999999999999005,,False,0.0,,,pyin_probability_below_0.5|voicing_disagreement|edge_window,,False
4.52,4.477333333333333,4.55,True,96.27134089862668,True,0.010000016226422836,-8.9,0.0005701032311297848,-64.88092995143606,4.515000000000001,-0.004999999999999005,,False,0.0,,,pyin_probability_below_0.5|voicing_disagreement|edge_window,,False
4.53,4.487333333333333,4.55,True,96.82903510297565,True,0.010000005216229449,-8.8,0.0005894979097919335,-64.59035460925531,4.525,-0.004999999999999893,,False,0.0,,,pyin_probability_below_0.5|voicing_disagreement|edge_window,,False
4.54,4.497333333333334,4.55,True,94.61745688474217,True,0.010000000009505967,-9.200000000000003,0.000596683509416267,-64.48511929233818,,,,,,,,pyin_probability_below_0.5|edge_window,,False
