timestamp_s,window_start_s,window_end_s,edge_padded,f0_hz,voiced,voicing_probability,relative_pitch_semitones,rms_amplitude,rms_dbfs,praat_timestamp_s,praat_time_offset_s,praat_f0_hz,praat_voiced,praat_strength,absolute_difference_hz,signed_difference_semitones,flags,praat_relative_semitones,agreement_screen_pass,pyin_speaker_relative_st,praat_speaker_relative_st
0.0,0.0,0.042666666666666665,True,,False,0.01000187304554656,,0.0003010100420618477,-70.42838031142553,,,,,,,,edge_window,,False,,
0.01,0.0,0.05266666666666667,True,,False,9.10475150015622e-06,,0.00031435125969771503,-70.05169589929828,,,,,,,,edge_window,,False,,
0.02,0.0,0.06266666666666666,True,,False,0.010028040053840974,,0.0003011431986413849,-70.42453881960878,,,,,,,,edge_window,,False,,
0.03,0.0,0.07266666666666667,True,,False,0.010140046044704068,,0.0003043794303339892,-70.33169400217436,0.028000000000000132,-0.0019999999999998665,,False,0.0,,,edge_window,,False,,
0.04,0.0,0.08266666666666667,True,,False,7.496648177176029e-05,,0.0003092649510072916,-70.19338591591624,0.03800000000000013,-0.00199999999999987,,False,0.0,,,edge_window,,False,,
0.05,0.007333333333333333,0.09266666666666666,False,,False,0.0016491241209461507,,0.0003185043783619817,-69.93769186403705,0.04800000000000013,-0.00199999999999987,,False,0.0,,,,,False,,
0.06,0.017333333333333333,0.10266666666666667,False,,False,0.00013101715505104612,,0.000313962780268423,-70.06243667434016,0.058000000000000135,-0.001999999999999863,,False,0.0,,,,,False,,
0.07,0.027333333333333334,0.11266666666666666,False,,False,0.01043904101391825,,0.00029563096250764077,-70.58500165303943,0.06800000000000013,-0.001999999999999877,,False,0.0,,,,,False,,
0.08,0.037333333333333336,0.12266666666666666,False,,False,0.00032329715511825424,,0.0003103510313411372,-70.16293614106254,0.07800000000000014,-0.001999999999999863,,False,0.0,,,,,False,,
0.09,0.04733333333333333,0.13266666666666665,False,,False,0.010230633488207389,,0.00030727928128432156,-70.24933443283119,0.08800000000000013,-0.001999999999999863,,False,0.0,,,,,False,,
0.1,0.05733333333333333,0.14266666666666666,False,,False,0.012364682122791421,,0.00029604676034373974,-70.57279374129578,0.09800000000000014,-0.001999999999999863,,False,0.0,,,,,False,,
0.11,0.06733333333333333,0.15266666666666667,False,,False,0.01077147056059375,,0.0002902293561622862,-70.74517323186717,0.10800000000000014,-0.001999999999999863,,False,0.0,,,,,False,,
0.12,0.07733333333333334,0.16266666666666665,False,,False,0.011254155561954374,,0.0002791978270812741,-71.08175932056811,0.11800000000000013,-0.001999999999999863,,False,0.0,,,,,False,,
0.13,0.08733333333333333,0.17266666666666666,False,,False,0.0017152955841105932,,0.000281762346475597,-71.00234089241668,0.12800000000000014,-0.001999999999999863,,False,0.0,,,,,False,,
0.14,0.09733333333333333,0.18266666666666667,False,,False,0.012384309431670886,,0.0002444152107457761,-72.23743540088121,0.13800000000000012,-0.0019999999999998908,,False,0.0,,,,,False,,
0.15,0.10733333333333334,0.19266666666666668,False,,False,0.011126447574093904,,0.00024345934329075987,-72.27147107573973,0.14800000000000013,-0.001999999999999863,,False,0.0,,,,,False,,
0.16,0.11733333333333333,0.20266666666666666,False,,False,0.010318407165636104,,0.00025000413500893086,-72.04105616282244,0.15800000000000014,-0.001999999999999863,,False,0.0,,,,,False,,
0.17,0.12733333333333333,0.21266666666666667,False,,False,0.010024182822065946,,0.00023936702904946283,-72.4187134100883,0.16800000000000015,-0.001999999999999863,,False,0.0,,,,,False,,
0.18,0.13733333333333334,0.22266666666666668,False,,False,0.010280653110926912,,0.00022393178677803044,-72.99768509202254,0.17800000000000013,-0.001999999999999863,,False,0.0,,,,,False,,
0.19,0.14733333333333334,0.23266666666666666,False,,False,0.010365597078297217,,0.00021558946458350816,-73.32744932100859,0.18800000000000014,-0.001999999999999863,,False,0.0,,,,,False,,
0.2,0.15733333333333333,0.24266666666666667,False,,False,0.011068379578679866,,0.0002098733627854257,-73.56085357512708,0.19800000000000015,-0.001999999999999863,,False,0.0,,,,,False,,
0.21,0.16733333333333333,0.25266666666666665,False,,False,0.010240889543919307,,0.00020983056470996522,-73.56262501130915,0.20800000000000013,-0.001999999999999863,,False,0.0,,,,,False,,
0.22,0.17733333333333334,0.26266666666666666,False,,False,0.01013252433799964,,0.0001901307074392997,-74.41895471745717,0.21800000000000014,-0.001999999999999863,,False,0.0,,,,,False,,
0.23,0.18733333333333332,0.27266666666666667,False,,False,0.01003490856817635,,0.00019572117915621324,-74.16724352843471,0.22800000000000015,-0.001999999999999863,,False,0.0,,,,,False,,
0.24,0.19733333333333333,0.2826666666666667,False,,False,0.01000279921300742,,0.00019335438082638168,-74.27291967355916,0.23800000000000013,-0.001999999999999863,,False,0.0,,,,,False,,
0.25,0.20733333333333334,0.2926666666666667,False,,False,0.010000050711038766,,0.00018128531014643552,-74.8327477218202,0.24800000000000014,-0.001999999999999863,,False,0.0,,,,,False,,
0.26,0.21733333333333332,0.30266666666666664,False,,False,0.010000001267696235,,0.0001655950482526717,-75.61905307912583,0.2580000000000001,-0.0019999999999998908,,False,0.0,,,,,False,,
0.27,0.22733333333333333,0.31266666666666665,False,,False,0.010000000198620058,,0.00016956573394460897,-75.41323811968911,0.2680000000000001,-0.0019999999999998908,,False,0.0,,,,,False,,
0.28,0.23733333333333334,0.32266666666666666,False,,False,0.010000001157589847,,0.000181736272442263,-74.81116767845509,0.27800000000000014,-0.0019999999999998908,,False,0.0,,,,,False,,
0.29,0.24733333333333332,0.33266666666666667,False,,False,0.01000000588107463,,0.00017730008495409302,-75.02582112609953,0.28800000000000014,-0.0019999999999998352,,False,0.0,,,,,False,,
0.3,0.25733333333333336,0.3426666666666667,False,,False,5.998134393208184e-08,,0.00017868800497366003,-74.9580919995339,0.29800000000000015,-0.0019999999999998352,,False,0.0,,,,,False,,
0.31,0.2673333333333333,0.3526666666666667,False,,False,0.010000301955182108,,0.00017978215348472807,-74.9050684353466,0.30800000000000016,-0.0019999999999998352,,False,0.0,,,,,False,,
0.32,0.2773333333333333,0.3626666666666667,False,,False,0.01000133227346515,,0.00017861227744499819,-74.96177383802515,0.3180000000000001,-0.0019999999999998908,,False,0.0,,,,,False,,
0.33,0.28733333333333333,0.37266666666666665,False,,False,1.0890283958895427e-07,,0.00017407234194902348,-75.18540455388899,0.3280000000000001,-0.0019999999999998908,,False,0.0,,,,,False,,
0.34,0.29733333333333334,0.38266666666666665,False,,False,0.010000069000725375,,0.00016721830001126608,-75.53432392083336,0.33800000000000013,-0.0019999999999998908,,False,0.0,,,,,False,,
0.35,0.30733333333333335,0.39266666666666666,False,,False,0.010000021509295017,,0.00019561543385266883,-74.17193765634481,0.34800000000000014,-0.0019999999999998352,,False,0.0,,,,,False,,
0.36,0.31733333333333336,0.4026666666666667,False,,False,0.010001797361882298,,0.0001984576546435063,-74.04664290814483,0.35800000000000015,-0.0019999999999998352,,False,0.0,,,,,False,,
0.37,0.3273333333333333,0.4126666666666667,False,,False,0.010007592037718237,,0.00020727393311430683,-73.66910623177799,0.36800000000000016,-0.0019999999999998352,,False,0.0,,,,,False,,
0.38,0.3373333333333333,0.4226666666666667,False,,False,1.2623385849168559e-05,,0.000209242425961664,-73.58700506789715,0.37800000000000017,-0.0019999999999998352,,False,0.0,,,,,False,,
0.39,0.3473333333333333,0.43266666666666664,False,,False,1.8817871163505666e-05,,0.00021761335007740868,-73.24628930382411,0.3880000000000001,-0.0019999999999998908,,False,0.0,,,,,False,,
0.4,0.35733333333333334,0.44266666666666665,False,,False,7.776378150842845e-05,,0.00022975091049911567,-72.77485517672967,0.39800000000000013,-0.0019999999999998908,,False,0.0,,,,,False,,
0.41,0.36733333333333335,0.45266666666666666,False,,False,0.0002763040436536924,,0.0002346184191037733,-72.59275791763038,0.40800000000000014,-0.0019999999999998352,,False,0.0,,,,,False,,
0.42,0.37733333333333335,0.46266666666666667,False,,False,0.0006594341933690196,,0.00023918505488067522,-72.42531920150088,0.41800000000000015,-0.0019999999999998352,,False,0.0,,,,,False,,
0.43,0.3873333333333333,0.4726666666666667,False,,False,8.121122782083245e-05,,0.00025170182619475384,-71.98227266929278,0.42800000000000016,-0.0019999999999998352,,False,0.0,,,,,False,,
0.44,0.3973333333333333,0.4826666666666667,False,,False,0.010924072318504983,,0.0002542874700772227,-71.89350078000034,0.43800000000000017,-0.0019999999999998352,,False,0.0,,,,,False,,
0.45,0.4073333333333333,0.49266666666666664,False,,False,0.011284235951245433,,0.0002654934064757611,-71.51892520289324,0.4480000000000001,-0.0019999999999998908,,False,0.0,,,,,False,,
0.46,0.41733333333333333,0.5026666666666667,False,,False,0.001386756082532721,,0.0002630529566861286,-71.59913624834925,0.45800000000000013,-0.0019999999999998908,,False,0.0,,,,,False,,
0.47,0.42733333333333334,0.5126666666666667,False,,False,0.00015279229915330522,,0.00028557410757730636,-70.88562343414004,0.46800000000000014,-0.0019999999999998352,,False,0.0,,,,,False,,
0.48,0.43733333333333335,0.5226666666666666,False,,False,0.01019423669025854,,0.0003095771377206694,-70.18462238926449,0.47800000000000015,-0.0019999999999998352,,False,0.0,,,,,False,,
0.49,0.44733333333333336,0.5326666666666666,False,,False,0.01112083759125446,,0.0003077103742355399,-70.2371572315475,0.48800000000000016,-0.0019999999999998352,,False,0.0,,,,,False,,
0.5,0.4573333333333333,0.5426666666666666,False,,False,0.0010234887367922929,,0.000320363959411703,-69.8871269496972,0.49800000000000016,-0.0019999999999998352,,False,0.0,,,,,False,,
0.51,0.4673333333333333,0.5526666666666666,False,,False,0.010607199933072402,,0.00031729240402139365,-69.97080649565837,0.5080000000000001,-0.0019999999999998908,,False,0.0,,,,,False,,
0.52,0.47733333333333333,0.5626666666666666,False,,False,0.010070836294394675,,0.00034682815522458306,-69.19771308191285,0.5180000000000001,-0.0019999999999998908,,False,0.0,,,,,False,,
0.53,0.48733333333333334,0.5726666666666667,False,,False,0.010181809672213323,,0.0003385856103598461,-69.40663006063794,0.5280000000000001,-0.0019999999999998908,,False,0.0,,,,,False,,
0.54,0.49733333333333335,0.5826666666666667,False,,False,0.010570413912952768,,0.000331635358570138,-69.5867834337713,0.5380000000000001,-0.0019999999999998908,,False,0.0,,,,,False,,
0.55,0.5073333333333333,0.5926666666666667,False,,False,6.0982471300288916e-05,,0.0003428853745760913,-69.29702077751217,0.5480000000000002,-0.0019999999999998908,,False,0.0,,,,,False,,
0.56,0.5173333333333333,0.6026666666666667,False,,False,8.154649733360585e-05,,0.0003379292155978954,-69.42348519531242,0.5580000000000002,-0.0019999999999998908,,False,0.0,,,,,False,,
0.57,0.5273333333333333,0.6126666666666667,False,,False,0.010261542661620252,,0.00033564628195108357,-69.48236318510757,0.5680000000000002,-0.0019999999999997797,,False,0.0,,,,,False,,
0.58,0.5373333333333333,0.6226666666666667,False,,False,0.010180137173367935,,0.0003333852269145447,-69.54107297388211,0.5780000000000002,-0.0019999999999997797,,False,0.0,,,,,False,,
0.59,0.5473333333333333,0.6326666666666667,False,,False,0.00032790238654645384,,0.0003230011282582473,-69.81591921310084,0.5880000000000002,-0.0019999999999997797,,False,0.0,,,,,False,,
0.6,0.5573333333333333,0.6426666666666667,False,,False,5.399923502652307e-05,,0.0003283303449049708,-69.67377954213771,0.5980000000000002,-0.0019999999999997797,,False,0.0,,,,,False,,
0.61,0.5673333333333334,0.6526666666666666,False,,False,0.01009578665318551,,0.0002973667543992193,-70.5341517443944,0.6080000000000001,-0.0019999999999998908,,False,0.0,,,,,False,,
0.62,0.5773333333333334,0.6626666666666666,False,,False,0.01018420133064114,,0.00030479108882723333,-70.31995469216935,0.6180000000000001,-0.0019999999999998908,,False,0.0,,,,,False,,
0.63,0.5873333333333334,0.6726666666666666,False,,False,6.216016260632366e-05,,0.000306359988604639,-70.2753591060427,0.6280000000000001,-0.0019999999999998908,,False,0.0,,,,,False,,
0.64,0.5973333333333334,0.6826666666666666,False,,False,0.01000902484542735,,0.0003063659259719358,-70.27519077199364,0.6380000000000001,-0.0019999999999998908,,False,0.0,,,,,False,,
0.65,0.6073333333333333,0.6926666666666667,False,,False,0.010025044935496856,,0.0002970159675194991,-70.54440404939965,0.6480000000000001,-0.0019999999999998908,,False,0.0,,,,,False,,
0.66,0.6173333333333333,0.7026666666666667,False,,False,0.010005400380721787,,0.0002979217356493893,-70.51795621107783,0.6580000000000001,-0.0019999999999998908,,False,0.0,,,,,False,,
0.67,0.6273333333333333,0.7126666666666667,False,,False,0.010026710577737978,,0.00030479295381761643,-70.31990154412244,0.6680000000000001,-0.0019999999999998908,,False,0.0,,,,,False,,
0.68,0.6373333333333333,0.7226666666666667,False,,False,0.010004140001549292,,0.00029780837898007165,-70.52126174661191,0.6780000000000002,-0.0019999999999998908,,False,0.0,,,,,False,,
0.69,0.6473333333333333,0.7326666666666667,False,,False,0.010000800040225738,,0.0003019132414697339,-70.4023567808678,0.6880000000000002,-0.0019999999999997797,,False,0.0,,,,,False,,
0.7,0.6573333333333333,0.7426666666666667,False,,False,0.01000004602641929,,0.00030594928882544297,-70.28701103954405,0.6980000000000002,-0.0019999999999997797,,False,0.0,,,,,False,,
0.71,0.6673333333333333,0.7526666666666667,False,,False,0.01000003189975249,,0.0003046881236511658,-70.32288947368801,0.7080000000000002,-0.0019999999999997797,,False,0.0,,,,,False,,
0.72,0.6773333333333333,0.7626666666666667,False,,False,0.010000000000567635,,0.0003532494503798635,-69.03837010393644,0.7180000000000002,-0.0019999999999997797,,False,0.0,,,,,False,,
0.73,0.6873333333333334,0.7726666666666666,False,,False,0.010000000001376498,,0.00035543020843150524,-68.9849132752638,0.7280000000000002,-0.0019999999999997797,,False,0.0,,,,,False,,
0.74,0.6973333333333334,0.7826666666666666,False,,False,0.01,,0.0005151148029836148,-65.7619193902073,0.7380000000000001,-0.0019999999999998908,,False,0.0,,,,,False,,
0.75,0.7073333333333334,0.7926666666666666,False,,False,0.010000000000001869,,0.0007608573038799978,-62.37393572000172,0.7480000000000001,-0.0019999999999998908,,False,0.0,,,,,False,,
0.76,0.7173333333333334,0.8026666666666666,False,,False,0.010000000000001869,,0.0007901875138869699,-62.045396741707805,0.7580000000000001,-0.0019999999999998908,,False,0.0,,,,,False,,
0.77,0.7273333333333334,0.8126666666666666,False,,False,0.01000000000000011,,0.0008926902301965156,-60.98598436434042,0.7680000000000001,-0.0019999999999998908,,False,0.0,,,,,False,,
0.78,0.7373333333333333,0.8226666666666667,False,,False,0.01000000000000011,,0.0009049654481194703,-60.86736003970833,0.7780000000000001,-0.0019999999999998908,,False,0.0,,,,,False,,
0.79,0.7473333333333333,0.8326666666666667,False,,False,0.01000000000000011,,0.000911086333195237,-60.80880935946866,0.7880000000000001,-0.0019999999999998908,,False,0.0,,,,,False,,
0.8,0.7573333333333333,0.8426666666666667,False,,False,0.010000000000000439,,0.0009063411335690641,-60.854166189025925,0.7980000000000002,-0.0019999999999998908,,False,0.0,,,,,False,,
0.81,0.7673333333333333,0.8526666666666667,False,,False,0.010000000000000439,,0.0008984232129931861,-60.930380710519444,0.8080000000000002,-0.0019999999999998908,,False,0.0,,,,,False,,
0.82,0.7773333333333333,0.8626666666666667,False,,False,5.4272758202651236e-11,,0.0008973239166515076,-60.94101513419577,0.8180000000000002,-0.0019999999999997797,,False,0.0,,,,,False,,
0.83,0.7873333333333333,0.8726666666666667,False,,False,0.010000000000613579,,0.0006203798032841861,-64.14684698522171,0.8280000000000002,-0.0019999999999997797,,False,0.0,,,,,False,,
0.84,0.7973333333333333,0.8826666666666667,False,,False,0.010000256555645766,,0.0005904720950519862,-64.57601243522775,0.8380000000000002,-0.0019999999999997797,,False,0.0,,,,,False,,
0.85,0.8073333333333333,0.8926666666666667,False,,False,1.4258326623839164e-10,,0.0005709939308572651,-64.86737015764723,0.8480000000000002,-0.0019999999999997797,,False,0.0,,,,,False,,
0.86,0.8173333333333334,0.9026666666666666,False,,False,0.010000032058809618,,0.0004030340380881884,-67.89316548265525,0.8580000000000002,-0.0019999999999997797,,False,0.0,,,,,False,,
0.87,0.8273333333333334,0.9126666666666666,False,,False,0.010000785683395264,,0.0003934715650179488,-68.10173294599693,0.8680000000000001,-0.0019999999999998908,,False,0.0,,,,,False,,
0.88,0.8373333333333334,0.9226666666666666,False,,False,0.010002747775794223,,0.00039832288830873364,-67.99529475152295,0.8780000000000001,-0.0019999999999998908,,False,0.0,,,,,False,,
0.89,0.8473333333333334,0.9326666666666666,False,,False,0.010000205085284422,,0.00043765962877136735,-67.17727024710487,0.8880000000000001,-0.0019999999999998908,,False,0.0,,,,,False,,
0.9,0.8573333333333333,0.9426666666666667,False,,False,0.010000042415538715,,0.00044752507349760784,-66.98365254878931,0.8980000000000001,-0.0019999999999998908,,False,0.0,,,,,False,,
0.91,0.8673333333333333,0.9526666666666667,False,,False,1.9689612095447582e-07,,0.0004603509010264215,-66.7382200496886,0.9080000000000001,-0.0019999999999998908,,False,0.0,,,,,False,,
0.92,0.8773333333333333,0.9626666666666667,False,,False,0.010000764408430148,,0.000462549494384648,-66.6968357887446,0.9180000000000001,-0.0019999999999998908,,False,0.0,,,,,False,,
0.93,0.8873333333333333,0.9726666666666667,False,,False,0.010001139843337675,,0.0004768199917564281,-66.43291088215652,0.9280000000000002,-0.0019999999999998908,,False,0.0,,,,,False,,
0.94,0.8973333333333333,0.9826666666666667,False,,False,0.010000758382811857,,0.00047716963620967684,-66.42654399266331,0.9380000000000002,-0.0019999999999997797,,False,0.0,,,,,False,,
0.95,0.9073333333333333,0.9926666666666667,False,,False,1.5121563705313345e-06,,0.00048320570523939445,-66.31735893230143,0.9480000000000002,-0.0019999999999997797,,False,0.0,,,,,False,,
0.96,0.9173333333333333,1.0026666666666666,False,,False,2.2582051331593673e-06,,0.0004947187239864923,-66.11283304518749,0.9580000000000002,-0.0019999999999997797,,False,0.0,,,,,False,,
0.97,0.9273333333333333,1.0126666666666666,False,,False,0.010000387589465188,,0.0005152803028541171,-65.75912917194148,0.9680000000000002,-0.0019999999999997797,,False,0.0,,,,,False,,
0.98,0.9373333333333334,1.0226666666666666,False,,False,0.010000321024423291,,0.0004880409096259299,-66.23087544190756,0.9780000000000002,-0.0019999999999997797,,False,0.0,,,,,False,,
0.99,0.9473333333333334,1.0326666666666666,False,,False,0.010000038636201292,,0.0005375879547215416,-65.3910094142845,0.9880000000000001,-0.0019999999999998908,,False,0.0,,,,,False,,
1.0,0.9573333333333334,1.0426666666666666,False,,False,0.01000004373761618,,0.0005567826806225106,-65.0862856485195,0.9980000000000001,-0.0019999999999998908,,False,0.0,,,,,False,,
1.01,0.9673333333333334,1.0526666666666666,False,,False,0.01000002775506488,,0.0005921311531075541,-64.55164178573072,1.008,-0.0020000000000000018,,False,0.0,,,,,False,,
1.02,0.9773333333333334,1.0626666666666666,False,,False,0.010000009285918245,,0.0006112989136700616,-64.27492751975214,1.018,-0.0020000000000000018,,False,0.0,,,,,False,,
1.03,0.9873333333333333,1.0726666666666667,False,,False,0.010000002871034515,,0.000667303235575016,-63.51353538732539,1.028,-0.0020000000000000018,,False,0.0,,,,,False,,
1.04,0.9973333333333333,1.0826666666666667,False,,False,0.010000002860134614,,0.0007066208644108157,-63.01627086577021,1.038,-0.0020000000000000018,,False,0.0,,,,,False,,
1.05,1.0073333333333334,1.0926666666666667,False,,False,0.010000000802194937,,0.000714084460953313,-62.925008348325555,1.048,-0.0020000000000000018,,False,0.0,,,,,False,,
1.06,1.0173333333333334,1.1026666666666667,False,,False,0.010000000101300716,,0.000713270770914398,-62.93491145091056,1.058,-0.0020000000000000018,,False,0.0,,,,,False,,
1.07,1.0273333333333334,1.1126666666666667,False,,False,0.010000000047671015,,0.0007151161693460951,-62.91246804208025,1.068,-0.0020000000000000018,,False,0.0,,,,,False,,
1.08,1.0373333333333334,1.1226666666666667,False,,False,7.1517541717451e-12,,0.0006817482446348854,-63.32751943212311,1.078,-0.0020000000000000018,,False,0.0,,,,,False,,
1.09,1.0473333333333332,1.1326666666666667,False,,False,1.2286123999405571e-11,,0.000659905243790516,-63.61036841198964,1.088,-0.0020000000000000018,,False,0.0,,,,,False,,
1.1,1.0573333333333332,1.1426666666666667,False,,False,0.010000000044645057,,0.0006259192018387104,-64.06963450065871,1.098,-0.0020000000000000018,,False,0.0,,,,,False,,
1.11,1.0673333333333332,1.1526666666666667,False,,False,0.010000000813677528,,0.000572259820815709,-64.84813490921616,1.108,-0.0020000000000000018,,False,0.0,,,,,False,,
1.12,1.0773333333333333,1.1626666666666667,False,,False,1.604503993234297e-09,,0.000505423770208816,-65.92688673911094,1.118,-0.0020000000000000018,,False,0.0,,,,,False,,
1.13,1.0873333333333333,1.1726666666666667,False,,False,0.01000000493093336,,0.00044234967798443875,-67.08468569088114,1.1280000000000001,-0.0019999999999997797,,False,0.0,,,,,False,,
1.14,1.0973333333333333,1.1826666666666668,False,,False,0.010000147529729393,,0.0003963222509674581,-68.03903088230396,1.1380000000000001,-0.0019999999999997797,,False,0.0,,,,,False,,
1.15,1.1073333333333333,1.1926666666666668,False,,False,0.010000041646492371,,0.00033549077792177515,-69.48638826714156,1.1480000000000001,-0.0019999999999997797,,False,0.0,,,,,False,,
1.16,1.1173333333333333,1.2026666666666668,False,,False,0.010000015856588216,,0.00030236740135309204,-70.38930065069223,1.1580000000000001,-0.0019999999999997797,,False,0.0,,,,,False,,
1.17,1.1273333333333333,1.2126666666666666,False,,False,0.01000000703792521,,0.00027747825765866594,-71.13542082371266,1.1680000000000001,-0.0019999999999997797,,False,0.0,,,,,False,,
1.18,1.1373333333333333,1.2226666666666666,False,,False,0.010000000703363236,,0.0002448269762921252,-72.22281462192308,1.1780000000000002,-0.0019999999999997797,,False,0.0,,,,,False,,
1.19,1.1473333333333333,1.2326666666666666,False,,False,0.01000000000979051,,0.00022943301195673237,-72.78688187000597,1.188,-0.0020000000000000018,,False,0.0,,,,,False,,
1.2,1.1573333333333333,1.2426666666666666,False,,False,1.8863397869347608e-11,,0.00020653765425118057,-73.70001519562454,1.198,-0.0020000000000000018,,False,0.0,,,,,False,,
1.21,1.1673333333333333,1.2526666666666666,False,,False,0.010000000019810764,,0.00021488009305955605,-73.35607633185019,1.208,-0.0020000000000000018,,False,0.0,,,,,False,,
1.22,1.1773333333333333,1.2626666666666666,False,,False,0.010000002414648592,,0.00020915982411461113,-73.59043464092929,1.218,-0.0020000000000000018,,False,0.0,,,,,False,,
1.23,1.1873333333333334,1.2726666666666666,False,,False,1.3276439740808979e-08,,0.00022203926239824345,-73.07140448078523,1.228,-0.0020000000000000018,,False,0.0,,,,,False,,
1.24,1.1973333333333334,1.2826666666666666,False,,False,0.010000000001633844,,0.00024761075140145283,-72.12461003851894,1.238,-0.0020000000000000018,,False,0.0,,,,,False,,
1.25,1.2073333333333334,1.2926666666666666,False,,False,0.010000000000001869,,0.004418976034718223,-47.093567074514965,1.248,-0.0020000000000000018,,False,0.0,,,,,False,,
1.26,1.2173333333333334,1.3026666666666666,False,,False,0.010000516719604524,,0.022597291887639384,-32.91887209203088,1.258,-0.0020000000000000018,,False,0.0,,,,,False,,
1.27,1.2273333333333334,1.3126666666666666,False,,False,0.010000000047726023,,0.039368800548724034,-28.09695633361159,1.268,-0.0020000000000000018,,False,0.0,,,,,False,,
1.28,1.2373333333333334,1.3226666666666667,False,,False,0.010000802780927255,,0.05272488471708682,-25.559687223438665,1.278,-0.0020000000000000018,,False,0.0,,,,,False,,
1.29,1.2473333333333334,1.3326666666666667,False,,False,0.01000020633903134,,0.07809778573098368,-22.147225585820863,1.288,-0.0020000000000000018,,False,0.0,,,,,False,,
1.3,1.2573333333333334,1.3426666666666667,False,160.04877373483913,True,0.010140046044704068,1.900000000000004,0.10749085647259743,-19.37256953401566,1.298,-0.0020000000000000018,,False,0.0,,,pyin_probability_below_0.5|voicing_disagreement,,False,1.5000000000000004,
1.31,1.2673333333333334,1.3526666666666667,False,161.90845090664698,True,0.01646758759311301,2.100000000000002,0.1356903014203178,-17.34902385596727,1.308,-0.0020000000000000018,,False,0.0,,,pyin_probability_below_0.5|voicing_disagreement,,False,1.6999999999999993,
1.32,1.2773333333333334,1.3626666666666667,False,162.84637702113662,True,0.03010686179419501,2.200000000000003,0.15570779038442772,-16.153793164651702,1.318,-0.0020000000000000018,,False,0.0,,,pyin_probability_below_0.5|voicing_disagreement,,False,1.7999999999999972,
1.33,1.2873333333333334,1.3726666666666667,False,162.84637702113662,True,0.03489742801962526,2.200000000000003,0.16754911970782219,-15.517156991553554,1.328,-0.0020000000000000018,160.33680152621352,True,0.7812800976035488,2.509575494923098,0.2688722781333421,pyin_probability_below_0.5,1.7273553620962145,False,1.7999999999999972,1.2933808094885701
1.34,1.2973333333333332,1.3826666666666667,False,162.84637702113662,True,0.03489742801962526,2.200000000000003,0.17676817033853848,-15.051918665510321,1.338,-0.0020000000000000018,161.67534854824228,True,0.9038261679675678,1.171028472894335,0.12494283151845849,pyin_probability_below_0.5,1.8712848087111,False,1.7999999999999972,1.4373102561034563
1.35,1.3073333333333332,1.3926666666666667,False,162.84637702113662,True,0.04768699308253103,2.200000000000003,0.18549963773717132,-14.633138683663462,1.348,-0.0020000000000000018,163.7765744366123,True,0.9310439105087033,0.9301974154756749,-0.09860873429987813,pyin_probability_below_0.5,2.0948363745294367,False,1.7999999999999972,1.6608618219217934
1.36,1.3173333333333332,1.4026666666666667,False,163.7897364863335,True,0.07797523762294818,2.3000000000000034,0.1924136706910713,-14.315281505134593,1.358,-0.0020000000000000018,166.04472693299434,True,0.9068347106855926,2.254990446660827,-0.23672341737966388,pyin_probability_below_0.5,2.3329510576092236,False,1.9000000000000006,1.8989765050015772
1.37,1.3273333333333333,1.4126666666666667,False,163.7897364863335,True,0.1504646013433388,2.3000000000000034,0.19699568792852779,-14.110865601574417,1.368,-0.0020000000000000018,168.828745200728,True,0.9489901028284343,5.039008714394498,-0.5245872624750372,pyin_probability_below_0.5,2.6208149027045966,False,1.9000000000000006,2.18684035009695
1.38,1.3373333333333333,1.4226666666666667,False,169.56576906952336,True,0.1279370863012904,2.9000000000000035,0.19088530013366045,-14.384550297149692,1.3780000000000001,-0.0019999999999997797,170.3916623815901,True,0.9575307908206451,0.8258933120667393,-0.08411743962017112,pyin_probability_below_0.5,2.780345079849733,False,2.4999999999999987,2.3463705272420876
1.39,1.3473333333333333,1.4326666666666668,False,170.54805357686834,True,0.1765306086328976,3.0000000000000027,0.18010346116306247,-14.88955881972535,1.3880000000000001,-0.0019999999999997797,171.04895623600427,True,0.959026563265105,0.5009026591359316,-0.050772128290949195,pyin_probability_below_0.5,2.8469997685205097,False,2.5999999999999974,2.4130252159128656
1.4,1.3573333333333333,1.4426666666666668,False,171.53602840047625,True,0.2796051653363589,3.1000000000000023,0.16770885832086066,-15.50887995023187,1.3980000000000001,-0.0019999999999997797,171.1750441160068,True,0.9286902702470538,0.36098428446945263,0.03647086806887982,pyin_probability_below_0.5,2.8597567721606802,False,2.7,2.425782219553035
1.41,1.3673333333333333,1.4526666666666668,False,171.53602840047625,True,0.2796051653363588,3.1000000000000023,0.15917222460726996,-15.962654278725616,1.4080000000000001,-0.0019999999999997797,171.4928384328983,True,0.8739801671850184,0.0431899675779448,0.004359513153184884,pyin_probability_below_0.5,2.8918681270763744,False,2.7,2.457893574468729
1.42,1.3773333333333333,1.4626666666666666,False,171.53602840047625,True,0.24075439447557428,3.1000000000000023,0.15352902573346167,-16.27619012045235,1.4180000000000001,-0.0019999999999997797,180.27864662810413,True,0.8178958461925395,8.742618227627872,-0.8606028177641203,pyin_probability_below_0.5,3.7568304579936784,False,2.7,3.322855905386035
1.43,1.3873333333333333,1.4726666666666666,False,171.53602840047625,True,0.12793708630129036,3.1000000000000023,0.1500091905520954,-16.477642647714607,1.4280000000000002,-0.0019999999999997797,182.1584039603862,True,0.9368058183508327,10.622375559909955,-1.0401831930103225,pyin_probability_below_0.5|pitch_difference_over_1_semitone,3.9364108332398833,False,2.7,3.5024362806322387
1.44,1.3973333333333333,1.4826666666666666,False,178.6139741695516,True,0.06608151270920702,3.800000000000004,0.14641515855392348,-16.688279157420954,1.438,-0.0020000000000000018,181.55929449390948,True,0.9512260889217656,2.94532032435788,-0.28314996917005963,pyin_probability_below_0.5,3.8793776093996204,False,3.4000000000000004,3.445403056791976
1.45,1.4073333333333333,1.4926666666666666,False,177.5852333780714,True,0.09203757081218103,3.699999999999999,0.14581787910151658,-16.723784456015213,1.448,-0.0020000000000000018,180.05204575363572,True,0.9352920880235946,2.4668123755643308,-0.23882841944406732,pyin_probability_below_0.5,3.735056059673626,False,3.2999999999999976,3.3010815070659794
1.46,1.4173333333333333,1.5026666666666666,False,176.56241769755178,True,0.09203757081218102,3.600000000000003,0.15717214790379078,-16.072488235064824,1.458,-0.0020000000000000018,177.8543755717456,True,0.9454028489129571,1.2919578741938267,-0.126218137036496,pyin_probability_below_0.5,3.5224457772660553,False,3.2,3.088471224658413
1.47,1.4273333333333333,1.5126666666666666,False,177.5852333780714,True,0.0779752376229482,3.699999999999999,0.18853400838869827,-14.492205978302197,1.468,-0.0020000000000000018,176.90705901883624,True,0.9823161520821035,0.6781743592351575,0.06624008473148696,pyin_probability_below_0.5,3.429987555498072,False,3.2999999999999976,2.996013002890426
1.48,1.4373333333333334,1.5226666666666666,False,181.73609144327253,True,0.2065067991177523,4.100000000000001,0.21106153513274253,-13.511818147841336,1.478,-0.0020000000000000018,176.46519010160858,True,0.9818483650204484,5.270901341663944,0.5095360093739392,pyin_probability_below_0.5,3.3866916308556205,False,3.699999999999999,2.952717078247976
1.49,1.4473333333333334,1.5326666666666666,False,181.73609144327253,True,0.32333605839064083,4.100000000000001,0.2216522191420524,-13.086558325296686,1.488,-0.0020000000000000018,175.7571572175215,True,0.9633955701715184,5.978934225751033,0.579138196581946,pyin_probability_below_0.5,3.317089443647614,False,3.699999999999999,2.8831148910399715
1.5,1.4573333333333334,1.5426666666666666,False,182.78887791090543,True,0.3721358982975087,4.200000000000001,0.2285577268340585,-12.820081839304844,1.498,-0.0020000000000000018,181.8432164414615,True,0.938197245879375,0.9456614694439338,0.08979818456574873,pyin_probability_below_0.5,3.9064294556638117,False,3.8000000000000007,3.4724549030561667
1.51,1.4673333333333334,1.5526666666666666,False,174.53442536143424,True,0.48498680771591135,3.4000000000000004,0.23373570783378841,-12.62549870632261,1.508,-0.0020000000000000018,181.64898361412702,True,0.943762788529462,7.114558252692774,-0.6917000420217221,pyin_probability_below_0.5,3.887927682251282,False,2.999999999999999,3.4539531296436374
1.52,1.4773333333333334,1.5626666666666666,False,174.53442536143424,True,0.5485250542599847,3.4000000000000004,0.23494587661754118,-12.580643451889564,1.518,-0.0020000000000000018,174.1431764644449,True,0.9111729687257051,0.39124889698933885,0.03885214839500356,,3.1573754918345576,True,2.999999999999999,2.723400939226911
1.53,1.4873333333333334,1.5726666666666667,False,173.52918104210445,True,0.6159498854580681,3.3000000000000003,0.23426399136623702,-12.605889230430801,1.528,-0.0020000000000000018,173.6396082814846,True,0.9765466047097362,0.11042723938015797,-0.01101339804071689,,3.107241038270277,True,2.899999999999997,2.67326648566263
1.54,1.4973333333333334,1.5826666666666667,False,173.52918104210445,True,0.5485250542599845,3.3000000000000003,0.22949559912670595,-12.784512764043125,1.538,-0.0020000000000000018,173.4394719964791,True,0.9896318332426457,0.08970904562534088,0.008952241442935957,,3.0872753987866246,True,2.899999999999997,2.6533008461789773
1.55,1.5073333333333334,1.5926666666666667,False,173.52918104210445,True,0.4849868077159113,3.3000000000000003,0.2129618813067408,-13.433962505839599,1.548,-0.0020000000000000018,173.31782829428818,True,0.9852918923345461,0.211352747816278,0.02109870397160593,pyin_probability_below_0.5,3.0751289362579524,False,2.899999999999997,2.6411543836503077
1.56,1.5173333333333334,1.6026666666666667,False,173.52918104210445,True,0.5485250542599844,3.3000000000000003,0.18088970555935485,-14.851722963078053,1.558,-0.0020000000000000018,172.77074146787612,True,0.9855552342134746,0.7584395742283334,0.07583244633385079,,3.0203951938957045,True,2.899999999999997,2.5864206412880595
1.57,1.5273333333333334,1.6126666666666667,False,173.52918104210445,True,0.42606232904328145,3.3000000000000003,0.1617816232761969,-15.82141622592122,1.568,-0.0020000000000000018,172.05601404672723,True,0.9332080499476323,1.4731669953772268,0.14759962793858378,pyin_probability_below_0.5,2.948628012290975,False,2.899999999999997,2.514653459683328
1.58,1.5373333333333334,1.6226666666666667,False,172.52972650401387,True,0.32333605839064083,3.2000000000000033,0.15059654731185695,-16.44369969957187,1.578,-0.0020000000000000018,171.1536423142604,True,0.6739713747504747,1.3760841897534704,0.13863554368104952,pyin_probability_below_0.5,2.8575920965485135,False,2.8000000000000003,2.4236175439408694
1.59,1.5473333333333332,1.6326666666666667,False,172.52972650401387,True,0.2796051653363589,3.2000000000000033,0.1410754918684955,-17.010968537210022,1.588,-0.0020000000000000018,178.84009698282142,True,0.6418221747905519,6.310370478807556,-0.6219033211489398,pyin_probability_below_0.5,3.6181309613785015,False,2.8000000000000003,3.184156408770856
1.6,1.5573333333333332,1.6426666666666667,False,172.52972650401387,True,0.1765306086328976,3.2000000000000033,0.13739188496104346,-17.24077836164566,1.598,-0.0020000000000000018,178.32008010158032,True,0.9367761772641101,5.790353597566451,-0.5714905582034202,pyin_probability_below_0.5,3.567718198432982,False,2.8000000000000003,3.133743645825337
1.61,1.5673333333333332,1.6526666666666667,False,178.6139741695516,True,0.17653060863289757,3.800000000000004,0.13434946355967534,-17.43528126619988,1.608,-0.0020000000000000018,177.3968460152021,True,0.9935066339520398,1.2171281543494956,0.11837516125820945,pyin_probability_below_0.5,3.477852478971351,False,3.4000000000000004,3.043877926363706
1.62,1.5773333333333333,1.6626666666666667,False,181.73609144327253,True,0.37213589829750865,4.100000000000001,0.13336053577572443,-17.499453367984156,1.618,-0.0020000000000000018,179.2017657051586,True,0.9885062558891357,2.534325738113921,0.24312124805350205,pyin_probability_below_0.5,3.653106392176059,False,3.699999999999999,3.219131839568412
1.63,1.5873333333333333,1.6726666666666667,False,181.73609144327253,True,0.7571601330199093,4.100000000000001,0.1367606564461267,-17.280776465457635,1.6280000000000001,-0.0019999999999997797,180.08041848841043,True,0.9938387637981011,1.6556729548620979,0.15844370403904645,,3.737783936190513,True,3.699999999999999,3.303809383582868
1.64,1.5973333333333333,1.6826666666666668,False,183.84776310850236,True,0.8266685594724994,4.3000000000000025,0.135932714655973,-17.333520197984633,1.6380000000000001,-0.0019999999999997797,182.61640116208227,True,0.9932705467764641,1.231361946420094,0.11634336773503483,,3.979884272494525,True,3.9000000000000004,3.545909719886881
1.65,1.6073333333333333,1.6926666666666668,False,184.9127823656466,True,0.686082810930179,4.400000000000002,0.13627166317585562,-17.311888870951982,1.6480000000000001,-0.0019999999999997797,184.9856097192602,True,0.9930980536544215,0.07282735361360437,-0.006817071855746912,,4.203044712085309,True,4.0,3.7690701594776623
1.66,1.6173333333333333,1.7026666666666668,False,188.14500086724917,True,0.32333605839064083,4.700000000000002,0.1364880115517095,-17.29810986559126,1.6580000000000001,-0.0019999999999997797,187.20402781291023,True,0.9934417614729538,0.9409730543389401,0.08680177004035423,pyin_probability_below_0.5,4.409425870189208,False,4.3000000000000025,3.9754513175815647
1.67,1.6273333333333333,1.7126666666666666,False,194.7799199939686,True,0.12793708630129036,5.300000000000002,0.1348434441861251,-17.40340326423671,1.6680000000000001,-0.0019999999999997797,190.25902335105806,True,0.990290167967166,4.520896642910543,0.4065609482466646,pyin_probability_below_0.5,4.689666691982894,False,4.900000000000001,4.255692139375251
1.68,1.6373333333333333,1.7226666666666666,False,199.33268480704808,True,0.0779752376229482,5.700000000000003,0.1328180489487957,-17.53485807372115,1.6780000000000002,-0.0019999999999997797,194.7841906263964,True,0.9500456755270064,4.548494180651687,0.39962042374701306,pyin_probability_below_0.5,5.096607216482546,False,5.299999999999999,4.6626326638749
1.69,1.6473333333333333,1.7326666666666666,False,207.55758045272898,True,0.056071395445892624,6.400000000000004,0.1310216542857679,-17.65313842892498,1.6880000000000002,-0.0019999999999997797,198.91100007323834,True,0.686112030196541,8.646580379490644,0.7366627404122138,pyin_probability_below_0.5,5.459564899817348,False,6.000000000000002,5.025590347209703
1.7,1.6573333333333333,1.7426666666666666,False,213.63948179230545,True,0.056071395445892624,6.9,0.13283072436177756,-17.534029180464923,1.698,-0.0020000000000000018,210.411687278186,True,0.6391198088201127,3.227794514119438,0.2635613860299135,pyin_probability_below_0.5,6.432666254199644,False,6.499999999999996,5.998691701592
1.71,1.6673333333333333,1.7526666666666666,False,217.37383415501247,True,0.07797523762294818,7.200000000000004,0.13093666245271882,-17.65877466691197,1.708,-0.0020000000000000018,216.4350124311412,True,0.911077375474115,0.9388217238712855,0.07493266606047308,pyin_probability_below_0.5,6.921294974169088,False,6.800000000000001,6.487320421561442
1.72,1.6773333333333333,1.7626666666666666,False,223.74337368352585,True,0.10857977072874499,7.700000000000005,0.1294718128461291,-17.75649542050925,1.718,-0.0020000000000000018,220.93059985898572,True,0.9712964549100739,2.8127738245401304,0.21902045341676163,pyin_probability_below_0.5,7.277207186812801,False,7.3000000000000025,6.843232634205156
1.73,1.6873333333333334,1.7726666666666666,False,226.34314645699226,True,0.1504646013433388,7.900000000000001,0.13004193297551256,-17.71833167334295,1.728,-0.0020000000000000018,223.651323886866,True,0.9735153912894166,2.6918225701262486,0.2071238995589859,pyin_probability_below_0.5,7.489103740670571,False,7.4999999999999964,7.055129188062927
1.74,1.6973333333333334,1.7826666666666666,False,226.34314645699226,True,0.6159498854580681,7.900000000000001,0.12968993429310038,-17.741874595604724,1.738,-0.0020000000000000018,226.22893643992748,True,0.9745036770692069,0.11421001706477796,0.00873780252722346,,7.687489837702337,True,7.4999999999999964,7.253515285094689
1.75,1.7073333333333334,1.7926666666666666,False,226.34314645699226,True,0.6860828109301793,7.900000000000001,0.13246869438253844,-17.557734881835184,1.748,-0.0020000000000000018,227.81561692197187,True,0.9894770094558262,1.472470464979608,-0.11226029939476347,,7.808487939624322,True,7.4999999999999964,7.374513387016677
1.76,1.7173333333333334,1.8026666666666666,False,226.34314645699226,True,0.6860828109301792,7.900000000000001,0.13189338615881127,-17.59553963520596,1.758,-0.0020000000000000018,228.3773949109601,True,0.9938791685006031,2.034248453967848,-0.15489881637982544,,7.851126456609386,True,7.4999999999999964,7.417151904001738
1.77,1.7273333333333334,1.8126666666666666,False,226.34314645699226,True,0.6159498854580681,7.900000000000001,0.13036130882498786,-17.697025757538213,1.768,-0.0020000000000000018,228.37124377218063,True,0.9919485747580322,2.0280973151883757,-0.15443251785173764,,7.850660158081297,True,7.4999999999999964,7.416685605473653
1.78,1.7373333333333334,1.8226666666666667,False,227.65433896553014,True,0.5485250542599844,8.0,0.12285466106241123,-18.21216723784416,1.778,-0.0020000000000000018,227.08819194247738,True,0.9729507654513779,0.5661470230527641,0.04310718452162576,,7.7531204557079345,True,7.599999999999997,7.3191459031002895
1.79,1.7473333333333334,1.8326666666666667,False,226.34314645699226,True,0.3721358982975087,7.900000000000001,0.11556291778920874,-18.743630028187933,1.788,-0.0020000000000000018,214.23302019090156,True,0.9567081265423923,12.110126266090703,0.9519691244743446,pyin_probability_below_0.5,6.744258515755213,False,7.4999999999999964,6.310283963147569
1.8,1.7573333333333334,1.8426666666666667,False,214.87708272009507,True,0.3721358982975087,7.000000000000005,0.11053013090505699,-19.13038631251193,1.798,-0.0020000000000000018,208.40329416325406,True,0.970932783005044,6.473788556841015,0.5296024949358118,pyin_probability_below_0.5,6.2666251452937525,False,6.600000000000003,5.832650592686107
1.81,1.7673333333333334,1.8526666666666667,False,212.40900892134297,True,0.4260623290432814,6.800000000000001,0.1049226195592719,-19.582617501943453,1.808,-0.0020000000000000018,201.831468993417,True,0.9609060302268198,10.577539927925983,0.8843258839556577,pyin_probability_below_0.5,5.711901756273903,False,6.399999999999999,5.277927203666257
1.82,1.7773333333333334,1.8626666666666667,False,208.75994928447787,True,0.5485250542599844,6.500000000000001,0.09732329248153268,-20.235664143124012,1.818,-0.0020000000000000018,193.09856135275336,True,0.9145247129184247,15.661387931724505,1.3500904896832906,pitch_difference_over_1_semitone,4.946137150546269,False,6.099999999999998,4.512162597938624
1.83,1.7873333333333334,1.8726666666666667,False,201.6488190383855,True,0.6860828109301793,5.900000000000003,0.08594567866426059,-21.31551909377853,1.828,-0.0020000000000000018,192.4920769406958,True,0.9360654431922097,9.156742097689715,0.8045506983064177,,4.8916769419231425,False,5.5,4.457702389315499
1.84,1.7973333333333332,1.8826666666666667,False,198.18461302324906,True,0.3721358982975087,5.600000000000002,0.07622234135069768,-22.35835429939806,1.838,-0.0020000000000000018,195.0931504423483,True,0.9570178725847124,3.091462580900753,0.2721819548342652,pyin_probability_below_0.5,5.124045685395293,False,5.200000000000001,4.690071132787648
1.85,1.8073333333333332,1.8926666666666667,False,199.33268480704808,True,0.12793708630129036,5.700000000000003,0.07025684324663083,-23.06622735315377,1.848,-0.0020000000000000018,195.07268988008383,True,0.9605666298720603,4.259994926964254,0.3739976966766866,pyin_probability_below_0.5,5.122229943552874,False,5.299999999999999,4.688255390945232
1.86,1.8173333333333332,1.9026666666666667,False,202.8169587634771,True,0.10857977072874499,6.000000000000002,0.07247261179169628,-22.796521743061113,1.858,-0.0020000000000000018,197.4831238669001,True,0.9019961591321715,5.333834896577002,0.46138702106502755,pyin_probability_below_0.5,5.334840619164531,False,5.599999999999996,4.900866066556885
1.87,1.8273333333333333,1.9126666666666667,False,202.8169587634771,True,0.17653060863289763,6.000000000000002,0.08070082278548713,-21.862440748092602,1.868,-0.0020000000000000018,198.23470945434548,True,0.7093291536132588,4.582249309131612,0.39562439857015314,pyin_probability_below_0.5,5.400603241659405,False,5.599999999999996,4.966628689051758
1.88,1.8373333333333333,1.9226666666666667,False,202.8169587634771,True,0.20650679911775227,6.000000000000002,0.08687046104562277,-21.222557471193348,1.8780000000000001,-0.0019999999999997797,198.99120905754617,True,0.7423206643183488,3.8257497059309173,0.3296831095698001,pyin_probability_below_0.5,5.466544530659759,False,5.599999999999996,5.032569978052113
1.89,1.8473333333333333,1.9326666666666668,False,201.6488190383855,True,0.2796051653363588,5.900000000000003,0.09378791938087103,-20.55706197103477,1.8880000000000001,-0.0019999999999997797,202.86024661422826,True,0.8753203495863088,1.2114275758427482,-0.10369463210761036,pyin_probability_below_0.5,5.799922272337172,False,5.5,5.365947719729528
1.9,1.8573333333333333,1.9426666666666668,False,200.48740730303228,True,0.32333605839064083,5.800000000000001,0.10027247422768869,-19.97636537382086,1.8980000000000001,-0.0019999999999997797,203.61714243174177,True,0.9448444883832443,3.129735128709484,-0.2681688371037151,pyin_probability_below_0.5,5.864396477333274,False,5.399999999999996,5.430421924725627
1.91,1.8673333333333333,1.9526666666666668,False,200.48740730303228,True,0.279605165336359,5.800000000000001,0.10469061836887042,-19.601844699409664,1.9080000000000001,-0.0019999999999997797,202.77296025085,True,0.9657242492035252,2.285552947817706,-0.196243904500771,pyin_probability_below_0.5,5.792471544730329,False,5.399999999999996,5.358496992122685
1.92,1.8773333333333333,1.9626666666666666,False,200.48740730303228,True,0.20650679911775224,5.800000000000001,0.10769747846315204,-19.355889295666856,1.9180000000000001,-0.0019999999999997797,200.5028456081426,True,0.9688137568016253,0.015438305110308193,-0.0013330657932954788,pyin_probability_below_0.5,5.597560706022853,False,5.399999999999996,5.163586153415211
1.93,1.8873333333333333,1.9726666666666666,False,191.43371755306833,True,0.20650679911775227,5.000000000000003,0.10595320471227908,-19.497718057438377,1.9280000000000002,-0.0019999999999997797,197.14191558854367,True,0.9469198592197468,5.708198035475334,-0.5086751150156016,pyin_probability_below_0.5,5.304902755245163,False,4.599999999999999,4.870928202637517
1.94,1.8973333333333333,1.9826666666666666,False,190.3311404729313,True,0.10857977072874499,4.900000000000001,0.10205069106429146,-19.823680999871055,1.9380000000000002,-0.0019999999999997797,185.81311015269347,True,0.9255720302231244,4.518030320237841,0.41591193299314766,pyin_probability_below_0.5,4.280315707236413,False,4.499999999999999,3.84634115462877
1.95,1.9073333333333333,1.9926666666666666,False,188.14500086724917,True,0.07797523762294818,4.700000000000002,0.0965951200149765,-20.30089627171112,1.948,-0.0020000000000000018,176.10306800282055,True,0.9217080514200758,12.041932864428617,1.14509895716531,pyin_probability_below_0.5|pitch_difference_over_1_semitone,3.3511286830642515,False,4.3000000000000025,2.917154130456606
1.96,1.9173333333333333,2.002666666666667,False,184.9127823656466,True,0.03489742801962526,4.400000000000002,0.0897367266117495,-20.940595531446146,1.958,-0.0020000000000000018,167.7929158457029,True,0.917333565709341,17.119866519943685,1.681957794838385,pyin_probability_below_0.5|pitch_difference_over_1_semitone,2.5142698453911745,False,4.0,2.0802952927835285
1.97,1.9273333333333333,2.0126666666666666,False,174.53442536143424,True,0.030106861794195007,3.4000000000000004,0.07994681389652741,-21.943976788380905,1.968,-0.0020000000000000018,157.48922060151384,True,0.8998744685487141,17.04520475992041,1.7791024436512362,pyin_probability_below_0.5|pitch_difference_over_1_semitone,1.417125196578324,False,2.999999999999999,0.9831506439706819
1.98,1.9373333333333334,2.022666666666667,False,159.12696062960518,True,0.03489742801962526,1.800000000000001,0.07122009544941717,-22.9479489723683,1.978,-0.0020000000000000018,148.43011915055246,True,0.9761772632943332,10.696841479052722,1.2047330326695964,pyin_probability_below_0.5|pitch_difference_over_1_semitone,0.39149460755996435,False,1.4000000000000004,-0.04247994504768248
1.99,1.9473333333333334,2.0326666666666666,False,150.19585059339548,True,0.06608151270920702,0.8000000000000002,0.06636904067016453,-23.560689196252092,1.988,-0.0020000000000000018,146.65462510100312,True,0.9400901958961709,3.541225492392357,0.4130686316292288,pyin_probability_below_0.5,0.18315900860032955,False,0.39999999999999736,-0.25081554400731587
2.0,1.9573333333333334,2.042666666666667,False,144.24403136881983,True,0.32333605839064083,0.10000000000000017,0.061428485876253304,-24.232603785645914,1.998,-0.0020000000000000018,143.92067425847665,True,0.9387066811786916,0.3233571103431814,0.03885327130391691,pyin_probability_below_0.5,-0.14262563107435852,False,-0.30000000000000204,-0.5766001836820022
2.01,1.9673333333333334,2.0526666666666666,False,145.9200662802185,True,0.034897428019625254,0.3000000000000021,0.07062670518853667,-23.020621071582585,2.008,-0.0019999999999997797,141.50953531430753,True,0.9847698413582084,4.410530965910965,0.5313482483933547,pyin_probability_below_0.5,-0.43512060816379505,False,-0.10000000000000067,-0.8690951607714397
2.02,1.9773333333333334,2.062666666666667,False,144.24403136881983,True,0.07797523762294818,0.10000000000000017,0.08081130371313776,-21.85055773577444,2.0180000000000002,-0.0019999999999997797,140.9143681590153,True,0.9822935552669634,3.3296632098045222,0.40431481791785384,pyin_probability_below_0.5,-0.508087177688296,False,-0.30000000000000204,-0.9420617302959415
2.03,1.9873333333333334,2.0726666666666667,False,143.41324688128702,True,0.17653060863289757,0.0,0.09444661284621717,-20.496272252688303,2.028,-0.0019999999999997797,140.30231399392622,True,0.990421128522379,3.1109328873608035,0.379673838262459,pyin_probability_below_0.5,-0.5834461980329001,False,-0.4000000000000028,-1.0174207506405453
2.04,1.9973333333333334,2.082666666666667,False,143.41324688128702,True,0.24075439447557428,0.0,0.10248818824047617,-19.786523682910875,2.0380000000000003,-0.0019999999999997797,145.11124484397578,True,0.8767515441622702,1.6979979626887598,-0.2037723597704433,pyin_probability_below_0.5,0.0,False,-0.4000000000000028,-0.4339745526076453
2.05,2.0073333333333334,2.0926666666666667,False,144.24403136881983,True,0.3233360583906409,0.10000000000000017,0.11226063410964698,-18.99545017951866,2.048,-0.0019999999999997797,146.436593844013,True,0.8330261285613413,2.1925624751931707,-0.2611739808346294,pyin_probability_below_0.5,0.157401621064185,False,-0.30000000000000204,-0.27657293154345747
2.06,2.017333333333333,2.1026666666666665,False,144.24403136881983,True,0.37213589829750876,0.10000000000000017,0.12040454049076156,-18.38714270792572,2.0580000000000003,-0.0019999999999997797,142.76647377672467,True,0.925503139400243,1.4775575920951667,0.17825275141539115,pyin_probability_below_0.5,-0.2820251111858327,False,-0.30000000000000204,-0.7159996637934773
2.07,2.0273333333333334,2.1126666666666667,False,145.9200662802185,True,0.3721358982975087,0.3000000000000021,0.12985012318817007,-17.73115268042909,2.068,-0.0019999999999997797,142.62715031404298,True,0.9796672898851191,3.2929159661755136,0.3951558299167347,pyin_probability_below_0.5,-0.29892818968717605,False,-0.10000000000000067,-0.7329027422948201
2.08,2.037333333333333,2.1226666666666665,False,146.76537262479707,True,0.32333605839064083,0.4000000000000011,0.1364021737656741,-17.30357417028952,2.078,-0.002000000000000224,144.12388939966576,True,0.9863503107708788,2.64148322513131,0.31442559069688536,pyin_probability_below_0.5,-0.11819795046732534,False,0.0,-0.552172503074971
2.09,2.0473333333333334,2.1326666666666667,False,148.4707041104003,True,0.2796051653363589,0.6000000000000013,0.14362221982799048,-16.85556730185018,2.088,-0.0019999999999997797,145.8896183021874,True,0.9883140234923025,2.5810858082129187,0.3036128051445177,pyin_probability_below_0.5,0.09261483508503981,False,0.20000000000000068,-0.34135971752260375
2.1,2.0573333333333332,2.1426666666666665,False,150.19585059339548,True,0.17653060863289757,0.8000000000000002,0.13994772520610196,-17.080683128446058,2.098,-0.002000000000000224,148.03874976551344,True,0.9805828599611233,2.157100827882033,0.2504411976585867,pyin_probability_below_0.5,0.345786442570969,False,0.39999999999999736,-0.08818811003667507
2.11,2.0673333333333335,2.1526666666666667,False,151.9410423129619,True,0.09203757081218102,1.0000000000000009,0.13533055814781483,-17.372082540107698,2.108,-0.0019999999999997797,150.9272948452307,True,0.9735235908439519,1.013747467731207,0.11589462959049168,pyin_probability_below_0.5,0.680333010639067,False,0.5999999999999976,0.2463584580314255
2.12,2.0773333333333333,2.1626666666666665,False,154.59692495035372,True,0.026168028608935752,1.2999999999999994,0.13339503243089576,-17.497206860866157,2.118,-0.002000000000000224,154.4940489797263,True,0.9734731551421958,0.10287597062742293,0.01152426986094392,pyin_probability_below_0.5,1.084703370368613,False,0.8999999999999985,0.6507288177609678
2.13,2.0873333333333335,2.1726666666666667,False,159.12696062960518,True,0.010824463728234167,1.800000000000001,0.13230784960925254,-17.568287781275675,2.128,-0.0019999999999997797,158.5619205043695,True,0.9418451680861487,0.5650401252356687,0.06158337880162093,pyin_probability_below_0.5,1.534644261427939,False,1.4000000000000004,1.1006697088202944
2.14,2.0973333333333333,2.1826666666666665,False,,False,0.010622609040911533,,0.14383087126425068,-16.842957775477835,2.138,-0.002000000000000224,165.75658166302557,True,0.8919468250040783,,,voicing_disagreement,2.302882036485541,False,,1.8689074838778987
2.15,2.1073333333333335,2.1926666666666668,False,,False,0.010622609040911533,,0.153977728366173,-16.25084183614879,2.148,-0.0019999999999997797,174.97260288796494,True,0.9639705616967952,,,voicing_disagreement,3.239636681513055,False,,2.805662128905408
2.16,2.1173333333333333,2.2026666666666666,False,188.14500086724917,True,0.010622609040911533,4.700000000000002,0.15870232898762435,-15.988333996843565,2.158,-0.002000000000000224,180.33789034965187,True,0.9767826062749587,7.807110517597295,0.7337088824302662,pyin_probability_below_0.5,3.762518757799296,False,4.3000000000000025,3.3285442051916494
2.17,2.1273333333333335,2.212666666666667,False,190.3311404729313,True,0.026168028608935755,4.900000000000001,0.1663411600525568,-15.580005482005454,2.168,-0.0019999999999997797,185.7911824585563,True,0.951761504508191,4.539958014375003,0.41795507251045644,pyin_probability_below_0.5,4.278272567719102,False,4.499999999999999,3.8442980151114567
2.18,2.1373333333333333,2.2226666666666666,False,189.23491376948436,True,0.05607139544589263,4.8000000000000025,0.17254570343168735,-15.261917012485123,2.178,-0.002000000000000224,192.43078536801093,True,0.8882453743935484,3.1958715985265655,-0.28993598623015354,pyin_probability_below_0.5,4.886163626459716,False,4.399999999999999,4.452189073852072
2.19,2.1473333333333335,2.232666666666667,False,187.0613654014066,True,0.016467587593113005,4.600000000000001,0.1840835658736067,-14.699699631222078,2.188,-0.0019999999999997797,195.33114476513194,True,0.8155255153138629,8.269779363725348,-0.7489245147773547,pyin_probability_below_0.5,5.1451521550069135,False,4.199999999999998,4.711177602399269
2.2,2.1573333333333333,2.2426666666666666,False,183.84776310850236,True,0.010349055133375844,4.3000000000000025,0.19286371400560925,-14.294989484395241,2.198,-0.002000000000000224,191.5194787016956,True,0.7778722502594478,7.671715593193227,-0.7077540871586753,pyin_probability_below_0.5,4.803981727388237,False,3.9000000000000004,4.370007174780591
2.21,2.167333333333333,2.252666666666667,False,182.78887791090543,True,0.01001876450976914,4.200000000000001,0.1973583284465226,-14.094890836390494,2.208,-0.0019999999999997797,188.9195200050336,True,0.8061744738382248,6.130642094128177,-0.5711218221065497,pyin_probability_below_0.5,4.567349462336108,False,3.8000000000000007,4.133374909728465
2.22,2.1773333333333333,2.2626666666666666,False,180.68936857950385,True,0.010000027850262286,4.000000000000006,0.1982652067578043,-14.055069854963577,2.218,-0.002000000000000224,182.33019210000012,True,0.7517088727347916,1.6408235204962693,-0.15650224945057192,pyin_probability_below_0.5,3.9527298896801346,False,3.600000000000003,3.5187553370724918
2.23,2.187333333333333,2.272666666666667,False,177.5852333780714,True,0.010000005216229449,3.699999999999999,0.18946845508469107,-14.449261721626588,2.228,-0.0019999999999997797,176.98486130240522,True,0.8678331691476745,0.6003720756661721,0.058627932159165924,pyin_probability_below_0.5,3.437599708070392,False,3.2999999999999976,3.0036251554627453
2.24,2.1973333333333334,2.2826666666666666,False,177.5852333780714,True,0.010000002871100368,3.699999999999999,0.1848609172609831,-14.663097927384495,2.238,-0.002000000000000224,173.09751428222123,True,0.8363235482591781,4.487719095850167,0.4431193897624892,pyin_probability_below_0.5,3.05310825046707,False,3.2999999999999976,2.6191336978594233
2.25,2.207333333333333,2.292666666666667,False,175.5454930018647,True,0.01000020633903134,3.5000000000000044,0.17510815627973234,-15.133872492976026,2.248,-0.0019999999999997797,168.19663756139016,True,0.835955723861174,7.348855440474551,0.7403531014878044,pyin_probability_below_0.5,2.555874538741756,False,3.0999999999999988,2.121899986134111
2.26,2.2173333333333334,2.3026666666666666,False,172.52972650401387,True,0.010000802780927256,3.2000000000000033,0.16266496742921274,-15.77411938876168,2.258,-0.0019999999999997797,162.98760399558236,True,0.7189476151560542,9.542122508431504,0.9849925436656485,pyin_probability_below_0.5,2.0112350965639116,False,2.8000000000000003,1.5772605439562657
2.27,2.227333333333333,2.312666666666667,False,169.56576906952336,True,0.01000123296498612,2.9000000000000035,0.15258427820697978,-16.329804247636403,2.2680000000000002,-0.0019999999999997797,155.83762816132327,True,0.5392546869935297,13.72814090820009,1.4616159793535863,pyin_probability_below_0.5|pitch_difference_over_1_semitone,1.2346116608759734,False,2.4999999999999987,0.8006371082683269
2.28,2.2373333333333334,2.3226666666666667,False,165.6928815515041,True,0.010000078102280324,2.500000000000002,0.13663537181325422,-17.288737141240507,2.278,-0.0019999999999997797,147.61315529937434,True,0.6451712795521827,18.079726252129745,2.000283875969549,pyin_probability_below_0.5|pitch_difference_over_1_semitone,0.2959437642600113,False,2.0999999999999988,-0.13803078834763505
2.29,2.247333333333333,2.332666666666667,False,,False,0.0100000470079773,,0.12796926376969936,-17.857886572377947,2.2880000000000003,-0.0019999999999997797,141.14879817695945,True,0.5881358926995017,,,voicing_disagreement,-0.4793097000820713,False,,-0.9132842526897169
2.3,2.2573333333333334,2.3426666666666667,False,,False,0.010000328604501658,,0.1122190681623944,-18.99866683769318,2.298,-0.0019999999999997797,135.00169186117273,True,0.7876055015407443,,,voicing_disagreement,-1.250181989330437,False,,-1.6841565419380808
2.31,2.267333333333333,2.3526666666666665,False,136.14823596668148,True,0.010013068846238975,-0.8999999999999966,0.10107820927822787,-19.906849214637464,2.3080000000000003,-0.0019999999999997797,129.15952927181627,True,0.6967684150318457,6.988706694865215,0.9122904218219907,pyin_probability_below_0.5,-2.016062781592429,False,-1.3000000000000005,-2.4500373342000743
2.32,2.2773333333333334,2.3626666666666667,False,134.5844400993791,True,0.026168028608935755,-1.0999999999999956,0.09314248037429101,-20.617044020673767,2.318,-0.0019999999999997797,128.47493083141768,True,0.784435034981902,6.109509267961414,0.8042969739768686,pyin_probability_below_0.5,-2.108069333747306,False,-1.4999999999999982,-2.54204388635495
2.33,2.287333333333333,2.3726666666666665,False,130.0,True,0.17653060863289757,-1.699999999999997,0.08399518535930976,-21.514912143479194,2.3280000000000003,-0.0019999999999997797,130.31158115649998,True,0.9402283610520402,0.3115811564999831,-0.0414441925628609,pyin_probability_below_0.5,-1.8623281672075804,False,-2.1000000000000014,-2.296302719815224
2.34,2.2973333333333334,2.3826666666666667,False,129.25125509628117,True,0.32333605839064083,-1.7999999999999945,0.07866352643520585,-22.08453176696128,2.338,-0.0019999999999997797,129.8530987632196,True,0.9706645896016289,0.6018436669384357,-0.08042582895739264,pyin_probability_below_0.5,-1.9233465308130453,False,-2.1999999999999975,-2.3573210834206897
2.35,2.3073333333333332,2.3926666666666665,False,129.25125509628117,True,0.4260623290432814,-1.7999999999999945,0.07512435817317295,-22.484384507581762,2.348,-0.002000000000000224,129.29155740316958,True,0.9728860109954214,0.04030230688840675,-0.00539738280339423,pyin_probability_below_0.5,-1.998374976967043,False,-2.1999999999999975,-2.432349529574688
2.36,2.3173333333333335,2.4026666666666667,False,130.75308233882095,True,0.37213589829750865,-1.5999999999999979,0.07368697200303717,-22.652185788906674,2.358,-0.0019999999999997797,128.66613945572215,True,0.9738697727963672,2.0869428830988,0.2785502551416891,pyin_probability_below_0.5,-2.082322614912131,False,-2.0000000000000004,-2.5162971675197765
2.37,2.3273333333333333,2.4126666666666665,False,130.0,True,0.3233360583906408,-1.699999999999997,0.07265807949782575,-22.774321712323133,2.368,-0.002000000000000224,128.6757133024126,True,0.9936355313239236,1.3242866975874108,0.1772621188202139,pyin_probability_below_0.5,-2.0810344785906536,False,-2.1000000000000014,-2.5150090311983
2.38,2.3373333333333335,2.4226666666666667,False,130.0,True,0.32333605839064083,-1.699999999999997,0.07274609661605062,-22.763806098687112,2.378,-0.0019999999999997797,129.4614429609125,True,0.9925361634014767,0.5385570390874932,0.0718696089720948,pyin_probability_below_0.5,-1.975641968742536,False,-2.1000000000000014,-2.4096165213501815
2.39,2.3473333333333333,2.4326666666666665,False,130.0,True,0.3233360583906409,-1.699999999999997,0.07371891115946008,-22.64842176014185,2.388,-0.002000000000000224,133.66070297952962,True,0.8583189072388744,3.660702979529617,-0.48076492588838776,pyin_probability_below_0.5,-1.4230074338820522,False,-2.1000000000000014,-1.8569819864896966
2.4,2.3573333333333335,2.4426666666666668,False,130.0,True,0.3721358982975087,-1.699999999999997,0.07604106992735253,-22.379035621435357,2.398,-0.0019999999999997797,132.3250161266985,True,0.861754869418717,2.3250161266985003,-0.3068904785163151,pyin_probability_below_0.5,-1.5968818812541257,False,-2.1000000000000014,-2.0308564338617696
2.41,2.3673333333333333,2.4526666666666666,False,130.75308233882095,True,0.4260623290432814,-1.5999999999999979,0.08049051640762792,-21.88510572542831,2.408,-0.002000000000000224,129.5999938519688,True,0.9707390137751588,1.1530884868521412,0.15335168164600319,pyin_probability_below_0.5,-1.9571240414164417,False,-2.0000000000000004,-2.3910985940240876
2.42,2.3773333333333335,2.462666666666667,False,131.51052723924994,True,0.48498680771591124,-1.4999999999999962,0.08565097930748289,-21.345353341557395,2.418,-0.0019999999999997797,129.20407404273135,True,0.9940989041068051,2.3064531965185893,0.30632074003316057,pyin_probability_below_0.5,-2.0100930998035977,False,-1.8999999999999986,-2.4440676524112432
2.43,2.3873333333333333,2.4726666666666666,False,131.51052723924994,True,0.5485250542599845,-1.4999999999999962,0.09076714651301651,-20.841426348959132,2.428,-0.002000000000000224,129.76054877033724,True,0.9929801503695282,1.7499784689127011,0.2319175672568329,,-1.9356899270272692,True,-1.8999999999999986,-2.369664479634914
2.44,2.3973333333333335,2.482666666666667,False,131.51052723924994,True,0.6159498854580681,-1.4999999999999962,0.09415462613912784,-20.523166734966978,2.438,-0.0019999999999997797,131.31642105739616,True,0.9924926165895008,0.19410618185378326,0.025571448775211593,,-1.7293438085456505,True,-1.8999999999999986,-2.1633183611532942
2.45,2.4073333333333333,2.4926666666666666,False,133.03860595958074,True,0.6159498854580681,-1.2999999999999985,0.0965628579011751,-20.30379778440657,2.448,-0.002000000000000224,132.382706998476,True,0.9981014045493044,0.6558989611047252,0.08556335683508835,,-1.589335716605528,True,-1.7000000000000013,-2.023310269213171
2.46,2.417333333333333,2.502666666666667,False,133.03860595958074,True,0.6159498854580681,-1.2999999999999985,0.09821039259225416,-20.156851057569654,2.458,-0.0019999999999997797,133.16320339952514,True,0.9966178959332411,0.12459743994440942,-0.01620630203301653,,-1.487566057737424,True,-1.7000000000000013,-1.921540610345068
2.47,2.4273333333333333,2.5126666666666666,False,134.5844400993791,True,0.6159498854580681,-1.0999999999999956,0.1003237971787663,-19.97192076978549,2.468,-0.002000000000000224,133.96517630765015,True,0.9970598749019735,0.6192637917289403,0.07984315719403287,,-1.3836155169644697,True,-1.4999999999999982,-1.817590069572115
2.48,2.437333333333333,2.522666666666667,False,135.36407982952485,True,0.6159498854580681,-0.9999999999999953,0.1045248280141243,-19.615610767362142,2.478,-0.0019999999999997797,134.79079664748062,True,0.9950817588311918,0.5732831820442357,0.07347554611782102,,-1.2772479058882598,True,-1.3999999999999984,-1.7112224584959033
2.49,2.4473333333333334,2.5326666666666666,False,135.36407982952485,True,0.7571601330199094,-0.9999999999999953,0.10236284860407038,-19.797152737093104,2.488,-0.002000000000000224,135.4826780689588,True,0.9975329504925338,0.11859823943393621,-0.015161438518456978,,-1.1886109212519793,True,-1.3999999999999984,-1.6225854738596246
2.5,2.457333333333333,2.542666666666667,False,136.14823596668148,True,0.8266685594724996,-0.8999999999999966,0.09827824446079253,-20.150852198051602,2.498,-0.0019999999999997797,136.19055415750145,True,0.9971162869365586,0.04231819081996946,-0.005380261357457413,,-1.0983920984129827,True,-1.3000000000000005,-1.5323666510206257
2.51,2.4673333333333334,2.5526666666666666,False,136.14823596668148,True,0.7571601330199093,-0.8999999999999966,0.09451740840033672,-20.489763898403055,2.508,-0.0019999999999997797,137.40603385407746,True,0.9878773313224827,1.2577978873959808,-0.15920481713503437,,-0.9445675426354041,True,-1.3000000000000005,-1.3785420952430503
2.52,2.477333333333333,2.562666666666667,False,136.93693467412865,True,0.42606232904328145,-0.7999999999999988,0.09153073777631378,-20.768660740546085,2.5180000000000002,-0.0019999999999997797,138.0129674035221,True,0.9416036361245991,1.0760327293934608,-0.13550643193959894,pyin_probability_below_0.5,-0.8682659278308433,False,-1.2000000000000022,-1.3022404804384877
2.53,2.4873333333333334,2.5726666666666667,False,137.7302022667084,True,0.4849868077159113,-0.6999999999999962,0.08693930223025766,-21.215676995064854,2.528,-0.0019999999999997797,136.80346770374527,True,0.8578515703821433,0.9267345629631336,0.11688187639500591,pyin_probability_below_0.5,-1.0206542361654432,False,-1.0999999999999979,-1.4546287887730875
2.54,2.497333333333333,2.582666666666667,False,137.7302022667084,True,0.42606232904328145,-0.6999999999999962,0.08143020946369184,-21.784288961319106,2.5380000000000003,-0.0019999999999997797,137.8975984846283,True,0.8471445092708875,0.1673962179199009,-0.021028507791213978,pyin_probability_below_0.5,-0.8827438519792237,False,-1.0999999999999979,-1.3167184045868687
2.55,2.5073333333333334,2.5926666666666667,False,137.7302022667084,True,0.32333605839064083,-0.6999999999999962,0.07259029483477877,-22.782428793009274,2.548,-0.0019999999999997797,143.5794277191799,True,0.8667948362621667,5.849225452471501,-0.7200491498549303,pyin_probability_below_0.5,-0.18372320991550772,False,-1.0999999999999979,-0.6176977625231522
2.56,2.517333333333333,2.6026666666666665,False,136.93693467412865,True,0.12793708630129036,-0.7999999999999988,0.06216196491963686,-24.129505321636916,2.5580000000000003,-0.0019999999999997797,136.95821653318674,True,0.7341523167231379,0.021281859058092323,-0.002690363735213701,pyin_probability_below_0.5,-1.0010819960352277,False,-1.2000000000000022,-1.4350565486428732
2.57,2.5273333333333334,2.6126666666666667,False,136.93693467412865,True,0.09203757081218103,-0.7999999999999988,0.050289457489331064,-25.970460988381117,2.568,-0.0019999999999997797,135.20645386155223,True,0.8313958398021598,1.7304808125764168,0.22017126328724834,pyin_probability_below_0.5,-1.2239436230576897,False,-1.2000000000000022,-1.6579181756653347
2.58,2.537333333333333,2.6226666666666665,False,136.93693467412865,True,0.07797523762294818,-0.7999999999999988,0.04650725201019045,-26.649586420721473,2.5780000000000003,-0.0019999999999997797,134.2796220421272,True,0.9537909921212714,2.6573126320014637,0.3392549023753385,pyin_probability_below_0.5,-1.3430272621457786,False,-1.2000000000000022,-1.7770018147534228
2.59,2.5473333333333334,2.6326666666666667,False,136.14823596668148,True,0.09203757081218102,-0.8999999999999966,0.04445710917676085,-27.04117561429632,2.588,-0.0019999999999997797,132.58377910636148,True,0.9571003096645788,3.564456860320007,0.45928811339381254,pyin_probability_below_0.5,-1.5630604731642501,False,-1.3000000000000005,-1.9970350257718952
2.6,2.5573333333333332,2.6426666666666665,False,132.2723599733492,True,0.32333605839064083,-1.4000000000000004,0.03855393174720085,-28.278626516181127,2.598,-0.002000000000000224,128.0928678308951,True,0.9549451102443093,4.179492142454109,0.555857689527265,pyin_probability_below_0.5,-2.1596300492977063,False,-1.800000000000003,-2.5936046019053514
2.61,2.5673333333333335,2.6526666666666667,False,130.75308233882095,True,0.48498680771591135,-1.5999999999999979,0.028568151943565448,-30.88235705910824,2.608,-0.0019999999999997797,126.71800545668663,True,0.9567858496167865,4.0350768821343195,0.5426810870382336,pyin_probability_below_0.5,-2.3464534468086744,False,-2.0000000000000004,-2.78042799941632
2.62,2.5773333333333333,2.6626666666666665,False,129.25125509628117,True,0.5485250542599845,-1.7999999999999945,0.02634560688782245,-31.58583585452329,2.618,-0.002000000000000224,126.84988711189298,True,0.9654639390727981,2.4013679843881874,0.32467265306696147,,-2.328445012837399,True,-2.1999999999999975,-2.7624195654450445
2.63,2.5873333333333335,2.6726666666666667,False,128.5068226458765,True,0.42606232904328145,-1.8999999999999986,0.024458583000777325,-32.231374145315414,2.628,-0.0019999999999997797,126.08268860541826,True,0.9508348349118034,2.4241340404582417,0.32969702538240786,pyin_probability_below_0.5,-2.433469385152848,False,-2.3000000000000016,-2.867443937760493
2.64,2.5973333333333333,2.6826666666666665,False,129.25125509628117,True,0.3721358982975087,-1.7999999999999945,0.02431420635422407,-32.282798035472595,2.638,-0.002000000000000224,126.37950606122112,True,0.9613430079445379,2.8717490350600485,0.3889890910096643,pyin_probability_below_0.5,-2.392761450780101,False,-2.1999999999999975,-2.8267360033877442
2.65,2.6073333333333335,2.6926666666666668,False,130.75308233882095,True,0.3721358982975087,-1.5999999999999979,0.02363511949104455,-32.52884395423628,2.648,-0.0019999999999997797,129.31652813274772,True,0.9539920565147371,1.4365542060732253,0.19125932053822797,pyin_probability_below_0.5,-1.9950316803086667,False,-2.0000000000000004,-2.4290062329163113
2.66,2.6173333333333333,2.7026666666666666,False,130.75308233882095,True,0.48498680771591135,-1.5999999999999979,0.02221989462170644,-33.065160100810246,2.658,-0.002000000000000224,131.60449215527768,True,0.9706343489218747,0.8514098164567372,-0.11236533507931853,pyin_probability_below_0.5,-1.691407024691122,False,-2.0000000000000004,-2.125381577298767
2.67,2.6273333333333335,2.712666666666667,False,130.75308233882095,True,0.5485250542599845,-1.5999999999999979,0.02177062696399947,-33.24258127394656,2.668,-0.0019999999999997797,134.43600716531364,True,0.9667459993743731,3.6829248264926946,-0.48089571419967436,,-1.322876645570766,True,-2.0000000000000004,-1.7568511981784094
2.68,2.6373333333333333,2.7226666666666666,False,130.75308233882095,True,0.5485250542599845,-1.5999999999999979,0.02170809289622714,-33.26756657192999,2.678,-0.002000000000000224,134.1342811691317,True,0.9597193365103677,3.381198830310751,-0.4419965089984983,,-1.3617758507719429,True,-2.0000000000000004,-1.795750403379588
2.69,2.6473333333333335,2.732666666666667,False,130.75308233882095,True,0.6159498854580681,-1.5999999999999979,0.021602947307978657,-33.30973987302589,2.688,-0.0019999999999997797,131.0220364037112,True,0.943549522068255,0.2689540648902664,-0.035574244095220336,,-1.7681981156752196,True,-2.0000000000000004,-2.202172668282865
2.7,2.6573333333333333,2.7426666666666666,False,130.0,True,0.48498680771591135,-1.699999999999997,0.021129164875747074,-33.50235335949539,2.698,-0.002000000000000224,127.16259683117656,True,0.9842437763771871,2.8374031688234425,0.38204687510607194,pyin_probability_below_0.5,-2.285819234876511,False,-2.1000000000000014,-2.7197937874841553
2.71,2.667333333333333,2.752666666666667,False,129.25125509628117,True,0.4849868077159113,-1.7999999999999945,0.020124227262231488,-33.92561573690812,2.708,-0.0019999999999997797,125.6000345017491,True,0.9807315630818222,3.6512205945320773,0.49609715266969434,pyin_probability_below_0.5,-2.4998695124401307,False,-2.1999999999999975,-2.9338440650477766
2.72,2.6773333333333333,2.7626666666666666,False,127.03079589645196,True,0.5485250542599845,-2.0999999999999996,0.019330762033658484,-34.27502050816177,2.718,-0.002000000000000224,123.73344651411855,True,0.9618449921013702,3.297349382333408,0.45531312625563203,,-2.7590854860260743,True,-2.5000000000000013,-3.1930600386337185
2.73,2.687333333333333,2.772666666666667,False,124.12940850835416,True,0.7571601330199093,-2.4999999999999973,0.017257349544142576,-35.26051808521177,2.728,-0.0019999999999997797,121.55976247286851,True,0.9844960957150978,2.569646035485647,0.3621503475591164,,-3.0659227073295563,True,-2.8999999999999995,-3.4998972599371996
2.74,2.6973333333333334,2.7826666666666666,False,123.4144757235675,True,0.10857977072874499,-2.599999999999996,0.017053592326372744,-35.363682464585686,2.738,-0.002000000000000224,121.0909486609138,True,0.9678842892218633,2.32352706265371,0.32904711781997953,pyin_probability_below_0.5,-3.1328194775904183,False,-2.9999999999999987,-3.5667940301980647
2.75,2.707333333333333,2.792666666666667,False,126.29915234996876,True,0.04069733156888106,-2.1999999999999975,0.017152893937927842,-35.31325195528692,2.748,-0.0019999999999997797,120.01847139418742,True,0.971342839069732,6.280680955781349,0.8830619552375174,pyin_probability_below_0.5,-3.2868343150079564,False,-2.6000000000000005,-3.7208088676156006
2.76,2.7173333333333334,2.8026666666666666,False,126.29915234996876,True,0.012403124793551346,-2.1999999999999975,0.018888223648681753,-34.476177671473785,2.758,-0.0019999999999997797,120.48395393016933,True,0.9780674110406682,5.8151984197994295,0.8160472279886721,pyin_probability_below_0.5,-3.2198195877591127,False,-2.6000000000000005,-3.6537941403667573
2.77,2.727333333333333,2.812666666666667,False,135.36407982952485,True,0.011422334250709074,-0.9999999999999953,0.021544235518036952,-33.33337823869591,2.7680000000000002,-0.0019999999999997797,121.35412273363279,True,0.7782690806751604,14.009957095892062,1.8914620193187561,pyin_probability_below_0.5|pitch_difference_over_1_semitone,-3.0952343790891916,False,-1.3999999999999984,-3.529208931696837
2.78,2.7373333333333334,2.8226666666666667,False,140.13768379557115,True,0.013980210380185928,-0.4000000000000008,0.02916011449968359,-30.704215501125745,2.778,-0.0019999999999997797,121.63732929513714,True,0.4680808173305022,18.500354500434014,2.451106931919015,pyin_probability_below_0.5|pitch_difference_over_1_semitone,-3.054879291689457,False,-0.8000000000000028,-3.488853844297103
2.79,2.747333333333333,2.832666666666667,False,139.33055012971812,True,0.026168028608935755,-0.4999999999999962,0.03676199165797178,-28.692019356689208,2.7880000000000003,-0.0019999999999997797,135.4561658108622,True,0.5534502965836924,3.874384318855931,0.4882267005481826,pyin_probability_below_0.5,-1.1919990603186208,False,-0.9000000000000006,-1.625973612926264
2.8,2.7573333333333334,2.8426666666666667,False,138.52806521170294,True,0.04069733156888106,-0.6000000000000011,0.047651505682605885,-26.438467441198902,2.798,-0.0019999999999997797,135.50724450339504,True,0.8419246659057398,3.0208207083078946,0.38169968107793967,pyin_probability_below_0.5,-1.185472040848385,False,-1.0000000000000036,-1.6194465934560283
2.81,2.767333333333333,2.8526666666666665,False,138.52806521170294,True,0.06608151270920702,-0.6000000000000011,0.06091015694716909,-24.30620562901552,2.8080000000000003,-0.0019999999999997797,139.6290371141367,True,0.9257338550204456,1.1009719024337699,-0.13704845084867673,pyin_probability_below_0.5,-0.6667239089217665,False,-1.0000000000000036,-1.1006984615294118
2.82,2.7773333333333334,2.8626666666666667,False,137.7302022667084,True,0.17653060863289757,-0.6999999999999962,0.07055826166032889,-23.02904254863205,2.818,-0.0019999999999997797,139.0664811078504,True,0.9502458122285735,1.33627884114199,-0.1671573064529172,pyin_probability_below_0.5,-0.7366150533175193,False,-1.0999999999999979,-1.1705896059251655
2.83,2.787333333333333,2.8726666666666665,False,136.93693467412865,True,0.37213589829750865,-0.7999999999999988,0.07612582119263735,-22.369360189314072,2.8280000000000003,-0.0019999999999997797,138.17133356093467,True,0.9577831636036729,1.2343988868060194,-0.15536048686043583,pyin_probability_below_0.5,-0.8484118729100063,False,-1.2000000000000022,-1.2823864255176507
2.84,2.7973333333333334,2.8826666666666667,False,136.14823596668148,True,0.37213589829750865,-0.8999999999999966,0.07909858688277846,-22.036625504381135,2.838,-0.0019999999999997797,136.97371736853893,True,0.9428403620625494,0.825481401857445,-0.10464965147483946,pyin_probability_below_0.5,-0.9991227082955985,False,-1.3000000000000005,-1.433097260903243
2.85,2.8073333333333332,2.8926666666666665,False,136.14823596668148,True,0.32333605839064083,-0.8999999999999966,0.08120942649258868,-21.807871130421606,2.848,-0.002000000000000224,135.62823658688953,True,0.9257479413570474,0.5199993797919547,0.06624868752485819,pyin_probability_below_0.5,-1.170021047295298,False,-1.3000000000000005,-1.603995599902941
2.86,2.8173333333333335,2.9026666666666667,False,134.5844400993791,True,0.27960516533635893,-1.0999999999999956,0.08173685957739817,-21.75164104778265,2.858,-0.0019999999999997797,132.60640968858246,True,0.9179523699084773,1.9780304107966344,0.2563333408387404,pyin_probability_below_0.5,-1.5601057006091783,False,-1.4999999999999982,-1.9940802532168223
2.87,2.8273333333333333,2.9126666666666665,False,133.03860595958074,True,0.2407543944755743,-1.2999999999999985,0.08117528699994668,-21.81152334451712,2.868,-0.002000000000000224,131.06683122246642,True,0.9431564687252988,1.9717747371143162,0.25850789171555977,pyin_probability_below_0.5,-1.762280251485999,False,-1.7000000000000013,-2.1962548040936447
2.88,2.8373333333333335,2.9226666666666667,False,131.51052723924994,True,0.15046460134333878,-1.4999999999999962,0.07849040997716993,-22.10366804940607,2.878,-0.0019999999999997797,129.37428658331905,True,0.9686962306665057,2.136240655930891,0.2835285939547026,pyin_probability_below_0.5,-1.9873009537251383,False,-1.8999999999999986,-2.421275506332784
2.89,2.8473333333333333,2.9326666666666665,False,129.25125509628117,True,0.07797523762294817,-1.7999999999999945,0.07536467232929435,-22.45664369476842,2.888,-0.002000000000000224,129.20644170797178,True,0.925843804030208,0.044813388309393076,0.006003494222228705,pyin_probability_below_0.5,-2.009775853992667,False,-2.1999999999999975,-2.4437504066003095
2.9,2.8573333333333335,2.9426666666666668,False,125.57172276022992,True,0.05607139544589262,-2.2999999999999976,0.0679934189919305,-23.3506624028757,2.898,-0.0019999999999997797,127.70242781670603,True,0.8200767752936595,2.130705056476117,-0.29129195840390976,pyin_probability_below_0.5,-2.2124804013665322,False,-2.700000000000001,-2.6464549539741764
2.91,2.8673333333333333,2.9526666666666666,False,124.12940850835416,True,0.06608151270920702,-2.4999999999999973,0.06094049128909573,-24.301880978215955,2.908,-0.002000000000000224,123.93494494378683,True,0.8973502114854527,0.19446356456732872,0.02714311899799103,pyin_probability_below_0.5,-2.7309154787684298,False,-2.8999999999999995,-3.1648900313760766
2.92,2.8773333333333335,2.962666666666667,False,122.70366064862014,True,0.07797523762294818,-2.699999999999999,0.059307380657992834,-24.537825127797362,2.918,-0.0019999999999997797,123.06186088877763,True,0.9200047129072243,0.35820024015748686,-0.05046508455480016,pyin_probability_below_0.5,-2.8533072752156414,False,-3.100000000000003,-3.2872818278232865
2.93,2.8873333333333333,2.9726666666666666,False,121.9969395672486,True,0.12793708630129033,-2.7999999999999976,0.058574481263979634,-24.64583097657945,2.928,-0.002000000000000224,122.1757540697536,True,0.9168364584272732,0.17881450250499142,-0.025356628207166963,pyin_probability_below_0.5,-2.9784157315632744,False,-3.2000000000000006,-3.41239028417092
2.94,2.8973333333333335,2.982666666666667,False,121.29428889978496,True,0.32333605839064083,-2.8999999999999977,0.055744448089551216,-25.07596760026466,2.938,-0.0019999999999997797,120.77720460200156,True,0.9315797168752076,0.5170842977833985,0.07396123278764015,pyin_probability_below_0.5,-3.1777335925580807,False,-3.3000000000000007,-3.611708145165725
2.95,2.9073333333333333,2.9926666666666666,False,120.59568520237023,True,0.3721358982975087,-2.9999999999999964,0.05355500749304372,-25.423998311797178,2.948,-0.002000000000000224,119.65373735479311,True,0.9702561556844587,0.9419478475771257,0.13575396142358442,pyin_probability_below_0.5,-3.3395263211940263,False,-3.4000000000000012,-3.7735008738016695
2.96,2.917333333333333,3.002666666666667,False,120.59568520237023,True,0.5485250542599844,-2.9999999999999964,0.051054051694443145,-25.839395724346772,2.958,-0.0019999999999997797,119.4367086847352,True,0.9590747072496382,1.1589765176350397,0.16718370131051707,,-3.3709560610809572,True,-3.4000000000000012,-3.804930613688601
2.97,2.9273333333333333,3.0126666666666666,False,119.9011051661721,True,0.6860828109301793,-3.099999999999996,0.04595296382873747,-26.75372945358541,2.968,-0.002000000000000224,119.12198067415646,True,0.940494801707924,0.7791244920156402,0.11286371118081698,,-3.4166360709512587,True,-3.500000000000001,-3.850610623558902
2.98,2.937333333333333,3.022666666666667,False,119.21052561660726,True,0.6860828109301793,-3.199999999999998,0.03994101544486984,-27.97161795981325,2.978,-0.0019999999999997797,118.55453236549505,True,0.9038294996796472,0.6559932511122071,0.09552965802075519,,-3.499302017791196,True,-3.6000000000000014,-3.9332765703988413
2.99,2.9473333333333334,3.0326666666666666,False,119.21052561660726,True,0.6159498854580681,-3.199999999999998,0.03381406642748662,-29.418051970177434,2.988,-0.002000000000000224,118.20467422808909,True,0.8540556227446464,1.0058513885181668,0.14669444855973773,,-3.550466808330179,True,-3.6000000000000014,-3.9844413609378235
3.0,2.957333333333333,3.042666666666667,False,119.21052561660726,True,0.4849868077159113,-3.199999999999998,0.02880286587428438,-30.811285959075654,2.998,-0.0019999999999997797,118.50999260370803,True,0.8289941132857357,0.7005330128992284,0.10203495467451018,pyin_probability_below_0.5,-3.505807314444951,False,-3.6000000000000014,-3.939781867052595
3.01,2.9673333333333334,3.0526666666666666,False,118.52392351256819,True,0.32333605839064083,-3.2999999999999963,0.02346929723616389,-32.58999829411729,3.008,-0.0019999999999997797,,False,0.0,,,pyin_probability_below_0.5|voicing_disagreement,,False,-3.700000000000001,
3.02,2.977333333333333,3.062666666666667,False,118.52392351256819,True,0.2065067991177523,-3.2999999999999963,0.017748069031921557,-35.01697781488123,3.0180000000000002,-0.0019999999999997797,,False,0.0,,,pyin_probability_below_0.5|voicing_disagreement,,False,-3.700000000000001,
3.03,2.9873333333333334,3.0726666666666667,False,119.9011051661721,True,0.07797523762294818,-3.099999999999996,0.011126598641669237,-39.07275155053287,3.028,-0.0019999999999997797,,False,0.0,,,pyin_probability_below_0.5|voicing_disagreement,,False,-3.500000000000001,
3.04,2.997333333333333,3.082666666666667,False,121.29428889978496,True,0.10857977072874497,-2.8999999999999977,0.006294946451435333,-44.0201591981599,3.0380000000000003,-0.0019999999999997797,,False,0.0,,,pyin_probability_below_0.5|voicing_disagreement,,False,-3.3000000000000007,
3.05,3.0073333333333334,3.0926666666666667,False,120.59568520237023,True,0.2796047950867341,-2.9999999999999964,0.003767530792071806,-48.47886379010219,3.048,-0.0019999999999997797,,False,0.0,,,pyin_probability_below_0.5|voicing_disagreement,,False,-3.4000000000000012,
3.06,3.017333333333333,3.1026666666666665,False,120.59568520237023,True,0.09203757081218102,-2.9999999999999964,0.002766387365785072,-51.16174015015925,3.0580000000000003,-0.0019999999999997797,,False,0.0,,,pyin_probability_below_0.5|voicing_disagreement,,False,-3.4000000000000012,
3.07,3.0273333333333334,3.1126666666666667,False,,False,0.010000002871100368,,0.008685526780863087,-41.224076725491074,3.068,-0.0019999999999997797,,False,0.0,,,,,False,,
3.08,3.037333333333333,3.1226666666666665,False,,False,0.0100028158258111,,0.01972130878283922,-34.10128533931183,3.0780000000000003,-0.0019999999999997797,,False,0.0,,,,,False,,
3.09,3.0473333333333334,3.1326666666666667,False,,False,0.015085587297504336,,0.027745306313545836,-31.13620952256607,3.088,-0.0019999999999997797,,False,0.0,,,,,False,,
3.1,3.0573333333333332,3.1426666666666665,False,,False,0.010052967545965857,,0.042947980884493156,-27.341144977206714,3.0980000000000003,-0.0019999999999997797,,False,0.0,,,,,False,,
3.11,3.0673333333333335,3.1526666666666667,False,148.4707041104003,True,0.010259050559778863,0.6000000000000013,0.054451664808698536,-25.279776751156486,3.108,-0.0019999999999997797,174.40491255832393,True,0.6028659818692789,25.934208447923623,-2.787148655341214,pyin_probability_below_0.5|pitch_difference_over_1_semitone,3.1833762955707736,False,0.20000000000000068,2.74940174296313
3.12,3.0773333333333333,3.1626666666666665,False,145.9200662802185,True,0.010037765502929688,0.3000000000000021,0.05973839118632028,-24.474929551046163,3.118,-0.002000000000000224,159.4079165549327,True,0.8532420124240477,13.48785027471422,-1.530539863932527,pyin_probability_below_0.5|pitch_difference_over_1_semitone,1.626767504162086,False,-0.10000000000000067,1.192792951554443
3.13,3.0873333333333335,3.1726666666666667,False,145.07962854192903,True,0.010002815825811102,0.20000000000000068,0.06299856048880575,-24.01338748042386,3.128,-0.0019999999999997797,159.29052302391503,True,0.7019625558882944,14.210894481986003,-1.6177857577311607,pyin_probability_below_0.5|pitch_difference_over_1_semitone,1.6140133979607183,False,-0.2000000000000017,1.1800388453530763
3.14,3.0973333333333333,3.1826666666666665,False,140.13768379557115,True,0.010001232964986118,-0.4000000000000008,0.06671082014104952,-23.516074402195603,3.138,-0.002000000000000224,146.746864349367,True,0.5286992110950547,6.609180553795852,-0.797816639129817,pyin_probability_below_0.5,0.19404427935937546,False,-0.8000000000000028,-0.23993027324827026
3.15,3.1073333333333335,3.1926666666666668,False,136.14823596668148,True,0.010001873046012551,-0.8999999999999966,0.07015849966730177,-23.078394137760178,3.148,-0.0019999999999997797,144.43787983474763,True,0.6213886316485646,8.28964386806615,-1.0232503043654675,pyin_probability_below_0.5|pitch_difference_over_1_semitone,-0.08052205540497143,False,-1.3000000000000005,-0.514496608012616
3.16,3.1173333333333333,3.2026666666666666,False,133.80929076365396,True,0.010006178555334078,-1.199999999999998,0.07182165932633644,-22.874891308078908,3.158,-0.002000000000000224,133.19876001342797,True,0.663606212909963,0.6105307502259905,0.07917165507204461,pyin_probability_below_0.5,-1.4829440148424857,False,-1.6,-1.9169185674501301
3.17,3.1273333333333335,3.212666666666667,False,133.03860595958074,True,0.01002672467381077,-1.2999999999999985,0.07089162583891392,-22.988101267211903,3.168,-0.0019999999999997797,128.99559242289766,True,0.9105932599736923,4.043013536683077,0.5342782166820875,pyin_probability_below_0.5,-2.0380505764525276,False,-1.7000000000000013,-2.4720251290601722
3.18,3.1373333333333333,3.2226666666666666,False,132.2723599733492,True,0.011085791888943373,-1.4000000000000004,0.06861236865857247,-23.27195175118032,3.178,-0.002000000000000224,127.9419204035815,True,0.9638851124574216,4.330439569767705,0.5762709589789182,pyin_probability_below_0.5,-2.180043318749362,False,-1.800000000000003,-2.614017871357008
3.19,3.1473333333333335,3.232666666666667,False,128.5068226458765,True,0.3233360583906409,-1.8999999999999986,0.05858314379245769,-24.64454652298204,3.188,-0.0019999999999997797,127.87499550239048,True,0.9776375188143782,0.6318271434860208,0.08532920830581185,pyin_probability_below_0.5,-2.18910156807625,False,-2.3000000000000016,-2.6230761206838955
3.2,3.1573333333333333,3.2426666666666666,False,128.5068226458765,True,0.7571601330199093,-1.8999999999999986,0.05363712458091615,-25.41069024359498,3.198,-0.002000000000000224,127.7526967938206,True,0.9752082001538784,0.7541258520558927,0.10189452661583623,,-2.2056668863862767,True,-2.3000000000000016,-2.6396414389939227
3.21,3.167333333333333,3.252666666666667,False,127.76667781088264,True,0.8911444948731203,-1.9999999999999987,0.04872471922955799,-26.245013095476178,3.208,-0.0019999999999997797,127.35206301366274,True,0.9755452049833706,0.41461479721989747,0.05627151371374968,,-2.260043873484189,True,-2.4000000000000004,-2.6940184260918345
3.22,3.1773333333333333,3.2626666666666666,False,127.76667781088264,True,0.8911444948731203,-1.9999999999999987,0.043257457132383395,-27.278780278536278,3.218,-0.002000000000000224,127.06063438212217,True,0.9661308026244332,0.7060434287604664,0.0959339516058732,,-2.299706311376311,True,-2.4000000000000004,-2.733680863983957
3.23,3.187333333333333,3.272666666666667,False,127.76667781088264,True,0.8911444948731203,-1.9999999999999987,0.03840253590423766,-28.312801922621667,3.228,-0.0019999999999997797,127.42546472210172,True,0.9684100405900293,0.3412130887809184,0.04629610170983931,,-2.250068461480279,True,-2.4000000000000004,-2.6840430140879254
3.24,3.1973333333333334,3.2826666666666666,False,127.76667781088264,True,0.8266685594724995,-1.9999999999999987,0.03353547534978658,-29.4899106671428,3.238,-0.002000000000000224,128.14022347978852,True,0.9372385077935919,0.3735456689058765,-0.05054146151868129,,-2.153230898251758,True,-2.4000000000000004,-2.587205450859404
3.25,3.207333333333333,3.292666666666667,False,127.76667781088264,True,0.6860828109301791,-1.9999999999999987,0.02652996368010599,-31.525266891450553,3.248,-0.0019999999999997797,130.6514267543667,True,0.922265199617672,2.8847489434840554,-0.3865350740454253,,-1.8172372857250143,True,-2.4000000000000004,-2.2512118383326603
3.26,3.2173333333333334,3.3026666666666666,False,127.76667781088264,True,0.6159498854580678,-1.9999999999999987,0.020932045599993936,-33.583766556610215,3.258,-0.0019999999999997797,128.97752754457932,True,0.8998990177800853,1.2108497336966764,-0.1632971483410576,,-2.040475211429383,True,-2.4000000000000004,-2.4744497640370273
3.27,3.227333333333333,3.312666666666667,False,128.5068226458765,True,0.5485250542599847,-1.8999999999999986,0.016774205460954334,-35.50716083551363,3.2680000000000002,-0.0019999999999997797,127.11466846606994,True,0.8576194870696293,1.3921541798065533,0.18857323273968324,,-2.2923455925101215,True,-2.3000000000000016,-2.726320145117768
3.28,3.2373333333333334,3.3226666666666667,False,129.25125509628117,True,0.42606232904328145,-1.7999999999999945,0.013070383046358462,-37.6742336921808,3.278,-0.0019999999999997797,,False,0.0,,,pyin_probability_below_0.5|voicing_disagreement,,False,-2.1999999999999975,
3.29,3.247333333333333,3.332666666666667,False,127.76667781088264,True,0.3233360583906409,-1.9999999999999987,0.009625558820225255,-40.33148095484076,3.2880000000000003,-0.0019999999999997797,,False,0.0,,,pyin_probability_below_0.5|voicing_disagreement,,False,-2.4000000000000004,
3.3,3.2573333333333334,3.3426666666666667,False,127.03079589645196,True,0.10857977072874499,-2.0999999999999996,0.005997497526427878,-44.440598449558436,3.298,-0.0019999999999997797,,False,0.0,,,pyin_probability_below_0.5|voicing_disagreement,,False,-2.5000000000000013,
3.31,3.267333333333333,3.3526666666666665,False,127.76667781088264,True,0.10857977072874499,-1.9999999999999987,0.004037664722633505,-47.877394931995745,3.3080000000000003,-0.0019999999999997797,,False,0.0,,,pyin_probability_below_0.5|voicing_disagreement,,False,-2.4000000000000004,
3.32,3.2773333333333334,3.3626666666666667,False,127.03079589645196,True,0.047686993082531035,-2.0999999999999996,0.0033425567485932768,-49.518424214503085,3.318,-0.0019999999999997797,,False,0.0,,,pyin_probability_below_0.5|voicing_disagreement,,False,-2.5000000000000013,
3.33,3.287333333333333,3.3726666666666665,False,129.25125509628117,True,0.026168028608935755,-1.7999999999999945,0.0023295258969674225,-52.65464914413032,3.3280000000000003,-0.0019999999999997797,,False,0.0,,,pyin_probability_below_0.5|voicing_disagreement,,False,-2.1999999999999975,
3.34,3.2973333333333334,3.3826666666666667,False,130.75308233882095,True,0.010191075353046239,-1.5999999999999979,0.0015266281761909086,-56.32533452661224,3.338,-0.0019999999999997797,,False,0.0,,,pyin_probability_below_0.5|voicing_disagreement,,False,-2.0000000000000004,
3.35,3.3073333333333332,3.3926666666666665,False,,False,0.010009025493342986,,0.0010027590668863094,-59.976068049287015,3.3480000000000003,-0.0019999999999997797,,False,0.0,,,,,False,,
3.36,3.3173333333333335,3.4026666666666667,False,,False,3.7218565037247466e-06,,0.0007453609995086875,-62.55266670283455,3.358,-0.0019999999999997797,,False,0.0,,,,,False,,
3.37,3.3273333333333333,3.4126666666666665,False,,False,6.027056601385785e-06,,0.0006084483245184586,-64.3155260094662,3.368,-0.002000000000000224,,False,0.0,,,,,False,,
3.38,3.3373333333333335,3.4226666666666667,False,,False,1.2864947800447927e-05,,0.0005685396845145284,-64.90478431647611,3.378,-0.0019999999999997797,,False,0.0,,,,,False,,
3.39,3.3473333333333333,3.4326666666666665,False,,False,0.010026524785001436,,0.0005325383049989046,-65.47298296712363,3.388,-0.002000000000000224,,False,0.0,,,,,False,,
3.4,3.3573333333333335,3.4426666666666668,False,,False,0.010022531386160168,,0.0005211718890511403,-65.66038034572834,3.398,-0.0019999999999997797,,False,0.0,,,,,False,,
3.41,3.3673333333333333,3.4526666666666666,False,,False,0.010022524401827234,,0.00047222337214664235,-66.51705043650027,3.408,-0.002000000000000224,,False,0.0,,,,,False,,
3.42,3.3773333333333335,3.462666666666667,False,,False,0.010198006215587377,,0.00045957405998807205,-66.7528898486729,3.418,-0.0019999999999997797,,False,0.0,,,,,False,,
3.43,3.3873333333333333,3.4726666666666666,False,,False,0.010489200540319791,,0.000444670528448198,-67.03923306905881,3.428,-0.002000000000000224,,False,0.0,,,,,False,,
3.44,3.3973333333333335,3.482666666666667,False,,False,0.010085148928191828,,0.00042350012419079816,-67.46292915954055,3.438,-0.0019999999999997797,,False,0.0,,,,,False,,
3.45,3.4073333333333333,3.4926666666666666,False,,False,0.010088962812413334,,0.0004053887125568274,-67.84256695511621,3.448,-0.002000000000000224,,False,0.0,,,,,False,,
3.46,3.417333333333333,3.502666666666667,False,,False,0.010336854872972345,,0.0003760328880568364,-68.49548339522433,3.458,-0.0019999999999997797,,False,0.0,,,,,False,,
3.47,3.4273333333333333,3.5126666666666666,False,,False,0.010115225318530057,,0.0003531184406226475,-69.04159204060778,3.468,-0.002000000000000224,,False,0.0,,,,,False,,
3.48,3.437333333333333,3.522666666666667,False,,False,0.010018308488973943,,0.00035514862273599375,-68.99179730359569,3.478,-0.0019999999999997797,,False,0.0,,,,,False,,
3.49,3.4473333333333334,3.5326666666666666,False,,False,0.01000415293149617,,0.0003218400027076593,-69.84719953566099,3.488,-0.002000000000000224,,False,0.0,,,,,False,,
3.5,3.457333333333333,3.542666666666667,False,,False,0.010000511706700048,,0.0003321327409796986,-69.57376620824063,3.498,-0.0019999999999997797,,False,0.0,,,,,False,,
3.51,3.4673333333333334,3.5526666666666666,False,,False,0.010000121569832309,,0.00032297895336158946,-69.81651554326848,3.508,-0.0019999999999997797,,False,0.0,,,,,False,,
3.52,3.477333333333333,3.562666666666667,False,,False,0.010000002871091119,,0.00032028729880538125,-69.88920566431997,3.5180000000000002,-0.0019999999999997797,,False,0.0,,,,,False,,
3.53,3.4873333333333334,3.5726666666666667,False,,False,0.010000000494395898,,0.00028637555106584867,-70.86128124197833,3.528,-0.0019999999999997797,,False,0.0,,,,,False,,
3.54,3.497333333333333,3.582666666666667,False,,False,0.01000000395661625,,0.00026845127385008324,-71.42269061779216,3.5380000000000003,-0.0019999999999997797,,False,0.0,,,,,False,,
3.55,3.5073333333333334,3.5926666666666667,False,,False,1.1923126483662442e-07,,0.0002592775465291877,-71.72470183126921,3.548,-0.0019999999999997797,,False,0.0,,,,,False,,
3.56,3.517333333333333,3.6026666666666665,False,,False,1.709302208288554e-07,,0.00025572301553282537,-71.84460365855165,3.5580000000000003,-0.0019999999999997797,,False,0.0,,,,,False,,
3.57,3.5273333333333334,3.6126666666666667,False,,False,4.103652339434428e-11,,0.0002505510435555944,-72.02207568126047,3.568,-0.0019999999999997797,,False,0.0,,,,,False,,
3.58,3.537333333333333,3.6226666666666665,False,,False,3.1792856681828415e-10,,0.00024221356379280996,-72.31603080640012,3.5780000000000003,-0.0019999999999997797,,False,0.0,,,,,False,,
3.59,3.5473333333333334,3.6326666666666667,False,,False,2.672878470243033e-08,,0.00023397209416309338,-72.61671875553132,3.588,-0.0019999999999997797,,False,0.0,,,,,False,,
3.6,3.5573333333333332,3.6426666666666665,False,,False,0.010000001412024522,,0.00023306900840548543,-72.65030943077325,3.5980000000000003,-0.0019999999999997797,,False,0.0,,,,,False,,
3.61,3.5673333333333335,3.6526666666666667,False,,False,0.010000000003688643,,0.00021836382679115064,-73.21638606716057,3.608,-0.0019999999999997797,,False,0.0,,,,,False,,
3.62,3.5773333333333333,3.6626666666666665,False,,False,1.9267671108706422e-12,,0.0002470568738786334,-72.14406116408635,3.618,-0.002000000000000224,,False,0.0,,,,,False,,
3.63,3.5873333333333335,3.6726666666666667,False,,False,0.010000000405193011,,0.0002481001650972647,-72.10745893456331,3.628,-0.0019999999999997797,,False,0.0,,,,,False,,
3.64,3.5973333333333333,3.6826666666666665,False,,False,0.010000002602519226,,0.00027237796636360326,-71.29656053971749,3.638,-0.002000000000000224,,False,0.0,,,,,False,,
3.65,3.6073333333333335,3.6926666666666668,False,,False,0.010000003127276245,,0.0002719732182933969,-71.30947719284876,3.648,-0.0019999999999997797,,False,0.0,,,,,False,,
3.66,3.6173333333333333,3.7026666666666666,False,,False,0.01000051322679338,,0.00027906342170554843,-71.0859417003604,3.658,-0.002000000000000224,,False,0.0,,,,,False,,
3.67,3.6273333333333335,3.712666666666667,False,,False,0.010024896947073498,,0.0002887708665149222,-70.7889324789752,3.668,-0.0019999999999997797,,False,0.0,,,,,False,,
3.68,3.6373333333333333,3.7226666666666666,False,,False,0.0001080435536762314,,0.0003023399529051933,-70.39008917819291,3.678,-0.002000000000000224,,False,0.0,,,,,False,,
3.69,3.6473333333333335,3.732666666666667,False,,False,0.01002659178199657,,0.00031665829057754303,-69.9881827404519,3.688,-0.0019999999999997797,,False,0.0,,,,,False,,
3.7,3.6573333333333333,3.7426666666666666,False,,False,0.010016505788832399,,0.0003330426794792485,-69.550002160227,3.698,-0.002000000000000224,,False,0.0,,,,,False,,
3.71,3.667333333333333,3.752666666666667,False,,False,0.010307038675915954,,0.0003326256200249783,-69.5608860580151,3.708,-0.0019999999999997797,,False,0.0,,,,,False,,
3.72,3.6773333333333333,3.7626666666666666,False,,False,0.011085791888943371,,0.0003472775920487753,-69.1864647693463,3.718,-0.002000000000000224,,False,0.0,,,,,False,,
3.73,3.687333333333333,3.772666666666667,False,,False,0.01025489629252383,,0.0003368941418660278,-69.45013081495034,3.728,-0.0019999999999997797,,False,0.0,,,,,False,,
3.74,3.6973333333333334,3.7826666666666666,False,,False,0.01000815434770679,,0.00034795098553809734,-69.16963858138759,3.738,-0.002000000000000224,,False,0.0,,,,,False,,
3.75,3.707333333333333,3.792666666666667,False,,False,0.000311219521560194,,0.00034898290971387147,-69.14391681317721,3.748,-0.0019999999999997797,,False,0.0,,,,,False,,
3.76,3.7173333333333334,3.8026666666666666,False,,False,0.011404962219069711,,0.0003481606845072657,-69.16440544930006,3.758,-0.0019999999999997797,,False,0.0,,,,,False,,
3.77,3.727333333333333,3.812666666666667,False,,False,0.011072570369808386,,0.0003456085985994725,-69.22830921982073,3.7680000000000002,-0.0019999999999997797,,False,0.0,,,,,False,,
3.78,3.7373333333333334,3.8226666666666667,False,,False,0.010467533617069907,,0.00033434242465851295,-69.51617024702512,3.778,-0.0019999999999997797,,False,0.0,,,,,False,,
3.79,3.747333333333333,3.832666666666667,False,,False,0.012400584609505211,,0.0003278317017410828,-69.686981038159,3.7880000000000003,-0.0019999999999997797,,False,0.0,,,,,False,,
3.8,3.7573333333333334,3.8426666666666667,False,,False,0.019349823207316347,,0.0003140112983100886,-70.0610945095261,3.798,-0.0019999999999997797,,False,0.0,,,,,False,,
3.81,3.767333333333333,3.8526666666666665,False,,False,0.007301955709595595,,0.0003040684787453441,-70.34057197307898,3.8080000000000003,-0.0019999999999997797,,False,0.0,,,,,False,,
3.82,3.7773333333333334,3.8626666666666667,False,,False,0.010760014212559586,,0.00031483351664704534,-70.03838079182314,3.818,-0.0019999999999997797,,False,0.0,,,,,False,,
3.83,3.787333333333333,3.8726666666666665,False,,False,0.010930800022934074,,0.00031146300904205367,-70.13187050002291,3.8280000000000003,-0.0019999999999997797,,False,0.0,,,,,False,,
3.84,3.7973333333333334,3.8826666666666667,False,,False,0.010622609040911531,,0.0003347087775195942,-69.50665796806166,3.838,-0.0019999999999997797,,False,0.0,,,,,False,,
3.85,3.8073333333333332,3.8926666666666665,False,,False,0.010073751764282884,,0.000354450094680206,-69.00889806607618,3.8480000000000003,-0.0019999999999997797,,False,0.0,,,,,False,,
3.86,3.8173333333333335,3.9026666666666667,False,,False,0.010009025493342982,,0.0003688667525299407,-68.66260975496495,3.858,-0.0019999999999997797,,False,0.0,,,,,False,,
3.87,3.8273333333333333,3.9126666666666665,False,,False,0.010000802780927255,,0.0004050674825385266,-67.84945238248513,3.868,-0.002000000000000224,,False,0.0,,,,,False,,
3.88,3.8373333333333335,3.9226666666666667,False,,False,0.010000077956048903,,0.00041516062064336936,-67.63567694945218,3.878,-0.0019999999999997797,,False,0.0,,,,,False,,
3.89,3.8473333333333333,3.9326666666666665,False,,False,0.010000047007977304,,0.0004271343204203423,-67.38871062857723,3.888,-0.002000000000000224,,False,0.0,,,,,False,,
3.9,3.8573333333333335,3.9426666666666668,False,,False,0.010000016226422834,,0.00043395272867933755,-67.25115152918961,3.898,-0.0019999999999997797,,False,0.0,,,,,False,,
3.91,3.8673333333333333,3.9526666666666666,False,,False,0.010000027618385221,,0.00043452765541391735,-67.23965155524093,3.908,-0.002000000000000224,,False,0.0,,,,,False,,
3.92,3.8773333333333335,3.962666666666667,False,,False,0.010000328604501658,,0.0004257178541514529,-67.41756271189742,3.918,-0.0019999999999997797,,False,0.0,,,,,False,,
3.93,3.8873333333333333,3.9726666666666666,False,,False,0.01000281582580651,,0.00039656714908164206,-68.0336652964861,3.928,-0.002000000000000224,,False,0.0,,,,,False,,
3.94,3.8973333333333335,3.982666666666667,False,,False,0.010004173195927455,,0.0003699752439027928,-68.63654669682805,3.938,-0.0019999999999997797,,False,0.0,,,,,False,,
3.95,3.9073333333333333,3.9926666666666666,False,,False,0.010004191052332773,,0.00035282598800324754,-69.04878867314366,3.948,-0.002000000000000224,,False,0.0,,,,,False,,
3.96,3.917333333333333,4.002666666666666,False,,False,0.010006178555334078,,0.0003014342605499141,-70.41614775959357,3.958,-0.0019999999999997797,,False,0.0,,,,,False,,
3.97,3.9273333333333333,4.012666666666667,False,,False,0.010013068844893207,,0.00027340197704956646,-71.2639669849314,3.968,-0.002000000000000224,,False,0.0,,,,,False,,
3.98,3.937333333333333,4.022666666666667,False,,False,0.010006178555321888,,0.0002544318359314388,-71.88857096547952,3.978,-0.0019999999999997797,,False,0.0,,,,,False,,
3.99,3.9473333333333334,4.032666666666667,False,,False,0.010000046562429232,,0.00022247302515840403,-73.05445279344073,3.988,-0.002000000000000224,,False,0.0,,,,,False,,
4.0,3.957333333333333,4.042666666666666,False,,False,4.9837107341983255e-09,,0.0001928793043036778,-74.29428738168907,3.998,-0.0019999999999997797,,False,0.0,,,,,False,,
4.01,3.9673333333333334,4.052666666666667,False,,False,5.648213086123902e-10,,0.00018386200244714353,-74.71016028556005,4.008,-0.0019999999999997797,,False,0.0,,,,,False,,
4.02,3.977333333333333,4.062666666666667,False,,False,0.010000010210550685,,0.00018573404114013986,-74.62216983856457,4.018000000000001,-0.0019999999999988916,,False,0.0,,,,,False,,
4.03,3.9873333333333334,4.072666666666667,False,,False,0.010000026103999068,,0.0001703543709199194,-75.37293437816523,4.0280000000000005,-0.0019999999999997797,,False,0.0,,,,,False,,
4.04,3.997333333333333,4.082666666666666,False,,False,0.0100000050651548,,0.0001677782558643952,-75.50528649231707,4.038,-0.0019999999999997797,,False,0.0,,,,,False,,
4.05,4.007333333333333,4.092666666666666,False,,False,2.5823483863093785e-09,,0.0001555308026824737,-76.16367173271117,4.048000000000001,-0.0019999999999988916,,False,0.0,,,,,False,,
4.06,4.017333333333333,4.096,True,,False,8.220922889939957e-09,,0.0001581199445381612,-76.02026693322627,4.058000000000001,-0.0019999999999988916,,False,0.0,,,edge_window,,False,,
4.07,4.027333333333333,4.096,True,,False,1.8103692956349627e-09,,0.00015027506281549224,-76.46226163645446,4.0680000000000005,-0.0019999999999997797,,False,0.0,,,edge_window,,False,,
4.08,4.037333333333334,4.096,True,,False,0.010000001057626905,,0.0001354388471650387,-77.3651350306453,,,,,,,,edge_window,,False,,
4.09,4.0473333333333334,4.096,True,,False,0.010000201735824681,,0.0001434920323279889,-76.86344426599443,,,,,,,,edge_window,,False,,
