timestamp_s,window_start_s,window_end_s,edge_padded,f0_hz,voiced,voicing_probability,relative_pitch_semitones,rms_amplitude,rms_dbfs,praat_timestamp_s,praat_time_offset_s,praat_f0_hz,praat_voiced,praat_strength,absolute_difference_hz,signed_difference_semitones,flags,praat_relative_semitones,agreement_screen_pass,pyin_speaker_relative_st,praat_speaker_relative_st
0.0,0.0,0.042666666666666665,True,103.18106837793296,True,0.010000016226422836,-0.10000000000000259,0.021890710255314104,-33.194802945928224,,,,,,,,pyin_probability_below_0.5|edge_window,,False,-1.7000000000000013,
0.01,0.0,0.05266666666666667,True,102.5867891540234,True,0.010000127845232541,-0.19999999999999973,0.020943005459527417,-33.57921988119745,,,,,,,,pyin_probability_below_0.5|edge_window,,False,-1.799999999999999,
0.02,0.0,0.06266666666666666,True,101.99593272657759,True,0.010000127845232541,-0.30000000000000204,0.019486573539303435,-34.20529038419063,0.02400000000000013,0.0040000000000001285,,False,0.0,,,pyin_probability_below_0.5|voicing_disagreement|edge_window,,False,-1.9000000000000006,
0.03,0.0,0.07266666666666667,True,100.82440951919276,True,0.0100000470079773,-0.5000000000000001,0.018616411192356994,-34.60208074161235,0.03400000000000013,0.0040000000000001285,99.35427172573311,True,0.641843154804921,1.4701377934596422,0.2542926498605071,pyin_probability_below_0.5|edge_window,-1.143390057577042,False,-2.0999999999999996,-2.684660139257781
0.04,0.0,0.08266666666666667,True,100.82440951919276,True,0.01000020633903134,-0.5000000000000001,0.01785977428901156,-34.962480680121004,0.04400000000000013,0.0040000000000001285,99.84845135224901,True,0.5825074073600666,0.9759581669437409,0.16839599768097013,pyin_probability_below_0.5|edge_window,-1.0574934053975051,False,-2.0999999999999996,-2.598763487078245
0.05,0.007333333333333333,0.09266666666666666,False,98.52157682317586,True,0.01000123296498612,-0.9000000000000026,0.017354652615207716,-35.21168150191801,0.05400000000000013,0.0040000000000001285,90.31117715377519,True,0.4700987081278121,8.210399669400672,1.506422010876507,pyin_probability_below_0.5|pitch_difference_over_1_semitone,-2.7955194185930465,False,-2.5000000000000013,-4.336789500273786
0.06,0.017333333333333333,0.10266666666666667,False,97.95413429584742,True,0.010824463728234169,-1.0000000000000013,0.015184284760977659,-36.372113204550594,0.06400000000000013,0.0040000000000001285,92.92095301252662,True,0.4855349710907353,5.0331812833208005,0.9132292088198352,pyin_probability_below_0.5,-2.302326616536373,False,-2.6000000000000005,-3.843596698217112
0.07,0.027333333333333334,0.11266666666666666,False,99.09230651162453,True,0.010824463728234167,-0.8000000000000008,0.01469600301171455,-36.65601535400838,0.07400000000000014,0.0040000000000001285,93.94024998131633,True,0.513793800081134,5.152056530308201,0.9243554251822714,pyin_probability_below_0.5,-2.113452832898808,False,-2.4000000000000004,-3.6547229145795486
0.08,0.037333333333333336,0.12266666666666666,False,97.3899599969843,True,0.010349055133375843,-1.0999999999999999,0.011481707196667794,-38.7998706517071,0.08400000000000013,0.0040000000000001285,96.11950187332847,True,0.6620861347123581,1.2704581236558283,0.2273265547739996,pyin_probability_below_0.5,-1.716423962490534,False,-2.699999999999999,-3.257694044171272
0.09,0.04733333333333333,0.13266666666666665,False,97.95413429584742,True,0.010259050559778863,-1.0000000000000013,0.010149443415534235,-39.8711554667197,0.09400000000000014,0.004000000000000142,98.85059558955344,True,0.8281709503779099,0.896461293706011,-0.15771928350352454,pyin_probability_below_0.5,-1.2313781242130113,False,-2.6000000000000005,-2.772648205893751
0.1,0.05733333333333333,0.14266666666666666,False,99.66634240352404,True,0.011085791888943373,-0.7000000000000002,0.010536407382045667,-39.546148921225175,0.10400000000000013,0.0040000000000001285,100.1324773047047,True,0.8262872546092874,0.46613490118065215,-0.08078026463907807,pyin_probability_below_0.5,-1.0083171430774567,False,-2.3,-2.5495872247581968
0.11,0.06733333333333333,0.15266666666666667,False,99.66634240352404,True,0.010349055133375844,-0.7000000000000002,0.012172606914878065,-38.29232804508862,0.11400000000000013,0.0040000000000001285,98.5046639784466,True,0.6848863139668512,1.1616784250774401,0.20297220234367627,pyin_probability_below_0.5,-1.2920696100602114,False,-2.3,-2.833339691740953
0.12,0.07733333333333334,0.16266666666666665,False,98.52157682317586,True,0.011422334250709074,-0.9000000000000026,0.012215208010275022,-38.26198266231609,0.12400000000000014,0.004000000000000142,108.3563656501722,True,0.41142152566942747,9.83478882699633,-1.6472674462695505,pyin_probability_below_0.5|pitch_difference_over_1_semitone,0.35817003855301077,False,-2.5000000000000013,-1.183100043127727
0.13,0.08733333333333333,0.17266666666666666,False,97.95413429584742,True,0.010349055133375844,-1.0000000000000013,0.012165546192956707,-38.297367758071175,0.13400000000000012,0.004000000000000115,102.17308324525966,True,0.7331511816653082,4.218948949412237,-0.7300426668812091,pyin_probability_below_0.5,-0.6590547408353289,False,-2.6000000000000005,-2.2003248225160674
0.14,0.09733333333333333,0.18266666666666667,False,99.09230651162453,True,0.010191075496968311,-0.8000000000000008,0.011846953758616375,-38.52786613383347,0.14400000000000013,0.004000000000000115,96.84798704628079,True,0.6294894476969763,2.244319465343736,0.3966118593433058,pyin_probability_below_0.5,-1.5857092670598407,False,-2.4000000000000004,-3.126979348740582
0.15,0.10733333333333334,0.19266666666666668,False,97.3899599969843,True,0.01010197459374499,-1.0999999999999999,0.011258785617421187,-38.970169006913295,0.15400000000000014,0.004000000000000142,89.6794321977897,True,0.4588286393250851,7.710527799194608,1.4279508921085684,pyin_probability_below_0.5|pitch_difference_over_1_semitone,-2.917048299825104,False,-2.699999999999999,-4.458318381505846
0.16,0.11733333333333333,0.20266666666666666,False,97.95413429584742,True,0.010073751764282884,-1.0000000000000013,0.010829441067950463,-39.30787915441691,0.16400000000000015,0.004000000000000142,89.81525882765153,True,0.5131952349736477,8.138875468195891,1.5017498128535913,pyin_probability_below_0.5|pitch_difference_over_1_semitone,-2.8908472205701288,False,-2.6000000000000005,-4.432117302250868
0.17,0.12733333333333333,0.21266666666666667,False,96.82903510297565,True,0.010191075496968311,-1.2000000000000002,0.01087000524185237,-39.27540492966875,0.17400000000000013,0.004000000000000115,100.24369196911535,True,0.5625136494732557,3.414656866139694,-0.5999979824197921,pyin_probability_below_0.5,-0.9890994252967427,False,-2.8,-2.5303695069774825
0.18,0.13733333333333334,0.22266666666666668,False,94.61745688474217,True,0.010467533617069905,-1.6000000000000023,0.010942255968771965,-39.21786260249441,0.18400000000000014,0.004000000000000142,,False,0.0,,,pyin_probability_below_0.5|voicing_disagreement,,False,-3.2000000000000006,
0.19,0.14733333333333334,0.23266666666666666,False,93.53068270070331,True,0.010052967545965857,-1.799999999999999,0.009634862650621618,-40.323089440621615,0.19400000000000014,0.004000000000000142,,False,0.0,,,pyin_probability_below_0.5|voicing_disagreement,,False,-3.3999999999999986,
0.2,0.15733333333333333,0.24266666666666667,False,94.61745688474217,True,0.011085791888943373,-1.6000000000000023,0.0073091008828779355,-42.72272087567437,0.20400000000000013,0.004000000000000115,,False,0.0,,,pyin_probability_below_0.5|voicing_disagreement,,False,-3.2000000000000006,
0.21,0.16733333333333333,0.25266666666666665,False,96.82903510297565,True,0.010467533617069905,-1.2000000000000002,0.007058766404838373,-43.02542379874392,0.21400000000000013,0.004000000000000142,,False,0.0,,,pyin_probability_below_0.5|voicing_disagreement,,False,-2.8,
0.22,0.17733333333333334,0.26266666666666666,False,95.71685877653417,True,0.011085791888943373,-1.4000000000000004,0.006329955336023607,-43.97198708681536,0.22400000000000014,0.004000000000000142,,False,0.0,,,pyin_probability_below_0.5|voicing_disagreement,,False,-2.9999999999999987,
0.23,0.18733333333333332,0.27266666666666667,False,95.71685877653417,True,0.013980210380185928,-1.4000000000000004,0.006330614779785794,-43.97108225303717,0.23400000000000012,0.004000000000000115,,False,0.0,,,pyin_probability_below_0.5|voicing_disagreement,,False,-2.9999999999999987,
0.24,0.19733333333333333,0.2826666666666667,False,95.71685877653417,True,0.026168028608935755,-1.4000000000000004,0.006363699284943074,-43.92580702040702,0.24400000000000013,0.004000000000000142,,False,0.0,,,pyin_probability_below_0.5|voicing_disagreement,,False,-2.9999999999999987,
0.25,0.20733333333333334,0.2926666666666667,False,95.16557023646565,True,0.026168028608935755,-1.5000000000000004,0.006234135488332786,-44.10447526609255,0.2540000000000001,0.004000000000000115,,False,0.0,,,pyin_probability_below_0.5|voicing_disagreement,,False,-3.0999999999999983,
0.26,0.21733333333333332,0.30266666666666664,False,96.82903510297565,True,0.026168028608935755,-1.2000000000000002,0.005498502293190973,-45.19511178967987,0.2640000000000001,0.004000000000000115,,False,0.0,,,pyin_probability_below_0.5|voicing_disagreement,,False,-2.8,
0.27,0.22733333333333333,0.31266666666666665,False,97.95413429584742,True,0.047686993082531035,-1.0000000000000013,0.0048248330469284235,-46.3303541979154,0.27400000000000013,0.004000000000000115,,False,0.0,,,pyin_probability_below_0.5|voicing_disagreement,,False,-2.6000000000000005,
0.28,0.23733333333333334,0.32266666666666666,False,98.52157682317586,True,0.09203757081218102,-0.9000000000000026,0.004580221539123551,-46.782270305023076,0.28400000000000014,0.004000000000000115,,False,0.0,,,pyin_probability_below_0.5|voicing_disagreement,,False,-2.5000000000000013,
0.29,0.24733333333333332,0.33266666666666667,False,97.95413429584742,True,0.026168028608935755,-1.0000000000000013,0.00402361506285774,-47.90767149380069,0.29400000000000015,0.00400000000000017,,False,0.0,,,pyin_probability_below_0.5|voicing_disagreement,,False,-2.6000000000000005,
0.3,0.25733333333333336,0.3426666666666667,False,95.71685877653417,True,0.013980210380185928,-1.4000000000000004,0.003622001223945066,-48.82102814530669,0.30400000000000016,0.00400000000000017,,False,0.0,,,pyin_probability_below_0.5|voicing_disagreement,,False,-2.9999999999999987,
0.31,0.2673333333333333,0.3526666666666667,False,95.71685877653417,True,0.010467533617069905,-1.4000000000000004,0.0032068506381192565,-49.878425344937334,0.3140000000000001,0.004000000000000115,,False,0.0,,,pyin_probability_below_0.5|voicing_disagreement,,False,-2.9999999999999987,
0.32,0.2773333333333333,0.3626666666666667,False,95.16557023646565,True,0.04069733156888105,-1.5000000000000004,0.0030446028653391614,-50.329386964660905,0.3240000000000001,0.004000000000000115,,False,0.0,,,pyin_probability_below_0.5|voicing_disagreement,,False,-3.0999999999999983,
0.33,0.28733333333333333,0.37266666666666665,False,95.16557023646565,True,0.17653060863289757,-1.5000000000000004,0.0028438841551726847,-50.921761968929424,0.33400000000000013,0.004000000000000115,,False,0.0,,,pyin_probability_below_0.5|voicing_disagreement,,False,-3.0999999999999983,
0.34,0.29733333333333334,0.38266666666666665,False,95.16557023646565,True,0.1279370863012904,-1.5000000000000004,0.0026886201742913523,-51.409410938506205,0.34400000000000014,0.004000000000000115,,False,0.0,,,pyin_probability_below_0.5|voicing_disagreement,,False,-3.0999999999999983,
0.35,0.30733333333333335,0.39266666666666666,False,96.27134089862668,True,0.05607139544589262,-1.3000000000000005,0.0025904811358985957,-51.73239131868543,0.35400000000000015,0.00400000000000017,,False,0.0,,,pyin_probability_below_0.5|voicing_disagreement,,False,-2.8999999999999995,
0.36,0.31733333333333336,0.4026666666666667,False,96.82903510297565,True,0.0229442191246386,-1.2000000000000002,0.0025381078922192325,-51.909798409211476,0.36400000000000016,0.00400000000000017,,False,0.0,,,pyin_probability_below_0.5|voicing_disagreement,,False,-2.8,
0.37,0.3273333333333333,0.4126666666666667,False,96.82903510297565,True,0.040697331568881064,-1.2000000000000002,0.0026730213056478155,-51.45995159263279,0.37400000000000017,0.00400000000000017,,False,0.0,,,pyin_probability_below_0.5|voicing_disagreement,,False,-2.8,
0.38,0.3373333333333333,0.4226666666666667,False,97.3899599969843,True,0.04768699308253104,-1.0999999999999999,0.002655479504997514,-51.51714092237257,0.3840000000000001,0.004000000000000115,,False,0.0,,,pyin_probability_below_0.5|voicing_disagreement,,False,-2.699999999999999,
0.39,0.3473333333333333,0.43266666666666664,False,97.3899599969843,True,0.018187375734912182,-1.0999999999999999,0.0024237211540084937,-52.31034693303101,0.39400000000000013,0.004000000000000115,,False,0.0,,,pyin_probability_below_0.5|voicing_disagreement,,False,-2.699999999999999,
0.4,0.35733333333333334,0.44266666666666665,False,97.3899599969843,True,0.026168028608935755,-1.0999999999999999,0.0019941054592666862,-54.00503755071316,0.40400000000000014,0.004000000000000115,,False,0.0,,,pyin_probability_below_0.5|voicing_disagreement,,False,-2.699999999999999,
0.41,0.36733333333333335,0.45266666666666666,False,96.27134089862668,True,0.09203757081218102,-1.3000000000000005,0.001912415331354068,-54.36835566664708,0.41400000000000015,0.00400000000000017,,False,0.0,,,pyin_probability_below_0.5|voicing_disagreement,,False,-2.8999999999999995,
0.42,0.37733333333333335,0.46266666666666667,False,96.82903510297565,True,0.047686993082531035,-1.2000000000000002,0.00193334482851809,-54.27381357885381,0.42400000000000015,0.00400000000000017,,False,0.0,,,pyin_probability_below_0.5|voicing_disagreement,,False,-2.8,
0.43,0.3873333333333333,0.4726666666666667,False,95.71685877653417,True,0.06608151270920701,-1.4000000000000004,0.001880301875463994,-54.5154484155388,0.43400000000000016,0.00400000000000017,,False,0.0,,,pyin_probability_below_0.5|voicing_disagreement,,False,-2.9999999999999987,
0.44,0.3973333333333333,0.4826666666666667,False,96.27134089862668,True,0.05607139544589262,-1.3000000000000005,0.001836902375444864,-54.71827848446867,0.4440000000000001,0.004000000000000115,,False,0.0,,,pyin_probability_below_0.5|voicing_disagreement,,False,-2.8999999999999995,
0.45,0.4073333333333333,0.49266666666666664,False,95.71685877653417,True,0.03010686179419501,-1.4000000000000004,0.001691526774380572,-55.434422471576035,0.4540000000000001,0.004000000000000115,,False,0.0,,,pyin_probability_below_0.5|voicing_disagreement,,False,-2.9999999999999987,
0.46,0.41733333333333333,0.5026666666666667,False,96.27134089862668,True,0.011853505394682272,-1.3000000000000005,0.0014013093717489408,-57.06931946971707,0.46400000000000013,0.004000000000000115,,False,0.0,,,pyin_probability_below_0.5|voicing_disagreement,,False,-2.8999999999999995,
0.47,0.42733333333333334,0.5126666666666667,False,95.71685877653417,True,0.010026300046694483,-1.4000000000000004,0.0009374133434143573,-60.561377377955154,0.47400000000000014,0.00400000000000017,,False,0.0,,,pyin_probability_below_0.5|voicing_disagreement,,False,-2.9999999999999987,
0.48,0.43733333333333335,0.5226666666666666,False,94.07250043362458,True,0.010000328581466248,-1.6999999999999988,0.0008438170764372271,-61.475033799812394,0.48400000000000015,0.00400000000000017,,False,0.0,,,pyin_probability_below_0.5|voicing_disagreement,,False,-3.299999999999999,
0.49,0.44733333333333336,0.5326666666666666,False,94.61745688474217,True,0.01025848968307717,-1.6000000000000023,0.0008068766689110719,-61.863856842228635,0.49400000000000016,0.00400000000000017,,False,0.0,,,pyin_probability_below_0.5|voicing_disagreement,,False,-3.2000000000000006,
0.5,0.4573333333333333,0.5426666666666666,False,96.27134089862668,True,0.010140046044704065,-1.3000000000000005,0.0008862559612735027,-61.04881661159125,0.5040000000000001,0.004000000000000115,,False,0.0,,,pyin_probability_below_0.5|voicing_disagreement,,False,-2.8999999999999995,
0.51,0.4673333333333333,0.5526666666666666,False,96.27134089862668,True,0.010259050176220336,-1.3000000000000005,0.0008002161509955835,-61.93585374753151,0.5140000000000001,0.004000000000000115,,False,0.0,,,pyin_probability_below_0.5|voicing_disagreement,,False,-2.8999999999999995,
0.52,0.47733333333333333,0.5626666666666666,False,94.07250043362458,True,0.011853503043799818,-1.6999999999999988,0.0007151975608054462,-62.91147950758006,0.5240000000000001,0.004000000000000115,,False,0.0,,,pyin_probability_below_0.5|voicing_disagreement,,False,-3.299999999999999,
0.53,0.48733333333333334,0.5726666666666667,False,94.07250043362458,True,0.011853505390136338,-1.6999999999999988,0.0006953034668029923,-63.15651210408531,0.5340000000000001,0.004000000000000115,,False,0.0,,,pyin_probability_below_0.5|voicing_disagreement,,False,-3.299999999999999,
0.54,0.49733333333333335,0.5826666666666667,False,94.07250043362458,True,0.015085262778640206,-1.6999999999999988,0.0006747886034240603,-63.41664521732626,0.5440000000000002,0.004000000000000115,,False,0.0,,,pyin_probability_below_0.5|voicing_disagreement,,False,-3.299999999999999,
0.55,0.5073333333333333,0.5926666666666667,False,93.53068270070331,True,0.015085543369787123,-1.799999999999999,0.0006765490891850762,-63.39401372593201,0.5540000000000002,0.004000000000000115,,False,0.0,,,pyin_probability_below_0.5|voicing_disagreement,,False,-3.3999999999999986,
0.56,0.5173333333333333,0.6026666666666667,False,93.53068270070331,True,0.013979948749263718,-1.799999999999999,0.0006672664351628888,-63.51401440962818,0.5640000000000002,0.004000000000000115,,False,0.0,,,pyin_probability_below_0.5|voicing_disagreement,,False,-3.3999999999999986,
0.57,0.5273333333333333,0.6126666666666667,False,93.53068270070331,True,0.013032851652931518,-1.799999999999999,0.0006527118691751279,-63.70556979693401,0.5740000000000002,0.004000000000000226,,False,0.0,,,pyin_probability_below_0.5|voicing_disagreement,,False,-3.3999999999999986,
0.58,0.5373333333333333,0.6226666666666667,False,90.86804572163626,True,0.010608387666034428,-2.3,0.0004956613886255343,-66.09629821499693,0.5840000000000002,0.004000000000000226,,False,0.0,,,pyin_probability_below_0.5|voicing_disagreement,,False,-3.8999999999999986,
0.59,0.5473333333333333,0.6326666666666667,False,91.92388155425118,True,0.01000297458900267,-2.0999999999999996,0.00035320567856960534,-69.03944645570478,0.5940000000000002,0.004000000000000226,,False,0.0,,,pyin_probability_below_0.5|voicing_disagreement,,False,-3.6999999999999984,
0.6,0.5573333333333333,0.6426666666666667,False,90.86804572163626,True,0.010003290895825353,-2.3,0.00029923193912004915,-70.47984106085111,0.6040000000000001,0.004000000000000115,,False,0.0,,,pyin_probability_below_0.5|voicing_disagreement,,False,-3.8999999999999986,
0.61,0.5673333333333334,0.6526666666666666,False,91.92388155425118,True,0.0100000040576608,-2.0999999999999996,0.0002897287058522752,-70.76016946937135,0.6140000000000001,0.004000000000000115,,False,0.0,,,pyin_probability_below_0.5|voicing_disagreement,,False,-3.6999999999999984,
0.62,0.5773333333333334,0.6626666666666666,False,,False,0.010000000003996621,,0.0005732957053146008,-64.8324262321903,0.6240000000000001,0.004000000000000115,,False,0.0,,,,,False,,
0.63,0.5873333333333334,0.6726666666666666,False,,False,7.63935447099992e-08,,0.0009696339105992989,-60.267844090275524,0.6340000000000001,0.004000000000000115,,False,0.0,,,,,False,,
0.64,0.5973333333333334,0.6826666666666666,False,111.2273533387383,True,0.011085791888943373,1.1999999999999993,0.001145229740808893,-58.822147643650155,0.6440000000000001,0.004000000000000115,,False,0.0,,,pyin_probability_below_0.5|voicing_disagreement,,False,-0.3999999999999969,
0.65,0.6073333333333333,0.6926666666666667,False,111.2273533387383,True,0.010191075496968289,1.1999999999999993,0.0014560629223870755,-56.736397139813555,0.6540000000000001,0.004000000000000115,,False,0.0,,,pyin_probability_below_0.5|voicing_disagreement,,False,-0.3999999999999969,
0.66,0.6173333333333333,0.7026666666666667,False,108.68691707750624,True,0.010000516719604524,0.8000000000000002,0.0021089725341886093,-53.51858152354124,0.6640000000000001,0.004000000000000115,,False,0.0,,,pyin_probability_below_0.5|voicing_disagreement,,False,-0.7999999999999968,
0.67,0.6273333333333333,0.7126666666666667,False,119.21052561660726,True,0.010000000021701592,2.399999999999998,0.0030053541317381885,-50.442086923153944,0.6740000000000002,0.004000000000000115,,False,0.0,,,pyin_probability_below_0.5|voicing_disagreement,,False,0.8000000000000002,
0.68,0.6373333333333333,0.7226666666666667,False,111.87168684176291,True,0.010013068846238975,1.2999999999999994,0.00483129255577648,-46.31873326594992,0.6840000000000002,0.004000000000000115,,False,0.0,,,pyin_probability_below_0.5|voicing_disagreement,,False,-0.30000000000000004,
0.69,0.6473333333333333,0.7326666666666667,False,111.2273533387383,True,0.010191075496968311,1.1999999999999993,0.007313960141094618,-42.716948215343216,0.6940000000000002,0.004000000000000226,,False,0.0,,,pyin_probability_below_0.5|voicing_disagreement,,False,-0.3999999999999969,
0.7,0.6573333333333333,0.7426666666666667,False,111.87168684176291,True,0.01646758759311301,1.2999999999999994,0.010219557988804685,-39.81135775364324,0.7040000000000002,0.004000000000000226,,False,0.0,,,pyin_probability_below_0.5|voicing_disagreement,,False,-0.30000000000000004,
0.71,0.6673333333333333,0.7526666666666667,False,111.87168684176291,True,0.056071395445892645,1.2999999999999994,0.012335400249350696,-38.17693508600736,0.7140000000000002,0.004000000000000226,110.07580086769607,True,0.9169190170067177,1.7958859740668345,0.2801713895930547,pyin_probability_below_0.5,0.6307312026904102,False,-0.30000000000000004,-0.9105388789903306
0.72,0.6773333333333333,0.7626666666666667,False,112.51975293079859,True,0.12793708630129036,1.3999999999999968,0.014217059323102629,-36.94380448818851,0.7240000000000002,0.004000000000000226,111.20109984494063,True,0.9227926238840618,1.3186530858579601,0.20408679212843264,pyin_probability_below_0.5,0.806815800155031,False,-0.19999999999999973,-0.7344542815257089
0.73,0.6873333333333334,0.7726666666666666,False,113.82716948276507,True,0.15046460134333878,1.599999999999999,0.016084627332993325,-35.87177993751502,0.7340000000000001,0.004000000000000115,111.78909561219916,True,0.9391973261047752,2.03807387056591,0.3127858584509451,pyin_probability_below_0.5,0.8981167338325182,False,0.0,-0.6431533478482198
0.74,0.6973333333333334,0.7826666666666666,False,114.4865635674993,True,0.10857977072874499,1.6999999999999993,0.017944245294876,-34.921496053010294,0.7440000000000001,0.004000000000000115,112.7303580934779,True,0.9681247426435083,1.7562054740213995,0.2676264812365712,pyin_probability_below_0.5,1.0432761110468947,False,0.10000000000000017,-0.4979939706338452
0.75,0.7073333333333334,0.7926666666666666,False,117.84127594565435,True,0.010824463728234169,2.199999999999996,0.021692696955678485,-33.27372901489684,0.7540000000000001,0.004000000000000115,114.35558338023928,True,0.9614730149181516,3.4856925654150643,0.5198177991007145,pyin_probability_below_0.5,1.2910847931827505,False,0.5999999999999976,-0.2501852884979907
0.76,0.7173333333333334,0.8026666666666666,False,123.4144757235675,True,0.010259050559778863,2.999999999999999,0.025078435447234426,-32.013991221122545,0.7640000000000001,0.004000000000000115,117.14391391450678,True,0.9536249550437563,6.270561809060723,0.9027554492153005,pyin_probability_below_0.5,1.7081471430681647,False,1.4000000000000004,0.16687706138742525
0.77,0.7273333333333334,0.8126666666666666,False,131.51052723924994,True,0.010259050559778863,4.100000000000001,0.02851028428362506,-30.899969044063962,0.7740000000000001,0.004000000000000115,122.87699082802857,True,0.8739849818958477,8.633536411221371,1.17556198696063,pyin_probability_below_0.5|pitch_difference_over_1_semitone,2.5353406053228342,False,2.500000000000002,0.9940705236420949
0.78,0.7373333333333333,0.8226666666666667,False,134.5844400993791,True,0.011085791888943373,4.500000000000003,0.030315712297072157,-30.366644462778755,0.7840000000000001,0.004000000000000115,132.2194125634581,True,0.8852363516902669,2.3650275359210013,0.3069313581408428,pyin_probability_below_0.5,3.803971234142627,False,2.9000000000000035,2.262701152461887
0.79,0.7473333333333333,0.8326666666666667,False,140.13768379557115,True,0.012403124793551348,5.1999999999999975,0.03495788321855121,-29.129097455727017,0.7940000000000002,0.004000000000000115,134.1532019493912,True,0.9003168981406353,5.9844818461799605,0.7555616104714298,pyin_probability_below_0.5,4.055340981812032,False,3.599999999999997,2.5140709001312915
0.8,0.7573333333333333,0.8426666666666667,False,141.7660052464835,True,0.04069733156888106,5.399999999999999,0.04024646657691459,-27.90544484679614,0.8040000000000002,0.004000000000000115,139.3465877861896,True,0.9330062950213487,2.4194174602939142,0.29800737604893357,pyin_probability_below_0.5,4.71289521623453,False,3.8000000000000007,3.171625134553791
0.81,0.7673333333333333,0.8526666666666667,False,144.24403136881983,True,0.1504646013433388,5.6999999999999975,0.04453894161231096,-27.025202148102668,0.8140000000000002,0.004000000000000115,143.7977206030259,True,0.9786514470145743,0.4463107657939247,0.05364979259228007,pyin_probability_below_0.5,5.25725279969118,False,4.099999999999998,3.7159827180104403
0.82,0.7773333333333333,0.8626666666666667,False,145.07962854192903,True,0.2796051653363589,5.799999999999998,0.04900390332117416,-26.19538651235565,0.8240000000000002,0.004000000000000226,145.2490811472807,True,0.9796086584928817,0.1694526053516654,-0.020208966155212185,pyin_probability_below_0.5,5.431111558438674,False,4.200000000000001,3.8898414767579355
0.83,0.7873333333333333,0.8726666666666667,False,145.9200662802185,True,0.42606232904328134,5.9,0.052157925795235684,-25.653593757177234,0.8340000000000002,0.004000000000000226,145.7461806679838,True,0.9668503766369613,0.17388561223469878,0.02064254821113236,pyin_probability_below_0.5,5.49026004407233,False,4.3000000000000025,3.9489899623915914
0.84,0.7973333333333333,0.8826666666666667,False,146.76537262479707,True,0.6860828109301791,6.000000000000002,0.05397641339570377,-25.355919533124055,0.8440000000000002,0.004000000000000226,146.69584117630328,True,0.9810752821895092,0.069531448493791,0.008203824403691704,,5.602698767879772,True,4.400000000000002,4.061428686199033
0.85,0.8073333333333333,0.8926666666666667,False,146.76537262479707,True,0.8266685594724996,6.000000000000002,0.0542622202938076,-25.31004879622092,0.8540000000000002,0.004000000000000226,147.6289288392808,True,0.9962125323305788,0.8635562144837365,-0.10156597477012491,,5.71246856705359,True,4.400000000000002,4.17119848537285
0.86,0.8173333333333334,0.9026666666666666,False,146.76537262479707,True,0.8266685594724995,6.000000000000002,0.055187582898466515,-25.163172534293913,0.8640000000000001,0.004000000000000115,147.57221458984375,True,0.9874744234463811,0.8068419650466865,-0.09491385684401116,,5.705816449127476,True,4.400000000000002,4.164546367446737
0.87,0.8273333333333334,0.9126666666666666,False,146.76537262479707,True,0.8266685594724994,6.000000000000002,0.0543191299103966,-25.30094390494135,0.8740000000000001,0.004000000000000115,147.21258415443035,True,0.9839798341696567,0.4472115296332788,-0.05267254953077139,,5.663575141814236,True,4.400000000000002,4.122305060133496
0.88,0.8373333333333334,0.9226666666666666,False,147.61557577921405,True,0.8266685594724995,6.099999999999998,0.05279635028625674,-25.547921968006996,0.8840000000000001,0.004000000000000115,146.5367137111117,True,0.9856614925599987,1.078862068102353,0.12699347843985745,,5.583909113843607,True,4.499999999999999,4.042639032162867
0.89,0.8473333333333334,0.9326666666666666,False,148.4707041104003,True,0.48498680771591135,6.199999999999999,0.048800168353134624,-26.23157359490019,0.8940000000000001,0.004000000000000115,148.28725005056842,True,0.9589154901964689,0.18345405983188812,0.02140478129236187,pyin_probability_below_0.5,5.789497810991105,False,4.600000000000001,4.248227729310363
0.9,0.8573333333333333,0.9426666666666667,False,148.4707041104003,True,0.2796051653363589,6.199999999999999,0.04672276243621055,-26.609429758265748,0.9040000000000001,0.004000000000000115,152.72273455017,True,0.9230987291773587,4.2520304397696975,-0.4888386010642418,pyin_probability_below_0.5,6.2997411933477085,False,4.600000000000001,4.7584711116669665
0.91,0.8673333333333333,0.9526666666666667,False,150.19585059339548,True,0.12793708630129033,6.399999999999999,0.04074750801267519,-27.797978923479914,0.9140000000000001,0.004000000000000115,156.13838738397732,True,0.8166327861175671,5.9425367905818405,-0.6717638153864018,pyin_probability_below_0.5,6.682666407669863,False,4.799999999999999,5.141396325989124
0.92,0.8773333333333333,0.9626666666666667,False,152.82122781686914,True,0.047686993082531035,6.700000000000001,0.038068508595072395,-28.38868274299702,0.9240000000000002,0.004000000000000115,156.1510104538013,True,0.6636574355185415,3.3297826369321513,-0.37316338184278414,pyin_probability_below_0.5,6.684065974126249,False,5.100000000000001,5.142795892445509
0.93,0.8873333333333333,0.9726666666666667,False,156.39325469067515,True,0.04768699308253103,7.099999999999998,0.036099508243648805,-28.849974282398968,0.9340000000000002,0.004000000000000115,157.098546801642,True,0.619189690049024,0.7052921109668375,-0.0778985460763027,pyin_probability_below_0.5,6.7888011383597675,False,5.499999999999998,5.247531056679026
0.94,0.8973333333333333,0.9826666666666667,False,159.12696062960518,True,0.04069733156888106,7.399999999999999,0.03581057879625877,-28.919773191049334,0.9440000000000002,0.004000000000000226,161.37124172445627,True,0.4876009990915019,2.2442810948510896,-0.24246247413938438,pyin_probability_below_0.5,7.253365066422848,False,5.800000000000001,5.712094984742109
0.95,0.9073333333333333,0.9926666666666667,False,161.90845090664698,True,0.030106861794195007,7.699999999999999,0.03628277887901256,-28.805989159028385,0.9540000000000002,0.004000000000000226,162.4544573614336,True,0.7483980612313189,0.5460064547866352,-0.05828446066221403,pyin_probability_below_0.5,7.369187052945679,False,6.100000000000001,5.827916971264939
0.96,0.9173333333333333,1.0026666666666666,False,163.7897364863335,True,0.03489742801962526,7.899999999999999,0.04001210487368095,-27.95617203116544,0.9640000000000002,0.004000000000000226,161.81408425992396,True,0.9288285288122945,1.9756522264095508,0.2100932581938764,pyin_probability_below_0.5,7.300809334089589,False,6.300000000000001,5.759539252408847
0.97,0.9273333333333333,1.0126666666666666,False,161.90845090664698,True,0.10857977072874497,7.699999999999999,0.04583062250350262,-26.776884876487593,0.9740000000000002,0.004000000000000226,163.68602087918438,True,0.9594609200488103,1.7775699725374068,-0.18903393655980882,pyin_probability_below_0.5,7.499936528843272,False,6.100000000000001,5.958666447162532
0.98,0.9373333333333334,1.0226666666666666,False,160.97592684906726,True,0.1765306086328976,7.6,0.05016592605247949,-25.99182332716968,0.9840000000000001,0.004000000000000115,165.673647028252,True,0.9454874820394772,4.697720179184728,-0.4979901734944856,pyin_probability_below_0.5,7.708892765777952,False,6.000000000000002,6.167622684097211
0.99,0.9473333333333334,1.0326666666666666,False,158.21045677717683,True,0.20650679911775227,7.300000000000001,0.05746343464607175,-24.812168387188862,0.9940000000000001,0.004000000000000115,163.61401390558706,True,0.9053195184906514,5.4035571284102275,-0.5814164044348766,pyin_probability_below_0.5,7.492318996718343,False,5.700000000000003,5.951048915037601
1.0,0.9573333333333334,1.0426666666666666,False,156.39325469067515,True,0.1504646013433388,7.099999999999998,0.06196349718647939,-24.157281577479033,1.004,0.0040000000000000036,159.84698035947343,True,0.959352095865848,3.4537256687982847,-0.3781584091582366,pyin_probability_below_0.5,7.0890610014416975,False,5.499999999999998,5.547790919760961
1.01,0.9673333333333334,1.0526666666666666,False,152.82122781686914,True,0.04768699308253103,6.700000000000001,0.07138383646592301,-22.92800229902592,1.014,0.0040000000000000036,157.3978403223933,True,0.9728357045902626,4.576612505524167,-0.510849467703678,pyin_probability_below_0.5,6.821752059987144,False,5.100000000000001,5.280481978306403
1.02,0.9773333333333334,1.0626666666666666,False,151.06592630451914,True,0.04069733156888105,6.499999999999998,0.0740388965906536,-22.610801244131245,1.024,0.0040000000000000036,152.99128565602763,True,0.951638470630442,1.9253593515084901,-0.219254277626864,pyin_probability_below_0.5,6.330156869910326,False,4.899999999999999,4.788886788229586
1.03,0.9873333333333333,1.0726666666666667,False,150.19585059339548,True,0.03010686179419501,6.399999999999999,0.0759910727580583,-22.384748491131063,1.034,0.0040000000000000036,147.84836180048228,True,0.9684633822455371,2.3474887929131967,0.2727203818608628,pyin_probability_below_0.5,5.738182210422599,False,4.799999999999999,4.196912128741859
1.04,0.9973333333333333,1.0826666666666667,False,148.4707041104003,True,0.016467587593113005,6.199999999999999,0.0772712663526228,-22.239639406076613,1.044,0.0040000000000000036,144.27276629054734,True,0.9459005024571846,4.197937819852967,0.49655154393366785,pyin_probability_below_0.5,5.314351048349798,False,4.600000000000001,3.773080966669057
1.05,1.0073333333333334,1.0926666666666667,False,145.07962854192903,True,0.010349055133375844,5.799999999999998,0.0780664801416643,-22.15070803292239,1.054,0.0040000000000000036,140.16945667375143,True,0.8899770112307561,4.910171868177599,0.5960752845121241,pyin_probability_below_0.5,4.814827307771339,False,4.200000000000001,3.2735572260906
1.06,1.0173333333333334,1.1026666666666667,False,140.13768379557115,True,0.010349055133375844,5.1999999999999975,0.077106223539803,-22.258211339133197,1.064,0.0040000000000000036,133.19719822353025,True,0.8738932986240112,6.940485572040899,0.8793746479302198,pyin_probability_below_0.5,3.9315279443532427,False,3.599999999999997,2.390257862672504
1.07,1.0273333333333334,1.1126666666666667,False,136.14823596668148,True,0.010073751764282884,4.699999999999999,0.07585699835319247,-22.40008692484394,1.074,0.0040000000000000036,126.8263548539614,True,0.8907123934936346,9.321881112720078,1.2278846090612399,pyin_probability_below_0.5|pitch_difference_over_1_semitone,3.083017983222226,False,3.1000000000000023,1.5417479015414837
1.08,1.0373333333333334,1.1226666666666667,False,130.0,True,0.010259050559778863,3.9000000000000004,0.07350736896515216,-22.673382431789378,1.084,0.0040000000000000036,124.49803846262921,True,0.875643987532558,5.501961537370789,0.7486633351418877,pyin_probability_below_0.5,2.762239257141575,False,2.3000000000000003,1.220969175460834
1.09,1.0473333333333332,1.1326666666666667,False,125.57172276022992,True,0.012403124793551348,3.2999999999999976,0.07005675355855978,-23.090999836589926,1.094,0.0040000000000000036,122.3750799422209,True,0.816588919042874,3.1966428180090105,0.4464218517079729,pyin_probability_below_0.5,2.46448074057549,False,1.6999999999999993,0.9232106588947477
1.1,1.0573333333333332,1.1426666666666667,False,121.9969395672486,True,0.03010686179419501,2.799999999999997,0.06603874651355758,-23.604023574148396,1.104,0.0040000000000000036,117.99142604378939,True,0.8488527347265752,4.005513523459214,0.5779551355436974,pyin_probability_below_0.5,1.832947456739766,False,1.1999999999999993,0.2916773750590262
1.11,1.0673333333333332,1.1526666666666667,False,119.9011051661721,True,0.047686993082531035,2.4999999999999987,0.06097254602514324,-24.297313396073214,1.114,0.0040000000000000036,116.84837477060209,True,0.9078743575600127,3.052730395570009,0.4464874630951277,pyin_probability_below_0.5,1.6644151291883387,False,0.9000000000000021,0.12314504750759706
1.12,1.0773333333333333,1.1626666666666667,False,118.52392351256819,True,0.03489742801962526,2.3000000000000003,0.06019477282032629,-24.408824405359155,1.124,0.0040000000000000036,116.8431982211413,True,0.8234277740026601,1.6807252914268958,0.24725444143071387,pyin_probability_below_0.5,1.6636481508527514,False,0.7000000000000017,0.12237806917201444
1.13,1.0873333333333333,1.1726666666666667,False,116.48775344855382,True,0.047686993082531035,2.0000000000000004,0.05816174912351287,-24.70725082452532,1.1340000000000001,0.004000000000000226,116.02016536292578,True,0.8146957203566992,0.4675880856280372,0.06963251060272455,pyin_probability_below_0.5,1.5412700816807388,False,0.4000000000000011,0.0
1.14,1.0973333333333333,1.1826666666666668,False,114.4865635674993,True,0.030106861794195007,1.6999999999999993,0.05282003666524891,-25.544026033233255,1.1440000000000001,0.004000000000000226,112.67113850276414,True,0.8462347805289482,1.815425064735166,0.27672340168497983,pyin_probability_below_0.5,1.034179190598485,False,0.10000000000000017,-0.5070908910822529
1.15,1.1073333333333333,1.1926666666666668,False,113.17157322849613,True,0.011085791888943373,1.499999999999997,0.049162471799954255,-26.16732579394865,1.1540000000000001,0.004000000000000226,110.2241715956322,True,0.8585901938549814,2.9474016328639294,0.4568518683009654,pyin_probability_below_0.5,0.6540507239824997,False,-0.10000000000000067,-0.8872193576982421
1.16,1.1173333333333333,1.2026666666666668,False,109.31653398298289,True,0.010073751764282882,0.8999999999999985,0.04640979995748933,-26.667806070768624,1.1640000000000001,0.004000000000000226,109.03693283147194,True,0.7919843426053479,0.27960115151094556,0.04433685485102966,pyin_probability_below_0.5,0.46656573743243623,False,-0.7000000000000002,-1.0747043442483037
1.17,1.1273333333333333,1.2126666666666666,False,104.37997464223893,True,0.010349055133375844,0.09999999999999636,0.043374492167935305,-27.255311938524926,1.1740000000000002,0.004000000000000226,104.04690349511846,True,0.7860457292924276,0.3330711471204779,0.05533111723866603,pyin_probability_below_0.5,-0.3444285249552038,False,-1.5000000000000004,-1.8856986066359438
1.18,1.1373333333333333,1.2226666666666666,False,103.77879022636449,True,0.015085587297504338,0.0,0.042430176463768,-27.446503240660455,1.184,0.0040000000000000036,100.77114462558548,True,0.914999102076948,3.007645600779014,0.5091484159925929,pyin_probability_below_0.5,-0.8982458237091271,False,-1.5999999999999979,-2.4395159053898667
1.19,1.1473333333333333,1.2326666666666666,False,103.18106837793296,True,0.01508558729750434,-0.10000000000000259,0.04364988127417891,-27.200338664386592,1.194,0.0040000000000000036,100.53484340708306,True,0.955602020209267,2.6462249708499,0.4497923041552966,pyin_probability_below_0.5,-0.9388897118718341,False,-1.7000000000000013,-2.4801597935525734
1.2,1.1573333333333333,1.2426666666666666,False,103.18106837793296,True,0.020317628556360583,-0.10000000000000259,0.044885714161531025,-26.957837210236903,1.204,0.0040000000000000036,101.34056368628293,True,0.9004381578416828,1.8405046916500254,0.3115983747254547,pyin_probability_below_0.5,-0.8006957824419919,False,-1.7000000000000013,-2.3419658641227326
1.21,1.1673333333333333,1.2526666666666666,False,102.5867891540234,True,0.0229442191246386,-0.19999999999999973,0.044564273504376625,-27.020263380754134,1.214,0.0040000000000000036,103.27879443883566,True,0.8655842544797666,0.6920052848122538,-0.11638930632261599,pyin_probability_below_0.5,-0.47270810139391944,False,-1.799999999999999,-2.0139781830746593
1.22,1.1773333333333333,1.2626666666666666,False,103.18106837793296,True,0.016467587593113005,-0.10000000000000259,0.046172411817983525,-26.71234878929574,1.224,0.0040000000000000036,107.2813410089419,True,0.8493417562750621,4.100272631008934,-0.6746506335621385,pyin_probability_below_0.5,0.185553225845602,False,-1.7000000000000013,-1.355716855835139
1.23,1.1873333333333334,1.2726666666666666,False,106.81974089615274,True,0.034897428019625254,0.5000000000000008,0.047917374265360496,-26.39013976116791,1.234,0.0040000000000000036,106.88930866500561,True,0.8740327275081824,0.06956776885287752,-0.01127122081700917,pyin_probability_below_0.5,0.12217381310047333,False,-1.0999999999999999,-1.4190962685802646
1.24,1.1973333333333334,1.2826666666666666,False,106.81974089615274,True,0.10857977072874499,0.5000000000000008,0.04900334223690847,-26.195485964513125,1.244,0.0040000000000000036,107.4269149303873,True,0.8981504684791914,0.6071740342345606,-0.098126448870469,pyin_probability_below_0.5,0.20902904115393234,False,-1.0999999999999999,-1.332241040526807
1.25,1.2073333333333334,1.2926666666666666,False,107.43854136004751,True,0.1765306086328976,0.5999999999999976,0.0499796461479955,-26.024136459396246,1.254,0.0040000000000000036,107.78180915240078,True,0.9263511726053011,0.34326779235327365,-0.055225018691962724,pyin_probability_below_0.5,0.26612761097542365,False,-1.0000000000000013,-1.2751424707053158
1.26,1.2173333333333334,1.3026666666666666,False,107.43854136004751,True,0.1504646013433388,0.5999999999999976,0.05066351006486844,-25.906094495016987,1.264,0.0040000000000000036,107.1347752767776,True,0.9386510049421035,0.30376608326990606,0.0490173285168971,pyin_probability_below_0.5,0.16188526376656692,False,-1.0000000000000013,-1.3793848179141759
1.27,1.2273333333333334,1.3126666666666666,False,106.81974089615274,True,0.1504646013433388,0.5000000000000008,0.05163240301508964,-25.741553241101798,1.274,0.0040000000000000036,107.09386551076321,True,0.9456918526307342,0.27412461461047144,-0.04437063487921587,pyin_probability_below_0.5,0.15527322716268172,False,-1.0999999999999999,-1.3859968545180599
1.28,1.2373333333333334,1.3226666666666667,False,106.81974089615274,True,0.10857977072874497,0.5000000000000008,0.05188569884359556,-25.699046588381037,1.284,0.0040000000000000036,106.61458706460243,True,0.8013012036621554,0.2051538315503052,0.0332813761733332,pyin_probability_below_0.5,0.07762121611013212,False,-1.0999999999999999,-1.4636488655706081
1.29,1.2473333333333334,1.3326666666666667,False,106.2045044606715,True,0.10857977072874497,0.4000000000000011,0.05178368189265641,-25.71614147708983,1.294,0.0040000000000000036,104.84956868912757,True,0.9373503671277935,1.3549357715439356,0.22228835800655344,pyin_probability_below_0.5,-0.2113857657230891,False,-1.199999999999998,-1.7526558474038292
1.3,1.2573333333333334,1.3426666666666667,False,105.59281152631061,True,0.1504646013433388,0.2999999999999983,0.05164651145336761,-25.739180165450474,1.304,0.0040000000000000036,104.83555874670506,True,0.9665825477609921,0.757252779605551,0.12460177810267212,pyin_probability_below_0.5,-0.21369918581920938,False,-1.3000000000000005,-1.7549692674999497
1.31,1.2673333333333334,1.3526666666666667,False,104.37997464223893,True,0.24075439447557428,0.09999999999999636,0.05091112335115226,-25.863746403458983,1.314,0.0040000000000000036,104.06626679394873,True,0.9233514578023345,0.3137078482902069,0.05210956213118509,pyin_probability_below_0.5,-0.34120696984772225,False,-1.5000000000000004,-1.8824770515284617
1.32,1.2773333333333334,1.3626666666666667,False,104.37997464223893,True,0.42606232904328145,0.09999999999999636,0.050488367562632676,-25.936173421900108,1.324,0.0040000000000000036,102.96011266573507,True,0.9335541919146509,1.4198619765038671,0.23711303067640332,pyin_probability_below_0.5,-0.5262104383929391,False,-1.5000000000000004,-2.0674805200736794
1.33,1.2873333333333334,1.3726666666666667,False,104.37997464223893,True,0.48498680771591135,0.09999999999999636,0.04932413501316455,-26.138810442773796,1.334,0.0040000000000000036,103.19365506970077,True,0.9552188652402681,1.1863195725381672,0.1978882579206857,pyin_probability_below_0.5,-0.48698566563722223,False,-1.5000000000000004,-2.0282557473179623
1.34,1.2973333333333332,1.3826666666666667,False,103.77879022636449,True,0.48498680771591135,0.0,0.048038340711330875,-26.36824003885398,1.344,0.0040000000000000036,103.49146572268756,True,0.9678593185237478,0.28732450367692763,0.0479978451556865,pyin_probability_below_0.5,-0.4370952528722238,False,-1.5999999999999979,-1.9783653345529641
1.35,1.3073333333333332,1.3926666666666667,False,103.77879022636449,True,0.48498680771591124,0.0,0.04660718410391375,-26.630942706452064,1.354,0.0040000000000000036,103.63232083664442,True,0.9793807504632146,0.1464693897200675,0.02445122978042419,pyin_probability_below_0.5,-0.4135486374969592,False,-1.5999999999999979,-1.9548187191776987
1.36,1.3173333333333332,1.4026666666666667,False,104.37997464223893,True,0.48498680771591135,0.09999999999999636,0.04502220649349856,-26.931464489478294,1.364,0.0040000000000000036,103.92458274750547,True,0.9700946822559847,0.45539189473346653,0.07569601162104803,pyin_probability_below_0.5,-0.36479341933758463,False,-1.5000000000000004,-1.9060635010183247
1.37,1.3273333333333333,1.4126666666666667,False,104.98464168400547,True,0.42606232904328145,0.20000000000000068,0.043641342073184444,-27.202038046176142,1.374,0.0040000000000000036,105.40976488255426,True,0.9533413316075909,0.4251231985487891,-0.06996276850002028,pyin_probability_below_0.5,-0.11913463921651515,False,-1.3999999999999984,-1.6604047208972554
1.38,1.3373333333333333,1.4226666666666667,False,105.59281152631061,True,0.24075439447557428,0.2999999999999983,0.042597910978512545,-27.412233967593608,1.3840000000000001,0.004000000000000226,106.09793239343804,True,0.9858783756417204,0.505120867127431,-0.08261902126935936,pyin_probability_below_0.5,-0.00647838644717676,False,-1.3000000000000005,-1.5477484681279166
1.39,1.3473333333333333,1.4326666666666668,False,107.43854136004751,True,0.1504646013433388,0.5999999999999976,0.04238798613381002,-27.45514432810705,1.3940000000000001,0.004000000000000226,106.29497954697707,True,0.9951897579758608,1.1435618130704341,0.1852579821357559,pyin_probability_below_0.5,0.02564461014770561,False,-1.0000000000000013,-1.5156254715330324
1.4,1.3573333333333333,1.4426666666666668,False,108.06092649856241,True,0.17653060863289757,0.699999999999998,0.04283751666136035,-27.36351427292326,1.4040000000000001,0.004000000000000226,107.80826255209209,True,0.9481402966370964,0.25266394647032087,0.04052645296655139,pyin_probability_below_0.5,0.2703761393169124,False,-0.9000000000000006,-1.2708939423638257
1.41,1.3673333333333333,1.4526666666666668,False,109.31653398298289,True,0.20650679911775224,0.8999999999999985,0.04366791593261193,-27.19675068896697,1.4140000000000001,0.004000000000000226,109.68667260101044,True,0.9173910723008653,0.37013861802755343,-0.05851943435314699,pyin_probability_below_0.5,0.5694220266366103,False,-0.7000000000000002,-0.9718480550441289
1.42,1.3773333333333333,1.4626666666666666,False,109.9497982220883,True,0.20650679911775227,0.9999999999999971,0.04521762436198277,-26.893845166033334,1.4240000000000002,0.004000000000000226,110.44812147525035,True,0.938591583548487,0.4983232531620416,-0.0782870958696735,pyin_probability_below_0.5,0.6891896881531349,False,-0.5999999999999991,-0.8520803935276025
1.43,1.3873333333333333,1.4726666666666666,False,110.58673092361124,True,0.2796051653363588,1.099999999999998,0.04638104684972658,-26.673189065694636,1.434,0.0040000000000000036,110.88469404776644,True,0.9643151953013978,0.29796312415520276,-0.0465833655248805,pyin_probability_below_0.5,0.7574859578083447,False,-0.5000000000000001,-0.7837841238723953
1.44,1.3973333333333333,1.4826666666666666,False,111.2273533387383,True,0.37213589829750876,1.1999999999999993,0.04745311315893439,-26.474705808718735,1.444,0.0040000000000000036,111.0417959371473,True,0.9704596798218303,0.18555740159099798,0.02890579888094001,pyin_probability_below_0.5,0.7819967934025274,False,-0.3999999999999969,-0.7592732882782128
1.45,1.4073333333333333,1.4926666666666666,False,111.2273533387383,True,0.42606232904328145,1.1999999999999993,0.04819296260485046,-26.340327502865485,1.454,0.0040000000000000036,111.99285932179605,True,0.9384775684066412,0.76550598305775,-0.11874150662310251,pyin_probability_below_0.5,0.9296440989065663,False,-0.3999999999999969,-0.611625982774173
1.46,1.4173333333333333,1.5026666666666666,False,111.87168684176291,True,0.48498680771591135,1.2999999999999994,0.04806329223427181,-26.3637296851213,1.464,0.0040000000000000036,111.9838124873176,True,0.9465158753111219,0.1121256455546984,-0.017342951338987663,pyin_probability_below_0.5,0.9282455436224513,False,-0.30000000000000004,-0.6130245380582873
1.47,1.4273333333333333,1.5126666666666666,False,111.87168684176291,True,0.5485250542599847,1.2999999999999994,0.04799243987987115,-26.376543409591203,1.474,0.0040000000000000036,111.39795485850452,True,0.9855393095849677,0.4737319832583893,0.0734665191439658,,0.8374360731394982,True,-0.30000000000000004,-0.7038340085412426
1.48,1.4373333333333334,1.5226666666666666,False,111.87168684176291,True,0.5485250542599847,1.2999999999999994,0.047284157256764485,-26.505686939362974,1.484,0.0040000000000000036,111.71282722711246,True,0.9847759203898145,0.15885961465045284,0.024601276285134605,,0.8863013159983291,True,-0.30000000000000004,-0.6549687656824119
1.49,1.4473333333333334,1.5326666666666666,False,111.87168684176291,True,0.5485250542599845,1.2999999999999994,0.0449984198288296,-26.9360547341238,1.494,0.0040000000000000036,112.24269632264323,True,0.9627402237873312,0.3710094808803177,-0.05731937624925415,,0.9682219685327165,True,-0.30000000000000004,-0.5730481131480218
1.5,1.4573333333333334,1.5426666666666666,False,111.87168684176291,True,0.48498680771591124,1.2999999999999994,0.04219564457571521,-27.494647489938018,1.504,0.0040000000000000036,112.4638808129165,True,0.935570492087208,0.5921939711535913,-0.09140135544529414,pyin_probability_below_0.5,1.0023039477287599,False,-0.30000000000000004,-0.5389661339519819
1.51,1.4673333333333334,1.5526666666666666,False,111.87168684176291,True,0.4849868077159113,1.2999999999999994,0.0389652384541787,-28.186453233604595,1.514,0.0040000000000000036,111.7397828704255,True,0.7510639235882451,0.13190397133740817,0.020424415005777827,pyin_probability_below_0.5,0.8904781772776882,False,-0.30000000000000004,-0.6507919044030516
1.52,1.4773333333333334,1.5626666666666666,False,111.87168684176291,True,0.3233360583906408,1.2999999999999994,0.035694435363274095,-28.94798967181265,1.524,0.0040000000000000036,108.2892094030307,True,0.4844985605220362,3.5824774387322122,0.5634655848901448,pyin_probability_below_0.5,0.3474370073933223,False,-0.30000000000000004,-1.1938330742874186
1.53,1.4873333333333334,1.5726666666666667,False,112.51975293079859,True,0.20650679911775227,1.3999999999999968,0.0312978833901985,-30.08970063759454,1.534,0.0040000000000000036,113.27290686884461,True,0.4445700373120221,0.7531539380460259,-0.11549450533059294,pyin_probability_below_0.5,1.1263970976140556,False,-0.19999999999999973,-0.4148729840666836
1.54,1.4973333333333334,1.5826666666666667,False,111.87168684176291,True,0.066081512709207,1.2999999999999994,0.02556643136114789,-31.84659775728479,1.544,0.0040000000000000036,115.88900959455846,True,0.7858113331040515,4.01732275279555,-0.6107855684854557,pyin_probability_below_0.5,1.5216881607689223,False,-0.30000000000000004,-0.019581920911819865
1.55,1.5073333333333334,1.5926666666666667,False,110.58673092361124,True,0.010824463728234169,1.099999999999998,0.01785829053605278,-34.96320231577067,1.554,0.0040000000000000036,113.14947179058197,True,0.7489554173616377,2.562740866970728,-0.3966187181604117,pyin_probability_below_0.5,1.1075213104438755,False,-0.5000000000000001,-0.4337487712368633
1.56,1.5173333333333334,1.6026666666666667,False,113.82716948276507,True,0.011085791888943373,1.599999999999999,0.009413302303842255,-40.525159878438785,1.564,0.0040000000000000036,111.79901421123196,True,0.8552648525600002,2.028155271533109,0.3112498719094918,pyin_probability_below_0.5,0.8996527203739716,False,0.0,-0.6416173613067664
1.57,1.5273333333333334,1.6126666666666667,False,112.51975293079859,True,0.011853505394683411,1.3999999999999968,0.007996371619039466,-41.942140618372235,1.574,0.0040000000000000036,111.82991390726266,True,0.9191983192638045,0.6898390235359244,0.10646564236774961,pyin_probability_below_0.5,0.9044369499157121,False,-0.19999999999999973,-0.6368331317650265
1.58,1.5373333333333334,1.6226666666666667,False,112.51975293079859,True,0.010000000101429395,1.3999999999999968,0.011717840790169428,-38.62304814060077,1.584,0.0040000000000000036,110.51118224624621,True,0.9032716048539471,2.0085706845523816,0.31183117885026435,pyin_probability_below_0.5,0.6990714134332012,False,-0.19999999999999973,-0.8421986682475402
1.59,1.5473333333333332,1.6326666666666667,False,110.58673092361124,True,0.010000000001606033,1.099999999999998,0.015599358225020654,-36.13786537273831,1.594,0.0040000000000000036,110.12154701570591,True,0.7348001713076912,0.4651839079053275,0.07297808858839205,pyin_probability_below_0.5,0.6379245036950703,False,-0.5000000000000001,-0.903345577985669
1.6,1.5573333333333332,1.6426666666666667,False,110.58673092361124,True,0.01000000000061386,1.099999999999998,0.019271044868146292,-34.30189474875069,1.604,0.0040000000000000036,,False,0.0,,,pyin_probability_below_0.5|voicing_disagreement,,False,-0.5000000000000001,
1.61,1.5673333333333332,1.6526666666666667,False,,False,0.0100000000000754,,0.021373293654744822,-33.40257094571184,1.614,0.0040000000000000036,,False,0.0,,,,,False,,
1.62,1.5773333333333333,1.6626666666666667,False,,False,0.01000000000061386,,0.022215431232689705,-33.066905041521096,1.624,0.0040000000000000036,,False,0.0,,,,,False,,
1.63,1.5873333333333333,1.6726666666666667,False,,False,0.01000000000061386,,0.022561155928709466,-32.93277305778157,1.6340000000000001,0.004000000000000226,,False,0.0,,,,,False,,
1.64,1.5973333333333333,1.6826666666666668,False,,False,0.01000000000061386,,0.02262112236945353,-32.90971701847852,1.6440000000000001,0.004000000000000226,,False,0.0,,,,,False,,
1.65,1.6073333333333333,1.6926666666666668,False,,False,0.010000000001606035,,0.023177101308615073,-32.6988176180028,1.6540000000000001,0.004000000000000226,,False,0.0,,,,,False,,
1.66,1.6173333333333333,1.7026666666666668,False,,False,0.010000000003996623,,0.025271365339199537,-31.94742587528429,1.6640000000000001,0.004000000000000226,,False,0.0,,,,,False,,
1.67,1.6273333333333333,1.7126666666666666,False,,False,0.010000078102280322,,0.028909127707856204,-30.779300247098746,1.6740000000000002,0.004000000000000226,,False,0.0,,,,,False,,
1.68,1.6373333333333333,1.7226666666666666,False,124.84848285663055,True,0.010140046044704067,3.2,0.03330629589162358,-29.549473280297164,1.6840000000000002,0.004000000000000226,,False,0.0,,,pyin_probability_below_0.5|voicing_disagreement,,False,1.6000000000000023,
1.69,1.6473333333333333,1.7326666666666666,False,127.76667781088264,True,0.011853505394683415,3.6000000000000005,0.037768811248960775,-28.457333682396403,1.694,0.0040000000000000036,117.63718078050194,True,0.5104940755455923,10.129497030380705,1.430010098804896,pyin_probability_below_0.5|pitch_difference_over_1_semitone,1.7808924934785697,False,2.0000000000000004,0.23962241179783134
1.7,1.6573333333333333,1.7426666666666666,False,132.2723599733492,True,0.013100262550513395,4.199999999999995,0.04520283086189232,-26.896687326249733,1.704,0.0040000000000000036,123.4330326333873,True,0.8364791169242821,8.839327339961912,1.197397068789562,pyin_probability_below_0.5|pitch_difference_over_1_semitone,2.6135055234938998,False,2.5999999999999974,1.0722354418131603
1.71,1.6673333333333333,1.7526666666666666,False,136.93693467412865,True,0.01646758759311301,4.799999999999996,0.0530326674063595,-25.509130568800096,1.714,0.0040000000000000036,128.44122439685523,True,0.9200305935627848,8.495710277273417,1.108839602093815,pyin_probability_below_0.5|pitch_difference_over_1_semitone,3.302062990189648,False,3.2,1.7607929085089067
1.72,1.6773333333333333,1.7626666666666666,False,138.52806521170294,True,0.0229442191246386,4.9999999999999964,0.0612568671644015,-24.256904358229857,1.724,0.0040000000000000036,133.48958721236184,True,0.929757123148004,5.038477999341097,0.641412963774625,pyin_probability_below_0.5,3.9694896285088346,False,3.3999999999999977,2.4282195468280943
1.73,1.6873333333333334,1.7726666666666666,False,138.52806521170294,True,0.047686993082531035,4.9999999999999964,0.07106858893634156,-22.96644614739013,1.734,0.0040000000000000036,137.73855376677082,True,0.9552418543695451,0.789511444932117,0.09895026924421235,pyin_probability_below_0.5,4.511952323039248,False,3.3999999999999977,2.9706822413585092
1.74,1.6973333333333334,1.7826666666666666,False,138.52806521170294,True,0.12793708630129033,4.9999999999999964,0.07660086198375349,-22.315326865133475,1.744,0.0040000000000000036,138.88054801807274,True,0.9412355997747582,0.35248280636980667,-0.04399506975631592,pyin_probability_below_0.5,4.654897662039777,False,3.3999999999999977,3.1136275803590374
1.75,1.7073333333333334,1.7926666666666666,False,137.7302022667084,True,0.1504646013433388,4.900000000000001,0.08069549094824867,-21.86301463666251,1.754,0.0040000000000000036,139.49454836961806,True,0.9113044961627521,1.7643461029096557,-0.22036540979779726,pyin_probability_below_0.5,4.731268002081265,False,3.3000000000000034,3.189997920400525
1.76,1.7173333333333334,1.8026666666666666,False,137.7302022667084,True,0.10857977072874497,4.900000000000001,0.0881861778958926,-21.091989597580216,1.764,0.0040000000000000036,138.70336068427275,True,0.8888129471326406,0.9731584175643491,-0.12189344373380208,pyin_probability_below_0.5,4.632796036017269,False,3.3000000000000034,3.091525954336527
1.77,1.7273333333333334,1.8126666666666666,False,136.93693467412865,True,0.06608151270920701,4.799999999999996,0.0934914116073631,-20.584565656954933,1.774,0.0040000000000000036,135.39330365047442,True,0.9029176066710132,1.5436310236542283,0.19626283328506394,pyin_probability_below_0.5,4.214639758998399,False,3.2,2.67336967731766
1.78,1.7373333333333334,1.8226666666666667,False,134.5844400993791,True,0.056071395445892624,4.500000000000003,0.09780776169541171,-20.19253359387295,1.784,0.0040000000000000036,134.04164062976517,True,0.9350666063091896,0.5427994696139251,0.06996447999552723,pyin_probability_below_0.5,4.04093811228794,False,2.9000000000000035,2.4996680306072006
1.79,1.7473333333333334,1.8326666666666667,False,132.2723599733492,True,0.06608151270920701,4.199999999999995,0.10144828560475498,-19.87510575599089,1.794,0.0040000000000000036,132.5785195221406,True,0.9532959959859828,0.30615954879138485,-0.040025094303108584,pyin_probability_below_0.5,3.850927686586571,False,2.5999999999999974,2.309657604905829
1.8,1.7573333333333334,1.8426666666666667,False,132.2723599733492,True,0.09203757081218102,4.199999999999995,0.098919793322248,-20.094335994031425,1.804,0.0040000000000000036,131.34719396486977,True,0.9570666986501533,0.9251660084794366,0.12151492153626241,pyin_probability_below_0.5,3.689387670747198,False,2.5999999999999974,2.1481175890664588
1.81,1.7673333333333334,1.8526666666666667,False,131.51052723924994,True,0.15046460134333883,4.100000000000001,0.09657361291963615,-20.302830417620715,1.814,0.0040000000000000036,130.15559159013452,True,0.9457935720261704,1.3549356491154185,0.1792919699277462,pyin_probability_below_0.5,3.5316106223557204,False,2.500000000000002,1.9903405406749815
1.82,1.7773333333333334,1.8626666666666667,False,130.75308233882095,True,0.20650679911775227,4.0,0.09382438581634606,-20.553685396799025,1.824,0.0040000000000000036,128.67410377103974,True,0.8131698866207328,2.0789785677812063,0.2774786704033806,pyin_probability_below_0.5,3.3334239218800814,False,2.4000000000000012,1.7921538401993429
1.83,1.7873333333333334,1.8726666666666667,False,130.75308233882095,True,0.2796051653363589,4.0,0.09117291035398849,-20.802683635058912,1.834,0.0040000000000000036,128.62839869126006,True,0.701503532284461,2.124683647560886,0.28362911125840085,pyin_probability_below_0.5,3.327273481025065,False,2.4000000000000012,1.7860033993443258
1.84,1.7973333333333332,1.8826666666666667,False,130.0,True,0.2796051653363589,3.9000000000000004,0.08759654998810652,-21.150259965824073,1.844,0.0040000000000000036,129.862119152596,True,0.8315986734768248,0.13788084740400564,0.01837159189796659,pyin_probability_below_0.5,3.4925310003854966,False,2.3000000000000003,1.9512609187047563
1.85,1.8073333333333332,1.8926666666666667,False,129.25125509628117,True,0.24075439447557428,3.8000000000000007,0.08337759121567552,-21.57901311651665,1.854,0.0040000000000000036,128.60093592698846,True,0.9619547260831145,0.6503191692927146,0.08732577150438146,pyin_probability_below_0.5,3.323576820779085,False,2.200000000000003,1.7823067390983456
1.86,1.8173333333333332,1.9026666666666667,False,129.25125509628117,True,0.12793708630129033,3.8000000000000007,0.07528564048275319,-22.4657570108593,1.864,0.0040000000000000036,129.53218499190118,True,0.9723142738919578,0.28092989562000525,-0.03758784500169152,pyin_probability_below_0.5,3.4484904372851592,False,2.200000000000003,1.9072203556044167
1.87,1.8273333333333333,1.9126666666666667,False,132.2723599733492,True,0.09203757081218102,4.199999999999995,0.0679486641034732,-23.35638154483817,1.874,0.0040000000000000036,130.25099975312352,True,0.9835658727060452,2.021360220225688,0.26660612608145595,pyin_probability_below_0.5,3.544296466202006,False,2.5999999999999974,2.0030263845212652
1.88,1.8373333333333333,1.9226666666666667,False,131.51052723924994,True,0.07797523762294818,4.100000000000001,0.07087952995790794,-22.989583423256374,1.8840000000000001,0.004000000000000226,131.20930348573455,True,0.9784044247318392,0.3012237535153872,0.03969925266399459,pyin_probability_below_0.5,3.671203339619475,False,2.500000000000002,2.129933257938734
1.89,1.8473333333333333,1.9326666666666668,False,133.03860595958074,True,0.05607139544589264,4.299999999999999,0.06857039754267381,-23.27726665336741,1.8940000000000001,0.004000000000000226,133.23440605178652,True,0.8562830569059121,0.1958000922057863,-0.02546077388567409,pyin_probability_below_0.5,3.9363633661691377,False,2.7,2.3950932844883974
1.9,1.8573333333333333,1.9426666666666668,False,133.80929076365396,True,0.0229442191246386,4.399999999999999,0.06682303317458334,-23.501476302456084,1.9040000000000001,0.004000000000000226,137.36246144343306,True,0.6228245143996125,3.5531706797791003,-0.45371408272910185,pyin_probability_below_0.5,4.464616675012566,False,2.8000000000000003,2.923346593331825
1.91,1.8673333333333333,1.9526666666666668,False,136.14823596668148,True,0.01398021038018593,4.699999999999999,0.07131341829337541,-22.936574916991752,1.9140000000000001,0.004000000000000226,134.3588867109985,True,0.6318652490364549,1.7893492556829926,0.22903851915781337,pyin_probability_below_0.5,4.081864073125652,False,3.1000000000000023,2.5405939914449123
1.92,1.8773333333333333,1.9626666666666666,False,137.7302022667084,True,0.01646758759311301,4.900000000000001,0.07098029353886837,-22.97724417921424,1.9240000000000002,0.004000000000000226,135.63137210505462,True,0.6975490152875412,2.0988301616537797,0.2658484572188942,pyin_probability_below_0.5,4.245054135064571,False,3.3000000000000034,2.703784053383832
1.93,1.8873333333333333,1.9726666666666666,False,138.52806521170294,True,0.016467587593113002,4.9999999999999964,0.06814211125128196,-23.331688295733457,1.9340000000000002,0.004000000000000226,140.41600023065354,True,0.5756782469145727,1.8879350189506,-0.23434858098983555,pyin_probability_below_0.5,4.845251173273298,False,3.3999999999999977,3.303981091592557
1.94,1.8973333333333333,1.9826666666666666,False,139.33055012971812,True,0.015085587297504338,5.100000000000001,0.06513142479235318,-23.724188424944977,1.944,0.0040000000000000036,143.68760298048167,True,0.86991713874867,4.3570528507635515,-0.5330876599845692,pyin_probability_below_0.5,5.243990252268034,False,3.500000000000001,3.702720170587294
1.95,1.9073333333333333,1.9926666666666666,False,139.33055012971812,True,0.020317628556360583,5.100000000000001,0.06148656334772813,-24.224395603679355,1.954,0.0040000000000000036,142.84945162281778,True,0.8782979876925343,3.518901493099662,-0.4318064969486679,pyin_probability_below_0.5,5.142709089232131,False,3.500000000000001,3.6014390075513925
1.96,1.9173333333333333,2.002666666666667,False,140.9494931391844,True,0.04069733156888106,5.299999999999999,0.054850772464593946,-25.216345037355744,1.964,0.0040000000000000036,143.31524152741127,True,0.7609639038869944,2.3657483882268764,-0.2881650956157302,pyin_probability_below_0.5,5.199067687899195,False,3.7000000000000015,3.6577976062184545
1.97,1.9273333333333333,2.0126666666666666,False,144.24403136881983,True,0.12793708630129036,5.6999999999999975,0.04944833229581893,-26.11696701841861,1.974,0.0040000000000000036,142.50754808107175,True,0.7908998616896986,1.7364832877480865,0.20967945481215144,pyin_probability_below_0.5,5.101223137471312,False,4.099999999999998,3.559953055790572
1.98,1.9373333333333334,2.022666666666667,False,142.58724736030138,True,0.32333605839064083,5.5,0.04560422244697283,-26.81989889209565,1.984,0.0040000000000000036,138.33243915065614,True,0.8311829371070281,4.254808209645233,0.5244653570152157,pyin_probability_below_0.5,4.586437235268249,False,3.9000000000000004,3.0451671535875082
1.99,1.9473333333333334,2.0326666666666666,False,142.58724736030138,True,0.1504646013433388,5.5,0.036850508991200556,-28.67113018294087,1.994,0.0040000000000000036,140.48693450228905,True,0.8609383538763695,2.1003128580123303,0.2569079127147861,pyin_probability_below_0.5,4.853994679568681,False,3.9000000000000004,3.3127245978879394
2.0,1.9573333333333334,2.042666666666667,False,141.7660052464835,True,0.03010686179419501,5.399999999999999,0.027173586082586885,-31.317060884119936,2.004,0.0040000000000000036,142.460789749992,True,0.9350538258764418,0.6947845035084868,-0.0846392392444966,pyin_probability_below_0.5,5.095541831527961,False,3.8000000000000007,3.5542717498472207
2.01,1.9673333333333334,2.0526666666666666,False,140.9494931391844,True,0.04069733156888105,5.299999999999999,0.022482430022902265,-32.9631349932859,2.0140000000000002,0.004000000000000448,141.9548634184685,True,0.8225532503997263,1.005370279284108,-0.12304784611817209,pyin_probability_below_0.5,5.033950438401637,False,3.7000000000000015,3.492680356720895
2.02,1.9773333333333334,2.062666666666667,False,136.93693467412865,True,0.011422334250709074,4.799999999999996,0.023720209633705146,-32.49762954194044,2.024,0.0040000000000000036,140.9257228605342,True,0.7634574915486392,3.988788186405543,-0.4970801323765483,pyin_probability_below_0.5,4.90798272466001,False,3.2,3.3667126429792713
2.03,1.9873333333333334,2.0726666666666667,False,127.76667781088264,True,0.010052967545965857,3.6000000000000005,0.02854845368446173,-30.888348203348663,2.0340000000000003,0.004000000000000448,139.3338298914779,True,0.7608168047672957,11.567152080595264,-1.500407517834264,pyin_probability_below_0.5|pitch_difference_over_1_semitone,4.711310110117728,False,2.0000000000000004,3.1700400284369876
2.04,1.9973333333333334,2.082666666666667,False,122.70366064862014,True,0.011085791888943373,2.899999999999997,0.0313022604214639,-30.088485994679665,2.044,0.0040000000000000036,136.92122471383672,True,0.7006010964348687,14.217564065216578,-1.8980137441763656,pyin_probability_below_0.5|pitch_difference_over_1_semitone,4.408916336459828,False,1.2999999999999994,2.8676462547790895
2.05,2.0073333333333334,2.0926666666666667,False,121.29428889978496,True,0.011085791888943371,2.6999999999999966,0.031857417593588275,-29.93578863241124,2.0540000000000003,0.004000000000000448,127.64364335445643,True,0.7304617407486863,6.34935445467147,-0.8833208418769374,pyin_probability_below_0.5,3.1942234341604028,False,1.099999999999998,1.6529533524796607
2.06,2.017333333333333,2.1026666666666665,False,121.29428889978496,True,0.010349055133375844,2.6999999999999966,0.03305165504217505,-29.61613577186485,2.064,0.0040000000000000036,122.16786559346477,True,0.8320056343743749,0.8735766936798086,-0.12423879269584465,pyin_probability_below_0.5,2.4351413849793095,False,1.099999999999998,0.8938713032985703
2.07,2.0273333333333334,2.1126666666666667,False,121.29428889978496,True,0.010467533617069907,2.6999999999999966,0.034587367792034675,-29.221649758204965,2.074,0.0040000000000000036,118.73451782284477,True,0.8070571051319722,2.5597710769401942,0.3692665825344879,pyin_probability_below_0.5,1.941636009748976,False,1.099999999999998,0.40036592806823734
2.08,2.037333333333333,2.1226666666666665,False,120.59568520237023,True,0.010259050559778863,2.6000000000000005,0.03578513211889206,-28.92594750059231,2.084,0.0040000000000000036,114.4395697671186,True,0.6657456365161109,6.156115435251635,0.9071077309760853,pyin_probability_below_0.5,1.303794861307379,False,1.0000000000000009,-0.2374752203733615
2.09,2.0473333333333334,2.1326666666666667,False,119.21052561660726,True,0.010140046044704068,2.399999999999998,0.03664243787643291,-28.720312795574316,2.094,0.0040000000000000036,109.52401600441148,True,0.5357509850329999,9.686509612195778,1.4671724415137941,pyin_probability_below_0.5|pitch_difference_over_1_semitone,0.5437301507696679,False,0.8000000000000002,-0.9975399309110726
2.1,2.0573333333333332,2.1426666666666665,False,117.84127594565435,True,0.010259050559778863,2.199999999999996,0.03649528233167937,-28.755265444974142,2.104,0.0040000000000000036,117.8020303621077,True,0.5084700352834018,0.03924558354664498,0.005766621781387776,pyin_probability_below_0.5,1.8051359705020726,False,0.5999999999999976,0.26386588882133266
2.11,2.0673333333333335,2.1526666666666667,False,112.51975293079859,True,0.010073751764282882,1.3999999999999968,0.033927704158969715,-29.388910549405477,2.114,0.0040000000000000036,110.69058954456438,True,0.542816962289814,1.8291633862342138,0.2837485745302559,pyin_probability_below_0.5,0.7271540177532074,False,-0.19999999999999973,-0.8141160639275307
2.12,2.0773333333333333,2.1626666666666665,False,105.59281152631061,True,0.010349055133375843,0.2999999999999983,0.029355845932079412,-30.646108005374963,2.124,0.0040000000000000036,104.1984370051058,True,0.7907317514678152,1.39437452120481,0.23013583385440078,pyin_probability_below_0.5,-0.3192332415709399,False,-1.3000000000000005,-1.8605033232516792
2.13,2.0873333333333335,2.1726666666666667,False,104.37997464223893,True,0.011422334250709074,0.09999999999999636,0.028048837014041893,-31.041702822812365,2.134,0.0040000000000000036,104.8392082866063,True,0.8531452957790462,0.4592336443673588,-0.07600088933609142,pyin_probability_below_0.5,-0.2130965183804447,False,-1.5000000000000004,-1.754366600061186
2.14,2.0973333333333333,2.1826666666666665,False,104.37997464223893,True,0.011085791888943373,0.09999999999999636,0.02877827818619246,-30.818703872063896,2.144,0.0040000000000000036,103.90775936313827,True,0.8887557193080505,0.4722152791006664,0.07849877230832614,pyin_probability_below_0.5,-0.36759618002486316,False,-1.5000000000000004,-1.9088662617056045
2.15,2.1073333333333335,2.1926666666666668,False,103.77879022636449,True,0.04069733156888105,0.0,0.028408534961785675,-30.931023248398027,2.154,0.0040000000000000036,102.25863204940578,True,0.9581848965866688,1.5201581769587165,0.2554678972671687,pyin_probability_below_0.5,-0.6445653049837025,False,-1.5999999999999979,-2.1858353866644427
2.16,2.1173333333333333,2.2026666666666666,False,102.5867891540234,True,0.03489742801962526,-0.19999999999999973,0.028303292925324266,-30.963260677427616,2.164,0.0040000000000000036,101.84841031892607,True,0.9449393946459875,0.7383788350973362,0.1250579295847265,pyin_probability_below_0.5,-0.7141553373012612,False,-1.799999999999999,-2.2554254189820013
2.17,2.1273333333333335,2.212666666666667,False,101.99593272657759,True,0.020317628556360583,-0.30000000000000204,0.027910226629508535,-31.084732740993847,2.174,0.0040000000000000036,103.08580743933732,True,0.6428011978078888,1.0898747127597233,-0.1840091637094331,pyin_probability_below_0.5,-0.5050882440071027,False,-1.9000000000000006,-2.046358325687843
2.18,2.1373333333333333,2.2226666666666666,False,101.99593272657759,True,0.04069733156888106,-0.30000000000000204,0.02828796300028566,-30.967966494187618,2.184,0.0040000000000000036,103.20328541925286,True,0.5298098927548086,1.207352692675272,-0.2037273076028726,pyin_probability_below_0.5,-0.4853701001136642,False,-1.9000000000000006,-2.026640181794404
2.19,2.1473333333333335,2.232666666666667,False,101.99593272657759,True,0.03489742801962526,-0.30000000000000204,0.02856320188561637,-30.883862210107598,2.194,0.0040000000000000036,101.07590320248087,True,0.7308834139798686,0.9200295240967193,0.15687033398306244,pyin_probability_below_0.5,-0.8459677416996009,False,-1.9000000000000006,-2.3872378233803415
2.2,2.1573333333333333,2.2426666666666666,False,102.5867891540234,True,0.012403124793551348,-0.19999999999999973,0.029228144457731874,-30.683975097125717,2.204,0.0040000000000000036,101.49873322062462,True,0.8570745424163879,1.0880559333987918,0.18459881960436345,pyin_probability_below_0.5,-0.7736962273208972,False,-1.799999999999999,-2.314966309001637
2.21,2.167333333333333,2.252666666666667,False,103.77879022636449,True,0.01014004604470407,0.0,0.03104717255660445,-30.159558891375603,2.214,0.0040000000000000036,101.94328050724168,True,0.8970452768478523,1.8355097191228111,0.3089392633670731,pyin_probability_below_0.5,-0.6980366710836087,False,-1.5999999999999979,-2.239306752764348
2.22,2.1773333333333333,2.2626666666666666,False,102.5867891540234,True,0.01010197459374499,-0.19999999999999973,0.03218012829881914,-29.848244574933624,2.224,0.0040000000000000036,102.69941760347707,True,0.7644135233867034,0.11262844945366624,-0.018996524825672774,pyin_probability_below_0.5,-0.5701008828908612,False,-1.799999999999999,-2.1113709645716017
2.23,2.187333333333333,2.272666666666667,False,102.5867891540234,True,0.010349055133375844,-0.19999999999999973,0.03344067438637944,-29.51449945759702,2.234,0.0040000000000000036,104.96585802553807,True,0.7788453367277111,2.3790688715146615,-0.39690223083664466,pyin_probability_below_0.5,-0.19219517687989157,False,-1.799999999999999,-1.7334652585606314
2.24,2.1973333333333334,2.2826666666666666,False,103.18106837793296,True,0.011422334250709073,-0.10000000000000259,0.03510908828318694,-29.09160896393821,2.244,0.0040000000000000036,105.02611008985522,True,0.5769930458555216,1.8450417119222635,-0.3068369372990943,pyin_probability_below_0.5,-0.1822604704174432,False,-1.7000000000000013,-1.7235305520981825
2.25,2.207333333333333,2.292666666666667,False,103.77879022636449,True,0.013980210380185928,0.0,0.03633245714615828,-28.79410460044877,2.254,0.0040000000000000036,101.59706513189828,True,0.650756559208954,2.1817250944662163,0.3678347538196751,pyin_probability_below_0.5,-0.7569321615362115,False,-1.5999999999999979,-2.2982022432169513
2.26,2.2173333333333334,2.3026666666666666,False,103.77879022636449,True,0.018187375734912185,0.0,0.037591516703137054,-28.498203029477548,2.2640000000000002,0.004000000000000448,103.22183052612952,True,0.8357299057696842,0.5569597002349695,0.09316203210680522,pyin_probability_below_0.5,-0.4822594398233411,False,-1.5999999999999979,-2.0235295215040803
2.27,2.227333333333333,2.312666666666667,False,103.77879022636449,True,0.026168028608935755,0.0,0.03877068514806673,-28.22993048313386,2.274,0.0040000000000000036,103.86899537211201,True,0.9294654317028844,0.09020514574751815,-0.015041453882371056,pyin_probability_below_0.5,-0.37405595383416307,False,-1.5999999999999979,-1.9153260355149022
2.28,2.2373333333333334,2.3226666666666667,False,103.77879022636449,True,0.026168028608935755,0.0,0.039918462493768195,-27.97652388844053,2.2840000000000003,0.004000000000000448,103.98696915261145,True,0.9396656749211639,0.20817892624695844,-0.03469354787892011,pyin_probability_below_0.5,-0.3544038598376158,False,-1.5999999999999979,-1.8956739415183552
2.29,2.247333333333333,2.332666666666667,False,103.18106837793296,True,0.066081512709207,-0.10000000000000259,0.0395002298051857,-28.06800755439042,2.294,0.0040000000000000036,104.01298299800723,True,0.9195881746928576,0.8319146200742722,-0.1390239387915641,pyin_probability_below_0.5,-0.35007346892497293,False,-1.7000000000000013,-1.8913435506057126
2.3,2.2573333333333334,2.3426666666666667,False,103.18106837793296,True,0.1279370863012904,-0.10000000000000259,0.03863567992880592,-28.260228808676622,2.3040000000000003,0.004000000000000448,102.73779430257787,True,0.8610765882996018,0.44327407535509167,0.07453541144521815,pyin_probability_below_0.5,-0.563632819161755,False,-1.7000000000000013,-2.1049029008424966
2.31,2.267333333333333,2.3526666666666665,False,103.18106837793296,True,0.12793708630129033,-0.10000000000000259,0.03731984280279764,-28.561203884803,2.314,0.0040000000000000036,101.48168836340405,True,0.8988201389262941,1.6993800145289129,0.2875063549243475,pyin_probability_below_0.5,-0.7766037626408855,False,-1.7000000000000013,-2.317873844321626
2.32,2.2773333333333334,2.3626666666666667,False,102.5867891540234,True,0.17653060863289757,-0.19999999999999973,0.03543878134067756,-29.010424418611095,2.3240000000000003,0.004000000000000448,101.64929699936111,True,0.9170804080768235,0.9374921546622943,0.1589366275811117,pyin_probability_below_0.5,-0.7480340352976449,False,-1.799999999999999,-2.2893041169783848
2.33,2.287333333333333,2.3726666666666665,False,102.5867891540234,True,0.2065067991177523,-0.19999999999999973,0.03393663091381248,-29.386625496210613,2.334,0.0040000000000000036,102.01667065344004,True,0.9142014076507184,0.5701185005833622,0.09648039340509904,pyin_probability_below_0.5,-0.6855778011216334,False,-1.799999999999999,-2.226847882802373
2.34,2.2973333333333334,2.3826666666666667,False,101.99593272657759,True,0.24075439447557426,-0.30000000000000204,0.032560753024433564,-29.746111196925412,2.344,0.0040000000000000036,102.59691647109973,True,0.9042368621623708,0.6009837445221393,-0.10170898133543929,pyin_probability_below_0.5,-0.5873884263810977,False,-1.9000000000000006,-2.128658508061837
2.35,2.3073333333333332,2.3926666666666665,False,101.99593272657759,True,0.2796051653363589,-0.30000000000000204,0.030684834836035874,-30.261524200080228,2.354,0.0040000000000000036,103.46968986504946,True,0.903212214688703,1.4737571384718677,-0.24835904546731186,pyin_probability_below_0.5,-0.44073836224922425,False,-1.9000000000000006,-1.9820084439299652
2.36,2.3173333333333335,2.4026666666666667,False,102.5867891540234,True,0.2796051653363589,-0.19999999999999973,0.028623970765072143,-30.86540240681292,2.364,0.0040000000000000036,103.95102586181208,True,0.8933454434231217,1.3642367077886774,-0.22870847050209842,pyin_probability_below_0.5,-0.36038893721443693,False,-1.799999999999999,-1.9016590188951767
2.37,2.3273333333333333,2.4126666666666665,False,103.18106837793296,True,0.2065067991177523,-0.10000000000000259,0.027005734228476228,-31.3708802135799,2.374,0.0040000000000000036,102.60505044403845,True,0.9377543429413729,0.5760179338945051,0.09691853562994088,pyin_probability_below_0.5,-0.5860159433464769,False,-1.7000000000000013,-2.1272860250272183
2.38,2.3373333333333335,2.4226666666666667,False,103.18106837793296,True,0.12793708630129036,-0.10000000000000259,0.02668681146124428,-31.474066251870273,2.384,0.0040000000000000036,103.0256730517352,True,0.9446626161486048,0.15539532619776253,0.026092816252328545,pyin_probability_below_0.5,-0.5151902239688654,False,-1.7000000000000013,-2.056460305649605
2.39,2.3473333333333333,2.4326666666666665,False,103.18106837793296,True,0.1279370863012904,-0.10000000000000259,0.026208204353312673,-31.63125467161539,2.394,0.0040000000000000036,103.03052899861895,True,0.9119916653544587,0.1505393793140115,0.025276846579635727,pyin_probability_below_0.5,-0.5143742542961732,False,-1.7000000000000013,-2.055644335976912
2.4,2.3573333333333335,2.4426666666666668,False,102.5867891540234,True,0.12793708630129036,-0.19999999999999973,0.024913667244999705,-32.071246808528954,2.404,0.0040000000000000036,104.79715707765165,True,0.8059164534534553,2.2103679236282403,-0.36905548312313274,pyin_probability_below_0.5,-0.22004192459340077,False,-1.799999999999999,-1.761312006274141
2.41,2.3673333333333333,2.4526666666666666,False,102.5867891540234,True,0.0779752376229482,-0.19999999999999973,0.023578157920981477,-32.549802556492004,2.414,0.0040000000000000036,102.50876070073264,True,0.7795449495061756,0.07802845329077002,0.013172935419236784,pyin_probability_below_0.5,-0.6022703431357725,False,-1.799999999999999,-2.1435404248165137
2.42,2.3773333333333335,2.462666666666667,False,102.5867891540234,True,0.047686993082531035,-0.19999999999999973,0.022042017936121427,-33.134972970992045,2.424,0.0040000000000000036,101.38118024359706,True,0.6990797070398216,1.2056089104263492,0.20466110528846104,pyin_probability_below_0.5,-0.7937585130049954,False,-1.799999999999999,-2.335028594685736
2.43,2.3873333333333333,2.4726666666666666,False,101.99593272657759,True,0.026168028608935755,-0.30000000000000204,0.02031496584273389,-33.84367807105822,2.434,0.0040000000000000036,97.09548634711874,True,0.5804345970415777,4.900446379458856,0.8524258455701037,pyin_probability_below_0.5,-1.5415232532866394,False,-1.9000000000000006,-3.0827933349673797
2.44,2.3973333333333335,2.482666666666667,False,101.99593272657759,True,0.013980210380185928,-0.30000000000000204,0.018666101537879825,-34.578927521443134,2.444,0.0040000000000000036,,False,0.0,,,pyin_probability_below_0.5|voicing_disagreement,,False,-1.9000000000000006,
2.45,2.4073333333333333,2.4926666666666666,False,101.40847938173854,True,0.016467587593113002,-0.4000000000000028,0.017034976991235084,-35.37316897375229,2.454,0.0040000000000000036,,False,0.0,,,pyin_probability_below_0.5|voicing_disagreement,,False,-2.0000000000000004,
2.46,2.417333333333333,2.502666666666667,False,97.3899599969843,True,0.010073751764282886,-1.0999999999999999,0.01338821383539994,-37.465547194895024,2.464,0.0040000000000000036,,False,0.0,,,pyin_probability_below_0.5|voicing_disagreement,,False,-2.699999999999999,
2.47,2.4273333333333333,2.5126666666666666,False,100.24370365151614,True,0.010000016226422838,-0.6000000000000031,0.008721628466258945,-41.18804835666924,2.474,0.0040000000000000036,,False,0.0,,,pyin_probability_below_0.5|voicing_disagreement,,False,-2.200000000000002,
2.48,2.437333333333333,2.522666666666667,False,100.24370365151614,True,0.01000000928748663,-0.6000000000000031,0.007984554080172464,-41.95498666484467,2.484,0.0040000000000000036,,False,0.0,,,pyin_probability_below_0.5|voicing_disagreement,,False,-2.200000000000002,
2.49,2.4473333333333334,2.5326666666666666,False,100.82440951919276,True,0.010000000101429393,-0.5000000000000001,0.00768930227584179,-42.2822613223049,2.494,0.0040000000000000036,,False,0.0,,,pyin_probability_below_0.5|voicing_disagreement,,False,-2.0999999999999996,
2.5,2.457333333333333,2.542666666666667,False,100.24370365151614,True,0.010000000021701589,-0.6000000000000031,0.007042872752371054,-43.04500316369481,2.504,0.0040000000000000036,,False,0.0,,,pyin_probability_below_0.5|voicing_disagreement,,False,-2.200000000000002,
2.51,2.4673333333333334,2.5526666666666666,False,101.40847938173854,True,0.010000000009505967,-0.4000000000000028,0.006626573202125229,-43.57422000248584,2.5140000000000002,0.004000000000000448,,False,0.0,,,pyin_probability_below_0.5|voicing_disagreement,,False,-2.0000000000000004,
2.52,2.477333333333333,2.562666666666667,False,100.82440951919276,True,0.010000000417925078,-0.5000000000000001,0.006283736116725777,-44.03564122584366,2.524,0.0040000000000000036,,False,0.0,,,pyin_probability_below_0.5|voicing_disagreement,,False,-2.0999999999999996,
2.53,2.4873333333333334,2.5726666666666667,False,,False,0.010000000009505967,,0.007363887028084088,-42.657857655549584,2.5340000000000003,0.004000000000000448,,False,0.0,,,,,False,,
2.54,2.497333333333333,2.582666666666667,False,101.40847938173854,True,0.010000516719604526,-0.4000000000000028,0.01047485312089443,-39.59704116051693,2.544,0.0040000000000000036,,False,0.0,,,pyin_probability_below_0.5|voicing_disagreement,,False,-2.0000000000000004,
2.55,2.5073333333333334,2.5926666666666667,False,98.52157682317586,True,0.010004191052795269,-0.9000000000000026,0.01325813171983283,-37.55035341143481,2.5540000000000003,0.004000000000000448,,False,0.0,,,pyin_probability_below_0.5|voicing_disagreement,,False,-2.5000000000000013,
2.56,2.517333333333333,2.6026666666666665,False,99.66634240352404,True,0.010013068846238975,-0.7000000000000002,0.015350155931166586,-36.27774416959746,2.564,0.0040000000000000036,101.47731377722745,True,0.5804723546000897,1.8109713737034099,-0.31174734336340215,pyin_probability_below_0.5,-0.7773500643531319,False,-2.3,-2.3186201460338727
2.57,2.5273333333333334,2.6126666666666667,False,100.82440951919276,True,0.010140046044704067,-0.5000000000000001,0.017390772639374687,-35.19362245360553,2.5740000000000003,0.004000000000000448,100.73498549515313,True,0.665547634611675,0.08942402403963001,0.01536161838236659,pyin_probability_below_0.5,-0.9044590260989032,False,-2.0999999999999996,-2.4457291077796444
2.58,2.537333333333333,2.6226666666666665,False,100.82440951919276,True,0.011853505394683413,-0.5000000000000001,0.018846770176112533,-34.49526130691108,2.584,0.0040000000000000036,96.37312016239439,True,0.5995227381098668,4.45128935679837,0.7817068456214432,pyin_probability_below_0.5,-1.6708042533379799,False,-2.0999999999999996,-3.2120743350187198
2.59,2.5473333333333334,2.6326666666666667,False,100.82440951919276,True,0.01646758759311301,-0.5000000000000001,0.019859370695653012,-34.0406903511889,2.594,0.0040000000000000036,101.15220689052116,True,0.5559030666848718,0.32779737132840125,-0.05619407620331273,pyin_probability_below_0.5,-0.8329033315132217,False,-2.0999999999999996,-2.374173413193962
2.6,2.5573333333333332,2.6426666666666665,False,100.82440951919276,True,0.022944219124638603,-0.5000000000000001,0.020339453389417568,-33.833214453191275,2.604,0.0040000000000000036,101.9943933346316,True,0.8555548241073003,1.1699838154388402,-0.19973870841786592,pyin_probability_below_0.5,-0.6893586992986692,False,-2.0999999999999996,-2.2306287809794103
2.61,2.5673333333333335,2.6526666666666667,False,100.82440951919276,True,0.03010686179419501,-0.5000000000000001,0.020507079657998716,-33.761923631948534,2.614,0.0040000000000000036,101.10679032321481,True,0.9223950600878239,0.2823808040220541,-0.04841922216793233,pyin_probability_below_0.5,-0.8406781855486027,False,-2.0999999999999996,-2.3819482672293413
2.62,2.5773333333333333,2.6626666666666665,False,100.82440951919276,True,0.03010686179419501,-0.5000000000000001,0.019960505575947612,-33.9965692548973,2.624,0.0040000000000000036,101.95804450556892,True,0.9418372382669445,1.1336349863761654,-0.19356782545616408,pyin_probability_below_0.5,-0.6955295822603714,False,-2.0999999999999996,-2.23679966394111
2.63,2.5873333333333335,2.6726666666666667,False,101.99593272657759,True,0.24075439447557428,-0.30000000000000204,0.01811559676405087,-34.83894709726962,2.634,0.0040000000000000036,100.49702445021848,True,0.8034197870482225,1.498908276359117,0.2563060442199325,pyin_probability_below_0.5,-0.9454034519364701,False,-1.9000000000000006,-2.4866735336172097
2.64,2.5973333333333333,2.6826666666666665,False,100.82440951919276,True,0.3721358982975087,-0.5000000000000001,0.01627073524242949,-35.77185643417573,2.644,0.0040000000000000036,101.40866958170349,True,0.7818773644567936,0.5842600625107366,-0.10003247069166572,pyin_probability_below_0.5,-0.7890649370248692,False,-2.0999999999999996,-2.3303350187056084
2.65,2.6073333333333335,2.6926666666666668,False,101.40847938173854,True,0.3233360583906409,-0.4000000000000028,0.01404498263877021,-37.04957586600984,2.654,0.0040000000000000036,101.31761465384642,True,0.766224688112447,0.09086472789212507,0.015519277088485623,pyin_probability_below_0.5,-0.8046166848050225,False,-2.0000000000000004,-2.345886766485763
2.66,2.6173333333333333,2.7026666666666666,False,101.40847938173854,True,0.20650679911775227,-0.4000000000000028,0.01164395555591145,-38.67798921797826,2.664,0.0040000000000000036,100.8689819394084,True,0.8667031991810545,0.5394974423301448,0.09234825769701475,pyin_probability_below_0.5,-0.8814456654135507,False,-2.0000000000000004,-2.4227157470942915
2.67,2.6273333333333335,2.712666666666667,False,100.24370365151614,True,0.10857977072874497,-0.6000000000000031,0.009821094662457053,-40.156802058173,2.674,0.0040000000000000036,100.30555234428485,True,0.9309308247097363,0.06184869276870586,-0.01067813148189902,pyin_probability_below_0.5,-0.978419276234637,False,-2.200000000000002,-2.5196893579153783
2.68,2.6373333333333333,2.7226666666666666,False,101.40847938173854,True,0.24075439447557428,-0.4000000000000028,0.007923430436740146,-42.021735011663026,2.684,0.0040000000000000036,100.26629555018248,True,0.9567403615392638,1.1421838315560677,0.19609876170510618,pyin_probability_below_0.5,-0.9851961694216452,False,-2.0000000000000004,-2.526466251102385
2.69,2.6473333333333335,2.732666666666667,False,100.24370365151614,True,0.27960516533635893,-0.6000000000000031,0.007484898807473294,-42.51628133501719,2.694,0.0040000000000000036,100.57941080461197,True,0.9853707557219313,0.3357071530958251,-0.057880607707243015,pyin_probability_below_0.5,-0.9312168000092941,False,-2.200000000000002,-2.4724868816900343
2.7,2.6573333333333333,2.7426666666666666,False,101.40847938173854,True,0.04069733156888105,-0.4000000000000028,0.006907279344475001,-43.21385959766816,2.704,0.0040000000000000036,100.91739425307105,True,0.9494198020115702,0.49108512866749265,0.0840411510432843,pyin_probability_below_0.5,-0.8731385587598224,False,-2.0000000000000004,-2.414408640440564
2.71,2.667333333333333,2.752666666666667,False,101.40847938173854,True,0.018187375734912182,-0.4000000000000028,0.006677842109511116,-43.50727707184652,2.714,0.0040000000000000036,100.75145778882926,True,0.9282689735363672,0.6570215929092882,0.1125309171920455,pyin_probability_below_0.5,-0.9016283249085822,False,-2.0000000000000004,-2.4428984065893227
2.72,2.6773333333333333,2.7626666666666666,False,101.99593272657759,True,0.010622609040911531,-0.30000000000000204,0.006585865769353478,-43.62774250322368,2.724,0.0040000000000000036,,False,0.0,,,pyin_probability_below_0.5|voicing_disagreement,,False,-1.9000000000000006,
2.73,2.687333333333333,2.772666666666667,False,101.99593272657759,True,0.010000127845232541,-0.30000000000000204,0.00742416565347903,-42.58704692762325,2.734,0.0040000000000000036,,False,0.0,,,pyin_probability_below_0.5|voicing_disagreement,,False,-1.9000000000000006,
2.74,2.6973333333333334,2.7826666666666666,False,,False,0.01000000000061386,,0.010410581740153284,-39.65050003134656,2.744,0.0040000000000000036,,False,0.0,,,,,False,,
2.75,2.707333333333333,2.792666666666667,False,,False,0.010000000000221911,,0.014937258288150339,-36.514582186419304,2.754,0.0040000000000000036,,False,0.0,,,,,False,,
2.76,2.7173333333333334,2.8026666666666666,False,,False,0.010000000000221913,,0.01630141371099649,-35.75549461098659,2.7640000000000002,0.004000000000000448,,False,0.0,,,,,False,,
2.77,2.727333333333333,2.812666666666667,False,,False,0.010000000047726025,,0.019378607461929237,-34.25354868742722,2.774,0.0040000000000000036,,False,0.0,,,,,False,,
2.78,2.7373333333333334,2.8226666666666667,False,146.76537262479707,True,0.010001232964986116,6.000000000000002,0.028690437154703,-30.84525668762179,2.7840000000000003,0.004000000000000448,,False,0.0,,,pyin_probability_below_0.5|voicing_disagreement,,False,4.400000000000002,
2.79,2.747333333333333,2.832666666666667,False,146.76537262479707,True,0.010467533617069901,6.000000000000002,0.03650684756181714,-28.752513352299513,2.794,0.0040000000000000036,,False,0.0,,,pyin_probability_below_0.5|voicing_disagreement,,False,4.400000000000002,
2.8,2.7573333333333334,2.8426666666666667,False,146.76537262479707,True,0.026168028608935755,6.000000000000002,0.04752459106549803,-26.461632228340022,2.8040000000000003,0.004000000000000448,149.42414965438545,True,0.596865123572567,2.6587770295883786,-0.31082051302191244,pyin_probability_below_0.5,5.921723105305376,False,4.400000000000002,4.380453023624636
2.81,2.767333333333333,2.8526666666666665,False,147.61557577921405,True,0.07797523762294817,6.099999999999998,0.05280686351619587,-25.5461925366383,2.814,0.0040000000000000036,146.37354585328845,True,0.7918978015005372,1.242029925925607,0.14628141876780806,pyin_probability_below_0.5,5.564621173515655,False,4.499999999999999,4.023351091834915
2.82,2.7773333333333334,2.8626666666666667,False,146.76537262479707,True,0.2065067991177523,6.000000000000002,0.05965363516508492,-24.487261724186638,2.8240000000000003,0.004000000000000448,147.60531031587644,True,0.9276033076588079,0.8399376910793706,-0.09879602558600833,pyin_probability_below_0.5,5.709698617869474,False,4.400000000000002,4.168428536188736
2.83,2.787333333333333,2.8726666666666665,False,148.4707041104003,True,0.37213589829750865,6.199999999999999,0.062125770326105514,-24.134564264149205,2.834,0.0040000000000000036,148.70977984379485,True,0.9788801599371132,0.23907573339454302,-0.027854866762488287,pyin_probability_below_0.5,5.838757459045953,False,4.600000000000001,4.297487377365213
2.84,2.7973333333333334,2.8826666666666667,False,147.61557577921405,True,0.48498680771591124,6.099999999999998,0.06647009614305698,-23.54747386114456,2.844,0.0040000000000000036,148.57195819926358,True,0.9851636255779319,0.9563824200495219,-0.11180265027749102,pyin_probability_below_0.5,5.8227052425609545,False,4.499999999999999,4.281435160880216
2.85,2.8073333333333332,2.8926666666666665,False,146.76537262479707,True,0.37213589829750865,6.000000000000002,0.06860798176629025,-23.272507121606246,2.854,0.0040000000000000036,147.91467626251995,True,0.9878475088825773,1.1493036377228805,-0.1350429855498073,pyin_probability_below_0.5,5.745945577833273,False,4.400000000000002,4.2046754961525314
2.86,2.8173333333333335,2.9026666666666667,False,146.76537262479707,True,0.32333605839064083,6.000000000000002,0.06814299319886648,-23.33157587700044,2.864,0.0040000000000000036,146.10000842290478,True,0.976286490502576,0.6653642018922881,0.07866434326300803,pyin_probability_below_0.5,5.5322382490204545,False,4.400000000000002,3.990968167339715
2.87,2.8273333333333333,2.9126666666666665,False,145.07962854192903,True,0.06608151270920702,5.799999999999998,0.06615145364540104,-23.58921215931346,2.874,0.0040000000000000036,141.668352814212,True,0.9462727488320547,3.411275727717026,0.4119293386707676,pyin_probability_below_0.5,4.9989732536126965,False,4.200000000000001,3.457703171931959
2.88,2.8373333333333335,2.9226666666666667,False,143.41324688128702,True,0.03489742801962526,5.599999999999996,0.0622706419859781,-24.114333136983426,2.884,0.0040000000000000036,136.45221786497353,True,0.9072750864218423,6.961029016313489,0.8613893503579473,pyin_probability_below_0.5,4.349513241925517,False,3.9999999999999973,2.8082431602447775
2.89,2.8473333333333333,2.9326666666666665,False,141.7660052464835,True,0.020317628556360583,5.399999999999999,0.056952983111244866,-24.88967046600051,2.894,0.0040000000000000036,130.68142104651017,True,0.6876619130648897,11.084584199973335,1.409490902749961,pyin_probability_below_0.5|pitch_difference_over_1_semitone,3.6014116895335064,False,3.8000000000000007,2.060141607852767
2.9,2.8573333333333335,2.9426666666666668,False,140.13768379557115,True,0.011422334250709074,5.1999999999999975,0.05136062159695977,-25.78739457631677,2.904,0.0040000000000000036,122.50045219526477,True,0.5956231253333065,17.63723160030638,2.3286945818294402,pyin_probability_below_0.5|pitch_difference_over_1_semitone,2.4822080104540243,False,3.599999999999997,0.9409379287732846
2.91,2.8673333333333333,2.9526666666666666,False,135.36407982952485,True,0.010191075496968311,4.600000000000001,0.04651959481814083,-26.647281531929366,2.914,0.0040000000000000036,,False,0.0,,,pyin_probability_below_0.5|voicing_disagreement,,False,3.0000000000000027,
2.92,2.8773333333333335,2.962666666666667,False,132.2723599733492,True,0.0100028158258111,4.199999999999995,0.040523691123403816,-27.845820071014302,2.924,0.0040000000000000036,,False,0.0,,,pyin_probability_below_0.5|voicing_disagreement,,False,2.5999999999999974,
2.93,2.8873333333333333,2.9726666666666666,False,127.03079589645196,True,0.010000002871100368,3.4999999999999982,0.036554679590954854,-28.741140368410385,2.934,0.0040000000000000036,,False,0.0,,,pyin_probability_below_0.5|voicing_disagreement,,False,1.9000000000000006,
2.94,2.8973333333333335,2.982666666666667,False,,False,0.010000001546554296,,0.03140856489221203,-30.05903813521481,2.944,0.0040000000000000036,,False,0.0,,,,,False,,
2.95,2.9073333333333333,2.9926666666666666,False,,False,0.010013068846238973,,0.02805947714526879,-31.038408515789815,2.954,0.0040000000000000036,,False,0.0,,,,,False,,
2.96,2.917333333333333,3.002666666666667,False,,False,0.010013068846238976,,0.022890890269376348,-32.80674632950705,2.964,0.0040000000000000036,,False,0.0,,,,,False,,
2.97,2.9273333333333333,3.0126666666666666,False,,False,0.010000127845232543,,0.01894944310476925,-34.448070975215884,2.974,0.0040000000000000036,,False,0.0,,,,,False,,
2.98,2.937333333333333,3.022666666666667,False,,False,0.010000078102280322,,0.017165964582682977,-35.30663575718333,2.984,0.0040000000000000036,,False,0.0,,,,,False,,
2.99,2.9473333333333334,3.0326666666666666,False,,False,0.010001872962620778,,0.013778886804809593,-37.21571735256942,2.994,0.0040000000000000036,,False,0.0,,,,,False,,
3.0,2.957333333333333,3.042666666666667,False,,False,0.01010197459374499,,0.011459577186508538,-38.81662811675077,3.004,0.0040000000000000036,,False,0.0,,,,,False,,
3.01,2.9673333333333334,3.0526666666666666,False,,False,0.010018764509769138,,0.008934883682047461,-40.97822193887743,3.0140000000000002,0.004000000000000448,,False,0.0,,,,,False,,
3.02,2.977333333333333,3.062666666666667,False,,False,0.01000419105279527,,0.006862659630581468,-43.2701508082159,3.024,0.0040000000000000036,,False,0.0,,,,,False,,
3.03,2.9873333333333334,3.0726666666666667,False,,False,0.010000001546554296,,0.004990797272197727,-46.036601419163276,3.0340000000000003,0.004000000000000448,,False,0.0,,,,,False,,
3.04,2.997333333333333,3.082666666666667,False,,False,0.010000001546554296,,0.00487774832193137,-46.235612236313834,3.044,0.0040000000000000036,,False,0.0,,,,,False,,
3.05,3.0073333333333334,3.0926666666666667,False,,False,0.010000009287486629,,0.004633720576476879,-46.68140317334223,3.0540000000000003,0.004000000000000448,,False,0.0,,,,,False,,
3.06,3.017333333333333,3.1026666666666665,False,,False,0.010000000021701592,,0.004357911809151601,-47.214431255941,3.064,0.0040000000000000036,,False,0.0,,,,,False,,
3.07,3.0273333333333334,3.1126666666666667,False,,False,0.010000000000001869,,0.006354716888447637,-43.938075862148466,3.0740000000000003,0.004000000000000448,,False,0.0,,,,,False,,
3.08,3.037333333333333,3.1226666666666665,False,,False,0.010000000021701592,,0.00718268569032357,-42.874262751926196,3.084,0.0040000000000000036,,False,0.0,,,,,False,,
3.09,3.0473333333333334,3.1326666666666667,False,,False,0.010000000417925077,,0.007423571926338904,-42.58774158543078,3.0940000000000003,0.004000000000000448,,False,0.0,,,,,False,,
3.1,3.0573333333333332,3.1426666666666665,False,,False,0.010000001546554296,,0.0073737671228496175,-42.646211646663154,3.104,0.0040000000000000036,,False,0.0,,,,,False,,
3.11,3.0673333333333335,3.1526666666666667,False,,False,0.010000000047726025,,0.0077670245484682205,-42.19490644423147,3.114,0.0040000000000000036,,False,0.0,,,,,False,,
3.12,3.0773333333333333,3.1626666666666665,False,,False,0.010000001546554296,,0.014252716611860249,-36.92204699788758,3.124,0.0040000000000000036,,False,0.0,,,,,False,,
3.13,3.0873333333333335,3.1726666666666667,False,106.81974089615274,True,0.010000000047726023,0.5000000000000008,0.020379300694983064,-33.81621445322648,3.134,0.0040000000000000036,,False,0.0,,,pyin_probability_below_0.5|voicing_disagreement,,False,-1.0999999999999999,
3.14,3.0973333333333333,3.1826666666666665,False,104.37997464223893,True,0.010037765502929688,0.09999999999999636,0.027097755744753562,-31.341333524231242,3.144,0.0040000000000000036,,False,0.0,,,pyin_probability_below_0.5|voicing_disagreement,,False,-1.5000000000000004,
3.15,3.1073333333333335,3.1926666666666668,False,104.37997464223893,True,0.015085587297504338,0.09999999999999636,0.030965814202756386,-30.1823499267711,3.154,0.0040000000000000036,,False,0.0,,,pyin_probability_below_0.5|voicing_disagreement,,False,-1.5000000000000004,
3.16,3.1173333333333333,3.2026666666666666,False,103.18106837793296,True,0.0229442191246386,-0.10000000000000259,0.033312650782572624,-29.547816157680597,3.164,0.0040000000000000036,104.33583863342041,True,0.5917979587960901,1.154770255487449,-0.1926781051041333,pyin_probability_below_0.5,-0.2964193026124028,False,-1.7000000000000013,-1.8376893842931432
3.17,3.1273333333333335,3.212666666666667,False,102.5867891540234,True,0.0229442191246386,-0.19999999999999973,0.03578685217513759,-28.925530012691976,3.174,0.0040000000000000036,103.9678763972788,True,0.9331104117760127,1.3810872432553936,-0.23151458581839673,pyin_probability_below_0.5,-0.35758282189813995,False,-1.799999999999999,-1.8988529035788786
3.18,3.1373333333333333,3.2226666666666666,False,101.99593272657759,True,0.03010686179419501,-0.30000000000000204,0.03768932613627763,-28.4756325483878,3.184,0.0040000000000000036,103.47073153649906,True,0.9168892278784506,1.4747988099214666,-0.2485333349627422,pyin_probability_below_0.5,-0.44056407275379394,False,-1.9000000000000006,-1.9818341544345341
3.19,3.1473333333333335,3.232666666666667,False,101.40847938173854,True,0.03489742801962526,-0.4000000000000028,0.03890220151964966,-28.200516415243413,3.194,0.0040000000000000036,100.91053893239643,True,0.932677674205879,0.49794044934211,0.08521721863575624,pyin_probability_below_0.5,-0.8743146263522933,False,-2.0000000000000004,-2.415584708033033
3.2,3.1573333333333333,3.2426666666666666,False,100.82440951919276,True,0.10857977072874497,-0.5000000000000001,0.03924879727254901,-28.123472941889624,3.204,0.0040000000000000036,98.41821379856269,True,0.9360754853379905,2.406195720630066,0.4181726205243659,pyin_probability_below_0.5,-1.3072700282409009,False,-2.0999999999999996,-2.848540109921641
3.21,3.167333333333333,3.252666666666667,False,100.24370365151614,True,0.07797523762294818,-0.6000000000000031,0.03804197068128927,-28.394739869476247,3.214,0.0040000000000000036,98.27658278431099,True,0.904076554098997,1.9671208672051534,0.34310428937504445,pyin_probability_below_0.5,-1.3322016970915806,False,-2.200000000000002,-2.8734717787723207
3.22,3.1773333333333333,3.2626666666666666,False,98.52157682317586,True,0.07797523762294818,-0.9000000000000026,0.035724238489796147,-28.94074040018941,3.224,0.0040000000000000036,96.39110118591753,True,0.8419035898742326,2.1304756372583284,0.3784770595093806,pyin_probability_below_0.5,-1.6675744672259203,False,-2.5000000000000013,-3.2088445489066593
3.23,3.187333333333333,3.272666666666667,False,96.82903510297565,True,0.10857977072874497,-1.2000000000000002,0.032588357246163525,-29.73875062862774,3.234,0.0040000000000000036,94.41132421039163,True,0.9367950552382511,2.417710892584026,0.43775764133364015,pyin_probability_below_0.5,-2.026855049050174,False,-2.8,-3.568125130730915
3.24,3.1973333333333334,3.2826666666666666,False,95.71685877653417,True,0.09203757081218102,-1.4000000000000004,0.03067409671601519,-30.264564348401358,3.244,0.0040000000000000036,94.33609165685772,True,0.9198708375888759,1.3807671196764488,0.25155864248379045,pyin_probability_below_0.5,-2.040656050200327,False,-2.9999999999999987,-3.581926131881067
3.25,3.207333333333333,3.292666666666667,False,95.16557023646565,True,0.06608151270920701,-1.5000000000000004,0.029415641339356178,-30.62843356792944,3.254,0.0040000000000000036,93.21277525768336,True,0.8986540555674094,1.9527949787822934,0.3589442572714837,pyin_probability_below_0.5,-2.248041664988021,False,-3.0999999999999983,-3.7893117466687603
3.26,3.2173333333333334,3.3026666666666666,False,92.9919856082918,True,0.12793708630129036,-1.9000000000000006,0.028482069975911344,-30.908569018085743,3.2640000000000002,0.004000000000000448,92.54275402916208,True,0.8845478996271885,0.4492315791297159,0.08383621601647198,pyin_probability_below_0.5,-2.372933623733009,False,-3.4999999999999982,-3.9142037054137493
3.27,3.227333333333333,3.312666666666667,False,92.4563911828233,True,0.15046460134333878,-2.0000000000000004,0.028277932187368456,-30.971047026533235,3.274,0.0040000000000000036,92.0331565140067,True,0.871528081899685,0.42323466881659044,0.079432094006568,pyin_probability_below_0.5,-2.468529501723104,False,-3.5999999999999988,-4.009799583403845
3.28,3.2373333333333334,3.3226666666666667,False,91.92388155425118,True,0.20650679911775227,-2.0999999999999996,0.028590977529352968,-30.875419916032705,3.2840000000000003,0.004000000000000448,92.01547879332621,True,0.9062709765969027,0.09159723907502837,-0.017242233733489123,pyin_probability_below_0.5,-2.471855173983044,False,-3.6999999999999984,-4.013125255663786
3.29,3.247333333333333,3.332666666666667,False,91.92388155425118,True,0.24075439447557428,-2.0999999999999996,0.028434236486510656,-30.923168577810497,3.294,0.0040000000000000036,91.4515967168314,True,0.942558723172665,0.4722848374197781,0.08917630721097046,pyin_probability_below_0.5,-2.5782737149275055,False,-3.6999999999999984,-4.119543796608245
3.3,3.2573333333333334,3.3426666666666667,False,91.39443895545271,True,0.2796051653363589,-2.1999999999999997,0.028500436627333637,-30.902969730784804,3.3040000000000003,0.004000000000000448,91.5436657585064,True,0.9478944852224082,0.1492268030536934,-0.02824415177860266,pyin_probability_below_0.5,-2.560853255937933,False,-3.8,-4.102123337618672
3.31,3.267333333333333,3.3526666666666665,False,91.39443895545271,True,0.2796051653363589,-2.1999999999999997,0.028214816757097562,-30.990455318752304,3.314,0.0040000000000000036,90.48473330109438,True,0.9179299163012502,0.9097056543583335,0.17318382499025284,pyin_probability_below_0.5,-2.7622812327067896,False,-3.8,-4.303551314387531
3.32,3.2773333333333334,3.3626666666666667,False,91.39443895545271,True,0.3233360583906409,-2.1999999999999997,0.0272019330264599,-31.308004659833827,3.3240000000000003,0.004000000000000448,89.56898170233795,True,0.9667522447897682,1.825457253114763,0.34928616403678003,pyin_probability_below_0.5,-2.9383835717533175,False,-3.8,-4.479653653434057
3.33,3.287333333333333,3.3726666666666665,False,90.86804572163626,True,0.3721358982975087,-2.3,0.026191443151419046,-31.636811424828345,3.334,0.0040000000000000036,89.26663060266831,True,0.9790836752991585,1.6014151189679495,0.30782495399031995,pyin_probability_below_0.5,-2.9969223617068548,False,-3.8999999999999986,-4.538192443387594
3.34,3.2973333333333334,3.3826666666666667,False,89.82433719790544,True,0.4260623290432814,-2.5000000000000036,0.025301625466038796,-31.93703154624259,3.3440000000000003,0.004000000000000448,90.06844242083766,True,0.9397501136764765,0.2441052229322196,-0.04698393496084746,pyin_probability_below_0.5,-2.8421134727556905,False,-4.100000000000002,-4.38338355443643
3.35,3.3073333333333332,3.3926666666666665,False,89.82433719790544,True,0.5485250542599844,-2.5000000000000036,0.025146112042136938,-31.99058307432724,3.354,0.0040000000000000036,89.62712127504781,True,0.9560743706833043,0.19721592285762313,0.038052302392147186,,-2.927149710108683,True,-4.100000000000002,-4.4684197917894215
3.36,3.3173333333333335,3.4026666666666667,False,89.82433719790544,True,0.5485250542599844,-2.5000000000000036,0.023842267781549225,-32.45304877211561,3.364,0.0040000000000000036,89.3009528357546,True,0.9693966805291416,0.5233843621508356,0.1011697909258282,,-2.990267198642364,True,-4.100000000000002,-4.531537280323106
3.37,3.3273333333333333,3.4126666666666665,False,89.82433719790544,True,0.5485250542599847,-2.5000000000000036,0.023131758061074342,-32.71582717406595,3.374,0.0040000000000000036,89.83591028750301,True,0.9723790295042005,0.011573089597575859,-0.002230401780289774,,-2.886867005936247,True,-4.100000000000002,-4.428137087616989
3.38,3.3373333333333335,3.4226666666666667,False,90.34468428975191,True,0.5485250542599845,-2.4000000000000004,0.0227467895499965,-32.86159780792615,3.384,0.0040000000000000036,90.83474753239067,True,0.9750750382284463,0.49006324263875456,-0.09365480754509065,,-2.6954426001714453,True,-3.999999999999999,-4.236712681852184
3.39,3.3473333333333333,3.4326666666666665,False,90.86804572163626,True,0.48498680771591124,-2.3,0.021332757778562566,-33.41905995562134,3.394,0.0040000000000000036,90.64860327768544,True,0.9967590884383369,0.21944244395082535,0.041859126196339164,pyin_probability_below_0.5,-2.7309565339128747,False,-3.8999999999999986,-4.272226615593613
3.4,3.3573333333333335,3.4426666666666668,False,91.39443895545271,True,0.48498680771591124,-2.1999999999999997,0.01968764564113609,-34.116124322436036,3.404,0.0040000000000000036,90.87209999282034,True,0.982912136630373,0.5223389626323751,0.09922759032776397,pyin_probability_below_0.5,-2.688324998044297,False,-3.8,-4.229595079725038
3.41,3.3673333333333333,3.4526666666666666,False,91.92388155425118,True,0.3233360583906409,-2.0999999999999996,0.01834310987056039,-34.73054065235184,3.414,0.0040000000000000036,92.36944143228372,True,0.9323434897699121,0.44555987803254027,-0.08371111032835482,pyin_probability_below_0.5,-2.405386297388179,False,-3.6999999999999984,-3.9466563790689184
3.42,3.3773333333333335,3.462666666666667,False,92.4563911828233,True,0.15046460134333875,-2.0000000000000004,0.01728391250051262,-35.2471588192605,3.424,0.0040000000000000036,94.28572684497497,True,0.9058071549249012,1.8293356621516779,-0.3391960559947818,pyin_probability_below_0.5,-2.0499013517217533,False,-3.5999999999999988,-3.5911714334024927
3.43,3.3873333333333333,3.4726666666666666,False,94.07250043362458,True,0.066081512709207,-1.6999999999999988,0.016881380142107383,-35.45184100776268,3.434,0.0040000000000000036,96.43081188596507,True,0.7960419648138795,2.3583114523404873,-0.42865371892873605,pyin_probability_below_0.5,-1.6604436887877978,False,-3.299999999999999,-3.2017137704685394
3.44,3.3973333333333335,3.482666666666667,False,95.16557023646565,True,0.030106861794195007,-1.5000000000000004,0.017048751360116816,-35.36614845925805,3.444,0.0040000000000000036,97.94080453101991,True,0.7574899227700281,2.7752342945542523,-0.49764394701473263,pyin_probability_below_0.5,-1.391453460701801,False,-3.0999999999999983,-2.932723542382541
3.45,3.4073333333333333,3.4926666666666666,False,97.3899599969843,True,0.020317628556360583,-1.0999999999999999,0.01794897560489796,-34.91920665406462,3.454,0.0040000000000000036,97.4249711525078,True,0.8321264988368119,0.035011155523491766,-0.006222572862803848,pyin_probability_below_0.5,-1.4828748348537315,False,-2.699999999999999,-3.024144916534471
3.46,3.417333333333333,3.502666666666667,False,100.24370365151614,True,0.020317628556360583,-0.6000000000000031,0.018835668958653757,-34.500379019813884,3.464,0.0040000000000000036,98.73444288473488,True,0.8402027055810285,1.5092607667812672,0.2626352476077243,pyin_probability_below_0.5,-1.2517326553242638,False,-2.200000000000002,-2.793002737005004
3.47,3.4273333333333333,3.5126666666666666,False,101.99593272657759,True,0.013980210380185928,-0.30000000000000204,0.02007319398855609,-33.94767036665175,3.474,0.0040000000000000036,99.34859788161987,True,0.8596390060881803,2.647334844957726,0.45528133735555987,pyin_probability_below_0.5,-1.1443787450720964,False,-1.9000000000000006,-2.6856488267528356
3.48,3.437333333333333,3.522666666666667,False,102.5867891540234,True,0.011422334250709074,-0.19999999999999973,0.02281225655792511,-32.83663505537654,3.484,0.0040000000000000036,100.59685739176254,True,0.8669341655581186,1.9899317622608663,0.33911663992424207,pyin_probability_below_0.5,-0.9282140476407763,False,-1.799999999999999,-2.4694841293215166
3.49,3.4473333333333334,3.5326666666666666,False,102.5867891540234,True,0.013100262550513395,-0.19999999999999973,0.02476022028891367,-32.12490991530491,3.494,0.0040000000000000036,101.40911281839536,True,0.7758012782480421,1.1776763356280497,0.19989186075071033,pyin_probability_below_0.5,-0.7889892684672443,False,-1.799999999999999,-2.3302593501479825
3.5,3.457333333333333,3.542666666666667,False,103.18106837793296,True,0.011853505394683413,-0.10000000000000259,0.026677452748470127,-31.477112813023055,3.504,0.0040000000000000036,102.60340577146631,True,0.6809980363841047,0.5776626064666459,0.09719604009628065,pyin_probability_below_0.5,-0.5862934478128171,False,-1.7000000000000013,-2.1275635294935578
3.51,3.4673333333333334,3.5526666666666666,False,102.5867891540234,True,0.012403124793551346,-0.19999999999999973,0.028689539273997016,-30.84552852087117,3.5140000000000002,0.004000000000000448,102.45194272795922,True,0.6691791161892648,0.13484642606418618,0.022771381359214235,pyin_probability_below_0.5,-0.6118687890757499,False,-1.799999999999999,-2.1531388707564907
3.52,3.477333333333333,3.562666666666667,False,102.5867891540234,True,0.013980210380185928,-0.19999999999999973,0.030495430233442044,-30.315304703615837,3.524,0.0040000000000000036,103.41618537510905,True,0.6546984078743374,0.8293962210856449,-0.1394044663574156,pyin_probability_below_0.5,-0.44969294135911947,False,-1.799999999999999,-1.9909630230398587
3.53,3.4873333333333334,3.5726666666666667,False,103.18106837793296,True,0.01646758759311301,-0.10000000000000259,0.03240090478898964,-29.788857240695545,3.5340000000000003,0.004000000000000448,103.92269479374117,True,0.6563911228584923,0.7416264158082129,-0.12398947958397916,pyin_probability_below_0.5,-0.36510792813255843,False,-1.7000000000000013,-1.9063780098132979
3.54,3.497333333333333,3.582666666666667,False,103.18106837793296,True,0.026168028608935752,-0.10000000000000259,0.03441473302091093,-29.265111904448112,3.544,0.0040000000000000036,102.33745025172843,True,0.7539715529435267,0.8436181262045324,0.14212915091750716,pyin_probability_below_0.5,-0.6312265586340429,False,-1.7000000000000013,-2.1724966403147836
3.55,3.5073333333333334,3.5926666666666667,False,103.18106837793296,True,0.030106861794195007,-0.10000000000000259,0.03620259450757,-28.825206081080424,3.5540000000000003,0.004000000000000448,102.9272046290381,True,0.8731081059647446,0.2538637488948581,0.04264727288728387,pyin_probability_below_0.5,-0.5317446806038204,False,-1.7000000000000013,-2.0730147622845596
3.56,3.517333333333333,3.6026666666666665,False,103.77879022636449,True,0.026168028608935755,0.0,0.03815551702652889,-28.368853143201132,3.564,0.0040000000000000036,103.09852826566579,True,0.9264737021206431,0.6802619606987008,0.11385461894653434,pyin_probability_below_0.5,-0.5029520266630683,False,-1.5999999999999979,-2.044222108343808
3.57,3.5273333333333334,3.6126666666666667,False,103.77879022636449,True,0.04069733156888106,0.0,0.038502158999909705,-28.290298336864947,3.5740000000000003,0.004000000000000448,103.25453833232719,True,0.9087378419339188,0.524251894037306,0.08767715569733002,pyin_probability_below_0.5,-0.4767745634138645,False,-1.5999999999999979,-2.018044645094603
3.58,3.537333333333333,3.6226666666666665,False,103.77879022636449,True,0.047686993082531035,0.0,0.03975097016889279,-28.0130453482735,3.584,0.0040000000000000036,104.1545724604346,True,0.8869066274654474,0.37578223407010114,-0.06257463434585288,pyin_probability_below_0.5,-0.32652277337068275,False,-1.5999999999999979,-1.8677928550514227
3.59,3.5473333333333334,3.6326666666666667,False,103.77879022636449,True,0.06608151270920701,0.0,0.04056389716112165,-27.837206539833797,3.5940000000000003,0.004000000000000448,104.5795280737769,True,0.8458029716266622,0.8007378474124067,-0.1330661009257872,pyin_probability_below_0.5,-0.2560313067907475,False,-1.5999999999999979,-1.797301388471487
3.6,3.5573333333333332,3.6426666666666665,False,103.77879022636449,True,0.06608151270920701,0.0,0.040645415941385724,-27.819768555455504,3.604,0.0040000000000000036,104.06086806705645,True,0.840191044619475,0.2820778406919544,-0.0469922887806737,pyin_probability_below_0.5,-0.3421051189358618,False,-1.5999999999999979,-1.8833752006166022
3.61,3.5673333333333335,3.6526666666666667,False,103.77879022636449,True,0.05607139544589262,0.0,0.039207467119570794,-28.132624261634007,3.614,0.0040000000000000036,103.83043506861513,True,0.7897683622767077,0.05164484225063859,-0.00861323104310077,pyin_probability_below_0.5,-0.3804841766734328,False,-1.5999999999999979,-1.9217542583541738
3.62,3.5773333333333333,3.6626666666666665,False,103.77879022636449,True,0.034897428019625254,0.0,0.03803685900752929,-28.39590706498631,3.624,0.0040000000000000036,103.19009967025214,True,0.7318487701655119,0.5886905561123541,0.09848474174683744,pyin_probability_below_0.5,-0.48758214946337075,False,-1.5999999999999979,-2.0288522311441106
3.63,3.5873333333333335,3.6726666666666667,False,103.77879022636449,True,0.03010686179419501,0.0,0.03601234034261635,-28.870973082234453,3.634,0.0040000000000000036,99.6781830372785,True,0.742972251849946,4.100607189085991,0.6979433688186805,pyin_probability_below_0.5,-1.0870407765352144,False,-1.5999999999999979,-2.628310858215955
3.64,3.5973333333333333,3.6826666666666665,False,103.18106837793296,True,0.02616802860893576,-0.10000000000000259,0.0331463908788337,-29.591275050606622,3.644,0.0040000000000000036,99.43624532070208,True,0.7573986908106626,3.7448230572308745,0.6400147568415506,pyin_probability_below_0.5,-1.129112164558088,False,-1.7000000000000013,-2.6703822462388276
3.65,3.6073333333333335,3.6926666666666668,False,102.5867891540234,True,0.03489742801962527,-0.19999999999999973,0.030663627156104153,-30.267529487538866,3.654,0.0040000000000000036,98.51100494533857,True,0.8169914242677714,4.075784208684837,0.7018578038949518,pyin_probability_below_0.5,-1.2909552116114855,False,-1.799999999999999,-2.8322252932922254
3.66,3.6173333333333333,3.7026666666666666,False,99.66634240352404,True,0.06608151270920702,-0.7000000000000002,0.027716717638534626,-31.145164049658458,3.664,0.0040000000000000036,98.87524612883372,True,0.8522724263777999,0.7910962746903181,0.1379640472356358,pyin_probability_below_0.5,-1.2270614549521706,False,-2.3,-2.7683315366329087
3.67,3.6273333333333335,3.712666666666667,False,99.09230651162453,True,0.06608151270920702,-0.8000000000000008,0.025249545132678124,-31.954928824686405,3.674,0.0040000000000000036,97.43731561041577,True,0.8632071580417984,1.6549909012087625,0.2915839656694921,pyin_probability_below_0.5,-1.4806813733860296,False,-2.4000000000000004,-3.0219514550667683
3.68,3.6373333333333333,3.7226666666666666,False,97.95413429584742,True,0.06608151270920702,-1.0000000000000013,0.02230196458257187,-33.03313756433765,3.684,0.0040000000000000036,96.10387593130753,True,0.8581505911395976,1.8502583645398971,0.3301412137654208,pyin_probability_below_0.5,-1.7192386214819573,False,-2.6000000000000005,-3.2605087031626994
3.69,3.6473333333333335,3.732666666666667,False,97.3899599969843,True,0.06608151270920702,-1.0999999999999999,0.02014645417325618,-33.916027594424406,3.694,0.0040000000000000036,94.22235352168362,True,0.8515940097236786,3.167606475300687,0.5724441940151261,pyin_probability_below_0.5,-2.0615416017316606,False,-2.699999999999999,-3.6028116834124004
3.7,3.6573333333333333,3.7426666666666666,False,97.3899599969843,True,0.04069733156888105,-1.0999999999999999,0.019897722357458018,-34.02393266698108,3.704,0.0040000000000000036,95.28518672375367,True,0.8135293052196056,2.1047732732306343,0.37825325914606983,pyin_probability_below_0.5,-1.8673506668626048,False,-2.699999999999999,-3.408620748543345
3.71,3.667333333333333,3.752666666666667,False,97.95413429584742,True,0.06608151270920701,-1.0000000000000013,0.019569611798003348,-34.168355786949526,3.714,0.0040000000000000036,96.83582488063198,True,0.8989260464570455,1.1183094152154496,0.19878607876823615,pyin_probability_below_0.5,-1.5878834864847713,False,-2.6000000000000005,-3.12915356816551
3.72,3.6773333333333333,3.7626666666666666,False,98.52157682317586,True,0.056071395445892624,-0.9000000000000026,0.020335368001773928,-33.83495927837339,3.724,0.0040000000000000036,97.68151446041027,True,0.9398875398068144,0.8400623627655932,0.14824980008095612,pyin_probability_below_0.5,-1.4373472077974954,False,-2.5000000000000013,-2.9786172894782363
3.73,3.687333333333333,3.772666666666667,False,98.52157682317586,True,0.09203757081218102,-0.9000000000000026,0.021819927704464462,-33.22293385369246,3.734,0.0040000000000000036,99.44507525812041,True,0.9070403731189699,0.9234984349445483,-0.16152251053733624,pyin_probability_below_0.5,-1.1275748971792023,False,-2.5000000000000013,-2.6688449788599433
3.74,3.6973333333333334,3.7826666666666666,False,97.95413429584742,True,0.12793708630129036,-1.0000000000000013,0.023115123003849547,-32.72207582366488,3.744,0.0040000000000000036,99.19027022470686,True,0.8494605765364794,1.23613592885944,-0.21710671025685885,pyin_probability_below_0.5,-1.1719906974596783,False,-2.6000000000000005,-2.713260779140418
3.75,3.707333333333333,3.792666666666667,False,97.3899599969843,True,0.10857977072874497,-1.0999999999999999,0.0244336902055263,-32.24021873677482,3.754,0.0040000000000000036,98.47110751651027,True,0.8846065352480236,1.0811475195259703,-0.19112919504225817,pyin_probability_below_0.5,-1.2979682126742773,False,-2.699999999999999,-2.8392382943550176
3.76,3.7173333333333334,3.8026666666666666,False,96.82903510297565,True,0.09203757081218102,-1.2000000000000002,0.025200050548133283,-31.97197176154901,3.7640000000000002,0.004000000000000448,97.51471552343602,True,0.9117272514991784,0.6856804204603719,-0.12216273612956814,pyin_probability_below_0.5,-1.4669346715869678,False,-2.8,-3.008204753267707
3.77,3.727333333333333,3.812666666666667,False,96.27134089862668,True,0.047686993082531035,-1.3000000000000005,0.025656584482882713,-31.816023186008152,3.774,0.0040000000000000036,95.86246470497333,True,0.9182904915274293,0.4088761936533416,0.07368421758505772,pyin_probability_below_0.5,-1.7627816253015942,False,-2.8999999999999995,-3.3040517069823334
3.78,3.7373333333333334,3.8226666666666667,False,95.71685877653417,True,0.056071395445892624,-1.4000000000000004,0.02560082986708189,-31.834919130596674,3.7840000000000003,0.004000000000000448,94.51774113646957,True,0.9211497444103243,1.1991176400645998,0.21825480570921985,pyin_probability_below_0.5,-2.007352213425756,False,-2.9999999999999987,-3.5486222951064956
3.79,3.747333333333333,3.832666666666667,False,95.16557023646565,True,0.06608151270920701,-1.5000000000000004,0.024839078124785356,-32.0972905312201,3.794,0.0040000000000000036,93.00536808330463,True,0.9023055357904556,2.1602021531610234,0.39750876063737883,pyin_probability_below_0.5,-2.286606168353914,False,-3.0999999999999983,-3.827876250034656
3.8,3.7573333333333334,3.8426666666666667,False,94.07250043362458,True,0.09203757081218102,-1.6999999999999988,0.02480016167687408,-32.110909758358424,3.8040000000000003,0.004000000000000448,91.46218376890288,True,0.9089218974179767,2.610316664721708,0.48717223020844325,pyin_probability_below_0.5,-2.5762696379249794,False,-3.299999999999999,-4.11753971960572
3.81,3.767333333333333,3.8526666666666665,False,92.9919856082918,True,0.1504646013433388,-1.9000000000000006,0.024511737014490435,-32.21251823103492,3.814,0.0040000000000000036,90.68386711124191,True,0.9099823726185828,2.3081184970498896,0.43512564377123975,pyin_probability_below_0.5,-2.7242230514877748,False,-3.4999999999999982,-4.265493133168514
3.82,3.7773333333333334,3.8626666666666667,False,91.92388155425118,True,0.24075439447557428,-2.0999999999999996,0.023881287971621798,-32.438845088638814,3.8240000000000003,0.004000000000000448,91.53396079065156,True,0.9136705162688131,0.38992076359961914,0.07359130688752202,pyin_probability_below_0.5,-2.5626887146040556,False,-3.6999999999999984,-4.103958796284797
3.83,3.787333333333333,3.8726666666666665,False,91.39443895545271,True,0.24075439447557428,-2.1999999999999997,0.023839091183347386,-32.454206104123145,3.834,0.0040000000000000036,91.28640742539714,True,0.9581285468092204,0.10803153005556965,0.020475916190716908,pyin_probability_below_0.5,-2.6095733239072514,False,-3.8,-4.150843405587993
3.84,3.7973333333333334,3.8826666666666667,False,90.86804572163626,True,0.32333605839064083,-2.3,0.024045252147979704,-32.379413287667866,3.8440000000000003,0.004000000000000448,90.63469500938747,True,0.96416126514053,0.233350712248793,0.04451557253372847,pyin_probability_below_0.5,-2.7336129802502662,False,-3.8999999999999986,-4.274883061931006
3.85,3.8073333333333332,3.8926666666666665,False,91.39443895545271,True,0.3233360583906408,-2.1999999999999997,0.024997294782470852,-32.042139766251196,3.854,0.0040000000000000036,90.92249967085799,True,0.9815656529632826,0.47193928459472545,0.08962844480004928,pyin_probability_below_0.5,-2.6787258525165853,False,-3.8,-4.2199959341973265
3.86,3.8173333333333335,3.9026666666666667,False,91.39443895545271,True,0.42606232904328145,-2.1999999999999997,0.025734258997653935,-31.789766649588174,3.864,0.0040000000000000036,91.29208973457963,True,0.9620239977672341,0.10234922087308007,0.019398307678185837,pyin_probability_below_0.5,-2.6084957153947212,False,-3.8,-4.149765797075463
3.87,3.8273333333333333,3.9126666666666665,False,91.39443895545271,True,0.5485250542599845,-2.1999999999999997,0.025993378094311022,-31.702745520111893,3.874,0.0040000000000000036,90.98493913999185,True,0.9764116960982384,0.4094998154608618,0.0777435719304018,,-2.6668409796469357,True,-3.8,-4.208111061327678
3.88,3.8373333333333335,3.9226666666666667,False,91.39443895545271,True,0.6159498854580681,-2.1999999999999997,0.025748848479924955,-31.78484376740473,3.884,0.0040000000000000036,91.46054303269067,True,0.9801355421307667,0.0661040772379522,-0.012517201668518715,,-2.576580206048017,True,-3.8,-4.117850287728757
3.89,3.8473333333333333,3.9326666666666665,False,91.39443895545271,True,0.6860828109301793,-2.1999999999999997,0.025259887505460144,-31.951371758010193,3.894,0.0040000000000000036,91.58038732018092,True,0.9818286968191084,0.18594836472820475,-0.035187381538882026,,-2.553910026177652,True,-3.8,-4.095180107858393
3.9,3.8573333333333335,3.9426666666666668,False,91.39443895545271,True,0.6860828109301793,-2.1999999999999997,0.02441525608177473,-32.24677432432586,3.904,0.0040000000000000036,91.48061219142623,True,0.969094638119367,0.08617323597351856,-0.01631562647194292,,-2.5727817812445926,True,-3.8,-4.114051862925333
3.91,3.8673333333333333,3.9526666666666666,False,91.39443895545271,True,0.6860828109301793,-2.1999999999999997,0.023480985586795823,-32.58567356081929,3.914,0.0040000000000000036,91.43005906937486,True,0.9628953389490327,0.0356201139221497,-0.006746005650245603,,-2.5823514020662905,True,-3.8,-4.12362148374703
3.92,3.8773333333333335,3.962666666666667,False,91.39443895545271,True,0.7571601330199093,-2.1999999999999997,0.022292081848116745,-33.03698742094747,3.924,0.0040000000000000036,90.79350338238966,True,0.9472588081581007,0.6009355730630546,0.11420776644042463,,-2.70330517415696,True,-3.8,-4.244575255837701
3.93,3.8873333333333333,3.9726666666666666,False,90.86804572163626,True,0.6159498854580681,-2.3,0.02063846664702812,-33.706451442710176,3.934,0.0040000000000000036,89.41238640777354,True,0.9712164258728848,1.455659313862725,0.27958017485054554,,-2.968677582567083,True,-3.8999999999999986,-4.5099476642478225
3.94,3.8973333333333335,3.982666666666667,False,90.86804572163626,True,0.3721358982975087,-2.3,0.01865357352920837,-34.58475913195941,3.944,0.0040000000000000036,88.22977911581353,True,0.9609189001859826,2.6382666058227358,0.5100885399130293,pyin_probability_below_0.5,-3.1991859476295677,False,-3.8999999999999986,-4.740456029310305
3.95,3.9073333333333333,3.9926666666666666,False,90.34468428975191,True,0.20650679911775224,-2.4000000000000004,0.01610383100146422,-35.86141591429645,3.954,0.0040000000000000036,88.32860090634908,True,0.798526955747918,2.0160833834028296,0.3907086989325051,pyin_probability_below_0.5,-3.1798061066490413,False,-3.999999999999999,-4.721076188329783
3.96,3.917333333333333,4.002666666666666,False,89.82433719790544,True,0.07797523762294818,-2.5000000000000036,0.014260923928977903,-36.91704673476262,3.964,0.0040000000000000036,,False,0.0,,,pyin_probability_below_0.5|voicing_disagreement,,False,-4.100000000000002,
3.97,3.9273333333333333,4.012666666666667,False,88.7926166890357,True,0.020317628556360587,-2.700000000000003,0.012232774759551349,-38.249500415972136,3.974,0.0040000000000000036,,False,0.0,,,pyin_probability_below_0.5|voicing_disagreement,,False,-4.300000000000003,
3.98,3.937333333333333,4.022666666666667,False,88.7926166890357,True,0.01001876450976914,-2.700000000000003,0.010429412791435066,-39.63480286045998,3.984,0.0040000000000000036,,False,0.0,,,pyin_probability_below_0.5|voicing_disagreement,,False,-4.300000000000003,
3.99,3.9473333333333334,4.032666666666667,False,,False,0.010000001546554296,,0.01525924678205384,-36.32933806480634,3.994,0.0040000000000000036,,False,0.0,,,,,False,,
4.0,3.957333333333333,4.042666666666666,False,,False,0.01000419105279527,,0.02204560325907362,-33.13356025156179,4.0040000000000004,0.004000000000000448,,False,0.0,,,,,False,,
4.01,3.9673333333333334,4.052666666666667,False,,False,0.010000002871100368,,0.027561965262358695,-31.193796379578277,4.014,0.004000000000000448,,False,0.0,,,,,False,,
4.02,3.977333333333333,4.062666666666667,False,98.52157682317586,True,0.01000020633903134,-0.9000000000000026,0.03177715614230414,-29.957699440853837,4.024,0.004000000000000448,,False,0.0,,,pyin_probability_below_0.5|voicing_disagreement,,False,-2.5000000000000013,
4.03,3.9873333333333334,4.072666666666667,False,99.09230651162453,True,0.010013068846238976,-0.8000000000000008,0.03706748426732778,-28.62013776195117,4.034,0.0039999999999995595,,False,0.0,,,pyin_probability_below_0.5|voicing_disagreement,,False,-2.4000000000000004,
4.04,3.997333333333333,4.082666666666666,False,100.82440951919276,True,0.010000516719604524,-0.5000000000000001,0.04315787580553258,-27.298798781468495,4.0440000000000005,0.004000000000000448,96.68004409707238,True,0.5206643061506204,4.144365422120373,0.726659044057307,pyin_probability_below_0.5,-1.6157564517738428,False,-2.0999999999999996,-3.1570265334545837
4.05,4.007333333333333,4.092666666666666,False,103.18106837793296,True,0.01000000928748663,-0.10000000000000259,0.05027508784670322,-25.972943237576125,4.054,0.004000000000000448,98.72091640078744,True,0.8524416942910477,4.4601519771455145,0.7650071771107112,pyin_probability_below_0.5,-1.2541045848272472,False,-1.7000000000000013,-2.7953746665079877
4.06,4.017333333333333,4.102666666666667,False,105.59281152631061,True,0.010000000208892744,0.2999999999999983,0.0555199026365137,-25.1110260832189,4.064,0.004000000000000448,100.10894063825084,True,0.6817666455120419,5.483870888059769,0.923289570560119,pyin_probability_below_0.5,-1.0123869782766564,False,-1.3000000000000005,-2.553657059957396
4.07,4.027333333333333,4.112666666666667,False,103.18106837793296,True,0.010000000001606035,-0.10000000000000259,0.06129488530082526,-24.251515266010898,4.074,0.0039999999999995595,103.1601236226976,True,0.7035859612988468,0.020944755235362322,0.0035145937837984986,pyin_probability_below_0.5,-0.4926120015003361,False,-1.7000000000000013,-2.0338820831810764
4.08,4.037333333333334,4.1226666666666665,False,113.82716948276507,True,0.010000000021701592,1.599999999999999,0.06493058830511153,-23.751013243482465,4.0840000000000005,0.004000000000000448,105.2133448936362,True,0.6341108244282956,8.613824589128868,1.3623270473394222,pyin_probability_below_0.5|pitch_difference_over_1_semitone,-0.15142445505595753,False,0.0,-1.6926945367366977
4.09,4.0473333333333334,4.132666666666666,False,114.4865635674993,True,0.010000000417925077,1.6999999999999993,0.06595495705368679,-23.61505116227359,4.094,0.004000000000000448,108.26917078329745,True,0.4997759933000769,6.217392784201849,0.9666694822269878,pyin_probability_below_0.5,0.34423311005647644,False,0.10000000000000017,-1.1970369716242637
4.1,4.057333333333333,4.142666666666667,False,114.4865635674993,True,0.010000005216229449,1.6999999999999993,0.06518575839824448,-23.71694554691153,4.104,0.004000000000000448,112.8125112380643,True,0.5957556175089892,1.6740523294349998,0.25501457044042064,pyin_probability_below_0.5,1.0558880218430444,False,0.10000000000000017,-0.4853820598376948
4.11,4.067333333333333,4.152666666666667,False,114.4865635674993,True,0.010000027850262286,1.6999999999999993,0.06457593528365786,-23.79858590035497,4.114,0.0039999999999995595,114.97134868579414,True,0.742768165095267,0.4847851182948375,-0.07315308884202237,pyin_probability_below_0.5,1.3840556811254856,False,0.10000000000000017,-0.1572144005552525
4.12,4.077333333333334,4.1626666666666665,False,114.4865635674993,True,0.0100000470079773,1.6999999999999993,0.06310068692226459,-23.99931825888112,4.124,0.0039999999999995595,116.9682227680425,True,0.769832445903634,2.4816592005431914,-0.3712602036005962,pyin_probability_below_0.5,1.682162795884059,False,0.10000000000000017,0.14089271420332156
4.13,4.0873333333333335,4.172666666666666,False,114.4865635674993,True,0.010000802780927255,1.6999999999999993,0.05680004569691809,-24.913026297782658,4.134,0.004000000000000448,120.35358079142944,True,0.7394071840432911,5.867017223930134,-0.8652093116800119,pyin_probability_below_0.5,2.176111903963478,False,0.10000000000000017,0.6348418222827368
4.14,4.097333333333333,4.182666666666667,False,115.14977748330686,True,0.010467533617069905,1.7999999999999972,0.05143178953595146,-25.775367288391383,4.144,0.004000000000000448,124.96125575181173,True,0.7603285959954712,9.811478268504871,-1.415630798887163,pyin_probability_below_0.5|pitch_difference_over_1_semitone,2.826533391170626,False,0.19999999999999687,1.2852633094898862
4.15,4.107333333333333,4.192666666666667,False,117.84127594565435,True,0.010037765502929688,2.199999999999996,0.04555224235003032,-26.82980479257918,4.154,0.0039999999999995595,135.7470490259181,True,0.8007558262310017,17.905773080263756,-2.4489105523872836,pyin_probability_below_0.5|pitch_difference_over_1_semitone,4.259813144670748,False,0.5999999999999976,2.718543062990005
4.16,4.117333333333334,4.2026666666666666,False,,False,0.010191075496968311,,0.039507865528799424,-28.066328661802473,4.164,0.0039999999999995595,139.51311044458686,True,0.7322724672215805,,,voicing_disagreement,4.733571544313136,False,,3.192301462632398
4.17,4.1273333333333335,4.212666666666666,False,137.7302022667084,True,0.011422334250709074,4.900000000000001,0.03495273060098206,-29.130377806883693,4.174,0.004000000000000448,150.41050283671063,True,0.8065942118649886,12.680300570002231,-1.5247242502532443,pyin_probability_below_0.5|pitch_difference_over_1_semitone,6.035626842536713,False,3.3000000000000034,4.494356760855972
4.18,4.137333333333333,4.222666666666667,False,139.33055012971812,True,0.013980210380185928,5.100000000000001,0.03234047980260365,-29.805070823980458,4.184,0.004000000000000448,152.45867743732373,True,0.8703635062502414,13.12812730760561,-1.558879713610299,pyin_probability_below_0.5|pitch_difference_over_1_semitone,6.269782305893765,False,3.500000000000001,4.728512224213024
4.19,4.147333333333333,4.232666666666667,False,148.4707041104003,True,0.03489742801962526,6.199999999999999,0.028379535865571535,-30.939894230192063,4.194,0.0039999999999995595,151.77117096849912,True,0.8430557608361505,3.3004668580988152,-0.3806338320751579,pyin_probability_below_0.5,6.191536424358625,False,4.600000000000001,4.6502663426778845
4.2,4.157333333333334,4.242666666666667,False,151.06592630451914,True,0.09203757081218103,6.499999999999998,0.024489481819732664,-32.220408082896974,4.204,0.0039999999999995595,155.30850303166835,True,0.7991005760122397,4.242576727149213,-0.4795023421112682,pyin_probability_below_0.5,6.590404934394732,False,4.899999999999999,5.049134852713991
4.21,4.167333333333334,4.252666666666666,False,152.82122781686914,True,0.10857977072874499,6.700000000000001,0.021687935637945025,-33.275635685134596,4.214,0.004000000000000448,160.30248968752593,True,0.7240905322497521,7.481261870656795,-0.8274225101052459,pyin_probability_below_0.5,7.138325102388709,False,5.100000000000001,5.59705502070797
4.22,4.177333333333333,4.262666666666667,False,153.70651218352927,True,0.06608151270920702,6.800000000000001,0.01997488991720372,-33.99031210859753,4.224,0.004000000000000448,160.62517397060753,True,0.5748797888997129,6.918661787078264,-0.7622367233681347,pyin_probability_below_0.5,7.1731393156516,False,5.200000000000001,5.6318692339708605
4.23,4.187333333333333,4.272666666666667,False,153.70651218352927,True,0.026168028608935755,6.800000000000001,0.017659210460876554,-35.06057435055945,4.234,0.0039999999999995595,151.6892068510078,True,0.4063821195092897,2.0173053325214596,0.22871823394894103,pyin_probability_below_0.5,6.182184358334524,False,5.200000000000001,4.640914276653785
4.24,4.197333333333333,4.282666666666667,False,148.4707041104003,True,0.011085791888943373,6.199999999999999,0.013317019703168913,-37.51185915389989,4.244,0.0039999999999995595,147.40684633230276,True,0.4219605239920908,1.0638577780975425,0.12449709301710926,pyin_probability_below_0.5,5.686405499266355,False,4.600000000000001,4.145135417585614
4.25,4.207333333333334,4.292666666666666,False,140.9494931391844,True,0.01010197459374499,5.299999999999999,0.011416223319851657,-38.8495508861116,4.2540000000000004,0.004000000000000448,141.27661692459066,True,0.7010738229109035,0.32712378540625764,-0.040132933770236384,pyin_probability_below_0.5,4.951035526053702,False,3.7000000000000015,3.409765444372963
4.26,4.217333333333333,4.302666666666667,False,139.33055012971812,True,0.01010197459374499,5.100000000000001,0.011468791354615392,-38.809646961380075,4.264,0.004000000000000448,134.77585000101575,True,0.7811894525120664,4.554700128702365,0.5753953788291423,pyin_probability_below_0.5,4.135507213454324,False,3.500000000000001,2.5942371317735833
4.27,4.227333333333333,4.312666666666667,False,136.14823596668148,True,0.010259050559778863,4.699999999999999,0.011555488109901237,-38.744234099397204,4.274,0.004000000000000448,129.28875149851459,True,0.7601681759009762,6.859484468166897,0.894978336268021,pyin_probability_below_0.5,3.415924256015445,False,3.1000000000000023,1.8746541743347067
4.28,4.237333333333333,4.322666666666667,False,133.80929076365396,True,0.010037765502929688,4.399999999999999,0.012452979030095056,-38.094534864426265,4.284,0.0039999999999995595,131.41117550919176,True,0.3768485964227385,2.3981152544621978,0.3130838271849794,pyin_probability_below_0.5,3.697818765098485,False,2.8000000000000003,2.156548683417746
4.29,4.247333333333334,4.332666666666666,False,126.29915234996876,True,0.01000419105279527,3.4000000000000004,0.013194055879477784,-37.59243361854551,4.2940000000000005,0.004000000000000448,120.38330915256658,True,0.45724358143101257,5.915843197402182,0.8305149205889046,pyin_probability_below_0.5,2.1803876716945627,False,1.800000000000001,0.639117590013822
4.3,4.257333333333333,4.342666666666666,False,119.21052561660726,True,0.010037765502929688,2.399999999999998,0.013331699636033284,-37.50228959162346,4.304,0.004000000000000448,117.63958648750571,True,0.6744475432352549,1.5709391291015464,0.2296560611389108,pyin_probability_below_0.5,1.7812465311445511,False,0.8000000000000002,0.23997644946381036
4.31,4.267333333333333,4.352666666666667,False,113.82716948276507,True,0.01010197459374499,1.599999999999999,0.012926757802743381,-37.77020776216608,4.314,0.004000000000000448,109.87652983794275,True,0.5142498721792346,3.950639644822317,0.6115404489689051,pyin_probability_below_0.5,0.5993621433145584,False,0.0,-0.9419079383661801
4.32,4.277333333333333,4.362666666666667,False,109.31653398298289,True,0.010191075496968311,0.8999999999999985,0.01326422364441111,-37.546363284255364,4.324,0.0039999999999995595,103.1211681884108,True,0.6395726522420415,6.1953657945720835,1.0100533326527557,pyin_probability_below_0.5|pitch_difference_over_1_semitone,-0.4991507403692921,False,-0.7000000000000002,-2.0404208220500335
4.33,4.287333333333334,4.3726666666666665,False,109.9497982220883,True,0.011853505394683413,0.9999999999999971,0.014382132877511942,-36.84353406175332,4.3340000000000005,0.004000000000000448,110.02505309393564,True,0.6949283809987159,0.07525487184733493,-0.011845336028504485,pyin_probability_below_0.5,0.622747928311969,False,-0.5999999999999991,-0.9185221533687706
4.34,4.2973333333333334,4.382666666666666,False,110.58673092361124,True,0.012403124793551348,1.099999999999998,0.016310242257097533,-35.750791766148126,4.344,0.004000000000000448,108.81500723751876,True,0.7858028377905031,1.7717236860924857,0.2796090013733162,pyin_probability_below_0.5,0.4312935909101475,False,-0.5000000000000001,-1.1099764907705927
4.35,4.307333333333333,4.392666666666667,False,111.2273533387383,True,0.026168028608935755,1.1999999999999993,0.019922318048733526,-34.013202618242794,4.354,0.004000000000000448,106.1762622653731,True,0.8418284605044639,5.0510910733652,0.8046043576509219,pyin_probability_below_0.5,0.006298234632543001,False,-0.3999999999999969,-1.5349718470481957
4.36,4.317333333333333,4.402666666666667,False,111.87168684176291,True,0.056071395445892624,1.2999999999999994,0.022940978588038313,-32.7877612087992,4.364,0.0039999999999995595,111.52964437514852,True,0.929453362745684,0.3420424666143873,0.05301275725695222,pyin_probability_below_0.5,0.857889835026513,False,-0.30000000000000004,-0.6833802466542266
4.37,4.327333333333334,4.4126666666666665,False,112.51975293079859,True,0.12793708630129036,1.3999999999999968,0.025616383942644927,-31.82964352195393,4.3740000000000006,0.004000000000000448,113.8672848924559,True,0.9090456991828624,1.3475319616573103,-0.20610020688102765,pyin_probability_below_0.5,1.2170027991644914,False,-0.19999999999999973,-0.3242672825162485
4.38,4.3373333333333335,4.422666666666666,False,112.51975293079859,True,0.17653060863289757,1.3999999999999968,0.028032042244600874,-31.046905220497667,4.384,0.004000000000000448,111.23179986650602,True,0.9044373949487455,1.2879530642925658,0.19930791966419636,pyin_probability_below_0.5,0.8115946726192697,False,-0.19999999999999973,-0.7296754090614717
4.39,4.347333333333333,4.432666666666667,False,112.51975293079859,True,0.2796051653363589,1.3999999999999968,0.03001236147666093,-30.45399662870123,4.394,0.004000000000000448,112.0417148626103,True,0.9583758379265707,0.4780380681882832,0.0737078394305696,pyin_probability_below_0.5,0.9371947528528948,False,-0.19999999999999973,-0.6040753288278442
4.4,4.357333333333333,4.442666666666667,False,112.51975293079859,True,0.42606232904328145,1.3999999999999968,0.03176233427641568,-29.961751758328347,4.404,0.0039999999999995595,112.82715266070922,True,0.9766322269330989,0.30739972991062814,-0.04723217368313251,pyin_probability_below_0.5,1.0581347659665945,False,-0.19999999999999973,-0.4831353157141436
4.41,4.367333333333334,4.4526666666666666,False,112.51975293079859,True,0.42606232904328145,1.3999999999999968,0.033387225518460725,-29.528393387158562,4.414,0.0039999999999995595,113.33162062963726,True,0.9639247683248423,0.8118676988386682,-0.1244658410077516,pyin_probability_below_0.5,1.1353684332912164,False,-0.19999999999999973,-0.4059016483895237
4.42,4.3773333333333335,4.462666666666666,False,111.87168684176291,True,0.42606232904328145,1.2999999999999994,0.03481738426286928,-29.164077187563436,4.424,0.004000000000000448,112.05526990840015,True,0.9733135846103872,0.18358306663724022,-0.02838651778361808,pyin_probability_below_0.5,0.9392891100670854,False,-0.30000000000000004,-0.6019809716136559
4.43,4.387333333333333,4.472666666666667,False,111.87168684176291,True,0.4260623290432814,1.2999999999999994,0.035459594385095404,-29.00532473021378,4.434,0.004000000000000448,111.52263566706944,True,0.9713548580310775,0.34905117469347147,0.054100727670720855,pyin_probability_below_0.5,0.856801864612746,False,-0.30000000000000004,-0.684468217067995
4.44,4.397333333333333,4.482666666666667,False,109.9497982220883,True,0.4260623290432814,0.9999999999999971,0.03576834209846997,-28.930023788115143,4.444,0.0039999999999995595,109.6668607537251,True,0.9751496774457715,0.2829374683632011,0.04460784097850487,pyin_probability_below_0.5,0.5662947513049577,False,-0.5999999999999991,-0.9749753303757813
4.45,4.407333333333334,4.492666666666667,False,109.31653398298289,True,0.20650679911775227,0.8999999999999985,0.035994991862055674,-28.875158405751936,4.454,0.0039999999999995595,109.15522628902207,True,0.955749705362552,0.161307693960822,0.025564990418954575,pyin_probability_below_0.5,0.4853376018645094,False,-0.7000000000000002,-1.0559324798162302
4.46,4.417333333333334,4.502666666666666,False,108.68691707750624,True,0.07797523762294818,0.8000000000000002,0.03581418552126778,-28.918898420550384,4.464,0.004000000000000448,107.55582567289498,True,0.9478228569582312,1.1310914046112543,0.18111144782377778,pyin_probability_below_0.5,0.22979114445968918,False,-0.7999999999999968,-1.3114789372210507
4.47,4.427333333333333,4.512666666666667,False,106.81974089615274,True,0.026168028608935752,0.5000000000000008,0.03551566285797841,-28.99160150643525,4.474,0.004000000000000448,105.47568176166229,True,0.9210377253757599,1.3440591344904504,0.21921452646723122,pyin_probability_below_0.5,-0.10831193418376547,False,-1.0999999999999999,-1.6495820158645054
4.48,4.437333333333333,4.522666666666667,False,106.2045044606715,True,0.015085587297504338,0.4000000000000011,0.03348396683466854,-29.50326193809474,4.484,0.0039999999999995595,103.10764437995205,True,0.9330958225113339,3.096860080719452,0.5123239055585345,pyin_probability_below_0.5,-0.5014213132750704,False,-1.199999999999998,-2.0426913949558094
4.49,4.447333333333333,4.532666666666667,False,103.18106837793296,True,0.011853505394683413,-0.10000000000000259,0.03296848807610491,-29.63801938001268,4.494,0.0039999999999995595,100.94930727937192,True,0.8782396759056023,2.231761098561037,0.37856734899652145,pyin_probability_below_0.5,-0.867664756713058,False,-1.7000000000000013,-2.4089348383937983
4.5,4.457333333333334,4.542666666666666,False,99.66634240352404,True,0.011853505394683413,-0.7000000000000002,0.03221351718791008,-29.839237095093655,4.5040000000000004,0.004000000000000448,98.88074040043148,True,0.8465226556922373,0.7856020030925635,0.13700206674298288,pyin_probability_below_0.5,-1.226099474459519,False,-2.3,-2.7673695561402587
4.51,4.467333333333333,4.552666666666667,False,98.52157682317586,True,0.011853505394683415,-0.9000000000000026,0.03150447931234371,-30.032553875107926,4.514,0.004000000000000448,97.04705079394795,True,0.8559555905093473,1.474526029227917,0.26106416685808076,pyin_probability_below_0.5,-1.5501615745746187,False,-2.5000000000000013,-3.0914316562553585
4.52,4.477333333333333,4.562666666666667,False,96.82903510297565,True,0.011422334250709073,-1.2000000000000002,0.030849135858613652,-30.215139937050406,4.524,0.004000000000000448,95.9924378583722,True,0.8855368219640678,0.8365972446034533,0.15022753443071776,pyin_probability_below_0.5,-1.739324942147253,False,-2.8,-3.280595023827991
4.53,4.487333333333333,4.572666666666667,False,95.71685877653417,True,0.013100262550513395,-1.4000000000000004,0.03030664466713513,-30.369242858401865,4.534,0.0039999999999995595,94.44642039674657,True,0.8093934469317186,1.270438379787592,0.231323198982767,pyin_probability_below_0.5,-2.0204206066993042,False,-2.9999999999999987,-3.5616906883800437
4.54,4.497333333333334,4.582666666666666,False,95.16557023646565,True,0.020317628556360583,-1.5000000000000004,0.02924787800909343,-30.678112747103626,4.5440000000000005,0.004000000000000448,93.18063631150595,True,0.9134923855035441,1.984933924959705,0.36491442950090297,pyin_probability_below_0.5,-2.254011837217441,False,-3.0999999999999983,-3.79528191889818
4.55,4.507333333333333,4.592666666666666,False,94.07250043362458,True,0.026168028608935755,-1.6999999999999988,0.028180507454081866,-31.001023813941835,4.554,0.004000000000000448,93.52935783750651,True,0.9583515589295177,0.5431425961180736,0.1002452312391372,pyin_probability_below_0.5,-2.1893426389556687,False,-3.299999999999999,-3.730612720636411
4.56,4.517333333333333,4.602666666666667,False,92.9919856082918,True,0.04069733156888106,-1.9000000000000006,0.027088550809446364,-31.34428456695983,4.564,0.004000000000000448,92.9845664496252,True,0.8764332657918736,0.007419158666593262,0.0013812816684385617,pyin_probability_below_0.5,-2.2904786893849725,False,-3.4999999999999982,-3.8317487710657145
4.57,4.527333333333333,4.612666666666667,False,92.4563911828233,True,0.12793708630129036,-2.0000000000000004,0.025733070496593874,-31.79016780461781,4.574,0.0039999999999995595,91.18571165902264,True,0.8946697070232418,1.270679523800652,0.23958326891014958,pyin_probability_below_0.5,-2.6286806766266837,False,-3.5999999999999988,-4.169950758307424
4.58,4.537333333333334,4.6226666666666665,False,92.4563911828233,True,0.10857977072874497,-2.0000000000000004,0.02475413761637219,-32.12704398004495,4.5840000000000005,0.004000000000000448,90.43485976571553,True,0.8706862602104288,2.0215314171077665,0.3827287021722884,pyin_probability_below_0.5,-2.771826109888825,False,-3.5999999999999988,-4.3130961915695645
4.59,4.5473333333333334,4.632666666666666,False,91.92388155425118,True,0.12793708630129036,-2.0999999999999996,0.023477590808465062,-32.586929419588515,4.594,0.004000000000000448,90.8462930511604,True,0.8536391029366008,1.0775885030907801,0.20414485331429,pyin_probability_below_0.5,-2.693242261030827,False,-3.6999999999999984,-4.2345123427115645
4.6,4.557333333333333,4.642666666666667,False,90.86804572163626,True,0.20650679911775227,-2.3,0.022514648735975654,-32.95069648653928,4.604,0.004000000000000448,90.79466995827882,True,0.8925658098201359,0.073375763357447,0.013985327295516513,pyin_probability_below_0.5,-2.7030827350120537,False,-3.8999999999999986,-4.2443528166927935
4.61,4.567333333333333,4.652666666666667,False,90.34468428975191,True,0.24075439447557428,-2.4000000000000004,0.021975845674162497,-33.16108806837801,4.614,0.0039999999999995595,89.33768859515972,True,0.9246609054041455,1.0069956945921916,0.19404947273626927,pyin_probability_below_0.5,-2.9831468804528027,False,-3.999999999999999,-4.524416962133544
4.62,4.577333333333334,4.6626666666666665,False,90.86804572163626,True,0.24075439447557428,-2.3,0.021741710928831415,-33.254125656040294,4.6240000000000006,0.004000000000000448,89.4488170571956,True,0.9261904270405191,1.4192286644406664,0.27252778111065956,pyin_probability_below_0.5,-2.9616251888271954,False,-3.8999999999999986,-4.502895270507934
4.63,4.5873333333333335,4.672666666666666,False,90.86804572163626,True,0.2796051653363589,-2.3,0.021883474188964972,-33.19767457792287,4.634,0.004000000000000448,90.8003830810196,True,0.9788716665727749,0.0676626406166605,0.012896007685421207,pyin_probability_below_0.5,-2.7019934154019576,False,-3.8999999999999986,-4.243263497082697
4.64,4.597333333333333,4.682666666666667,False,91.39443895545271,True,0.3721358982975087,-2.1999999999999997,0.020501824369122526,-33.764149824553655,4.644,0.004000000000000448,92.89293554277656,True,0.9548100375746005,1.4984965873238423,-0.28154999758451393,pyin_probability_below_0.5,-2.3075474101320204,False,-3.8,-3.848817491812762
4.65,4.607333333333333,4.692666666666667,False,91.39443895545271,True,0.3721358982975087,-2.1999999999999997,0.019710200501814757,-34.10617915683745,4.654,0.0039999999999995595,93.66351910908479,True,0.9518338646409014,2.269080153632075,-0.4245703071487956,pyin_probability_below_0.5,-2.164527100567741,False,-3.8,-3.70579718224848
4.66,4.617333333333334,4.7026666666666666,False,91.39443895545271,True,0.4849868077159113,-2.1999999999999997,0.019535305983431926,-34.18359563976901,4.664,0.0039999999999995595,92.27660920722015,True,0.9842695586847992,0.8821702517674339,-0.16630328363885283,pyin_probability_below_0.5,-2.422794124077684,False,-3.8,-3.9640642057584223
4.67,4.6273333333333335,4.712666666666666,False,91.39443895545271,True,0.48498680771591135,-2.1999999999999997,0.01920928063162517,-34.329777974567726,4.674,0.004000000000000448,91.12810800674059,True,0.9990335911379189,0.2663309487121239,0.05052324128115521,pyin_probability_below_0.5,-2.6396206489976914,False,-3.8,-4.180890730678432
4.68,4.637333333333333,4.722666666666667,False,91.92388155425118,True,0.32333605839064083,-2.0999999999999996,0.01920093762793142,-34.333551262705996,4.684,0.004000000000000448,90.50932190431911,True,0.9606863027405231,1.4145596499320732,0.26847995476256026,pyin_probability_below_0.5,-2.757577362479095,False,-3.6999999999999984,-4.298847444159834
4.69,4.647333333333333,4.732666666666667,False,90.34468428975191,True,0.3721358982975087,-2.4000000000000004,0.018850817909647148,-34.4933960328346,4.694,0.0039999999999995595,89.37943434554775,True,0.9697060546079009,0.9652499442041602,0.18596164493321823,pyin_probability_below_0.5,-2.975059052649753,False,-3.999999999999999,-4.516329134330495
4.7,4.657333333333334,4.742666666666667,False,90.34468428975191,True,0.3721358982975087,-2.4000000000000004,0.017876725038842595,-34.95424079338751,4.704,0.0039999999999995595,89.87938367452874,True,0.9744794070048161,0.4653006152231711,0.0893938381320808,pyin_probability_below_0.5,-2.8784912458486134,False,-3.999999999999999,-4.419761327529354
4.71,4.667333333333334,4.752666666666666,False,89.3069870847758,True,0.32333605839064083,-2.6000000000000005,0.017174503903690866,-35.3023159791106,4.714,0.004000000000000448,90.64370569213617,True,0.8709903266194176,1.3367186073603676,-0.25720549304632334,pyin_probability_below_0.5,-2.7318919146702116,False,-4.199999999999999,-4.273161996350952
4.72,4.677333333333333,4.762666666666667,False,88.7926166890357,True,0.3233360583906409,-2.700000000000003,0.01657949013662311,-35.60857658579436,4.724,0.004000000000000448,87.4654235440831,True,0.8456134308243761,1.3271931449526022,0.26072290212579124,pyin_probability_below_0.5,-3.349820309842329,False,-4.300000000000003,-4.891090391523068
4.73,4.687333333333333,4.772666666666667,False,88.28120884877589,True,0.2796051653363589,-2.8,0.0156728548107555,-36.09703779158067,4.734,0.0039999999999995595,86.74487736720317,True,0.9578595867049006,1.5363314815727165,0.3039338583329413,pyin_probability_below_0.5,-3.493031266049477,False,-4.4,-5.034301347730217
4.74,4.697333333333333,4.782666666666667,False,88.28120884877589,True,0.24075439447557426,-2.8,0.015421052839516046,-36.23771949485407,4.744,0.0039999999999995595,86.65068758438979,True,0.9422570122546847,1.630521264386104,0.32274224886645864,pyin_probability_below_0.5,-3.5118396565829957,False,-4.4,-5.0531097382637356
4.75,4.707333333333334,4.792666666666666,False,87.77274650093236,True,0.2796051653363588,-2.8999999999999995,0.014443421324454964,-36.80659839802307,4.7540000000000004,0.004000000000000448,86.37944941941318,True,0.9402144985589709,1.3932970815191794,0.27701916725488795,pyin_probability_below_0.5,-3.5661165749714225,False,-4.499999999999998,-5.107386656652164
4.76,4.717333333333333,4.802666666666667,False,87.26721268071712,True,0.37213589829750876,-3.000000000000001,0.013462533598827875,-37.41746399623046,4.764,0.004000000000000448,86.70294774924398,True,0.9260005010191389,0.5642649314731472,0.11230409689207332,pyin_probability_below_0.5,-3.5014015046086095,False,-4.599999999999999,-5.042671586289348
4.77,4.727333333333333,4.812666666666667,False,87.26721268071712,True,0.32333605839064083,-3.000000000000001,0.012216805711483661,-38.26084665637318,4.774,0.004000000000000448,87.89383943287457,True,0.9314735531143072,0.6266267521574491,-0.12386796999224413,pyin_probability_below_0.5,-3.2652294377242916,False,-4.599999999999999,-4.8064995194050315
4.78,4.737333333333333,4.822666666666667,False,87.26721268071712,True,0.32333605839064083,-3.000000000000001,0.010889754086543758,-39.25963854825077,4.784,0.0039999999999995595,88.1464307632549,True,0.9520796449048217,0.8792180825377756,-0.1735492175007302,pyin_probability_below_0.5,-3.2155481902158067,False,-4.599999999999999,-4.756818271896547
4.79,4.747333333333334,4.832666666666666,False,87.77274650093236,True,0.32333605839064083,-2.8999999999999995,0.009707478716122927,-40.25787105963624,4.7940000000000005,0.004000000000000448,87.67740694167176,True,0.9254907729531964,0.09533955926059434,0.018815042816701377,pyin_probability_below_0.5,-3.307912450533234,False,-4.499999999999998,-4.849182532213975
4.8,4.757333333333333,4.842666666666666,False,88.28120884877589,True,0.2796051653363589,-2.8,0.008666973600380235,-41.242650525920574,4.804,0.004000000000000448,87.97805415266643,True,0.8151178752814624,0.3031546961094591,0.059552302740709905,pyin_probability_below_0.5,-3.248649710457243,False,-4.4,-4.789919792137984
4.81,4.767333333333333,4.852666666666667,False,88.28120884877589,True,0.24075439447557428,-2.8,0.00767797405631914,-42.295067193724904,4.814,0.004000000000000448,88.06082594144151,True,0.6924719814356377,0.2203829073343826,0.04327210946602026,pyin_probability_below_0.5,-3.232369517182556,False,-4.4,-4.773639598863296
4.82,4.777333333333333,4.862666666666667,False,88.28120884877589,True,0.20650679911775227,-2.8,0.007298588159864097,-42.735222835072726,4.824,0.0039999999999995595,,False,0.0,,,pyin_probability_below_0.5|voicing_disagreement,,False,-4.4,
4.83,4.787333333333334,4.8726666666666665,False,88.28120884877589,True,0.011869693659734157,-2.8,0.006377007153004323,-43.90766191740226,4.8340000000000005,0.004000000000000448,,False,0.0,,,pyin_probability_below_0.5|voicing_disagreement,,False,-4.4,
4.84,4.7973333333333334,4.882666666666666,False,88.7926166890357,True,0.047686993082531035,-2.700000000000003,0.005425246048344469,-45.31161121404903,4.844,0.004000000000000448,,False,0.0,,,pyin_probability_below_0.5|voicing_disagreement,,False,-4.300000000000003,
4.85,4.807333333333333,4.892666666666667,False,92.9919856082918,True,0.010622609040911533,-1.9000000000000006,0.0036859222092664014,-48.669076694562705,4.854,0.004000000000000448,,False,0.0,,,pyin_probability_below_0.5|voicing_disagreement,,False,-3.4999999999999982,
4.86,4.817333333333333,4.902666666666667,False,,False,0.010000000021701592,,0.004922362430690877,-46.15652825210243,4.864,0.0039999999999995595,,False,0.0,,,,,False,,
4.87,4.827333333333334,4.9126666666666665,False,,False,0.010000000047726026,,0.009103440368091107,-40.81588896564165,4.8740000000000006,0.004000000000000448,,False,0.0,,,,,False,,
4.88,4.8373333333333335,4.922666666666666,False,,False,0.010000000101429396,,0.010062042314701617,-39.94627721267058,4.884,0.004000000000000448,,False,0.0,,,,,False,,
4.89,4.847333333333333,4.932666666666667,False,,False,0.010000000417925077,,0.010387156950194659,-39.67006612258777,4.894,0.004000000000000448,,False,0.0,,,,,False,,
4.9,4.857333333333333,4.942666666666667,False,,False,0.010000000814014906,,0.010520090402234181,-39.559610562917904,4.904,0.0039999999999995595,,False,0.0,,,,,False,,
4.91,4.867333333333334,4.9526666666666666,False,,False,0.010000000814014908,,0.010577647877163256,-39.512217888995835,4.914,0.0039999999999995595,,False,0.0,,,,,False,,
4.92,4.8773333333333335,4.962666666666666,False,,False,0.010000000000221911,,0.011225567425498014,-38.9958339445162,4.924,0.004000000000000448,,False,0.0,,,,,False,,
4.93,4.887333333333333,4.972666666666667,False,,False,0.010000009287486629,,0.012709397361442979,-37.91750083597699,4.934,0.004000000000000448,,False,0.0,,,,,False,,
4.94,4.897333333333333,4.982666666666667,False,,False,0.01000419105279527,,0.013758277981977996,-37.22871840009863,4.944,0.0039999999999995595,,False,0.0,,,,,False,,
4.95,4.907333333333334,4.992666666666667,False,,False,0.0100028158258111,,0.014984740095077134,-36.48701570668933,4.954,0.0039999999999995595,228.46299219153266,True,0.7879830305017448,,,voicing_disagreement,13.27228896679311,False,,11.73101888511237
4.96,4.917333333333334,5.002666666666666,False,118.52392351256819,True,0.01001876450976914,2.3000000000000003,0.015873535157004477,-35.98652683578444,4.964,0.004000000000000448,231.24512263982922,True,0.8961390938494843,112.72119912726103,-11.570935765106128,pyin_probability_below_0.5|pitch_difference_over_1_semitone|possible_octave_disagreement,13.481838357389593,False,0.7000000000000017,11.940568275708852
4.97,4.927333333333333,5.012666666666667,False,114.4865635674993,True,0.010026724673810768,1.6999999999999993,0.01733243715615902,-35.22280731577042,4.974,0.004000000000000448,232.1023085200099,True,0.7917608511103137,117.6157449525106,-12.234990984810024,pyin_probability_below_0.5|pitch_difference_over_1_semitone|possible_octave_disagreement,13.545893577093487,False,0.10000000000000017,12.004623495412748
4.98,4.937333333333333,5.022666666666667,False,113.82716948276507,True,0.010001873046012551,1.599999999999999,0.019442892740641607,-34.2247823933014,4.984,0.0039999999999995595,,False,0.0,,,pyin_probability_below_0.5|voicing_disagreement,,False,0.0,
4.99,4.947333333333333,5.032666666666667,False,108.06092649856241,True,0.010002815825811098,0.699999999999998,0.02152316774157936,-33.34187619222811,4.994,0.0039999999999995595,114.78625609961541,True,0.51534596027561,6.725329601053005,-1.045259460942979,pyin_probability_below_0.5|pitch_difference_over_1_semitone,1.356162053226444,False,-0.9000000000000006,-0.1851080284542964
5.0,4.957333333333334,5.042666666666666,False,107.43854136004751,True,0.010002815825811098,0.5999999999999976,0.023053699982895522,-32.74518725954288,5.0040000000000004,0.004000000000000448,107.78122580985298,True,0.6452301484478719,0.34268444980547486,-0.05513131965110499,pyin_probability_below_0.5,0.2660339119345668,False,-1.0000000000000013,-1.2752361697461718
5.01,4.967333333333333,5.052666666666667,False,106.81974089615274,True,0.010004191052795272,0.5000000000000008,0.024002763300800527,-32.39477515142844,5.014,0.004000000000000448,106.55327985613752,True,0.8062527960433845,0.26646104001521564,0.04323945580392546,pyin_probability_below_0.5,0.06766313647953967,False,-1.0999999999999999,-1.4736069452012015
5.02,4.977333333333333,5.062666666666667,False,106.2045044606715,True,0.010000802780927253,0.4000000000000011,0.024947660336938574,-32.05940355023236,5.024,0.004000000000000448,106.986749581715,True,0.6768925691604464,0.782245121043502,-0.1270460621745842,pyin_probability_below_0.5,0.13794865445805016,False,-1.199999999999998,-1.403321427222691
5.03,4.987333333333333,5.072666666666667,False,106.2045044606715,True,0.010000516719604524,0.4000000000000011,0.026489438737386534,-31.538544870173347,5.034,0.0039999999999995595,103.5623424862287,True,0.5898365696345048,2.6421619744428,0.43614544097300945,pyin_probability_below_0.5,-0.425242848689542,False,-1.199999999999998,-1.966512930370282
5.04,4.997333333333334,5.082666666666666,False,101.99593272657759,True,0.010013068846238975,-0.30000000000000204,0.026520488759118485,-31.528369527342157,5.0440000000000005,0.004000000000000448,104.11597392927119,True,0.719914621464304,2.1200412026935993,-0.3561576835750933,pyin_probability_below_0.5,-0.33293972414144213,False,-1.9000000000000006,-1.8742098058221828
5.05,5.007333333333333,5.092666666666666,False,101.99593272657759,True,0.010140046044704067,-0.30000000000000204,0.02700846832205436,-31.37000088799593,5.054,0.004000000000000448,101.82864356358299,True,0.7213266538476093,0.1672891629946065,0.028418237419569663,pyin_probability_below_0.5,-0.7175156451361031,False,-1.9000000000000006,-2.2587857268168436
5.06,5.017333333333333,5.102666666666667,False,101.40847938173854,True,0.015085587297504336,-0.4000000000000028,0.026220449223731467,-31.62719744001521,5.064,0.004000000000000448,100.65203278114875,True,0.847922357093229,0.756446600589797,0.12962376619090704,pyin_probability_below_0.5,-0.9187211739074435,False,-2.0000000000000004,-2.459991255588184
5.07,5.027333333333333,5.112666666666667,False,101.40847938173854,True,0.020317628556360583,-0.4000000000000028,0.023826855994161223,-32.45866519962418,5.074,0.0039999999999995595,100.83730705366924,True,0.9036739300636445,0.5711723280693093,0.09778553398784665,pyin_probability_below_0.5,-0.886882941704382,False,-2.0000000000000004,-2.428153023385124
5.08,5.037333333333334,5.1226666666666665,False,100.82440951919276,True,0.06608151270920702,-0.5000000000000001,0.022131911030710587,-33.09962168597418,5.0840000000000005,0.004000000000000448,100.5474130785115,True,0.837554208915105,0.27699644068125906,0.047627911973595824,pyin_probability_below_0.5,-0.9367253196901297,False,-2.0999999999999996,-2.4779954013708703
5.09,5.0473333333333334,5.132666666666666,False,100.82440951919276,True,0.20650679911775224,-0.5000000000000001,0.020534812305733684,-33.75018524744756,5.094,0.004000000000000448,99.7087818399218,True,0.7376954252859123,1.1156276792709576,0.19262971258791922,pyin_probability_below_0.5,-1.0817271203044525,False,-2.0999999999999996,-2.622997201985192
5.1,5.057333333333333,5.142666666666667,False,100.82440951919276,True,0.15046460134333883,-0.5000000000000001,0.01844393604131506,-34.68292784936501,5.104,0.004000000000000448,100.17174648167129,True,0.6323908449819992,0.6526630375214637,0.11243164713898812,pyin_probability_below_0.5,-1.0015290548555251,False,-2.0999999999999996,-2.5427991365362637
5.11,5.067333333333333,5.152666666666667,False,100.24370365151614,True,0.07797523762294818,-0.6000000000000031,0.015293575881598267,-36.30981915496416,5.114,0.0039999999999995595,100.85164934203321,True,0.5191643023986523,0.6079456905170701,-0.10467665912801324,pyin_probability_below_0.5,-0.8844207485885243,False,-2.200000000000002,-2.4256908302692644
5.12,5.077333333333334,5.1626666666666665,False,100.24370365151614,True,0.02031762855636058,-0.6000000000000031,0.012509793818974322,-38.05499696203828,5.1240000000000006,0.004000000000000448,,False,0.0,,,pyin_probability_below_0.5|voicing_disagreement,,False,-2.200000000000002,
5.13,5.0873333333333335,5.172666666666666,False,100.82440951919276,True,0.010073751764282888,-0.5000000000000001,0.008947478989832926,-40.965986254647035,5.134,0.004000000000000448,,False,0.0,,,pyin_probability_below_0.5|voicing_disagreement,,False,-2.0999999999999996,
5.14,5.097333333333333,5.182666666666667,False,100.82440951919276,True,0.010000078102280326,-0.5000000000000001,0.0063204499830151,-43.98504002237882,5.144,0.004000000000000448,,False,0.0,,,pyin_probability_below_0.5|voicing_disagreement,,False,-2.0999999999999996,
5.15,5.107333333333333,5.192666666666667,False,101.99593272657759,True,0.010000000003996623,-0.30000000000000204,0.005457666498141464,-45.25986012613332,5.154,0.0039999999999995595,,False,0.0,,,pyin_probability_below_0.5|voicing_disagreement,,False,-1.9000000000000006,
5.16,5.117333333333334,5.2026666666666666,False,103.18106837793296,True,0.010000000000613844,-0.10000000000000259,0.005128320279477104,-45.80049719214824,5.164,0.0039999999999995595,,False,0.0,,,pyin_probability_below_0.5|voicing_disagreement,,False,-1.7000000000000013,
5.17,5.1273333333333335,5.212666666666666,False,,False,0.010000000000001867,,0.007892668895182623,-42.05552231741679,5.174,0.004000000000000448,,False,0.0,,,,,False,,
5.18,5.137333333333333,5.222666666666667,False,,False,0.010000039161585593,,0.009795691923685759,-40.17929763947896,5.184,0.004000000000000448,,False,0.0,,,,,False,,
5.19,5.147333333333333,5.232666666666667,False,,False,0.010000001546554296,,0.013438145378605834,-37.433213297393635,5.194,0.0039999999999995595,,False,0.0,,,,,False,,
5.2,5.157333333333334,5.242666666666667,False,122.70366064862014,True,0.01000032860450166,2.899999999999997,0.0170588714005003,-35.360994094962415,5.204,0.0039999999999995595,,False,0.0,,,pyin_probability_below_0.5|voicing_disagreement,,False,1.2999999999999994,
5.21,5.167333333333334,5.252666666666666,False,124.84848285663055,True,0.010622609040911533,3.2,0.02104624347768957,-33.53650819371462,5.214,0.004000000000000448,,False,0.0,,,pyin_probability_below_0.5|voicing_disagreement,,False,1.6000000000000023,
5.22,5.177333333333333,5.262666666666667,False,123.4144757235675,True,0.022944219124638607,2.999999999999999,0.024353809441417948,-32.26866192924367,5.224,0.004000000000000448,126.39569098360829,True,0.5627625925310025,2.981215260040784,-0.4132278898558691,pyin_probability_below_0.5,3.024130482139337,False,1.4000000000000004,1.4828604004585964
5.23,5.187333333333333,5.272666666666667,False,123.4144757235675,True,0.04069733156888105,2.999999999999999,0.026315913991208275,-31.5956308337055,5.234,0.0039999999999995595,122.39904011420462,True,0.7969275434851203,1.015435609362882,0.14303255011983224,pyin_probability_below_0.5,2.4678700421636326,False,1.4000000000000004,0.9265999604828918
5.24,5.197333333333333,5.282666666666667,False,123.4144757235675,True,0.06608151270920701,2.999999999999999,0.02800799021347466,-31.054361079875253,5.244,0.0039999999999995595,123.37039252767475,True,0.9209318034255904,0.044083195892753224,0.006185008916775961,pyin_probability_below_0.5,2.604717583366689,False,1.4000000000000004,1.0634475016859501
5.25,5.207333333333334,5.292666666666666,False,123.4144757235675,True,0.15046460134333883,2.999999999999999,0.029752599469787817,-30.529501683706265,5.2540000000000004,0.004000000000000448,123.34058139414601,True,0.9789857801977317,0.07389432942149199,0.010368856018265333,pyin_probability_below_0.5,2.600533736265203,False,1.4000000000000004,1.0592636545844634
5.26,5.217333333333333,5.302666666666667,False,123.4144757235675,True,0.2796051653363589,2.999999999999999,0.031351132307129534,-30.07493538319944,5.264,0.004000000000000448,123.91771257834391,True,0.9712664171437975,0.5032368547764037,-0.07044954285626656,pyin_probability_below_0.5,2.681352135139731,False,1.4000000000000004,1.1400820534589904
5.27,5.227333333333333,5.312666666666667,False,121.9969395672486,True,0.5485250542599845,2.799999999999997,0.03194544136401729,-29.911822143979727,5.274,0.004000000000000448,122.81214508583275,True,0.9596912752842954,0.8152055185841505,-0.11529937864142642,,2.52620197092489,True,1.1999999999999993,0.9849318892441511
5.28,5.237333333333333,5.322666666666667,False,122.70366064862014,True,0.6860828109301793,2.899999999999997,0.030297650642158922,-30.371820930088703,5.284,0.0039999999999995595,120.38068998779818,True,0.9884370905992047,2.322970660821966,0.33089158713734945,,2.1800110051461123,True,1.2999999999999994,0.6387409234653714
5.29,5.247333333333334,5.332666666666666,False,121.9969395672486,True,0.6860828109301793,2.799999999999997,0.028626331931896343,-30.86468594476827,5.2940000000000005,0.004000000000000448,120.27018722593598,True,0.9845681671077905,1.7267523413126185,0.2467906488413672,,2.1641119434420983,True,1.1999999999999993,0.6228418617613581
5.3,5.257333333333333,5.342666666666666,False,121.29428889978496,True,0.6860828109301793,2.6999999999999966,0.02734953108515194,-31.261002307179034,5.304,0.004000000000000448,120.40827281812533,True,0.9598600931909324,0.8860160816596334,0.12692526453814412,,2.1839773277453203,True,1.099999999999998,0.6427072460645814
5.31,5.267333333333333,5.352666666666667,False,121.29428889978496,True,0.5485250542599847,2.6999999999999966,0.025545312443820963,-31.853775622172996,5.314,0.004000000000000448,120.03083253984913,True,0.913618908273949,1.2634563599358302,0.1812789851623512,,2.1296236071211148,True,1.099999999999998,0.5883535254403734
5.32,5.277333333333333,5.362666666666667,False,121.29428889978496,True,0.2796051653363589,2.6999999999999966,0.023264790773445447,-32.66601697681733,5.324,0.0039999999999995595,118.40878751013803,True,0.8284537157684065,2.885501389646933,0.41682565336883776,pyin_probability_below_0.5,1.894076938914628,False,1.099999999999998,0.3528068572338857
5.33,5.287333333333334,5.3726666666666665,False,121.29428889978496,True,0.10857977072874499,2.6999999999999966,0.021265123294225283,-33.44664189845699,5.3340000000000005,0.004000000000000448,121.2087497563253,True,0.7519769137199669,0.08553914345965552,0.012213313667969232,pyin_probability_below_0.5,2.2986892786154947,False,1.099999999999998,0.7574191969347517
5.34,5.2973333333333334,5.382666666666666,False,121.29428889978496,True,0.026168028608935755,2.6999999999999966,0.019664048441776546,-34.126541291704974,5.344,0.004000000000000448,121.38937179170443,True,0.5214986397919957,0.09508289191947483,-0.013565869900640973,pyin_probability_below_0.5,2.324468462184105,False,1.099999999999998,0.7831983805033662
5.35,5.307333333333333,5.392666666666667,False,121.29428889978496,True,0.010259050559778863,2.6999999999999966,0.017685953276679343,-35.047430533050246,5.354,0.004000000000000448,,False,0.0,,,pyin_probability_below_0.5|voicing_disagreement,,False,1.099999999999998,
5.36,5.317333333333333,5.402666666666667,False,126.29915234996876,True,0.010001232964986121,3.4000000000000004,0.015859597150774805,-35.99415696762875,5.364,0.0039999999999995595,,False,0.0,,,pyin_probability_below_0.5|voicing_disagreement,,False,1.800000000000001,
5.37,5.327333333333334,5.4126666666666665,False,126.29915234996876,True,0.010000000814014906,3.4000000000000004,0.015846608486914115,-36.001273436148516,5.3740000000000006,0.004000000000000448,,False,0.0,,,pyin_probability_below_0.5|voicing_disagreement,,False,1.800000000000001,
5.38,5.3373333333333335,5.422666666666666,False,126.29915234996876,True,0.010000000000221911,3.4000000000000004,0.016266421270997176,-35.77415968891571,5.384,0.004000000000000448,,False,0.0,,,pyin_probability_below_0.5|voicing_disagreement,,False,1.800000000000001,
5.39,5.347333333333333,5.432666666666667,False,126.29915234996876,True,0.010000000000221911,3.4000000000000004,0.016614213299093083,-35.59040436420452,5.394,0.004000000000000448,,False,0.0,,,pyin_probability_below_0.5|voicing_disagreement,,False,1.800000000000001,
5.4,5.357333333333333,5.442666666666667,False,126.29915234996876,True,0.010000000000006923,3.4000000000000004,0.01683842735082327,-35.47396945002071,5.404,0.0039999999999995595,,False,0.0,,,pyin_probability_below_0.5|voicing_disagreement,,False,1.800000000000001,
5.41,5.367333333333334,5.4526666666666666,False,,False,0.010000000000006923,,0.01625561318154303,-35.7799328748331,5.414,0.0039999999999995595,,False,0.0,,,,,False,,
5.42,5.3773333333333335,5.462666666666666,False,,False,0.010000000000023853,,0.01567569147785004,-36.095465854103026,5.424,0.004000000000000448,,False,0.0,,,,,False,,
5.43,5.387333333333333,5.472666666666667,False,,False,0.01000000000000011,,0.017158161217489615,-35.31058511749259,5.434,0.004000000000000448,,False,0.0,,,,,False,,
5.44,5.397333333333333,5.482666666666667,False,111.87168684176291,True,0.01000000287110037,1.2999999999999994,0.019843881912503514,-34.04746732078466,5.444,0.0039999999999995595,,False,0.0,,,pyin_probability_below_0.5|voicing_disagreement,,False,-0.30000000000000004,
5.45,5.407333333333334,5.492666666666667,False,115.14977748330686,True,0.010004191052795274,1.7999999999999972,0.02308278447964084,-32.73423606699684,5.454,0.0039999999999995595,,False,0.0,,,pyin_probability_below_0.5|voicing_disagreement,,False,0.19999999999999687,
5.46,5.417333333333334,5.502666666666666,False,111.87168684176291,True,0.010259050559778861,1.2999999999999994,0.02535527949265755,-31.918631956749373,5.464,0.004000000000000448,112.2568401623687,True,0.5253305133222014,0.3851533206057951,-0.0595007880537558,pyin_probability_below_0.5,0.9704033803372221,False,-0.30000000000000004,-0.570866701343519
5.47,5.427333333333333,5.512666666666667,False,111.2273533387383,True,0.010467533617069905,1.1999999999999993,0.0277824301273124,-31.124595384550307,5.474,0.004000000000000448,115.68233122952283,True,0.7079685907711832,4.454977890784534,-0.6798828914540372,pyin_probability_below_0.5,1.4907854837375034,False,-0.3999999999999969,-0.05048459794323584
5.48,5.437333333333333,5.522666666666667,False,108.06092649856241,True,0.010259050559778863,0.699999999999998,0.029426260278100948,-30.6252985594244,5.484,0.0039999999999995595,114.9927896829274,True,0.7045926991167791,6.931863184364985,-1.0763813647509461,pyin_probability_below_0.5|pitch_difference_over_1_semitone,1.3872839570344073,False,-0.9000000000000006,-0.15398612464633094
5.49,5.447333333333333,5.532666666666667,False,106.81974089615274,True,0.010073751764282886,0.5000000000000008,0.03091433407463615,-30.19680208394955,5.494,0.0039999999999995595,107.72917580744796,True,0.8523635368973718,0.9094349112952216,-0.1467687777511796,pyin_probability_below_0.5,0.25767137003464524,False,-1.0999999999999999,-1.2835987116460945
5.5,5.457333333333334,5.542666666666666,False,106.2045044606715,True,0.01003776550292969,0.4000000000000011,0.031924257353224954,-29.917583936825988,5.5040000000000004,0.004000000000000448,106.09902240442555,True,0.9139858406543673,0.10548205624594686,0.01720311904955265,pyin_probability_below_0.5,-0.0063005267660844275,False,-1.199999999999998,-1.5475706084468255
5.51,5.467333333333333,5.552666666666667,False,104.37997464223893,True,0.010013068846238975,0.09999999999999636,0.03240060251184237,-29.788938274179202,5.514,0.004000000000000448,102.31887120702872,True,0.8362469228385025,2.0611034352102138,0.34527243763763793,pyin_probability_below_0.5,-0.6343698453541745,False,-1.5000000000000004,-2.1756399270349145
5.52,5.477333333333333,5.562666666666667,False,101.99593272657759,True,0.011853505394683413,-0.30000000000000204,0.031341974585295605,-30.07747291772896,5.524,0.004000000000000448,98.97412047922941,True,0.8583843609031622,3.02181224734818,0.5206605138284708,pyin_probability_below_0.5,-1.2097579215450083,False,-1.9000000000000006,-2.7510280032257493
5.53,5.487333333333333,5.572666666666667,False,100.82440951919276,True,0.018187375734912182,-0.5000000000000001,0.029450158866999296,-30.61824716193484,5.534,0.0039999999999995595,96.95880360983898,True,0.8918880441663483,3.865605909353775,0.6768138503787142,pyin_probability_below_0.5,-1.5659112580952501,False,-2.0999999999999996,-3.1071813397759893
5.54,5.497333333333334,5.582666666666666,False,99.09230651162453,True,0.026168028608935755,-0.8000000000000008,0.027985307360248263,-31.06139837823472,5.5440000000000005,0.004000000000000448,96.29939741116262,True,0.8638855820737303,2.7929091004619124,0.49495537166546905,pyin_probability_below_0.5,-1.6840527793820037,False,-2.4000000000000004,-3.2253228610627427
5.55,5.507333333333333,5.592666666666666,False,96.82903510297565,True,0.066081512709207,-1.2000000000000002,0.026754435469124465,-31.45208416812136,5.554,0.004000000000000448,96.19795916744305,True,0.8643775269635473,0.631075935532607,0.11320116587077939,pyin_probability_below_0.5,-1.7022985735873137,False,-2.8,-3.243568655268054
5.56,5.517333333333333,5.602666666666667,False,95.71685877653417,True,0.1504646013433388,-1.4000000000000004,0.02507158174959533,-32.01636531648697,5.564,0.004000000000000448,95.18184887030402,True,0.9065811774066489,0.5350099062301439,0.09703887498194236,pyin_probability_below_0.5,-1.886136282698478,False,-2.9999999999999987,-3.427406364379218
5.57,5.527333333333333,5.612666666666667,False,95.16557023646565,True,0.1504646013433388,-1.5000000000000004,0.023908660722771966,-32.428895016371484,5.574,0.0039999999999995595,94.36517885778154,True,0.9218322967540996,0.800391378684111,0.14622144969299783,pyin_probability_below_0.5,-2.0353188574095347,False,-3.0999999999999983,-3.576588939090275
5.58,5.537333333333334,5.6226666666666665,False,94.61745688474217,True,0.17653060863289757,-1.6000000000000023,0.023198823090195202,-32.69068093873267,5.5840000000000005,0.004000000000000448,94.10049295561828,True,0.9506610764687222,0.5169639291238894,0.0948492494401673,pyin_probability_below_0.5,-2.083946657156707,False,-3.2000000000000006,-3.6252167388374454
5.59,5.5473333333333334,5.632666666666666,False,94.07250043362458,True,0.20650679911775227,-1.6999999999999988,0.022888748882187403,-32.80755891139514,5.594,0.004000000000000448,93.93671581085734,True,0.9561781219444231,0.1357846227672468,0.025006753162662248,pyin_probability_below_0.5,-2.1141041608791946,False,-3.299999999999999,-3.6553742425599363
5.6,5.557333333333333,5.642666666666667,False,93.53068270070331,True,0.20650679911775227,-1.799999999999999,0.023357980426504294,-32.63129419655344,5.604,0.004000000000000448,93.2174948679139,True,0.933205775613617,0.31318783278941,0.058067709710226484,pyin_probability_below_0.5,-2.2471651174267593,False,-3.3999999999999986,-3.788435199107501
5.61,5.567333333333333,5.652666666666667,False,92.9919856082918,True,0.24075439447557428,-1.9000000000000006,0.023963768526839804,-32.40889768081697,5.614,0.0039999999999995595,92.57286029712638,True,0.9560420277955668,0.4191253111654163,0.07820503284056171,pyin_probability_below_0.5,-2.3673024405570953,False,-3.4999999999999982,-3.9085725222378356
5.62,5.577333333333334,5.6626666666666665,False,92.4563911828233,True,0.32333605839064083,-2.0000000000000004,0.02405602723221849,-32.375521865430855,5.6240000000000006,0.004000000000000448,92.37208508075985,True,0.9251952219974817,0.0843061020634508,0.015793411005605298,pyin_probability_below_0.5,-2.40489081872214,False,-3.5999999999999988,-3.94616090040288
5.63,5.5873333333333335,5.672666666666666,False,91.92388155425118,True,0.3721358982975087,-2.0999999999999996,0.02383358668859471,-32.45621192533067,5.634,0.004000000000000448,91.05413450466152,True,0.9567084199472788,0.8697470495896624,0.16458229015448705,pyin_probability_below_0.5,-2.6536796978710218,False,-3.6999999999999984,-4.194949779551762
5.64,5.597333333333333,5.682666666666667,False,91.92388155425118,True,0.42606232904328145,-2.0999999999999996,0.023185328601787878,-32.69573489082878,5.644,0.004000000000000448,91.17973224847283,True,0.9507641735837679,0.7441493057783504,0.14071854530013728,pyin_probability_below_0.5,-2.6298159530166716,False,-3.6999999999999984,-4.171086034697413
5.65,5.607333333333333,5.692666666666667,False,91.92388155425118,True,0.42606232904328145,-2.0999999999999996,0.02263468180420615,-32.90451212776934,5.654,0.0039999999999995595,91.64713128714997,True,0.9504109771365346,0.27675026710120676,0.0521999460660893,pyin_probability_below_0.5,-2.541297353782624,False,-3.6999999999999984,-4.082567435463363
5.66,5.617333333333334,5.7026666666666666,False,91.39443895545271,True,0.5485250542599847,-2.1999999999999997,0.022326177616158824,-33.02371249092821,5.664,0.0039999999999995595,91.27465455800612,True,0.9827870483746718,0.11978439744659397,0.022704974677622308,,-2.611802382394157,True,-3.8,-4.153072464074896
5.67,5.6273333333333335,5.712666666666666,False,91.39443895545271,True,0.6159498854580681,-2.1999999999999997,0.022327051263700007,-33.023372609297404,5.674,0.004000000000000448,91.19553454774673,True,0.9855747064129142,0.1989044077059816,0.03771841495290712,,-2.6268158226694416,True,-3.8,-4.168085904350182
5.68,5.637333333333333,5.722666666666667,False,91.39443895545271,True,0.6159498854580681,-2.1999999999999997,0.021551042322862184,-33.33063440415284,5.684,0.004000000000000448,91.4076537738718,True,0.986015823301541,0.013214818419086782,-0.002503028635792268,,-2.5865943790807444,True,-3.8,-4.127864460761483
5.69,5.647333333333333,5.732666666666667,False,91.39443895545271,True,0.6159498854580681,-2.1999999999999997,0.020666410484207726,-33.69469897473578,5.694,0.0039999999999995595,91.10214400307996,True,0.9739433773846057,0.2922949523727567,0.0554565349572378,,-2.6445539426737747,True,-3.8,-4.185824024354516
5.7,5.657333333333334,5.742666666666667,False,90.86804572163626,True,0.6159498854580681,-2.3,0.019528636487430032,-34.186561572192254,5.704,0.0039999999999995595,90.43424217252144,True,0.9876008466172012,0.43380354911482755,0.08284693114060067,,-2.7719443388571388,True,-3.8999999999999986,-4.313214420537877
5.71,5.667333333333334,5.752666666666666,False,90.86804572163626,True,0.6860828109301793,-2.3,0.018278571026995715,-34.76115518664791,5.714,0.004000000000000448,90.13586304884161,True,0.9671225167924722,0.7321826727946501,0.14006178051729046,,-2.8291591882338247,True,-3.8999999999999986,-4.370429269914565
5.72,5.677333333333333,5.762666666666667,False,90.34468428975191,True,0.7571601330199094,-2.4000000000000004,0.01678217362704938,-35.50303580090018,5.724,0.004000000000000448,89.6529622253985,True,0.9416916487462011,0.6917220643534137,0.133061593715126,,-2.9221590014316603,True,-3.999999999999999,-4.463429083112398
5.73,5.687333333333333,5.772666666666667,False,90.34468428975191,True,0.6860828109301793,-2.4000000000000004,0.01519957703475989,-36.36336994376984,5.734,0.0039999999999995595,89.15838307404138,True,0.9233528010406196,1.1863012157105288,0.2288311824799928,,-3.0179285901965267,True,-3.999999999999999,-4.559198671877268
5.74,5.697333333333333,5.782666666666667,False,89.82433719790544,True,0.6860828109301793,-2.5000000000000036,0.013415576415122978,-37.44781325293935,5.744,0.0039999999999995595,89.29597152730446,True,0.8786028060233262,0.5283656706009765,0.10213551985209765,,-2.991232927568636,True,-4.100000000000002,-4.532503009249377
5.75,5.707333333333334,5.792666666666666,False,89.82433719790544,True,0.6159498854580682,-2.5000000000000036,0.011837858009719513,-38.534537470363425,5.7540000000000004,0.004000000000000448,89.9053340207249,True,0.9227096528154787,0.08099682281945775,-0.01560393073368526,,-2.8734934769828526,True,-4.100000000000002,-4.414763558663592
5.76,5.717333333333333,5.802666666666667,False,89.82433719790544,True,0.5485250542599847,-2.5000000000000036,0.010195561257167902,-39.83177723355462,5.764,0.004000000000000448,90.97867917903733,True,0.9420574903642243,1.1543419811318927,-0.2210652605543912,,-2.668032147162146,True,-4.100000000000002,-4.209302228842885
5.77,5.727333333333333,5.812666666666667,False,89.82433719790544,True,0.4260623290432814,-2.5000000000000036,0.00868720850527615,-41.22239509361692,5.774,0.004000000000000448,91.5354671157486,True,0.9153172611901961,1.7111299178431665,-0.32669359063216585,pyin_probability_below_0.5,-2.562403817084373,False,-4.100000000000002,-4.103673898765113
5.78,5.737333333333333,5.822666666666667,False,90.34468428975191,True,0.3721358982975086,-2.4000000000000004,0.007043340728921829,-43.044426033058514,5.784,0.0039999999999995595,,False,0.0,,,pyin_probability_below_0.5|voicing_disagreement,,False,-3.999999999999999,
5.79,5.747333333333334,5.832666666666666,False,91.39443895545271,True,0.4849868077159112,-2.1999999999999997,0.005067327772517999,-45.90442006223495,5.7940000000000005,0.004000000000000448,,False,0.0,,,pyin_probability_below_0.5|voicing_disagreement,,False,-3.8,
5.8,5.757333333333333,5.842666666666666,False,90.86804572163626,True,0.6159498854580681,-2.3,0.0040135742775976755,-47.929373906006276,5.804,0.004000000000000448,,False,0.0,,,voicing_disagreement,,False,-3.8999999999999986,
5.81,5.767333333333333,5.852666666666667,False,91.39443895545271,True,0.615949885458068,-2.1999999999999997,0.00327579707820991,-49.693660175736724,5.814,0.004000000000000448,,False,0.0,,,voicing_disagreement,,False,-3.8,
5.82,5.777333333333333,5.862666666666667,False,90.34468428975191,True,0.757160133019909,-2.4000000000000004,0.002453798039425726,-52.203223697480894,5.824,0.0039999999999995595,,False,0.0,,,voicing_disagreement,,False,-3.999999999999999,
5.83,5.787333333333334,5.8726666666666665,False,90.34468428975191,True,0.7571601330199093,-2.4000000000000004,0.0020335685975646583,-53.83482346256851,5.8340000000000005,0.004000000000000448,,False,0.0,,,voicing_disagreement,,False,-3.999999999999999,
5.84,5.7973333333333334,5.882666666666666,False,90.86804572163626,True,0.5485250542599845,-2.3,0.001588225324420718,-55.98175766776735,5.844,0.004000000000000448,,False,0.0,,,voicing_disagreement,,False,-3.8999999999999986,
5.85,5.807333333333333,5.892666666666667,False,,False,0.010000000101429396,,0.009731966413687976,-40.23598797093443,5.854,0.004000000000000448,,False,0.0,,,,,False,,
5.86,5.817333333333333,5.902666666666667,False,,False,0.010000001546554296,,0.012541409657994818,-38.03307291878048,5.864,0.0039999999999995595,,False,0.0,,,,,False,,
5.87,5.827333333333334,5.9126666666666665,False,,False,0.010000001546554296,,0.012991900058303725,-37.72654657901328,5.8740000000000006,0.004000000000000448,,False,0.0,,,,,False,,
5.88,5.8373333333333335,5.922666666666666,False,,False,0.010000000021701594,,0.01907053981910069,-34.39274026898179,5.884,0.004000000000000448,,False,0.0,,,,,False,,
5.89,5.847333333333333,5.932666666666667,False,91.39443895545271,True,0.01000000002170159,-2.1999999999999997,0.024971312787058268,-32.051172508048325,5.894,0.004000000000000448,,False,0.0,,,pyin_probability_below_0.5|voicing_disagreement,,False,-3.8,
5.9,5.857333333333333,5.942666666666667,False,90.34468428975191,True,0.010000000047726025,-2.4000000000000004,0.028458222021839064,-30.915844734525177,5.904,0.0039999999999995595,,False,0.0,,,pyin_probability_below_0.5|voicing_disagreement,,False,-3.999999999999999,
5.91,5.867333333333334,5.9526666666666666,False,89.82433719790544,True,0.010000002871100368,-2.5000000000000036,0.03019340652032914,-30.40175771335651,5.914,0.0039999999999995595,,False,0.0,,,pyin_probability_below_0.5|voicing_disagreement,,False,-4.100000000000002,
5.92,5.8773333333333335,5.962666666666666,False,89.3069870847758,True,0.010000027850262286,-2.6000000000000005,0.031209687869253162,-30.1142114945811,5.924,0.004000000000000448,,False,0.0,,,pyin_probability_below_0.5|voicing_disagreement,,False,-4.199999999999999,
5.93,5.887333333333333,5.972666666666667,False,89.3069870847758,True,0.01000032860450166,-2.6000000000000005,0.03193713661939757,-29.914080477876777,5.934,0.004000000000000448,88.7112938119622,True,0.6785184660611215,0.5956932728136053,0.11586319345988985,pyin_probability_below_0.5,-3.104960601176426,False,-4.199999999999999,-4.646230682857164
5.94,5.897333333333333,5.982666666666667,False,89.3069870847758,True,0.01000187304601255,-2.6000000000000005,0.030810111060330683,-30.226134723825524,5.944,0.0039999999999995595,88.49708622278789,True,0.6511482057190358,0.8099008619879129,0.15771715685558022,pyin_probability_below_0.5,-3.1468145645721144,False,-4.199999999999999,-4.688084646252856
5.95,5.907333333333334,5.992666666666667,False,88.7926166890357,True,0.010026724673810768,-2.700000000000003,0.030453468874269363,-30.327264617502983,5.954,0.0039999999999995595,88.13756501755397,True,0.6134511540084167,0.6550516714817292,0.12819214089913572,pyin_probability_below_0.5,-3.217289548615674,False,-4.300000000000003,-4.758559630296412
5.96,5.917333333333334,6.002666666666666,False,88.7926166890357,True,0.016467587593113002,-2.700000000000003,0.02835077737464179,-30.948700566187874,5.964,0.004000000000000448,87.84816580426283,True,0.7187440725678665,0.9444508847728628,0.18513064620888683,pyin_probability_below_0.5,-3.2742280539254245,False,-4.300000000000003,-4.8154981356061635
5.97,5.927333333333333,6.012666666666667,False,88.7926166890357,True,0.013980210380185928,-2.700000000000003,0.023105561993946113,-32.725669274434296,5.974,0.004000000000000448,88.88690622362573,True,0.6234245045799935,0.09428953459003253,-0.018374347859588695,pyin_probability_below_0.5,-3.070723059856949,False,-4.300000000000003,-4.61199314153769
5.98,5.937333333333333,6.022666666666667,False,88.7926166890357,True,0.010824463728234167,-2.700000000000003,0.018730684925513084,-34.548926829503074,5.984,0.0039999999999995595,89.63791870974491,True,0.6221635617392753,0.8453020207092123,-0.1640332003488677,pyin_probability_below_0.5,-2.9250642073676714,False,-4.300000000000003,-4.46633428904841
5.99,5.947333333333333,6.032666666666667,False,88.7926166890357,True,0.011085791888943373,-2.700000000000003,0.01549430372467368,-36.19655870191932,5.994,0.0039999999999995595,89.6172008000906,True,0.5274532068720716,0.8245841110549037,-0.16003135639854382,pyin_probability_below_0.5,-2.9290660513179927,False,-4.300000000000003,-4.4703361329987334
6.0,5.957333333333334,6.042666666666666,False,88.7926166890357,True,0.010191075496968313,-2.700000000000003,0.013510212527823742,-37.386756381609544,6.0040000000000004,0.004000000000000448,,False,0.0,,,pyin_probability_below_0.5|voicing_disagreement,,False,-4.300000000000003,
6.01,5.967333333333333,6.052666666666667,False,89.3069870847758,True,0.010073751764282882,-2.6000000000000005,0.012081433447645083,-38.35763068272625,6.014,0.004000000000000448,,False,0.0,,,pyin_probability_below_0.5|voicing_disagreement,,False,-4.199999999999999,
6.02,5.977333333333333,6.062666666666667,False,89.3069870847758,True,0.01000419105279527,-2.6000000000000005,0.00965985140555183,-40.300591082963905,6.024,0.004000000000000448,,False,0.0,,,pyin_probability_below_0.5|voicing_disagreement,,False,-4.199999999999999,
6.03,5.987333333333333,6.072666666666667,False,89.3069870847758,True,0.010000127845232541,-2.6000000000000005,0.007848093636628292,-42.10471647946232,6.034,0.0039999999999995595,,False,0.0,,,pyin_probability_below_0.5|voicing_disagreement,,False,-4.199999999999999,
6.04,5.997333333333334,6.082666666666666,False,88.7926166890357,True,0.010000078102280322,-2.700000000000003,0.006620909165721369,-43.58164740593378,6.0440000000000005,0.004000000000000448,,False,0.0,,,pyin_probability_below_0.5|voicing_disagreement,,False,-4.300000000000003,
6.05,6.007333333333333,6.092666666666666,False,88.7926166890357,True,0.0100000470079773,-2.700000000000003,0.005380038787865149,-45.384291864757444,6.054,0.004000000000000448,,False,0.0,,,pyin_probability_below_0.5|voicing_disagreement,,False,-4.300000000000003,
6.06,6.017333333333333,6.102666666666667,False,,False,0.010000078102280324,,0.004658361064439303,-46.6353370561881,6.064,0.004000000000000448,,False,0.0,,,,,False,,
6.07,6.027333333333333,6.112666666666667,False,,False,0.0100028158258111,,0.003357541946264652,-49.47957105841216,6.074,0.0039999999999995595,,False,0.0,,,,,False,,
6.08,6.037333333333334,6.1226666666666665,False,,False,0.010000802780927255,,0.002363908898003802,-52.527385292335296,6.0840000000000005,0.004000000000000448,,False,0.0,,,,,False,,
6.09,6.0473333333333334,6.132666666666666,False,,False,0.01000419105279527,,0.0016944243867879493,-55.4195561332679,6.094,0.004000000000000448,,False,0.0,,,,,False,,
6.1,6.057333333333333,6.142666666666667,False,,False,0.010000127845224728,,0.0009987357408910548,-60.010988162500986,6.104,0.004000000000000448,,False,0.0,,,,,False,,
6.11,6.067333333333333,6.152666666666667,False,,False,0.010000516719604521,,0.0006091471053061223,-64.30555630471774,6.114,0.0039999999999995595,,False,0.0,,,,,False,,
6.12,6.077333333333334,6.1626666666666665,False,,False,2.720470920061372e-06,,0.00039568233557912315,-68.05306674963273,6.1240000000000006,0.004000000000000448,,False,0.0,,,,,False,,
6.13,6.0873333333333335,6.172666666666666,False,,False,0.010004228227276368,,0.00029300275682231787,-70.66256586820192,6.134,0.004000000000000448,,False,0.0,,,,,False,,
6.14,6.097333333333333,6.182666666666667,False,,False,0.01000000000061386,,0.0021260776504127177,-53.448417557026595,6.144,0.004000000000000448,,False,0.0,,,,,False,,
6.15,6.107333333333333,6.192666666666667,False,,False,0.01,,0.0049470518852478135,-46.11307069363147,6.154,0.0039999999999995595,,False,0.0,,,,,False,,
6.16,6.117333333333334,6.2026666666666666,False,,False,0.010000016226422836,,0.019573951817601243,-34.1664297011297,6.164000000000001,0.004000000000000448,,False,0.0,,,,,False,,
6.17,6.1273333333333335,6.212666666666666,False,106.81974089615274,True,0.010000516719604524,0.5000000000000008,0.026792952979066323,-31.439588361775407,6.174,0.004000000000000448,,False,0.0,,,pyin_probability_below_0.5|voicing_disagreement,,False,-1.0999999999999999,
6.18,6.137333333333333,6.222666666666667,False,107.43854136004751,True,0.010259050559778861,0.5999999999999976,0.03151904281419261,-30.02853959701661,6.184,0.004000000000000448,,False,0.0,,,pyin_probability_below_0.5|voicing_disagreement,,False,-1.0000000000000013,
6.19,6.147333333333333,6.232666666666667,False,108.06092649856241,True,0.011853505394683413,0.699999999999998,0.03659826904461449,-28.730789091100508,6.194,0.0039999999999995595,,False,0.0,,,pyin_probability_below_0.5|voicing_disagreement,,False,-0.9000000000000006,
6.2,6.157333333333334,6.242666666666667,False,108.06092649856241,True,0.022944219124638603,0.699999999999998,0.04013982805210646,-27.928489844833784,6.204,0.0039999999999995595,107.39955448724199,True,0.7161943208125432,0.6613720113204238,0.10628337373241938,pyin_probability_below_0.5,0.2046192185510438,False,-0.9000000000000006,-1.3366508631296952
6.21,6.167333333333334,6.252666666666666,False,108.06092649856241,True,0.04069733156888105,0.699999999999998,0.04321252683150739,-27.287806755749436,6.214,0.004000000000000448,108.52809386071924,True,0.9734805579930271,0.46716736215682886,-0.0746831300013397,pyin_probability_below_0.5,0.38558572228480226,False,-0.9000000000000006,-1.1556843593959378
6.22,6.177333333333333,6.262666666666667,False,109.31653398298289,True,0.04069733156888106,0.8999999999999985,0.04646358803072244,-26.65774511939594,6.224,0.004000000000000448,108.25432799002019,True,0.9447458464716094,1.0622059929627028,0.16904302129232673,pyin_probability_below_0.5,0.34185957099113756,False,-0.7000000000000002,-1.1994105106896022
6.23,6.187333333333333,6.272666666666667,False,109.31653398298289,True,0.07797523762294818,0.8999999999999985,0.04954462346077843,-26.100069357583088,6.234,0.0039999999999995595,108.56621756593421,True,0.9445794710147863,0.7503164170486798,0.11923646588401723,pyin_probability_below_0.5,0.39166612639944615,False,-0.7000000000000002,-1.1496039552812949
6.24,6.197333333333333,6.282666666666667,False,109.31653398298289,True,0.42606232904328145,0.8999999999999985,0.050160872076698254,-25.992698432858784,6.244,0.0039999999999995595,110.62659529696384,True,0.9552904128622526,1.3100613139809525,-0.20623963867086326,pyin_probability_below_0.5,0.717142230954326,False,-0.7000000000000002,-0.824127850726412
6.25,6.207333333333334,6.292666666666666,False,109.9497982220883,True,0.42606232904328145,0.9999999999999971,0.04749219874375561,-26.467554468888036,6.2540000000000004,0.004000000000000448,111.14889692451104,True,0.9349997818465149,1.1990987024227309,-0.18778408924939172,pyin_probability_below_0.5,0.7986866815328578,False,-0.5999999999999991,-0.7425834001478837
6.26,6.217333333333333,6.302666666666667,False,110.58673092361124,True,0.3721358982975087,1.099999999999998,0.04413106555310059,-27.105111726041443,6.264,0.004000000000000448,111.24027789839808,True,0.9345996193772228,0.6535469747868348,-0.1020115679438813,pyin_probability_below_0.5,0.8129141602273454,False,-0.5000000000000001,-0.7283559214533943
6.27,6.227333333333333,6.312666666666667,False,111.2273533387383,True,0.42606232904328145,1.1999999999999993,0.041175140016734765,-27.70729830660465,6.274,0.004000000000000448,112.60946595113026,True,0.900231823046599,1.382112612391964,-0.213797786394442,pyin_probability_below_0.5,1.024700378677907,False,-0.3999999999999969,-0.5165697030028329
6.28,6.237333333333333,6.322666666666667,False,111.87168684176291,True,0.48498680771591135,1.2999999999999994,0.03872489888685792,-28.24019415074865,6.284,0.0039999999999995595,111.49329304183247,True,0.9224482707812582,0.37839379993043565,0.058656362103333276,pyin_probability_below_0.5,0.8522462301801311,False,-0.30000000000000004,-0.6890238515006075
6.29,6.247333333333334,6.332666666666666,False,112.51975293079859,True,0.3721358982975087,1.3999999999999968,0.03700513798197951,-28.63475944173828,6.2940000000000005,0.004000000000000448,112.59804088967267,True,0.9460343870185469,0.07828795887408546,-0.012041232565268534,pyin_probability_below_0.5,1.0229438248487321,False,-0.19999999999999973,-0.5183262568320088
6.3,6.257333333333333,6.342666666666666,False,113.82716948276507,True,0.4260623290432815,1.599999999999999,0.03523357212979276,-29.060866479200342,6.304,0.004000000000000448,114.85665584494069,True,0.9740904268559084,1.0294863621756178,-0.15587406593459546,pyin_probability_below_0.5,1.3667766582180612,False,0.0,-0.17449342346267951
6.31,6.267333333333333,6.352666666666667,False,114.4865635674993,True,0.3721358982975087,1.6999999999999993,0.0343256545106802,-29.287623460459695,6.314,0.004000000000000448,115.54285357277168,True,0.9868371408516068,1.0562900052723734,-0.1589968882320849,pyin_probability_below_0.5,1.4698994805155494,False,0.10000000000000017,-0.07137060116518965
6.32,6.277333333333333,6.362666666666667,False,115.14977748330686,True,0.4849868077159113,1.7999999999999972,0.033539451290054666,-29.48888093576189,6.324,0.0039999999999995595,116.24030481274747,True,0.9889162765717577,1.0905273294406044,-0.16318521553983564,pyin_probability_below_0.5,1.574087807823299,False,0.19999999999999687,0.032817726142555376
6.33,6.287333333333334,6.3726666666666665,False,115.81683335824411,True,0.6159498854580681,1.9000000000000006,0.03341683086048603,-29.52069479026784,6.3340000000000005,0.004000000000000448,116.86925615713147,True,0.9879813155637677,1.0524227988873633,-0.15660606196792443,,1.6675086542513893,True,0.3000000000000021,0.1262385725706489
6.34,6.2973333333333334,6.382666666666666,False,115.81683335824411,True,0.6860828109301793,1.9000000000000006,0.033273541195795696,-29.55801952217722,6.344,0.004000000000000448,116.69904499276416,True,0.9893522853783565,0.882211634520047,-0.13137357845048792,,1.6422761707339522,True,0.3000000000000021,0.10100608905321184
6.35,6.307333333333333,6.392666666666667,False,115.81683335824411,True,0.7571601330199094,1.9000000000000006,0.03271046463184701,-29.706265738953054,6.354,0.004000000000000448,116.11241946629805,True,0.993240096399838,0.29558610805393926,-0.04412802658771004,,1.5550306188711764,True,0.3000000000000021,0.013760537190434066
6.36,6.317333333333333,6.402666666666667,False,116.48775344855382,True,0.4849868077159113,2.0000000000000004,0.034479610020701025,-29.248753097558676,6.364,0.0039999999999995595,115.1468684181856,True,0.9865328599550606,1.340885030368213,0.20043737263905329,pyin_probability_below_0.5,1.4104652196444092,False,0.4000000000000011,-0.13080486203632932
6.37,6.327333333333334,6.4126666666666665,False,115.81683335824411,True,0.3721358982975087,1.9000000000000006,0.035811784621103744,-28.919480722020733,6.3740000000000006,0.004000000000000448,114.65414044026544,True,0.9922755751132419,1.1626929179786742,0.174678017949995,pyin_probability_below_0.5,1.3362245743334709,False,0.3000000000000021,-0.20504550734726865
6.38,6.3373333333333335,6.422666666666666,False,115.81683335824411,True,0.42606232904328145,1.9000000000000006,0.03683276040270151,-28.67531464123605,6.384,0.004000000000000448,115.35134964351403,True,0.99799290548985,0.4654837147300839,0.06972087031404617,pyin_probability_below_0.5,1.4411817219694205,False,0.3000000000000021,-0.10008835971132139
6.39,6.347333333333333,6.432666666666667,False,115.81683335824411,True,0.3721358982975087,1.9000000000000006,0.03830521578197183,-28.33484173676117,6.394,0.004000000000000448,117.24962618044252,True,0.9097443033045277,1.432792822198408,-0.2128603980922939,pyin_probability_below_0.5,1.7237629903757574,False,0.3000000000000021,0.18249290869501725
6.4,6.357333333333333,6.442666666666667,False,115.81683335824411,True,0.3721358982975087,1.9000000000000006,0.039751109026225855,-28.013015006941984,6.404,0.0039999999999995595,115.47759303271535,True,0.8950050412597507,0.33924032552876326,0.05078417432505043,pyin_probability_below_0.5,1.460118417958414,False,0.3000000000000021,-0.08115166372232453
6.41,6.367333333333334,6.4526666666666666,False,115.81683335824411,True,0.42606232904328145,1.9000000000000006,0.04059852365424264,-27.82979518090615,6.414000000000001,0.004000000000000448,114.77902120655236,True,0.9768134721192757,1.0378121516917531,0.15583175749939648,pyin_probability_below_0.5,1.355070834784068,False,0.3000000000000021,-0.1861992468966718
6.42,6.3773333333333335,6.462666666666666,False,116.48775344855382,True,0.42606232904328145,2.0000000000000004,0.043604440145167477,-27.209385704370067,6.424,0.004000000000000448,115.57899812763283,True,0.9817844204656074,0.9087553209209887,0.13558824648246076,pyin_probability_below_0.5,1.475314345801005,False,0.4000000000000011,-0.06595573587973494
6.43,6.387333333333333,6.472666666666667,False,116.48775344855382,True,0.42606232904328145,2.0000000000000004,0.04606007497696431,-26.733507188462514,6.434,0.004000000000000448,115.82167847905315,True,0.9748147984905496,0.66607496950067,0.09927576480688584,pyin_probability_below_0.5,1.511626827476578,False,0.4000000000000011,-0.0296432542041611
6.44,6.397333333333333,6.482666666666667,False,115.81683335824411,True,0.5485250542599845,1.9000000000000006,0.046608008023530184,-26.630789159059283,6.444,0.0039999999999995595,116.16728277945234,True,0.98170928103705,0.350449421208225,-0.05230620458822342,,1.5632087968716886,True,0.3000000000000021,0.021938715190947568
6.45,6.407333333333334,6.492666666666667,False,115.81683335824411,True,0.4849868077159113,1.9000000000000006,0.04690555165591457,-26.575515038730515,6.454,0.0039999999999995595,116.48984223015044,True,0.9797401366478623,0.6730088719063332,-0.1003104306927618,pyin_probability_below_0.5,1.6112130229762287,False,0.3000000000000021,0.06994294129548859
6.46,6.417333333333334,6.502666666666666,False,115.81683335824411,True,0.4849868077159113,1.9000000000000006,0.0464510402401127,-26.660091116514554,6.464,0.004000000000000448,116.74601290168542,True,0.9449394107583913,0.9291795434413075,-0.13833988092598318,pyin_probability_below_0.5,1.6492424732094486,False,0.3000000000000021,0.1079723915287081
6.47,6.427333333333333,6.512666666666667,False,116.48775344855382,True,0.4849868077159113,2.0000000000000004,0.04612585635932039,-26.721111155443594,6.474,0.004000000000000448,114.95577366222008,True,0.8391963466801236,1.5319797863337357,0.22919235095579593,pyin_probability_below_0.5,1.3817102413276658,False,0.4000000000000011,-0.15955984035307308
6.48,6.437333333333333,6.522666666666667,False,116.48775344855382,True,0.4849868077159113,2.0000000000000004,0.044032923602734454,-27.124449564767072,6.484,0.0039999999999995595,114.09850978808434,True,0.9118776891118792,2.389243660469475,0.3587800901703539,pyin_probability_below_0.5,1.2521225021131104,False,0.4000000000000011,-0.28914757956762877
6.49,6.447333333333333,6.532666666666667,False,116.48775344855382,True,0.4849868077159113,2.0000000000000004,0.04448481206663035,-27.035764796799256,6.494,0.0039999999999995595,116.57865241962601,True,0.9697288338489347,0.09089897107219258,-0.013504082764583047,pyin_probability_below_0.5,1.6244066750480464,False,0.4000000000000011,0.08313659336730755
6.5,6.457333333333334,6.542666666666666,False,116.48775344855382,True,0.5485250542599845,2.0000000000000004,0.04334991449033278,-27.26023509704873,6.5040000000000004,0.004000000000000448,116.66325100018412,True,0.9944407549141742,0.17549755163030056,-0.026062713734412206,,1.6369653060178757,True,0.4000000000000011,0.09569522433713562
6.51,6.467333333333333,6.552666666666667,False,115.81683335824411,True,0.5485250542599845,1.9000000000000006,0.042170883843732646,-27.49974593349289,6.514,0.004000000000000448,116.391950955554,True,0.998984201891089,0.5751175973098839,-0.08575603248489085,,1.5966586247683539,True,0.3000000000000021,0.05538854308761361
6.52,6.477333333333333,6.562666666666667,False,115.81683335824411,True,0.7571601330199094,1.9000000000000006,0.04011594343284228,-27.933659795088133,6.524,0.004000000000000448,116.25617569138024,True,0.9928035384619509,0.4393423331361248,-0.06554879587969507,,1.5764513881631586,True,0.3000000000000021,0.035181306482417476
6.53,6.487333333333333,6.572666666666667,False,115.81683335824411,True,0.7571601330199094,1.9000000000000006,0.03971723594334826,-28.020419662909262,6.534,0.0039999999999995595,115.74376381129618,True,0.988914108518435,0.07306954694793433,0.010925908239235749,,1.4999766840442283,True,0.3000000000000021,-0.04129339763651001
6.54,6.497333333333334,6.582666666666666,False,115.81683335824411,True,0.7571601330199094,1.9000000000000006,0.038226361750803725,-28.352740692373892,6.5440000000000005,0.004000000000000448,115.36531116769018,True,0.9983953521733198,0.4515221905539306,0.06762560194676526,,1.4432769903366998,True,0.3000000000000021,-0.0979930913440393
6.55,6.507333333333333,6.592666666666666,False,116.48775344855382,True,0.3721358982975087,2.0000000000000004,0.038841709178662746,-28.214033355646315,6.554,0.004000000000000448,114.82951075675254,True,0.9914954267198433,1.6582426918012771,0.24821799601674827,pyin_probability_below_0.5,1.3626845962667178,False,0.4000000000000011,-0.17858548541402455
6.56,6.517333333333333,6.602666666666667,False,116.48775344855382,True,0.24075439447557428,2.0000000000000004,0.03954960406949154,-28.0571571972051,6.564,0.004000000000000448,115.05830492100512,True,0.9932001145439083,1.4294485275487006,0.2137580245743332,pyin_probability_below_0.5,1.3971445677091314,False,0.4000000000000011,-0.1441255139716087
6.57,6.527333333333333,6.612666666666667,False,116.48775344855382,True,0.2796051653363589,2.0000000000000004,0.03960710255728713,-28.044538541668004,6.574,0.0039999999999995595,115.77774826532676,True,0.9761878737946498,0.7100051832270537,0.10584343932724923,pyin_probability_below_0.5,1.5050591529562145,False,0.4000000000000011,-0.0362109287245249
6.58,6.537333333333334,6.6226666666666665,False,115.81683335824411,True,0.24075439447557428,1.9000000000000006,0.03963297798236783,-28.038865879726046,6.5840000000000005,0.004000000000000448,120.08804658882774,True,0.7889983451031718,4.271213230583626,-0.6269711709195614,pyin_probability_below_0.5,2.1378737632030242,False,0.3000000000000021,0.5966036815222868
6.59,6.5473333333333334,6.632666666666666,False,115.81683335824411,True,0.2796051653363589,1.9000000000000006,0.03966967559960612,-28.030827019444157,6.594,0.004000000000000448,117.60707973134767,True,0.7945668711090339,1.7902463731035567,-0.2655594456864757,pyin_probability_below_0.5,1.7764620379699423,False,0.3000000000000021,0.23519195628920106
6.6,6.557333333333333,6.642666666666667,False,115.14977748330686,True,0.24075439447557428,1.7999999999999972,0.039799529889440716,-28.00244115532402,6.604,0.004000000000000448,115.12608208951175,True,0.9427636187934925,0.023695393795108544,0.0035628808651530456,pyin_probability_below_0.5,1.4073397114183088,False,0.19999999999999687,-0.1339303702624307
6.61,6.567333333333333,6.652666666666667,False,115.14977748330686,True,0.24075439447557428,1.7999999999999972,0.039330490307635906,-28.10541278979468,6.614,0.0039999999999995595,114.29444471324116,True,0.9919093442203613,0.8553327700657007,0.12907608307528995,pyin_probability_below_0.5,1.2818265092081704,False,0.19999999999999687,-0.2594435724725689
6.62,6.577333333333334,6.6626666666666665,False,114.4865635674993,True,0.24075439447557428,1.6999999999999993,0.04044903016352495,-27.86183773798294,6.6240000000000006,0.004000000000000448,114.04889461018978,True,0.9840852895026341,0.43766895730952626,0.06630991387378199,pyin_probability_below_0.5,1.2445926784096852,False,0.10000000000000017,-0.29667740327105585
6.63,6.5873333333333335,6.672666666666666,False,113.82716948276507,True,0.5485250542599845,1.599999999999999,0.04055075067011607,-27.840022035531682,6.634,0.004000000000000448,113.67217043824883,True,0.9908235338164028,0.15499904451624502,0.023590368662422735,,1.1873122236210403,True,0.0,-0.3539578580596992
6.64,6.597333333333333,6.682666666666667,False,113.17157322849613,True,0.5485250542599845,1.499999999999997,0.03993944936798034,-27.9719585379774,6.644,0.004000000000000448,113.5145715560863,True,0.9820169807338456,0.34299832759016624,-0.052390571751208016,,1.1632931640346724,True,-0.10000000000000067,-0.37797691764606767
6.65,6.607333333333333,6.692666666666667,False,113.17157322849613,True,0.3721358982975087,1.499999999999997,0.03727940471517468,-28.57062062323822,6.654,0.0039999999999995595,113.01961295073131,True,0.9826269507445201,0.15196027776481458,0.023261635521326644,pyin_probability_below_0.5,1.0876409567621381,False,-0.10000000000000067,-0.4536291249186027
6.66,6.617333333333334,6.7026666666666666,False,113.17157322849613,True,0.2796051653363589,1.499999999999997,0.03542338157286024,-29.01419965437357,6.664000000000001,0.004000000000000448,112.67028524497998,True,0.9597559973013419,0.5012879835161499,0.0768545084210585,pyin_probability_below_0.5,1.0340480838624073,False,-0.10000000000000067,-0.5072219978183339
6.67,6.6273333333333335,6.712666666666666,False,112.51975293079859,True,0.20650679911775227,1.3999999999999968,0.03207059728399743,-29.877859033592905,6.674,0.004000000000000448,110.92328533116975,True,0.8163850473863827,1.5964675996288378,0.24739245584221564,pyin_probability_below_0.5,0.7635101364412489,False,-0.19999999999999973,-0.7777599452394915
6.68,6.637333333333333,6.722666666666667,False,112.51975293079859,True,0.17653060863289757,1.3999999999999968,0.030028018868795858,-30.449466398132927,6.684,0.004000000000000448,106.85614462473497,True,0.604438871093016,5.663608306063622,0.8941010306436157,pyin_probability_below_0.5,0.11680156163984737,False,-0.19999999999999973,-1.4244685200408906
6.69,6.647333333333333,6.732666666666667,False,111.87168684176291,True,0.10857977072874497,1.2999999999999994,0.027617913019103765,-31.17618285007278,6.694,0.0039999999999995595,111.94208435920171,True,0.5421464917923834,0.07039751743880629,-0.01089071351820757,pyin_probability_below_0.5,0.9217933058016718,False,-0.30000000000000004,-0.6194767758790678
6.7,6.657333333333334,6.742666666666667,False,111.2273533387383,True,0.056071395445892624,1.1999999999999993,0.024988215307729763,-32.04529521335167,6.704,0.0039999999999995595,111.9401683878437,True,0.8202856147045918,0.7128150491054015,-0.11059439750285327,pyin_probability_below_0.5,0.9214969897863174,False,-0.3999999999999969,-0.6197730918944202
6.71,6.667333333333334,6.752666666666666,False,109.9497982220883,True,0.030106861794195007,0.9999999999999971,0.021965294536454776,-33.165259376587464,6.714,0.004000000000000448,112.61288685970591,True,0.8907591601254053,2.663088637617605,-0.4143237016361099,pyin_probability_below_0.5,1.0252262939195746,False,-0.5999999999999991,-0.5160437877611658
6.72,6.677333333333333,6.762666666666667,False,109.9497982220883,True,0.012403124793551348,0.9999999999999971,0.01810880270716837,-34.842205256401556,6.724,0.004000000000000448,113.42782007868101,True,0.8614350309274698,3.4780218565927044,-0.5391548675071189,pyin_probability_below_0.5,1.1500574597905828,False,-0.5999999999999991,-0.39121262189015815
6.73,6.687333333333333,6.772666666666667,False,113.17157322849613,True,0.09203757081218103,1.499999999999997,0.01413931503057151,-36.991432582562474,6.734,0.0039999999999995595,112.21258814336545,True,0.8145637431684617,0.9589850851306778,0.14732513952213772,pyin_probability_below_0.5,0.9635774527613257,False,-0.10000000000000067,-0.5776926289194131
6.74,6.697333333333333,6.782666666666667,False,111.87168684176291,True,0.1504646013433388,1.2999999999999994,0.012222845787651109,-38.256553351612595,6.744,0.0039999999999995595,109.90569105371614,True,0.9135694224408002,1.9659957880467687,0.3069463658123599,pyin_probability_below_0.5,0.603956226471103,False,-0.30000000000000004,-0.9373138552096361
6.75,6.707333333333334,6.792666666666666,False,111.87168684176291,True,0.010824463728234165,1.2999999999999994,0.011548968743497723,-38.749135880811345,6.7540000000000004,0.004000000000000448,108.79631273911494,True,0.8469212448640218,3.07537410264797,0.4825835297434412,pyin_probability_below_0.5,0.42831906254002294,False,-0.30000000000000004,-1.112951019140718
6.76,6.717333333333333,6.802666666666667,False,,False,0.010000000208892744,,0.02115774632349171,-33.490611885286505,6.764,0.004000000000000448,,False,0.0,,,,,False,,
6.77,6.727333333333333,6.812666666666667,False,119.9011051661721,True,0.010000000814014906,2.4999999999999987,0.03003342208943439,-30.44790360584775,6.774,0.004000000000000448,,False,0.0,,,pyin_probability_below_0.5|voicing_disagreement,,False,0.9000000000000021,
6.78,6.737333333333333,6.822666666666667,False,117.84127594565435,True,0.01002672467381077,2.199999999999996,0.035273967206565386,-29.050913863623066,6.784,0.0039999999999995595,,False,0.0,,,pyin_probability_below_0.5|voicing_disagreement,,False,0.5999999999999976,
6.79,6.747333333333334,6.832666666666666,False,116.48775344855382,True,0.010622609040911534,2.0000000000000004,0.04024442645118155,-27.90588515268174,6.7940000000000005,0.004000000000000448,,False,0.0,,,pyin_probability_below_0.5|voicing_disagreement,,False,0.4000000000000011,
6.8,6.757333333333333,6.842666666666666,False,115.81683335824411,True,0.013980210380185926,1.9000000000000006,0.043556922883996076,-27.218856178740417,6.804,0.004000000000000448,118.51353962791123,True,0.5569753730384347,2.696706269667118,-0.39848319886206673,pyin_probability_below_0.5,1.9093857911455325,False,0.3000000000000021,0.3681157094647933
6.81,6.767333333333333,6.852666666666667,False,115.14977748330686,True,0.018187375734912182,1.7999999999999972,0.04537640645782554,-26.86339801271163,6.814,0.004000000000000448,116.20204559323454,True,0.9303691514144103,1.052268109927681,-0.1574861108806402,pyin_probability_below_0.5,1.5683887031641017,False,0.19999999999999687,0.027118621483363962
6.82,6.777333333333333,6.862666666666667,False,114.4865635674993,True,0.018187375734912182,1.6999999999999993,0.0469088878316416,-26.574897273398257,6.824,0.0039999999999995595,114.65125060928636,True,0.9494520658866751,0.16468704178706162,-0.02488562302988993,pyin_probability_below_0.5,1.3357882153133551,False,0.10000000000000017,-0.2054818663673846
6.83,6.787333333333334,6.8726666666666665,False,114.4865635674993,True,0.03010686179419501,1.6999999999999993,0.04783012364095156,-26.405969929492098,6.8340000000000005,0.004000000000000448,113.10358566764592,True,0.9129214940725682,1.3829778998533868,0.21040347375055157,pyin_probability_below_0.5,1.1004991185329127,False,0.10000000000000017,-0.44077096314782904
6.84,6.7973333333333334,6.882666666666666,False,114.4865635674993,True,0.32333605839064083,1.6999999999999993,0.04652490507096112,-26.64629008654458,6.844,0.004000000000000448,110.36720926837869,True,0.9129201247620524,4.119354299120616,0.6344002454774099,pyin_probability_below_0.5,0.6765023468060585,False,0.10000000000000017,-0.8647677348746827
6.85,6.807333333333333,6.892666666666667,False,113.82716948276507,True,0.37213589829750876,1.599999999999999,0.042718250680112896,-27.387730801017515,6.854,0.004000000000000448,109.00661374832643,True,0.9143568594388601,4.820555734438642,0.7491514370975242,pyin_probability_below_0.5,0.46175115518593934,False,0.0,-1.0795189264947997
6.86,6.817333333333333,6.902666666666667,False,112.51975293079859,True,0.3721358982975087,1.3999999999999968,0.03709427839479686,-28.613861459017777,6.864,0.0039999999999995595,110.46166237434645,True,0.8286353980913014,2.058090556452143,0.31959054764697004,pyin_probability_below_0.5,0.6913120446364917,False,-0.19999999999999973,-0.8499580370442464
6.87,6.827333333333334,6.9126666666666665,False,110.58673092361124,True,0.32333605839064083,1.099999999999998,0.031004086434458143,-30.171621220750566,6.8740000000000006,0.004000000000000448,112.51699174143596,True,0.672202568438548,1.930260817824717,-0.29957515693290704,pyin_probability_below_0.5,1.010477749216372,False,-0.5000000000000001,-0.5307923324643681
6.88,6.8373333333333335,6.922666666666666,False,109.9497982220883,True,0.20650679911775224,0.9999999999999971,0.02167829539885271,-33.27949740206123,6.884,0.004000000000000448,,False,0.0,,,pyin_probability_below_0.5|voicing_disagreement,,False,-0.5999999999999991,
6.89,6.847333333333333,6.932666666666667,False,110.58673092361124,True,0.12793708630129033,1.099999999999998,0.016870875782953765,-35.45724744385248,6.894,0.004000000000000448,,False,0.0,,,pyin_probability_below_0.5|voicing_disagreement,,False,-0.5000000000000001,
6.9,6.857333333333333,6.942666666666667,False,113.17157322849613,True,0.026168028608935755,1.499999999999997,0.011697100423210822,-38.6384356304884,6.904,0.0039999999999995595,,False,0.0,,,pyin_probability_below_0.5|voicing_disagreement,,False,-0.10000000000000067,
6.91,6.867333333333334,6.9526666666666666,False,113.82716948276507,True,0.01003776550292969,1.599999999999999,0.005727116603001578,-44.841279492876964,6.914000000000001,0.004000000000000448,,False,0.0,,,pyin_probability_below_0.5|voicing_disagreement,,False,0.0,
6.92,6.8773333333333335,6.962666666666666,False,111.87168684176291,True,0.010052967545965857,1.2999999999999994,0.0034261840187088453,-49.30378629989357,6.924,0.004000000000000448,,False,0.0,,,pyin_probability_below_0.5|voicing_disagreement,,False,-0.30000000000000004,
6.93,6.887333333333333,6.972666666666667,False,111.87168684176291,True,0.020317628556360583,1.2999999999999994,0.002910689670746855,-50.72008190610924,6.934,0.004000000000000448,,False,0.0,,,pyin_probability_below_0.5|voicing_disagreement,,False,-0.30000000000000004,
6.94,6.897333333333333,6.982666666666667,False,111.87168684176291,True,0.09203757081218103,1.2999999999999994,0.002587373696371943,-51.74281682534803,6.944,0.0039999999999995595,,False,0.0,,,pyin_probability_below_0.5|voicing_disagreement,,False,-0.30000000000000004,
6.95,6.907333333333334,6.992666666666667,False,,False,0.010000000047726023,,0.006029491849600389,-44.39438575127238,6.954,0.0039999999999995595,,False,0.0,,,,,False,,
6.96,6.917333333333334,7.002666666666666,False,,False,0.010000016226422836,,0.009205798614711956,-40.71877059856491,6.964,0.004000000000000448,,False,0.0,,,,,False,,
6.97,6.927333333333333,7.012666666666667,False,,False,0.010000005216229449,,0.009623620805221195,-40.33322995244238,6.974,0.004000000000000448,,False,0.0,,,,,False,,
6.98,6.937333333333333,7.022666666666667,False,,False,0.010000027850262286,,0.016224412336472427,-35.79662049597476,6.984,0.0039999999999995595,,False,0.0,,,,,False,,
6.99,6.947333333333333,7.032666666666667,False,,False,0.010000016226422836,,0.027694515152600727,-31.152124672735013,6.994,0.0039999999999995595,,False,0.0,,,,,False,,
7.0,6.957333333333334,7.042666666666666,False,90.86804572163626,True,0.010000516719604524,-2.3,0.0318518961332482,-29.93729418293343,7.0040000000000004,0.004000000000000448,,False,0.0,,,pyin_probability_below_0.5|voicing_disagreement,,False,-3.8999999999999986,
7.01,6.967333333333333,7.052666666666667,False,91.92388155425118,True,0.010001873046012551,-2.0999999999999996,0.03546083464135939,-29.00502093258647,7.014,0.004000000000000448,,False,0.0,,,pyin_probability_below_0.5|voicing_disagreement,,False,-3.6999999999999984,
7.02,6.977333333333333,7.062666666666667,False,92.4563911828233,True,0.010018764509769141,-2.0000000000000004,0.038801042363395204,-28.22313214451277,7.024,0.004000000000000448,,False,0.0,,,pyin_probability_below_0.5|voicing_disagreement,,False,-3.5999999999999988,
7.03,6.987333333333333,7.072666666666667,False,93.53068270070331,True,0.01019107549696831,-1.799999999999999,0.04191035230255419,-27.553573768571425,7.034,0.0039999999999995595,91.44681470928221,True,0.6606536904200587,2.0838679914211014,0.3900815938375075,pyin_probability_below_0.5,-2.579179001554043,False,-3.3999999999999986,-4.120449083234783
7.04,6.997333333333334,7.082666666666666,False,93.53068270070331,True,0.010824463728234167,-1.799999999999999,0.04351485862759726,-27.227248461770994,7.0440000000000005,0.004000000000000448,94.57843548434256,True,0.8078199025251245,1.047752783639254,-0.19285870563825935,pyin_probability_below_0.5,-1.9962387020782746,False,-3.3999999999999986,-3.537508783759015
7.05,7.007333333333333,7.092666666666666,False,93.53068270070331,True,0.012403124793551348,-1.799999999999999,0.044846572277696256,-26.965414908705746,7.054,0.004000000000000448,94.53573257579873,True,0.8762627883104532,1.0050498750954233,-0.18504028237784714,pyin_probability_below_0.5,-2.0040571253386874,False,-3.3999999999999986,-3.5453272070194277
7.06,7.017333333333333,7.102666666666667,False,93.53068270070331,True,0.056071395445892624,-1.799999999999999,0.04552289761473352,-26.835402042084702,7.064,0.004000000000000448,94.79392030663425,True,0.9343264619737496,1.2632376059309394,-0.23225778486076537,pyin_probability_below_0.5,-1.9568396228557687,False,-3.3999999999999986,-3.498109704536508
7.07,7.027333333333333,7.112666666666667,False,94.07250043362458,True,0.10857977072874497,-1.6999999999999988,0.04073762475070497,-27.800085931721714,7.074,0.0039999999999995595,94.58573030698273,True,0.9143056401216848,0.5132298733581422,-0.09419395275443186,pyin_probability_below_0.5,-1.9949034549621005,False,-3.299999999999999,-3.5361735366428406
7.08,7.037333333333334,7.1226666666666665,False,94.61745688474217,True,0.32333605839064083,-1.6000000000000023,0.03751359647503384,-28.516225950050295,7.0840000000000005,0.004000000000000448,93.9026533114481,True,0.8183485497054153,0.7148035732940627,0.13128553909507498,pyin_probability_below_0.5,-2.1203829468116124,False,-3.2000000000000006,-3.661653028492352
7.09,7.0473333333333334,7.132666666666666,False,94.61745688474217,True,0.3721358982975087,-1.6000000000000023,0.03548126917872079,-29.000017073617613,7.094,0.004000000000000448,94.6517790481095,True,0.7982969658267769,0.03432216336733518,-0.0062788543756336565,pyin_probability_below_0.5,-1.982818553340903,False,-3.2000000000000006,-3.524088635021645
7.1,7.057333333333333,7.142666666666667,False,94.61745688474217,True,0.2796051653363589,-1.6000000000000023,0.03175527120462631,-29.963683476687578,7.104,0.004000000000000448,95.45503133783427,True,0.9201369681778261,0.8375744530921025,-0.1525782938059294,pyin_probability_below_0.5,-1.8365191139106072,False,-3.2000000000000006,-3.3777891955913475
7.11,7.067333333333333,7.152666666666667,False,94.61745688474217,True,0.24075439447557428,-1.6000000000000023,0.027805741150116137,-31.117310489989478,7.114,0.0039999999999995595,94.9657925387736,True,0.9264635358445771,0.3483356540314304,-0.06361861875677169,pyin_probability_below_0.5,-1.9254787889597647,False,-3.2000000000000006,-3.4667488706405054
7.12,7.077333333333334,7.1626666666666665,False,94.61745688474217,True,0.17653060863289757,-1.6000000000000023,0.02423540453994329,-32.31099453182319,7.1240000000000006,0.004000000000000448,95.58664140584571,True,0.9459798522394761,0.9691845211035428,-0.1764315048581752,pyin_probability_below_0.5,-1.8126659028583607,False,-3.2000000000000006,-3.3539359845391026
7.13,7.0873333333333335,7.168,True,95.71685877653417,True,0.42606232904328145,-1.4000000000000004,0.021597147531094152,-33.31207210041727,7.134,0.004000000000000448,96.69490702612218,True,0.9324055728766819,0.9780482495880136,-0.17600223226013606,pyin_probability_below_0.5|edge_window,-1.6130951754564,False,-2.9999999999999987,-3.1543652571371403
7.14,7.097333333333333,7.168,True,95.16557023646565,True,0.42606232904328145,-1.5000000000000004,0.020237487108776892,-33.876868297657225,7.144,0.004000000000000448,95.7600556404759,True,0.928856049151558,0.5944854040102427,-0.10781126885872548,pyin_probability_below_0.5|edge_window,-1.7812861388578085,False,-3.0999999999999983,-3.322556220538549
7.15,7.107333333333333,7.168,True,95.16557023646565,True,0.3721358982975087,-1.5000000000000004,0.018885447516831043,-34.47745439010745,,,,,,,,pyin_probability_below_0.5|edge_window,,False,-3.0999999999999983,
7.16,7.117333333333334,7.168,True,95.71685877653417,True,0.2796051653363589,-1.4000000000000004,0.017602232555596287,-35.08864491066552,,,,,,,,pyin_probability_below_0.5|edge_window,,False,-2.9999999999999987,
