timestamp_s,window_start_s,window_end_s,edge_padded,f0_hz,voiced,voicing_probability,relative_pitch_semitones,rms_amplitude,rms_dbfs,praat_timestamp_s,praat_time_offset_s,praat_f0_hz,praat_voiced,praat_strength,absolute_difference_hz,signed_difference_semitones,flags,praat_relative_semitones,agreement_screen_pass,pyin_speaker_relative_st,praat_speaker_relative_st
0.0,0.0,0.042666666666666665,True,,False,0.010026724673810772,,0.000242174133830342,-72.31744489806624,,,,,,,,edge_window,,False,,
0.01,0.0,0.05266666666666667,True,,False,3.641139861373123e-05,,0.00023612383591667906,-72.53720340246807,,,,,,,,edge_window,,False,,
0.02,0.0,0.06266666666666666,True,,False,0.010000009174902008,,0.00028497079885556785,-70.90399280303197,,,,,,,,edge_window,,False,,
0.03,0.0,0.07266666666666667,True,,False,0.010000000000001869,,0.0005046642629324604,-65.93994896222134,0.025333333333333093,-0.004666666666666906,,False,0.0,,,edge_window,,False,,
0.04,0.0,0.08266666666666667,True,,False,0.010000000000023851,,0.0010416174245755487,-59.64583527341101,0.03533333333333309,-0.004666666666666909,,False,0.0,,,edge_window,,False,,
0.05,0.007333333333333333,0.09266666666666666,False,,False,0.0100000470079773,,0.0027663788178502917,-51.161766988964885,0.045333333333333094,-0.004666666666666909,,False,0.0,,,,,False,,
0.06,0.017333333333333333,0.10266666666666667,False,,False,0.010000002871100366,,0.004670898415568843,-46.61199155613961,0.055333333333333096,-0.004666666666666902,,False,0.0,,,,,False,,
0.07,0.027333333333333334,0.11266666666666666,False,,False,0.010000000001606035,,0.00655892457750885,-43.663347262307056,0.06533333333333309,-0.004666666666666916,,False,0.0,,,,,False,,
0.08,0.037333333333333336,0.12266666666666666,False,,False,0.010000000000023851,,0.008509419988478682,-41.402000818020824,0.0753333333333331,-0.004666666666666902,,False,0.0,,,,,False,,
0.09,0.04733333333333333,0.13266666666666665,False,,False,0.010000000000075402,,0.010507456661343034,-39.57004785186738,0.0853333333333331,-0.004666666666666902,,False,0.0,,,,,False,,
0.1,0.05733333333333333,0.14266666666666666,False,,False,0.010000000000000439,,0.012972771678735954,-37.739344508879014,0.0953333333333331,-0.004666666666666902,,False,0.0,,,,,False,,
0.11,0.06733333333333333,0.15266666666666667,False,,False,0.010000000000000439,,0.01491077178787959,-36.52999753396822,0.1053333333333331,-0.004666666666666902,,False,0.0,,,,,False,,
0.12,0.07733333333333334,0.16266666666666665,False,,False,0.010000000000001869,,0.017115190933487442,-35.33236503201495,0.1153333333333331,-0.004666666666666902,,False,0.0,,,,,False,,
0.13,0.08733333333333333,0.17266666666666666,False,,False,0.010000000000000439,,0.019404890027850508,-34.24177628335232,0.1253333333333331,-0.004666666666666902,,False,0.0,,,,,False,,
0.14,0.09733333333333333,0.18266666666666667,False,,False,0.01000000000000011,,0.021267631582506826,-33.44561743083046,0.13533333333333308,-0.00466666666666693,,False,0.0,,,,,False,,
0.15,0.10733333333333334,0.19266666666666668,False,,False,0.010000000000000439,,0.022582838079581467,-32.924429587594304,0.1453333333333331,-0.004666666666666902,,False,0.0,,,,,False,,
0.16,0.11733333333333333,0.20266666666666666,False,,False,0.01000000000000011,,0.024060455634597883,-32.37392305304236,0.1553333333333331,-0.004666666666666902,,False,0.0,,,,,False,,
0.17,0.12733333333333333,0.21266666666666667,False,,False,0.01000000000000011,,0.025788963690123932,-31.77132218609222,0.1653333333333331,-0.004666666666666902,,False,0.0,,,,,False,,
0.18,0.13733333333333334,0.22266666666666668,False,,False,0.010000000000023851,,0.027528308822243868,-31.204409365833126,0.1753333333333331,-0.004666666666666902,,False,0.0,,,,,False,,
0.19,0.14733333333333334,0.23266666666666666,False,,False,0.010000000000000439,,0.029045823941834123,-30.738325987944,0.1853333333333331,-0.004666666666666902,,False,0.0,,,,,False,,
0.2,0.15733333333333333,0.24266666666666667,False,,False,0.01000000000002385,,0.03049445277081379,-30.31558311479149,0.1953333333333331,-0.004666666666666902,,False,0.0,,,,,False,,
0.21,0.16733333333333333,0.25266666666666665,False,,False,0.010000000000001865,,0.03183716053002228,-29.941313455077186,0.2053333333333331,-0.004666666666666902,,False,0.0,,,,,False,,
0.22,0.17733333333333334,0.26266666666666666,False,,False,0.010000000000000439,,0.03285480587051292,-29.668021891711955,0.2153333333333331,-0.004666666666666902,,False,0.0,,,,,False,,
0.23,0.18733333333333332,0.27266666666666667,False,,False,0.010000000000001867,,0.03336548443975875,-29.53405130327952,0.2253333333333331,-0.004666666666666902,,False,0.0,,,,,False,,
0.24,0.19733333333333333,0.2826666666666667,False,,False,0.01000000000002385,,0.032765217909779855,-29.691738787210266,0.2353333333333331,-0.004666666666666902,,False,0.0,,,,,False,,
0.25,0.20733333333333334,0.2926666666666667,False,,False,0.01000000000022191,,0.031232178440933737,-30.107954454441014,0.2453333333333331,-0.004666666666666902,,False,0.0,,,,,False,,
0.26,0.21733333333333332,0.30266666666666664,False,318.2539212592103,True,0.010000328604501662,8.199999999999998,0.04563793597706905,-26.813480104550294,0.2553333333333331,-0.00466666666666693,,False,0.0,,,pyin_probability_below_0.5|voicing_disagreement,,False,7.4999999999999964,
0.27,0.22733333333333333,0.31266666666666665,False,291.8401325604369,True,0.013100262550513393,6.699999999999999,0.061288080246290184,-24.25247964066882,0.2653333333333331,-0.00466666666666693,,False,0.0,,,pyin_probability_below_0.5|voicing_disagreement,,False,5.9999999999999964,
0.28,0.23733333333333334,0.32266666666666666,False,285.17449472060275,True,0.04768699308253104,6.300000000000001,0.07248461337684717,-22.795083464365874,0.2753333333333331,-0.00466666666666693,,False,0.0,,,pyin_probability_below_0.5|voicing_disagreement,,False,5.6,
0.29,0.24733333333333332,0.33266666666666667,False,285.17449472060275,True,0.1504646013433388,6.300000000000001,0.08206349187483646,-21.71700014716076,0.2853333333333331,-0.004666666666666874,301.3083528817667,True,0.6499556864327259,16.13385816116397,-0.9527485361662971,pyin_probability_below_0.5,7.606213634705195,False,5.6,6.258308769350432
0.3,0.25733333333333336,0.3426666666666667,False,283.532010492967,True,0.2796051653363589,6.200000000000002,0.09070899979933476,-20.84699243536114,0.2953333333333331,-0.004666666666666874,298.33495502679887,True,0.8120752545323354,14.802944533831862,-0.8810568077508243,pyin_probability_below_0.5,7.434521906289723,False,5.5,6.086617040934961
0.31,0.2673333333333333,0.3526666666666667,False,281.8989862783688,True,0.4260623290432814,6.100000000000001,0.10132685649001905,-19.885508609167314,0.3053333333333331,-0.004666666666666874,285.87117059588013,True,0.9056400296479115,3.972184317511335,-0.24224214167414468,pyin_probability_below_0.5,6.695707240213044,False,5.399999999999999,5.347802374858281
0.32,0.2773333333333333,0.3626666666666667,False,281.8989862783688,True,0.48498680771591124,6.100000000000001,0.1129521793251289,-18.9421077057184,0.3153333333333331,-0.00466666666666693,282.9131406456677,True,0.9674858645765002,1.014154367298886,-0.06217077767429418,pyin_probability_below_0.5,6.515635876213194,False,5.399999999999999,5.167731010858431
0.33,0.28733333333333333,0.37266666666666665,False,280.2753675911423,True,0.5485250542599844,5.999999999999998,0.12496097634034632,-18.064511804807907,0.3253333333333331,-0.00466666666666693,281.26012992548885,True,0.9773114881041975,0.9847623343465557,-0.06072121312837035,,6.414186311667267,True,5.299999999999995,5.0662814463125025
0.34,0.29733333333333334,0.38266666666666665,False,278.66110025943624,True,0.6860828109301792,5.9,0.1380932937851413,-17.196548230429624,0.3353333333333331,-0.00466666666666693,279.8606020046044,True,0.9852355652333393,1.1995017451681633,-0.07436135238553791,,6.327826450924437,True,5.200000000000001,4.9799215855696755
0.35,0.30733333333333335,0.39266666666666666,False,277.05613042340593,True,0.6860828109301792,5.800000000000001,0.14785472615337578,-16.603295775205456,0.3453333333333331,-0.004666666666666874,278.980205433191,True,0.9882713173249519,1.9240750097850423,-0.11981366145940932,,6.273278759998307,True,5.099999999999998,4.9253738946435455
0.36,0.31733333333333336,0.4026666666666667,False,275.4604045334168,True,0.6860828109301794,5.700000000000003,0.15875970211673807,-15.985194492750026,0.3553333333333331,-0.004666666666666874,278.3256731619802,True,0.9885101802467468,2.865268628563399,-0.179148413929874,,6.232613512468777,True,5.0,4.884708647114012
0.37,0.3273333333333333,0.4126666666666667,False,273.87386934825736,True,0.6860828109301793,5.600000000000002,0.16434325600073504,-15.684962258998617,0.3653333333333331,-0.004666666666666874,276.85648413787396,True,0.9898999618535377,2.982614789616605,-0.18752025308094983,,6.140985351619852,True,4.900000000000001,4.793080486265087
0.38,0.3373333333333333,0.4226666666666667,False,270.72815965904965,True,0.5485250542599845,5.399999999999999,0.17093230918526153,-15.343516805892774,0.37533333333333313,-0.004666666666666874,274.57371263008514,True,0.9905249029007036,3.845552971035488,-0.24418264264192835,,5.9976477411808276,True,4.699999999999999,4.649742875826063
0.39,0.3473333333333333,0.43266666666666664,False,267.61858152730787,True,0.48498680771591124,5.199999999999995,0.17744033087826735,-15.018953227046216,0.3853333333333331,-0.00466666666666693,271.479243282353,True,0.9887405496011079,3.8606617550451574,-0.24796328368110726,pyin_probability_below_0.5,5.801428382220005,False,4.499999999999994,4.45352351686524
0.4,0.35733333333333334,0.44266666666666665,False,266.0772119191614,True,0.42606232904328145,5.099999999999995,0.18102563764875076,-14.845198281522316,0.3953333333333331,-0.00466666666666693,268.04354815415695,True,0.9868076236043404,1.9663362349955378,-0.12746943671039376,pyin_probability_below_0.5,5.580934535249288,False,4.399999999999993,4.233029669894522
0.41,0.36733333333333335,0.45266666666666666,False,261.5061646776419,True,0.32333605839064083,4.799999999999999,0.18481447436764242,-14.665280370994683,0.4053333333333331,-0.004666666666666874,263.4099963068359,True,0.9832312747938501,1.9038316291940305,-0.12558167713841387,pyin_probability_below_0.5,5.279046775677313,False,4.099999999999998,3.931141910322549
0.42,0.37733333333333335,0.46266666666666667,False,258.50251019256234,True,0.3233360583906409,4.600000000000001,0.187513589495692,-14.539345051618435,0.4153333333333331,-0.004666666666666874,258.05542205006657,True,0.9888214104587033,0.44708814249577244,0.029968154980702655,pyin_probability_below_0.5,4.923496943558201,False,3.9000000000000004,3.5755920782034365
0.43,0.3873333333333333,0.4726666666666667,False,254.06159179290393,True,0.3721358982975086,4.299999999999999,0.18382579005469377,-14.71187117643965,0.4253333333333331,-0.004666666666666874,254.02403852874966,True,0.9913923324432669,0.03755326415426907,0.0025591548272935567,pyin_probability_below_0.5,4.650905943711604,False,3.599999999999997,3.303001078356837
0.44,0.3973333333333333,0.4826666666666667,False,251.14344552045984,True,0.5485250542599845,4.099999999999998,0.1771996891405051,-15.030740886528086,0.43533333333333313,-0.004666666666666874,250.2392770930366,True,0.9889040993415464,0.9041684274232296,0.06244047885581715,,4.391024619683084,True,3.3999999999999977,3.0431197543283206
0.45,0.4073333333333333,0.49266666666666664,False,246.828951447135,True,0.6159498854580682,3.8000000000000007,0.1688532665352572,-15.44981066687107,0.4453333333333331,-0.00466666666666693,246.72798409988735,True,0.9936767972592653,0.10096734724766065,0.007083199495260591,,4.146381899043639,True,3.0999999999999988,2.798477033688873
0.46,0.41733333333333333,0.5026666666666667,False,245.40732129724032,True,0.7571601330199094,3.7000000000000015,0.16175464212864563,-15.82286493690383,0.4553333333333331,-0.00466666666666693,244.44534434281334,True,0.9875845580335656,0.961976954426973,0.0679963391301071,,3.9854687594087936,True,2.999999999999999,2.63756389405403
0.47,0.42733333333333334,0.5126666666666667,False,242.58857779956992,True,0.7571601330199094,3.4999999999999982,0.15494142616074438,-16.196649017612945,0.4653333333333331,-0.004666666666666874,241.3014898758156,True,0.9866746439266681,1.2870879237543136,0.09209759991101993,,3.7613674986278784,True,2.799999999999997,2.413462633273114
0.48,0.43733333333333335,0.5226666666666666,False,241.19137040474044,True,0.8266685594724995,3.3999999999999977,0.1463103582431375,-16.6944985262165,0.4753333333333331,-0.004666666666666874,237.4712291131784,True,0.9889319725236735,3.7201412915620438,0.269106671662152,,3.4843584268767493,True,2.6999999999999966,2.136453561521983
0.49,0.44733333333333336,0.5326666666666666,False,239.8022103323442,True,0.8266685594724997,3.3000000000000003,0.13704492012972663,-17.262741158055665,0.4853333333333331,-0.004666666666666874,235.06855597763987,True,0.9887055862457435,4.733654354704328,0.3451606471755015,,3.3083044513633992,True,2.6000000000000005,1.9603995860086334
0.5,0.4573333333333333,0.5426666666666666,False,237.04784702513638,True,0.8911444948731203,3.0999999999999988,0.12070218829868065,-18.365697123748664,0.4953333333333331,-0.004666666666666874,234.50661198933625,True,0.9853127297197527,2.5412350358001277,0.1865962722680259,,3.2668688262708727,True,2.399999999999998,1.918963960916109
0.51,0.4673333333333333,0.5526666666666666,False,234.3251202788159,True,0.9459302094659093,2.9000000000000035,0.10360266635459256,-19.69258134583404,0.5053333333333331,-0.00466666666666693,233.9261775550906,True,0.9913840522492021,0.39894272372529826,0.029499689472209423,,3.223965409066691,True,2.1999999999999993,1.8760605437119269
0.52,0.47733333333333333,0.5626666666666666,False,234.3251202788159,True,0.8911444948731203,2.9000000000000035,0.0921623939190551,-20.708925059421396,0.5153333333333331,-0.00466666666666693,234.0507165649407,True,0.9886699984844495,0.2744037138751878,0.020285295253674354,,3.2331798032852292,True,2.1999999999999993,1.8852749379304645
0.53,0.48733333333333334,0.5726666666666667,False,234.3251202788159,True,0.8911444948731203,2.9000000000000035,0.08121516653843398,-21.80725721594203,0.5253333333333331,-0.00466666666666693,232.8427416470669,True,0.9687935403005156,1.4823786317489862,0.1098685583205718,,3.143596540218332,True,2.1999999999999993,1.7956916748635647
0.54,0.49733333333333335,0.5826666666666667,False,232.97550689710764,True,0.8266685594724995,2.8000000000000003,0.07007340356424734,-23.088935753946686,0.5353333333333331,-0.00466666666666693,229.64403805614916,True,0.8900786658764597,3.331468840958479,0.24934752785922298,,2.9041175706796745,True,2.0999999999999988,1.55621270532491
0.55,0.5073333333333333,0.5926666666666667,False,232.97550689710764,True,0.7571601330199093,2.8000000000000003,0.060563892393392355,-24.35572441697316,0.5453333333333331,-0.00466666666666693,226.64406209468143,True,0.6769132611865579,6.331444802426205,0.4769991088198982,,2.676465989719004,True,2.0999999999999988,1.3285611243642383
0.56,0.5173333333333333,0.6026666666666667,False,232.97550689710764,True,0.4260623290432814,2.8000000000000003,0.04678653118674359,-26.597583055250666,0.5553333333333331,-0.00466666666666693,232.91250850366225,True,0.6322428575499073,0.06299839344538327,0.004682024899913994,pyin_probability_below_0.5,3.1487830736389855,False,2.0999999999999988,1.80087820828422
0.57,0.5273333333333333,0.6126666666666667,False,232.97550689710764,True,0.05607139510832035,2.8000000000000003,0.032563281994843894,-29.745436596284136,0.5653333333333331,-0.004666666666666819,235.9220539085815,True,0.847004493732908,2.9465470114738537,-0.21758397088023146,pyin_probability_below_0.5,3.3710490694191324,False,2.0999999999999988,2.0231442040643675
0.58,0.5373333333333333,0.6226666666666667,False,232.97550689710764,True,0.010000328604501658,2.8000000000000003,0.019220823917389662,-34.32455999713035,0.5753333333333331,-0.004666666666666819,235.52825222791336,True,0.8856948197693786,2.5527453308057204,-0.18866202395012627,pyin_probability_below_0.5,3.3421271224890243,False,2.0999999999999988,1.9942222571342605
0.59,0.5473333333333333,0.6326666666666667,False,237.04784702513638,True,0.010000000814014906,3.0999999999999988,0.018397744167810006,-34.704708491474754,0.5853333333333332,-0.004666666666666819,233.66738639565793,True,0.5574860641190731,3.380460629478449,0.24866283229937095,pyin_probability_below_0.5,3.2048022662395295,False,2.399999999999998,1.8568974008847663
0.6,0.5573333333333333,0.6426666666666667,False,,False,0.010000000417925077,,0.020995535122293046,-33.55746103667006,0.5953333333333332,-0.004666666666666819,,False,0.0,,,,,False,,
0.61,0.5673333333333334,0.6526666666666666,False,,False,0.01000000002170159,,0.024910806933837033,-32.07224408336331,0.6053333333333331,-0.00466666666666693,,False,0.0,,,,,False,,
0.62,0.5773333333333334,0.6626666666666666,False,,False,0.010000000000221913,,0.02812236697948714,-31.01896257569837,0.6153333333333331,-0.00466666666666693,,False,0.0,,,,,False,,
0.63,0.5873333333333334,0.6726666666666666,False,,False,0.0100000000000754,,0.029699260306787344,-30.54508734273387,0.6253333333333331,-0.00466666666666693,,False,0.0,,,,,False,,
0.64,0.5973333333333334,0.6826666666666666,False,,False,0.0100000000000754,,0.03070252581302896,-30.256517896620338,0.6353333333333331,-0.00466666666666693,,False,0.0,,,,,False,,
0.65,0.6073333333333333,0.6926666666666667,False,,False,0.010000000000221913,,0.031009693334333923,-30.17005057261891,0.6453333333333331,-0.00466666666666693,,False,0.0,,,,,False,,
0.66,0.6173333333333333,0.7026666666666667,False,,False,0.010000000000075398,,0.031214588667406888,-30.112847672864586,0.6553333333333331,-0.00466666666666693,,False,0.0,,,,,False,,
0.67,0.6273333333333333,0.7126666666666667,False,,False,0.01000000000061386,,0.030510632812417362,-30.310975693699966,0.6653333333333331,-0.00466666666666693,,False,0.0,,,,,False,,
0.68,0.6373333333333333,0.7226666666666667,False,,False,0.010000000003996617,,0.029178523942370124,-30.69873363192032,0.6753333333333331,-0.00466666666666693,,False,0.0,,,,,False,,
0.69,0.6473333333333333,0.7326666666666667,False,,False,0.010000000101429393,,0.026052119963556507,-31.683138613497665,0.6853333333333331,-0.004666666666666819,,False,0.0,,,,,False,,
0.7,0.6573333333333333,0.7426666666666667,False,243.99387913449723,True,0.010000802780927253,3.6000000000000005,0.03143171320289521,-30.0526389375317,0.6953333333333331,-0.004666666666666819,,False,0.0,,,pyin_probability_below_0.5|voicing_disagreement,,False,2.9,
0.71,0.6673333333333333,0.7526666666666667,False,242.58857779956992,True,0.013980210380185926,3.4999999999999982,0.037439671879924606,-28.53335932120139,0.7053333333333331,-0.004666666666666819,,False,0.0,,,pyin_probability_below_0.5|voicing_disagreement,,False,2.799999999999997,
0.72,0.6773333333333333,0.7626666666666667,False,241.19137040474044,True,0.07797523762294818,3.3999999999999977,0.04539262847579218,-26.86029337114817,0.7153333333333332,-0.004666666666666819,,False,0.0,,,pyin_probability_below_0.5|voicing_disagreement,,False,2.6999999999999966,
0.73,0.6873333333333334,0.7726666666666666,False,237.04784702513638,True,0.2796051653363589,3.0999999999999988,0.05318834327354935,-25.483670740067485,0.7253333333333332,-0.004666666666666819,244.54194858423406,True,0.7607541954713855,7.494101559097686,-0.5388441066903381,pyin_probability_below_0.5,3.9923092052292377,False,2.399999999999998,2.6444043398744745
0.74,0.6973333333333334,0.7826666666666666,False,235.68255189130872,True,0.4849868077159113,2.999999999999999,0.05963599579471558,-24.48983049104755,0.7353333333333331,-0.00466666666666693,239.69416139797795,True,0.8981751370362432,4.011609506669231,-0.29219773043823716,pyin_probability_below_0.5,3.645662828977139,False,2.3000000000000003,2.2977579636223755
0.75,0.7073333333333334,0.7926666666666666,False,235.68255189130872,True,0.6159498854580681,2.999999999999999,0.06598485928240948,-23.61111410263114,0.7453333333333331,-0.00466666666666693,236.744067872566,True,0.9605020016154431,1.061515981257287,-0.07779983710754138,,3.4312649356464404,True,2.3000000000000003,2.0833600702916786
0.76,0.7173333333333334,0.8026666666666666,False,235.68255189130872,True,0.7571601330199094,2.999999999999999,0.07258138193507033,-22.783495343524397,0.7553333333333331,-0.00466666666666693,236.31278780302748,True,0.9861591427310294,0.6302359117187564,-0.046232936047951,,3.3996980345868506,True,2.3000000000000003,2.0517931692320874
0.77,0.7273333333333334,0.8126666666666666,False,235.68255189130872,True,0.8266685594724995,2.999999999999999,0.0775045148270987,-22.21345996087123,0.7653333333333331,-0.00466666666666693,235.9978497654023,True,0.9912681936644193,0.3152978740935737,-0.023145099716421445,,3.3766101982553236,True,2.3000000000000003,2.028705332900559
0.78,0.7373333333333333,0.8226666666666667,False,234.3251202788159,True,0.8911444948731204,2.9000000000000035,0.0812194528505617,-21.80679881077884,0.7753333333333331,-0.00466666666666693,235.0164344771214,True,0.9924934725785384,0.6913141983055198,-0.051000280376406346,,3.3044653789153076,True,2.1999999999999993,1.956560513560543
0.79,0.7473333333333333,0.8326666666666667,False,234.3251202788159,True,0.8911444948731204,2.9000000000000035,0.08200539325978383,-21.723151687462266,0.7853333333333331,-0.00466666666666693,234.15706432182083,True,0.9951160196590839,0.1680559569950617,0.01242071596068333,,3.2410443825782203,True,2.1999999999999993,1.8931395172234562
0.8,0.7573333333333333,0.8426666666666667,False,234.3251202788159,True,0.8911444948731204,2.9000000000000035,0.0811954121232162,-21.80937019001929,0.7953333333333331,-0.00466666666666693,233.41887317875336,True,0.9951999501304443,0.9062471000625294,0.06708489351508018,,3.1863802050238212,True,2.1999999999999993,1.8384753396690567
0.81,0.7673333333333333,0.8526666666666667,False,232.97550689710764,True,0.9459302094659092,2.8000000000000003,0.07930315957295625,-22.014190186115865,0.8053333333333331,-0.00466666666666693,232.4049978606909,True,0.9949538586784777,0.5705090364167233,0.04244634890462831,,3.1110187496342703,True,2.0999999999999988,1.763113884279508
0.82,0.7773333333333333,0.8626666666666667,False,231.63366671648822,True,0.9459302094659093,2.7,0.07622481893021622,-22.358071972298884,0.8153333333333331,-0.004666666666666819,230.80432273573425,True,0.9952132228753723,0.8293439807539755,0.0620965452645076,,2.9913685532743925,True,2.0000000000000004,1.6434636879196272
0.83,0.7873333333333333,0.8726666666666667,False,230.29955496661373,True,0.9459302094659093,2.5999999999999974,0.07247405428535374,-22.79634886097901,0.8253333333333331,-0.004666666666666819,228.96229897351876,True,0.9940352533540554,1.3372559930949706,0.10081872162655946,,2.8526463769123387,True,1.8999999999999972,1.5047415115575735
0.84,0.7973333333333333,0.8826666666666667,False,228.9731271349986,True,0.8911444948731204,2.500000000000002,0.06743521975345995,-23.422264458139047,0.8353333333333332,-0.004666666666666819,226.98606846469062,True,0.9933819018440997,1.987058670307988,0.15089444138027264,,2.7025706571586268,True,1.800000000000001,1.354665791803862
0.85,0.8073333333333333,0.8926666666666667,False,226.34314645699226,True,0.8911444948731204,2.3000000000000003,0.06263612236631687,-24.063502722398617,0.8453333333333332,-0.004666666666666819,224.6198506882554,True,0.9923752756338851,1.7232957687368469,0.13231430749997505,,2.521150791038924,True,1.599999999999999,1.173245925684162
0.86,0.8173333333333334,0.9026666666666666,False,225.0395058615972,True,0.8911444948731204,2.200000000000003,0.058088831867042154,-24.71814713695798,0.8553333333333332,-0.004666666666666819,222.51611660171454,True,0.9899049257040534,2.523389259882663,0.1952214865827443,,2.3582436119561567,True,1.5000000000000004,1.0103387466013927
0.87,0.8273333333333334,0.9126666666666666,False,223.74337368352585,True,0.9459302094659092,2.100000000000002,0.0528314685258077,-25.542146346249538,0.8653333333333331,-0.00466666666666693,221.78274237461713,True,0.9864579420623445,1.9606313089087166,0.15237416929143205,,2.3010909292474704,True,1.4000000000000004,0.9531860638927059
0.88,0.8373333333333334,0.9226666666666666,False,221.17346184722248,True,0.8911444948731204,1.9000000000000006,0.0473812978901859,-26.487860941144064,0.8753333333333331,-0.00466666666666693,220.28316771602053,True,0.983538576757259,0.890294131201955,0.0698283591179055,,2.1836367394209946,True,1.1999999999999993,0.8357318740662312
0.89,0.8473333333333334,0.9326666666666666,False,221.17346184722248,True,0.8911444948731204,1.9000000000000006,0.04332291319292534,-27.26564694994938,0.8853333333333331,-0.00466666666666693,218.87386689058528,True,0.9789657120883214,2.2995949566372076,0.18094296084648936,,2.072522137692412,True,1.1999999999999993,0.7246172723376457
0.9,0.8573333333333333,0.9426666666666667,False,222.45470667747657,True,0.6860828109301793,2.0000000000000004,0.04087020739146082,-27.77186317004584,0.8953333333333331,-0.00466666666666693,217.76662483254287,True,0.9711239200919323,4.688081844933691,0.36874513662206315,,1.9847199619168383,True,1.2999999999999994,0.6368150965620738
0.91,0.8673333333333333,0.9526666666666667,False,228.9731271349986,True,0.20650679911775227,2.500000000000002,0.04317402121251563,-27.295549988619147,0.9053333333333331,-0.00466666666666693,219.28514392271296,True,0.96779909465596,9.687983212285644,0.7484425674661557,pyin_probability_below_0.5,2.1050225310727444,False,1.800000000000001,0.75711766571798
0.92,0.8773333333333333,0.9626666666666667,False,241.19137040474044,True,0.092037570812181,3.3999999999999977,0.04847141535433855,-26.29028597583373,0.9153333333333331,-0.00466666666666693,221.45350430429008,True,0.9663574778717147,19.73786610045036,1.4780935578433407,pyin_probability_below_0.5|pitch_difference_over_1_semitone,2.275371540695556,False,2.6999999999999966,0.9274666753407941
0.93,0.8873333333333333,0.9726666666666667,False,254.06159179290393,True,0.09203757081218102,4.299999999999999,0.05706542226446255,-24.87253929513003,0.9253333333333331,-0.00466666666666693,226.08965018221178,True,0.9552365384677436,27.97194161069214,2.0194000714093097,pyin_probability_below_0.5|pitch_difference_over_1_semitone,2.63406502712959,False,3.599999999999997,1.2861601617748255
0.94,0.8973333333333333,0.9826666666666667,False,263.0210544784999,True,0.20650679911775233,4.900000000000001,0.06520652448276346,-23.714178942694065,0.9353333333333331,-0.004666666666666819,236.78140257622786,True,0.9516512786145069,26.239651902272016,1.8194702100447753,pyin_probability_below_0.5|pitch_difference_over_1_semitone,3.4339948884941283,False,4.200000000000001,2.086090023139363
0.95,0.9073333333333333,0.9926666666666667,False,269.16888019875813,True,0.37213589829750865,5.299999999999999,0.07222625973420613,-22.82609749342241,0.9453333333333331,-0.004666666666666819,250.64162924533056,True,0.9514187270828973,18.52725095342757,1.2346268454440747,pyin_probability_below_0.5|pitch_difference_over_1_semitone,4.4188382530948225,False,4.599999999999999,3.0709333877400575
0.96,0.9173333333333333,1.0026666666666666,False,272.296471933363,True,0.48498680771591124,5.500000000000005,0.07697817779566704,-22.27264747216896,0.9553333333333331,-0.004666666666666819,261.72164362727165,True,0.9730763302279808,10.574828306091376,0.6857406464402527,pyin_probability_below_0.5,5.167724452098652,False,4.8000000000000025,3.8198195867438898
0.97,0.9273333333333333,1.0126666666666666,False,275.4604045334168,True,0.615949885458068,5.700000000000003,0.08290109301099789,-21.6287948689666,0.9653333333333332,-0.004666666666666819,269.5041083490882,True,0.9853950609662181,5.9562961843286075,0.37845229015314596,,5.675012808385757,True,5.0,4.327107943030991
0.98,0.9373333333333334,1.0226666666666666,False,277.05613042340593,True,0.6860828109301792,5.800000000000001,0.0888135238662785,-21.030417960711393,0.9753333333333332,-0.004666666666666819,274.5629980454518,True,0.9917726366470794,2.4931323779541117,0.1564929433599009,,5.996972155178999,True,5.099999999999998,4.649067289824233
0.99,0.9473333333333334,1.0326666666666666,False,278.66110025943624,True,0.8266685594724995,5.9,0.0924727363959927,-20.67972581615006,0.9853333333333331,-0.00466666666666693,277.9554887269369,True,0.9935791965618501,0.705611532499347,0.04389302758891943,,6.209572070949983,True,5.200000000000001,4.861667205595216
1.0,0.9573333333333334,1.0426666666666666,False,280.2753675911423,True,0.8911444948731202,5.999999999999998,0.09423986225452491,-20.51530714684055,0.9953333333333331,-0.00466666666666693,281.3683570151192,True,0.9954664865585683,1.092989423976917,-0.06738160908269848,,6.420846707621598,True,5.299999999999995,5.072941842266832
1.01,0.9673333333333334,1.0526666666666666,False,281.8989862783688,True,0.9459302094659091,6.100000000000001,0.09326805314113797,-20.60534177039002,1.005333333333333,-0.004666666666667041,283.4835494409033,True,0.9961125535920146,1.5845631625344936,-0.09704073646231566,,6.550505835001218,True,5.399999999999999,5.202600969646451
1.02,0.9773333333333334,1.0626666666666666,False,281.8989862783688,True,0.9848789761259923,6.100000000000001,0.09051032566609477,-20.86603744926565,1.015333333333333,-0.004666666666667041,284.0671682217968,True,0.9955863528894289,2.16818194342801,-0.132645697564383,,6.5861107961032825,True,5.399999999999999,5.23820593074852
1.03,0.9873333333333333,1.0726666666666667,False,281.8989862783688,True,0.9848789761259923,6.100000000000001,0.08567377390795158,-21.343042042326346,1.025333333333333,-0.004666666666667041,284.38538774693376,True,0.9962751115418695,2.4864014685649636,-0.15202858286441082,,6.605493681403311,True,5.399999999999999,5.257588816048547
1.04,0.9973333333333333,1.0826666666666667,False,281.8989862783688,True,0.9848789761259924,6.100000000000001,0.08101854009143931,-21.828311736488352,1.035333333333333,-0.004666666666667041,283.741038142959,True,0.9968931324357723,1.8420518645901893,-0.11275843448267955,,6.56622353302158,True,5.399999999999999,5.218318667666815
1.05,1.0073333333333334,1.0926666666666667,False,281.8989862783688,True,0.8911444948731202,6.100000000000001,0.07663819044347518,-22.311095164626597,1.045333333333333,-0.004666666666667041,280.9445541524237,True,0.9941661882612823,0.9544321259451181,0.05871425570507325,,6.394750842833828,True,5.399999999999999,5.046845977479064
1.06,1.0173333333333334,1.1026666666666667,False,278.66110025943624,True,0.7571601330199093,5.9,0.07316516870050349,-22.71391243383684,1.055333333333333,-0.004666666666667041,276.8946628435177,True,0.9903843767987607,1.7664374159185172,0.11009252747490779,,6.143372571063994,True,5.200000000000001,4.795467705709228
1.07,1.0273333333333334,1.1126666666666667,False,273.87386934825736,True,0.6860828109301793,5.600000000000002,0.06885999955013422,-23.24065968937225,1.065333333333333,-0.004666666666667041,272.3421103758846,True,0.9830506873374267,1.5317589723727565,0.09709859608220617,,5.856366502456698,True,4.900000000000001,4.508461637101933
1.08,1.0373333333333334,1.1226666666666667,False,267.61858152730787,True,0.5485250542599845,5.199999999999995,0.06388079317265707,-23.8925940020895,1.075333333333333,-0.004666666666667041,265.36002694065405,True,0.9825766691304906,2.2585545866538155,0.1467267145479044,,5.4067383839909935,True,4.499999999999994,4.058833518636228
1.09,1.0473333333333332,1.1326666666666667,False,261.5061646776419,True,0.4260623290432815,4.799999999999999,0.05855965465366082,-24.648029862508217,1.085333333333333,-0.004666666666667041,260.49488525979444,True,0.9894093770030645,1.0112794178474473,0.06707892835928878,pyin_probability_below_0.5,5.086386170179612,False,4.099999999999998,3.7384813048248473
1.1,1.0573333333333332,1.1426666666666667,False,254.06159179290393,True,0.32333605839064083,4.299999999999999,0.05353380384396099,-25.42743793459183,1.095333333333333,-0.004666666666667041,257.56557772584137,True,0.981124163199408,3.5039859329374394,-0.23713809444160122,pyin_probability_below_0.5,4.890603192980498,False,3.599999999999997,3.542698327625734
1.11,1.0673333333333332,1.1526666666666667,False,248.25881701670832,True,0.20650679911775233,3.9000000000000004,0.0495066453676061,-26.106730020208126,1.105333333333333,-0.004666666666667041,251.9473879480669,True,0.9643427770134162,3.6885709313585835,-0.2553305127541708,pyin_probability_below_0.5,4.508795611293072,False,3.2,3.160890745938307
1.12,1.0773333333333333,1.1626666666666667,False,245.40732129724032,True,0.12793708630129036,3.7000000000000015,0.047686650991701635,-26.432063535342564,1.115333333333333,-0.004666666666667041,240.02383421036646,True,0.9450270089896815,5.383487086873856,0.3840074195485357,pyin_probability_below_0.5,3.669457678990366,False,2.999999999999999,2.321552813635602
1.13,1.0873333333333333,1.1726666666666667,False,242.58857779956992,True,0.05607139544589262,3.4999999999999982,0.04653987432010517,-26.643495877005762,1.125333333333333,-0.004666666666666819,227.77455544139352,True,0.9204559020354318,14.814022358176402,1.090860357624949,pyin_probability_below_0.5|pitch_difference_over_1_semitone,2.7626047409139503,False,2.799999999999997,1.4146998755591875
1.14,1.0973333333333333,1.1826666666666668,False,232.97550689710764,True,0.026168028608935755,2.8000000000000003,0.04287408886617992,-27.356101924217235,1.135333333333333,-0.004666666666666819,211.58872166530864,True,0.8674379682381204,21.386785231798996,1.6669867264366325,pyin_probability_below_0.5|pitch_difference_over_1_semitone,1.4864783721022674,False,2.0999999999999988,0.138573506747501
1.15,1.1073333333333333,1.1926666666666668,False,218.63306796596578,True,0.020317628556360583,1.6999999999999993,0.03623996173864413,-28.816245390271213,1.145333333333333,-0.004666666666666819,198.32802787224986,True,0.7694963685564933,20.305040093715917,1.6874765818311328,pyin_probability_below_0.5|pitch_difference_over_1_semitone,0.36598851670776644,False,0.9999999999999971,-0.9819163486469957
1.16,1.1173333333333333,1.2026666666666668,False,205.1735783080468,True,0.0229442191246386,0.6000000000000013,0.030925085211132578,-30.193781900800637,1.155333333333333,-0.004666666666666819,184.71536335255445,True,0.8192964570860162,20.458214955492366,1.818493101992181,pyin_probability_below_0.5|pitch_difference_over_1_semitone,-0.8650280034532812,False,-0.10000000000000067,-2.212932868808046
1.17,1.1273333333333333,1.2126666666666666,False,188.14500086724917,True,0.034897428019625254,-0.8999999999999986,0.02568021816657511,-31.808025820679546,1.165333333333333,-0.004666666666666819,174.34101226912912,True,0.9110601355116251,13.803988598120043,1.3191955826705728,pyin_probability_below_0.5|pitch_difference_over_1_semitone,-1.8657304841316706,False,-1.6,-3.2136353494864354
1.18,1.1373333333333333,1.2226666666666666,False,177.5852333780714,True,0.056071395445892624,-1.900000000000003,0.02261090674703431,-32.91364042285189,1.1753333333333331,-0.004666666666666819,169.92169201847364,True,0.8980460391800008,7.663541359597758,0.7636990331332671,pyin_probability_below_0.5,-2.3102339345943688,False,-2.6000000000000028,-3.658138799949135
1.19,1.1473333333333333,1.2326666666666666,False,175.5454930018647,True,0.07797523762294821,-2.0999999999999996,0.020358669206120783,-33.82501228243018,1.185333333333333,-0.004666666666667041,168.62886896254312,True,0.8681188467100042,6.91662403932159,0.6959209480430797,pyin_probability_below_0.5,-2.4424558495041797,False,-2.8,-3.7903607148589433
1.2,1.1573333333333333,1.2426666666666666,False,169.56576906952336,True,0.10857977072874499,-2.700000000000001,0.01754681959275476,-35.11603178166723,1.195333333333333,-0.004666666666667041,157.42709203366837,True,0.5784032534725517,12.138677035854982,1.2859334072535469,pyin_probability_below_0.5|pitch_difference_over_1_semitone,-3.6324683087146497,False,-3.4000000000000012,-4.980373174069414
1.21,1.1673333333333333,1.2526666666666666,False,164.73856077731807,True,0.07797523762294821,-3.2000000000000006,0.015007729115363213,-36.47370035537258,1.205333333333333,-0.004666666666667041,142.13755613173052,True,0.6685542965557413,22.60100464558755,2.5546858864597235,pyin_probability_below_0.5|pitch_difference_over_1_semitone,-5.401220787920826,False,-3.9000000000000035,-6.749125653275591
1.22,1.1773333333333333,1.2626666666666666,False,158.21045677717683,True,0.013100262550513395,-3.8999999999999986,0.011627788134452394,-38.690057798913664,1.215333333333333,-0.004666666666667041,145.02434895232454,True,0.6684799451306831,13.186107824852286,1.5065977660648864,pyin_probability_below_0.5|pitch_difference_over_1_semitone,-5.053132667525986,False,-4.600000000000001,-6.401037532880752
1.23,1.1873333333333334,1.2726666666666666,False,,False,0.010000802780927251,,0.00945769270319588,-40.48429602141384,1.225333333333333,-0.004666666666667041,,False,0.0,,,,,False,,
1.24,1.1973333333333334,1.2826666666666666,False,,False,0.01000032860450166,,0.008928107821100185,-40.984811471566104,1.235333333333333,-0.004666666666667041,,False,0.0,,,,,False,,
1.25,1.2073333333333334,1.2926666666666666,False,,False,0.010000000000613858,,0.010979298912954256,-39.1885078205899,1.245333333333333,-0.004666666666667041,,False,0.0,,,,,False,,
1.26,1.2173333333333334,1.3026666666666666,False,191.43371755306833,True,0.010349055133375844,-0.5999999999999991,0.02112512693033044,-33.50401345823855,1.255333333333333,-0.004666666666667041,,False,0.0,,,pyin_probability_below_0.5|voicing_disagreement,,False,-1.3000000000000005,
1.27,1.2273333333333334,1.3126666666666666,False,183.84776310850236,True,0.056071395445892624,-1.2999999999999985,0.029196791035152745,-30.693297568503507,1.265333333333333,-0.004666666666667041,,False,0.0,,,pyin_probability_below_0.5|voicing_disagreement,,False,-2.0000000000000004,
1.28,1.2373333333333334,1.3226666666666667,False,183.84776310850236,True,0.12793708630129036,-1.2999999999999985,0.03469710273362044,-29.194135760282514,1.275333333333333,-0.004666666666667041,,False,0.0,,,pyin_probability_below_0.5|voicing_disagreement,,False,-2.0000000000000004,
1.29,1.2473333333333334,1.3326666666666667,False,180.68936857950385,True,0.2796051653363589,-1.599999999999996,0.041542796519861515,-27.630085431769466,1.285333333333333,-0.004666666666667041,187.0311503126718,True,0.7335302393138478,6.341781733167949,-0.5972033981793388,pyin_probability_below_0.5,-0.6493315032817577,False,-2.2999999999999976,-1.9972363686365227
1.3,1.2573333333333334,1.3426666666666667,False,179.64867439581087,True,0.42606232904328145,-1.7000000000000013,0.0472106712701081,-26.519196489222292,1.295333333333333,-0.004666666666667041,184.11919968184486,True,0.899967057026988,4.47052528603399,-0.425541440981816,pyin_probability_below_0.5,-0.9209934604792851,False,-2.4000000000000026,-2.268898325834049
1.31,1.2673333333333334,1.3526666666666667,False,179.64867439581087,True,0.6159498854580678,-1.7000000000000013,0.05136377620524088,-25.786861098779283,1.305333333333333,-0.004666666666667041,181.17726138860485,True,0.9792166412907607,1.5285869927939757,-0.14668334050574797,,-1.1998515609553562,True,-2.4000000000000026,-2.5477564263101184
1.32,1.2773333333333334,1.3626666666666667,False,179.64867439581087,True,0.8266685594724994,-1.7000000000000013,0.05341886813196129,-25.44610636569808,1.315333333333333,-0.004666666666667041,179.82274604024045,True,0.9930423265180554,0.17407164442957423,-0.01676677278006231,,-1.3297681286810397,True,-2.4000000000000026,-2.677672994035804
1.33,1.2873333333333334,1.3726666666666667,False,179.64867439581087,True,0.945930209465909,-1.7000000000000013,0.05417104994272092,-25.32465493680273,1.325333333333333,-0.004666666666667041,178.75789307701038,True,0.9929339234142904,0.8907813188004923,0.08605613092679765,,-1.4325910323879028,True,-2.4000000000000026,-2.780495897742667
1.34,1.2973333333333332,1.3826666666666667,False,178.6139741695516,True,0.9848789761259923,-1.799999999999999,0.05251824279003599,-25.593796268314474,1.335333333333333,-0.004666666666667041,178.91393831778655,True,0.9904100690297134,0.2999641482349489,-0.029049942711329085,,-1.4174849587497715,True,-2.499999999999999,-2.7653898241045347
1.35,1.3073333333333332,1.3926666666666667,False,178.6139741695516,True,0.945930209465909,-1.799999999999999,0.048790356697118495,-26.233320136617554,1.345333333333333,-0.004666666666667041,178.52571266807115,True,0.9860504367362387,0.08826150148044576,0.008556949861747503,,-1.4550918513228472,True,-2.499999999999999,-2.8029967166776126
1.36,1.3173333333333332,1.4026666666666667,False,178.6139741695516,True,0.945930209465909,-1.799999999999999,0.04535767408518236,-26.866984478189117,1.355333333333333,-0.004666666666667041,176.1263531908958,True,0.9688449667883126,2.487620978655798,0.24280998821110217,,-1.6893448896722014,True,-2.499999999999999,-3.0372497550269673
1.37,1.3273333333333333,1.4126666666666667,False,178.6139741695516,True,0.9459302094659091,-1.799999999999999,0.03975697688391085,-28.011732934464128,1.365333333333333,-0.004666666666667041,174.42273999696826,True,0.9374013755855141,4.191234172583336,0.41108179063464445,,-1.8576166920957429,True,-2.499999999999999,-3.205521557450507
1.38,1.3373333333333333,1.4226666666666667,False,177.5852333780714,True,0.8911444948731202,-1.900000000000003,0.032834953185632544,-29.67327197140833,1.375333333333333,-0.004666666666666819,181.04366473708671,True,0.9121286940173903,3.4584313590153215,-0.33391284240609864,,-1.2126220590550043,True,-2.6000000000000028,-2.5605269244097686
1.39,1.3473333333333333,1.4326666666666668,False,175.5454930018647,True,0.7571601330199093,-2.0999999999999996,0.02433964814914735,-32.27371408332551,1.385333333333333,-0.004666666666666819,184.379683582731,True,0.9428729462822665,8.834190580866277,-0.8500168841399558,,-0.8965180173211433,False,-2.8,-2.2444228826759085
1.4,1.3573333333333333,1.4426666666666668,False,177.5852333780714,True,0.4849868077159112,-1.900000000000003,0.01581695052991704,-36.01754487402227,1.395333333333333,-0.004666666666666819,179.18013878861262,True,0.972141183528827,1.5949054105412301,-0.1547892907389621,pyin_probability_below_0.5,-1.3917456107221415,False,-2.6000000000000028,-2.7396504760769047
1.41,1.3673333333333333,1.4526666666666668,False,181.73609144327253,True,0.034897428019625254,-1.5000000000000004,0.011239155601763544,-38.985326322082976,1.405333333333333,-0.004666666666666819,182.25937558478253,True,0.9767510200010081,0.523284141510004,-0.04977688071875663,pyin_probability_below_0.5,-1.0967580207423437,False,-2.200000000000002,-2.444662886097108
1.42,1.3773333333333333,1.4626666666666666,False,187.0613654014066,True,0.010026724673810768,-1.0000000000000013,0.01243983363994384,-38.10370855003824,1.415333333333333,-0.004666666666666819,,False,0.0,,,pyin_probability_below_0.5|voicing_disagreement,,False,-1.7000000000000033,
1.43,1.3873333333333333,1.4726666666666666,False,187.0613654014066,True,0.010000516719604524,-1.0000000000000013,0.012736927721022313,-37.89870631397613,1.4253333333333331,-0.004666666666666819,,False,0.0,,,pyin_probability_below_0.5|voicing_disagreement,,False,-1.7000000000000033,
1.44,1.3973333333333333,1.4826666666666666,False,187.0613654014066,True,0.010000000101429396,-1.0000000000000013,0.013942788041720267,-37.11300749453688,1.435333333333333,-0.004666666666667041,,False,0.0,,,pyin_probability_below_0.5|voicing_disagreement,,False,-1.7000000000000033,
1.45,1.4073333333333333,1.4926666666666666,False,187.0613654014066,True,0.010000000000075398,-1.0000000000000013,0.015688285744167405,-36.08849018182713,1.445333333333333,-0.004666666666667041,,False,0.0,,,pyin_probability_below_0.5|voicing_disagreement,,False,-1.7000000000000033,
1.46,1.4173333333333333,1.5026666666666666,False,,False,0.010000000000001865,,0.01672593568551071,-35.53219154990238,1.455333333333333,-0.004666666666667041,,False,0.0,,,,,False,,
1.47,1.4273333333333333,1.5126666666666666,False,,False,0.010000000000000108,,0.017549434636702877,-35.114737399479004,1.465333333333333,-0.004666666666667041,,False,0.0,,,,,False,,
1.48,1.4373333333333334,1.5226666666666666,False,,False,0.01000000000000011,,0.01803449849880449,-34.8779185997431,1.475333333333333,-0.004666666666667041,,False,0.0,,,,,False,,
1.49,1.4473333333333334,1.5326666666666666,False,,False,0.010000000000006923,,0.018154639760396257,-34.8202472860262,1.485333333333333,-0.004666666666667041,,False,0.0,,,,,False,,
1.5,1.4573333333333334,1.5426666666666666,False,264.5447199466984,True,0.01000000000000011,4.9999999999999964,0.019370803755593635,-34.25704717325116,1.495333333333333,-0.004666666666667041,,False,0.0,,,pyin_probability_below_0.5|voicing_disagreement,,False,4.299999999999996,
1.51,1.4673333333333334,1.5526666666666666,False,278.66110025943624,True,0.012403124793551348,5.9,0.03390209475435285,-29.395469332604943,1.505333333333333,-0.004666666666667041,,False,0.0,,,pyin_probability_below_0.5|voicing_disagreement,,False,5.200000000000001,
1.52,1.4773333333333334,1.5626666666666666,False,278.66110025943624,True,0.0779752376229482,5.9,0.04217560524234445,-27.498773526750966,1.515333333333333,-0.004666666666667041,,False,0.0,,,pyin_probability_below_0.5|voicing_disagreement,,False,5.200000000000001,
1.53,1.4873333333333334,1.5726666666666667,False,277.05613042340593,True,0.3233360583906408,5.800000000000001,0.04742611959706001,-26.479648156983888,1.525333333333333,-0.004666666666667041,,False,0.0,,,pyin_probability_below_0.5|voicing_disagreement,,False,5.099999999999998,
1.54,1.4973333333333334,1.5826666666666667,False,275.4604045334168,True,0.5485250542599844,5.700000000000003,0.05029950681983306,-25.968725462489846,1.535333333333333,-0.004666666666667041,281.41376975383145,True,0.8156474003292135,5.953365220414639,-0.37017558834930697,,6.423640686888209,True,5.0,5.075735821533446
1.55,1.5073333333333334,1.5926666666666667,False,273.87386934825736,True,0.6860828109301793,5.600000000000002,0.050546730917682456,-25.92613853848077,1.545333333333333,-0.004666666666667041,274.20556494931725,True,0.9285108808780485,0.3316956010598915,-0.020954728554059,,5.974419827092962,True,4.900000000000001,4.626514961738197
1.56,1.5173333333333334,1.6026666666666667,False,273.87386934825736,True,0.7571601330199093,5.600000000000002,0.0505106424228274,-25.932342157009103,1.555333333333333,-0.004666666666667041,272.9673266615427,True,0.9828802336998231,0.9065426867146584,0.05740017450607578,,5.896064924032825,True,4.900000000000001,4.5481600586780635
1.57,1.5273333333333334,1.6126666666666667,False,273.87386934825736,True,0.8266685594724995,5.600000000000002,0.0504737340560584,-25.938691297855026,1.565333333333333,-0.004666666666667041,272.9700077012675,True,0.9916269799271474,0.903861646989867,0.0572301364095255,,5.896234962129375,True,4.900000000000001,4.54833009677461
1.58,1.5373333333333334,1.6226666666666667,False,273.87386934825736,True,0.8911444948731203,5.600000000000002,0.050424190803325955,-25.94722125049239,1.575333333333333,-0.004666666666667041,273.03675634637887,True,0.9827386091650806,0.8371130018784925,0.052997312373982336,,5.900467786164919,True,4.900000000000001,4.552562920810155
1.59,1.5473333333333332,1.6326666666666667,False,272.296471933363,True,0.9848789761259924,5.500000000000005,0.04537722553902324,-26.863241226724526,1.585333333333333,-0.004666666666667041,271.3264331595269,True,0.9350543936432819,0.9700387738361087,0.06178422288152704,,5.791680875657377,True,4.8000000000000025,4.443776010302614
1.6,1.5573333333333332,1.6426666666666667,False,272.296471933363,True,0.9459302094659091,5.500000000000005,0.03602500531783015,-28.86791892811201,1.595333333333333,-0.004666666666667041,261.10685762004863,True,0.8645263593442297,11.189614313314394,0.7264552959519287,,5.1270098025869775,False,4.8000000000000025,3.779104937232212
1.61,1.5673333333333332,1.6526666666666667,False,272.296471933363,True,0.8266685594724995,5.500000000000005,0.025449856430950022,-31.886293265697336,1.605333333333333,-0.004666666666667041,270.28792653388837,True,0.9096613944804981,2.008545399474656,0.12817464262046968,,5.725290455918434,True,4.8000000000000025,4.37738559056367
1.62,1.5773333333333333,1.6626666666666667,False,270.72815965904965,True,0.4849868077159113,5.399999999999999,0.016197248359752205,-35.811175170477185,1.615333333333333,-0.004666666666667041,,False,0.0,,,pyin_probability_below_0.5|voicing_disagreement,,False,4.699999999999999,
1.63,1.5873333333333333,1.6726666666666667,False,264.5447199466984,True,0.20650679911775233,4.9999999999999964,0.008130408109565892,-41.79775308495975,1.625333333333333,-0.004666666666666819,,False,0.0,,,pyin_probability_below_0.5|voicing_disagreement,,False,4.299999999999996,
1.64,1.5973333333333333,1.6826666666666668,False,275.4604045334168,True,0.6860828109301792,5.700000000000003,0.006274260708398498,-44.04874878874102,1.635333333333333,-0.004666666666666819,,False,0.0,,,voicing_disagreement,,False,5.0,
1.65,1.6073333333333333,1.6926666666666668,False,283.532010492967,True,0.6159451483158287,6.200000000000002,0.003988407289628146,-47.984009973074244,1.645333333333333,-0.004666666666666819,,False,0.0,,,voicing_disagreement,,False,5.5,
1.66,1.6173333333333333,1.7026666666666668,False,278.66110025943624,True,0.5485250542599847,5.9,0.0032800225783687614,-49.68246333535657,1.655333333333333,-0.004666666666666819,,False,0.0,,,voicing_disagreement,,False,5.200000000000001,
1.67,1.6273333333333333,1.7126666666666666,False,275.4604045334168,True,0.5485177594523878,5.700000000000003,0.00290408118449218,-50.73982493930016,1.665333333333333,-0.004666666666666819,,False,0.0,,,voicing_disagreement,,False,5.0,
1.68,1.6373333333333333,1.7226666666666666,False,275.4604045334168,True,0.42606232679169687,5.700000000000003,0.0025991888309034937,-51.703243357725945,1.6753333333333331,-0.004666666666666819,,False,0.0,,,pyin_probability_below_0.5|voicing_disagreement,,False,5.0,
1.69,1.6473333333333333,1.7326666666666666,False,,False,0.010000802780927255,,0.0046300883887356575,-46.68821436377159,1.6853333333333331,-0.004666666666666819,,False,0.0,,,,,False,,
1.7,1.6573333333333333,1.7426666666666666,False,,False,0.0100000470079773,,0.005498000340567589,-45.1959047518131,1.695333333333333,-0.004666666666667041,,False,0.0,,,,,False,,
1.71,1.6673333333333333,1.7526666666666666,False,,False,0.01000020633903134,,0.005870580552183283,-44.62637896945172,1.705333333333333,-0.004666666666667041,,False,0.0,,,,,False,,
1.72,1.6773333333333333,1.7626666666666666,False,,False,0.01000032860450166,,0.005981703606388191,-44.46350220155078,1.715333333333333,-0.004666666666667041,,False,0.0,,,,,False,,
1.73,1.6873333333333334,1.7726666666666666,False,,False,0.010000027850262286,,0.006348598929188396,-43.94644216962397,1.725333333333333,-0.004666666666667041,,False,0.0,,,,,False,,
1.74,1.6973333333333334,1.7826666666666666,False,,False,0.01002672467381077,,0.02293864676473274,-32.78864412620533,1.735333333333333,-0.004666666666667041,,False,0.0,,,,,False,,
1.75,1.7073333333333334,1.7926666666666666,False,269.16888019875813,True,0.01508558729750434,5.299999999999999,0.03804568823423894,-28.393891104903112,1.745333333333333,-0.004666666666667041,,False,0.0,,,pyin_probability_below_0.5|voicing_disagreement,,False,4.599999999999999,
1.76,1.7173333333333334,1.8026666666666666,False,261.5061646776419,True,0.018187375734912182,4.799999999999999,0.04525814807915882,-26.886064418786738,1.755333333333333,-0.004666666666667041,,False,0.0,,,pyin_probability_below_0.5|voicing_disagreement,,False,4.099999999999998,
1.77,1.7273333333333334,1.8126666666666666,False,257.013645291753,True,0.03489742801962526,4.499999999999999,0.05400112415663672,-25.35194398504343,1.765333333333333,-0.004666666666667041,287.6307767080283,True,0.778305723721603,30.6171314162753,-1.9484771627631714,pyin_probability_below_0.5|pitch_difference_over_1_semitone,6.801942261302068,False,3.799999999999997,5.454037395947305
1.78,1.7373333333333334,1.8226666666666667,False,249.6969657132611,True,0.047686993082531035,4.0,0.06131964303568709,-24.248007639980962,1.775333333333333,-0.004666666666667041,274.94608775125727,True,0.7570802576231065,25.24912203799616,-1.6676456220296343,pyin_probability_below_0.5|pitch_difference_over_1_semitone,6.021110720568533,False,3.3000000000000003,4.6732058552137685
1.79,1.7473333333333334,1.8326666666666667,False,245.40732129724032,True,0.03489742801962526,3.7000000000000015,0.0670156921732724,-23.47646984857834,1.785333333333333,-0.004666666666667041,263.323700059918,True,0.7630979699553042,17.91637876267768,-1.2199090192720872,pyin_probability_below_0.5|pitch_difference_over_1_semitone,5.273374117810986,False,2.999999999999999,3.9254692524562227
1.8,1.7573333333333334,1.8426666666666667,False,238.4210512332145,True,0.02031762855636058,3.2,0.07513408567111589,-22.48325988560987,1.795333333333333,-0.004666666666667041,252.69653825513126,True,0.8604205504085125,14.275487021916746,-1.006731328452126,pyin_probability_below_0.5|pitch_difference_over_1_semitone,4.560196426991026,False,2.4999999999999987,3.21229156163626
1.81,1.7673333333333334,1.8526666666666667,False,232.97550689710764,True,0.01646758759311301,2.8000000000000003,0.08224637350685843,-21.697664846449015,1.805333333333333,-0.004666666666667041,244.37917940440977,True,0.9475744733197033,11.403672507302133,-0.827317030418536,pyin_probability_below_0.5,3.9807821289574368,False,2.0999999999999988,2.6328772636026727
1.82,1.7773333333333334,1.8626666666666667,False,228.9731271349986,True,0.016467587593113005,2.500000000000002,0.0870392459709537,-21.205697599258087,1.815333333333333,-0.004666666666667041,237.33798334708268,True,0.9497665148837231,8.364856212084078,-0.6211765997167156,pyin_probability_below_0.5,3.474641698255617,False,1.800000000000001,2.1267368329008507
1.83,1.7873333333333334,1.8726666666666667,False,225.0395058615972,True,0.03010686179419501,2.200000000000003,0.08498167298366835,-21.413494469302016,1.825333333333333,-0.004666666666667041,228.66610403606757,True,0.954238371101006,3.6265981744703595,-0.27677083229495436,pyin_probability_below_0.5,2.830235930833857,False,1.5000000000000004,1.4823310654790935
1.84,1.7973333333333332,1.8826666666666667,False,222.45470667747657,True,0.056071395445892624,2.0000000000000004,0.08071277539721532,-21.861154374853715,1.835333333333333,-0.004666666666667041,221.2323393930821,True,0.9700097496746455,1.2223672843944655,0.09539197666785962,pyin_probability_below_0.5,2.2580731218710395,False,1.2999999999999994,0.9101682565162732
1.85,1.8073333333333332,1.8926666666666667,False,219.8995964441766,True,0.09203757081218102,1.800000000000001,0.07676262500617133,-22.29700364741226,1.845333333333333,-0.004666666666667041,215.33249160259143,True,0.9588250106760693,4.567104841585177,0.3633471821559387,pyin_probability_below_0.5,1.7901179163829626,False,1.099999999999998,0.4422130510281985
1.86,1.8173333333333332,1.9026666666666667,False,216.12185299712482,True,0.20650679911775227,1.5000000000000004,0.07078353174348902,-23.001355440795944,1.855333333333333,-0.004666666666667041,208.8607862463382,True,0.9580034190870058,7.261066750786625,0.5916396687081295,pyin_probability_below_0.5,1.2618254298307696,False,0.8000000000000002,-0.08607943552399583
1.87,1.8273333333333333,1.9126666666666667,False,213.63948179230545,True,0.2796051653363589,1.2999999999999994,0.06570311950018283,-23.64828020406967,1.865333333333333,-0.004666666666667041,202.8058416813757,True,0.9337280817772319,10.833640110929736,0.9009489738271067,pyin_probability_below_0.5,0.7525161247117922,False,0.5999999999999976,-0.5953887406429732
1.88,1.8373333333333333,1.9226666666666667,False,209.96928336801093,True,0.37213589829750865,1.0000000000000009,0.058597709005827045,-24.642387265159424,1.875333333333333,-0.004666666666666819,195.1577523272689,True,0.8910348328622852,14.81153104074204,1.2664502072310575,pyin_probability_below_0.5|pitch_difference_over_1_semitone,0.08701489130784437,False,0.2999999999999983,-1.2608899740469213
1.89,1.8473333333333333,1.9326666666666668,False,203.99186545315516,True,0.4260623290432814,0.49999999999999706,0.046975336029000385,-26.562602091491296,1.885333333333333,-0.004666666666666819,182.65463154563287,True,0.8383171622198148,21.33723390752229,1.9127194427025564,pyin_probability_below_0.5|pitch_difference_over_1_semitone,-1.0592543441636615,False,-0.20000000000000362,-2.4071592095184258
1.9,1.8573333333333333,1.9426666666666668,False,198.18461302324906,True,0.2407543944755743,0.0,0.03524987876623231,-29.056847446499518,1.895333333333333,-0.004666666666666819,179.94319914876107,True,0.7759304766939971,18.24141387448799,1.671640549626772,pyin_probability_below_0.5|pitch_difference_over_1_semitone,-1.3181754510878734,False,-0.7000000000000022,-2.6660803164426374
1.91,1.8673333333333333,1.9526666666666668,False,190.3311404729313,True,0.06608151270920701,-0.7000000000000002,0.023249176926178575,-32.67184835031595,1.905333333333333,-0.004666666666666819,193.6222759637131,True,0.6155100833594438,3.291135490781784,-0.2967998267036958,pyin_probability_below_0.5,-0.04973507475740441,False,-1.4000000000000004,-1.3976399401121682
1.92,1.8773333333333333,1.9626666666666666,False,184.9127823656466,True,0.020317628556360583,-1.2000000000000002,0.0160633386685808,-35.88328368345336,1.915333333333333,-0.004666666666666819,202.29258136567012,True,0.5104128551721557,17.379799000023525,-1.5551814794402836,pyin_probability_below_0.5|pitch_difference_over_1_semitone,0.7086465779791817,False,-1.9000000000000006,-0.639258287375582
1.93,1.8873333333333333,1.9726666666666666,False,192.54268179725335,True,0.010467533617069905,-0.5000000000000001,0.012699862574464121,-37.92401957060499,1.9253333333333331,-0.004666666666666819,205.33140258508044,True,0.4720848822083322,12.788720787827089,-1.1133119347315983,pyin_probability_below_0.5|pitch_difference_over_1_semitone,0.966777033270499,False,-1.2000000000000022,-0.3811278320842669
1.94,1.8973333333333333,1.9826666666666666,False,203.99186545315516,True,0.010052967545965857,0.49999999999999706,0.010163327626757868,-39.859281484097636,1.9353333333333331,-0.004666666666666819,,False,0.0,,,pyin_probability_below_0.5|voicing_disagreement,,False,-0.20000000000000362,
1.95,1.9073333333333333,1.9926666666666666,False,203.99186545315516,True,0.010000027850262288,0.49999999999999706,0.008099839102142988,-41.83047216007016,1.945333333333333,-0.004666666666667041,,False,0.0,,,pyin_probability_below_0.5|voicing_disagreement,,False,-0.20000000000000362,
1.96,1.9173333333333333,2.002666666666667,False,206.36213675586595,True,0.01000000928748663,0.7000000000000017,0.007272927832525992,-42.765814436090174,1.955333333333333,-0.004666666666667041,,False,0.0,,,pyin_probability_below_0.5|voicing_disagreement,,False,0.0,
1.97,1.9273333333333333,2.0126666666666666,False,,False,0.010000000003996623,,0.006393019354444323,-43.885879615325074,1.965333333333333,-0.004666666666667041,,False,0.0,,,,,False,,
1.98,1.9373333333333334,2.022666666666667,False,,False,0.0100000000000754,,0.005993969456198439,-44.445709488862775,1.975333333333333,-0.004666666666667041,,False,0.0,,,,,False,,
1.99,1.9473333333333334,2.0326666666666666,False,,False,0.0100000000000754,,0.005905703281176399,-44.574567539511385,1.985333333333333,-0.004666666666667041,,False,0.0,,,,,False,,
2.0,1.9573333333333334,2.042666666666667,False,,False,0.010000000000023847,,0.005658297538433842,-44.94628438288827,1.995333333333333,-0.004666666666667041,,False,0.0,,,,,False,,
2.01,1.9673333333333334,2.0526666666666666,False,,False,0.010000000000075396,,0.0055462175143245595,-45.12006204093136,2.005333333333333,-0.004666666666666597,,False,0.0,,,,,False,,
2.02,1.9773333333333334,2.062666666666667,False,,False,0.01000000000022191,,0.005350506971164403,-45.432101315284385,2.015333333333333,-0.004666666666667041,,False,0.0,,,,,False,,
2.03,1.9873333333333334,2.0726666666666667,False,,False,0.010000000000613856,,0.004875112306949377,-46.24030750196904,2.025333333333333,-0.004666666666666597,,False,0.0,,,,,False,,
2.04,1.9973333333333334,2.082666666666667,False,,False,0.010000000000075398,,0.004476183528899059,-46.98184230366867,2.0353333333333334,-0.004666666666666597,,False,0.0,,,,,False,,
2.05,2.0073333333333334,2.0926666666666667,False,,False,0.010000000000221911,,0.004372287149607731,-47.18582647060886,2.0453333333333332,-0.004666666666666597,,False,0.0,,,,,False,,
2.06,2.017333333333333,2.1026666666666665,False,211.18562305262122,True,0.010000009287486629,1.099999999999998,0.011061562392848953,-39.123670533555085,2.0553333333333335,-0.004666666666666597,,False,0.0,,,pyin_probability_below_0.5|voicing_disagreement,,False,0.39999999999999736,
2.07,2.0273333333333334,2.1126666666666667,False,200.48740730303228,True,0.0229442191246386,0.19999999999999687,0.02221677064955488,-33.06638136605236,2.0653333333333332,-0.004666666666666597,,False,0.0,,,pyin_probability_below_0.5|voicing_disagreement,,False,-0.5000000000000041,
2.08,2.037333333333333,2.1226666666666665,False,197.04315364635175,True,0.1504646013433388,-0.10000000000000067,0.03018904015490345,-30.403013898567988,2.075333333333333,-0.004666666666667041,,False,0.0,,,pyin_probability_below_0.5|voicing_disagreement,,False,-0.8000000000000008,
2.09,2.0473333333333334,2.1326666666666667,False,197.04315364635175,True,0.3721358982975087,-0.10000000000000067,0.036533915844132805,-28.746075519158524,2.0853333333333333,-0.004666666666666597,,False,0.0,,,pyin_probability_below_0.5|voicing_disagreement,,False,-0.8000000000000008,
2.1,2.0573333333333332,2.1426666666666665,False,195.90826859169485,True,0.48498680771591124,-0.2000000000000017,0.042176712040573425,-27.498545589272098,2.095333333333333,-0.004666666666667041,199.13723599238554,True,0.8429211242709818,3.228967400690692,-0.28301665183407326,pyin_probability_below_0.5,0.4364817503729729,False,-0.9000000000000026,-0.9114231149817922
2.11,2.0673333333333335,2.1526666666666667,False,194.7799199939686,True,0.615949885458068,-0.30000000000000004,0.04680270692075658,-26.594580559564378,2.1053333333333333,-0.004666666666666597,197.14698849812075,True,0.9400187663816034,2.3670685041521438,-0.2091205951545115,,0.2625856936934135,True,-0.9999999999999994,-1.0853191716613513
2.12,2.0773333333333333,2.1626666666666665,False,194.7799199939686,True,0.6860828109301793,-0.30000000000000004,0.05081916048412322,-25.8794502725781,2.115333333333333,-0.004666666666667041,196.16531387593423,True,0.9903189497549586,1.3853938819656264,-0.12270010691276595,,0.17616520545166395,True,-0.9999999999999994,-1.1717396599030994
2.13,2.0873333333333335,2.1726666666666667,False,194.7799199939686,True,0.8266685594724997,-0.30000000000000004,0.05217545204632063,-25.650675590675313,2.1253333333333333,-0.004666666666666597,195.41527128717365,True,0.9950411566974432,0.6353512932050478,-0.05637910402784033,,0.10984420256673944,True,-0.9999999999999994,-1.2380606627880233
2.14,2.0973333333333333,2.1826666666666665,False,193.6580702059513,True,0.6860828109301794,-0.3999999999999989,0.054229819211053916,-25.315236867873065,2.135333333333333,-0.004666666666667041,194.28525033490465,True,0.9930490193615867,0.6271801289533414,-0.05597707101100816,,0.009442169549907928,True,-1.0999999999999999,-1.3384626958048562
2.15,2.1073333333333335,2.1926666666666668,False,193.6580702059513,True,0.615949885458068,-0.3999999999999989,0.05492298316698825,-25.20491763781849,2.1453333333333333,-0.004666666666666597,193.38095249152698,True,0.9916887004089906,0.2771177144243211,0.02479107669553074,,-0.07132597815663166,True,-1.0999999999999999,-1.4192308435113963
2.16,2.1173333333333333,2.2026666666666666,False,192.54268179725335,True,0.5485250542599844,-0.5000000000000001,0.05480380600004027,-25.22378559402855,2.155333333333333,-0.004666666666667041,192.22039118670622,True,0.9717853133409924,0.32229061054712815,0.02900281489284482,,-0.17553771635394716,True,-1.2000000000000022,-1.5234425817087112
2.17,2.1273333333333335,2.212666666666667,False,191.43371755306833,True,0.5485250542599844,-0.5999999999999991,0.05506914456822784,-25.181833393992928,2.1653333333333333,-0.004666666666666597,187.75097043996988,True,0.9325254996302393,3.6827471130984577,0.3362951025815632,,-0.5828300040426648,True,-1.3000000000000005,-1.9307348693974289
2.18,2.1373333333333333,2.2226666666666666,False,187.0613654014066,True,0.5485250542599844,-1.0000000000000013,0.05569307597951171,-25.08397589932935,2.175333333333333,-0.004666666666667041,181.13691095597085,True,0.9519485351285465,5.924454445435742,0.5571727627599534,,-1.2037076642210556,False,-1.7000000000000033,-2.5516125295758183
2.19,2.1473333333333335,2.232666666666667,False,183.84776310850236,True,0.6159498854580678,-1.2999999999999985,0.055828092641540435,-25.06294419004646,2.1853333333333333,-0.004666666666666597,182.4355673486952,True,0.9641393044845179,1.4121957598071617,0.13349520953130212,,-1.0800301109924006,True,-2.0000000000000004,-2.4279349763471645
2.2,2.1573333333333333,2.2426666666666666,False,183.84776310850236,True,0.7571601330199093,-1.2999999999999985,0.05683285825340716,-24.908010035020368,2.195333333333333,-0.004666666666667041,182.49352122160693,True,0.9932095525249346,1.3542418868954371,0.1279965128230385,,-1.0745314142841393,True,-2.0000000000000004,-2.422436279638904
2.21,2.167333333333333,2.252666666666667,False,182.78887791090543,True,0.7571601330199093,-1.4000000000000004,0.05869847458200692,-24.627463695396937,2.2053333333333334,-0.004666666666666597,183.2847295097208,True,0.9967066019684339,0.49585159881536356,-0.04689962230244894,,-0.9996352791586516,True,-2.1000000000000014,-2.3475401445134154
2.22,2.1773333333333333,2.2626666666666666,False,182.78887791090543,True,0.8266685594724994,-1.4000000000000004,0.06198730953624611,-24.15394426245689,2.215333333333333,-0.004666666666667041,183.47039926363232,True,0.9905264879553425,0.6815213527268895,-0.06442836571164923,,-0.9821065357494518,True,-2.1000000000000014,-2.3300114011042155
2.23,2.187333333333333,2.272666666666667,False,182.78887791090543,True,0.8911444948731202,-1.4000000000000004,0.06372821605738636,-23.913364770925796,2.2253333333333334,-0.004666666666666597,183.10433906344684,True,0.9970054071544996,0.3154611525414168,-0.02985227374665216,,-1.01668262771445,True,-2.1000000000000014,-2.3645874930692132
2.24,2.1973333333333334,2.2826666666666666,False,181.73609144327253,True,0.8911444948731202,-1.5000000000000004,0.06400066774063083,-23.87630989702273,2.235333333333333,-0.004666666666667041,182.34136425314202,True,0.9983889280749707,0.60527280986949,-0.057563018330941136,,-1.0889718831301596,True,-2.200000000000002,-2.4368767484849223
2.25,2.207333333333333,2.292666666666667,False,181.73609144327253,True,0.8911444948731202,-1.5000000000000004,0.06457544383782751,-23.798652003315304,2.2453333333333334,-0.004666666666666597,181.24849927661563,True,0.9978025188664701,0.48759216665689564,0.046510881744363755,,-1.1930457832054615,True,-2.200000000000002,-2.540950648560226
2.26,2.2173333333333334,2.3026666666666666,False,180.68936857950385,True,0.8911444948731203,-1.599999999999996,0.06349522310688795,-23.945178929232902,2.255333333333333,-0.004666666666666597,180.398896227901,True,0.9966465823489289,0.2904723516028582,0.027853341295859747,,-1.2743882427569573,True,-2.2999999999999976,-2.622293108111722
2.27,2.227333333333333,2.312666666666667,False,179.64867439581087,True,0.8266685594724994,-1.7000000000000013,0.06375219639894154,-23.91009696532845,2.2653333333333334,-0.004666666666666597,179.43171295757415,True,0.9969035859741878,0.21696143823672287,0.020920723500779295,,-1.3674556249618806,True,-2.4000000000000026,-2.715360490316645
2.28,2.2373333333333334,2.3226666666666667,False,178.6139741695516,True,0.7571601330199091,-1.799999999999999,0.06319507776274186,-23.98633494819089,2.275333333333333,-0.004666666666666597,178.26592033400942,True,0.9921931459399704,0.3480538355421743,0.033768382658794116,,-1.4803032841198958,True,-2.499999999999999,-2.8282081494746603
2.29,2.247333333333333,2.332666666666667,False,177.5852333780714,True,0.7571601330199091,-1.900000000000003,0.06386937382484553,-23.894146832859512,2.2853333333333334,-0.004666666666666597,176.22345014032143,True,0.9888023821856595,1.361783237749961,0.13326847307063433,,-1.6798033745317382,True,-2.6000000000000028,-3.0277082398865027
2.3,2.2573333333333334,2.3426666666666667,False,176.56241769755178,True,0.8266685594724994,-2.0000000000000004,0.06326039358918585,-23.977362206964315,2.2953333333333332,-0.004666666666666597,175.49395426081756,True,0.9814841782649049,1.0684634367342198,0.10508350982681108,,-1.7516184112879125,True,-2.700000000000001,-3.0995232766426772
2.31,2.267333333333333,2.3526666666666665,False,175.5454930018647,True,0.8911444948731204,-2.0999999999999996,0.06102822489608399,-24.289385240241266,2.3053333333333335,-0.004666666666666597,176.4183417755296,True,0.961101928864327,0.8728487736648844,-0.08586726618869132,,-1.6606676352724077,True,-2.8,-3.008572500627172
2.32,2.2773333333333334,2.3626666666666667,False,175.5454930018647,True,0.8911444948731204,-2.0999999999999996,0.059029864575104826,-24.57856426251229,2.3153333333333332,-0.004666666666666597,176.08060241950844,True,0.9751307071781671,0.5351094176437243,-0.052692355375208264,,-1.6938425460858921,True,-2.8,-3.041747411440655
2.33,2.287333333333333,2.3726666666666665,False,174.53442536143424,True,0.8266685594724995,-2.1999999999999997,0.05647014972812296,-24.963621214976822,2.3253333333333335,-0.004666666666666597,175.8996057512438,True,0.987046111965063,1.3651803898095523,-0.13488751207933264,,-1.7116473893817674,True,-2.900000000000002,-3.059552254736532
2.34,2.2973333333333334,2.3826666666666667,False,174.53442536143424,True,0.8911444948731204,-2.1999999999999997,0.054519602037856635,-25.268946458579144,2.3353333333333333,-0.004666666666666597,174.69492180382207,True,0.9889591425877644,0.16049644238782435,-0.015912575940889327,,-1.830622325520212,True,-2.900000000000002,-3.178527190874977
2.35,2.3073333333333332,2.3926666666666665,False,174.53442536143424,True,0.9459302094659092,-2.1999999999999997,0.05152441373306857,-25.75973882219936,2.345333333333333,-0.004666666666667041,173.85016196786106,True,0.9896621602576785,0.6842633935731897,0.06800654517311773,,-1.9145414466342203,True,-2.900000000000002,-3.262446311988984
2.36,2.3173333333333335,2.4026666666666667,False,173.52918104210445,True,0.9459302094659091,-2.3000000000000016,0.0473540428796365,-26.49285873855154,2.3553333333333333,-0.004666666666666597,173.107071110531,True,0.9882760993492131,0.4221099315734591,0.042163590372578594,,-1.9886984918336783,True,-3.0000000000000036,-3.3366033571884426
2.37,2.3273333333333333,2.4126666666666665,False,173.52918104210445,True,0.9459302094659093,-2.3000000000000016,0.04069199135652054,-27.809821128475374,2.365333333333333,-0.004666666666667041,172.340336387473,True,0.9808554844684801,1.1888446546314526,0.11901461950763759,,-2.065549520968741,True,-3.0000000000000036,-3.413454386323503
2.38,2.3373333333333335,2.4226666666666667,False,172.52972650401387,True,0.8911444948731203,-2.399999999999998,0.03407601731417718,-29.351023395213723,2.3753333333333333,-0.004666666666666597,172.15907581807576,True,0.9791041720940955,0.37065068593810224,0.037232618571419636,,-2.083767520032519,True,-3.0999999999999983,-3.4316723853872833
2.39,2.3473333333333333,2.4326666666666665,False,172.52972650401387,True,0.8911444948731202,-2.399999999999998,0.028590550366152594,-30.87554968844532,2.385333333333333,-0.004666666666667041,172.10649153028484,True,0.9228125853601479,0.4232349737290235,0.042521309559529666,,-2.089056211020627,True,-3.0999999999999983,-3.436961076375391
2.4,2.3573333333333335,2.4426666666666668,False,172.52972650401387,True,0.8266685594724995,-2.399999999999998,0.02496340802543371,-32.05392249389154,2.3953333333333333,-0.004666666666666597,173.55118199750763,True,0.7550967245704124,1.021455493493761,-0.10219481176194181,,-1.944340089699156,True,-3.0999999999999983,-3.2922449550539215
2.41,2.3673333333333333,2.4526666666666666,False,172.52972650401387,True,0.6860828109301793,-2.399999999999998,0.019499931357239857,-34.199338348364435,2.405333333333333,-0.004666666666667041,,False,0.0,,,voicing_disagreement,,False,-3.0999999999999983,
2.42,2.3773333333333335,2.462666666666667,False,172.52972650401387,True,0.2796051653363589,-2.399999999999998,0.013451569978752426,-37.42454049417154,2.4153333333333333,-0.004666666666666597,,False,0.0,,,pyin_probability_below_0.5|voicing_disagreement,,False,-3.0999999999999983,
2.43,2.3873333333333333,2.4726666666666666,False,175.5454930018647,True,0.011853505394683411,-2.0999999999999996,0.006409346544890341,-43.86372492105764,2.425333333333333,-0.004666666666667041,,False,0.0,,,pyin_probability_below_0.5|voicing_disagreement,,False,-2.8,
2.44,2.3973333333333335,2.482666666666667,False,172.52972650401387,True,0.31915185910080907,-2.399999999999998,0.003264191195767302,-49.72448821873844,2.4353333333333333,-0.004666666666666597,,False,0.0,,,pyin_probability_below_0.5|voicing_disagreement,,False,-3.0999999999999983,
2.45,2.4073333333333333,2.4926666666666666,False,171.53602840047625,True,0.4260623290432815,-2.499999999999999,0.0025620722756036734,-51.828172460967096,2.445333333333333,-0.004666666666667041,,False,0.0,,,pyin_probability_below_0.5|voicing_disagreement,,False,-3.2000000000000006,
2.46,2.417333333333333,2.502666666666667,False,171.53602840047625,True,0.27959617122811403,-2.499999999999999,0.0021126298680537716,-53.50353169021112,2.4553333333333334,-0.004666666666666597,,False,0.0,,,pyin_probability_below_0.5|voicing_disagreement,,False,-3.2000000000000006,
2.47,2.4273333333333333,2.5126666666666666,False,175.5454930018647,True,0.010000027850262286,-2.0999999999999996,0.00265010417695695,-51.53474106776754,2.465333333333333,-0.004666666666667041,,False,0.0,,,pyin_probability_below_0.5|voicing_disagreement,,False,-2.8,
2.48,2.437333333333333,2.522666666666667,False,,False,0.010000001546554295,,0.003932740703413117,-48.10609373790808,2.4753333333333334,-0.004666666666666597,,False,0.0,,,,,False,,
2.49,2.4473333333333334,2.5326666666666666,False,,False,0.010000027850262284,,0.0042564775378355684,-47.418993082245564,2.485333333333333,-0.004666666666667041,,False,0.0,,,,,False,,
2.5,2.457333333333333,2.542666666666667,False,,False,0.01000000000000011,,0.014264563479657212,-36.914830279334446,2.4953333333333334,-0.004666666666666597,,False,0.0,,,,,False,,
2.51,2.4673333333333334,2.5526666666666666,False,192.54268179725335,True,0.010000000047726025,-0.5000000000000001,0.03423680312770212,-29.310135889720527,2.505333333333333,-0.004666666666666597,,False,0.0,,,pyin_probability_below_0.5|voicing_disagreement,,False,-1.2000000000000022,
2.52,2.477333333333333,2.562666666666667,False,189.23491376948436,True,0.010009025493342986,-0.7999999999999988,0.04161414001196122,-27.615181519320128,2.5153333333333334,-0.004666666666666597,,False,0.0,,,pyin_probability_below_0.5|voicing_disagreement,,False,-1.5000000000000004,
2.53,2.4873333333333334,2.5726666666666667,False,188.14500086724917,True,0.010349055133375844,-0.8999999999999986,0.04715140335480158,-26.530107538839886,2.525333333333333,-0.004666666666666597,,False,0.0,,,pyin_probability_below_0.5|voicing_disagreement,,False,-1.6,
2.54,2.497333333333333,2.582666666666667,False,185.98397121658357,True,0.012403124793551348,-1.1000000000000019,0.05149366750309543,-25.764923511431736,2.5353333333333334,-0.004666666666666597,,False,0.0,,,pyin_probability_below_0.5|voicing_disagreement,,False,-1.800000000000003,
2.55,2.5073333333333334,2.5926666666666667,False,185.98397121658357,True,0.018187375734912182,-1.1000000000000019,0.055766766682050786,-25.072490697348414,2.5453333333333332,-0.004666666666666597,190.65479163119446,True,0.49125968806548204,4.670820414610887,-0.42941400155631254,pyin_probability_below_0.5,-0.31712089990479075,False,-1.800000000000003,-1.6650257652595535
2.56,2.517333333333333,2.6026666666666665,False,183.84776310850236,True,0.03010686179419501,-1.2999999999999985,0.059024832076183684,-24.579304796036144,2.5553333333333335,-0.004666666666666597,186.75280802645128,True,0.6859336843495766,2.9050449179489135,-0.27141974847906486,pyin_probability_below_0.5,-0.6751151529820345,False,-2.0000000000000004,-2.0230200183368003
2.57,2.5273333333333334,2.6126666666666667,False,183.84776310850236,True,0.04069733156888106,-1.2999999999999985,0.05971891280537279,-24.477762145840856,2.5653333333333332,-0.004666666666666597,183.77069178337086,True,0.9378411327137434,0.07707132513149872,0.007259075405694315,pyin_probability_below_0.5,-0.9537939768667922,False,-2.0000000000000004,-2.301698842221556
2.58,2.537333333333333,2.6226666666666665,False,183.84776310850236,True,0.06608151270920702,-1.2999999999999985,0.05986873184495319,-24.455998821910782,2.5753333333333335,-0.004666666666666597,182.09362322043626,True,0.9857097098224832,1.7541398880661063,0.1659746655896975,pyin_probability_below_0.5,-1.1125095670507972,False,-2.0000000000000004,-2.4604144324055612
2.59,2.5473333333333334,2.6326666666666667,False,182.78887791090543,True,0.48498680771591135,-1.4000000000000004,0.05491339585022444,-25.2064339728669,2.5853333333333333,-0.004666666666666597,179.5577793857345,True,0.9829807566981457,3.231098525170921,0.3087615652801641,pyin_probability_below_0.5,-1.3552964667412646,False,-2.1000000000000014,-2.7032013320960298
2.6,2.5573333333333332,2.6426666666666665,False,181.73609144327253,True,0.8911444948731203,-1.5000000000000004,0.046373767362315715,-26.67455241971436,2.595333333333333,-0.004666666666667041,177.87039170001034,True,0.9583603148465248,3.8656997432621836,0.3722229236286063,,-1.5187578250897054,True,-2.200000000000002,-2.86666269044447
2.61,2.5673333333333335,2.6526666666666667,False,180.68936857950385,True,0.8911444948731203,-1.599999999999996,0.0409775851263521,-27.74907277677451,2.6053333333333333,-0.004666666666666597,177.86461858317355,True,0.9061219099380902,2.824749996330297,0.27278483719623975,,-1.519319738657337,True,-2.2999999999999976,-2.8672246040121006
2.62,2.5773333333333333,2.6626666666666665,False,178.6139741695516,True,0.8266685594724996,-1.799999999999999,0.03553874551178938,-28.985958129895817,2.615333333333333,-0.004666666666667041,182.6285293286816,True,0.893393693449689,4.014555159129998,-0.3848063645801537,,-1.061728536880946,True,-2.499999999999999,-2.4096334022357095
2.63,2.5873333333333335,2.6726666666666667,False,178.6139741695516,True,0.6860828109301792,-1.799999999999999,0.027999082107044406,-31.057124117712583,2.6253333333333333,-0.004666666666666597,184.1690575357553,True,0.9574016399885844,5.555083366203689,-0.5302288353333217,,-0.9163060661277782,False,-2.499999999999999,-2.2642109314825416
2.64,2.5973333333333333,2.6826666666666665,False,180.68936857950385,True,0.3233360583906408,-1.599999999999996,0.018211332015947816,-34.7931657562383,2.635333333333333,-0.004666666666667041,183.15944718998395,True,0.969618830726935,2.470078610480101,-0.2350619105899283,pyin_probability_below_0.5,-1.0114729908711697,False,-2.2999999999999976,-2.3593778562259335
2.65,2.6073333333333335,2.6926666666666668,False,182.78887791090543,True,0.6860828109301791,-1.4000000000000004,0.010268488519559157,-39.769869562181704,2.6453333333333333,-0.004666666666666597,180.14896398268658,True,0.9355076776351744,2.6399139282188457,0.25185521898992763,,-1.2983901204510273,True,-2.1000000000000014,-2.6462949858057927
2.66,2.6173333333333333,2.7026666666666666,False,182.78887791090543,True,0.6860828109301792,-1.4000000000000004,0.008110031906085396,-41.81954874411333,2.655333333333333,-0.004666666666667041,180.5547335847194,True,0.8886965633291923,2.2341443261860263,0.21290455382177398,,-1.2594394552828738,True,-2.1000000000000014,-2.6073443206376385
2.67,2.6273333333333335,2.712666666666667,False,182.78887791090543,True,0.5485250542599844,-1.4000000000000004,0.006559263397215972,-43.66289857982292,2.6653333333333333,-0.004666666666666597,,False,0.0,,,voicing_disagreement,,False,-2.1000000000000014,
2.68,2.6373333333333333,2.7226666666666666,False,180.68936857950385,True,0.48498680771591135,-1.599999999999996,0.005356303668977472,-45.422696183526426,2.675333333333333,-0.004666666666667041,,False,0.0,,,pyin_probability_below_0.5|voicing_disagreement,,False,-2.2999999999999976,
2.69,2.6473333333333335,2.732666666666667,False,182.78887791090543,True,0.4260623290432814,-1.4000000000000004,0.004556145535659716,-46.828048236527536,2.6853333333333333,-0.004666666666666597,,False,0.0,,,pyin_probability_below_0.5|voicing_disagreement,,False,-2.1000000000000014,
2.7,2.6573333333333333,2.7426666666666666,False,184.9127823656466,True,0.3233360583906409,-1.2000000000000002,0.0034113220571403255,-49.341545553005034,2.695333333333333,-0.004666666666667041,,False,0.0,,,pyin_probability_below_0.5|voicing_disagreement,,False,-1.9000000000000006,
2.71,2.667333333333333,2.752666666666667,False,180.68936857950385,True,0.010000802780927256,-1.599999999999996,0.0033634503194222686,-49.46429965550651,2.7053333333333334,-0.004666666666666597,,False,0.0,,,pyin_probability_below_0.5|voicing_disagreement,,False,-2.2999999999999976,
2.72,2.6773333333333333,2.7626666666666666,False,201.6488190383855,True,0.01000000000061386,0.3000000000000021,0.005953507387728062,-44.504542062385696,2.715333333333333,-0.004666666666667041,,False,0.0,,,pyin_probability_below_0.5|voicing_disagreement,,False,-0.4000000000000008,
2.73,2.687333333333333,2.772666666666667,False,198.18461302324906,True,0.010001873046012551,0.0,0.015816825349162563,-36.017613617394694,2.7253333333333334,-0.004666666666666597,,False,0.0,,,pyin_probability_below_0.5|voicing_disagreement,,False,-0.7000000000000022,
2.74,2.6973333333333334,2.7826666666666666,False,184.9127823656466,True,0.013980210380185928,-1.2000000000000002,0.025681956664861925,-31.80743782360541,2.735333333333333,-0.004666666666667041,,False,0.0,,,pyin_probability_below_0.5|voicing_disagreement,,False,-1.9000000000000006,
2.75,2.707333333333333,2.792666666666667,False,183.84776310850236,True,0.10857977072874499,-1.2999999999999985,0.03554968287195144,-28.98328538255257,2.7453333333333334,-0.004666666666666597,,False,0.0,,,pyin_probability_below_0.5|voicing_disagreement,,False,-2.0000000000000004,
2.76,2.7173333333333334,2.8026666666666666,False,182.78887791090543,True,0.2407543944755743,-1.4000000000000004,0.043421021885453014,-27.245999198474408,2.755333333333333,-0.004666666666666597,,False,0.0,,,pyin_probability_below_0.5|voicing_disagreement,,False,-2.1000000000000014,
2.77,2.727333333333333,2.812666666666667,False,181.73609144327253,True,0.3721358982975087,-1.5000000000000004,0.050910646886309405,-25.863827692971665,2.7653333333333334,-0.004666666666666597,186.8590709918309,True,0.8135853445537209,5.122979548558362,-0.4812677259718592,pyin_probability_below_0.5,-0.6652671754892393,False,-2.200000000000002,-2.013172040844005
2.78,2.7373333333333334,2.8226666666666667,False,181.73609144327253,True,0.48498680771591135,-1.5000000000000004,0.05757228373472357,-24.795730858624587,2.775333333333333,-0.004666666666666597,184.03880638611062,True,0.9365213408652805,2.3027149428380937,-0.2179805779387689,pyin_probability_below_0.5,-0.9285543235223301,False,-2.200000000000002,-2.2764591888770944
2.79,2.747333333333333,2.832666666666667,False,180.68936857950385,True,0.5485250542599845,-1.599999999999996,0.06121542601818198,-24.26278247526223,2.7853333333333334,-0.004666666666666597,182.826711931226,True,0.9815558653148705,2.137343351722137,-0.2035829732782487,,-1.0429519281828479,True,-2.2999999999999976,-2.3908567935376133
2.8,2.7573333333333334,2.8426666666666667,False,179.64867439581087,True,0.6159498854580681,-1.7000000000000013,0.06500509900375391,-23.74105151873067,2.7953333333333332,-0.004666666666666597,180.99414915424273,True,0.9814920568948947,1.3454747584318625,-0.12917725622011367,,-1.2173576452409889,True,-2.4000000000000026,-2.565262510595752
2.81,2.767333333333333,2.8526666666666665,False,179.64867439581087,True,0.8266685594724996,-1.7000000000000013,0.06795050774546177,-23.356145874956923,2.8053333333333335,-0.004666666666666597,178.84052011467617,True,0.9894669416186347,0.8081542811347049,0.07805571827119043,,-1.424590619732292,True,-2.4000000000000026,-2.7724954850870565
2.82,2.7773333333333334,2.8626666666666667,False,178.6139741695516,True,0.8911444948731203,-1.799999999999999,0.0669052624135678,-23.490794431701403,2.8153333333333332,-0.004666666666666597,177.76488061344847,True,0.9902583431945776,0.8490935561031279,0.08249549247596266,,-1.5290303939370613,True,-2.499999999999999,-2.876935259291824
2.83,2.787333333333333,2.8726666666666665,False,177.5852333780714,True,0.8266685594724996,-1.900000000000003,0.0639428654428637,-23.8841581157001,2.8253333333333335,-0.004666666666666597,176.78709127472106,True,0.9911854113046056,0.7981421033503295,0.0779842569884667,,-1.624519158449568,True,-2.6000000000000028,-2.9724240238043333
2.84,2.7973333333333334,2.8826666666666667,False,176.56241769755178,True,0.8266685594724996,-2.0000000000000004,0.06079796469516072,-24.3222191831163,2.8353333333333333,-0.004666666666666597,175.50602805111646,True,0.9920555398759208,1.0563896464353206,0.10389248088502677,,-1.7504273823461276,True,-2.700000000000001,-3.0983322477008914
2.85,2.8073333333333332,2.8926666666666665,False,176.56241769755178,True,0.7571601330199094,-2.0000000000000004,0.05790613054292341,-24.745509098501405,2.845333333333333,-0.004666666666667041,175.03927266582144,True,0.9528261324715958,1.523145031730337,0.14999569730246365,,-1.796530598763566,True,-2.700000000000001,-3.144435464118329
2.86,2.8173333333333335,2.9026666666666667,False,174.53442536143424,True,0.6860828109301793,-2.1999999999999997,0.054555487084020186,-25.263231247812172,2.8553333333333333,-0.004666666666666597,171.70933017142985,True,0.8984073414393147,2.82509519000439,0.28251828060367506,,-2.129053182064778,True,-2.900000000000002,-3.476958047419541
2.87,2.8273333333333333,2.9126666666666665,False,174.53442536143424,True,0.6159498854580678,-2.1999999999999997,0.05380237598849615,-25.38397089711534,2.865333333333333,-0.004666666666667041,168.71343103283132,True,0.9522425734238739,5.8209943286029215,0.5872415302285406,,-2.433776431689642,False,-2.900000000000002,-3.7816812970444063
2.88,2.8373333333333335,2.9226666666666667,False,173.52918104210445,True,0.6159498854580678,-2.3000000000000016,0.05330698905776368,-25.464316941332463,2.8753333333333333,-0.004666666666666597,173.28020818137477,True,0.9859052517013601,0.24897286072967972,0.02485690302682529,,-1.971391804487928,True,-3.0000000000000036,-3.319296669842692
2.89,2.8473333333333333,2.9326666666666665,False,173.52918104210445,True,0.6159498854580678,-2.3000000000000016,0.05432212572486496,-25.300464873035786,2.885333333333333,-0.004666666666667041,172.36439272184617,True,0.9951332065746115,1.1647883202582818,0.11659822415746163,,-2.0631331256185645,True,-3.0000000000000036,-3.4110379909733277
2.9,2.8573333333333335,2.9426666666666668,False,175.5454930018647,True,0.6159498854580678,-2.0999999999999996,0.057190973419636165,-24.85345022952159,2.8953333333333333,-0.004666666666666597,172.72325655733198,True,0.9885140331991794,2.8222364445327344,0.28059128411039547,,-2.027126185571496,True,-2.8,-3.375031050926261
2.91,2.8673333333333333,2.9526666666666666,False,176.56241769755178,True,0.6860828109301792,-2.0000000000000004,0.06298140998877327,-24.01575241749878,2.905333333333333,-0.004666666666667041,173.69992145869554,True,0.9927404919660092,2.862496238856238,0.2829742585256134,,-1.9295091599867118,True,-2.700000000000001,-3.277414025341476
2.92,2.8773333333333335,2.962666666666667,False,178.6139741695516,True,0.6159498854580678,-1.799999999999999,0.06831524122228232,-23.30964787649939,2.9153333333333333,-0.004666666666666597,175.25306641065617,True,0.9946333106019776,3.360907758895422,0.32886323077642565,,-1.7753981322375267,True,-2.499999999999999,-3.1233029975922912
2.93,2.8873333333333333,2.9726666666666666,False,180.68936857950385,True,0.615949885458068,-1.599999999999996,0.07384709021803516,-22.633332248651264,2.925333333333333,-0.004666666666667041,176.44910884603834,True,0.999240351136382,4.240259733465507,0.411113753165977,,-1.657648654627072,True,-2.2999999999999976,-3.005553519981838
2.94,2.8973333333333335,2.982666666666667,False,183.84776310850236,True,0.6860828109301791,-1.2999999999999985,0.07801872446188303,-22.156023086045693,2.9353333333333333,-0.004666666666666597,178.1372111508553,True,0.9940939471704976,5.710551957647056,0.5462725225109006,,-1.492807423972002,False,-2.0000000000000004,-2.840712289326765
2.95,2.9073333333333333,2.9926666666666666,False,187.0613654014066,True,0.6159498854580677,-1.0000000000000013,0.07965258094465588,-21.97600294795075,2.945333333333333,-0.004666666666667041,181.09068405659264,True,0.9957227555366445,5.970681344813954,0.5615915085276809,,-1.2081264099887827,False,-1.7000000000000033,-2.5560312753435475
2.96,2.917333333333333,3.002666666666667,False,190.3311404729313,True,0.37213589829750865,-0.7000000000000002,0.0818076131115419,-21.744125569976372,2.9553333333333334,-0.004666666666666597,185.03407747718322,True,0.9938721319244767,5.297062995748092,0.4886475460453225,pyin_probability_below_0.5,-0.8351824475064203,False,-1.4000000000000004,-2.183087312861185
2.97,2.9273333333333333,3.0126666666666666,False,195.90826859169485,True,0.2796051653363588,-0.2000000000000017,0.0874050086668079,-21.16927359581762,2.965333333333333,-0.004666666666667041,188.91095887176604,True,0.9872216713643226,6.997309719928808,0.6296627268508554,pyin_probability_below_0.5,-0.4761976283119554,False,-0.9000000000000026,-1.82410249366672
2.98,2.937333333333333,3.022666666666667,False,202.8169587634771,True,0.2796051653363587,0.39999999999999736,0.09099218101491481,-20.819918502582734,2.9753333333333334,-0.004666666666666597,194.17931583664955,True,0.9812643085307429,8.637642926827539,0.753465098538896,pyin_probability_below_0.5,0.0,False,-0.30000000000000204,-1.3479048653547634
2.99,2.9473333333333334,3.0326666666666666,False,207.55758045272898,True,0.2407543944755742,0.8000000000000002,0.09277930151470916,-20.6509780274746,2.985333333333333,-0.004666666666667041,202.57013655350255,True,0.9770187799616521,4.9874438992264345,0.4210814341014689,pyin_probability_below_0.5,0.7323836644374331,False,0.10000000000000017,-0.6155212009173316
3.0,2.957333333333333,3.042666666666667,False,213.63948179230545,True,0.27960516533635876,1.2999999999999994,0.09412911306356388,-20.525520669098213,2.9953333333333334,-0.004666666666666597,210.8706817344641,True,0.991203105260851,2.7688000578413323,0.22583717994342445,pyin_probability_below_0.5,1.4276279185954701,False,0.5999999999999976,0.07972305324070678
3.01,2.9673333333333334,3.0526666666666666,False,218.63306796596578,True,0.3721358982975087,1.6999999999999993,0.09338209792974277,-20.594727468015165,3.005333333333333,-0.004666666666666597,213.2122372996078,True,0.9752004426126065,5.420830666357972,0.4346565529414069,pyin_probability_below_0.5,1.6188085455974948,False,0.9999999999999971,0.2709036802427282
3.02,2.977333333333333,3.062666666666667,False,223.74337368352585,True,0.5485250542599844,2.100000000000002,0.0916215540136202,-20.760046926637155,3.0153333333333334,-0.004666666666666597,219.43372298234178,True,0.968176647235393,4.309650701184069,0.33671637302841095,,2.1167487255104924,True,1.4000000000000004,0.7688438601557283
3.03,2.9873333333333334,3.0726666666666667,False,227.65433896553014,True,0.5485250542599845,2.399999999999998,0.09117965667599741,-20.802040948099105,3.025333333333333,-0.004666666666666597,227.1773719596574,True,0.9877351407335828,0.4769670058727513,0.03630977364611973,,2.717155324892781,True,1.6999999999999993,1.3692504595380168
3.04,2.997333333333333,3.082666666666667,False,230.29955496661373,True,0.5485250542599845,2.5999999999999974,0.09141665021332677,-20.77949393276082,3.0353333333333334,-0.004666666666666597,231.28659839095516,True,0.9790548486754744,0.9870434243414365,-0.07404060006068314,,3.0275056985995805,True,1.8999999999999972,1.6796008332448156
3.05,3.0073333333333334,3.0926666666666667,False,234.3251202788159,True,0.6860828109301792,2.9000000000000035,0.08824740335006424,-21.085961294401578,3.0453333333333332,-0.004666666666666597,236.79641354374195,True,0.9889427232999065,2.471293264926061,-0.181627286383223,,3.4350923849221253,True,2.1999999999999993,2.087187519567359
3.06,3.017333333333333,3.1026666666666665,False,238.4210512332145,True,0.7571601330199093,3.2,0.08090944418256772,-21.840015645136965,3.0553333333333335,-0.004666666666666597,240.1302539353042,True,0.9823998542215835,1.7092027020896978,-0.12366667753279395,,3.677131776071692,True,2.4999999999999987,2.3292269107169297
3.07,3.0273333333333334,3.1126666666666667,False,241.19137040474044,True,0.7571601330199093,3.3999999999999977,0.07498914514106088,-22.50003194457104,3.0653333333333332,-0.004666666666666597,244.4359202503025,True,0.9844229024911555,3.2445498455620623,-0.23133620596744842,,3.9848013045063464,True,2.6999999999999966,2.636896439151582
3.08,3.037333333333333,3.1226666666666665,False,243.99387913449723,True,0.8266685594724995,3.6000000000000005,0.06692073218502272,-23.488786320667593,3.0753333333333335,-0.004666666666666597,247.20749590649777,True,0.9855763931786833,3.2136167720005346,-0.22653039826910631,,4.179995496808008,True,2.9,2.832090631453245
3.09,3.0473333333333334,3.1326666666666667,False,245.40732129724032,True,0.7571601330199094,3.7000000000000015,0.05961503417258593,-24.49288405525371,3.0853333333333333,-0.004666666666666597,250.04503035159422,True,0.9711103930295837,4.6377090543539055,-0.32411570191578976,,4.377580800454692,True,2.999999999999999,3.029675935099926
3.1,3.0573333333333332,3.1426666666666665,False,248.25881701670832,True,0.7571601330199094,3.9000000000000004,0.05176735523854636,-25.71888044563834,3.0953333333333335,-0.004666666666666597,249.89765307084755,True,0.9257691408654584,1.638836054139233,-0.11390874890543451,,4.367373847444334,True,3.2,3.0194689820895713
3.11,3.0673333333333335,3.1526666666666667,False,248.25881701670832,True,0.6860828109301793,3.9000000000000004,0.04501079564258896,-26.933666201958303,3.1053333333333333,-0.004666666666666597,234.9920030618094,True,0.7891651540493639,13.266813954898907,0.9507995382955561,,3.302665560243346,False,3.2,1.9547606948885807
3.12,3.0773333333333333,3.1626666666666665,False,249.6969657132611,True,0.48498680771591124,4.0,0.03664929767612229,-28.71868686973791,3.115333333333333,-0.004666666666667041,,False,0.0,,,pyin_probability_below_0.5|voicing_disagreement,,False,3.3000000000000003,
3.13,3.0873333333333335,3.1726666666666667,False,249.6969657132611,True,0.1765306086328976,4.0,0.026606130739231237,-31.500365583593045,3.1253333333333333,-0.004666666666666597,,False,0.0,,,pyin_probability_below_0.5|voicing_disagreement,,False,3.3000000000000003,
3.14,3.0973333333333333,3.1826666666666665,False,232.97550689710764,True,0.04069733156888106,2.8000000000000003,0.0162575115867486,-35.77891855595479,3.135333333333333,-0.004666666666667041,,False,0.0,,,pyin_probability_below_0.5|voicing_disagreement,,False,2.0999999999999988,
3.15,3.1073333333333335,3.1926666666666668,False,248.25881701670832,True,0.010191075496968311,3.9000000000000004,0.00796842967420158,-41.97254511793312,3.1453333333333333,-0.004666666666666597,241.59042967588715,True,0.913284895931013,6.66838734082117,0.4713798177548665,pyin_probability_below_0.5,3.782085280784035,False,3.2,2.43418041542927
3.16,3.1173333333333333,3.2026666666666666,False,237.04784702513638,True,0.05601600257767629,3.0999999999999988,0.006557253101998077,-43.665561055418536,3.155333333333333,-0.004666666666667041,245.10755113507452,True,0.8872820716817563,8.059704109938139,-0.5788396884411825,pyin_probability_below_0.5,4.032304786980083,False,2.399999999999998,2.6843999216253183
3.17,3.1273333333333335,3.212666666666667,False,241.19137040474044,True,0.42606232904328145,3.3999999999999977,0.005780698442226826,-44.760393711590524,3.1653333333333333,-0.004666666666666597,,False,0.0,,,pyin_probability_below_0.5|voicing_disagreement,,False,2.6999999999999966,
3.18,3.1373333333333333,3.2226666666666666,False,243.99387913449723,True,0.3721358982975087,3.6000000000000005,0.005462338546113074,-45.25242773111577,3.175333333333333,-0.004666666666667041,,False,0.0,,,pyin_probability_below_0.5|voicing_disagreement,,False,2.9,
3.19,3.1473333333333335,3.232666666666667,False,,False,0.01000000521622945,,0.009177836576791993,-40.74519359490899,3.1853333333333333,-0.004666666666666597,,False,0.0,,,,,False,,
3.2,3.1573333333333333,3.2426666666666666,False,,False,0.010001873046012551,,0.013455127609326547,-37.422243580057966,3.195333333333333,-0.004666666666667041,,False,0.0,,,,,False,,
3.21,3.167333333333333,3.252666666666667,False,,False,0.010140046044704068,,0.021084085717327686,-33.52090453659489,3.2053333333333334,-0.004666666666666597,,False,0.0,,,,,False,,
3.22,3.1773333333333333,3.2626666666666666,False,177.5852333780714,True,0.02031762855636058,-1.900000000000003,0.026976470262284034,-31.380297524636937,3.215333333333333,-0.004666666666667041,,False,0.0,,,pyin_probability_below_0.5|voicing_disagreement,,False,-2.6000000000000028,
3.23,3.187333333333333,3.272666666666667,False,176.56241769755178,True,0.05607139544589262,-2.0000000000000004,0.03145640788960931,-30.045817447853086,3.2253333333333334,-0.004666666666666597,192.70419117066535,True,0.5266568690877198,16.141773473113574,-1.5145159149883045,pyin_probability_below_0.5|pitch_difference_over_1_semitone,-0.13201898647279486,False,-2.700000000000001,-1.4799238518275604
3.24,3.1973333333333334,3.2826666666666666,False,176.56241769755178,True,0.09203757081218102,-2.0000000000000004,0.036540779754252004,-28.74444378698453,3.235333333333333,-0.004666666666667041,183.07876768316657,True,0.5589448295452928,6.516349985614795,-0.6274343553075342,pyin_probability_below_0.5,-1.0191005461535658,False,-2.700000000000001,-2.3670054115083303
3.25,3.207333333333333,3.292666666666667,False,175.5454930018647,True,0.1765306086328976,-2.0999999999999996,0.042165609318093406,-27.50083238956754,3.2453333333333334,-0.004666666666666597,177.08198593885646,True,0.8765499207238003,1.536492936991749,-0.1508700190415817,pyin_probability_below_0.5,-1.5956648824195172,False,-2.8,-2.943569747774281
3.26,3.2173333333333334,3.3026666666666666,False,174.53442536143424,True,0.2065067991177523,-2.1999999999999997,0.046516715545692575,-26.647819150900574,3.255333333333333,-0.004666666666666597,176.0034619848761,True,0.9773222599463944,1.4690366234418661,-0.14510620407590963,pyin_probability_below_0.5,-1.7014286973851922,False,-2.900000000000002,-3.0493335627399567
3.27,3.227333333333333,3.312666666666667,False,173.52918104210445,True,0.20650679911775227,-2.3000000000000016,0.04935808085954318,-26.13283469761368,3.2653333333333334,-0.004666666666666597,175.30052183663895,True,0.9866987754108314,1.7713407945344954,-0.17582400977854887,pyin_probability_below_0.5,-1.7707108916825538,False,-3.0000000000000036,-3.1186157570373174
3.28,3.2373333333333334,3.3226666666666667,False,172.52972650401387,True,0.2407543944755743,-2.399999999999998,0.053012971966861056,-25.512356961074868,3.275333333333333,-0.004666666666666597,174.38853487120383,True,0.9733472932918559,1.8588083671899653,-0.1855228444312265,pyin_probability_below_0.5,-1.8610120570298714,False,-3.0999999999999983,-3.2089169223846357
3.29,3.247333333333333,3.332666666666667,False,170.54805357686834,True,0.2065067991177523,-2.6000000000000005,0.05423097027194943,-25.315052506539296,3.2853333333333334,-0.004666666666666597,172.50233509077682,True,0.9612108217311632,1.9542815139084837,-0.19725121502457482,pyin_probability_below_0.5,-2.0492836864365276,False,-3.3000000000000007,-3.39718855179129
3.3,3.2573333333333334,3.3426666666666667,False,168.58914210463126,True,0.24075439447557434,-2.8,0.054879844372249735,-25.211742577355906,3.2953333333333332,-0.004666666666666597,169.13025647512032,True,0.967298662057371,0.5411143704890549,-0.05547779773563033,pyin_probability_below_0.5,-2.391057103725469,False,-3.500000000000001,-3.7389619690802345
3.31,3.267333333333333,3.3526666666666665,False,167.61814009714527,True,0.37213589829750876,-2.900000000000002,0.05555602691310547,-25.10537640750489,3.3053333333333335,-0.004666666666666597,166.47172853609507,True,0.9801472260815065,1.1464115610502006,0.11881321195205768,pyin_probability_below_0.5,-2.6653481134131582,False,-3.600000000000003,-4.013252978767924
3.32,3.2773333333333334,3.3626666666666667,False,166.65273064969477,True,0.5485250542599845,-2.9999999999999987,0.05513385507974027,-25.17163279277853,3.3153333333333332,-0.004666666666666597,164.85620907294225,True,0.9840250267595326,1.796521576752525,0.18764077816270977,,-2.834175679623808,True,-3.700000000000001,-4.182080544978573
3.33,3.287333333333333,3.3726666666666665,False,164.73856077731807,True,0.7571601330199093,-3.2000000000000006,0.05347142664054167,-25.437564571649638,3.3253333333333335,-0.004666666666666597,163.85949982506912,True,0.9871205985271172,0.879060952248949,0.09262768498528895,,-2.939162586446393,True,-3.9000000000000035,-4.287067451801157
3.34,3.2973333333333334,3.3826666666666667,False,164.73856077731807,True,0.8266685594724995,-3.2000000000000006,0.05200809993450472,-25.67858024926144,3.3353333333333333,-0.004666666666666597,163.7004324716065,True,0.9837109872499823,1.0381283057115809,0.10944188067311633,,-2.9559767821342176,True,-3.9000000000000035,-4.303881647488982
3.35,3.3073333333333332,3.3926666666666665,False,163.7897364863335,True,0.8911444948731202,-3.3000000000000007,0.051074296088980266,-25.835952202878765,3.3453333333333335,-0.004666666666666597,164.0486342579739,True,0.9822940674839983,0.25889777164039174,-0.027343518676529663,,-2.9191913827845717,True,-4.000000000000001,-4.267096248139335
3.36,3.3173333333333335,3.4026666666666667,False,163.7897364863335,True,0.8911444948731202,-3.3000000000000007,0.04905629231889605,-26.186105578480593,3.3553333333333333,-0.004666666666666597,163.98827687473607,True,0.9835935487381166,0.19854038840256294,-0.02097272596346221,,-2.925562175497639,True,-4.000000000000001,-4.273467040852403
3.37,3.3273333333333333,3.4126666666666665,False,164.73856077731807,True,0.8266685594724995,-3.2000000000000006,0.0474410734477042,-26.476909855295673,3.365333333333333,-0.004666666666667041,163.90658413553564,True,0.9900490754269968,0.8319766417824326,0.08765377426016803,,-2.934188675721268,True,-3.9000000000000035,-4.2820935410760335
3.38,3.3373333333333335,3.4226666666666667,False,165.6928815515041,True,0.6860828109301793,-3.0999999999999983,0.04741372908331746,-26.481917722721,3.3753333333333333,-0.004666666666666597,164.30969711062247,True,0.9931752764524961,1.383184440881621,0.14512795827379313,,-2.8916628597348923,True,-3.8,-4.239567725089658
3.39,3.3473333333333333,3.4326666666666665,False,167.61814009714527,True,0.4849868077159113,-2.900000000000002,0.04735377827646716,-26.49290727338,3.385333333333333,-0.004666666666667041,164.82532653778546,True,0.9942042267121856,2.7928135593598142,0.29088420497108103,pyin_probability_below_0.5,-2.8374191064321854,False,-3.600000000000003,-4.185323971786949
3.4,3.3573333333333335,3.4426666666666668,False,170.54805357686834,True,0.27960516533635893,-2.6000000000000005,0.04907776671555896,-26.18230416143394,3.3953333333333333,-0.004666666666666597,165.44035162172563,True,0.9993567839303692,5.107701955142716,0.526405594715263,pyin_probability_below_0.5,-2.772940496176365,False,-3.3000000000000007,-4.120845361531127
3.41,3.3673333333333333,3.4526666666666666,False,173.52918104210445,True,0.2407543944755743,-2.3000000000000016,0.051849211949086926,-25.70515680045112,3.405333333333333,-0.004666666666667041,167.51553183452987,True,0.9862217563420564,6.013649207574588,0.6106010788162342,pyin_probability_below_0.5,-2.5571359802773346,False,-3.0000000000000036,-3.9050408456320973
3.42,3.3773333333333335,3.462666666666667,False,176.56241769755178,True,0.2065067991177523,-2.0000000000000004,0.05414516731083901,-25.328805999202217,3.4153333333333333,-0.004666666666666597,171.73114836637316,True,0.9661651257765969,4.831269331178618,0.48031863295662836,pyin_probability_below_0.5,-2.1268535344177284,False,-2.700000000000001,-3.474758399772493
3.43,3.3873333333333333,3.4726666666666666,False,179.64867439581087,True,0.24075439447557434,-1.7000000000000013,0.056385703194979486,-24.976619980837853,3.425333333333333,-0.004666666666667041,175.7967767585522,True,0.9771919061627844,3.8518976372586735,0.37523605286502315,pyin_probability_below_0.5,-1.7217709543261264,False,-2.4000000000000026,-3.0696758196808904
3.44,3.3973333333333335,3.482666666666667,False,181.73609144327253,True,0.2796051653363589,-1.5000000000000004,0.05868984230448971,-24.628741148076443,3.4353333333333333,-0.004666666666666597,179.0400483630483,True,0.9833015750498764,2.6960430802242286,0.25875150543881587,pyin_probability_below_0.5,-1.4052864068999154,False,-2.200000000000002,-2.7531912722546785
3.45,3.4073333333333333,3.4926666666666666,False,183.84776310850236,True,0.37213589829750865,-1.2999999999999985,0.05951538029425866,-24.50741573962545,3.445333333333333,-0.004666666666667041,181.58735741149295,True,0.9799112802050579,2.2604056970094177,0.21417433613312992,pyin_probability_below_0.5,-1.1607092375942303,False,-2.0000000000000004,-2.5086141029489935
3.46,3.417333333333333,3.502666666666667,False,184.9127823656466,True,0.27960516533635893,-1.2000000000000002,0.059655691817413724,-24.48696226972477,3.4553333333333334,-0.004666666666666597,183.40044738672756,True,0.9829829820449926,1.5123349789190286,0.1421735801048122,pyin_probability_below_0.5,-0.9887084815659115,False,-1.9000000000000006,-2.3366133469206756
3.47,3.4273333333333333,3.5126666666666666,False,187.0613654014066,True,0.10857977072874499,-1.0000000000000013,0.05919701923529206,-24.554003217655076,3.465333333333333,-0.004666666666667041,184.81238571365776,True,0.9770795520779112,2.248979687748829,0.2094021246922565,pyin_probability_below_0.5,-0.8559370261533588,False,-1.7000000000000033,-2.2038418915081235
3.48,3.437333333333333,3.522666666666667,False,190.3311404729313,True,0.022944219124638603,-0.7000000000000002,0.06007815841156351,-24.42566776640062,3.4753333333333334,-0.004666666666666597,187.43919274486984,True,0.9555613769074621,2.891947728061467,0.26506772717046756,pyin_probability_below_0.5,-0.6116026286315661,False,-1.4000000000000004,-1.9595074939863315
3.49,3.4473333333333334,3.5326666666666666,False,193.6580702059513,True,0.015085587297504338,-0.3999999999999989,0.05815135672720784,-24.70880296616853,3.485333333333333,-0.004666666666667041,191.86539673746825,True,0.9099881510004825,1.7926734684830592,0.16100497024850252,pyin_probability_below_0.5,-0.20753987170960236,False,-1.0999999999999999,-1.5554447370643678
3.5,3.457333333333333,3.542666666666667,False,197.04315364635175,True,0.012403124793551348,-0.10000000000000067,0.05514228787422358,-25.170304376306877,3.4953333333333334,-0.004666666666666597,200.06347984752293,True,0.8737550480728226,3.020326201171173,-0.2633545727704922,pyin_probability_below_0.5,0.5168196713093935,False,-0.8000000000000008,-0.8310851940453724
3.51,3.4673333333333334,3.5526666666666666,False,202.8169587634771,True,0.01646758759311301,0.39999999999999736,0.051590973280584186,-25.748525578839345,3.505333333333333,-0.004666666666666597,210.19943866382022,True,0.8820498960946098,7.382479900343128,-0.6189663201298411,pyin_probability_below_0.5,1.3724314186687399,False,-0.30000000000000204,0.0245265533139752
3.52,3.477333333333333,3.562666666666667,False,208.75994928447787,True,0.04069733156888106,0.8999999999999985,0.04677128710563028,-26.600413570321933,3.5153333333333334,-0.004666666666666597,215.85465097279794,True,0.9177028047116104,7.094701688320072,-0.5785826637680298,pyin_probability_below_0.5,1.832047762306927,False,0.19999999999999687,0.4841428969521639
3.53,3.4873333333333334,3.5726666666666667,False,213.63948179230545,True,0.2065067991177523,1.2999999999999994,0.04210161575128818,-27.514024734876436,3.525333333333333,-0.004666666666666597,220.27873267282666,True,0.9248409751854753,6.639250880521217,-0.5298230815636543,pyin_probability_below_0.5,2.1832881801025508,False,0.5999999999999976,0.8353833147477898
3.54,3.497333333333333,3.582666666666667,False,216.12185299712482,True,0.4260623290432815,1.5000000000000004,0.03808687364976774,-28.384493496310284,3.5353333333333334,-0.004666666666666597,221.1418174840903,True,0.9311647149919958,5.019964486965478,-0.3975228620140936,pyin_probability_below_0.5,2.250987960552991,False,0.8000000000000002,0.9030830951982274
3.55,3.5073333333333334,3.5926666666666667,False,218.63306796596578,True,0.5485250542599845,1.6999999999999993,0.03456562962433614,-29.22711055784741,3.5453333333333332,-0.004666666666666597,216.5382769183802,True,0.8698469626129843,2.0947910475855736,0.16667465088240468,,1.886790447656494,True,0.9999999999999971,0.5388855823017311
3.56,3.517333333333333,3.6026666666666665,False,221.17346184722248,True,0.5485250542599844,1.9000000000000006,0.02840717909695338,-30.93143781301258,3.5553333333333335,-0.004666666666666597,206.89028993611674,True,0.7707850130933191,14.28317191110574,1.1557482445329823,pitch_difference_over_1_semitone,1.097716854005918,False,1.1999999999999993,-0.25018801134884605
3.57,3.5273333333333334,3.6126666666666667,False,219.8995964441766,True,0.4260623290432814,1.800000000000001,0.018653660913969188,-34.584718442028894,3.5653333333333332,-0.004666666666666597,,False,0.0,,,pyin_probability_below_0.5|voicing_disagreement,,False,1.099999999999998,
3.58,3.537333333333333,3.6226666666666665,False,213.63948179230545,True,0.1765306086328976,1.2999999999999994,0.011962120187349401,-38.443836768054524,3.5753333333333335,-0.004666666666666597,,False,0.0,,,pyin_probability_below_0.5|voicing_disagreement,,False,0.5999999999999976,
3.59,3.5473333333333334,3.6326666666666667,False,203.99186545315516,True,0.01818737573491213,0.49999999999999706,0.00522417759253072,-45.63964135845309,3.5853333333333333,-0.004666666666666597,,False,0.0,,,pyin_probability_below_0.5|voicing_disagreement,,False,-0.20000000000000362,
3.6,3.5573333333333332,3.6426666666666665,False,214.87708272009507,True,0.011085296334280854,1.400000000000004,0.0019916615913405603,-54.015689036104526,3.5953333333333335,-0.004666666666666597,,False,0.0,,,pyin_probability_below_0.5|voicing_disagreement,,False,0.7000000000000017,
3.61,3.5673333333333335,3.6526666666666667,False,217.37383415501247,True,0.01818737573491218,1.6000000000000023,0.0016314080780730244,-55.74874783145792,3.6053333333333333,-0.004666666666666597,,False,0.0,,,pyin_probability_below_0.5|voicing_disagreement,,False,0.9000000000000021,
3.62,3.5773333333333333,3.6626666666666665,False,217.37383415501247,True,0.0229442191246386,1.6000000000000023,0.001517082054835018,-56.37981857545434,3.615333333333333,-0.004666666666667041,,False,0.0,,,pyin_probability_below_0.5|voicing_disagreement,,False,0.9000000000000021,
3.63,3.5873333333333335,3.6726666666666667,False,214.87708272009507,True,0.03489742801962526,1.400000000000004,0.0013954978137433079,-57.10541679124561,3.6253333333333333,-0.004666666666666597,,False,0.0,,,pyin_probability_below_0.5|voicing_disagreement,,False,0.7000000000000017,
3.64,3.5973333333333333,3.6826666666666665,False,,False,0.010000005216229449,,0.004392236052893307,-47.14628655096726,3.635333333333333,-0.004666666666667041,,False,0.0,,,,,False,,
3.65,3.6073333333333335,3.6926666666666668,False,,False,0.010000001546554296,,0.0049765142398202865,-46.06149497801223,3.6453333333333333,-0.004666666666666597,,False,0.0,,,,,False,,
3.66,3.6173333333333333,3.7026666666666666,False,,False,0.010000005216229447,,0.005028182558818042,-45.971779254375576,3.655333333333333,-0.004666666666667041,,False,0.0,,,,,False,,
3.67,3.6273333333333335,3.712666666666667,False,,False,0.010000002871100368,,0.005278712579573359,-45.54943968479051,3.6653333333333333,-0.004666666666666597,,False,0.0,,,,,False,,
3.68,3.6373333333333333,3.7226666666666666,False,252.59830469993753,True,0.01000032860450166,4.200000000000001,0.012328415887156035,-38.181854470785524,3.675333333333333,-0.004666666666667041,,False,0.0,,,pyin_probability_below_0.5|voicing_disagreement,,False,3.4999999999999982,
3.69,3.6473333333333335,3.732666666666667,False,239.8022103323442,True,0.030106861794195014,3.3000000000000003,0.02844869225081342,-30.91875385519132,3.6853333333333333,-0.004666666666666597,,False,0.0,,,pyin_probability_below_0.5|voicing_disagreement,,False,2.6000000000000005,
3.7,3.6573333333333333,3.7426666666666666,False,228.9731271349986,True,0.10857977072874497,2.500000000000002,0.041530935731493426,-27.63256567424067,3.695333333333333,-0.004666666666667041,,False,0.0,,,pyin_probability_below_0.5|voicing_disagreement,,False,1.800000000000001,
3.71,3.667333333333333,3.752666666666667,False,225.0395058615972,True,0.1765306086328976,2.200000000000003,0.05041720268362032,-25.948425082263036,3.7053333333333334,-0.004666666666666597,,False,0.0,,,pyin_probability_below_0.5|voicing_disagreement,,False,1.5000000000000004,
3.72,3.6773333333333333,3.7626666666666666,False,221.17346184722248,True,0.20650679911775227,1.9000000000000006,0.057858434842104824,-24.75266637699303,3.715333333333333,-0.004666666666667041,240.35049918781382,True,0.8533139567422751,19.17703734059134,-1.439538118980431,pyin_probability_below_0.5|pitch_difference_over_1_semitone,3.6930032175193306,False,1.1999999999999993,2.345098352164567
3.73,3.687333333333333,3.772666666666667,False,217.37383415501247,True,0.20650679911775227,1.6000000000000023,0.06369382310775738,-23.918053651656585,3.7253333333333334,-0.004666666666666597,232.33654419292932,True,0.920202885751161,14.96271003791685,-1.1524536412814976,pyin_probability_below_0.5|pitch_difference_over_1_semitone,3.1059187398203987,False,0.9000000000000021,1.7580138744656346
3.74,3.6973333333333334,3.7826666666666666,False,216.12185299712482,True,0.2065067991177523,1.5000000000000004,0.06792940381177937,-23.358843940304,3.735333333333333,-0.004666666666667041,223.9549257328822,True,0.9564044170455266,7.8330727357573835,-0.6163612923583757,pyin_probability_below_0.5,2.469826390897275,False,0.8000000000000002,1.1219215255425103
3.75,3.707333333333333,3.792666666666667,False,213.63948179230545,True,0.1765306086328976,1.2999999999999994,0.07091853005081332,-22.984805494540407,3.7453333333333334,-0.004666666666666597,215.33888770757432,True,0.9755721544452522,1.6994059152688692,-0.13716704540877037,pyin_probability_below_0.5,1.7906321439476682,False,0.5999999999999976,0.44272727859290306
3.76,3.7173333333333334,3.8026666666666666,False,212.40900892134297,True,0.1765306086328976,1.1999999999999993,0.07320701138432614,-22.708946449952016,3.755333333333333,-0.004666666666666597,207.83041477573556,True,0.9769554887946122,4.578594145607411,0.37725788212019085,pyin_probability_below_0.5,1.176207216418707,False,0.49999999999999706,-0.1716976489360549
3.77,3.727333333333333,3.812666666666667,False,207.55758045272898,True,0.17653060863289757,0.8000000000000002,0.07338100914574774,-22.688326401229077,3.7653333333333334,-0.004666666666666597,200.7702241659649,True,0.9834760418172732,6.787356286764094,0.5755956161110366,pyin_probability_below_0.5,0.5778694824278632,False,0.10000000000000017,-0.7700353829269007
3.78,3.7373333333333334,3.8226666666666667,False,199.33268480704808,True,0.2796051653363588,0.10000000000000017,0.07112644990755074,-22.959377348899007,3.775333333333333,-0.004666666666666597,194.35604727790502,True,0.9792818916239936,4.976637529143062,0.4377155149081582,pyin_probability_below_0.5,0.01574958363074451,False,-0.6000000000000011,-1.3321552817240205
3.79,3.747333333333333,3.832666666666667,False,192.54268179725335,True,0.37213589829750865,-0.5000000000000001,0.06737464145595322,-23.43007065921812,3.7853333333333334,-0.004666666666666597,188.3100609516199,True,0.9901371815385871,4.232620845633448,0.3848184983814111,pyin_probability_below_0.5,-0.5313533998425125,False,-1.2000000000000022,-1.8792582651972767
3.8,3.7573333333333334,3.8426666666666667,False,187.0613654014066,True,0.5485250542599844,-1.0000000000000013,0.0643976160959575,-23.822604185578214,3.7953333333333332,-0.004666666666666597,184.23848737375866,True,0.9917223529685731,2.8228780276479313,0.26324582051146045,,-0.9097807219725611,True,-1.7000000000000033,-2.257685587327324
3.81,3.767333333333333,3.8526666666666665,False,181.73609144327253,True,0.615949885458068,-1.5000000000000004,0.06123119063741518,-24.260545912957085,3.8053333333333335,-0.004666666666666597,180.44576955664823,True,0.9898151380856941,1.290321886624298,0.1233556329536643,,-1.2698905344147646,True,-2.200000000000002,-2.6177953997695287
3.82,3.7773333333333334,3.8626666666666667,False,178.6139741695516,True,0.8266685594724994,-1.799999999999999,0.05753833741728845,-24.800853825948664,3.8153333333333332,-0.004666666666666597,178.61458732570082,True,0.9892094398590184,0.000613156149228189,-5.943067925475969e-05,,-1.4464754707818446,True,-2.499999999999999,-2.794380336136608
3.83,3.787333333333333,3.8726666666666665,False,176.56241769755178,True,0.8266685594724994,-2.0000000000000004,0.0539428277079682,-25.361325827377502,3.8253333333333335,-0.004666666666666597,176.97231308023476,True,0.9908929678189278,0.40989538268297565,-0.040144579824872795,,-1.606390321636229,True,-2.700000000000001,-2.9542951869909926
3.84,3.7973333333333334,3.8826666666666667,False,174.53442536143424,True,0.8266685594724994,-2.1999999999999997,0.051645333875124017,-25.739378212346274,3.8353333333333333,-0.004666666666666597,174.3711032304581,True,0.9894710133765897,0.16332213097615522,0.01620776007217541,,-1.8627426615332774,True,-2.900000000000002,-3.2106475268880423
3.85,3.8073333333333332,3.8926666666666665,False,173.52918104210445,True,0.7571601330199093,-2.3000000000000016,0.04893111898929367,-26.20829704784282,3.8453333333333335,-0.004666666666666597,172.0622769934337,True,0.9800982337502229,1.4669040486707559,0.14696945936752973,,-2.0935043608286326,True,-3.0000000000000036,-3.4414092261833966
3.86,3.8173333333333335,3.9026666666666667,False,170.54805357686834,True,0.6159498854580678,-2.6000000000000005,0.04585137946379422,-26.77295187621434,3.8553333333333333,-0.004666666666666597,169.55387336238746,True,0.9653812917100001,0.9941802144808776,0.10121457153540869,,-2.347749472996512,True,-3.3000000000000007,-3.6956543383512743
3.87,3.8273333333333333,3.9126666666666665,False,167.61814009714527,True,0.615949885458068,-2.900000000000002,0.04336467695210577,-27.25727769131453,3.865333333333333,-0.004666666666667041,166.3892358022036,True,0.9861754604623492,1.2289042949416853,0.127394226125426,,-2.6739291275865265,True,-3.600000000000003,-4.021833992941291
3.88,3.8373333333333335,3.9226666666666667,False,165.6928815515041,True,0.6860828109301792,-3.0999999999999983,0.03979074334831364,-28.004358950645877,3.8753333333333333,-0.004666666666666597,165.10778984032726,True,0.9936879545688311,0.5850917111768297,0.06124121479094388,,-2.8077761162520423,True,-3.8,-4.155680981606808
3.89,3.8473333333333333,3.9326666666666665,False,164.73856077731807,True,0.7571601330199094,-3.2000000000000006,0.036598689513906386,-28.730689301438815,3.885333333333333,-0.004666666666667041,164.4760402188859,True,0.9737249107216074,0.2625205584321577,0.027610235043864735,,-2.874145136504967,True,-3.9000000000000035,-4.22205000185973
3.9,3.8573333333333335,3.9426666666666668,False,163.7897364863335,True,0.7571601330199094,-3.3000000000000007,0.03329218381691715,-29.55315432304274,3.8953333333333333,-0.004666666666666597,164.0880863150065,True,0.968494350733576,0.29834982867299686,-0.03150646299135172,,-2.915028438469749,True,-4.000000000000001,-4.262933303824514
3.91,3.8673333333333333,3.9526666666666666,False,162.84637702113662,True,0.7571601330199094,-3.4000000000000012,0.03312815662064047,-29.596054585564474,3.905333333333333,-0.004666666666667041,163.34079020106165,True,0.9781563423341795,0.49441317992503286,-0.052481867645560204,,-2.9940530338155416,True,-4.100000000000002,-4.341957899170305
3.92,3.8773333333333335,3.962666666666667,False,162.84637702113662,True,0.7571601330199094,-3.4000000000000012,0.033808700157547215,-29.419430524499106,3.9153333333333333,-0.004666666666666597,162.29495880858883,True,0.9758759756921103,0.5514182125477873,0.0587212264254556,,-3.10525612788656,True,-4.100000000000002,-4.4531609932413225
3.93,3.8873333333333333,3.9726666666666666,False,162.84637702113662,True,0.8266685594724995,-3.4000000000000012,0.033976647371695194,-29.376389542774834,3.925333333333333,-0.004666666666667041,161.7036627046334,True,0.9917181471011566,1.1427143165032305,0.12191119186131183,,-3.1684460933224137,True,-4.100000000000002,-4.516350958677178
3.94,3.8973333333333335,3.982666666666667,False,162.84637702113662,True,0.8911444948731204,-3.4000000000000012,0.033115129761086486,-29.599470776760754,3.9353333333333333,-0.004666666666666597,161.8369729838576,True,0.9909825231818072,1.0094040372790118,0.10764458778833821,,-3.15417948924944,True,-4.100000000000002,-4.502084354604204
3.95,3.9073333333333333,3.9926666666666666,False,162.84637702113662,True,0.8911444948731204,-3.4000000000000012,0.031221781689797994,-30.110846345799217,3.945333333333333,-0.004666666666667041,162.7979545350098,True,0.9852024641804137,0.04842248612681033,0.005148602276628344,,-3.0516835037377295,True,-4.100000000000002,-4.399588369092493
3.96,3.917333333333333,4.002666666666666,False,162.84637702113662,True,0.8911444948731203,-3.4000000000000012,0.029180994500854884,-30.6979982249489,3.9553333333333334,-0.004666666666666597,163.83659692275194,True,0.9838462814689424,0.990219901615319,-0.10495237258804993,,-2.9415825288730515,True,-4.100000000000002,-4.289487394227815
3.97,3.9273333333333333,4.010666666666666,True,163.7897364863335,True,0.8911444948731203,-3.3000000000000007,0.028216914975636123,-30.98980940929281,3.965333333333333,-0.004666666666667041,164.32765441732377,True,0.9798786684277443,0.5379179309902611,-0.05676399348867291,edge_window,-2.8897709079724274,False,-4.000000000000001,-4.237675773327192
3.98,3.937333333333333,4.010666666666666,True,163.7897364863335,True,0.8911444948731203,-3.3000000000000007,0.02769966717243094,-31.150508984086525,3.9753333333333334,-0.004666666666666597,164.16987972531004,True,0.9877019319887528,0.3801432389765296,-0.040134039744201294,edge_window,-2.9064008617168993,False,-4.000000000000001,-4.254305727071663
3.99,3.9473333333333334,4.010666666666666,True,164.73856077731807,True,0.8911444948731203,-3.2000000000000006,0.02693205636340562,-31.394609706233613,3.985333333333333,-0.004666666666667041,164.67270900004178,True,0.9846019282699873,0.06585177727629343,0.006921732860446539,edge_window,-2.8534566343215464,False,-3.9000000000000035,-4.2013614996763105
4.0,3.957333333333333,4.010666666666666,True,164.73856077731807,True,0.8266685594724995,-3.2000000000000006,0.026025923067677523,-31.691877166346927,,,,,,,,edge_window,,False,-3.9000000000000035,
4.01,3.9673333333333334,4.010666666666666,True,164.73856077731807,True,0.7571601330199094,-3.2000000000000006,0.02359546809188626,-32.54342805219579,,,,,,,,edge_window,,False,-3.9000000000000035,
