timestamp_s,window_start_s,window_end_s,edge_padded,f0_hz,voiced,voicing_probability,relative_pitch_semitones,rms_amplitude,rms_dbfs,praat_timestamp_s,praat_time_offset_s,praat_f0_hz,praat_voiced,praat_strength,absolute_difference_hz,signed_difference_semitones,flags,praat_relative_semitones,agreement_screen_pass,pyin_speaker_relative_st,praat_speaker_relative_st
0.0,0.0,0.042666666666666665,True,,False,0.010000000021701592,,0.00035779821789222986,-68.92723653761429,,,,,,,,edge_window,,False,,
0.01,0.0,0.05266666666666667,True,,False,0.010000000009505967,,0.0003438786808961567,-69.27189495731115,,,,,,,,edge_window,,False,,
0.02,0.0,0.06266666666666666,True,,False,0.010000000001606033,,0.0003778615715085439,-68.45334547102239,,,,,,,,edge_window,,False,,
0.03,0.0,0.07266666666666667,True,,False,0.010000000000221913,,0.0003679559121687854,-68.68408429222833,0.027333333333333095,-0.002666666666666904,,False,0.0,,,edge_window,,False,,
0.04,0.0,0.08266666666666667,True,,False,0.010000000001606035,,0.00035590328195356566,-68.97336014283111,0.037333333333333094,-0.0026666666666669073,,False,0.0,,,edge_window,,False,,
0.05,0.007333333333333333,0.09266666666666666,False,,False,0.010000000000023851,,0.00035321211594072506,-69.03928815194872,0.047333333333333096,-0.0026666666666669073,,False,0.0,,,,,False,,
0.06,0.017333333333333333,0.10266666666666667,False,,False,0.010000000000000439,,0.00034021253575430946,-69.36499376105212,0.0573333333333331,-0.0026666666666669003,,False,0.0,,,,,False,,
0.07,0.027333333333333334,0.11266666666666666,False,,False,0.01,,0.000335364017622556,-69.48967072406047,0.06733333333333309,-0.002666666666666914,,False,0.0,,,,,False,,
0.08,0.037333333333333336,0.12266666666666666,False,,False,0.01,,0.00031835514263070595,-69.94176260514374,0.0773333333333331,-0.0026666666666669003,,False,0.0,,,,,False,,
0.09,0.04733333333333333,0.13266666666666665,False,,False,0.010000000000006925,,0.0003313177674536691,-69.59510547492448,0.0873333333333331,-0.0026666666666669003,,False,0.0,,,,,False,,
0.1,0.05733333333333333,0.14266666666666666,False,,False,0.010000000047726025,,0.00033770272766300776,-69.42930863009848,0.0973333333333331,-0.0026666666666669003,,False,0.0,,,,,False,,
0.11,0.06733333333333333,0.15266666666666667,False,,False,0.010000000021701592,,0.0003031623252845498,-70.36649541024909,0.1073333333333331,-0.0026666666666669003,,False,0.0,,,,,False,,
0.12,0.07733333333333334,0.16266666666666665,False,,False,0.010000000000221913,,0.0002910945374761533,-70.7193188844373,0.1173333333333331,-0.0026666666666669003,,False,0.0,,,,,False,,
0.13,0.08733333333333333,0.17266666666666666,False,,False,0.010000000000006925,,0.0003151168537853352,-70.03056736589305,0.1273333333333331,-0.0026666666666669003,,False,0.0,,,,,False,,
0.14,0.09733333333333333,0.18266666666666667,False,,False,0.0100000000000754,,0.00033547044527056514,-69.48691469745798,0.13733333333333309,-0.002666666666666928,,False,0.0,,,,,False,,
0.15,0.10733333333333334,0.19266666666666668,False,,False,0.010000000814014906,,0.00035377332560690986,-69.02549831707603,0.1473333333333331,-0.0026666666666669003,,False,0.0,,,,,False,,
0.16,0.11733333333333333,0.20266666666666666,False,,False,0.010000000814014906,,0.00033907447410247546,-69.39409806310557,0.1573333333333331,-0.0026666666666669003,,False,0.0,,,,,False,,
0.17,0.12733333333333333,0.21266666666666667,False,,False,0.010000000208892744,,0.00035218128546709687,-69.06467451390031,0.1673333333333331,-0.0026666666666669003,,False,0.0,,,,,False,,
0.18,0.13733333333333334,0.22266666666666668,False,,False,0.010000000101429396,,0.0003339198389159184,-69.52715555567453,0.1773333333333331,-0.0026666666666669003,,False,0.0,,,,,False,,
0.19,0.14733333333333334,0.23266666666666666,False,,False,0.010000000047726025,,0.0003313712922445949,-69.59370237215377,0.1873333333333331,-0.0026666666666669003,,False,0.0,,,,,False,,
0.2,0.15733333333333333,0.24266666666666667,False,,False,0.010000000208892744,,0.00034362064789193096,-69.27841495292154,0.1973333333333331,-0.0026666666666669003,,False,0.0,,,,,False,,
0.21,0.16733333333333333,0.25266666666666665,False,,False,0.010000078102280324,,0.0003423146175325034,-69.31149110411594,0.2073333333333331,-0.0026666666666669003,,False,0.0,,,,,False,,
0.22,0.17733333333333334,0.26266666666666666,False,,False,0.010000027850262286,,0.0002957251638661778,-70.58223437770587,0.2173333333333331,-0.0026666666666669003,,False,0.0,,,,,False,,
0.23,0.18733333333333332,0.27266666666666667,False,,False,0.010000000021701592,,0.0002832998671113401,-70.95507258391707,0.2273333333333331,-0.0026666666666669003,,False,0.0,,,,,False,,
0.24,0.19733333333333333,0.2826666666666667,False,,False,0.010000000417925077,,0.00029047603101444434,-70.73779396272823,0.2373333333333331,-0.0026666666666669003,,False,0.0,,,,,False,,
0.25,0.20733333333333334,0.2926666666666667,False,,False,0.010000001546554296,,0.00028892672656446056,-70.78424565584027,0.2473333333333331,-0.0026666666666669003,,False,0.0,,,,,False,,
0.26,0.21733333333333332,0.30266666666666664,False,,False,0.010000000000221913,,0.00029401950854240406,-70.63247705357786,0.2573333333333331,-0.002666666666666928,,False,0.0,,,,,False,,
0.27,0.22733333333333333,0.31266666666666665,False,,False,0.010000000208892744,,0.00030808330338461003,-70.2266367538441,0.2673333333333331,-0.002666666666666928,,False,0.0,,,,,False,,
0.28,0.23733333333333334,0.32266666666666666,False,,False,0.010000000021701592,,0.00029088121926598086,-70.7256863610645,0.2773333333333331,-0.002666666666666928,,False,0.0,,,,,False,,
0.29,0.24733333333333332,0.33266666666666667,False,,False,0.01000000000061386,,0.00029047603101444434,-70.73779396272823,0.2873333333333331,-0.0026666666666668726,,False,0.0,,,,,False,,
0.3,0.25733333333333336,0.3426666666666667,False,,False,0.010000000000001869,,0.0003109826516356219,-70.14527675380849,0.2973333333333331,-0.0026666666666668726,,False,0.0,,,,,False,,
0.31,0.2673333333333333,0.3526666666666667,False,,False,0.010000000814014906,,0.00032690308572774144,-69.71161959951493,0.3073333333333331,-0.0026666666666668726,,False,0.0,,,,,False,,
0.32,0.2773333333333333,0.3626666666666667,False,,False,0.010000000000023851,,0.00032419877500645597,-69.78377260954906,0.3173333333333331,-0.002666666666666928,,False,0.0,,,,,False,,
0.33,0.28733333333333333,0.37266666666666665,False,,False,0.01000000000061386,,0.0003133339018794233,-70.0798522617904,0.3273333333333331,-0.002666666666666928,,False,0.0,,,,,False,,
0.34,0.29733333333333334,0.38266666666666665,False,,False,0.01,,0.0003175323763212537,-69.96423972927936,0.3373333333333331,-0.002666666666666928,,False,0.0,,,,,False,,
0.35,0.30733333333333335,0.39266666666666666,False,,False,0.01,,0.00030288244371381865,-70.37451798789444,0.3473333333333331,-0.0026666666666668726,,False,0.0,,,,,False,,
0.36,0.31733333333333336,0.4026666666666667,False,,False,0.01,,0.00030298602252327886,-70.37154812177096,0.3573333333333331,-0.0026666666666668726,,False,0.0,,,,,False,,
0.37,0.3273333333333333,0.4126666666666667,False,,False,0.01,,0.00031378348813239625,-70.0673982705367,0.3673333333333331,-0.0026666666666668726,,False,0.0,,,,,False,,
0.38,0.3373333333333333,0.4226666666666667,False,,False,0.01,,0.0002967563404707533,-70.55199986350492,0.37733333333333313,-0.0026666666666668726,,False,0.0,,,,,False,,
0.39,0.3473333333333333,0.43266666666666664,False,,False,0.01,,0.000285745238978737,-70.88041993973766,0.3873333333333331,-0.002666666666666928,,False,0.0,,,,,False,,
0.4,0.35733333333333334,0.44266666666666665,False,,False,0.01,,0.0003102161974203546,-70.16671059939529,0.3973333333333331,-0.002666666666666928,,False,0.0,,,,,False,,
0.41,0.36733333333333335,0.45266666666666666,False,,False,0.01000000000061386,,0.00031982588289825264,-69.90172785088097,0.4073333333333331,-0.0026666666666668726,,False,0.0,,,,,False,,
0.42,0.37733333333333335,0.46266666666666667,False,,False,0.010000000047726025,,0.00032848681600136924,-69.66964112803568,0.4173333333333331,-0.0026666666666668726,,False,0.0,,,,,False,,
0.43,0.3873333333333333,0.4726666666666667,False,,False,0.010000001546554296,,0.0003371215102613537,-69.44427072295497,0.4273333333333331,-0.0026666666666668726,,False,0.0,,,,,False,,
0.44,0.3973333333333333,0.4826666666666667,False,,False,0.0100000470079773,,0.0003530318251788017,-69.043722839749,0.43733333333333313,-0.0026666666666668726,,False,0.0,,,,,False,,
0.45,0.4073333333333333,0.49266666666666664,False,,False,0.010000027850262286,,0.0003579507006433545,-68.92353566337275,0.4473333333333331,-0.002666666666666928,,False,0.0,,,,,False,,
0.46,0.41733333333333333,0.5026666666666667,False,,False,0.010000127845232541,,0.0003629745712404708,-68.8024759817446,0.4573333333333331,-0.002666666666666928,,False,0.0,,,,,False,,
0.47,0.42733333333333334,0.5126666666666667,False,,False,0.010000027850262288,,0.0003692253296839214,-68.65417026101483,0.4673333333333331,-0.0026666666666668726,,False,0.0,,,,,False,,
0.48,0.43733333333333335,0.5226666666666666,False,,False,0.010000005216229449,,0.00034019850056990063,-69.36535209757619,0.4773333333333331,-0.0026666666666668726,,False,0.0,,,,,False,,
0.49,0.44733333333333336,0.5326666666666666,False,,False,0.010000000003996623,,0.00032168559968810765,-69.85136759862027,0.4873333333333331,-0.0026666666666668726,,False,0.0,,,,,False,,
0.5,0.4573333333333333,0.5426666666666666,False,,False,0.010000000021701592,,0.0003497157657147563,-69.12569577196874,0.4973333333333331,-0.0026666666666668726,,False,0.0,,,,,False,,
0.51,0.4673333333333333,0.5526666666666666,False,,False,0.010000000814014906,,0.0003295548517584174,-69.64144580449998,0.5073333333333331,-0.002666666666666928,,False,0.0,,,,,False,,
0.52,0.47733333333333333,0.5626666666666666,False,,False,0.010000000000006925,,0.00030344906711612945,-70.35828386618506,0.5173333333333331,-0.002666666666666928,,False,0.0,,,,,False,,
0.53,0.48733333333333334,0.5726666666666667,False,,False,0.010000000001606035,,0.0002971544955609028,-70.54035390091204,0.5273333333333331,-0.002666666666666928,,False,0.0,,,,,False,,
0.54,0.49733333333333335,0.5826666666666667,False,,False,0.010000000000221913,,0.00030288056695944906,-70.37457180855051,0.5373333333333331,-0.002666666666666928,,False,0.0,,,,,False,,
0.55,0.5073333333333333,0.5926666666666667,False,,False,0.010000000000006925,,0.00029012945195401515,-70.74816364718906,0.5473333333333331,-0.002666666666666928,,False,0.0,,,,,False,,
0.56,0.5173333333333333,0.6026666666666667,False,,False,0.010000000000221913,,0.0003354921333880418,-69.48635317405588,0.5573333333333331,-0.002666666666666928,,False,0.0,,,,,False,,
0.57,0.5273333333333333,0.6126666666666667,False,,False,0.010000078102280324,,0.0004177254081496322,-67.58218215935722,0.5673333333333331,-0.002666666666666817,,False,0.0,,,,,False,,
0.58,0.5373333333333333,0.6226666666666667,False,,False,0.0100000470079773,,0.0005360674081419312,-65.41561192467452,0.5773333333333331,-0.002666666666666817,,False,0.0,,,,,False,,
0.59,0.5473333333333333,0.6326666666666667,False,,False,0.01002672467381077,,0.0005765716481177631,-64.7829343415833,0.5873333333333332,-0.002666666666666817,,False,0.0,,,,,False,,
0.6,0.5573333333333333,0.6426666666666667,False,,False,0.01010197459374499,,0.0006198525418455189,-64.1542322706653,0.5973333333333332,-0.002666666666666817,,False,0.0,,,,,False,,
0.61,0.5673333333333334,0.6526666666666666,False,,False,0.010037765502929688,,0.0006263569630505451,-64.06356180545725,0.6073333333333331,-0.002666666666666928,,False,0.0,,,,,False,,
0.62,0.5773333333333334,0.6626666666666666,False,,False,0.010073751764282884,,0.0006298506266134116,-64.01524868487613,0.6173333333333331,-0.002666666666666928,,False,0.0,,,,,False,,
0.63,0.5873333333333334,0.6726666666666666,False,,False,0.010037765502929688,,0.0006308843933344268,-64.00100431866028,0.6273333333333331,-0.002666666666666928,,False,0.0,,,,,False,,
0.64,0.5973333333333334,0.6826666666666666,False,,False,0.01010197459374499,,0.0006243887173691386,-64.09089906378098,0.6373333333333331,-0.002666666666666928,,False,0.0,,,,,False,,
0.65,0.6073333333333333,0.6926666666666667,False,,False,0.010140046044704068,,0.0005938165916015677,-64.52695344229895,0.6473333333333331,-0.002666666666666928,,False,0.0,,,,,False,,
0.66,0.6173333333333333,0.7026666666666667,False,,False,0.010000516719604524,,0.0005142319006752709,-65.77681970292964,0.6573333333333331,-0.002666666666666928,,False,0.0,,,,,False,,
0.67,0.6273333333333333,0.7126666666666667,False,,False,0.010000002871100368,,0.00039113467138429404,-68.15347370276851,0.6673333333333331,-0.002666666666666928,,False,0.0,,,,,False,,
0.68,0.6373333333333333,0.7226666666666667,False,,False,0.010000000000001869,,0.00032668426563957023,-69.71743564599589,0.6773333333333331,-0.002666666666666928,,False,0.0,,,,,False,,
0.69,0.6473333333333333,0.7326666666666667,False,,False,0.01,,0.0002980262756191408,-70.51490888939148,0.6873333333333331,-0.002666666666666817,,False,0.0,,,,,False,,
0.7,0.6573333333333333,0.7426666666666667,False,,False,0.01,,0.0002959004138889971,-70.57708854744081,0.6973333333333331,-0.002666666666666817,,False,0.0,,,,,False,,
0.71,0.6673333333333333,0.7526666666666667,False,,False,0.010000000000006925,,0.00028241120995615233,-70.98236137014723,0.7073333333333331,-0.002666666666666817,,False,0.0,,,,,False,,
0.72,0.6773333333333333,0.7626666666666667,False,,False,0.010000000000006925,,0.00029197506658549876,-70.69308467696801,0.7173333333333332,-0.002666666666666817,,False,0.0,,,,,False,,
0.73,0.6873333333333334,0.7726666666666666,False,,False,0.0100000000000754,,0.0003063273310274412,-70.27628505995938,0.7273333333333332,-0.002666666666666817,,False,0.0,,,,,False,,
0.74,0.6973333333333334,0.7826666666666666,False,,False,0.010000001546554296,,0.0003476957139459905,-69.1760132568599,0.7373333333333331,-0.002666666666666928,,False,0.0,,,,,False,,
0.75,0.7073333333333334,0.7926666666666666,False,,False,0.010000027850262286,,0.00034914998778155863,-69.13975937642044,0.7473333333333331,-0.002666666666666928,,False,0.0,,,,,False,,
0.76,0.7173333333333334,0.8026666666666666,False,,False,0.010000005216229449,,0.0003406119616223238,-69.35480209074774,0.7573333333333331,-0.002666666666666928,,False,0.0,,,,,False,,
0.77,0.7273333333333334,0.8126666666666666,False,,False,0.010000005216229449,,0.0003314790018356244,-69.5908795518662,0.7673333333333331,-0.002666666666666928,,False,0.0,,,,,False,,
0.78,0.7373333333333333,0.8226666666666667,False,,False,0.010000000417925077,,0.00033812865501780046,-69.41836045994192,0.7773333333333331,-0.002666666666666928,,False,0.0,,,,,False,,
0.79,0.7473333333333333,0.8326666666666667,False,,False,0.010000000047726025,,0.00032097977282718017,-69.87044669310643,0.7873333333333331,-0.002666666666666928,,False,0.0,,,,,False,,
0.8,0.7573333333333333,0.8426666666666667,False,,False,0.0100000000000754,,0.0003256424258301818,-69.74518037395958,0.7973333333333331,-0.002666666666666928,,False,0.0,,,,,False,,
0.81,0.7673333333333333,0.8526666666666667,False,,False,0.010000000001606035,,0.0003200088948990326,-69.89675899910947,0.8073333333333331,-0.002666666666666928,,False,0.0,,,,,False,,
0.82,0.7773333333333333,0.8626666666666667,False,,False,0.010000000000001869,,0.00030591733065765697,-70.28791837820198,0.8173333333333331,-0.002666666666666817,,False,0.0,,,,,False,,
0.83,0.7873333333333333,0.8726666666666667,False,,False,0.01,,0.0002769418327118698,-71.15222876203174,0.8273333333333331,-0.002666666666666817,,False,0.0,,,,,False,,
0.84,0.7973333333333333,0.8826666666666667,False,,False,0.01,,0.00028050105418291554,-71.04131004466528,0.8373333333333332,-0.002666666666666817,,False,0.0,,,,,False,,
0.85,0.8073333333333333,0.8926666666666667,False,,False,0.01,,0.000290045192256167,-70.75068657868528,0.8473333333333332,-0.002666666666666817,,False,0.0,,,,,False,,
0.86,0.8173333333333334,0.9026666666666666,False,,False,0.010000000000000439,,0.0003031338237026701,-70.36731204613012,0.8573333333333332,-0.002666666666666817,,False,0.0,,,,,False,,
0.87,0.8273333333333334,0.9126666666666666,False,,False,0.010000000000006925,,0.0002998285923779477,-70.46253908286576,0.8673333333333331,-0.002666666666666928,,False,0.0,,,,,False,,
0.88,0.8373333333333334,0.9226666666666666,False,,False,0.01000000000000011,,0.0002963986942791839,-70.562474277592,0.8773333333333331,-0.002666666666666928,,False,0.0,,,,,False,,
0.89,0.8473333333333334,0.9326666666666666,False,,False,0.010000000000000439,,0.0002943082050148669,-70.62395260082067,0.8873333333333331,-0.002666666666666928,,False,0.0,,,,,False,,
0.9,0.8573333333333333,0.9426666666666667,False,,False,0.010000000000221913,,0.00030346105564184577,-70.35794071484386,0.8973333333333331,-0.002666666666666928,,False,0.0,,,,,False,,
0.91,0.8673333333333333,0.9526666666666667,False,,False,0.0100000000000754,,0.000283331567647629,-70.95410070928017,0.9073333333333331,-0.002666666666666928,,False,0.0,,,,,False,,
0.92,0.8773333333333333,0.9626666666666667,False,,False,0.010000000003996623,,0.00028041673928857157,-71.04392130029368,0.9173333333333331,-0.002666666666666928,,False,0.0,,,,,False,,
0.93,0.8873333333333333,0.9726666666666667,False,,False,0.01,,0.0002896415820266244,-70.76278178124161,0.9273333333333331,-0.002666666666666928,,False,0.0,,,,,False,,
0.94,0.8973333333333333,0.9826666666666667,False,,False,0.01,,0.00028730062026865343,-70.83326872770976,0.9373333333333331,-0.002666666666666817,,False,0.0,,,,,False,,
0.95,0.9073333333333333,0.9926666666666667,False,,False,0.01,,0.00027090646119558277,-71.34361273594608,0.9473333333333331,-0.002666666666666817,,False,0.0,,,,,False,,
0.96,0.9173333333333333,1.0026666666666666,False,,False,0.01,,0.0002746134960028474,-71.22556245957192,0.9573333333333331,-0.002666666666666817,,False,0.0,,,,,False,,
0.97,0.9273333333333333,1.0126666666666666,False,,False,0.01,,0.00027537459418653146,-71.20152259701815,0.9673333333333332,-0.002666666666666817,,False,0.0,,,,,False,,
0.98,0.9373333333333334,1.0226666666666666,False,,False,0.010037765502929688,,0.0007483977047089884,-62.51735106250387,0.9773333333333332,-0.002666666666666817,,False,0.0,,,,,False,,
0.99,0.9473333333333334,1.0326666666666666,False,,False,0.010622609040911533,,0.0008021496631027006,-61.91489189128181,0.9873333333333331,-0.002666666666666928,,False,0.0,,,,,False,,
1.0,0.9573333333333334,1.0426666666666666,False,,False,0.010006178555334078,,0.0020423106380534095,-53.79756400960435,0.9973333333333331,-0.002666666666666928,,False,0.0,,,,,False,,
1.01,0.9673333333333334,1.0526666666666666,False,,False,0.010140046044704068,,0.0038509678284383325,-48.28860219046446,1.007333333333333,-0.002666666666667039,,False,0.0,,,,,False,,
1.02,0.9773333333333334,1.0626666666666666,False,,False,0.010824463728234167,,0.00721096755611225,-42.84012916861266,1.017333333333333,-0.002666666666667039,,False,0.0,,,,,False,,
1.03,0.9873333333333333,1.0726666666666667,False,,False,0.010349055133375844,,0.010694038630344056,-39.41716502839982,1.027333333333333,-0.002666666666667039,,False,0.0,,,,,False,,
1.04,0.9973333333333333,1.0826666666666667,False,,False,0.010467533617069905,,0.01352456499208828,-37.37753389533192,1.037333333333333,-0.002666666666667039,,False,0.0,,,,,False,,
1.05,1.0073333333333334,1.0926666666666667,False,,False,0.010073751764282884,,0.01755528418144143,-35.11184271738424,1.047333333333333,-0.002666666666667039,73.90519398638848,True,0.7607003376601141,,,voicing_disagreement,-17.2428798167976,False,,-17.83655403257168
1.06,1.0173333333333334,1.1026666666666667,False,,False,0.010073751764282884,,0.024918420497186435,-32.06958979490935,1.057333333333333,-0.002666666666667039,72.55966759101706,True,0.8701872072929252,,,voicing_disagreement,-17.560974767141253,False,,-18.154648982915333
1.07,1.0273333333333334,1.1126666666666667,False,187.0613654014066,True,0.011853505394683413,-1.6000000000000023,0.033562310547752716,-29.482962969025515,1.067333333333333,-0.002666666666667039,72.05241875554054,True,0.5750253854786145,115.00894664586605,16.51671427847748,pyin_probability_below_0.5|pitch_difference_over_1_semitone,-17.68242658753624,False,-1.6000000000000023,-18.27610080331032
1.08,1.0373333333333334,1.1226666666666667,False,189.23491376948436,True,0.03489742801962527,-1.4000000000000004,0.040413004225627464,-27.869577274682772,1.077333333333333,-0.002666666666667039,,False,0.0,,,pyin_probability_below_0.5|voicing_disagreement,,False,-1.4000000000000004,
1.09,1.0473333333333332,1.1326666666666667,False,190.3311404729313,True,0.10857977072874497,-1.3000000000000005,0.044752359036514484,-26.983681334542325,1.087333333333333,-0.002666666666667039,184.0719251771932,True,0.8624364293581481,6.259215295738102,0.5789042518678883,pyin_probability_below_0.5,-1.4446165609266468,False,-1.3000000000000005,-2.038290776700725
1.1,1.0573333333333332,1.1426666666666667,False,191.43371755306833,True,0.20650679911775227,-1.2000000000000002,0.04800974803880938,-26.37341146513736,1.097333333333333,-0.002666666666667039,187.11769363336566,True,0.9552130682108725,4.316023919702673,0.39478766374155616,pyin_probability_below_0.5,-1.160499972800315,False,-1.2000000000000002,-1.7541741885743933
1.11,1.0673333333333332,1.1526666666666667,False,191.43371755306833,True,0.2796051653363588,-1.2000000000000002,0.05147422475905826,-25.768203709312164,1.107333333333333,-0.002666666666667039,189.81096283585882,True,0.9683659062057745,1.6227547172095171,0.14737963993488024,pyin_probability_below_0.5,-0.9130919489936418,False,-1.2000000000000002,-1.5067661647677202
1.12,1.0773333333333333,1.1626666666666667,False,192.54268179725335,True,0.4849868077159113,-1.0999999999999999,0.0557332338980625,-25.077715129065815,1.117333333333333,-0.002666666666667039,191.63071355893302,True,0.9763255131081201,0.9119682383203269,0.08219379324996257,pyin_probability_below_0.5,-0.7479061023087249,False,-1.0999999999999999,-1.3415803180828019
1.13,1.0873333333333333,1.1726666666666667,False,193.6580702059513,True,0.5485250542599845,-0.9999999999999994,0.06097980001757152,-24.296280084623515,1.127333333333333,-0.002666666666666817,192.7787484429291,True,0.9782707850918254,0.8793217630222045,0.07878723403886455,,-0.6444995430976246,True,-0.9999999999999994,-1.2381737588717021
1.14,1.0973333333333333,1.1826666666666668,False,194.7799199939686,True,0.6159498854580681,-0.9000000000000006,0.06395305247131523,-23.882774437370095,1.137333333333333,-0.002666666666666817,194.09616023770343,True,0.9781952815014717,0.6837597562651752,0.0608805453202762,,-0.5265928543790341,True,-0.9000000000000006,-1.1202670701531114
1.15,1.1073333333333333,1.1926666666666668,False,194.7799199939686,True,0.6860828109301793,-0.9000000000000006,0.06490519814221604,-23.754410398637425,1.147333333333333,-0.002666666666666817,195.11028443209852,True,0.9666701074165113,0.33036443812991934,-0.02933842883332142,,-0.4363738802254381,True,-0.9000000000000006,-1.0300480959995162
1.16,1.1173333333333333,1.2026666666666668,False,195.90826859169485,True,0.6860828109301792,-0.8000000000000008,0.06493648705768405,-23.750224191850414,1.157333333333333,-0.002666666666666817,195.26494387536596,True,0.9583775500364416,0.6433247163288911,0.056943912422604354,,-0.4226562214813673,True,-0.8000000000000008,-1.0163304372554451
1.17,1.1273333333333333,1.2126666666666666,False,195.90826859169485,True,0.6860828109301793,-0.8000000000000008,0.06579942005922527,-23.635558682793302,1.1673333333333331,-0.002666666666666817,195.19856213365554,True,0.9643684639413344,0.7097064580393067,0.06283036945759155,,-0.4285426785163521,True,-0.8000000000000008,-1.0222168942904315
1.18,1.1373333333333333,1.2226666666666666,False,195.90826859169485,True,0.7571601330199093,-0.8000000000000008,0.0677555081410318,-23.3811078664826,1.1773333333333331,-0.002666666666666817,195.34049219469725,True,0.9788078352781161,0.5677763969976013,0.050247035608861984,,-0.41595934466762136,True,-0.8000000000000008,-1.0096335604417006
1.19,1.1473333333333333,1.2326666666666666,False,197.04315364635175,True,0.7571601330199094,-0.7000000000000002,0.06983923119902531,-23.11801100112955,1.187333333333333,-0.002666666666667039,195.93985986358445,True,0.9864412863581965,1.1032937827673095,0.09720851617269874,,-0.3629208252314585,True,-0.7000000000000002,-0.956595041005537
1.2,1.1573333333333333,1.2426666666666666,False,197.04315364635175,True,0.7571601330199094,-0.7000000000000002,0.07065772256446981,-23.016807296592226,1.197333333333333,-0.002666666666667039,196.5678051281213,True,0.991070762590748,0.4753485182304473,0.04181488963453592,,-0.30752719869329376,True,-0.7000000000000002,-0.9012014144673726
1.21,1.1673333333333333,1.2526666666666666,False,197.04315364635175,True,0.6860828109301793,-0.7000000000000002,0.0709292040777456,-22.983498269991887,1.207333333333333,-0.002666666666667039,196.9892524741703,True,0.9932215850829131,0.053901172181440415,0.004736440135264867,,-0.2704487491940225,True,-0.7000000000000002,-0.8641229649681009
1.22,1.1773333333333333,1.2626666666666666,False,198.18461302324906,True,0.7571601330199093,-0.6000000000000011,0.07142181028028666,-22.92338292470861,1.217333333333333,-0.002666666666667039,197.37648707600414,True,0.9873079870656257,0.8081259472449176,0.07073785070950181,,-0.23645015976826017,True,-0.6000000000000011,-0.8301243755423381
1.23,1.1873333333333334,1.2726666666666666,False,198.18461302324906,True,0.7571601330199094,-0.6000000000000011,0.07144710530429685,-22.92030724112353,1.227333333333333,-0.002666666666667039,198.1543483337966,True,0.984128993345503,0.03026468945245142,0.0026439621674826863,,-0.1683562712262413,True,-0.6000000000000011,-0.7620304870003203
1.24,1.1973333333333334,1.2826666666666666,False,198.18461302324906,True,0.7571601330199093,-0.6000000000000011,0.07064577839665227,-23.018275706405472,1.237333333333333,-0.002666666666667039,199.16572570182623,True,0.9871532091301644,0.9811126785771762,-0.08549327690891881,,-0.08021903214984236,True,-0.6000000000000011,-0.6738932479239199
1.25,1.2073333333333334,1.2926666666666666,False,199.33268480704808,True,0.6860828109301792,-0.5000000000000001,0.07037902699399555,-23.051134833579955,1.247333333333333,-0.002666666666667039,199.56730429816324,True,0.9859413204683917,0.23461949111515423,-0.020365069417146685,,-0.045347239641613274,True,-0.5000000000000001,-0.6390214554156913
1.26,1.2173333333333334,1.3026666666666666,False,200.48740730303228,True,0.615949885458068,-0.4000000000000028,0.06953128712248176,-23.15639462269543,1.257333333333333,-0.002666666666667039,199.81499399087141,True,0.9798206122390802,0.6724133121608702,0.058161325646764545,,-0.023873634705525795,True,-0.4000000000000028,-0.617547850479605
1.27,1.2273333333333334,1.3126666666666666,False,201.6488190383855,True,0.4849868077159113,-0.30000000000000004,0.06877016752337022,-23.251998354402343,1.267333333333333,-0.002666666666667039,201.2810942698539,True,0.9771505209951886,0.36772476853161606,0.03159943184580647,pyin_probability_below_0.5,0.10268825909543555,False,-0.30000000000000004,-0.49098595667864287
1.28,1.2373333333333334,1.3226666666666667,False,202.8169587634771,True,0.42606232904328145,-0.2000000000000017,0.06855221572240763,-23.279570070454007,1.277333333333333,-0.002666666666667039,203.21773929722644,True,0.9864150392286469,0.4007805337493551,-0.03417664228593228,pyin_probability_below_0.5,0.2684643332271714,False,-0.2000000000000017,-0.3252098825469065
1.29,1.2473333333333334,1.3326666666666667,False,205.1735783080468,True,0.32333605839064083,0.0,0.06850602191343144,-23.28542501721011,1.287333333333333,-0.002666666666667039,205.38046380420298,True,0.9813522553459573,0.20688549615616125,-0.017447995088672456,pyin_probability_below_0.5,0.4517356860299138,False,0.0,-0.14193852974416443
1.3,1.2573333333333334,1.3426666666666667,False,207.55758045272898,True,0.42606232904328145,0.20000000000000068,0.06846256852088496,-23.290936227970533,1.297333333333333,-0.002666666666667039,207.92034264903043,True,0.9864644663262582,0.36276219630144624,-0.030231518481294416,pyin_probability_below_0.5,0.6645192094225343,False,0.20000000000000068,0.07084499364845431
1.31,1.2673333333333334,1.3526666666666667,False,208.75994928447787,True,0.5485250542599844,0.2999999999999983,0.06852061976735292,-23.283574350112985,1.307333333333333,-0.002666666666667039,209.3796516525111,True,0.9911240251928857,0.6197023680332165,-0.051315427809978914,,0.7856031187512174,True,0.2999999999999983,0.1919289029771386
1.32,1.2773333333333334,1.3626666666666667,False,211.18562305262122,True,0.6860828109301792,0.49999999999999706,0.06853743610737616,-23.281442919408548,1.317333333333333,-0.002666666666667039,210.70384978860494,True,0.9885998535707827,0.48177326401628306,0.03953939099385592,,0.8947482999473827,True,0.49999999999999706,0.30107408417330483
1.33,1.2873333333333334,1.3726666666666667,False,212.40900892134297,True,0.7571601330199094,0.5999999999999976,0.06716138400189675,-23.457607257769247,1.327333333333333,-0.002666666666667039,212.47948442950138,True,0.9906956441204192,0.07047550815840964,-0.005743135075549234,,1.0400308260167883,True,0.5999999999999976,0.44635661024271145
1.34,1.2973333333333332,1.3826666666666667,False,212.40900892134297,True,0.8266685594724995,0.5999999999999976,0.06454334079750557,-23.80297118075825,1.337333333333333,-0.002666666666667039,214.0343985619936,True,0.9879542464127853,1.6253896406506385,-0.1319726587926762,,1.166260349733916,True,0.5999999999999976,0.5725861339598354
1.35,1.3073333333333332,1.3926666666666667,False,213.63948179230545,True,0.8911444948731202,0.699999999999998,0.06059230276682119,-24.35165084281749,1.347333333333333,-0.002666666666667039,215.75981968757202,True,0.9828906055281765,2.120337895266573,-0.17097517311599295,,1.3052628640572297,True,0.699999999999998,0.7115886482831512
1.36,1.3173333333333332,1.4026666666666667,False,214.87708272009507,True,0.8911444948731202,0.8000000000000002,0.055961412128068135,-25.042226701441965,1.357333333333333,-0.002666666666667039,218.0602593172038,True,0.9712036178766,3.1831765971087123,-0.2545829375849612,,1.4888706285262039,True,0.8000000000000002,0.8951964127521252
1.37,1.3273333333333333,1.4126666666666667,False,216.12185299712482,True,0.8911444948731203,0.8999999999999985,0.050706636660780804,-25.898703899516043,1.367333333333333,-0.002666666666667039,220.91254090548642,True,0.9568064905819538,4.790687908361605,-0.37956437127230314,,1.7138520622135411,True,0.8999999999999985,1.1201778464394643
1.38,1.3373333333333333,1.4226666666666667,False,217.37383415501247,True,0.8911444948731203,1.0000000000000009,0.04425097416177318,-27.08154328195558,1.377333333333333,-0.002666666666666817,219.16607277054584,True,0.924936768501103,1.792238615533364,-0.14215433225209512,,1.5764420231933363,True,1.0000000000000009,0.9827678074192614
1.39,1.3473333333333333,1.4326666666666668,False,218.63306796596578,True,0.8266685594724994,1.099999999999998,0.0364340489232558,-28.769851256843285,1.387333333333333,-0.002666666666666817,209.34195144601895,True,0.9146247166855237,9.291116519946826,0.7518020555407471,,0.7824856354004961,False,1.099999999999998,0.18881141962641473
1.4,1.3573333333333333,1.4426666666666668,False,219.8995964441766,True,0.6860828109301791,1.1999999999999993,0.02745473015257474,-31.22765641066279,1.397333333333333,-0.002666666666666817,209.18201703784356,True,0.9065715431416718,10.717579406333044,0.8650335035522614,,0.7692541873889798,False,1.1999999999999993,0.1755799716148987
1.41,1.3673333333333333,1.4526666666666668,False,214.87708272009507,True,0.3721358982975087,0.8000000000000002,0.01832341298437109,-34.739872597831784,1.407333333333333,-0.002666666666666817,214.1021836409972,True,0.8716922017567089,0.774899079097878,0.06254535986546474,pyin_probability_below_0.5,1.1717423310757753,False,0.8000000000000002,0.5780681153016978
1.42,1.3773333333333333,1.4626666666666666,False,209.96928336801093,True,0.15046460134333883,0.4000000000000011,0.011186465907292352,-39.02614193231629,1.4173333333333331,-0.002666666666666817,216.39253150860685,True,0.9123712191356074,6.423248140595916,-0.5216690095586929,pyin_probability_below_0.5,1.3559567004999313,False,0.4000000000000011,0.7622824847258556
1.43,1.3873333333333333,1.4726666666666666,False,230.29955496661373,True,0.010000000814014906,1.9999999999999973,0.01236994129825531,-38.15264722634125,1.4273333333333331,-0.002666666666666817,216.54089174897996,True,0.9125801295255641,13.758663217633767,1.0664655951672173,pyin_probability_below_0.5|pitch_difference_over_1_semitone,1.3678220957740208,False,1.9999999999999973,0.7741478799999418
1.44,1.3973333333333333,1.4826666666666666,False,,False,0.015085587297504338,,0.028167174899690277,-31.005134190566483,1.437333333333333,-0.002666666666667039,,False,0.0,,,,,False,,
1.45,1.4073333333333333,1.4926666666666666,False,258.50251019256234,True,0.12793708630129036,4.0,0.038964390322696094,-28.186642295879686,1.447333333333333,-0.002666666666667039,,False,0.0,,,pyin_probability_below_0.5|voicing_disagreement,,False,4.0,
1.46,1.4173333333333333,1.5026666666666666,False,257.013645291753,True,0.2796051653363589,3.9000000000000004,0.05057182262950771,-25.921827878635032,1.457333333333333,-0.002666666666667039,284.6095796563378,True,0.5141503065116904,27.59593436458482,-1.7656711881388367,pyin_probability_below_0.5|pitch_difference_over_1_semitone,6.099958879080077,False,3.9000000000000004,5.506284663305996
1.47,1.4273333333333333,1.5126666666666666,False,257.013645291753,True,0.42606232904328145,3.9000000000000004,0.057684922144609005,-24.778753783720195,1.467333333333333,-0.002666666666667039,262.2206969430411,True,0.792624777314209,5.207051651288111,-0.3472392556192344,pyin_probability_below_0.5,4.681526946560476,False,3.9000000000000004,4.0878527307863965
1.48,1.4373333333333334,1.5226666666666666,False,257.013645291753,True,0.6860828109301792,3.9000000000000004,0.0636457353156292,-23.92461383264653,1.477333333333333,-0.002666666666667039,258.85988967649865,True,0.9175150517449254,1.8462443847456598,-0.1239177655582955,,4.4582054564995355,True,3.9000000000000004,3.864531240725457
1.49,1.4473333333333334,1.5326666666666666,False,257.013645291753,True,0.7571601330199093,3.9000000000000004,0.06523111426657392,-23.710904057423534,1.487333333333333,-0.002666666666667039,257.0150452523923,True,0.9784255473964713,0.0013999606393326758,-9.430055445392902e-05,,4.334381991495692,True,3.9000000000000004,3.7407077757216163
1.5,1.4573333333333334,1.5426666666666666,False,257.013645291753,True,0.7571601330199094,3.9000000000000004,0.06558351102952059,-23.66410673963071,1.497333333333333,-0.002666666666667039,256.44936075056376,True,0.9841776267356726,0.5642845411892381,0.03805177755207264,,4.296235913389166,True,3.9000000000000004,3.7025616976150877
1.51,1.4673333333333334,1.5526666666666666,False,257.013645291753,True,0.7571601330199094,3.9000000000000004,0.06670933299417196,-23.516268034017354,1.507333333333333,-0.002666666666667039,256.1937051106278,True,0.981031024673442,0.8199401811252187,0.05531914406337427,,4.2789685468778655,True,3.9000000000000004,3.6852943311037887
1.52,1.4773333333333334,1.5626666666666666,False,255.5333556217653,True,0.8911444948731202,3.8000000000000007,0.06495882903701457,-23.747236247796554,1.517333333333333,-0.002666666666667039,255.1387444155836,True,0.9685369814245121,0.39461120618170753,0.0267555048419519,,4.207532186099289,True,3.8000000000000007,3.6138579703252134
1.53,1.4873333333333334,1.5726666666666667,False,255.5333556217653,True,0.8911444948731202,3.8000000000000007,0.05857095070505534,-24.64635453169673,1.527333333333333,-0.002666666666667039,252.21061759048203,True,0.934183948906588,3.3227380312832793,0.22659133888454502,,4.007696352056698,True,3.8000000000000007,3.4140221362826186
1.54,1.4973333333333334,1.5826666666666667,False,255.5333556217653,True,0.8266685594724995,3.8000000000000007,0.05223993794352963,-25.63994695272958,1.537333333333333,-0.002666666666667039,247.20125939706418,True,0.855775345170099,8.332096224701132,0.573906360075626,,3.660381330865618,False,3.8000000000000007,3.06670711509154
1.55,1.5073333333333334,1.5926666666666667,False,254.06159179290393,True,0.7571601330199094,3.699999999999999,0.04227548385470151,-27.478228261606485,1.547333333333333,-0.002666666666667039,248.50685792139058,True,0.900367742067122,5.554733871513349,0.3827114908659051,,3.7515762000753314,True,3.699999999999999,3.157901984301256
1.56,1.5173333333333334,1.6026666666666667,False,251.14344552045984,True,0.6860828109301794,3.4999999999999982,0.03183218848791944,-29.94267004532776,1.557333333333333,-0.002666666666667039,251.96637896778938,True,0.9681523403751907,0.8229334473295467,-0.05663541459032782,,3.9909231055315675,True,3.4999999999999982,3.3972488897574893
1.57,1.5273333333333334,1.6126666666666667,False,251.14344552045984,True,0.5485250542599847,3.4999999999999982,0.02296466089687146,-32.778799262447684,1.567333333333333,-0.002666666666667039,253.76110415090952,True,0.9923653744666293,2.6176586304496823,-0.1795119634465388,,4.113799654387778,True,3.4999999999999982,3.5201254386136984
1.58,1.5373333333333334,1.6226666666666667,False,255.5333556217653,True,0.4849868077159112,3.8000000000000007,0.020797369527089337,-33.63983183162247,1.577333333333333,-0.002666666666667039,252.17789702450258,True,0.9789106985824262,3.355458597262725,0.22883750256061863,pyin_probability_below_0.5,4.005450188380624,False,3.8000000000000007,3.411775972606545
1.59,1.5473333333333332,1.6326666666666667,False,257.013645291753,True,0.615949885458068,3.9000000000000004,0.019394405631491276,-34.24647050835651,1.587333333333333,-0.002666666666667039,252.73406583856155,True,0.9529340087998717,4.279579453191445,0.290697832749952,,4.043589858191288,True,3.9000000000000004,3.4499156424172113
1.6,1.5573333333333332,1.6426666666666667,False,258.50251019256234,True,0.020317628556360583,4.0,0.019552195471018163,-34.17608939204845,1.597333333333333,-0.002666666666667039,256.5001920423651,True,0.8734269292467199,2.0023181501972545,0.13462060725732095,pyin_probability_below_0.5,4.299667083683921,False,4.0,3.7059928679098424
1.61,1.5673333333333332,1.6526666666666667,False,260.0,True,0.020317628556360583,4.099999999999998,0.027323276384415666,-31.2693444963279,1.607333333333333,-0.002666666666667039,259.2326353838016,True,0.4977121693034319,0.7673646161983925,0.0511712334040833,pyin_probability_below_0.5,4.483116457537158,False,4.099999999999998,3.8894422417630787
1.62,1.5773333333333333,1.6626666666666667,False,242.58857779956992,True,0.07797523762294817,2.9,0.0395259531211553,-28.06235297553429,1.617333333333333,-0.002666666666667039,259.3149653969222,True,0.43022131952085446,16.7263875973523,-1.154326141300096,pyin_probability_below_0.5|pitch_difference_over_1_semitone,4.488613832241335,False,2.9,3.8949396164672567
1.63,1.5873333333333333,1.6726666666666667,False,239.8022103323442,True,0.24075439447557428,2.7,0.048765775595842886,-26.2376972830329,1.627333333333333,-0.002666666666666817,258.98039990347894,True,0.6722885722289947,19.178189571134737,-1.3319755168060623,pyin_probability_below_0.5|pitch_difference_over_1_semitone,4.466263207747302,False,2.7,3.8725889919732244
1.64,1.5973333333333333,1.6826666666666668,False,237.04784702513638,True,0.32333605839064083,2.4999999999999987,0.05700378793437474,-24.881925685028303,1.637333333333333,-0.002666666666666817,259.78593684330195,True,0.8074665531876326,22.738089818165577,-1.5857405358548806,pyin_probability_below_0.5|pitch_difference_over_1_semitone,4.520028226796122,False,2.4999999999999987,3.9263540110220436
1.65,1.6073333333333333,1.6926666666666668,False,235.68255189130872,True,0.42606232904328145,2.4000000000000012,0.06721129760910799,-23.45115439698807,1.647333333333333,-0.002666666666666817,242.68937257408803,True,0.902311608495582,7.006820682779306,-0.507191727874252,pyin_probability_below_0.5,3.3414794188154917,False,2.4000000000000012,2.7478052030414144
1.66,1.6173333333333333,1.7026666666666668,False,235.68255189130872,True,0.5485250542599844,2.4000000000000012,0.0735661209859121,-22.666442858986024,1.657333333333333,-0.002666666666666817,238.6960441990686,True,0.9647142682804805,3.01349230775989,-0.2199564108272381,,3.0542441017684796,True,2.4000000000000012,2.4605698859944027
1.67,1.6273333333333333,1.7126666666666666,False,235.68255189130872,True,0.6860828109301792,2.4000000000000012,0.0783709949417425,-22.116892794138614,1.6673333333333331,-0.002666666666666817,235.6671064436439,True,0.9840485166960478,0.015445447664831136,0.0011346007973992368,,2.833153090143842,True,2.4000000000000012,2.2394788743697642
1.68,1.6373333333333333,1.7226666666666666,False,235.68255189130872,True,0.7571601330199095,2.4000000000000012,0.0828837502181969,-21.630612135031466,1.6773333333333331,-0.002666666666666817,233.92808625478406,True,0.9940609651731918,1.7544656365246567,0.12935843155689583,,2.704929259384345,True,2.4000000000000012,2.1112550436102673
1.69,1.6473333333333333,1.7326666666666666,False,234.3251202788159,True,0.8911444948731203,2.3000000000000003,0.08370609837530416,-21.544858009964326,1.6873333333333331,-0.002666666666666817,233.57770993017513,True,0.9905928923937559,0.7474103486407557,0.055308207652513514,,2.678979483288725,True,2.3000000000000003,2.0853052675146477
1.7,1.6573333333333333,1.7426666666666666,False,234.3251202788159,True,0.9459302094659092,2.3000000000000003,0.08338288651061448,-21.57846149483646,1.697333333333333,-0.002666666666667039,233.4674606374877,True,0.9922724495785697,0.8576596413281834,0.06348160692775962,,2.67080608401348,True,2.3000000000000003,2.077131868239404
1.71,1.6673333333333333,1.7526666666666666,False,234.3251202788159,True,0.8266685594724995,2.3000000000000003,0.08089860016376943,-21.841179863529646,1.707333333333333,-0.002666666666667039,233.6991615916777,True,0.9945864604404242,0.6259586871381941,0.046308778437927196,,2.687978912503313,True,2.3000000000000003,2.0943046967292345
1.72,1.6773333333333333,1.7626666666666666,False,235.68255189130872,True,0.6860828109301793,2.4000000000000012,0.08111720862702196,-21.817740050436498,1.717333333333333,-0.002666666666667039,235.0029183547713,True,0.9934812129252139,0.6796335365374091,0.049995405060343445,,2.7842922858808956,True,2.4000000000000012,2.1906180701068187
1.73,1.6873333333333334,1.7726666666666666,False,238.4210512332145,True,0.48498680771591124,2.5999999999999974,0.08183537804361507,-21.741178139885932,1.727333333333333,-0.002666666666667039,237.23341532927105,True,0.9914675163875187,1.187635903943459,0.08645267235123975,pyin_probability_below_0.5,2.9478350185899997,False,2.5999999999999974,2.3541608028159215
1.74,1.6973333333333334,1.7826666666666666,False,243.99387913449723,True,0.32333605839064083,2.999999999999999,0.08431498910946698,-21.48190423493919,1.737333333333333,-0.002666666666667039,240.33033229391165,True,0.9930453933774623,3.6635468405855818,0.26191455444114975,pyin_probability_below_0.5,3.1723731365000924,False,2.999999999999999,2.5786989207260116
1.75,1.7073333333333334,1.7926666666666666,False,246.828951447135,True,0.4260623290432815,3.2,0.08941051800606702,-20.97222777994144,1.747333333333333,-0.002666666666667039,243.1506940294763,True,0.9918891317748634,3.678257417658699,0.25993096512458136,pyin_probability_below_0.5,3.3743567258166616,False,3.2,2.780682510042581
1.76,1.7173333333333334,1.8026666666666666,False,249.6969657132611,True,0.615949885458068,3.4000000000000004,0.09490772322271418,-20.4539688986555,1.757333333333333,-0.002666666666667039,246.68299857018914,True,0.9874758938045011,3.013967143071966,0.21024001941536702,,3.62404767152587,True,3.4000000000000004,3.030373455751793
1.77,1.7273333333333334,1.8126666666666666,False,251.14344552045984,True,0.7571601330199094,3.4999999999999982,0.09852632539186959,-20.128954284486223,1.767333333333333,-0.002666666666667039,249.9050837882488,True,0.991547760357952,1.2383617322110467,0.08557647556308928,,3.8487112153781493,True,3.4999999999999982,3.255036999604072
1.78,1.7373333333333334,1.8226666666666667,False,252.59830469993753,True,0.8266685594724996,3.6000000000000005,0.10206604784607662,-19.822374029039114,1.777333333333333,-0.002666666666667039,251.9360086966185,True,0.9919651888649246,0.6622960033190282,0.04545142003801434,,3.988836270903226,True,3.6000000000000005,3.3951620551291493
1.79,1.7473333333333334,1.8326666666666667,False,254.06159179290393,True,0.8911444948731203,3.699999999999999,0.10472111597289227,-19.599314766448032,1.787333333333333,-0.002666666666667039,253.50256658157508,True,0.9945399614345328,0.5590252113288443,0.03813523297517135,,4.096152457966069,True,3.699999999999999,3.5024782421919913
1.8,1.7573333333333334,1.8426666666666667,False,254.06159179290393,True,0.9459302094659092,3.699999999999999,0.10540126669750237,-19.543083396050115,1.797333333333333,-0.002666666666667039,254.56515748845382,True,0.9935873915237872,0.503565695549895,-0.03428016179456617,,4.168567852735804,True,3.699999999999999,3.5748936369617255
1.81,1.7673333333333334,1.8526666666666667,False,254.06159179290393,True,0.9848789761259925,3.699999999999999,0.10270333433310976,-19.768309130203676,1.807333333333333,-0.002666666666667039,255.630651060997,True,0.9944563047853978,1.5690592680930706,-0.10659049452030855,,4.240878185461545,True,3.699999999999999,3.64720396968747
1.82,1.7773333333333334,1.8626666666666667,False,254.06159179290393,True,0.9848789761259925,3.699999999999999,0.09676702938992385,-20.285451819355266,1.817333333333333,-0.002666666666667039,256.051475159666,True,0.993602201619478,1.989883366762058,-0.13506696986355624,,4.269354660804794,True,3.699999999999999,3.675680445030718
1.83,1.7873333333333334,1.8726666666666667,False,255.5333556217653,True,0.9848789761259924,3.8000000000000007,0.08773379479264079,-21.136661709680165,1.827333333333333,-0.002666666666667039,255.61347434342787,True,0.9877079181303128,0.08011872166255785,-0.00542717872495797,,4.2397148696662015,True,3.8000000000000007,3.64604065389212
1.84,1.7973333333333332,1.8826666666666667,False,255.5333556217653,True,0.9848789761259925,3.8000000000000007,0.07823837473007787,-22.131603597203092,1.837333333333333,-0.002666666666667039,254.680152406434,True,0.9849689230341864,0.8532032153313196,0.05790108692810528,,4.176386604013137,True,3.8000000000000007,3.5827123882390604
1.85,1.8073333333333332,1.8926666666666667,False,255.5333556217653,True,0.9848789761259924,3.8000000000000007,0.06645802088357208,-23.54905192263932,1.847333333333333,-0.002666666666667039,252.69573855833488,True,0.9707861637675396,2.8376170634304287,0.1933234591806272,,4.040964231760616,True,3.8000000000000007,3.447290015986539
1.86,1.8173333333333332,1.9026666666666667,False,255.5333556217653,True,0.9459302094659092,3.8000000000000007,0.057986886796358626,-24.733404141109578,1.857333333333333,-0.002666666666667039,251.3447471590933,True,0.9401595235837539,4.188608462672022,0.2861290165756901,,3.948158674365553,True,3.8000000000000007,3.3544844585914735
1.87,1.8273333333333333,1.9126666666666667,False,254.06159179290393,True,0.9459302094659091,3.699999999999999,0.0456647990234518,-26.808368987934696,1.867333333333333,-0.002666666666667039,251.91759885126496,True,0.9433498033551982,2.1439929416389703,0.1467165395350568,,3.987571151406181,True,3.699999999999999,3.3938969356321005
1.88,1.8373333333333333,1.9226666666666667,False,252.59830469993753,True,0.8266685594724996,3.6000000000000005,0.0351247816217093,-29.08772734360571,1.877333333333333,-0.002666666666666817,253.84617186997647,True,0.9780094405957065,1.247867170038944,-0.0853145647905657,,4.119602255731805,True,3.6000000000000005,3.525928039957729
1.89,1.8473333333333333,1.9326666666666668,False,251.14344552045984,True,0.5485250542599844,3.4999999999999982,0.023866046460936586,-32.44439036507357,1.887333333333333,-0.002666666666666817,254.36339888926634,True,0.9904745700167861,3.2199533688065003,-0.22055362314678287,,4.1548413140880225,True,3.4999999999999982,3.561167098313944
1.9,1.8573333333333333,1.9426666666666668,False,255.5333556217653,True,0.42606232904328145,3.8000000000000007,0.019137377243984156,-34.36235164102065,1.897333333333333,-0.002666666666666817,253.56135580663386,True,0.977526942301797,1.9719998151314542,0.13412083147263032,pyin_probability_below_0.5,4.100166859468613,False,3.8000000000000007,3.5064926436945356
1.91,1.8673333333333333,1.9526666666666668,False,255.5333556217653,True,0.17653060863289757,3.8000000000000007,0.017587551712425847,-35.09589225210979,1.907333333333333,-0.002666666666666817,254.8314850336591,True,0.9149503056398117,0.7018705881062033,0.047617035085548494,pyin_probability_below_0.5,4.186670655855694,False,3.8000000000000007,3.592996440081615
1.92,1.8773333333333333,1.9626666666666666,False,257.013645291753,True,0.047686993082531035,3.9000000000000004,0.015331723035780356,-36.288180695630935,1.9173333333333331,-0.002666666666666817,257.0177637585778,True,0.6567545403904013,0.0041184668248206435,-0.00027741612172712925,pyin_probability_below_0.5,4.334565107062968,False,3.9000000000000004,3.7408908912888883
1.93,1.8873333333333333,1.9726666666666666,False,257.013645291753,True,0.013100262550513397,3.9000000000000004,0.013145198159971923,-37.624657252949746,1.9273333333333331,-0.002666666666666817,,False,0.0,,,pyin_probability_below_0.5|voicing_disagreement,,False,3.9000000000000004,
1.94,1.8973333333333333,1.9826666666666666,False,257.013645291753,True,0.010026724673810768,3.9000000000000004,0.011059024221623973,-39.12566381480244,1.9373333333333331,-0.002666666666666817,,False,0.0,,,pyin_probability_below_0.5|voicing_disagreement,,False,3.9000000000000004,
1.95,1.9073333333333333,1.9926666666666666,False,257.013645291753,True,0.01000012784523254,3.9000000000000004,0.009727221864244543,-40.24022356730937,1.947333333333333,-0.002666666666667039,,False,0.0,,,pyin_probability_below_0.5|voicing_disagreement,,False,3.9000000000000004,
1.96,1.9173333333333333,2.002666666666667,False,257.013645291753,True,0.010000002871100366,3.9000000000000004,0.008931967033850411,-40.98105776987871,1.957333333333333,-0.002666666666667039,,False,0.0,,,pyin_probability_below_0.5|voicing_disagreement,,False,3.9000000000000004,
1.97,1.9273333333333333,2.0126666666666666,False,281.8989862783688,True,0.010001232964986118,5.5,0.01525333901766594,-36.332701541796396,1.967333333333333,-0.002666666666667039,,False,0.0,,,pyin_probability_below_0.5|voicing_disagreement,,False,5.5,
1.98,1.9373333333333334,2.022666666666667,False,269.16888019875813,True,0.04069733156888106,4.699999999999999,0.02511340524626511,-32.001887904727006,1.977333333333333,-0.002666666666667039,,False,0.0,,,pyin_probability_below_0.5|voicing_disagreement,,False,4.699999999999999,
1.99,1.9473333333333334,2.0326666666666666,False,258.50251019256234,True,0.17653060863289763,4.0,0.032097403593950136,-29.87060193783764,1.987333333333333,-0.002666666666667039,,False,0.0,,,pyin_probability_below_0.5|voicing_disagreement,,False,4.0,
2.0,1.9573333333333334,2.042666666666667,False,257.013645291753,True,0.2796051653363589,3.9000000000000004,0.040040661492144136,-27.9499751273434,1.997333333333333,-0.002666666666667039,273.17679830835147,True,0.7589654044723372,16.16315301659847,-1.0558800000292485,pyin_probability_below_0.5|pitch_difference_over_1_semitone,5.39016769097049,False,3.9000000000000004,4.796493475196409
2.01,1.9673333333333334,2.0526666666666666,False,255.5333556217653,True,0.2796051653363589,3.8000000000000007,0.05111215980943094,-25.82951533980761,2.007333333333333,-0.002666666666666817,269.0885074417643,True,0.8842456894700638,13.555151819998997,-0.8948298320560248,pyin_probability_below_0.5,5.129117522997268,False,3.8000000000000007,4.535443307223189
2.02,1.9773333333333334,2.062666666666667,False,254.06159179290393,True,0.42606232904328145,3.699999999999999,0.0629698257431275,-24.017350170453224,2.017333333333333,-0.002666666666666817,261.5123686440072,True,0.9461042084075638,7.450776851103285,-0.5004107127043174,pyin_probability_below_0.5,4.634698403645556,False,3.699999999999999,4.0410241878714785
2.03,1.9873333333333334,2.0726666666666667,False,251.14344552045984,True,0.4849868077159112,3.4999999999999982,0.06680543351170158,-23.50376426899694,2.027333333333333,-0.002666666666666817,255.9505787326968,True,0.986561024567992,4.807133212236977,-0.32824374207642604,pyin_probability_below_0.5,4.262531433017665,False,3.4999999999999982,3.668857217243586
2.04,1.9973333333333334,2.082666666666667,False,251.14344552045984,True,0.32333605839064083,3.4999999999999982,0.07007506541222394,-23.08872976342498,2.037333333333333,-0.002666666666666817,252.67651519605354,True,0.9836626546140769,1.5330696755937083,-0.10535948634763664,pyin_probability_below_0.5,4.039647177288874,False,3.4999999999999982,3.4459729615147974
2.05,2.0073333333333334,2.0926666666666667,False,249.6969657132611,True,0.1765306086328976,3.4000000000000004,0.07479596074124187,-22.522437100239166,2.047333333333333,-0.002666666666666817,250.91108015500507,True,0.968003466922502,1.214114441743959,-0.08397469435487848,pyin_probability_below_0.5,3.918262385296118,False,3.4000000000000004,3.3245881695220403
2.06,2.017333333333333,2.1026666666666665,False,246.828951447135,True,0.06608151270920702,3.2,0.07644934680734244,-22.332524418029607,2.0573333333333332,-0.002666666666666817,249.3833365655226,True,0.9287178741764791,2.554385118387586,-0.17824135601670824,pyin_probability_below_0.5,3.8125290469579487,False,3.2,3.218854831183872
2.07,2.0273333333333334,2.1126666666666667,False,239.8022103323442,True,0.026168028608935752,2.7,0.07696927192859494,-22.27365243040301,2.067333333333333,-0.002666666666666817,241.3541396122411,True,0.8425343160282778,1.5519292798969104,-0.11167937941614126,pyin_probability_below_0.5,3.2459670703573815,False,2.7,2.652292854583303
2.08,2.037333333333333,2.1226666666666665,False,234.3251202788159,True,0.018187375734912182,2.3000000000000003,0.07752945542766952,-22.210665330693363,2.077333333333333,-0.002666666666667261,231.61794089308182,True,0.8793218794721551,2.707179385734065,0.2011753906729773,pyin_probability_below_0.5,2.5331123002682676,False,2.3000000000000003,1.9394380844941863
2.09,2.0473333333333334,2.1326666666666667,False,230.29955496661373,True,0.030106861794195007,1.9999999999999973,0.07617766598691647,-22.363446757032914,2.087333333333333,-0.002666666666666817,228.47664398520902,True,0.9151777078089193,1.8229109814047035,0.13757915843259508,pyin_probability_below_0.5,2.29670853250864,False,1.9999999999999973,1.7030343167345616
2.1,2.0573333333333332,2.1426666666666665,False,227.65433896553014,True,0.1765306086328976,1.7999999999999972,0.07148258961680669,-22.915994451834433,2.097333333333333,-0.002666666666667261,226.52299266330832,True,0.9557536152834621,1.1313463022218286,0.08624953974511043,pyin_probability_below_0.5,2.148038151196129,False,1.7999999999999972,1.5543639354220486
2.11,2.0673333333333335,2.1526666666666667,False,226.34314645699226,True,0.5485250542599844,1.6999999999999993,0.06651405866823738,-23.54173101672253,2.107333333333333,-0.002666666666666817,225.69347829681422,True,0.9797845743725851,0.6496681601780381,0.04976271179364698,,2.0845249791475915,True,1.6999999999999993,1.4908507633735129
2.12,2.0773333333333333,2.1626666666666665,False,226.34314645699226,True,0.7571601330199093,1.6999999999999993,0.06618918904264096,-23.58425879807688,2.117333333333333,-0.002666666666667261,225.48573101369166,True,0.9838057437163662,0.8574154433005958,0.06570578665786998,,2.0685819042833673,True,1.6999999999999993,1.4749076885092904
2.13,2.0873333333333335,2.1726666666666667,False,226.34314645699226,True,0.8266685594724996,1.6999999999999993,0.06373847703025803,-23.911966355763745,2.127333333333333,-0.002666666666666817,225.32026585637624,True,0.9854127598079698,1.0228806006160198,0.07841453184455782,,2.05587315909668,True,1.6999999999999993,1.462198943322601
2.14,2.0973333333333333,2.1826666666666665,False,226.34314645699226,True,0.7571601330199094,1.6999999999999993,0.061847113590879105,-24.173611282315623,2.137333333333333,-0.002666666666667261,225.19623805686993,True,0.9894845683095559,1.146908400122328,0.08794675333236864,,2.046340937608869,True,1.6999999999999993,1.4526667218347895
2.15,2.1073333333333335,2.1926666666666668,False,226.34314645699226,True,0.6159498854580681,1.6999999999999993,0.060215802683081895,-24.405790401608364,2.147333333333333,-0.002666666666666817,225.40510598506035,True,0.9873730966345268,0.9380404719319131,0.07189712100346521,,2.062390569937776,True,1.6999999999999993,1.4687163541636976
2.16,2.1173333333333333,2.2026666666666666,False,227.65433896553014,True,0.48498680771591124,1.7999999999999972,0.05889913536995573,-24.597821610815952,2.157333333333333,-0.002666666666667261,226.44821249854323,True,0.9835012108309248,1.206126466986916,0.09196566329278769,pyin_probability_below_0.5,2.1423220276484516,False,1.7999999999999972,1.5486478118743747
2.17,2.1273333333333335,2.212666666666667,False,228.9731271349986,True,0.1765306086328976,1.9000000000000006,0.05684485959414585,-24.906176037584,2.167333333333333,-0.002666666666666817,228.51383453781096,True,0.9790559036813911,0.45929259718764115,0.034761351316865675,pyin_probability_below_0.5,2.2995263396243746,False,1.9000000000000006,1.7058521238502977
2.18,2.1373333333333333,2.2226666666666666,False,231.63366671648822,True,0.07797523762294818,2.0999999999999988,0.055417181532118095,-25.1271113163572,2.177333333333333,-0.002666666666667261,231.1959741508783,True,0.9756846245854952,0.43769256560992176,0.0327441646597553,pyin_probability_below_0.5,2.5015435262814854,False,2.0999999999999988,1.9078693105074063
2.19,2.1473333333333335,2.232666666666667,False,237.04784702513638,True,0.047686993082531035,2.4999999999999987,0.055374092592035136,-25.133867548741215,2.187333333333333,-0.002666666666666817,234.07545142524032,True,0.9712446579248336,2.9723955998960605,0.21845579563081058,pyin_probability_below_0.5,2.7158318953104272,False,2.4999999999999987,2.1221576795363504
2.2,2.1573333333333333,2.2426666666666666,False,241.19137040474044,True,0.06608151270920701,2.799999999999997,0.05681097372687373,-24.911355339051184,2.197333333333333,-0.002666666666667261,237.66296372299706,True,0.9597712329621512,3.528406681743377,0.255134303100794,pyin_probability_below_0.5,2.9791533878404453,False,2.799999999999997,2.3854791720663657
2.21,2.167333333333333,2.252666666666667,False,243.99387913449723,True,0.10857977072874497,2.999999999999999,0.05853724541580631,-24.651354359896928,2.207333333333333,-0.002666666666666817,241.69388856147089,True,0.9664943365117329,2.2999905730263492,0.16396755373643468,pyin_probability_below_0.5,3.2703201372048083,False,2.999999999999999,2.676645921430729
2.22,2.1773333333333333,2.2626666666666666,False,245.40732129724032,True,0.1504646013433388,3.0999999999999988,0.05921810173143831,-24.550910365403418,2.217333333333333,-0.002666666666667261,244.76430339795155,True,0.9750162968189618,0.6430178992887647,0.045421442771982505,pyin_probability_below_0.5,3.488866248169259,False,3.0999999999999988,2.8951920323951814
2.23,2.187333333333333,2.272666666666667,False,248.25881701670832,True,0.2796051653363589,3.3000000000000003,0.058583791926261605,-24.644450427293314,2.227333333333333,-0.002666666666666817,247.19487318296248,True,0.9802594579638032,1.0639438337458387,0.07435361403128987,pyin_probability_below_0.5,3.659934076909952,False,3.3000000000000003,3.0662598611358733
2.24,2.1973333333333334,2.2826666666666666,False,249.6969657132611,True,0.42606232904328145,3.4000000000000004,0.05771826531503163,-24.773734596418553,2.237333333333333,-0.002666666666667261,249.47006345450455,True,0.9774274984064402,0.226902258756553,0.015739058081625495,pyin_probability_below_0.5,3.8185486328596125,False,3.4000000000000004,3.224874417085535
2.25,2.207333333333333,2.292666666666667,False,251.14344552045984,True,0.5485250542599845,3.4999999999999982,0.05662742172075544,-24.93946423204274,2.247333333333333,-0.002666666666666817,251.95777306332553,True,0.9786832421289358,0.8143275428656978,-0.056044101998055734,,3.9903317929392976,True,3.4999999999999982,3.3966575771652185
2.26,2.2173333333333334,2.3026666666666666,False,251.14344552045984,True,0.6860828109301792,3.4999999999999982,0.05502744292090691,-25.188413360401295,2.257333333333333,-0.002666666666666817,254.2106764239316,True,0.975320578405079,3.067230903471767,-0.21015598973105373,,4.144443680672294,True,3.4999999999999982,3.5507694648982158
2.27,2.227333333333333,2.312666666666667,False,252.59830469993753,True,0.7571601330199093,3.6000000000000005,0.051407780201434355,-25.779422973070353,2.267333333333333,-0.002666666666666817,256.4871428470638,True,0.9794101895752829,3.888838147126279,-0.2644986220223581,,4.298786312963599,True,3.6000000000000005,3.7051120971895197
2.28,2.2373333333333334,2.3226666666666667,False,254.06159179290393,True,0.8911444948731202,3.699999999999999,0.04636713080481701,-26.675795547767855,2.277333333333333,-0.002666666666666817,257.3613657584475,True,0.9830597293217295,3.2997739655435794,-0.22340648710632707,,4.357694178047567,True,3.699999999999999,3.7640199622734887
2.29,2.247333333333333,2.332666666666667,False,255.5333556217653,True,0.8911444948731202,3.8000000000000007,0.04107783584491777,-27.72784889904544,2.287333333333333,-0.002666666666666817,256.76750848722753,True,0.9638619528887996,1.234152865462221,-0.08341237524233523,,4.317700066183575,True,3.8000000000000007,3.7240258504094994
2.3,2.2573333333333334,2.3426666666666667,False,257.013645291753,True,0.8911444948731204,3.9000000000000004,0.03554358304494382,-28.984775887276083,2.297333333333333,-0.002666666666666817,253.85234181533826,True,0.9417719518982538,3.16130347641473,0.2142646492822015,,4.120023041659037,True,3.9000000000000004,3.5263488258849573
2.31,2.267333333333333,2.3526666666666665,False,257.013645291753,True,0.8911444948731203,3.9000000000000004,0.029665580677135938,-30.55494292636689,2.3073333333333332,-0.002666666666666817,253.79234516536022,True,0.9392366663004793,3.2213001263927765,0.21835681241990162,,4.11593087852134,True,3.9000000000000004,3.522256662747261
2.32,2.2773333333333334,2.3626666666666667,False,257.013645291753,True,0.8266685594724995,3.9000000000000004,0.025418255609374496,-31.897085145835113,2.317333333333333,-0.002666666666666817,256.7634566764119,True,0.960952243248291,0.25018861534107373,0.016860816963015404,,4.3174268739782224,True,3.9000000000000004,3.723752658204144
2.33,2.287333333333333,2.3726666666666665,False,254.06159179290393,True,0.7571601330199094,3.699999999999999,0.019515867731299867,-34.19224267957138,2.3273333333333333,-0.002666666666666817,255.8611566753163,True,0.9785394100289115,1.7995648824123691,-0.12219423201872548,,4.2564819229599635,True,3.699999999999999,3.6628077071858867
2.34,2.2973333333333334,2.3826666666666667,False,255.5333556217653,True,0.7571601330199093,3.8000000000000007,0.01339500428392213,-37.46114286323796,2.337333333333333,-0.002666666666666817,254.7912609972831,True,0.9811219896519301,0.7420946244822062,0.05034992807558709,,4.183937762865653,True,3.8000000000000007,3.5902635470915745
2.35,2.3073333333333332,2.3926666666666665,False,255.5333556217653,True,0.8911444948731202,3.8000000000000007,0.010422727873825246,-39.64037202091403,2.347333333333333,-0.002666666666667261,254.57458758903704,True,0.9820426046692169,0.9587680327282726,0.06507853249809467,,4.169209158443147,True,3.8000000000000007,3.5755349426690684
2.36,2.3173333333333335,2.4026666666666667,False,254.06159179290393,True,0.4849868077159112,3.699999999999999,0.009956064587540829,-40.038245893495485,2.357333333333333,-0.002666666666666817,255.4415095272416,True,0.9662862761523545,1.3799177343376812,-0.09377632448597177,pyin_probability_below_0.5,4.22806401542721,False,3.699999999999999,3.6343897996531336
2.37,2.3273333333333333,2.4126666666666665,False,254.06159179290393,True,0.2065067991177523,3.699999999999999,0.008413431636061584,-41.500536596224634,2.367333333333333,-0.002666666666667261,256.8515695296166,True,0.9373085415709843,2.7899777367126717,-0.189079195121587,pyin_probability_below_0.5,4.323366886062827,False,3.699999999999999,3.729692670288749
2.38,2.3373333333333335,2.4226666666666667,False,254.06159179290393,True,0.047686993082531035,3.699999999999999,0.006697127164470039,-43.482229092791094,2.377333333333333,-0.002666666666666817,,False,0.0,,,pyin_probability_below_0.5|voicing_disagreement,,False,3.699999999999999,
2.39,2.3473333333333333,2.4326666666666665,False,252.59830469993753,True,0.011422334250709074,3.6000000000000005,0.005371655752604881,-45.397836545288264,2.387333333333333,-0.002666666666667261,,False,0.0,,,pyin_probability_below_0.5|voicing_disagreement,,False,3.6000000000000005,
2.4,2.3573333333333335,2.4426666666666668,False,251.14344552045984,True,0.010037765502929688,3.4999999999999982,0.011564809828578458,-38.73723008722832,2.397333333333333,-0.002666666666666817,,False,0.0,,,pyin_probability_below_0.5|voicing_disagreement,,False,3.4999999999999982,
2.41,2.3673333333333333,2.4526666666666666,False,245.40732129724032,True,0.04069733156888106,3.0999999999999988,0.027353319926567955,-31.25979909901567,2.407333333333333,-0.002666666666667261,,False,0.0,,,pyin_probability_below_0.5|voicing_disagreement,,False,3.0999999999999988,
2.42,2.3773333333333335,2.462666666666667,False,237.04784702513638,True,0.17653060863289763,2.4999999999999987,0.03657740708197916,-28.735741685175068,2.417333333333333,-0.002666666666666817,,False,0.0,,,pyin_probability_below_0.5|voicing_disagreement,,False,2.4999999999999987,
2.43,2.3873333333333333,2.4726666666666666,False,231.63366671648822,True,0.2796051653363588,2.0999999999999988,0.04320210460557418,-27.28990191725559,2.427333333333333,-0.002666666666667261,247.63206925524278,True,0.8475612181326164,15.998402538754561,-1.1562384519411433,pyin_probability_below_0.5|pitch_difference_over_1_semitone,3.6905261428823835,False,2.0999999999999988,3.0968519271083057
2.44,2.3973333333333335,2.482666666666667,False,227.65433896553014,True,0.27960516533635893,1.7999999999999972,0.0473456653487857,-26.49439551854718,2.437333333333333,-0.002666666666666817,245.89396502825045,True,0.90411089528059,18.239626062720305,-1.334296448874497,pyin_probability_below_0.5|pitch_difference_over_1_semitone,3.568584139815738,False,1.7999999999999972,2.9749099240416594
2.45,2.4073333333333333,2.4926666666666666,False,223.74337368352585,True,0.1765306086328976,1.5000000000000004,0.05193469518363153,-25.690848260146897,2.447333333333333,-0.002666666666667261,237.74188054660655,True,0.9290599588118736,13.998506863080706,-1.0506133662794666,pyin_probability_below_0.5|pitch_difference_over_1_semitone,2.984901057220707,False,1.5000000000000004,2.3912268414466293
2.46,2.417333333333333,2.502666666666667,False,221.17346184722248,True,0.2065067991177523,1.2999999999999994,0.05545726999493548,-25.120830266500008,2.457333333333333,-0.002666666666666817,228.2569547372834,True,0.9569767857560422,7.08349289006091,-0.5457663393972924,pyin_probability_below_0.5,2.280054030338534,False,1.2999999999999994,1.6863798145644544
2.47,2.4273333333333333,2.5126666666666666,False,218.63306796596578,True,0.1279370863012904,1.099999999999998,0.05807055613593887,-24.720880295034256,2.467333333333333,-0.002666666666667261,219.40260844430517,True,0.9688896880032837,0.769540478339394,-0.060828654860003814,pyin_probability_below_0.5,1.5951163458012432,False,1.099999999999998,1.001442130027166
2.48,2.437333333333333,2.522666666666667,False,216.12185299712482,True,0.1279370863012904,0.8999999999999985,0.0604605725343784,-24.370554891313574,2.477333333333333,-0.002666666666666817,211.18894281057163,True,0.9795270268549043,4.932910186553187,0.3997278587082189,pyin_probability_below_0.5,0.9345598322330213,False,0.8999999999999985,0.34088561645894383
2.49,2.4473333333333334,2.5326666666666666,False,209.96928336801093,True,0.2407543944755742,0.4000000000000011,0.05955266508287239,-24.50197596661772,2.487333333333333,-0.002666666666667261,206.70948990158792,True,0.9735354892437721,3.2597934664230195,0.2708839970669429,pyin_probability_below_0.5,0.5634036938742959,False,0.4000000000000011,-0.03027052189978026
2.5,2.457333333333333,2.542666666666667,False,205.1735783080468,True,0.3721358982975087,0.0,0.05617082405667656,-25.009784094796107,2.497333333333333,-0.002666666666666817,202.98805955441702,True,0.9493970984966922,2.1855187536297933,0.18540109070713776,pyin_probability_below_0.5,0.24888660023410264,False,0.0,-0.3447876155399743
2.51,2.4673333333333334,2.5526666666666666,False,200.48740730303228,True,0.42606232904328145,-0.4000000000000028,0.05345823819668004,-25.439707164514495,2.507333333333333,-0.002666666666666817,198.59368317725753,True,0.9650208353482682,1.893724125774753,0.16430266288371065,pyin_probability_below_0.5,-0.1300149719424729,False,-0.4000000000000028,-0.7236891877165512
2.52,2.477333333333333,2.562666666666667,False,198.18461302324906,True,0.5485250542599845,-0.6000000000000011,0.05145569895545108,-25.771330362505303,2.517333333333333,-0.002666666666666817,196.81704235931122,True,0.9660778041952767,1.3675706639378404,0.1198776929467669,,-0.28559000200552603,True,-0.6000000000000011,-0.8792642177796048
2.53,2.4873333333333334,2.5726666666666667,False,195.90826859169485,True,0.6159498854580681,-0.8000000000000008,0.04939313928505369,-26.126667409205172,2.527333333333333,-0.002666666666666817,194.22303183891833,True,0.9841565719005314,1.6852367527765182,0.14956797317962528,,-0.5152802822383868,True,-0.8000000000000008,-1.1089544980124655
2.54,2.497333333333333,2.582666666666667,False,193.6580702059513,True,0.7571601330199093,-0.9999999999999994,0.046452139452639006,-26.659885576968453,2.537333333333333,-0.002666666666666817,192.27806396740615,True,0.9925225699882684,1.3800062385451497,0.12380929169073839,,-0.6895216007494973,True,-0.9999999999999994,-1.2831958165235766
2.55,2.5073333333333334,2.5926666666666667,False,192.54268179725335,True,0.7571601330199093,-1.0999999999999999,0.04522327931052917,-26.892758970361854,2.547333333333333,-0.002666666666666817,191.10090726077505,True,0.9883205962837501,1.441774536478306,0.1301239478936724,,-0.7958362569524338,True,-1.0999999999999999,-1.3895104727265117
2.56,2.517333333333333,2.6026666666666665,False,191.43371755306833,True,0.8266685594724995,-1.2000000000000002,0.043773880222444085,-27.1756990953797,2.5573333333333332,-0.002666666666666817,190.66542227807835,True,0.9851336953282696,0.7682952749899812,0.06962071324859857,,-0.8353330223073592,True,-1.2000000000000002,-1.4290072380814376
2.57,2.5273333333333334,2.6126666666666667,False,190.3311404729313,True,0.8266685594724996,-1.3000000000000005,0.043069910310953315,-27.316520652279284,2.567333333333333,-0.002666666666666817,190.00301915882002,True,0.9937194827942797,0.32812131411128576,0.02987136010582326,,-0.8955836691645815,True,-1.3000000000000005,-1.4892578849386602
2.58,2.537333333333333,2.6226666666666665,False,190.3311404729313,True,0.8266685594724994,-1.3000000000000005,0.04228409733706205,-27.476458722155424,2.5773333333333333,-0.002666666666666817,189.69092511612706,True,0.9864385128188362,0.6402153568042479,0.05833154300044352,,-0.9240438520592009,True,-1.3000000000000005,-1.5177180678332798
2.59,2.5473333333333334,2.6326666666666667,False,190.3311404729313,True,0.8266685594724994,-1.3000000000000005,0.04199117170988443,-27.536840135230015,2.587333333333333,-0.002666666666666817,189.5202415042186,True,0.9907236141864313,0.8108989687127064,0.07391617375601806,,-0.939628482814777,True,-1.3000000000000005,-1.5333026985888552
2.6,2.5573333333333332,2.6426666666666665,False,190.3311404729313,True,0.8266685594724996,-1.3000000000000005,0.040712871872734105,-27.805365230972452,2.597333333333333,-0.002666666666667261,189.49614210625555,True,0.9892325913597528,0.8349983666757623,0.076117751322371,,-0.9418300603811309,True,-1.3000000000000005,-1.5355042761552085
2.61,2.5673333333333335,2.6526666666666667,False,189.23491376948436,True,0.8266685594724995,-1.4000000000000004,0.040402254511527895,-27.87188799749228,2.607333333333333,-0.002666666666666817,190.00146340910956,True,0.9885524356725468,0.7665496396251967,-0.06998688541526292,,-0.8957254236434959,True,-1.4000000000000004,-1.4893996394175741
2.62,2.5773333333333333,2.6626666666666665,False,189.23491376948436,True,0.8266685594724996,-1.4000000000000004,0.040352972935751644,-27.8824892773116,2.617333333333333,-0.002666666666667261,190.03158982634505,True,0.9941254175052138,0.7966760568606901,-0.07273169295027494,,-0.8929806161084847,True,-1.4000000000000004,-1.4866548318825616
2.63,2.5873333333333335,2.6726666666666667,False,189.23491376948436,True,0.8911444948731203,-1.4000000000000004,0.04017060204650537,-27.921833186867296,2.627333333333333,-0.002666666666666817,189.68420875081486,True,0.9949496425849188,0.44929498133049606,-0.04105547004929848,,-0.9246568390094623,True,-1.4000000000000004,-1.51833105478354
2.64,2.5973333333333333,2.6826666666666665,False,189.23491376948436,True,0.8266685594724995,-1.4000000000000004,0.04052797521544835,-27.84490186285366,2.637333333333333,-0.002666666666667261,189.2080563249976,True,0.9929746957694982,0.026857444486751092,0.002457253859561851,,-0.9681695629183206,True,-1.4000000000000004,-1.561843778692399
2.65,2.6073333333333335,2.6926666666666668,False,188.14500086724917,True,0.8266685594724993,-1.4999999999999982,0.040460710373480716,-27.859329930773157,2.647333333333333,-0.002666666666666817,188.59483161656613,True,0.9870040213957163,0.4498307493169591,-0.04134220023847672,,-1.0243701088202812,True,-1.4999999999999982,-1.6180443245943585
2.66,2.6173333333333333,2.7026666666666666,False,188.14500086724917,True,0.7571601330199091,-1.4999999999999982,0.04053701242358032,-27.842965239039067,2.657333333333333,-0.002666666666667261,187.888815750442,True,0.9936168749153039,0.25618511680715983,0.023589179807747142,,-1.0893014888665058,True,-1.4999999999999982,-1.6829757046405829
2.67,2.6273333333333335,2.712666666666667,False,187.0613654014066,True,0.6860828109301791,-1.6000000000000023,0.04112510264179111,-27.717860102197264,2.667333333333333,-0.002666666666666817,187.20256338960735,True,0.9964284850036418,0.14119798820075857,-0.0130628018158211,,-1.1526495072429401,True,-1.6000000000000023,-1.7463237230170185
2.68,2.6373333333333333,2.7226666666666666,False,185.98397121658357,True,0.6860828109301792,-1.7000000000000033,0.042083150178293324,-27.517835161381473,2.677333333333333,-0.002666666666667261,186.46150463855477,True,0.9888830806578841,0.4775334219712022,-0.04439428728779062,,-1.221318021770971,True,-1.7000000000000033,-1.8149922375450498
2.69,2.6473333333333335,2.732666666666667,False,184.9127823656466,True,0.6860828109301792,-1.800000000000001,0.04346984612239745,-27.236237943048664,2.687333333333333,-0.002666666666666817,185.92836739704518,True,0.9922768752716615,1.0155850313985866,-0.0948233378478836,,-1.270888971210876,True,-1.800000000000001,-1.8645631869849548
2.7,2.6573333333333333,2.7426666666666666,False,183.84776310850236,True,0.6860828109301792,-1.9000000000000006,0.04462028660043286,-27.00935289055202,2.697333333333333,-0.002666666666667261,185.1133576309672,True,0.9922537039092041,1.2655945224648235,-0.11876855309392018,,-1.3469437559648392,True,-1.9000000000000006,-1.940617971738917
2.71,2.667333333333333,2.752666666666667,False,182.78887791090543,True,0.6860828109301793,-2.0000000000000004,0.04607029866337286,-26.731579446097115,2.707333333333333,-0.002666666666666817,183.88505066083604,True,0.9864061856276782,1.0961727499306164,-0.10351089040795515,,-1.462201418650803,True,-2.0000000000000004,-2.055875634424881
2.72,2.6773333333333333,2.7626666666666666,False,182.78887791090543,True,0.6860828109301793,-2.0000000000000004,0.047093115576125895,-26.54085153293356,2.717333333333333,-0.002666666666667261,183.21109917158884,True,0.9887621241367908,0.4222212606834148,-0.039943398511745304,,-1.525768910547015,True,-2.0000000000000004,-2.1194431263210936
2.73,2.687333333333333,2.772666666666667,False,181.73609144327253,True,0.6860828109301793,-2.0999999999999996,0.04787415586528961,-26.397977411914447,2.727333333333333,-0.002666666666666817,182.2185499364053,True,0.9891425567571671,0.482458493132782,-0.045898524972498175,,-1.6198137840862625,True,-2.0999999999999996,-2.213487999860339
2.74,2.6973333333333334,2.7826666666666666,False,180.68936857950385,True,0.6860828109301793,-2.1999999999999975,0.04924479990513964,-26.152792457332474,2.737333333333333,-0.002666666666667261,180.59769947250126,True,0.9844624647787503,0.09166910700258768,0.008785295502090621,,-1.774497604560848,True,-2.1999999999999975,-2.3681718203349265
2.75,2.707333333333333,2.792666666666667,False,179.64867439581087,True,0.7571601330199094,-2.3000000000000016,0.049900683824800916,-26.03787005775154,2.747333333333333,-0.002666666666666817,179.33762276691576,True,0.9875230745896355,0.3110516288951146,0.030001329297624904,,-1.8957136383563853,True,-2.3000000000000016,-2.489387854130463
2.76,2.7173333333333334,2.8026666666666666,False,179.64867439581087,True,0.7571601330199094,-2.3000000000000016,0.049289293723319055,-26.144948097957588,2.757333333333333,-0.002666666666666817,178.3535037383862,True,0.9876274927291286,1.295170657424677,0.12526478669044716,,-1.9909770957492103,True,-2.3000000000000016,-2.584651311523289
2.77,2.727333333333333,2.812666666666667,False,178.6139741695516,True,0.8266685594724995,-2.4000000000000004,0.04829599579939106,-26.321777498558525,2.767333333333333,-0.002666666666666817,177.08287492366313,True,0.9850177576578746,1.5310992458884698,0.14904306997788336,,-2.114755379036643,True,-2.4000000000000004,-2.7084295948107204
2.78,2.7373333333333334,2.8226666666666667,False,176.56241769755178,True,0.8911444948731204,-2.6000000000000005,0.04660012815696372,-26.632257778738353,2.777333333333333,-0.002666666666666817,176.08920285346215,True,0.9887532780107846,0.47321484408962533,0.046462065936472174,,-2.2121743749952323,True,-2.6000000000000005,-2.805848590769311
2.79,2.747333333333333,2.832666666666667,False,176.56241769755178,True,0.8911444948731203,-2.6000000000000005,0.04395548990372035,-27.139737503502033,2.787333333333333,-0.002666666666666817,175.74416846542624,True,0.9848377203094859,0.8182492321255381,0.08041765519273154,,-2.246129964251493,True,-2.6000000000000005,-2.8398041800255722
2.8,2.7573333333333334,2.8426666666666667,False,175.5454930018647,True,0.8911444948731203,-2.699999999999999,0.04152919025383092,-27.63293073572269,2.797333333333333,-0.002666666666666817,175.01732559118835,True,0.9866018547160451,0.5281674106763603,0.052166518999367036,,-2.3178788280581264,True,-2.699999999999999,-2.9115530438322055
2.81,2.767333333333333,2.8526666666666665,False,173.52918104210445,True,0.8911444948731204,-2.900000000000002,0.03884351779874531,-28.213628916474324,2.8073333333333332,-0.002666666666666817,173.7170196605,True,0.9798241401486303,0.1878386183955456,-0.018729802829040257,,-2.446982506229722,True,-2.900000000000002,-3.040656722003801
2.82,2.7773333333333334,2.8626666666666667,False,172.52972650401387,True,0.7571601330199094,-2.9999999999999987,0.035818424541545275,-28.917870406568635,2.817333333333333,-0.002666666666666817,172.54148772973952,True,0.9764957302569963,0.011761225725649638,-0.0011801294111485486,,-2.564532179647611,True,-2.9999999999999987,-3.158206395421688
2.83,2.787333333333333,2.8726666666666665,False,171.53602840047625,True,0.6860828109301793,-3.100000000000001,0.032780977232003294,-29.687562076847595,2.8273333333333333,-0.002666666666666817,171.52615046875889,True,0.9824667858242125,0.009877931717369393,0.000996962812081838,,-2.666709271870839,True,-3.100000000000001,-3.260383487644919
2.84,2.7973333333333334,2.8826666666666667,False,170.54805357686834,True,0.7571601330199094,-3.2000000000000006,0.030747215725233496,-30.243884101780463,2.837333333333333,-0.002666666666666817,170.27796166917375,True,0.9907053644760887,0.27009190769459224,0.02743877426862269,,-2.7931510833273836,True,-3.2000000000000006,-3.3868252991014627
2.85,2.8073333333333332,2.8926666666666665,False,169.56576906952336,True,0.7571601330199094,-3.3000000000000007,0.028548696436890737,-30.888274346043936,2.847333333333333,-0.002666666666667261,169.00291951356118,True,0.984552875722119,0.562849555962174,0.057561448906326244,,-2.9232737579650845,True,-3.3000000000000007,-3.516947973739164
2.86,2.8173333333333335,2.9026666666666667,False,169.56576906952336,True,0.7571601330199094,-3.3000000000000007,0.02648162838791743,-31.541106262182105,2.857333333333333,-0.002666666666666817,168.47255640569188,True,0.9856216318997326,1.0932126638314799,0.11197627262778975,,-2.97768858168655,True,-3.3000000000000007,-3.571362797460627
2.87,2.8273333333333333,2.9126666666666665,False,168.58914210463126,True,0.7571601330199094,-3.3999999999999986,0.025632509942309666,-31.824177310006853,2.867333333333333,-0.002666666666667261,168.565787927708,True,0.9757087219870818,0.023354176923277237,0.0023983956775189856,,-2.9681107047362767,True,-3.3999999999999986,-3.5617849205103544
2.88,2.8373333333333335,2.9226666666666667,False,168.58914210463126,True,0.8266685594724996,-3.3999999999999986,0.026211206114303148,-31.630259888786703,2.877333333333333,-0.002666666666666817,168.90053798146167,True,0.9803159152064133,0.31139587683040304,-0.03194760192705764,,-2.9337647071317017,True,-3.3999999999999986,-3.5274389229057794
2.89,2.8473333333333333,2.9326666666666665,False,168.58914210463126,True,0.8266685594724996,-3.3999999999999986,0.02611494097851661,-31.662219027199153,2.887333333333333,-0.002666666666667261,168.33154740577336,True,0.988849431386676,0.25759469885790054,0.026472509068171314,,-2.9921848181269324,True,-3.3999999999999986,-3.5858590339010092
2.9,2.8573333333333335,2.9426666666666668,False,168.58914210463126,True,0.8266685594724996,-3.3999999999999986,0.025736757359598402,-31.788923437323156,2.897333333333333,-0.002666666666666817,167.9452632263418,True,0.9949747048817619,0.6438788782894562,0.06624620722689224,,-3.031958516285652,True,-3.3999999999999986,-3.6256327320597297
2.91,2.8673333333333333,2.9526666666666666,False,168.58914210463126,True,0.8266685594724995,-3.3999999999999986,0.025806353819856825,-31.765467051918776,2.907333333333333,-0.002666666666667261,168.03428914624592,True,0.9929792556004842,0.5548529583853394,0.057071559168329525,,-3.022783868227089,True,-3.3999999999999986,-3.6164580840011675
2.92,2.8773333333333335,2.962666666666667,False,169.56576906952336,True,0.8266685594724995,-3.3000000000000007,0.02499155648770516,-32.044133898702654,2.917333333333333,-0.002666666666666817,168.13238735639908,True,0.9928991835303086,1.4333817131242768,0.1469675852612667,,-3.0126798943200264,True,-3.3000000000000007,-3.6063541100941046
2.93,2.8873333333333333,2.9726666666666666,False,169.56576906952336,True,0.8266685594724995,-3.3000000000000007,0.024023308062660523,-32.3873437900876,2.927333333333333,-0.002666666666667261,168.88888459212725,True,0.9875851890412087,0.6768844773961007,0.06924691412717739,,-2.9349592231859374,True,-3.3000000000000007,-3.528633438960018
2.94,2.8973333333333335,2.982666666666667,False,169.56576906952336,True,0.8911444948731204,-3.3000000000000007,0.02315218646861319,-32.70815976772498,2.937333333333333,-0.002666666666666817,170.4094261095873,True,0.9808691067729749,0.8436570400639312,-0.08592219739903295,,-2.779790111659726,True,-3.3000000000000007,-3.373464327433805
2.95,2.9073333333333333,2.9926666666666666,False,170.54805357686834,True,0.8911444948731203,-3.2000000000000006,0.021500674825183322,-33.35095818005618,2.947333333333333,-0.002666666666667261,171.6116706717689,True,0.9705297234002859,1.0636170949005646,-0.10763254295953534,,-2.6580797660992266,True,-3.2000000000000006,-3.2517539818733034
2.96,2.917333333333333,3.002666666666667,False,170.54805357686834,True,0.8911444948731203,-3.2000000000000006,0.0196519101006969,-34.13190462498059,2.957333333333333,-0.002666666666666817,171.88788898251804,True,0.9739982201340038,1.3398354056496942,-0.135475294670636,,-2.630237014388123,True,-3.2000000000000006,-3.2239112301622015
2.97,2.9273333333333333,3.0126666666666666,False,171.53602840047625,True,0.8911444948731202,-3.100000000000001,0.01808014764736471,-34.855960545604766,2.967333333333333,-0.002666666666667261,172.08888326407367,True,0.9578524155328597,0.5528548635974175,-0.055707369134683556,,-2.6100049399240763,True,-3.100000000000001,-3.203679155698154
2.98,2.937333333333333,3.022666666666667,False,172.52972650401387,True,0.8266685594724996,-2.9999999999999987,0.016263614372959614,-35.77565863634429,2.977333333333333,-0.002666666666666817,174.15318261566938,True,0.9273405479448079,1.6234561116555142,-0.16214257860991854,,-2.4035697304488393,True,-2.9999999999999987,-2.997243946222919
2.99,2.9473333333333334,3.0326666666666666,False,172.52972650401387,True,0.7571601330199091,-2.9999999999999987,0.013822474478779614,-37.18828406502152,2.987333333333333,-0.002666666666667261,177.87725072960924,True,0.9164837761225069,5.347524225595379,-0.5284446611517469,,-2.0372676479070115,False,-2.9999999999999987,-2.63094186368109
3.0,2.957333333333333,3.042666666666667,False,173.52918104210445,True,0.6159498854580678,-2.900000000000002,0.010724867902831834,-39.392160965474574,2.997333333333333,-0.002666666666666817,175.98794003005972,True,0.874265234012455,2.458758987955264,-0.24357934083153576,,-2.2221329682272257,True,-2.900000000000002,-2.8158071840013044
3.01,2.9673333333333334,3.0526666666666666,False,176.56241769755178,True,0.3233360583906409,-2.6000000000000005,0.008320005960218278,-41.597527251856235,3.007333333333333,-0.002666666666666817,171.48036282298077,True,0.7706335756520271,5.082054874571014,0.5056189818581798,pyin_probability_below_0.5,-2.6713312909169398,False,-2.6000000000000005,-3.2650055066910175
3.02,2.977333333333333,3.062666666666667,False,178.6139741695516,True,0.12793708630129036,-2.4000000000000004,0.005481455103163428,-45.22208277414674,3.017333333333333,-0.002666666666666817,,False,0.0,,,pyin_probability_below_0.5|voicing_disagreement,,False,-2.4000000000000004,
3.03,2.9873333333333334,3.0726666666666667,False,177.5852333780714,True,0.0229442191246386,-2.5000000000000036,0.003879967054212587,-48.22343924190154,3.027333333333333,-0.002666666666666817,,False,0.0,,,pyin_probability_below_0.5|voicing_disagreement,,False,-2.5000000000000036,
3.04,2.997333333333333,3.082666666666667,False,165.6928815515041,True,0.010000516719604523,-3.700000000000001,0.0025432393577675765,-51.89225528279507,3.037333333333333,-0.002666666666666817,,False,0.0,,,pyin_probability_below_0.5|voicing_disagreement,,False,-3.700000000000001,
3.05,3.0073333333333334,3.0926666666666667,False,178.6139741695516,True,0.0100000000000754,-2.4000000000000004,0.0019364385762178028,-54.259925485385935,3.047333333333333,-0.002666666666666817,,False,0.0,,,pyin_probability_below_0.5|voicing_disagreement,,False,-2.4000000000000004,
3.06,3.017333333333333,3.1026666666666665,False,178.6139741695516,True,0.0100000000000754,-2.4000000000000004,0.0019001086034229732,-54.42443151231846,3.0573333333333332,-0.002666666666666817,,False,0.0,,,pyin_probability_below_0.5|voicing_disagreement,,False,-2.4000000000000004,
3.07,3.0273333333333334,3.1126666666666667,False,,False,0.010000000000075396,,0.0018253352574775152,-54.77314714907575,3.067333333333333,-0.002666666666666817,,False,0.0,,,,,False,,
3.08,3.037333333333333,3.1226666666666665,False,,False,0.010000000000613858,,0.0017452152048733631,-55.163020239124535,3.0773333333333333,-0.002666666666666817,,False,0.0,,,,,False,,
3.09,3.0473333333333334,3.1326666666666667,False,,False,0.010000802780927255,,0.009436953983041698,-40.50336325350581,3.087333333333333,-0.002666666666666817,,False,0.0,,,,,False,,
3.1,3.0573333333333332,3.1426666666666665,False,223.74337368352585,True,0.011853505394683413,1.5000000000000004,0.01872761036695214,-34.55035269665466,3.0973333333333333,-0.002666666666666817,,False,0.0,,,pyin_probability_below_0.5|voicing_disagreement,,False,1.5000000000000004,
3.11,3.0673333333333335,3.1526666666666667,False,221.17346184722248,True,0.06608151270920702,1.2999999999999994,0.024394124898787506,-32.25429513819928,3.107333333333333,-0.002666666666666817,,False,0.0,,,pyin_probability_below_0.5|voicing_disagreement,,False,1.2999999999999994,
3.12,3.0773333333333333,3.1626666666666665,False,218.63306796596578,True,0.1765306086328976,1.099999999999998,0.028712226816513878,-30.83866247774591,3.117333333333333,-0.002666666666667261,,False,0.0,,,pyin_probability_below_0.5|voicing_disagreement,,False,1.099999999999998,
3.13,3.0873333333333335,3.1726666666666667,False,218.63306796596578,True,0.2796051653363589,1.099999999999998,0.032384431484123614,-29.79327445358215,3.127333333333333,-0.002666666666666817,226.37621594815255,True,0.6809041496433998,7.74314798218677,-0.6025292061236196,pyin_probability_below_0.5,2.1368168970648576,False,1.099999999999998,1.5431426812907816
3.14,3.0973333333333333,3.1826666666666665,False,217.37383415501247,True,0.32333605839064083,1.0000000000000009,0.035911546866932376,-28.895317750274877,3.137333333333333,-0.002666666666667261,220.38580310859217,True,0.8831445269881371,3.0119689535796965,-0.23823601124789412,pyin_probability_below_0.5,1.6725237021891348,False,1.0000000000000009,1.0788494864150582
3.15,3.1073333333333335,3.1926666666666668,False,217.37383415501247,True,0.4260623290432815,1.0000000000000009,0.03863008487024746,-28.261486754194113,3.147333333333333,-0.002666666666666817,217.97473804899664,True,0.9706926031127188,0.6009038939841673,-0.047791861903770105,pyin_probability_below_0.5,1.482079552845013,False,1.0000000000000009,0.8884053370709339
3.16,3.1173333333333333,3.2026666666666666,False,217.37383415501247,True,0.48498680771591124,1.0000000000000009,0.04132551968423471,-27.675633526055236,3.157333333333333,-0.002666666666667261,217.04517255592006,True,0.9846319478287328,0.3286615990924133,0.026195458796151344,pyin_probability_below_0.5,1.408092232145093,False,1.0000000000000009,0.8144180163710142
3.17,3.1273333333333335,3.212666666666667,False,217.37383415501247,True,0.6860828109301792,1.0000000000000009,0.043763412948776254,-27.177776326261075,3.167333333333333,-0.002666666666666817,217.00738115473519,True,0.9873499870072664,0.3664530002772892,0.029210105759942498,,1.4050775851812989,True,1.0000000000000009,0.8114033694072205
3.18,3.1373333333333333,3.2226666666666666,False,218.63306796596578,True,0.8266685594724996,1.099999999999998,0.04381752137660833,-27.16704385586545,3.177333333333333,-0.002666666666667261,217.25159213315814,True,0.9853291462823331,1.381475832807638,0.10973848022876831,,1.4245492107124713,True,1.099999999999998,0.830874994938394
3.19,3.1473333333333335,3.232666666666667,False,218.63306796596578,True,0.8266685594724994,1.099999999999998,0.043278947365115616,-27.274466214536748,3.187333333333333,-0.002666666666666817,217.6804093958563,True,0.9884017651571589,0.9526585701094916,0.07560057894982207,,1.458687111991417,True,1.099999999999998,0.865012896217338
3.2,3.1573333333333333,3.2426666666666666,False,218.63306796596578,True,0.7571601330199094,1.099999999999998,0.04270959046787271,-27.389491857998642,3.197333333333333,-0.002666666666667261,218.6309823158253,True,0.9845897379077444,0.0020856501404864503,0.00016515185894533352,,1.5341225390822941,True,1.099999999999998,0.9404483233082163
3.21,3.167333333333333,3.252666666666667,False,218.63306796596578,True,0.8266685594724994,1.099999999999998,0.04194077950350363,-27.54727004158886,3.207333333333333,-0.002666666666666817,219.33937051087412,True,0.9854867217902561,0.7063025449083398,-0.05583803761533955,,1.5901257285565795,True,1.099999999999998,0.9964515127824998
3.22,3.1773333333333333,3.2626666666666666,False,219.8995964441766,True,0.8266685594724996,1.1999999999999993,0.040941519367516624,-27.7567208882409,3.217333333333333,-0.002666666666667261,219.93425262670527,True,0.9877348573029794,0.0346561825286642,-0.00272821036649248,,1.6370159013077328,True,1.1999999999999993,1.0433416855336535
3.23,3.187333333333333,3.272666666666667,False,219.8995964441766,True,0.8911444948731204,1.1999999999999993,0.039539060273100377,-28.059473135984028,3.227333333333333,-0.002666666666666817,220.37595301426842,True,0.9875254014831352,0.4763565700918093,-0.037462222758049724,,1.6717499136992893,True,1.1999999999999993,1.0780756979252086
3.24,3.1973333333333334,3.2826666666666666,False,221.17346184722248,True,0.8266685594724996,1.2999999999999994,0.03817187019796841,-28.365131232896204,3.237333333333333,-0.002666666666667261,220.92267887467798,True,0.9843603080048655,0.2507829725444992,0.01964116071473137,,1.714646530226509,True,1.2999999999999994,1.1209723144524317
3.25,3.207333333333333,3.292666666666667,False,221.17346184722248,True,0.8266685594724996,1.2999999999999994,0.0364277623908972,-28.771350097605644,3.247333333333333,-0.002666666666666817,221.30859269257735,True,0.982212596295288,0.13513084535486541,-0.010574129523679886,,1.7448618204649193,True,1.2999999999999994,1.1511876046908425
3.26,3.2173333333333334,3.3026666666666666,False,221.17346184722248,True,0.8911444948731204,1.2999999999999994,0.03440434807033749,-29.267733344136992,3.257333333333333,-0.002666666666666817,221.85815524017704,True,0.9797454749943232,0.6846933929545571,-0.05351155145949493,,1.7877992424007338,True,1.2999999999999994,1.1941250266266588
3.27,3.227333333333333,3.312666666666667,False,222.45470667747657,True,0.8266685594724996,1.4000000000000004,0.031910207394460856,-29.921407463621343,3.267333333333333,-0.002666666666666817,222.96594142965864,True,0.9736736003944273,0.5112347521820766,-0.039740744056296747,,1.874028434997536,True,1.4000000000000004,1.28035421922346
3.28,3.2373333333333334,3.3226666666666667,False,222.45470667747657,True,0.6860828109301792,1.4000000000000004,0.028909942542169803,-30.77905542957086,3.277333333333333,-0.002666666666666817,224.3777985934135,True,0.9682256700623278,1.9230919159369364,-0.14901972088508791,,1.9833074118263254,True,1.4000000000000004,1.3896331960522468
3.29,3.247333333333333,3.332666666666667,False,222.45470667747657,True,0.5485250542599844,1.4000000000000004,0.025674972072513656,-31.80980040252785,3.287333333333333,-0.002666666666666817,225.00584092253894,True,0.9698654391584398,2.5511342450623715,-0.19740995482866153,,2.0316976457698988,True,1.4000000000000004,1.4380234299958206
3.3,3.2573333333333334,3.3426666666666667,False,223.74337368352585,True,0.4260623290432815,1.5000000000000004,0.022470971292137546,-32.967563101952145,3.297333333333333,-0.002666666666666817,224.7282149858409,True,0.934918473779672,0.9848413023150613,-0.07603574359186965,pyin_probability_below_0.5,2.0103234345331127,False,1.5000000000000004,1.4166492187590334
3.31,3.267333333333333,3.3526666666666665,False,223.74337368352585,True,0.2796051653363589,1.5000000000000004,0.019083162720201195,-34.38699293005663,3.3073333333333332,-0.002666666666666817,215.0743287581061,True,0.7496670614797817,8.66904492541974,0.6841154571475614,pyin_probability_below_0.5,1.2501722337936805,False,1.5000000000000004,0.6564980180195996
3.32,3.2773333333333334,3.3626666666666667,False,223.74337368352585,True,0.1504646013433388,1.5000000000000004,0.01631995772210168,-35.7456194129688,3.317333333333333,-0.002666666666666817,199.89145230483953,True,0.6034493256519543,23.851921378686313,1.9515381030634447,pyin_probability_below_0.5|pitch_difference_over_1_semitone,-0.017250412122202553,False,1.5000000000000004,-0.6109246278962799
3.33,3.287333333333333,3.3726666666666665,False,221.17346184722248,True,0.04069733156888106,1.2999999999999994,0.01307298073901524,-37.672507573691234,3.3273333333333333,-0.002666666666666817,194.22228868662913,True,0.562585395435581,26.951173160593356,2.2496342152208464,pyin_probability_below_0.5|pitch_difference_over_1_semitone,-0.5153465242796063,False,1.2999999999999994,-1.1090207400536864
3.34,3.2973333333333334,3.3826666666666667,False,211.18562305262122,True,0.013980210380185928,0.49999999999999706,0.009773505628834856,-40.19899265156123,3.337333333333333,-0.002666666666666817,,False,0.0,,,pyin_probability_below_0.5|voicing_disagreement,,False,0.49999999999999706,
3.35,3.3073333333333332,3.3926666666666665,False,200.48740730303228,True,0.011085791888943373,-0.4000000000000028,0.0059682017271196165,-44.483130119909234,3.3473333333333333,-0.002666666666666817,,False,0.0,,,pyin_probability_below_0.5|voicing_disagreement,,False,-0.4000000000000028,
3.36,3.3173333333333335,3.4026666666666667,False,,False,0.010622609040911533,,0.0033357915599430835,-49.5360218896711,3.357333333333333,-0.002666666666666817,,False,0.0,,,,,False,,
3.37,3.3273333333333333,3.4126666666666665,False,,False,0.01010197459374499,,0.0019150606646698106,-54.35634928075787,3.367333333333333,-0.002666666666667261,,False,0.0,,,,,False,,
3.38,3.3373333333333335,3.4226666666666667,False,,False,0.010000802780927255,,0.002030402407734507,-53.848357604896876,3.377333333333333,-0.002666666666666817,,False,0.0,,,,,False,,
3.39,3.3473333333333333,3.4326666666666665,False,,False,0.010191075496968311,,0.003786282510299526,-48.4357396928816,3.387333333333333,-0.002666666666667261,,False,0.0,,,,,False,,
3.4,3.3573333333333335,3.4426666666666668,False,,False,0.0229442191246386,,0.0065362895901115,-43.69337429291142,3.397333333333333,-0.002666666666666817,,False,0.0,,,,,False,,
3.41,3.3673333333333333,3.4526666666666666,False,,False,0.013980210380185928,,0.008036498837588885,-41.898662275488164,3.407333333333333,-0.002666666666667261,,False,0.0,,,,,False,,
3.42,3.3773333333333335,3.462666666666667,False,,False,0.010037765502929688,,0.009843158101004796,-40.137310783830046,3.417333333333333,-0.002666666666666817,,False,0.0,,,,,False,,
3.43,3.3873333333333333,3.4726666666666666,False,,False,0.010037765502929688,,0.01311901222729945,-37.641977263205064,3.427333333333333,-0.002666666666667261,367.7561427212621,True,0.8256113027663844,,,voicing_disagreement,10.537141484352164,False,,9.943467268578084
3.44,3.3973333333333335,3.482666666666667,False,194.7799199939686,True,0.011853505394683413,-0.9000000000000006,0.016574941590757227,-35.61095986703877,3.437333333333333,-0.002666666666666817,368.781920914252,True,0.6800612229283484,174.0020009202834,-11.05107569450034,pyin_probability_below_0.5|pitch_difference_over_1_semitone|possible_octave_disagreement,10.585363385441582,False,-0.9000000000000006,9.991689169667504
3.45,3.4073333333333333,3.4926666666666666,False,197.04315364635175,True,0.026168028608935755,-0.7000000000000002,0.0193835223408079,-34.25134601714204,3.447333333333333,-0.002666666666667261,,False,0.0,,,pyin_probability_below_0.5|voicing_disagreement,,False,-0.7000000000000002,
3.46,3.417333333333333,3.502666666666667,False,198.18461302324906,True,0.06608151270920701,-0.6000000000000011,0.021758793780064938,-33.247303676886794,3.457333333333333,-0.002666666666666817,,False,0.0,,,pyin_probability_below_0.5|voicing_disagreement,,False,-0.6000000000000011,
3.47,3.4273333333333333,3.5126666666666666,False,199.33268480704808,True,0.10857977072874496,-0.5000000000000001,0.02377759453788286,-32.476641658572476,3.467333333333333,-0.002666666666667261,194.15473016520053,True,0.842990076340998,5.177954641847549,0.45565720876085025,pyin_probability_below_0.5,-0.5213695178196078,False,-0.5000000000000001,-1.1150437335936865
3.48,3.437333333333333,3.522666666666667,False,200.48740730303228,True,0.17653060863289757,-0.4000000000000028,0.025473329606347593,-31.878285698172032,3.477333333333333,-0.002666666666666817,197.87666713627374,True,0.9355298731768152,2.6107401667585464,0.22692141539404226,pyin_probability_below_0.5,-0.19263372445280602,False,-0.4000000000000028,-0.7863079402268836
3.49,3.4473333333333334,3.5326666666666666,False,201.6488190383855,True,0.1765306086328976,-0.30000000000000004,0.028089760409539793,-31.029039301592178,3.487333333333333,-0.002666666666667261,200.10893662641624,True,0.9814665369147313,1.5398824119692733,0.132712306380606,pyin_probability_below_0.5,0.001575384560635194,False,-0.30000000000000004,-0.5920988312134431
3.5,3.457333333333333,3.542666666666667,False,205.1735783080468,True,0.12793708630129033,0.0,0.033809615525836174,-29.41919535780333,3.497333333333333,-0.002666666666666817,202.07358223101107,True,0.982429958782724,3.0999960770357404,0.2635707718526915,pyin_probability_below_0.5,0.17071691908855222,False,0.0,-0.4229572966855283
3.51,3.4673333333333334,3.5526666666666666,False,207.55758045272898,True,0.24075439447557428,0.20000000000000068,0.03886318203276738,-28.209232863867555,3.507333333333333,-0.002666666666666817,203.6436161756195,True,0.980579926734641,3.9139642771094714,0.32958040605790623,pyin_probability_below_0.5,0.3047072848833341,False,0.20000000000000068,-0.28896693089074466
3.52,3.477333333333333,3.562666666666667,False,208.75994928447787,True,0.4260623290432814,0.2999999999999983,0.04274341587636925,-27.382615475456294,3.517333333333333,-0.002666666666666817,205.1050898343954,True,0.9815174781165645,3.6548594500824834,0.30577995337618474,pyin_probability_below_0.5,0.42850773756505744,False,0.2999999999999983,-0.1651664782090225
3.53,3.4873333333333334,3.5726666666666667,False,208.75994928447787,True,0.6860828109301793,0.2999999999999983,0.04406233243288724,-27.118650345284074,3.527333333333333,-0.002666666666666817,210.26970251981305,True,0.9403523594213693,1.5097532353351824,-0.12475238950479617,,0.8590400804460365,True,0.2999999999999983,0.2653658646719571
3.54,3.497333333333333,3.582666666666667,False,208.75994928447787,True,0.7571601330199093,0.2999999999999983,0.04358887567511012,-27.212486659285183,3.537333333333333,-0.002666666666666817,211.13394549997278,True,0.9452627214958259,2.3739962154949126,-0.1957631165673631,,0.9300508075086031,True,0.2999999999999983,0.33637659173452167
3.55,3.5073333333333334,3.5926666666666667,False,208.75994928447787,True,0.7571601330199093,0.2999999999999983,0.04304116790535182,-27.322319055398367,3.547333333333333,-0.002666666666666817,209.6232696248325,True,0.9783251122055864,0.863320340354619,-0.07144701901165157,,0.8057347099528921,True,0.2999999999999983,0.21206049417881198
3.56,3.517333333333333,3.6026666666666665,False,208.75994928447787,True,0.7571601330199094,0.2999999999999983,0.04256111598394195,-27.419739860823285,3.5573333333333332,-0.002666666666666817,208.36523903584836,True,0.974027546004648,0.394710248629508,0.03276407395348042,,0.7015236169877582,True,0.2999999999999983,0.10784940121367964
3.57,3.5273333333333334,3.6126666666666667,False,208.75994928447787,True,0.6860828109301792,0.2999999999999983,0.041536700334159654,-27.63136013367113,3.567333333333333,-0.002666666666666817,206.76420055621446,True,0.9483742250884925,1.9957487282634077,0.1663024746690306,,0.5679852162722094,True,0.2999999999999983,-0.025688999501869522
3.58,3.537333333333333,3.6226666666666665,False,207.55758045272898,True,0.7571601330199093,0.20000000000000068,0.03854369800110126,-28.280932402627116,3.5773333333333333,-0.002666666666666817,203.54470087662992,True,0.9187935365274392,4.012879576099067,0.33799152837067803,,0.29629616257056435,True,0.20000000000000068,-0.297378053203515
3.59,3.5473333333333334,3.6326666666666667,False,206.36213675586595,True,0.6159498854580682,0.10000000000000017,0.03336230531450987,-29.534878950386666,3.587333333333333,-0.002666666666666817,200.3680264860177,True,0.9037691232787375,5.99411026984825,0.5103117545084934,,0.02397593643274836,False,0.10000000000000017,-0.5696982793413304
3.6,3.5573333333333332,3.6426666666666665,False,203.99186545315516,True,0.3721358982975087,-0.10000000000000452,0.026786151769968247,-31.44179349574415,3.5973333333333333,-0.002666666666666817,198.39426722921743,True,0.8650121993916617,5.597598223937723,0.4816954178959462,pyin_probability_below_0.5,-0.14740772695470838,False,-0.10000000000000452,-0.7410819427287871
3.61,3.5673333333333335,3.6526666666666667,False,199.33268480704808,True,0.1765306086328976,-0.5000000000000001,0.019706889092132574,-34.1076385511971,3.607333333333333,-0.002666666666666817,192.96599290449015,True,0.8303753911838552,6.366691902557932,0.5619800567494739,pyin_probability_below_0.5,-0.6276923658082308,False,-0.5000000000000001,-1.2213665815823094
3.62,3.5773333333333333,3.6626666666666665,False,193.6580702059513,True,0.1765306086328976,-0.9999999999999994,0.016834247410766112,-35.476125886862974,3.617333333333333,-0.002666666666667261,191.58659818774197,True,0.8327455538589845,2.0714720182093345,0.18617973181220931,pyin_probability_below_0.5,-0.7518920408709697,False,-0.9999999999999994,-1.3455662566450477
3.63,3.5873333333333335,3.6726666666666667,False,190.3311404729313,True,0.06608151270920702,-1.3000000000000005,0.0170634430738731,-35.358666641433736,3.627333333333333,-0.002666666666666817,183.21456318192074,True,0.8609853434421431,7.116577291010572,0.6597292765626731,pyin_probability_below_0.5,-1.5254415856214316,False,-1.3000000000000005,-2.119115801395511
3.64,3.5973333333333333,3.6826666666666665,False,199.33268480704808,True,0.022944219124638603,-0.5000000000000001,0.020544263265378452,-33.74618856579125,3.637333333333333,-0.002666666666667261,178.58076003700288,True,0.9204841213361626,20.751924770045207,1.9032196128239132,pyin_probability_below_0.5|pitch_difference_over_1_semitone,-1.968931921882672,False,-0.5000000000000001,-2.562606137656751
3.65,3.6073333333333335,3.6926666666666668,False,199.33268480704808,True,0.06608151270920701,-0.5000000000000001,0.026947035200021296,-31.38978020665124,3.647333333333333,-0.002666666666666817,181.01574450168474,True,0.9366310477499016,18.316940305363346,1.6687572421738506,pyin_probability_below_0.5|pitch_difference_over_1_semitone,-1.7344695512326105,False,-0.5000000000000001,-2.3281437670066896
3.66,3.6173333333333333,3.7026666666666666,False,197.04315364635175,True,0.1279370863012904,-0.7000000000000002,0.033487808213984775,-29.502265524402222,3.657333333333333,-0.002666666666667261,185.77334719197077,True,0.8722680918572326,11.269806454380983,1.0196170729624294,pyin_probability_below_0.5|pitch_difference_over_1_semitone,-1.2853293820211893,False,-0.7000000000000002,-1.8790035977952673
3.67,3.6273333333333335,3.712666666666667,False,194.7799199939686,True,0.1765306086328976,-0.9000000000000006,0.03850436862781244,-28.289799870443964,3.667333333333333,-0.002666666666666817,200.07251934518806,True,0.8302509396110738,5.292599351219451,-0.46413678112857826,pyin_probability_below_0.5,-0.001575527930180121,False,-0.9000000000000006,-0.5952497437042583
3.68,3.6373333333333333,3.7226666666666666,False,193.6580702059513,True,0.2065067991177523,-0.9999999999999994,0.0422665103880117,-27.48007213913337,3.677333333333333,-0.002666666666667261,199.91724737463977,True,0.9134062662570989,6.259177168688467,-0.5506958304769717,pyin_probability_below_0.5,-0.015016478581786563,False,-0.9999999999999994,-0.6086906943558654
3.69,3.6473333333333335,3.732666666666667,False,192.54268179725335,True,0.2796051653363589,-1.0999999999999999,0.045507104006724676,-26.838416027256287,3.687333333333333,-0.002666666666666817,197.37913568430665,True,0.9354873474257458,4.836453887053295,-0.4294944631885988,pyin_probability_below_0.5,-0.23621784587016137,False,-1.0999999999999999,-0.8298920616442389
3.7,3.6573333333333333,3.7426666666666666,False,192.54268179725335,True,0.3233360583906409,-1.0999999999999999,0.04896082773416324,-26.203024971930923,3.697333333333333,-0.002666666666667261,194.4963211799532,True,0.9246834160279729,1.953639382699862,-0.17477493060042718,pyin_probability_below_0.5,-0.49093737845833096,False,-1.0999999999999999,-1.084611594232411
3.71,3.667333333333333,3.752666666666667,False,192.54268179725335,True,0.37213589829750876,-1.0999999999999999,0.05199953392991982,-25.680010978292902,3.707333333333333,-0.002666666666666817,191.72778508860532,True,0.9523806352939689,0.8148967086480354,0.07342635798776193,pyin_probability_below_0.5,-0.7391386670465218,False,-1.0999999999999999,-1.3328128828206012
3.72,3.6773333333333333,3.7626666666666666,False,191.43371755306833,True,0.4260623290432814,-1.2000000000000002,0.053397464286442334,-25.449587321059248,3.717333333333333,-0.002666666666667261,190.63509175215282,True,0.9900112330740876,0.7986258009155165,0.07237493137246702,pyin_probability_below_0.5,-0.8380872404312276,False,-1.2000000000000002,-1.4317614562053058
3.73,3.687333333333333,3.772666666666667,False,191.43371755306833,True,0.615949885458068,-1.2000000000000002,0.052916542473588464,-25.528170800536042,3.727333333333333,-0.002666666666666817,190.6886320719853,True,0.9961682075009741,0.7450854810830378,0.06751340194170082,,-0.8332257110004608,True,-1.2000000000000002,-1.42689992677454
3.74,3.6973333333333334,3.7826666666666666,False,190.3311404729313,True,0.7571601330199093,-1.3000000000000005,0.050149755214586686,-25.994623649367256,3.737333333333333,-0.002666666666667261,190.7749649315014,True,0.988376824613763,0.44382445857007724,-0.04032285764760002,,-0.8253894514111593,True,-1.3000000000000005,-1.4190636671852384
3.75,3.707333333333333,3.792666666666667,False,190.3311404729313,True,0.6860828109301793,-1.3000000000000005,0.04656938640475707,-26.637989685315176,3.747333333333333,-0.002666666666666817,190.05153172842844,True,0.9731753605872848,0.2796087445028661,0.02545164653713241,,-0.8911639555958908,True,-1.3000000000000005,-1.4848381713699674
3.76,3.7173333333333334,3.8026666666666666,False,189.23491376948436,True,0.6159498854580681,-1.4000000000000004,0.043348683080675576,-27.260481834335884,3.757333333333333,-0.002666666666666817,188.18335288381252,True,0.9543167815840832,1.0515608856718472,0.09647136249538898,,-1.0621836715541484,True,-1.4000000000000004,-1.6558578873282266
3.77,3.727333333333333,3.812666666666667,False,189.23491376948436,True,0.615949885458068,-1.4000000000000004,0.04005370370070854,-27.947146384398607,3.767333333333333,-0.002666666666666817,185.65333837003098,True,0.9395870028133311,3.581575399453385,0.33080438793125067,,-1.2965166969900102,True,-1.4000000000000004,-1.8901909127640888
3.78,3.7373333333333334,3.8226666666666667,False,188.14500086724917,True,0.5485250542599845,-1.4999999999999982,0.03605921833844398,-28.859673835677697,3.777333333333333,-0.002666666666666817,183.1769555313666,True,0.9010671531664507,4.968045335882579,0.463283269602801,,-1.5289955786615568,True,-1.4999999999999982,-2.122669794435636
3.79,3.747333333333333,3.832666666666667,False,185.98397121658357,True,0.5485250542599845,-1.7000000000000033,0.03165578386780586,-29.990938558188887,3.787333333333333,-0.002666666666666817,180.99467484610994,True,0.9017753821647408,4.989296370473625,0.4707724606993322,,-1.7364847697580943,True,-1.7000000000000033,-2.3301589855321727
3.8,3.7573333333333334,3.8426666666666667,False,183.84776310850236,True,0.48498680771591135,-1.9000000000000006,0.028783714614741947,-30.817063198548308,3.797333333333333,-0.002666666666666817,183.15158781454954,True,0.9136132484310496,0.6961752939528196,0.06568097821539255,pyin_probability_below_0.5,-1.5313932872741507,False,-1.9000000000000006,-2.125067503048229
3.81,3.767333333333333,3.8526666666666665,False,183.84776310850236,True,0.32333605839064083,-1.9000000000000006,0.026387604611603117,-31.57200063908457,3.8073333333333332,-0.002666666666666817,184.93245864630072,True,0.9262330868769617,1.0846955377983534,-0.10184208113460319,pyin_probability_below_0.5,-1.3638702279241561,False,-1.9000000000000006,-1.9575444436982337
3.82,3.7773333333333334,3.8626666666666667,False,183.84776310850236,True,0.2407543944755743,-1.9000000000000006,0.027040243929763026,-31.359787898933313,3.817333333333333,-0.002666666666666817,184.1414861667335,True,0.9527333869067932,0.2937230582311372,-0.027636865391911417,pyin_probability_below_0.5,-1.4380754436668475,False,-1.9000000000000006,-2.0317496594409254
3.83,3.787333333333333,3.8726666666666665,False,185.98397121658357,True,0.3721358982975087,-1.7000000000000033,0.030681494395787105,-30.262469822728193,3.8273333333333333,-0.002666666666666817,181.67047604543282,True,0.9630639861459531,4.313495171150748,0.4062517093679689,pyin_probability_below_0.5,-1.6719640184267328,False,-1.7000000000000033,-2.265638234200811
3.84,3.7973333333333334,3.8826666666666667,False,187.0613654014066,True,0.5485250542599845,-1.6000000000000023,0.03317503507765717,-29.583772185231414,3.837333333333333,-0.002666666666666817,182.8662447842419,True,0.9719908532646125,4.19512061716469,0.39267396193432524,,-1.5583862709930854,True,-1.6000000000000023,-2.152060486767163
3.85,3.8073333333333332,3.8926666666666665,False,185.98397121658357,True,0.6860828109301792,-1.7000000000000033,0.036235102989501194,-28.817409999342097,3.8473333333333333,-0.002666666666666817,185.10250105460904,True,0.9813600325514491,0.8814701619745335,0.08224681533030741,,-1.3479591243890692,True,-1.7000000000000033,-1.941633340163146
3.86,3.8173333333333335,3.9026666666666667,False,185.98397121658357,True,0.8266685594724995,-1.7000000000000033,0.038865217363053664,-28.20877798111209,3.857333333333333,-0.002666666666666817,186.44381708314498,True,0.9826342369462265,0.4598458665614089,-0.04275197775722323,,-1.2229603313015376,True,-1.7000000000000033,-1.816634547075616
3.87,3.8273333333333333,3.9126666666666665,False,185.98397121658357,True,0.8911444948731203,-1.7000000000000033,0.04068628015499056,-27.81104029583664,3.867333333333333,-0.002666666666667261,186.97818060817482,True,0.9882918164280041,0.9942093915912551,-0.09229961910081008,,-1.1734126899579516,True,-1.7000000000000033,-1.7670869057320298
3.88,3.8373333333333335,3.9226666666666667,False,185.98397121658357,True,0.9459302094659091,-1.7000000000000033,0.04121824044853064,-27.698211032215255,3.877333333333333,-0.002666666666666817,187.0574591979981,True,0.9970861673841487,1.0734879814145302,-0.09963848104404514,,-1.1660738280147163,True,-1.7000000000000033,-1.7597480437887945
3.89,3.8473333333333333,3.9326666666666665,False,185.98397121658357,True,0.9459302094659092,-1.7000000000000033,0.04071364953341855,-27.80519932250026,3.887333333333333,-0.002666666666667261,186.81927935177342,True,0.9959511476348613,0.8353081351898481,-0.0775806703887526,,-1.18813163867001,True,-1.7000000000000033,-1.7818058544440882
3.9,3.8573333333333335,3.9426666666666668,False,185.98397121658357,True,0.9459302094659092,-1.7000000000000033,0.03989280529912156,-27.98210845249929,3.897333333333333,-0.002666666666666817,186.44717364390704,True,0.993770597049059,0.4632024273234663,-0.04306365019896666,,-1.2226486588597945,True,-1.7000000000000033,-1.8163228746338735
3.91,3.8673333333333333,3.9526666666666666,False,185.98397121658357,True,0.9459302094659091,-1.7000000000000033,0.037168426542222945,-28.596516471652308,3.907333333333333,-0.002666666666667261,185.53783268605537,True,0.9894382505729242,0.4461385305282022,0.041578748692290696,,-1.3072910577510548,True,-1.7000000000000033,-1.9009652735251321
3.92,3.8773333333333335,3.962666666666667,False,185.98397121658357,True,0.9459302094659092,-1.7000000000000033,0.034346363058200255,-29.282384873619115,3.917333333333333,-0.002666666666666817,183.78991441952638,True,0.9872085201971975,2.1940567970571863,0.20544827840002794,,-1.4711605874587885,True,-1.7000000000000033,-2.064834803232867
3.93,3.8873333333333333,3.9726666666666666,False,184.9127823656466,True,0.9459302094659092,-1.800000000000001,0.030646653364261325,-30.27233887628091,3.927333333333333,-0.002666666666667261,182.80292944990254,True,0.9979162365447275,2.1098529157440566,0.19866919869232397,,-1.5643815077510852,True,-1.800000000000001,-2.158055723525162
3.94,3.8973333333333335,3.982666666666667,False,183.84776310850236,True,0.8911444948731202,-1.9000000000000006,0.026831259618190828,-31.4271787699018,3.937333333333333,-0.002666666666666817,183.10517384871636,True,0.9793194040529047,0.7425892597860013,0.07006879828281301,,-1.5357811073415737,True,-1.9000000000000006,-2.1294553231156508
3.95,3.9073333333333333,3.9926666666666666,False,182.78887791090543,True,0.8266685594724995,-2.0000000000000004,0.02328780172515686,-32.65743010366664,3.947333333333333,-0.002666666666667261,183.23589928508272,True,0.9530824086784891,0.4470213741772966,-0.04228670060714714,,-1.5234256084516118,True,-2.0000000000000004,-2.1170998242256904
3.96,3.917333333333333,4.002666666666666,False,182.78887791090543,True,0.8266685594724996,-2.0000000000000004,0.020106199122877023,-33.93340041399781,3.957333333333333,-0.002666666666666817,183.46631656955827,True,0.9429987201144838,0.6774386586528465,-0.0640431167742594,,-1.5016691922845011,True,-2.0000000000000004,-2.095343408058578
3.97,3.9273333333333333,4.012666666666667,False,182.78887791090543,True,0.8266685594724995,-2.0000000000000004,0.01827612279130612,-34.762318654472054,3.967333333333333,-0.002666666666667261,182.6467558694502,True,0.9661091705691687,0.14212204145522378,0.01346592980820742,,-1.579178238866966,True,-2.0000000000000004,-2.1728524546410437
3.98,3.937333333333333,4.022666666666667,False,182.78887791090543,True,0.6159498854580681,-2.0000000000000004,0.016867675411589476,-35.45889529603167,3.977333333333333,-0.002666666666666817,179.57774668344481,True,0.9599173412720017,3.211131227460612,0.3068364944815215,,-1.8725488035402813,True,-2.0000000000000004,-2.4662230193143584
3.99,3.9473333333333334,4.032666666666667,False,184.9127823656466,True,0.20650679911775227,-1.800000000000001,0.01711291725706314,-35.33351899018368,3.987333333333333,-0.002666666666667261,176.51270775385845,True,0.9491432007713698,8.400074611788142,0.8048748575849244,pyin_probability_below_0.5,-2.1705871666436822,False,-1.800000000000001,-2.7642613824177618
4.0,3.957333333333333,4.042666666666666,False,187.0613654014066,True,0.17653060863289757,-1.6000000000000023,0.01997839369944226,-33.98878865604681,3.997333333333333,-0.002666666666666817,178.18107847398926,True,0.9581430575039613,8.88028692741733,0.8420097829296918,pyin_probability_below_0.5,-2.0077220919884526,False,-1.6000000000000023,-2.6013963077625317
4.01,3.9673333333333334,4.052666666666667,False,188.14500086724917,True,0.2407543944755743,-1.4999999999999982,0.02479954623780533,-32.11112530945964,4.007333333333333,-0.002666666666666373,180.90481128017956,True,0.9480342105489309,7.240189587069608,0.6793701445464158,pyin_probability_below_0.5,-1.7450824536051746,False,-1.4999999999999982,-2.338756669379252
4.02,3.977333333333333,4.062666666666667,False,188.14500086724917,True,0.4849868077159113,-1.4999999999999982,0.029087130710656335,-30.725982349199942,4.017333333333333,-0.002666666666666373,186.53106337345048,True,0.9296465571250225,1.6139374937986872,0.14914861613791183,pyin_probability_below_0.5,-1.2148609251966704,False,-1.4999999999999982,-1.8085351409707489
4.03,3.9873333333333334,4.072666666666667,False,187.0613654014066,True,0.6860828109301792,-1.6000000000000023,0.032035617085706576,-29.887338119981468,4.027333333333333,-0.002666666666667261,188.27914858328282,True,0.9575090728261355,1.2177831818762286,-0.11233933071365192,,-1.0533729783451085,True,-1.6000000000000023,-1.647047194119188
4.04,3.997333333333333,4.082666666666666,False,187.0613654014066,True,0.6860828109301792,-1.6000000000000023,0.034165474118883564,-29.328250962729765,4.037333333333333,-0.002666666666667261,188.2252009571147,True,0.9845748372299918,1.1638355557081184,-0.10737811483172467,,-1.0583341942270361,True,-1.6000000000000023,-1.6520084100011139
4.05,4.007333333333333,4.092666666666666,False,187.0613654014066,True,0.6860828109301792,-1.6000000000000023,0.036823637120256505,-28.6774663572451,4.0473333333333334,-0.002666666666666373,188.05570398296072,True,0.9870533111664971,0.9943385815541319,-0.09178131207805121,,-1.0739309969807105,True,-1.6000000000000023,-1.6676052127547893
4.06,4.017333333333333,4.102666666666667,False,185.98397121658357,True,0.6860828109301792,-1.7000000000000033,0.03962603945066161,-28.04038664853586,4.057333333333333,-0.002666666666666373,187.20668564758284,True,0.9870885259501421,1.2227144309992752,-0.11344402067645809,,-1.152268288382304,True,-1.7000000000000033,-1.7459425041563805
4.07,4.027333333333333,4.112666666666667,False,185.98397121658357,True,0.7571601330199093,-1.7000000000000033,0.04268227703225623,-27.395048394058506,4.067333333333333,-0.002666666666667261,185.8649985085112,True,0.991065764913456,0.11897270807236282,0.01107813262492237,,-1.276790441683682,True,-1.7000000000000033,-1.8704646574577612
4.08,4.037333333333334,4.1226666666666665,False,184.9127823656466,True,0.7571601330199094,-1.800000000000001,0.0441082124770811,-27.10961084038292,4.077333333333333,-0.002666666666667261,184.51301406099157,True,0.9829250794583115,0.39976830465502644,0.0374685675771012,,-1.4031808766358598,True,-1.800000000000001,-1.9968550924099386
4.09,4.0473333333333334,4.132666666666666,False,183.84776310850236,True,0.8266685594724996,-1.9000000000000006,0.04375563902563235,-27.17931938316439,4.0873333333333335,-0.002666666666666373,183.5863997854437,True,0.9863301486676944,0.26136332305867427,0.024629237347315012,,-1.490341546406074,True,-1.9000000000000006,-2.0840157621801514
4.1,4.057333333333333,4.142666666666667,False,182.78887791090543,True,0.7571601330199094,-2.0000000000000004,0.04284440297581164,-27.362118091144907,4.097333333333333,-0.002666666666666373,183.46889064219243,True,0.9914533913261058,0.6800127312870075,-0.06428601100198669,,-1.5014262980567727,True,-2.0000000000000004,-2.0951005138308507
4.11,4.067333333333333,4.152666666666667,False,181.73609144327253,True,0.7571601330199094,-2.0999999999999996,0.04225327103190823,-27.482793291152518,4.107333333333333,-0.002666666666667261,182.42310772926686,True,0.9854156073466526,0.6870162859943321,-0.06532238649288545,,-1.600389922565876,True,-2.0999999999999996,-2.194064138339953
4.12,4.077333333333334,4.1626666666666665,False,180.68936857950385,True,0.7571601330199091,-2.1999999999999975,0.042167674051133024,-27.500407076035295,4.117333333333333,-0.002666666666667261,180.7342277402054,True,0.9802648569417919,0.04485916070154872,-0.004297544909003142,,-1.761414764149752,True,-2.1999999999999975,-2.3550889799238304
4.13,4.0873333333333335,4.172666666666666,False,180.68936857950385,True,0.8266685594724994,-2.1999999999999975,0.040645786877490056,-27.819689287097958,4.127333333333333,-0.002666666666667261,178.6649619149686,True,0.9816132918828386,2.024406664535263,0.1950586663452576,,-1.9607709754040132,True,-2.1999999999999975,-2.5544451911780914
4.14,4.097333333333333,4.182666666666667,False,178.6139741695516,True,0.7571601330199091,-2.4000000000000004,0.038540312209185426,-28.281695430260392,4.137333333333333,-0.002666666666666373,175.75303208727456,True,0.9826276550060246,2.8609420822770346,0.2795445327939807,,-2.245256841852738,True,-2.4000000000000004,-2.838931057626816
4.15,4.107333333333333,4.192666666666667,False,176.56241769755178,True,0.7571601330199091,-2.6000000000000005,0.035189936946622195,-29.071630226671317,4.147333333333333,-0.002666666666667261,173.8092613980461,True,0.9818667741821587,2.75315629950569,0.27207998340936873,,-2.437792292468129,True,-2.6000000000000005,-3.0314665082422074
4.16,4.117333333333334,4.2026666666666666,False,174.53442536143424,True,0.7571601330199091,-2.8,0.031084509143390105,-30.149119724031493,4.157333333333333,-0.002666666666667261,172.24454260739606,True,0.9655666054423101,2.2898827540381888,0.2286401990463587,,-2.594352508105119,True,-2.8,-3.1880267238791955
4.17,4.1273333333333335,4.212666666666666,False,172.52972650401387,True,0.8266685594724994,-2.9999999999999987,0.02778266559052655,-31.124521769721948,4.167333333333333,-0.002666666666667261,170.59866081434208,True,0.9531263154334684,1.931065689671783,0.19486361910635946,,-2.760575928165117,True,-2.9999999999999987,-3.354250143939195
4.18,4.137333333333333,4.222666666666667,False,171.53602840047625,True,0.7571601330199093,-3.100000000000001,0.024478317080068455,-32.22436887755878,4.177333333333333,-0.002666666666666373,169.00741679815732,True,0.9499324977894551,2.5286116023189322,0.25710076167961926,,-2.922813070738381,True,-3.100000000000001,-3.516487286512459
4.19,4.147333333333333,4.232666666666667,False,170.54805357686834,True,0.6860828109301791,-3.2000000000000006,0.020542619271584954,-33.74688365618419,4.187333333333333,-0.002666666666667261,167.19199347470078,True,0.9090529570933561,3.356060102167561,0.3440703471663823,,-3.109782656225142,True,-3.2000000000000006,-3.7034568719992205
4.2,4.157333333333334,4.242666666666667,False,168.58914210463126,True,0.4849868077159114,-3.3999999999999986,0.014898700068362598,-36.53703245425824,4.197333333333333,-0.002666666666667261,163.69889650105608,True,0.8361058260269951,4.890245603575181,0.5096043198890801,pyin_probability_below_0.5,-3.47531662894784,False,-3.3999999999999986,-4.0689908447219185
4.21,4.167333333333334,4.252666666666666,False,167.61814009714527,True,0.42606232904328145,-3.5000000000000027,0.01155706541305247,-38.74304857213774,4.207333333333333,-0.002666666666667261,164.48584913395376,True,0.7702210871458659,3.132290963191508,0.32657780373163314,pyin_probability_below_0.5,-3.3922901127903957,False,-3.5000000000000027,-3.9859643285644752
4.22,4.177333333333333,4.262666666666667,False,166.65273064969477,True,0.27960516533635893,-3.5999999999999988,0.008584570594381431,-41.32562847285617,4.217333333333333,-0.002666666666666373,170.6025654620092,True,0.7895238894316783,3.9498348123144353,-0.4055326197386788,pyin_probability_below_0.5,-2.760179689320081,False,-3.5999999999999988,-3.3538539050941574
4.23,4.187333333333333,4.272666666666667,False,163.7897364863335,True,0.07797523762294818,-3.900000000000001,0.005714902710698053,-44.859823170873995,4.227333333333333,-0.002666666666667261,,False,0.0,,,pyin_probability_below_0.5|voicing_disagreement,,False,-3.900000000000001,
4.24,4.197333333333333,4.282666666666667,False,169.56576906952336,True,0.0229442191246386,-3.3000000000000007,0.004265270638125649,-47.40106813909427,4.237333333333333,-0.002666666666667261,,False,0.0,,,pyin_probability_below_0.5|voicing_disagreement,,False,-3.3000000000000007,
4.25,4.207333333333334,4.292666666666666,False,170.54805357686834,True,0.09203757081218102,-3.2000000000000006,0.003223694522937747,-49.83292237262457,4.247333333333333,-0.002666666666667261,,False,0.0,,,pyin_probability_below_0.5|voicing_disagreement,,False,-3.2000000000000006,
4.26,4.217333333333333,4.302666666666667,False,179.64867439581087,True,0.0100028158258111,-2.3000000000000016,0.002291717580571394,-52.796778072283956,4.257333333333333,-0.002666666666666373,,False,0.0,,,pyin_probability_below_0.5|voicing_disagreement,,False,-2.3000000000000016,
4.27,4.227333333333333,4.312666666666667,False,178.6139741695516,True,0.01000012784523254,-2.4000000000000004,0.0018929838824547664,-54.45706167519586,4.267333333333333,-0.002666666666666373,,False,0.0,,,pyin_probability_below_0.5|voicing_disagreement,,False,-2.4000000000000004,
4.28,4.237333333333333,4.322666666666667,False,190.3311404729313,True,0.010000000009505966,-1.3000000000000005,0.001641785443717512,-55.69367198328307,4.277333333333333,-0.002666666666667261,,False,0.0,,,pyin_probability_below_0.5|voicing_disagreement,,False,-1.3000000000000005,
4.29,4.247333333333334,4.332666666666666,False,191.43371755306833,True,0.010000000021701592,-1.2000000000000002,0.0018160862600353413,-54.81727054617029,4.287333333333333,-0.002666666666667261,,False,0.0,,,pyin_probability_below_0.5|voicing_disagreement,,False,-1.2000000000000002,
4.3,4.257333333333333,4.342666666666666,False,,False,0.01001876450976914,,0.008779179348991218,-41.130921574502,4.2973333333333334,-0.002666666666666373,,False,0.0,,,,,False,,
4.31,4.267333333333333,4.352666666666667,False,187.0613654014066,True,0.01010197459374499,-1.6000000000000023,0.014389075986667143,-36.83934187912223,4.307333333333333,-0.002666666666666373,,False,0.0,,,pyin_probability_below_0.5|voicing_disagreement,,False,-1.6000000000000023,
4.32,4.277333333333333,4.362666666666667,False,185.98397121658357,True,0.030106861794195007,-1.7000000000000033,0.019819888169758892,-34.05797600548474,4.317333333333333,-0.002666666666667261,,False,0.0,,,pyin_probability_below_0.5|voicing_disagreement,,False,-1.7000000000000033,
4.33,4.287333333333334,4.3726666666666665,False,184.9127823656466,True,0.10857977072874499,-1.800000000000001,0.024224374806680344,-32.31494845191137,4.327333333333333,-0.002666666666667261,,False,0.0,,,pyin_probability_below_0.5|voicing_disagreement,,False,-1.800000000000001,
4.34,4.2973333333333334,4.382666666666666,False,184.9127823656466,True,0.2065067991177523,-1.800000000000001,0.027389176843486393,-31.248420397420663,4.3373333333333335,-0.002666666666666373,187.87619219541864,True,0.5555438621030866,2.963409829772047,-0.2752476289518348,pyin_probability_below_0.5,-1.090464680106926,False,-1.800000000000001,-1.6841388958810026
4.35,4.307333333333333,4.392666666666667,False,184.9127823656466,True,0.2407543944755743,-1.800000000000001,0.03082957210422886,-30.220650059515798,4.347333333333333,-0.002666666666666373,185.40269872200562,True,0.8951267987433261,0.4899163563590321,-0.04580744880897472,pyin_probability_below_0.5,-1.3199048602497854,False,-1.800000000000001,-1.913579076023864
4.36,4.317333333333333,4.402666666666667,False,184.9127823656466,True,0.3721358982975087,-1.800000000000001,0.03418768942153145,-29.32260500096661,4.357333333333333,-0.002666666666667261,184.78746786015137,True,0.9727263871431974,0.1253145054952256,0.011736467418219276,pyin_probability_below_0.5,-1.3774487764769772,False,-1.800000000000001,-1.9711229922510571
4.37,4.327333333333334,4.4126666666666665,False,184.9127823656466,True,0.48498680771591135,-1.800000000000001,0.03734143828100011,-28.55617916669327,4.367333333333333,-0.002666666666667261,184.62865899137626,True,0.9790379173528494,0.2841233742703366,0.02662132586753088,pyin_probability_below_0.5,-1.3923336349262887,False,-1.800000000000001,-1.9860078507003673
4.38,4.3373333333333335,4.422666666666666,False,183.84776310850236,True,0.6860828109301793,-1.9000000000000006,0.039919736703625065,-27.976246636540942,4.3773333333333335,-0.002666666666666373,184.1341202753767,True,0.9823796845120552,0.2863571668743248,-0.026944336117787446,,-1.4387679729409715,True,-1.9000000000000006,-2.0324421887150503
4.39,4.347333333333333,4.432666666666667,False,183.84776310850236,True,0.7571601330199094,-1.9000000000000006,0.04091442001415919,-27.762472016452318,4.387333333333333,-0.002666666666666373,183.66329831318845,True,0.9826033583346956,0.18446479531391446,0.01737916459355859,,-1.4830914736523186,True,-1.9000000000000006,-2.076765689426396
4.4,4.357333333333333,4.442666666666667,False,183.84776310850236,True,0.7571601330199094,-1.9000000000000006,0.04109720332752309,-27.723754618804485,4.397333333333333,-0.002666666666667261,183.58811336160994,True,0.9828768979087036,0.25964974689242126,0.024467646534310293,,-1.4901799555930688,True,-1.9000000000000006,-2.0838541713671477
4.41,4.367333333333334,4.4526666666666666,False,183.84776310850236,True,0.8266685594724996,-1.9000000000000006,0.04013589174844734,-27.929341666512308,4.407333333333333,-0.002666666666667261,182.6005944276691,True,0.9660018437861873,1.247168680833255,0.11784193747128321,,-1.5835542465300434,True,-1.9000000000000006,-2.1772284623041207
4.42,4.3773333333333335,4.462666666666666,False,183.84776310850236,True,0.8911444948731203,-1.9000000000000006,0.03900166401510021,-28.178337266055088,4.417333333333333,-0.002666666666667261,182.72300419904818,True,0.963630709991329,1.1247589094541866,0.10624017000389256,,-1.571952479062651,True,-1.9000000000000006,-2.1656266948367295
4.43,4.387333333333333,4.472666666666667,False,183.84776310850236,True,0.8911444948731203,-1.9000000000000006,0.03746819801928539,-28.52674386382425,4.427333333333333,-0.002666666666666373,185.09554652534706,True,0.9850249336573506,1.2477834168446975,-0.1171027264658365,,-1.3486095825929239,True,-1.9000000000000006,-1.942283798367002
4.44,4.397333333333333,4.482666666666667,False,182.78887791090543,True,0.8911444948731203,-2.0000000000000004,0.034848776699079646,-29.156249247826736,4.437333333333333,-0.002666666666667261,184.59828320583995,True,0.9864583579474945,1.8094052949345212,-0.17053014991626364,,-1.3951821591424953,True,-2.0000000000000004,-1.9888563749165753
4.45,4.407333333333334,4.492666666666667,False,182.78887791090543,True,0.8911444948731202,-2.0000000000000004,0.03164092169225489,-29.995017481976383,4.447333333333333,-0.002666666666667261,182.81358985004047,True,0.980550928306347,0.024711939135045213,-0.0023403644278562207,,-1.5633719446309038,True,-2.0000000000000004,-2.1570461604049815
4.46,4.417333333333334,4.502666666666666,False,183.84776310850236,True,0.8911444948731202,-1.9000000000000006,0.02845538771766902,-30.916709851088854,4.457333333333333,-0.002666666666667261,179.5914933813749,True,0.9751934939512862,4.25626972712746,0.40551128347369053,,-1.8712235925324494,True,-1.9000000000000006,-2.4648978083065267
4.47,4.427333333333333,4.512666666666667,False,182.78887791090543,True,0.8911444948731202,-2.0000000000000004,0.025085722477728632,-32.011467732411674,4.467333333333333,-0.002666666666666373,176.0433115216222,True,0.9699638991506593,6.745566389283226,0.6509744942664244,,-2.2166868033251848,False,-2.0000000000000004,-2.810361019099262
4.48,4.437333333333333,4.522666666666667,False,180.68936857950385,True,0.6860828109301793,-2.1999999999999975,0.02084129996717369,-33.621503911900874,4.477333333333333,-0.002666666666667261,178.398093844438,True,0.9555657637425786,2.291274735065855,0.22093707459198383,,-1.98664938365074,True,-2.1999999999999975,-2.580323599424818
4.49,4.447333333333333,4.532666666666667,False,176.56241769755178,True,0.42606232904328145,-2.6000000000000005,0.017362033350542518,-35.20798827765145,4.487333333333333,-0.002666666666667261,179.85513346992738,True,0.9290283334071109,3.292715772375601,-0.3198845748124616,pyin_probability_below_0.5,-1.8458277342462983,False,-2.6000000000000005,-2.4395019500203765
4.5,4.457333333333334,4.542666666666666,False,181.73609144327253,True,0.10857977072874496,-2.0999999999999996,0.014704351330014567,-36.65108258534013,4.497333333333333,-0.002666666666667261,180.45643376006984,True,0.8531996788463895,1.2796576832026858,0.12233251744451076,pyin_probability_below_0.5,-1.7880448265032718,False,-2.0999999999999996,-2.3817190422773487
4.51,4.467333333333333,4.552666666666667,False,181.73609144327253,True,0.047686993082531035,-2.0999999999999996,0.01257302629060646,-38.01120352643344,4.507333333333333,-0.002666666666666373,178.8431573117949,True,0.6947088026390119,2.892934131477631,0.277800430946986,pyin_probability_below_0.5,-1.9435127400057448,False,-2.0999999999999996,-2.5371869557798226
4.52,4.477333333333333,4.562666666666667,False,191.43371755306833,True,0.013100262550513395,-1.2000000000000002,0.010959390287705593,-39.204272132453866,4.517333333333333,-0.002666666666666373,177.22965689408085,True,0.5511254369543912,14.204060658987487,1.3346990128704637,pyin_probability_below_0.5|pitch_difference_over_1_semitone,-2.1004113219292218,False,-1.2000000000000002,-2.6940855377033013
4.53,4.487333333333333,4.572666666666667,False,211.18562305262122,True,0.010004191052795272,0.49999999999999706,0.012763921578794652,-37.88031745528877,4.527333333333333,-0.002666666666667261,,False,0.0,,,pyin_probability_below_0.5|voicing_disagreement,,False,0.49999999999999706,
4.54,4.497333333333334,4.582666666666666,False,212.40900892134297,True,0.016467587593113005,0.5999999999999976,0.016703479261625256,-35.54386115579784,4.537333333333333,-0.002666666666667261,,False,0.0,,,pyin_probability_below_0.5|voicing_disagreement,,False,0.5999999999999976,
4.55,4.507333333333333,4.592666666666666,False,212.40900892134297,True,0.06608151270920702,0.5999999999999976,0.020124275608474844,-33.92559487003834,4.5473333333333334,-0.002666666666666373,,False,0.0,,,pyin_probability_below_0.5|voicing_disagreement,,False,0.5999999999999976,
4.56,4.517333333333333,4.602666666666667,False,212.40900892134297,True,0.20650679911775227,0.5999999999999976,0.023285841621546996,-32.65816121433015,4.557333333333333,-0.002666666666666373,215.81671870520265,True,0.708918520665487,3.407709783859673,-0.2755400884201528,pyin_probability_below_0.5,1.309827779361394,False,0.5999999999999976,0.7161535635873155
4.57,4.527333333333333,4.612666666666667,False,211.18562305262122,True,0.42606232904328145,0.49999999999999706,0.02605041080316069,-31.68370847366986,4.567333333333333,-0.002666666666667261,213.304292000785,True,0.8894557785708205,2.118668948163787,-0.1728164627370557,pyin_probability_below_0.5,1.1071041536782942,False,0.49999999999999706,0.5134299379042147
4.58,4.537333333333334,4.6226666666666665,False,211.18562305262122,True,0.6159498854580681,0.49999999999999706,0.028037616571061037,-31.04517815507149,4.577333333333333,-0.002666666666667261,211.94983882766414,True,0.9700022691832012,0.7642157750429135,-0.06253495290882174,,0.9968226438500598,True,0.49999999999999706,0.40314842807598295
4.59,4.5473333333333334,4.632666666666666,False,211.18562305262122,True,0.6860828109301793,0.49999999999999706,0.03016166270147809,-30.410894421712907,4.5873333333333335,-0.002666666666666373,210.87174114678183,True,0.9909504240433139,0.3138819058393949,0.025750203126444007,,0.908537487814794,True,0.49999999999999706,0.3148632720407151
4.6,4.557333333333333,4.642666666666667,False,212.40900892134297,True,0.7571601330199093,0.5999999999999976,0.031872733035020216,-29.93161389768098,4.597333333333333,-0.002666666666666373,210.6953418423275,True,0.9928061882542027,1.7136670790154653,0.14023845480686947,,0.8940492361343666,True,0.5999999999999976,0.30037502036028924
4.61,4.567333333333333,4.652666666666667,False,212.40900892134297,True,0.8911444948731204,0.5999999999999976,0.03256165781735529,-29.745869838186927,4.607333333333333,-0.002666666666667261,211.39522463620986,True,0.9877417751741361,1.013784285133113,0.08282603530239516,,0.9514616556388464,True,0.5999999999999976,0.3577874398647676
4.62,4.577333333333334,4.6626666666666665,False,211.18562305262122,True,0.9459302094659092,0.49999999999999706,0.03162231276254349,-30.000127404534425,4.617333333333333,-0.002666666666667261,212.09696892932112,True,0.9843291648075982,0.9113458766998974,-0.07454856306662305,,1.0088362540078624,True,0.49999999999999706,0.4151620382337836
4.63,4.5873333333333335,4.672666666666666,False,212.40900892134297,True,0.9459302094659092,0.5999999999999976,0.030495298590168023,-30.315342199116277,4.6273333333333335,-0.002666666666666373,212.78071966617375,True,0.9794799822458723,0.3717107448307786,-0.03026970872192292,,1.064557399663162,True,0.5999999999999976,0.4708831838890818
4.64,4.597333333333333,4.682666666666667,False,212.40900892134297,True,0.9459302094659092,0.5999999999999976,0.02877333916427907,-30.82019470069183,4.637333333333333,-0.002666666666666373,213.84594026165357,True,0.9818332469559049,1.4369313403105934,-0.11672234612943674,,1.1510100370706755,True,0.5999999999999976,0.5573358212965995
4.65,4.607333333333333,4.692666666666667,False,212.40900892134297,True,0.9459302094659091,0.5999999999999976,0.026176369110169843,-31.641811880514837,4.647333333333333,-0.002666666666667261,213.3772911220842,True,0.9822846955494229,0.9682822007412142,-0.07874025090026396,,1.1130279418415043,True,0.5999999999999976,0.519353726067425
4.66,4.617333333333334,4.7026666666666666,False,212.40900892134297,True,0.9459302094659092,0.5999999999999976,0.023680596219715078,-32.51214734669134,4.657333333333333,-0.002666666666667261,211.5219549950287,True,0.9849401994785334,0.8870539263142803,0.07245048522443887,,0.9618372057168014,True,0.5999999999999976,0.3681629899427218
4.67,4.6273333333333335,4.712666666666666,False,212.40900892134297,True,0.9459302094659092,0.5999999999999976,0.02088601293461359,-33.602889147507426,4.667333333333333,-0.002666666666667261,209.27736091132428,True,0.9798749426777127,3.1316480100186936,0.25714444326617275,,0.7771432476750668,True,0.5999999999999976,0.18346903190098984
4.68,4.637333333333333,4.722666666666667,False,211.18562305262122,True,0.9459302094659092,0.49999999999999706,0.01750280085696825,-35.13784896982294,4.677333333333333,-0.002666666666666373,206.35140273045818,True,0.9704246975752463,4.834220322163048,0.40090053310568785,,0.5333871578355538,True,0.49999999999999706,-0.060287057938525
4.69,4.647333333333333,4.732666666666667,False,209.96928336801093,True,0.8911444948731204,0.4000000000000011,0.014586645186123973,-36.72089161886569,4.687333333333333,-0.002666666666667261,204.75456785214485,True,0.9390481161552792,5.214715515866089,0.43539183281765936,,0.398895858123583,True,0.4000000000000011,-0.19477835765049484
4.7,4.657333333333334,4.742666666666667,False,208.75994928447787,True,0.8911444948731204,0.2999999999999983,0.011948661123090249,-38.45361511512027,4.697333333333333,-0.002666666666667261,207.33830038973682,True,0.9350277273978762,1.421648894741054,0.11829977901490821,,0.6159879119263328,True,0.2999999999999983,0.02231369615225334
4.71,4.667333333333334,4.752666666666666,False,206.36213675586595,True,0.8266685594724996,0.10000000000000017,0.009182937556996678,-40.74036737658933,4.707333333333333,-0.002666666666667261,215.55296043417866,True,0.9394857364935854,9.19082367831271,-0.7543690428642302,,1.2886567338054715,False,0.10000000000000017,0.6949825180313953
4.72,4.677333333333333,4.762666666666667,False,206.36213675586595,True,0.615949885458068,0.10000000000000017,0.00669124010045857,-43.48986772274195,4.717333333333333,-0.002666666666666373,,False,0.0,,,voicing_disagreement,,False,0.10000000000000017,
4.73,4.687333333333333,4.772666666666667,False,214.87708272009507,True,0.5485250542599845,0.8000000000000002,0.003994803034665053,-47.97009257764748,4.727333333333333,-0.002666666666667261,,False,0.0,,,voicing_disagreement,,False,0.8000000000000002,
4.74,4.697333333333333,4.782666666666667,False,214.87708272009507,True,0.615949885458068,0.8000000000000002,0.002818403494739199,-50.999936626276494,4.737333333333333,-0.002666666666667261,,False,0.0,,,voicing_disagreement,,False,0.8000000000000002,
4.75,4.707333333333334,4.792666666666666,False,217.37383415501247,True,0.2796051653363588,1.0000000000000009,0.0016799278971139097,-55.4941871578345,4.747333333333333,-0.002666666666667261,,False,0.0,,,pyin_probability_below_0.5|voicing_disagreement,,False,1.0000000000000009,
4.76,4.717333333333333,4.802666666666667,False,217.37383415501247,True,0.012403124793551348,1.0000000000000009,0.0008850673130661961,-61.06047396273256,4.757333333333333,-0.002666666666666373,,False,0.0,,,pyin_probability_below_0.5|voicing_disagreement,,False,1.0000000000000009,
4.77,4.727333333333333,4.812666666666667,False,217.37383415501247,True,0.010013068846238975,1.0000000000000009,0.0005645826458439357,-64.96544950678054,4.767333333333333,-0.002666666666666373,,False,0.0,,,pyin_probability_below_0.5|voicing_disagreement,,False,1.0000000000000009,
4.78,4.737333333333333,4.822666666666667,False,,False,2.2904960928854405e-09,,0.00045172035091635334,-66.90260686304356,4.777333333333333,-0.002666666666667261,,False,0.0,,,,,False,,
4.79,4.747333333333334,4.832666666666666,False,,False,0.010000002871100368,,0.0004084476987827328,-67.77727092873911,4.787333333333333,-0.002666666666667261,,False,0.0,,,,,False,,
4.8,4.757333333333333,4.842666666666666,False,,False,0.010000001546554295,,0.00039918077451202554,-67.97660767055918,4.7973333333333334,-0.002666666666666373,,False,0.0,,,,,False,,
4.81,4.767333333333333,4.852666666666667,False,,False,0.010000000021701592,,0.00042209516431182976,-67.49179246530882,4.807333333333333,-0.002666666666666373,,False,0.0,,,,,False,,
4.82,4.777333333333333,4.862666666666667,False,,False,0.010000000208892744,,0.0004406331407105372,-67.11845683973564,4.817333333333333,-0.002666666666667261,,False,0.0,,,,,False,,
4.83,4.787333333333334,4.8726666666666665,False,,False,0.010000000009505967,,0.0004035873763914902,-67.88124852606907,4.827333333333333,-0.002666666666667261,,False,0.0,,,,,False,,
4.84,4.7973333333333334,4.882666666666666,False,,False,0.010000000208892744,,0.00040361610782705586,-67.88063019851363,4.8373333333333335,-0.002666666666666373,,False,0.0,,,,,False,,
4.85,4.807333333333333,4.892666666666667,False,,False,0.010000005216229449,,0.00041822533331834584,-67.5717932808145,4.847333333333333,-0.002666666666666373,,False,0.0,,,,,False,,
4.86,4.817333333333333,4.902666666666667,False,,False,0.010000000003996623,,0.000401878967972677,-67.91809443363222,4.857333333333333,-0.002666666666667261,,False,0.0,,,,,False,,
4.87,4.827333333333334,4.9126666666666665,False,,False,0.010000000417925077,,0.0004169146825858472,-67.59905619899817,4.867333333333333,-0.002666666666667261,,False,0.0,,,,,False,,
4.88,4.8373333333333335,4.922666666666666,False,,False,0.010000001546554296,,0.00043450541602735337,-67.24009611566953,4.8773333333333335,-0.002666666666666373,,False,0.0,,,,,False,,
4.89,4.847333333333333,4.932666666666667,False,,False,0.010000002871100368,,0.0004226165526156827,-67.48106993891263,4.887333333333333,-0.002666666666666373,,False,0.0,,,,,False,,
4.9,4.857333333333333,4.942666666666667,False,,False,0.010000000417925077,,0.00040082807856098296,-67.94083726292756,4.897333333333333,-0.002666666666667261,,False,0.0,,,,,False,,
4.91,4.867333333333334,4.9526666666666666,False,,False,0.010000000009505967,,0.0003955972801744454,-68.05493405885261,4.907333333333333,-0.002666666666667261,,False,0.0,,,,,False,,
4.92,4.8773333333333335,4.962666666666666,False,,False,0.010000000003996623,,0.000400355556216317,-67.95108279774632,4.917333333333333,-0.002666666666667261,,False,0.0,,,,,False,,
4.93,4.887333333333333,4.972666666666667,False,,False,0.010000000000006923,,0.00038625193206125245,-68.26258670375941,4.927333333333333,-0.002666666666666373,,False,0.0,,,,,False,,
4.94,4.897333333333333,4.982666666666667,False,,False,0.010000000000023851,,0.0003915802885450564,-68.14358355860224,4.937333333333333,-0.002666666666667261,,False,0.0,,,,,False,,
4.95,4.907333333333334,4.992666666666667,False,,False,0.01000000000061386,,0.0003956481432055155,-68.0538173619035,4.947333333333333,-0.002666666666667261,,False,0.0,,,,,False,,
4.96,4.917333333333334,5.002666666666666,False,,False,0.010000000000000439,,0.0003721236693804077,-68.58625410538095,4.957333333333333,-0.002666666666667261,,False,0.0,,,,,False,,
4.97,4.927333333333333,5.012666666666667,False,,False,0.01,,0.00034764372147648025,-69.17731219326423,4.967333333333333,-0.002666666666666373,,False,0.0,,,,,False,,
4.98,4.937333333333333,5.022666666666667,False,,False,0.01000000000061386,,0.00036583946182553736,-68.73418901006615,4.977333333333333,-0.002666666666667261,,False,0.0,,,,,False,,
4.99,4.947333333333333,5.032666666666667,False,,False,0.010000000417925077,,0.0003685096774927644,-68.67102205153851,4.987333333333333,-0.002666666666667261,,False,0.0,,,,,False,,
5.0,4.957333333333334,5.034666666666666,True,,False,0.010000005216229449,,0.0003785611121660643,-68.43728002292858,4.997333333333333,-0.002666666666667261,,False,0.0,,,edge_window,,False,,
5.01,4.967333333333333,5.034666666666666,True,,False,0.01000000928748663,,0.00038005832138492867,-68.4029950828131,5.007333333333333,-0.002666666666666373,,False,0.0,,,edge_window,,False,,
5.02,4.977333333333333,5.034666666666666,True,,False,0.010000206339031342,,0.00038792580685749673,-68.22502655788297,,,,,,,,edge_window,,False,,
5.03,4.987333333333333,5.034666666666666,True,,False,0.010000000001606035,,0.00036076062793972247,-68.85561731625768,,,,,,,,edge_window,,False,,
