timestamp_s,window_start_s,window_end_s,edge_padded,f0_hz,voiced,voicing_probability,relative_pitch_semitones,rms_amplitude,rms_dbfs,praat_timestamp_s,praat_time_offset_s,praat_f0_hz,praat_voiced,praat_strength,absolute_difference_hz,signed_difference_semitones,flags,praat_relative_semitones,agreement_screen_pass,pyin_speaker_relative_st,praat_speaker_relative_st
0.0,0.0,0.042666666666666665,True,,False,0.010000009287486629,,0.00012157009872419321,-78.30346461244355,,,,,,,,edge_window,,False,,
0.01,0.0,0.05266666666666667,True,,False,0.010000000814014908,,0.0001222602959321282,-78.2542911466266,,,,,,,,edge_window,,False,,
0.02,0.0,0.06266666666666666,True,,False,0.010000005216229449,,0.00011720762435103596,-78.62088273122485,0.02400000000000013,0.0040000000000001285,,False,0.0,,,edge_window,,False,,
0.03,0.0,0.07266666666666667,True,,False,0.010000000047726023,,0.00011961216176402746,-78.44449320988176,0.03400000000000013,0.0040000000000001285,,False,0.0,,,edge_window,,False,,
0.04,0.0,0.08266666666666667,True,,False,0.010000000101429396,,0.00011706472061282774,-78.63147934050954,0.04400000000000013,0.0040000000000001285,,False,0.0,,,edge_window,,False,,
0.05,0.007333333333333333,0.09266666666666666,False,,False,0.010000000000000437,,0.0001227603349404928,-78.21883870610614,0.05400000000000013,0.0040000000000001285,,False,0.0,,,,,False,,
0.06,0.017333333333333333,0.10266666666666667,False,,False,0.010000000001606035,,0.00012530115587268387,-78.04089845452833,0.06400000000000013,0.0040000000000001285,,False,0.0,,,,,False,,
0.07,0.027333333333333334,0.11266666666666666,False,,False,0.0100000000000754,,0.00013528820625669427,-77.37480122708456,0.07400000000000014,0.0040000000000001285,,False,0.0,,,,,False,,
0.08,0.037333333333333336,0.12266666666666666,False,,False,0.01,,0.0001750797741246214,-75.13528044708363,0.08400000000000013,0.0040000000000001285,,False,0.0,,,,,False,,
0.09,0.04733333333333333,0.13266666666666665,False,,False,0.01,,0.00021584875512201083,-73.31700903468291,0.09400000000000014,0.004000000000000142,,False,0.0,,,,,False,,
0.1,0.05733333333333333,0.14266666666666666,False,,False,0.010000000021701592,,0.00023675192997996708,-72.51412943963139,0.10400000000000013,0.0040000000000001285,,False,0.0,,,,,False,,
0.11,0.06733333333333333,0.15266666666666667,False,,False,0.010000000001606035,,0.0002563167167339447,-71.8244613723309,0.11400000000000013,0.0040000000000001285,,False,0.0,,,,,False,,
0.12,0.07733333333333334,0.16266666666666665,False,,False,0.010000000000023851,,0.00026714373567682107,-71.46510010492652,0.12400000000000014,0.004000000000000142,,False,0.0,,,,,False,,
0.13,0.08733333333333333,0.17266666666666666,False,,False,0.01,,0.0002897361611788691,-70.75994596610929,0.13400000000000012,0.004000000000000115,,False,0.0,,,,,False,,
0.14,0.09733333333333333,0.18266666666666667,False,,False,0.010000000003996623,,0.0003107526211900211,-70.15170398817133,0.14400000000000013,0.004000000000000115,,False,0.0,,,,,False,,
0.15,0.10733333333333334,0.19266666666666668,False,,False,0.010000000003996621,,0.0003102539421675655,-70.16565383070272,0.15400000000000014,0.004000000000000142,,False,0.0,,,,,False,,
0.16,0.11733333333333333,0.20266666666666666,False,,False,0.010000001546554296,,0.0003083212250965453,-70.21993154082406,0.16400000000000015,0.004000000000000142,,False,0.0,,,,,False,,
0.17,0.12733333333333333,0.21266666666666667,False,,False,0.010000000009505967,,0.0002845111949880333,-70.9180128050005,0.17400000000000013,0.004000000000000115,,False,0.0,,,,,False,,
0.18,0.13733333333333334,0.22266666666666668,False,,False,0.010000000009505967,,0.00026533535006829597,-71.52409772052903,0.18400000000000014,0.004000000000000142,,False,0.0,,,,,False,,
0.19,0.14733333333333334,0.23266666666666666,False,,False,0.010000000003996623,,0.00025888437442417794,-71.73788323279715,0.19400000000000014,0.004000000000000142,,False,0.0,,,,,False,,
0.2,0.15733333333333333,0.24266666666666667,False,,False,0.01000012784523254,,0.00023715063540613287,-72.49951414779795,0.20400000000000013,0.004000000000000115,,False,0.0,,,,,False,,
0.21,0.16733333333333333,0.25266666666666665,False,,False,0.01000012784520869,,0.00021560475661726848,-73.32683324170554,0.21400000000000013,0.004000000000000142,,False,0.0,,,,,False,,
0.22,0.17733333333333334,0.26266666666666666,False,,False,0.010000000101429396,,0.00017058312009750117,-75.36127892541062,0.22400000000000014,0.004000000000000142,,False,0.0,,,,,False,,
0.23,0.18733333333333332,0.27266666666666667,False,,False,0.010000005216229449,,0.00015752595363779625,-76.05295765106307,0.23400000000000012,0.004000000000000115,,False,0.0,,,,,False,,
0.24,0.19733333333333333,0.2826666666666667,False,,False,7.365356789524579e-10,,0.000152461178142377,-76.33681457092668,0.24400000000000013,0.004000000000000142,,False,0.0,,,,,False,,
0.25,0.20733333333333334,0.2926666666666667,False,,False,0.010000012077070429,,0.00014596514270103194,-76.71501687609367,0.2540000000000001,0.004000000000000115,,False,0.0,,,,,False,,
0.26,0.21733333333333332,0.30266666666666664,False,,False,0.010000000383442642,,0.0001339853020705814,-77.45885680579983,0.2640000000000001,0.004000000000000115,,False,0.0,,,,,False,,
0.27,0.22733333333333333,0.31266666666666665,False,,False,0.010000000000023851,,0.00012008725157697444,-78.41006189418047,0.27400000000000013,0.004000000000000115,,False,0.0,,,,,False,,
0.28,0.23733333333333334,0.32266666666666666,False,,False,0.0100000000000754,,0.00011250932076621748,-78.97622994400253,0.28400000000000014,0.004000000000000115,,False,0.0,,,,,False,,
0.29,0.24733333333333332,0.33266666666666667,False,,False,0.010000000003996624,,0.0001145094427946261,-78.82317397224489,0.29400000000000015,0.00400000000000017,,False,0.0,,,,,False,,
0.3,0.25733333333333336,0.3426666666666667,False,,False,0.010000000417925077,,0.00011697681463370914,-78.63800417951515,0.30400000000000016,0.00400000000000017,,False,0.0,,,,,False,,
0.31,0.2673333333333333,0.3526666666666667,False,,False,0.010000047007977303,,0.00011479105632827685,-78.80183895280045,0.3140000000000001,0.004000000000000115,,False,0.0,,,,,False,,
0.32,0.2773333333333333,0.3626666666666667,False,,False,0.010000016226422834,,0.00010180892087020261,-79.8442833172036,0.3240000000000001,0.004000000000000115,,False,0.0,,,,,False,,
0.33,0.28733333333333333,0.37266666666666665,False,,False,0.010026250416022807,,8.956164649160007e-05,-80.95755861993885,0.33400000000000013,0.004000000000000115,,False,0.0,,,,,False,,
0.34,0.29733333333333334,0.38266666666666665,False,,False,0.0100000470079773,,9.324818548529554e-05,-80.60719220730573,0.34400000000000014,0.004000000000000115,,False,0.0,,,,,False,,
0.35,0.30733333333333335,0.39266666666666666,False,,False,0.010000015743872964,,9.089847078984118e-05,-80.82886845945944,0.35400000000000015,0.00400000000000017,,False,0.0,,,,,False,,
0.36,0.31733333333333336,0.4026666666666667,False,,False,0.010000001546554295,,8.654561581299743e-05,-81.2550985503295,0.36400000000000016,0.00400000000000017,,False,0.0,,,,,False,,
0.37,0.3273333333333333,0.4126666666666667,False,,False,0.010000000001606033,,8.28421368984593e-05,-81.63497414167509,0.37400000000000017,0.00400000000000017,,False,0.0,,,,,False,,
0.38,0.3373333333333333,0.4226666666666667,False,,False,0.01,,7.017611015456017e-05,-83.07621416590868,0.3840000000000001,0.004000000000000115,,False,0.0,,,,,False,,
0.39,0.3473333333333333,0.43266666666666664,False,,False,0.01,,7.375578068856249e-05,-82.6440787143833,0.39400000000000013,0.004000000000000115,,False,0.0,,,,,False,,
0.4,0.35733333333333334,0.44266666666666665,False,,False,0.01,,7.492870474020144e-05,-82.50703549592139,0.40400000000000014,0.004000000000000115,,False,0.0,,,,,False,,
0.41,0.36733333333333335,0.45266666666666666,False,,False,0.01,,7.35597629699691e-05,-82.66719357698815,0.41400000000000015,0.00400000000000017,,False,0.0,,,,,False,,
0.42,0.37733333333333335,0.46266666666666667,False,,False,0.01,,6.710371277714645e-05,-83.46506900227764,0.42400000000000015,0.00400000000000017,,False,0.0,,,,,False,,
0.43,0.3873333333333333,0.4726666666666667,False,,False,0.01,,5.815067756433924e-05,-84.70890441123368,0.43400000000000016,0.00400000000000017,,False,0.0,,,,,False,,
0.44,0.3973333333333333,0.4826666666666667,False,,False,0.01,,6.127125553832894e-05,-84.25486440485714,0.4440000000000001,0.004000000000000115,,False,0.0,,,,,False,,
0.45,0.4073333333333333,0.49266666666666664,False,,False,0.01,,6.252751673660466e-05,-84.07857637729178,0.4540000000000001,0.004000000000000115,,False,0.0,,,,,False,,
0.46,0.41733333333333333,0.5026666666666667,False,,False,0.01,,6.758651596031957e-05,-83.40279881138962,0.46400000000000013,0.004000000000000115,,False,0.0,,,,,False,,
0.47,0.42733333333333334,0.5126666666666667,False,,False,0.01,,8.275563487974791e-05,-81.64404850358548,0.47400000000000014,0.00400000000000017,,False,0.0,,,,,False,,
0.48,0.43733333333333335,0.5226666666666666,False,,False,0.01,,8.448095820057684e-05,-81.46482337848198,0.48400000000000015,0.00400000000000017,,False,0.0,,,,,False,,
0.49,0.44733333333333336,0.5326666666666666,False,,False,0.01000000000000011,,8.202153564164933e-05,-81.7214420785734,0.49400000000000016,0.00400000000000017,,False,0.0,,,,,False,,
0.5,0.4573333333333333,0.5426666666666666,False,,False,0.01,,8.28421368984593e-05,-81.63497414167509,0.5040000000000001,0.004000000000000115,,False,0.0,,,,,False,,
0.51,0.4673333333333333,0.5526666666666666,False,,False,0.01,,8.157121574532736e-05,-81.76926129754868,0.5140000000000001,0.004000000000000115,,False,0.0,,,,,False,,
0.52,0.47733333333333333,0.5626666666666666,False,,False,0.01,,8.310383876760887e-05,-81.6075782927692,0.5240000000000001,0.004000000000000115,,False,0.0,,,,,False,,
0.53,0.48733333333333334,0.5726666666666667,False,,False,0.01,,8.015687943448679e-05,-81.92118397094447,0.5340000000000001,0.004000000000000115,,False,0.0,,,,,False,,
0.54,0.49733333333333335,0.5826666666666667,False,,False,0.01000000000061386,,8.103426279544068e-05,-81.8266262898961,0.5440000000000002,0.004000000000000115,,False,0.0,,,,,False,,
0.55,0.5073333333333333,0.5926666666666667,False,,False,0.010000000101429393,,7.868968994312748e-05,-82.08164331828922,0.5540000000000002,0.004000000000000115,,False,0.0,,,,,False,,
0.56,0.5173333333333333,0.6026666666666667,False,,False,0.01,,6.246384770894171e-05,-84.08742534374524,0.5640000000000002,0.004000000000000115,,False,0.0,,,,,False,,
0.57,0.5273333333333333,0.6126666666666667,False,,False,0.01,,5.85364953591305e-05,-84.65146565572579,0.5740000000000002,0.004000000000000226,,False,0.0,,,,,False,,
0.58,0.5373333333333333,0.6226666666666667,False,,False,0.01,,6.069895416629625e-05,-84.33637583375659,0.5840000000000002,0.004000000000000226,,False,0.0,,,,,False,,
0.59,0.5473333333333333,0.6326666666666667,False,,False,0.01,,5.8958364548010757e-05,-84.58909143840253,0.5940000000000002,0.004000000000000226,,False,0.0,,,,,False,,
0.6,0.5573333333333333,0.6426666666666667,False,,False,0.01,,5.8813567520750596e-05,-84.61044952619675,0.6040000000000001,0.004000000000000115,,False,0.0,,,,,False,,
0.61,0.5673333333333334,0.6526666666666666,False,,False,0.01,,5.459108685522246e-05,-85.2575651845798,0.6140000000000001,0.004000000000000115,,False,0.0,,,,,False,,
0.62,0.5773333333333334,0.6626666666666666,False,,False,0.01,,5.662729858271452e-05,-84.93948311979295,0.6240000000000001,0.004000000000000115,,False,0.0,,,,,False,,
0.63,0.5873333333333334,0.6726666666666666,False,,False,0.01,,5.419815968325045e-05,-85.32030919653054,0.6340000000000001,0.004000000000000115,,False,0.0,,,,,False,,
0.64,0.5973333333333334,0.6826666666666666,False,,False,0.01,,5.980268004902955e-05,-84.46558705453825,0.6440000000000001,0.004000000000000115,,False,0.0,,,,,False,,
0.65,0.6073333333333333,0.6926666666666667,False,,False,0.01,,5.206048608381722e-05,-85.66983562482991,0.6540000000000001,0.004000000000000115,,False,0.0,,,,,False,,
0.66,0.6173333333333333,0.7026666666666667,False,,False,0.01,,5.684370942966135e-05,-84.90635178439591,0.6640000000000001,0.004000000000000115,,False,0.0,,,,,False,,
0.67,0.6273333333333333,0.7126666666666667,False,,False,0.01,,5.555101730045585e-05,-85.1061596691413,0.6740000000000002,0.004000000000000115,,False,0.0,,,,,False,,
0.68,0.6373333333333333,0.7226666666666667,False,,False,0.01,,5.861025071262151e-05,-84.64052841731723,0.6840000000000002,0.004000000000000115,,False,0.0,,,,,False,,
0.69,0.6473333333333333,0.7326666666666667,False,,False,0.01,,6.477969245049169e-05,-83.77122236374174,0.6940000000000002,0.004000000000000226,,False,0.0,,,,,False,,
0.7,0.6573333333333333,0.7426666666666667,False,,False,0.010000000000201424,,6.483582737649358e-05,-83.76369885416156,0.7040000000000002,0.004000000000000226,,False,0.0,,,,,False,,
0.71,0.6673333333333333,0.7526666666666667,False,,False,0.010000000000006923,,6.125826588726701e-05,-84.25670602922114,0.7140000000000002,0.004000000000000226,,False,0.0,,,,,False,,
0.72,0.6773333333333333,0.7626666666666667,False,,False,0.010000000000075402,,6.168732310789577e-05,-84.1960815070003,0.7240000000000002,0.004000000000000226,,False,0.0,,,,,False,,
0.73,0.6873333333333334,0.7726666666666666,False,,False,0.010000000000221911,,5.714292041049578e-05,-84.86075135685599,0.7340000000000001,0.004000000000000115,,False,0.0,,,,,False,,
0.74,0.6973333333333334,0.7826666666666666,False,,False,0.010000000000613858,,5.526376035480659e-05,-85.15119134757217,0.7440000000000001,0.004000000000000115,,False,0.0,,,,,False,,
0.75,0.7073333333333334,0.7926666666666666,False,,False,0.010000000208892747,,4.990642484495522e-05,-86.03687081294444,0.7540000000000001,0.004000000000000115,,False,0.0,,,,,False,,
0.76,0.7173333333333334,0.8026666666666666,False,,False,0.010000005216229447,,5.008606354231863e-05,-86.00566199708567,0.7640000000000001,0.004000000000000115,,False,0.0,,,,,False,,
0.77,0.7273333333333334,0.8126666666666666,False,,False,0.01,,4.490125143194941e-05,-86.95483109422472,0.7740000000000001,0.004000000000000115,,False,0.0,,,,,False,,
0.78,0.7373333333333333,0.8226666666666667,False,,False,0.01,,4.253216385074188e-05,-87.42565043434811,0.7840000000000001,0.004000000000000115,,False,0.0,,,,,False,,
0.79,0.7473333333333333,0.8326666666666667,False,,False,0.01,,5.6747628719643395e-05,-84.92104562736293,0.7940000000000002,0.004000000000000115,,False,0.0,,,,,False,,
0.8,0.7573333333333333,0.8426666666666667,False,,False,0.010000000000000439,,5.966755408167933e-05,-84.48523529158516,0.8040000000000002,0.004000000000000115,,False,0.0,,,,,False,,
0.81,0.7673333333333333,0.8526666666666667,False,,False,0.01,,6.033450541643766e-05,-84.3886848596791,0.8140000000000002,0.004000000000000115,,False,0.0,,,,,False,,
0.82,0.7773333333333333,0.8626666666666667,False,,False,0.01,,6.170022243028005e-05,-84.19426540650888,0.8240000000000002,0.004000000000000226,,False,0.0,,,,,False,,
0.83,0.7873333333333333,0.8726666666666667,False,,False,0.010000000000000439,,6.320566017009543e-05,-83.98488056391915,0.8340000000000002,0.004000000000000226,,False,0.0,,,,,False,,
0.84,0.7973333333333333,0.8826666666666667,False,,False,0.010000000000221911,,6.350890983702597e-05,-83.94330684168443,0.8440000000000002,0.004000000000000226,,False,0.0,,,,,False,,
0.85,0.8073333333333333,0.8926666666666667,False,,False,0.010000000000006923,,6.646193190718781e-05,-83.5485407771146,0.8540000000000002,0.004000000000000226,,False,0.0,,,,,False,,
0.86,0.8173333333333334,0.9026666666666666,False,,False,0.010000000001606038,,6.9885524599309e-05,-83.11225540859692,0.8640000000000001,0.004000000000000115,,False,0.0,,,,,False,,
0.87,0.8273333333333334,0.9126666666666666,False,,False,0.01,,6.31696763014401e-05,-83.98982697085367,0.8740000000000001,0.004000000000000115,,False,0.0,,,,,False,,
0.88,0.8373333333333334,0.9226666666666666,False,,False,0.01,,5.923346339498066e-05,-84.54865746625782,0.8840000000000001,0.004000000000000115,,False,0.0,,,,,False,,
0.89,0.8473333333333334,0.9326666666666666,False,,False,0.01,,5.908549240511909e-05,-84.5703828161638,0.8940000000000001,0.004000000000000115,,False,0.0,,,,,False,,
0.9,0.8573333333333333,0.9426666666666667,False,,False,0.01,,5.947671512908059e-05,-84.51306050734216,0.9040000000000001,0.004000000000000115,,False,0.0,,,,,False,,
0.91,0.8673333333333333,0.9526666666666667,False,,False,0.01,,6.170206497048116e-05,-84.1940060255658,0.9140000000000001,0.004000000000000115,,False,0.0,,,,,False,,
0.92,0.8773333333333333,0.9626666666666667,False,,False,0.010000000009505967,,6.263288291642085e-05,-84.06395195569823,0.9240000000000002,0.004000000000000115,,False,0.0,,,,,False,,
0.93,0.8873333333333333,0.9726666666666667,False,,False,0.010000000000613858,,6.788526831267169e-05,-83.36448922268576,0.9340000000000002,0.004000000000000115,,False,0.0,,,,,False,,
0.94,0.8973333333333333,0.9826666666666667,False,,False,0.010000000001606035,,6.219207017751395e-05,-84.1252997330953,0.9440000000000002,0.004000000000000226,,False,0.0,,,,,False,,
0.95,0.9073333333333333,0.9926666666666667,False,,False,0.01,,6.463914185650079e-05,-83.7900883570024,0.9540000000000002,0.004000000000000226,,False,0.0,,,,,False,,
0.96,0.9173333333333333,1.0026666666666666,False,,False,0.01,,6.304537429838243e-05,-84.00693545077397,0.9640000000000002,0.004000000000000226,,False,0.0,,,,,False,,
0.97,0.9273333333333333,1.0126666666666666,False,,False,0.01,,6.593987257722695e-05,-83.61703792852843,0.9740000000000002,0.004000000000000226,,False,0.0,,,,,False,,
0.98,0.9373333333333334,1.0226666666666666,False,,False,0.010000000000000439,,6.428995778663315e-05,-83.83713718800188,0.9840000000000001,0.004000000000000115,,False,0.0,,,,,False,,
0.99,0.9473333333333334,1.0326666666666666,False,,False,0.010000000000000012,,6.440126717511074e-05,-83.82211174542985,0.9940000000000001,0.004000000000000115,,False,0.0,,,,,False,,
1.0,0.9573333333333334,1.0426666666666666,False,,False,0.01,,6.191726368023975e-05,-84.16376489496294,1.004,0.0040000000000000036,,False,0.0,,,,,False,,
1.01,0.9673333333333334,1.0526666666666666,False,,False,0.01,,6.0829920221574834e-05,-84.31765506227615,1.014,0.0040000000000000036,,False,0.0,,,,,False,,
1.02,0.9773333333333334,1.0626666666666666,False,,False,0.01,,5.5290497070782925e-05,-85.1469901132789,1.024,0.0040000000000000036,,False,0.0,,,,,False,,
1.03,0.9873333333333333,1.0726666666666667,False,,False,0.01,,5.392056368300139e-05,-85.36491152710404,1.034,0.0040000000000000036,,False,0.0,,,,,False,,
1.04,0.9973333333333333,1.0826666666666667,False,,False,0.010000000000221911,,4.881005399806669e-05,-86.22981423775283,1.044,0.0040000000000000036,,False,0.0,,,,,False,,
1.05,1.0073333333333334,1.0926666666666667,False,,False,0.01,,4.608329554881885e-05,-86.72912941657117,1.054,0.0040000000000000036,,False,0.0,,,,,False,,
1.06,1.0173333333333334,1.1026666666666667,False,,False,0.01,,4.8096775088974965e-05,-86.35768084591874,1.064,0.0040000000000000036,,False,0.0,,,,,False,,
1.07,1.0273333333333334,1.1126666666666667,False,,False,0.01,,5.223271706165917e-05,-85.6411476455446,1.074,0.0040000000000000036,,False,0.0,,,,,False,,
1.08,1.0373333333333334,1.1226666666666667,False,,False,0.01,,5.6226360217985824e-05,-85.00120058782619,1.084,0.0040000000000000036,,False,0.0,,,,,False,,
1.09,1.0473333333333332,1.1326666666666667,False,,False,0.010000000000000439,,6.05188827064709e-05,-84.36218196951816,1.094,0.0040000000000000036,,False,0.0,,,,,False,,
1.1,1.0573333333333332,1.1426666666666667,False,,False,0.01,,6.158772323884036e-05,-84.21011701028279,1.104,0.0040000000000000036,,False,0.0,,,,,False,,
1.11,1.0673333333333332,1.1526666666666667,False,,False,0.010000000000006925,,6.175363377594786e-05,-84.18674964155679,1.114,0.0040000000000000036,,False,0.0,,,,,False,,
1.12,1.0773333333333333,1.1626666666666667,False,,False,0.01000000000022191,,6.203099797299586e-05,-84.14782463442154,1.124,0.0040000000000000036,,False,0.0,,,,,False,,
1.13,1.0873333333333333,1.1726666666666667,False,,False,0.010000000001606037,,6.391574787709638e-05,-83.88784250083339,1.1340000000000001,0.004000000000000226,,False,0.0,,,,,False,,
1.14,1.0973333333333333,1.1826666666666668,False,,False,0.010000000003996621,,6.12285649081212e-05,-84.26091839116054,1.1440000000000001,0.004000000000000226,,False,0.0,,,,,False,,
1.15,1.1073333333333333,1.1926666666666668,False,,False,0.010000000001606033,,6.590020638029696e-05,-83.62226450639483,1.1540000000000001,0.004000000000000226,,False,0.0,,,,,False,,
1.16,1.1173333333333333,1.2026666666666668,False,,False,0.01,,5.7693355205027505e-05,-84.77748407101657,1.1640000000000001,0.004000000000000226,,False,0.0,,,,,False,,
1.17,1.1273333333333333,1.2126666666666666,False,,False,0.01,,6.133430899756086e-05,-84.24593046391338,1.1740000000000002,0.004000000000000226,,False,0.0,,,,,False,,
1.18,1.1373333333333333,1.2226666666666666,False,,False,0.01,,5.5065918095596504e-05,-85.18234231067261,1.184,0.0040000000000000036,,False,0.0,,,,,False,,
1.19,1.1473333333333333,1.2326666666666666,False,,False,0.01,,5.579402289218165e-05,-85.06824647428827,1.194,0.0040000000000000036,,False,0.0,,,,,False,,
1.2,1.1573333333333333,1.2426666666666666,False,,False,0.01,,0.0003042505065672835,-70.33537380021971,1.204,0.0040000000000000036,,False,0.0,,,,,False,,
1.21,1.1673333333333333,1.2526666666666666,False,,False,0.010259050559778863,,0.008086356705858801,-41.84494209910385,1.214,0.0040000000000000036,,False,0.0,,,,,False,,
1.22,1.1773333333333333,1.2626666666666666,False,115.81683335824411,True,0.010000005216229449,-1.2000000000000002,0.016023528836633806,-35.90483667451228,1.224,0.0040000000000000036,,False,0.0,,,pyin_probability_below_0.5|voicing_disagreement,,False,0.3000000000000021,
1.23,1.1873333333333334,1.2726666666666666,False,119.9011051661721,True,0.010073751764282884,-0.6000000000000011,0.03258717061462787,-29.73906691146884,1.234,0.0040000000000000036,,False,0.0,,,pyin_probability_below_0.5|voicing_disagreement,,False,0.9000000000000021,
1.24,1.1973333333333334,1.2826666666666666,False,119.21052561660726,True,0.013980210380185928,-0.7000000000000022,0.046779977222211354,-26.59879987981065,1.244,0.0040000000000000036,,False,0.0,,,pyin_probability_below_0.5|voicing_disagreement,,False,0.8000000000000002,
1.25,1.2073333333333334,1.2926666666666666,False,119.21052561660726,True,0.030106861794195014,-0.7000000000000022,0.0571771612187178,-24.8555482134364,1.254,0.0040000000000000036,118.91775440904038,True,0.714584172874955,0.29277120756687225,0.0425699743397264,pyin_probability_below_0.5,-0.8325801105182269,False,0.8000000000000002,0.4270625362629994
1.26,1.2173333333333334,1.3026666666666666,False,121.9969395672486,True,0.05607139544589262,-0.30000000000000204,0.06640206278378818,-23.556368580801845,1.264,0.0040000000000000036,119.23835441890571,True,0.8492460712168571,2.7585851483428883,0.39595903572326213,pyin_probability_below_0.5,-0.7859691719017645,False,1.1999999999999993,0.47367347487946093
1.27,1.2273333333333334,1.3126666666666666,False,119.21052561660726,True,0.15046460134333878,-0.7000000000000022,0.07373085315547444,-22.64701481506944,1.274,0.0040000000000000036,118.95894912343452,True,0.8819654715564267,0.25157649317273467,0.03657378456118985,pyin_probability_below_0.5,-0.8265839207396923,False,0.8000000000000002,0.4330587260415351
1.28,1.2373333333333334,1.3226666666666667,False,119.21052561660726,True,0.24075439447557426,-0.7000000000000022,0.07995248686041022,-21.943360466258245,1.284,0.0040000000000000036,122.63846047022736,True,0.9233965311379108,3.4279348536201013,-0.4907984188788006,pyin_probability_below_0.5,-0.2992117172997012,False,0.8000000000000002,0.9604309294815258
1.29,1.2473333333333334,1.3326666666666667,False,119.21052561660726,True,0.37213589829750865,-0.7000000000000022,0.08309631800459123,-21.608364387305812,1.294,0.0040000000000000036,121.66890271673431,True,0.9441129376182715,2.458377100127052,-0.35338625203023266,pyin_probability_below_0.5,-0.43662388414827147,False,0.8000000000000002,0.8230187626329548
1.3,1.2573333333333334,1.3426666666666667,False,119.21052561660726,True,0.4849868077159113,-0.7000000000000022,0.08371898271753996,-21.54352114963002,1.304,0.0040000000000000036,118.90067103438491,True,0.94689607774356,0.30985458222234286,0.045057192886583,pyin_probability_below_0.5,-0.8350673290650861,False,0.8000000000000002,0.42457531771613943
1.31,1.2673333333333334,1.3526666666666667,False,120.59568520237023,True,0.42606232904328145,-0.5000000000000001,0.08145810876553719,-21.78131354525721,1.314,0.0040000000000000036,117.89009189912024,True,0.9569391018842611,2.705593303249998,0.39282981787629523,pyin_probability_below_0.5,-0.9828399540547972,False,1.0000000000000009,0.2768026927264298
1.32,1.2773333333333334,1.3626666666666667,False,119.21052561660726,True,0.2796051653363589,-0.7000000000000022,0.07821872756437122,-22.133785065623805,1.324,0.0040000000000000036,116.91738017342263,True,0.9127814963981719,2.2931454431846277,0.33626658994533254,pyin_probability_below_0.5,-1.1262767261238344,False,0.8000000000000002,0.13336592065739078
1.33,1.2873333333333334,1.3726666666666667,False,120.59568520237023,True,0.12793708630129036,-0.5000000000000001,0.07291084516233505,-22.744157350281164,1.334,0.0040000000000000036,118.04263316958031,True,0.7792604820037422,2.553052032789921,0.37044337885821155,pyin_probability_below_0.5,-0.9604535150367131,False,1.0000000000000009,0.2991891317445139
1.34,1.2973333333333332,1.3826666666666667,False,119.21052561660726,True,0.047686993082531035,-0.7000000000000022,0.06558209984410217,-23.6642936392414,1.344,0.0040000000000000036,,False,0.0,,,pyin_probability_below_0.5|voicing_disagreement,,False,0.8000000000000002,
1.35,1.3073333333333332,1.3926666666666667,False,119.21052561660726,True,0.011853505394683415,-0.7000000000000022,0.05765604541160598,-24.783102977706108,1.354,0.0040000000000000036,,False,0.0,,,pyin_probability_below_0.5|voicing_disagreement,,False,0.8000000000000002,
1.36,1.3173333333333332,1.4026666666666667,False,119.21052561660726,True,0.010004191052795272,-0.7000000000000022,0.048936042354133014,-26.20742313256641,1.364,0.0040000000000000036,,False,0.0,,,pyin_probability_below_0.5|voicing_disagreement,,False,0.8000000000000002,
1.37,1.3273333333333333,1.4126666666666667,False,125.57172276022992,True,0.010000000814014904,0.19999999999999687,0.04436561734564974,-27.059069418280615,1.374,0.0040000000000000036,,False,0.0,,,pyin_probability_below_0.5|voicing_disagreement,,False,1.6999999999999993,
1.38,1.3373333333333333,1.4226666666666667,False,125.57172276022992,True,0.010000000000221911,0.19999999999999687,0.04239680299808085,-27.453337817503666,1.3840000000000001,0.004000000000000226,,False,0.0,,,pyin_probability_below_0.5|voicing_disagreement,,False,1.6999999999999993,
1.39,1.3473333333333333,1.4326666666666668,False,125.57172276022992,True,0.01000000000002385,0.19999999999999687,0.04172525661554318,-27.592019673503174,1.3940000000000001,0.004000000000000226,,False,0.0,,,pyin_probability_below_0.5|voicing_disagreement,,False,1.6999999999999993,
1.4,1.3573333333333333,1.4426666666666668,False,125.57172276022992,True,0.010000000000023851,0.19999999999999687,0.04021740154766494,-27.911719853286723,1.4040000000000001,0.004000000000000226,,False,0.0,,,pyin_probability_below_0.5|voicing_disagreement,,False,1.6999999999999993,
1.41,1.3673333333333333,1.4526666666666668,False,125.57172276022992,True,0.010000000000221913,0.19999999999999687,0.03746771730438059,-28.526855304021986,1.4140000000000001,0.004000000000000226,,False,0.0,,,pyin_probability_below_0.5|voicing_disagreement,,False,1.6999999999999993,
1.42,1.3773333333333333,1.4626666666666666,False,125.57172276022992,True,0.010000000000613858,0.19999999999999687,0.034345445110387715,-29.282617017556106,1.4240000000000002,0.004000000000000226,,False,0.0,,,pyin_probability_below_0.5|voicing_disagreement,,False,1.6999999999999993,
1.43,1.3873333333333333,1.4726666666666666,False,125.57172276022992,True,0.010000000001606033,0.19999999999999687,0.03116132146999953,-30.12768266635681,1.434,0.0040000000000000036,,False,0.0,,,pyin_probability_below_0.5|voicing_disagreement,,False,1.6999999999999993,
1.44,1.3973333333333333,1.4826666666666666,False,,False,0.010000000021701592,,0.03222244089768367,-29.836831284392492,1.444,0.0040000000000000036,,False,0.0,,,,,False,,
1.45,1.4073333333333333,1.4926666666666666,False,,False,0.01000123296498612,,0.03746559900254051,-28.52734638961421,1.454,0.0040000000000000036,,False,0.0,,,,,False,,
1.46,1.4173333333333333,1.5026666666666666,False,115.14977748330686,True,0.010000001546554296,-1.3000000000000027,0.042229334557018675,-27.48771524125879,1.464,0.0040000000000000036,,False,0.0,,,pyin_probability_below_0.5|voicing_disagreement,,False,0.19999999999999687,
1.47,1.4273333333333333,1.5126666666666666,False,119.21052561660726,True,0.01000123296498612,-0.7000000000000022,0.04652771331218275,-26.64576582245058,1.474,0.0040000000000000036,146.4512417615083,True,0.6916208192367991,27.240716144901043,-3.5629056316889214,pyin_probability_below_0.5|pitch_difference_over_1_semitone,2.772895495510419,False,0.8000000000000002,4.032538142291645
1.48,1.4373333333333334,1.5226666666666666,False,119.21052561660726,True,0.010073751764282884,-0.7000000000000022,0.04939727528898805,-26.12594011447942,1.484,0.0040000000000000036,145.64577146922642,True,0.42996528217327407,26.43524585261916,-3.4674263171550184,pyin_probability_below_0.5|pitch_difference_over_1_semitone,2.677416180976517,False,0.8000000000000002,3.937058827757741
1.49,1.4473333333333334,1.5326666666666666,False,119.21052561660726,True,0.010259050559778863,-0.7000000000000022,0.05117739767581715,-25.81843602734573,1.494,0.0040000000000000036,114.95399694234835,True,0.6229412076339196,4.256528674258902,0.6294599270513719,pyin_probability_below_0.5,-1.4194700632298745,False,0.8000000000000002,-0.1598274164486495
1.5,1.4573333333333334,1.5426666666666666,False,119.9011051661721,True,0.010037765502929686,-0.6000000000000011,0.05525797378761949,-25.15210087879527,1.504,0.0040000000000000036,120.12165300477079,True,0.8567956320761844,0.22054783859869076,-0.031815319347017874,pyin_probability_below_0.5,-0.658194816831484,False,0.9000000000000021,0.6014478299497417
1.51,1.4673333333333334,1.5526666666666666,False,119.21052561660726,True,0.010009025493342982,-0.7000000000000022,0.0597838715646471,-24.468319275155828,1.514,0.0040000000000000036,118.92002972107092,True,0.8760706251980358,0.29049589553633837,0.04223873196172913,pyin_probability_below_0.5,-0.832248868140232,False,0.8000000000000002,0.42739377864099326
1.52,1.4773333333333334,1.5626666666666666,False,119.21052561660726,True,0.010004191052795267,-0.7000000000000022,0.06457850204092289,-23.79824066141783,1.524,0.0040000000000000036,119.63980327133729,True,0.6453451138178067,0.4292776547300292,-0.06222984042201478,pyin_probability_below_0.5,-0.7277802957564885,False,0.8000000000000002,0.5318623510247364
1.53,1.4873333333333334,1.5726666666666667,False,119.21052561660726,True,0.010006178555334078,-0.7000000000000022,0.06527723362041678,-23.704765176029067,1.534,0.0040000000000000036,,False,0.0,,,pyin_probability_below_0.5|voicing_disagreement,,False,0.8000000000000002,
1.54,1.4973333333333334,1.5826666666666667,False,119.21052561660726,True,0.010000016226422834,-0.7000000000000022,0.06504342612035728,-23.73593181261662,1.544,0.0040000000000000036,,False,0.0,,,pyin_probability_below_0.5|voicing_disagreement,,False,0.8000000000000002,
1.55,1.5073333333333334,1.5926666666666667,False,130.75308233882095,True,0.010000000021701592,0.8999999999999985,0.0629388944374252,-24.021617800411036,1.554,0.0040000000000000036,,False,0.0,,,pyin_probability_below_0.5|voicing_disagreement,,False,2.4000000000000012,
1.56,1.5173333333333334,1.6026666666666667,False,130.75308233882095,True,0.0100000000000754,0.8999999999999985,0.0647916572772169,-23.769618225712954,1.564,0.0040000000000000036,,False,0.0,,,pyin_probability_below_0.5|voicing_disagreement,,False,2.4000000000000012,
1.57,1.5273333333333334,1.6126666666666667,False,,False,0.010000000000023851,,0.06578126443135328,-23.637955657419436,1.574,0.0040000000000000036,,False,0.0,,,,,False,,
1.58,1.5373333333333334,1.6226666666666667,False,,False,0.010000000000075396,,0.06495227378060701,-23.748112820045094,1.584,0.0040000000000000036,,False,0.0,,,,,False,,
1.59,1.5473333333333332,1.6326666666666667,False,,False,0.01000000000022191,,0.06164586749929419,-24.20192063032112,1.594,0.0040000000000000036,,False,0.0,,,,,False,,
1.6,1.5573333333333332,1.6426666666666667,False,,False,0.010000000000221911,,0.05635671194603928,-24.981087062618915,1.604,0.0040000000000000036,,False,0.0,,,,,False,,
1.61,1.5673333333333332,1.6526666666666667,False,,False,0.01000000000022191,,0.05463108951264692,-25.251202764516236,1.614,0.0040000000000000036,,False,0.0,,,,,False,,
1.62,1.5773333333333333,1.6626666666666667,False,,False,0.010000000021701594,,0.05832815316080042,-24.682435487607876,1.624,0.0040000000000000036,,False,0.0,,,,,False,,
1.63,1.5873333333333333,1.6726666666666667,False,,False,0.010000027850262288,,0.0671736732564997,-23.456018050726925,1.6340000000000001,0.004000000000000226,,False,0.0,,,,,False,,
1.64,1.5973333333333333,1.6826666666666668,False,,False,0.010004191052795269,,0.06932280259407538,-23.182477757437653,1.6440000000000001,0.004000000000000226,,False,0.0,,,,,False,,
1.65,1.6073333333333333,1.6926666666666668,False,,False,0.010349055133375843,,0.07205972794561136,-22.846147636925906,1.6540000000000001,0.004000000000000226,,False,0.0,,,,,False,,
1.66,1.6173333333333333,1.7026666666666668,False,133.80929076365396,True,0.01646758759311301,1.2999999999999994,0.07698590313431904,-22.271775821604763,1.6640000000000001,0.004000000000000226,131.76579378535845,True,0.5951391692318213,2.043496978295508,0.2664287108713185,pyin_probability_below_0.5,0.9435611529501791,False,2.8000000000000003,2.203203799731405
1.67,1.6273333333333333,1.7126666666666666,False,133.80929076365396,True,0.0229442191246386,1.2999999999999994,0.07940752453266092,-22.002766851160878,1.6740000000000002,0.004000000000000226,135.0761122338653,True,0.8825421330791607,1.2668214702113403,-0.16313125713687038,pyin_probability_below_0.5,1.3731211209583685,False,2.8000000000000003,2.6327637677395934
1.68,1.6373333333333333,1.7226666666666666,False,133.80929076365396,True,0.056071395445892624,1.2999999999999994,0.08280751927991781,-21.638604512247504,1.6840000000000002,0.004000000000000226,134.05932473430994,True,0.9655646238943373,0.2500339706559771,-0.032319385257850546,pyin_probability_below_0.5,1.24230924907935,False,2.8000000000000003,2.5019518958605755
1.69,1.6473333333333333,1.7326666666666666,False,133.03860595958074,True,0.20650679911775224,1.1999999999999993,0.0872800478747886,-21.181700484015096,1.694,0.0040000000000000036,133.3741079042306,True,0.977066879110702,0.33550194464987726,-0.043603977357751955,pyin_probability_below_0.5,1.1535938411792506,False,2.7,2.413236487960474
1.7,1.6573333333333333,1.7426666666666666,False,134.5844400993791,True,0.4260623290432815,1.4000000000000004,0.08278369032892331,-21.641104350740704,1.704,0.0040000000000000036,132.54311629343584,True,0.9825238898587636,2.04132380594325,0.2645985400642954,pyin_probability_below_0.5,1.0453913237572046,False,2.9000000000000035,2.305033970538431
1.71,1.6673333333333333,1.7526666666666666,False,133.80929076365396,True,0.6860828109301793,1.2999999999999994,0.08243657264609443,-21.67760145183771,1.714,0.0040000000000000036,133.24281991900327,True,0.9765669457373903,0.566470844650695,0.07344597145725357,,1.1365438923642444,True,2.8000000000000003,2.3961865391454706
1.72,1.6773333333333333,1.7626666666666666,False,133.80929076365396,True,0.6860828109301793,1.2999999999999994,0.0829596102707982,-21.62266593701853,1.724,0.0040000000000000036,134.1227202111198,True,0.9871966465104927,0.3134294474658361,-0.04050430383259758,,1.2504941676540964,True,2.8000000000000003,2.5101368144353207
1.73,1.6873333333333334,1.7726666666666666,False,133.80929076365396,True,0.5485250542599845,1.2999999999999994,0.07971789753270105,-21.9688832766982,1.734,0.0040000000000000036,134.44882306282398,True,0.9852424072095665,0.6395322991700141,-0.08254603550171496,,1.2925358993232128,True,2.8000000000000003,2.5521785461044386
1.74,1.6973333333333334,1.7826666666666666,False,133.80929076365396,True,0.5485250542599845,1.2999999999999994,0.08150336940402979,-21.776488737266764,1.744,0.0040000000000000036,133.38919647226533,True,0.9845708492634027,0.4200942913886365,0.05443759415282157,,1.1555522696686744,True,2.8000000000000003,2.4151949164499027
1.75,1.7073333333333334,1.7926666666666666,False,133.03860595958074,True,0.5485250542599845,1.1999999999999993,0.08478471695846143,-21.43364850646587,1.754,0.0040000000000000036,132.81265246032024,True,0.993914304512407,0.22595349926049835,0.029428371935694524,,1.0805614918858037,True,2.7,2.34020413866703
1.76,1.7173333333333334,1.8026666666666666,False,133.80929076365396,True,0.2796051653363589,1.2999999999999994,0.08866168650911743,-21.045280237490477,1.764,0.0040000000000000036,133.4641283066865,True,0.9719790722395201,0.34516245696747205,0.04471505862692182,pyin_probability_below_0.5,1.1652748051945778,False,2.8000000000000003,2.424917451975805
1.77,1.7273333333333334,1.8126666666666666,False,133.03860595958074,True,0.2407543944755743,1.1999999999999993,0.09224430266126073,-20.701208958486106,1.774,0.0040000000000000036,133.63580127032353,True,0.9522259031731457,0.5971953107427908,-0.07753924307571994,pyin_probability_below_0.5,1.1875291068972176,False,2.7,2.447171753678444
1.78,1.7373333333333334,1.8226666666666667,False,133.03860595958074,True,0.2065067991177523,1.1999999999999993,0.09798992459553049,-20.176371530540408,1.784,0.0040000000000000036,133.61603996714325,True,0.930470682686259,0.5774340075625162,-0.07497900320432489,pyin_probability_below_0.5,1.184968867025823,False,2.7,2.4446115138070486
1.79,1.7473333333333334,1.8326666666666667,False,132.2723599733492,True,0.17653060863289757,1.0999999999999945,0.09812886343931401,-20.164064625347574,1.794,0.0040000000000000036,133.8488937593651,True,0.8228469209991586,1.5765337860158866,-0.20512310544455786,pyin_probability_below_0.5,1.215112969266053,False,2.5999999999999974,2.474755616047279
1.8,1.7573333333333334,1.8426666666666667,False,132.2723599733492,True,0.17653060863289757,1.0999999999999945,0.09926713195996875,-20.06389051273767,1.804,0.0040000000000000036,132.81835177842936,True,0.8031555343990194,0.5459918050801491,-0.07131452730506198,pyin_probability_below_0.5,1.0813043911265565,False,2.5999999999999974,2.3409470379077844
1.81,1.7673333333333334,1.8526666666666667,False,132.2723599733492,True,0.20650679911775233,1.0999999999999945,0.09983729690207134,-20.014143720782414,1.814,0.0040000000000000036,131.96892016936766,True,0.8364904220961177,0.30343980398154713,0.03976105104590343,pyin_probability_below_0.5,0.9702288127755891,False,2.5999999999999974,2.229871459556815
1.82,1.7773333333333334,1.8626666666666667,False,131.51052723924994,True,0.1504646013433388,1.0000000000000009,0.0971057415532457,-20.255101817664084,1.824,0.0040000000000000036,130.6673162090591,True,0.9451876693382467,0.8432110301908438,0.1113595763951414,pyin_probability_below_0.5,0.7986302874263564,False,2.500000000000002,2.0582729342075847
1.83,1.7873333333333334,1.8726666666666667,False,131.51052723924994,True,0.12793708630129033,1.0000000000000009,0.09541952225708775,-20.40725524362191,1.834,0.0040000000000000036,130.84499097795765,True,0.9608799430175207,0.6655362612922886,0.08783512661188382,pyin_probability_below_0.5,0.8221547372096187,False,2.500000000000002,2.081797383990844
1.84,1.7973333333333332,1.8826666666666667,False,130.75308233882095,True,0.24075439447557434,0.8999999999999985,0.09379008407330285,-20.556861496787068,1.844,0.0040000000000000036,130.0495861157475,True,0.9346764986675488,0.7034962230734436,0.09339778430216636,pyin_probability_below_0.5,0.7165920795193319,False,2.4000000000000012,1.976234726300558
1.85,1.8073333333333332,1.8926666666666667,False,130.0,True,0.3233360583906409,0.8000000000000002,0.08523914367418946,-21.38721843852844,1.854,0.0040000000000000036,128.18701108416485,True,0.9357559740162116,1.8129889158351489,0.24313846915213141,pyin_probability_below_0.5,0.4668513946693672,False,2.3000000000000003,1.7264940414505934
1.86,1.8173333333333332,1.9026666666666667,False,130.0,True,0.3721358982975087,0.8000000000000002,0.0771572425581651,-22.25246603092378,1.864,0.0040000000000000036,126.47520011713425,True,0.9298173795402913,3.52479988286575,0.4758852165907503,pyin_probability_below_0.5,0.23410464723074792,False,2.3000000000000003,1.4937472940119756
1.87,1.8273333333333333,1.9126666666666667,False,129.25125509628117,True,0.32333605839064083,0.7000000000000017,0.07074342092003703,-23.006278859106978,1.874,0.0040000000000000036,125.20162149097355,True,0.9236104643994896,4.049633605307619,0.5511005175647079,pyin_probability_below_0.5,0.05888934625679139,False,2.200000000000003,1.31853199303802
1.88,1.8373333333333333,1.9226666666666667,False,127.76667781088264,True,0.3721358982975087,0.5000000000000008,0.06117823200864587,-24.268061557155537,1.8840000000000001,0.004000000000000226,124.56637793371385,True,0.8119800858587258,3.2002998771687885,0.43916285137806116,pyin_probability_below_0.5,-0.02917298755656192,False,2.0000000000000004,1.2304696592246642
1.89,1.8473333333333333,1.9326666666666668,False,126.29915234996876,True,0.4260623290432815,0.2999999999999983,0.053906326015439765,-25.36720532988753,1.8940000000000001,0.004000000000000226,124.65812555945126,True,0.6908611328339688,1.6410267905175004,0.22641638234739692,pyin_probability_below_0.5,-0.016426518525898513,False,1.800000000000001,1.243216128255328
1.9,1.8573333333333333,1.9426666666666668,False,125.57172276022992,True,0.3233360583906409,0.19999999999999687,0.048219811293274226,-26.335489871062663,1.9040000000000001,0.004000000000000226,123.8652548587479,True,0.7664278767246487,1.7064679014820143,0.23688079083027644,pyin_probability_below_0.5,-0.1268909270087801,False,1.6999999999999993,1.1327517197724477
1.91,1.8673333333333333,1.9526666666666668,False,124.84848285663055,True,0.2407543944755743,0.10000000000000017,0.038966985747517745,-28.186063746527424,1.9140000000000001,0.004000000000000226,127.38363617680878,True,0.9203174946514695,2.5351533201782246,-0.34802003517623786,pyin_probability_below_0.5,0.3580098989977361,False,1.6000000000000023,1.6176525457789621
1.92,1.8773333333333333,1.9626666666666666,False,127.76667781088264,True,0.06608151270920702,0.5000000000000008,0.027951206089269136,-31.071988952965675,1.9240000000000002,0.004000000000000226,127.4261700303935,True,0.9358273322731105,0.34050778048914765,0.04620027703671377,pyin_probability_below_0.5,0.36378958678478596,False,2.0000000000000004,1.6234322335660114
1.93,1.8873333333333333,1.9726666666666666,False,125.57172276022992,True,0.092037570812181,0.19999999999999687,0.01641666095532388,-35.694303419533945,1.9340000000000002,0.004000000000000226,127.33041300310757,True,0.952332013186115,1.7586902428776483,-0.24078511647830325,pyin_probability_below_0.5,0.3507749802997991,False,1.6999999999999993,1.610417627081028
1.94,1.8973333333333333,1.9826666666666666,False,127.76667781088264,True,0.2407543944755743,0.5000000000000008,0.011885460043576896,-38.49968007253988,1.944,0.0040000000000000036,127.82757754149466,True,0.8951272042640468,0.060899730612021585,-0.008249926358034029,pyin_probability_below_0.5,0.41823979017953283,False,2.0000000000000004,1.6778824369607581
1.95,1.9073333333333333,1.9926666666666666,False,127.76667781088264,True,0.010467533617069903,0.5000000000000008,0.012357288462048106,-38.16153630526854,1.954,0.0040000000000000036,129.36185954477563,True,0.8832604293969617,1.5951817338929857,-0.21480839045247235,pyin_probability_below_0.5,0.624798254273969,False,2.0000000000000004,1.884440901055197
1.96,1.9173333333333333,2.002666666666667,False,130.0,True,0.010000000814014906,0.8000000000000002,0.017709241839995223,-35.03600062459437,1.964,0.0040000000000000036,129.4411972996394,True,0.7746447869775293,0.5588027003605873,0.07457718879268357,pyin_probability_below_0.5,0.6354126750288158,False,2.3000000000000003,1.8950553218100423
1.97,1.9273333333333333,2.0126666666666666,False,,False,0.010000000000023851,,0.025046168810804268,-32.02517393212386,1.974,0.0040000000000000036,,False,0.0,,,,,False,,
1.98,1.9373333333333334,2.022666666666667,False,,False,0.010000000000006925,,0.02911008093998693,-30.71913174025105,1.984,0.0040000000000000036,,False,0.0,,,,,False,,
1.99,1.9473333333333334,2.0326666666666666,False,,False,0.010000000000023851,,0.029908859833420714,-30.4840028510366,1.994,0.0040000000000000036,,False,0.0,,,,,False,,
2.0,1.9573333333333334,2.042666666666667,False,,False,0.0100000000000754,,0.030063588302160053,-30.439183690669516,2.004,0.0040000000000000036,,False,0.0,,,,,False,,
2.01,1.9673333333333334,2.0526666666666666,False,,False,0.0100000000000754,,0.030088586187155927,-30.431964371181827,2.0140000000000002,0.004000000000000448,,False,0.0,,,,,False,,
2.02,1.9773333333333334,2.062666666666667,False,,False,0.0100000000000754,,0.030357145549320425,-30.354781342263504,2.024,0.0040000000000000036,,False,0.0,,,,,False,,
2.03,1.9873333333333334,2.0726666666666667,False,,False,0.01000000000061386,,0.030849182049526868,-30.215126931536215,2.0340000000000003,0.004000000000000448,,False,0.0,,,,,False,,
2.04,1.9973333333333334,2.082666666666667,False,129.25125509628117,True,0.010000000101429393,0.7000000000000017,0.03319765681994628,-29.577851377774778,2.044,0.0040000000000000036,,False,0.0,,,pyin_probability_below_0.5|voicing_disagreement,,False,2.200000000000003,
2.05,2.0073333333333334,2.0926666666666667,False,123.4144757235675,True,0.010000802780927255,-0.10000000000000067,0.033907954576437055,-29.39396814602416,2.0540000000000003,0.004000000000000448,,False,0.0,,,pyin_probability_below_0.5|voicing_disagreement,,False,1.4000000000000004,
2.06,2.017333333333333,2.1026666666666665,False,113.17157322849613,True,0.010004191052795269,-1.6000000000000023,0.03624831895608504,-28.814242587390552,2.064,0.0040000000000000036,,False,0.0,,,pyin_probability_below_0.5|voicing_disagreement,,False,-0.10000000000000067,
2.07,2.0273333333333334,2.1126666666666667,False,111.2273533387383,True,0.010467533617069905,-1.8999999999999986,0.04065346242082323,-27.818049200059576,2.074,0.0040000000000000036,126.95843398441092,True,0.5902391235871554,15.73108064567262,-2.2901353762575427,pyin_probability_below_0.5|pitch_difference_over_1_semitone,0.3001252400790435,False,-0.3999999999999969,1.5597678868602678
2.08,2.037333333333333,2.1226666666666665,False,109.31653398298289,True,0.013980210380185928,-2.200000000000002,0.04451706314733964,-27.0294698880833,2.084,0.0040000000000000036,117.89827162394786,True,0.6590528914623163,8.581737640964974,-1.308371345567708,pyin_probability_below_0.5|pitch_difference_over_1_semitone,-0.9816387906107936,False,-0.7000000000000002,0.2780038561704298
2.09,2.0473333333333334,2.1326666666666667,False,108.06092649856241,True,0.016467587593113005,-2.4000000000000026,0.047866736546649045,-26.39932361584899,2.094,0.0040000000000000036,108.70136784529966,True,0.8567049793144264,0.6404413467372478,-0.10230165680591988,pyin_probability_below_0.5,-2.3877084793725816,False,-0.9000000000000006,-1.1280658325913544
2.1,2.0573333333333332,2.1426666666666665,False,106.81974089615274,True,0.016467587593113005,-2.6000000000000005,0.050016127981453495,-26.017798647703138,2.104,0.0040000000000000036,108.03549845897464,True,0.9457250741876129,1.2157575628219064,-0.19592571805413433,pyin_probability_below_0.5,-2.494084418124368,False,-1.0999999999999999,-1.234441771343143
2.11,2.0673333333333335,2.1526666666666667,False,105.59281152631061,True,0.018187375734912182,-2.800000000000002,0.05199116968541885,-25.681408235975987,2.114,0.0040000000000000036,104.93681976138757,True,0.9466476739159547,0.6559917649230442,0.10788780161781363,pyin_probability_below_0.5,-2.997897937796316,False,-1.3000000000000005,-1.7382552910150886
2.12,2.0773333333333333,2.1626666666666665,False,104.37997464223893,True,0.026168028608935755,-3.0000000000000036,0.0530555358523093,-25.505385896071378,2.124,0.0040000000000000036,102.91250199674418,True,0.9374144501837995,1.4674726454947518,0.24512043009282686,pyin_probability_below_0.5,-3.3351305662713298,False,-1.5000000000000004,-2.075487919490104
2.13,2.0873333333333335,2.1726666666666667,False,104.37997464223893,True,0.07797523762294818,-3.0000000000000036,0.05230944971062029,-25.628396973528172,2.134,0.0040000000000000036,100.47442783389349,True,0.9591820952819646,3.9055468083454485,0.6601991376215837,pyin_probability_below_0.5,-3.7502092738000856,False,-1.5000000000000004,-2.490566627018861
2.14,2.0973333333333333,2.1826666666666665,False,103.77879022636449,True,0.056071395445892624,-3.100000000000001,0.05072838262699562,-25.894979681453385,2.144,0.0040000000000000036,99.87377022142915,True,0.8912466175149171,3.905020004935338,0.6640066124340065,pyin_probability_below_0.5,-3.854016748612506,False,-1.5999999999999979,-2.5943741018312796
2.15,2.1073333333333335,2.1926666666666668,False,101.40847938173854,True,0.03489742801962526,-3.5000000000000027,0.04812455336470182,-26.352665761469595,2.154,0.0040000000000000036,100.47953202901621,True,0.5331409113659297,0.9289473527223322,0.15931967683389986,pyin_probability_below_0.5,-3.7493298130124035,False,-2.0000000000000004,-2.4896871662311773
2.16,2.1173333333333333,2.2026666666666666,False,100.24370365151614,True,0.03489742801962526,-3.700000000000003,0.04665994181717811,-26.62111614174727,2.164,0.0040000000000000036,105.71027207008471,True,0.6359925519585351,5.466568418568571,-0.9192473967051,pyin_probability_below_0.5,-2.870762739473404,False,-2.200000000000002,-1.6111200926921778
2.17,2.1273333333333335,2.212666666666667,False,99.66634240352404,True,0.03010686179419501,-3.8,0.04606650572472309,-26.732294579354736,2.174,0.0040000000000000036,100.6984409744497,True,0.8601190727740239,1.0320985709256547,-0.17835669139852817,pyin_probability_below_0.5,-3.711653444779972,False,-2.3,-2.452010797998746
2.18,2.1373333333333333,2.2226666666666666,False,99.09230651162453,True,0.03010686179419501,-3.900000000000001,0.045495464961917774,-26.84063784275847,2.184,0.0040000000000000036,99.44153358234168,True,0.9059685118332689,0.34922707071714854,-0.06090593109688685,pyin_probability_below_0.5,-3.929104205081613,False,-2.4000000000000004,-2.6694615583003873
2.19,2.1473333333333335,2.232666666666667,False,98.52157682317586,True,0.03010686179419501,-4.0000000000000036,0.044603018319024676,-27.012715025334156,2.194,0.0040000000000000036,97.53166500664965,True,0.9175402953354068,0.9899118165262166,0.17482838747419596,pyin_probability_below_0.5,-4.264838523652701,False,-2.5000000000000013,-3.005195876871477
2.2,2.1573333333333333,2.2426666666666666,False,97.3899599969843,True,0.12793708630129036,-4.199999999999999,0.04279567287110604,-27.372002817495723,2.204,0.0040000000000000036,96.89924097171698,True,0.9446846563579316,0.4907190252673246,0.08745223999380032,pyin_probability_below_0.5,-4.377462376172303,False,-2.699999999999999,-3.1178197293910754
2.21,2.167333333333333,2.252666666666667,False,97.3899599969843,True,0.2796051653363589,-4.199999999999999,0.040912820633855713,-27.76281156207788,2.214,0.0040000000000000036,96.58599772732138,True,0.9398507745044514,0.8039622696629181,0.14350797300710733,pyin_probability_below_0.5,-4.433518109185608,False,-2.699999999999999,-3.173875462404385
2.22,2.1773333333333333,2.2626666666666666,False,96.82903510297565,True,0.32333605839064083,-4.300000000000001,0.038124933668357425,-28.375818065029797,2.224,0.0040000000000000036,95.62614740346778,True,0.9076311945401764,1.202887699507869,0.21641477601825435,pyin_probability_below_0.5,-4.606424912196754,False,-2.8,-3.3467822654155275
2.23,2.187333333333333,2.272666666666667,False,96.27134089862668,True,0.32333605839064083,-4.400000000000002,0.0343170399040819,-29.289803605724064,2.234,0.0040000000000000036,94.76435881463254,True,0.9016595242812117,1.5069820839941315,0.27314191196563536,pyin_probability_below_0.5,-4.7631520481441365,False,-2.8999999999999995,-3.5035094013629093
2.24,2.1973333333333334,2.2826666666666666,False,95.71685877653417,True,0.2407543944755743,-4.500000000000001,0.029678719260480612,-30.55109688599176,2.244,0.0040000000000000036,92.60070961871999,True,0.8215752752303916,3.116149157814178,0.5729976272511239,pyin_probability_below_0.5,-5.163007763429626,False,-2.9999999999999987,-3.9033651166484
2.25,2.207333333333333,2.292666666666667,False,95.71685877653417,True,0.15046460134333878,-4.500000000000001,0.024900330660539607,-32.07589771423447,2.254,0.0040000000000000036,89.59694974483155,True,0.5189878540384083,6.119909031702619,1.143881204795607,pyin_probability_below_0.5|pitch_difference_over_1_semitone,-5.733891340974109,False,-2.9999999999999987,-4.474248694192882
2.26,2.2173333333333334,2.3026666666666666,False,94.61745688474217,True,0.092037570812181,-4.700000000000003,0.021045420016694995,-33.53684804682221,2.2640000000000002,0.004000000000000448,89.48724518097441,True,0.5017311199874466,5.130211703767756,0.9650918202966916,pyin_probability_below_0.5,-5.755101956475195,False,-3.2000000000000006,-4.495459309693969
2.27,2.227333333333333,2.312666666666667,False,94.61745688474217,True,0.03489742801962526,-4.700000000000003,0.0175698486127013,-35.10463961010742,2.274,0.0040000000000000036,,False,0.0,,,pyin_probability_below_0.5|voicing_disagreement,,False,-3.2000000000000006,
2.28,2.2373333333333334,2.3226666666666667,False,94.61745688474217,True,0.010824463728234165,-4.700000000000003,0.013690937840858034,-37.271336026130925,2.2840000000000003,0.004000000000000448,,False,0.0,,,pyin_probability_below_0.5|voicing_disagreement,,False,-3.2000000000000006,
2.29,2.247333333333333,2.332666666666667,False,89.3069870847758,True,0.010001873046012551,-5.699999999999999,0.009637876758138523,-40.320372628557976,2.294,0.0040000000000000036,,False,0.0,,,pyin_probability_below_0.5|voicing_disagreement,,False,-4.199999999999999,
2.3,2.2573333333333334,2.3426666666666667,False,95.71685877653417,True,0.01000012784523254,-4.500000000000001,0.008933025107819008,-40.980028906987755,2.3040000000000003,0.004000000000000448,,False,0.0,,,pyin_probability_below_0.5|voicing_disagreement,,False,-2.9999999999999987,
2.31,2.267333333333333,2.3526666666666665,False,,False,0.010000005216229447,,0.009583334255568298,-40.36966727800923,2.314,0.0040000000000000036,,False,0.0,,,,,False,,
2.32,2.2773333333333334,2.3626666666666667,False,,False,0.010000516719604524,,0.019898499089401535,-34.0235936092668,2.3240000000000003,0.004000000000000448,,False,0.0,,,,,False,,
2.33,2.287333333333333,2.3726666666666665,False,114.4865635674993,True,0.010000127845232541,-1.4000000000000004,0.030254535653669135,-30.384190164561154,2.334,0.0040000000000000036,,False,0.0,,,pyin_probability_below_0.5|voicing_disagreement,,False,0.10000000000000017,
2.34,2.2973333333333334,2.3826666666666667,False,112.51975293079859,True,0.010349055133375846,-1.7000000000000013,0.036835272567723315,-28.67472224349552,2.344,0.0040000000000000036,,False,0.0,,,pyin_probability_below_0.5|voicing_disagreement,,False,-0.19999999999999973,
2.35,2.3073333333333332,2.3926666666666665,False,113.17157322849613,True,0.012403124793551348,-1.6000000000000023,0.04417948018474517,-27.09558796676786,2.354,0.0040000000000000036,,False,0.0,,,pyin_probability_below_0.5|voicing_disagreement,,False,-0.10000000000000067,
2.36,2.3173333333333335,2.4026666666666667,False,113.17157322849613,True,0.026168028608935755,-1.6000000000000023,0.051542953299197364,-25.756614018845866,2.364,0.0040000000000000036,112.86115427595209,True,0.7196658103873745,0.3104189525440404,0.047551361602672454,pyin_probability_below_0.5,-1.737561497781173,False,-0.10000000000000067,-0.4779188509999472
2.37,2.3273333333333333,2.4126666666666665,False,112.51975293079859,True,0.07797523762294818,-1.7000000000000013,0.05527966913189941,-25.14869130060059,2.374,0.0040000000000000036,112.32592216757881,True,0.9214489729524191,0.1938307632197791,0.029848606162538795,pyin_probability_below_0.5,-1.819858742341041,False,-0.19999999999999973,-0.5602160955598149
2.38,2.3373333333333335,2.4226666666666667,False,112.51975293079859,True,0.12793708630129036,-1.7000000000000013,0.05709080174653346,-24.86867715995727,2.384,0.0040000000000000036,113.34473818584054,True,0.9480612545157391,0.8249852550419519,-0.12646954003341945,pyin_probability_below_0.5,-1.6635405961450829,False,-0.19999999999999973,-0.40389794936385737
2.39,2.3473333333333333,2.4326666666666665,False,112.51975293079859,True,0.17653060863289757,-1.7000000000000013,0.057786813644866125,-24.763425035954576,2.394,0.0040000000000000036,112.64786163768156,True,0.9181271323235279,0.12810870688296916,-0.019699651718887604,pyin_probability_below_0.5,-1.7703104844596136,False,-0.19999999999999973,-0.5106678376783886
2.4,2.3573333333333335,2.4426666666666668,False,113.17157322849613,True,0.2065067991177523,-1.6000000000000023,0.05840076387339266,-24.671629446851426,2.404,0.0040000000000000036,110.91819870571389,True,0.9056569317359344,2.253374522782238,0.34818636859697416,pyin_probability_below_0.5,-2.0381965047754766,False,-0.10000000000000067,-0.7785538579942496
2.41,2.3673333333333333,2.4526666666666666,False,113.17157322849613,True,0.07797523762294818,-1.6000000000000023,0.05751097099001643,-24.8049859980555,2.414,0.0040000000000000036,108.6427514301222,True,0.8607111258180724,4.528821798373926,0.7070364137697263,pyin_probability_below_0.5,-2.3970465499482287,False,-0.10000000000000067,-1.1374039031670033
2.42,2.3773333333333335,2.462666666666667,False,113.17157322849613,True,0.01646758759311301,-1.6000000000000023,0.05536301522559291,-25.13560530015291,2.424,0.0040000000000000036,113.24051554878886,True,0.6122902809024149,0.0689423202927344,-0.010543191103080173,pyin_probability_below_0.5,-1.6794669450754243,False,-0.10000000000000067,-0.41982429829419776
2.43,2.3873333333333333,2.4726666666666666,False,111.87168684176291,True,0.010140046044704068,-1.800000000000001,0.051796143876667027,-25.71405142881053,2.434,0.0040000000000000036,,False,0.0,,,pyin_probability_below_0.5|voicing_disagreement,,False,-0.30000000000000004,
2.44,2.3973333333333335,2.482666666666667,False,109.31653398298289,True,0.010000047007977297,-2.200000000000002,0.04617984020933573,-26.710951483086166,2.444,0.0040000000000000036,,False,0.0,,,pyin_probability_below_0.5|voicing_disagreement,,False,-0.7000000000000002,
2.45,2.4073333333333333,2.4926666666666666,False,113.17157322849613,True,0.010000000021701592,-1.6000000000000023,0.043751686700352996,-27.18010399087417,2.454,0.0040000000000000036,,False,0.0,,,pyin_probability_below_0.5|voicing_disagreement,,False,-0.10000000000000067,
2.46,2.417333333333333,2.502666666666667,False,,False,0.0100000000000754,,0.041182041419426815,-27.70584257873184,2.464,0.0040000000000000036,,False,0.0,,,,,False,,
2.47,2.4273333333333333,2.5126666666666666,False,,False,0.0100000000000754,,0.04015172416064865,-27.925916017729232,2.474,0.0040000000000000036,,False,0.0,,,,,False,,
2.48,2.437333333333333,2.522666666666667,False,,False,0.010000000000023851,,0.04237438839667761,-27.45793114114118,2.484,0.0040000000000000036,,False,0.0,,,,,False,,
2.49,2.4473333333333334,2.5326666666666666,False,132.2723599733492,True,0.010000001546554298,1.0999999999999945,0.04619770188606019,-26.707592559451836,2.494,0.0040000000000000036,,False,0.0,,,pyin_probability_below_0.5|voicing_disagreement,,False,2.5999999999999974,
2.5,2.457333333333333,2.542666666666667,False,132.2723599733492,True,0.010000000417925073,1.0999999999999945,0.04872975560169086,-26.24411533531407,2.504,0.0040000000000000036,,False,0.0,,,pyin_probability_below_0.5|voicing_disagreement,,False,2.5999999999999974,
2.51,2.4673333333333334,2.5526666666666666,False,127.03079589645196,True,0.010000000009505967,0.39999999999999736,0.061075337579811394,-24.28268247771053,2.5140000000000002,0.004000000000000448,,False,0.0,,,pyin_probability_below_0.5|voicing_disagreement,,False,1.9000000000000006,
2.52,2.477333333333333,2.562666666666667,False,132.2723599733492,True,0.010000000003996623,1.0999999999999945,0.06132192922791962,-24.247683808297154,2.524,0.0040000000000000036,,False,0.0,,,pyin_probability_below_0.5|voicing_disagreement,,False,2.5999999999999974,
2.53,2.4873333333333334,2.5726666666666667,False,134.5844400993791,True,0.010000000417925077,1.4000000000000004,0.06719731595122767,-23.45296147072429,2.5340000000000003,0.004000000000000448,,False,0.0,,,pyin_probability_below_0.5|voicing_disagreement,,False,2.9000000000000035,
2.54,2.497333333333333,2.582666666666667,False,134.5844400993791,True,0.010000000417925077,1.4000000000000004,0.07161460380637584,-22.899968127639912,2.544,0.0040000000000000036,,False,0.0,,,pyin_probability_below_0.5|voicing_disagreement,,False,2.9000000000000035,
2.55,2.5073333333333334,2.5926666666666667,False,134.5844400993791,True,0.010000001546554296,1.4000000000000004,0.07536122892359427,-22.457040561420357,2.5540000000000003,0.004000000000000448,,False,0.0,,,pyin_probability_below_0.5|voicing_disagreement,,False,2.9000000000000035,
2.56,2.517333333333333,2.6026666666666665,False,125.57172276022992,True,0.010000005216229449,0.19999999999999687,0.07892329850828356,-22.055895444065886,2.564,0.0040000000000000036,135.2692836056268,True,0.5669385738757127,9.697560845396893,-1.2878718236980102,pyin_probability_below_0.5|pitch_difference_over_1_semitone,1.3978616875195073,False,1.6999999999999993,2.6575043343007336
2.57,2.5273333333333334,2.6126666666666667,False,124.84848285663055,True,0.010000009287486629,0.10000000000000017,0.0805896554815867,-21.874414016400998,2.5740000000000003,0.004000000000000448,123.87440687306821,True,0.5174936161594387,0.9740759835623436,0.1356016836654961,pyin_probability_below_0.5,-0.1256118198439985,False,1.6000000000000023,1.134030826937225
2.58,2.537333333333333,2.6226666666666665,False,124.84848285663055,True,0.0100028158258111,0.10000000000000017,0.08048436188947616,-21.8857698969566,2.584,0.0040000000000000036,125.18859391587196,True,0.528738046446301,0.3401110592414085,-0.047097991783884394,pyin_probability_below_0.5,0.05708785560538221,False,1.6000000000000023,1.316730502386608
2.59,2.5473333333333334,2.6326666666666667,False,124.12940850835416,True,0.010026724673810768,0.0,0.072964849434925,-22.737726187441808,2.594,0.0040000000000000036,126.76020407625289,True,0.5699819188650692,2.63079556789873,-0.3630831707909696,pyin_probability_below_0.5,0.2730730346124701,False,1.5000000000000004,1.5327156813936944
2.6,2.5573333333333332,2.6426666666666665,False,124.12940850835416,True,0.010349055133375843,0.0,0.07543252667104788,-22.448826900191076,2.604,0.0040000000000000036,124.56547981080314,True,0.5740354792032969,0.43607130244897974,-0.060712326290716226,pyin_probability_below_0.5,-0.029297809887783157,False,1.5000000000000004,1.2303448368934422
2.61,2.5673333333333335,2.6526666666666667,False,124.12940850835416,True,0.01818737573491218,0.0,0.07838911533017491,-22.114884736163273,2.614,0.0040000000000000036,119.64592888370125,True,0.8055363063920766,4.483479624652915,0.6368837825589568,pyin_probability_below_0.5,-0.7268939187374582,False,1.5000000000000004,0.5327487280437659
2.62,2.5773333333333333,2.6626666666666665,False,124.12940850835416,True,0.018187375734912182,0.0,0.07691784297658964,-22.27945806550411,2.624,0.0040000000000000036,121.78563697143322,True,0.8214214957690814,2.34377153692094,0.3300115246410128,pyin_probability_below_0.5,-0.42002166081951364,False,1.5000000000000004,0.8396209859617108
2.63,2.5873333333333335,2.6726666666666667,False,123.4144757235675,True,0.047686993082531035,-0.10000000000000067,0.0754376173980556,-22.448240733945184,2.634,0.0040000000000000036,121.88797006711204,True,0.8857985187538487,1.5265056564554698,0.2154705530393806,pyin_probability_below_0.5,-0.40548068921788205,False,1.4000000000000004,0.8541619575633421
2.64,2.5973333333333333,2.6826666666666665,False,123.4144757235675,True,0.12793708630129036,-0.10000000000000067,0.07600067282095288,-22.38365125934898,2.644,0.0040000000000000036,122.97542948200277,True,0.9363817016965537,0.43904624156473915,0.06169835621852178,pyin_probability_below_0.5,-0.2517084923970231,False,1.4000000000000004,1.0079341543842006
2.65,2.6073333333333335,2.6926666666666668,False,123.4144757235675,True,0.17653060863289757,-0.10000000000000067,0.07786766471105329,-22.1728569962045,2.654,0.0040000000000000036,123.76688855007968,True,0.9408193261366057,0.35241282651217887,-0.04936533138470132,pyin_probability_below_0.5,-0.14064480479379887,False,1.4000000000000004,1.118997841987429
2.66,2.6173333333333333,2.7026666666666666,False,124.12940850835416,True,0.32333605839064083,0.0,0.07958383183000821,-21.983503082489605,2.664,0.0040000000000000036,124.81801800526983,True,0.8541431239069147,0.6886094969156744,-0.09577502083338188,pyin_probability_below_0.5,0.005764884654878571,False,1.5000000000000004,1.2654075314361064
2.67,2.6273333333333335,2.712666666666667,False,124.12940850835416,True,0.3233360583906409,0.0,0.07861145607084279,-22.09028318969349,2.674,0.0040000000000000036,123.41883762970801,True,0.8856280961091978,0.710570878646152,0.09938813117828735,pyin_probability_below_0.5,-0.1893982673567876,False,1.5000000000000004,1.0702443794244392
2.68,2.6373333333333333,2.7226666666666666,False,124.12940850835416,True,0.42606232904328156,0.0,0.07603450794427634,-22.3797852047891,2.684,0.0040000000000000036,124.08181280065402,True,0.9595490686068279,0.047595707700139656,0.006639450894711112,pyin_probability_below_0.5,-0.09664958707320913,False,1.5000000000000004,1.1629930597080165
2.69,2.6473333333333335,2.732666666666667,False,124.12940850835416,True,0.48498680771591135,0.0,0.07542911778358434,-22.449219434959065,2.694,0.0040000000000000036,124.06652501572141,True,0.9689708631048389,0.06288349263274995,0.008772589006897038,pyin_probability_below_0.5,-0.09878272518540002,False,1.5000000000000004,1.1608599215958273
2.7,2.6573333333333333,2.7426666666666666,False,124.84848285663055,True,0.48498680771591135,0.10000000000000017,0.07458302825654589,-22.547199743600423,2.704,0.0040000000000000036,124.28178736339366,True,0.9809751362823435,0.5666954932368924,0.07876074028272773,pyin_probability_below_0.5,-0.06877087646123178,False,1.6000000000000023,1.1908717703199954
2.71,2.667333333333333,2.752666666666667,False,124.12940850835416,True,0.6159498854580681,0.0,0.07161727703038677,-22.899643907520705,2.714,0.0040000000000000036,124.92420137054216,True,0.9790007413432177,0.7947928621880038,-0.11049646192094295,,0.020486325742441712,True,1.5000000000000004,1.2801289725236673
2.72,2.6773333333333333,2.7626666666666666,False,124.84848285663055,True,0.6860828109301793,0.10000000000000017,0.06685299780874464,-23.497582268382587,2.724,0.0040000000000000036,125.69931109869587,True,0.9778837938250083,0.8508282420653188,-0.1175814371762331,,0.12757130099773084,True,1.6000000000000023,1.3872139477789571
2.73,2.687333333333333,2.772666666666667,False,125.57172276022992,True,0.6860828109301793,0.19999999999999687,0.06419267606558765,-23.850290381222475,2.734,0.0040000000000000036,126.27336249942802,True,0.9845108717472054,0.7016397391981002,-0.09646451890790544,,0.20645438272940103,True,1.6999999999999993,1.4660970295106284
2.74,2.6973333333333334,2.7826666666666666,False,125.57172276022992,True,0.7571601330199093,0.19999999999999687,0.061048268144726754,-24.286533037611147,2.744,0.0040000000000000036,127.21137689908852,True,0.9838969000006428,1.639654138858603,-0.2245929327549097,,0.33458279657640966,True,1.6999999999999993,1.5942254433576353
2.75,2.707333333333333,2.792666666666667,False,126.29915234996876,True,0.6860828109301793,0.2999999999999983,0.05802702573376629,-24.727393786199205,2.754,0.0040000000000000036,128.0815457572745,True,0.982846140256889,1.7823934073057472,-0.242612012493616,,0.45260187631511517,True,1.800000000000001,1.7122445230963403
2.76,2.7173333333333334,2.8026666666666666,False,127.03079589645196,True,0.7571601330199094,0.39999999999999736,0.053358905973734834,-25.455861668202267,2.7640000000000002,0.004000000000000448,128.69239155577918,True,0.9797724130250153,1.6615956593272188,-0.22498166816058157,,0.5349715319820769,True,1.9000000000000006,1.7946141787633052
2.77,2.727333333333333,2.812666666666667,False,127.76667781088264,True,0.7571601330199093,0.5000000000000008,0.0507724393248443,-25.887439414645602,2.774,0.0040000000000000036,129.12284010785592,True,0.987679266468807,1.356162296973281,-0.18279112164845884,,0.5927809854699584,True,2.0000000000000004,1.852423632251183
2.78,2.7373333333333334,2.8226666666666667,False,128.5068226458765,True,0.7571601330199094,0.5999999999999976,0.048668960233750225,-26.254958638954953,2.7840000000000003,0.004000000000000448,129.9902251807409,True,0.9740343451151127,1.4834025348644104,-0.19869822029493386,,0.7086880841164309,True,2.100000000000002,1.968330730897657
2.79,2.747333333333333,2.832666666666667,False,128.5068226458765,True,0.7571601330199094,0.5999999999999976,0.0462947196465865,-26.689370831531768,2.794,0.0040000000000000036,129.03743358046003,True,0.9800513139899196,0.5306109345835353,-0.07133632331546247,,0.5813261871369619,True,2.100000000000002,1.8409688339181864
2.8,2.7573333333333334,2.8426666666666667,False,127.76667781088264,True,0.7571601330199094,0.5000000000000008,0.042730512432076324,-27.385237980263284,2.8040000000000003,0.004000000000000448,127.84384622928552,True,0.9970206429502743,0.07716841840287714,-0.010453137484236808,,0.4204430013057344,True,2.0000000000000004,1.6800856480869593
2.81,2.767333333333333,2.8526666666666665,False,127.76667781088264,True,0.615949885458068,0.5000000000000008,0.0413787173728891,-27.664459508064866,2.814,0.0040000000000000036,127.33579251943243,True,0.9923341813378618,0.4308852914502097,0.05848347891217187,,0.35150638490932784,True,2.0000000000000004,1.611149031690553
2.82,2.7773333333333334,2.8626666666666667,False,129.25125509628117,True,0.015085587297504338,0.7000000000000017,0.046161803100266595,-26.71434471576303,2.8240000000000003,0.004000000000000448,126.25770258493581,True,0.9726135065554407,2.9935525113453565,0.4056826210647629,pyin_probability_below_0.5,0.20430724275673484,False,2.200000000000003,1.4639498895379641
2.83,2.787333333333333,2.8726666666666665,False,129.25125509628117,True,0.015085587297504338,0.7000000000000017,0.05317955156396945,-25.48510658345672,2.834,0.0040000000000000036,124.23415649429803,True,0.955499722424413,5.017098601983136,0.6853969489778099,pyin_probability_below_0.5,-0.07540708515630923,False,2.200000000000003,1.1842355616249165
2.84,2.7973333333333334,2.8826666666666667,False,126.29915234996876,True,0.018187375734912182,0.2999999999999983,0.06355121234476457,-23.937523202870015,2.844,0.0040000000000000036,127.04435048225585,True,0.6760425778891831,0.7451981322870864,-0.10184718267972168,pyin_probability_below_0.5,0.31183704650122024,False,1.800000000000001,1.5714796932824473
2.85,2.8073333333333332,2.8926666666666665,False,124.84848285663055,True,0.026168028608935752,0.10000000000000017,0.07158431793350084,-22.903642174205494,2.854,0.0040000000000000036,132.9630446913219,True,0.5282382502371935,8.114561834691344,-1.0901644035968325,pyin_probability_below_0.5|pitch_difference_over_1_semitone,1.10015426741833,False,1.6000000000000023,2.3597969141995576
2.86,2.8173333333333335,2.9026666666666667,False,124.12940850835416,True,0.034897428019625254,0.0,0.07664250084624705,-22.310606653223537,2.864,0.0040000000000000036,126.88681357678823,True,0.6828629574253132,2.7574050684340676,-0.3803662990133744,pyin_probability_below_0.5,0.29035616283487403,False,1.5000000000000004,1.5499988096161013
2.87,2.8273333333333333,2.9126666666666665,False,124.12940850835416,True,0.047686993082531035,0.0,0.08117149239765346,-21.811929382713476,2.874,0.0040000000000000036,124.82886211644426,True,0.849530290416429,0.6994536080900957,-0.09727904079146543,pyin_probability_below_0.5,0.007268904612964876,False,1.5000000000000004,1.2669115513941924
2.88,2.8373333333333335,2.9226666666666667,False,124.12940850835416,True,0.07797523762294818,0.0,0.08982964005097292,-20.931606810829795,2.884,0.0040000000000000036,123.96385783163149,True,0.9139718297537222,0.16555067672267398,0.02310477951751988,pyin_probability_below_0.5,-0.11311491569602054,False,1.5000000000000004,1.1465277310852056
2.89,2.8473333333333333,2.9326666666666665,False,124.12940850835416,True,0.10857977072874497,0.0,0.09788932544621834,-20.1852932839701,2.894,0.0040000000000000036,123.77234298085315,True,0.9241084809617952,0.35706552750100684,0.049871727224843385,pyin_probability_below_0.5,-0.13988186340334202,False,1.5000000000000004,1.1197607833778824
2.9,2.8573333333333335,2.9426666666666668,False,124.12940850835416,True,0.24075439447557428,0.0,0.10193797681346727,-19.83327980409011,2.904,0.0040000000000000036,124.05365693610639,True,0.9351019113843998,0.07575157224776774,0.010568304085000568,pyin_probability_below_0.5,-0.1005784402634998,False,1.5000000000000004,1.159064206517725
2.91,2.8673333333333333,2.9526666666666666,False,124.12940850835416,True,0.3721358982975087,0.0,0.10159172672494302,-19.862833160727572,2.914,0.0040000000000000036,124.2131214288499,True,0.9349664744654905,0.08371292049574208,-0.011671513842990124,pyin_probability_below_0.5,-0.0783386223355118,False,1.5000000000000004,1.1813040244457136
2.92,2.8773333333333335,2.962666666666667,False,124.12940850835416,True,0.42606232904328145,0.0,0.10097605614134868,-19.915631914145152,2.924,0.0040000000000000036,124.30735412399599,True,0.9251161724616249,0.17794561564183198,-0.024800320057261183,pyin_probability_below_0.5,-0.06520981612124076,False,1.5000000000000004,1.1944328306599867
2.93,2.8873333333333333,2.9726666666666666,False,124.12940850835416,True,0.4260623290432815,0.0,0.10119103901040653,-19.897158896296567,2.934,0.0040000000000000036,124.26404902945768,True,0.9288730303539575,0.13464052110352043,-0.018768149504240387,pyin_probability_below_0.5,-0.07124198667426188,False,1.5000000000000004,1.1884006601069643
2.94,2.8973333333333335,2.982666666666667,False,124.12940850835416,True,0.37213589829750876,0.0,0.09721077806734518,-20.24571161594501,2.944,0.0040000000000000036,123.76852215139286,True,0.945035807465434,0.3608863569613021,0.05040616424027019,pyin_probability_below_0.5,-0.14041630041876907,False,1.5000000000000004,1.1192263463624585
2.95,2.9073333333333333,2.9926666666666666,False,124.12940850835416,True,0.3721358982975087,0.0,0.0918709213062064,-20.73643856763041,2.954,0.0040000000000000036,123.0497997861918,True,0.9359068620251584,1.0796087221623623,0.151231754304876,pyin_probability_below_0.5,-0.24124189048337652,False,1.5000000000000004,1.0184007562978485
2.96,2.917333333333333,3.002666666666667,False,124.12940850835416,True,0.37213589829750876,0.0,0.08652504574191171,-21.257163248835123,2.964,0.0040000000000000036,122.25510032978842,True,0.8896913771305807,1.874308178565741,0.26340363266899386,pyin_probability_below_0.5,-0.3534137688474928,False,1.5000000000000004,0.906228877933734
2.97,2.9273333333333333,3.0126666666666666,False,123.4144757235675,True,0.37213589829750865,-0.10000000000000067,0.08122347341491057,-21.806368848341855,2.974,0.0040000000000000036,122.00719667377523,True,0.7879812841643162,1.4072790497922796,0.19854449581488265,pyin_probability_below_0.5,-0.38855463199338314,False,1.4000000000000004,0.8710880147878413
2.98,2.937333333333333,3.022666666666667,False,123.4144757235675,True,0.3721358982975087,-0.10000000000000067,0.07521431989276807,-22.473989342859383,2.984,0.0040000000000000036,123.56958499386445,True,0.8769767950418128,0.155109270296947,-0.021744762361330605,pyin_probability_below_0.5,-0.1682653738171698,False,1.4000000000000004,1.0913772729640563
2.99,2.9473333333333334,3.0326666666666666,False,122.70366064862014,True,0.37213589829750876,-0.20000000000000362,0.06637232275507414,-23.56025967185099,2.994,0.0040000000000000036,124.37518372130829,True,0.9820801266414936,1.6715230726881458,-0.23424440184371026,pyin_probability_below_0.5,-0.05576573433479295,False,1.2999999999999994,1.2038769124464326
3.0,2.957333333333333,3.042666666666667,False,123.4144757235675,True,0.3721358982975087,-0.10000000000000067,0.060397250447693535,-24.37965663902595,3.004,0.0040000000000000036,124.16381584250897,True,0.9800407362970377,0.7493401189414612,-0.10479812922510792,pyin_probability_below_0.5,-0.08521200695339275,False,1.4000000000000004,1.1744306398278328
3.01,2.9673333333333334,3.0526666666666666,False,124.12940850835416,True,0.4260623290432814,0.0,0.05558724854958674,-25.10049644162661,3.0140000000000002,0.004000000000000448,124.46061684323828,True,0.9885742348853784,0.33120833488412416,-0.046132139466605514,pyin_probability_below_0.5,-0.04387799671189496,False,1.5000000000000004,1.2157646500693307
3.02,2.977333333333333,3.062666666666667,False,124.84848285663055,True,0.8266685594724995,0.10000000000000017,0.05121797251972154,-25.811552344343106,3.024,0.0040000000000000036,124.14243197936642,True,0.9978577374584502,0.7060508772641327,0.09818371053037009,,-0.08819384670887259,True,1.6000000000000023,1.1714488000723535
3.03,2.9873333333333334,3.0726666666666667,False,124.84848285663055,True,0.6860828109301793,0.10000000000000017,0.04938051429983702,-26.128887823756855,3.0340000000000003,0.004000000000000448,124.66377541294482,True,0.996072623161727,0.18470744368573833,0.025631756632301064,,-0.01564189281080507,True,1.6000000000000023,1.2440007539704216
3.04,2.997333333333333,3.082666666666667,False,126.29915234996876,True,0.05607139544589263,0.2999999999999983,0.05289490877429857,-25.531722550840897,3.044,0.0040000000000000036,124.73490484261663,True,0.9969854800417679,1.5642475073521354,0.21575666878090013,pyin_probability_below_0.5,-0.0057668049594021935,False,1.800000000000001,1.253875841821825
3.05,3.0073333333333334,3.0926666666666667,False,125.57172276022992,True,0.06608151270920701,0.19999999999999687,0.05883162522841892,-24.60778308053093,3.0540000000000003,0.004000000000000448,125.08144309081223,True,0.9815492658592675,0.4902796694176885,0.0677262492864556,pyin_probability_below_0.5,0.042263614535040996,False,1.6999999999999993,1.3019062613162673
3.06,3.017333333333333,3.1026666666666665,False,125.57172276022992,True,0.07797523762294818,0.19999999999999687,0.06415951241872507,-23.85477890278889,3.064,0.0040000000000000036,134.48937802617573,True,0.7352468748464734,8.917655265945811,-1.1877673193253662,pyin_probability_below_0.5|pitch_difference_over_1_semitone,1.2977571831468637,False,1.6999999999999993,2.557399829928091
3.07,3.0273333333333334,3.1126666666666667,False,124.84848285663055,True,0.10857977072874499,0.10000000000000017,0.06817125301985122,-23.327974467806747,3.0740000000000003,0.004000000000000448,125.8484867926367,True,0.6225060563564709,1.0000039360061521,-0.13811495590179443,pyin_probability_below_0.5,0.14810481972329445,False,1.6000000000000023,1.4077474665045182
3.08,3.037333333333333,3.1226666666666665,False,124.84848285663055,True,0.17653060863289757,0.10000000000000017,0.07374668356583883,-22.64515010806476,3.084,0.0040000000000000036,125.20325304626718,True,0.9272107551144393,0.3547701896366249,-0.049125085397898324,pyin_probability_below_0.5,0.05911494921939839,False,1.6000000000000023,1.3187575960006235
3.09,3.0473333333333334,3.1326666666666667,False,124.84848285663055,True,0.20650679911775227,0.10000000000000017,0.0814262814506466,-21.784707959513444,3.0940000000000003,0.004000000000000448,125.12928689739806,True,0.9687789904500621,0.28080404076750654,-0.038894476212544264,pyin_probability_below_0.5,0.04888434003404202,False,1.6000000000000023,1.3085269868152685
3.1,3.0573333333333332,3.1426666666666665,False,124.12940850835416,True,0.24075439447557428,0.0,0.08772984687786972,-21.137052573014373,3.104,0.0040000000000000036,124.28887643811436,True,0.9755048583534616,0.15946792976019708,-0.022226733246807434,pyin_probability_below_0.5,-0.06778340293169459,False,1.5000000000000004,1.1918592438495323
3.11,3.0673333333333335,3.1526666666666667,False,124.12940850835416,True,0.3721358982975087,0.0,0.09397390462799145,-20.539854555548,3.114,0.0040000000000000036,124.22672502615315,True,0.9851384488748766,0.09731651779898698,-0.013567426370770153,pyin_probability_below_0.5,-0.07644270980772983,False,1.5000000000000004,1.183199936973498
3.12,3.0773333333333333,3.1626666666666665,False,124.12940850835416,True,0.4849868077159113,0.0,0.0974791526503333,-20.221765092594836,3.124,0.0040000000000000036,123.75315968611923,True,0.9852959183348664,0.3762488222349276,0.05255514955711249,pyin_probability_below_0.5,-0.14256528573561267,False,1.5000000000000004,1.1170773610456135
3.13,3.0873333333333335,3.1726666666666667,False,123.4144757235675,True,0.5485250542599845,-0.10000000000000067,0.10489094969550719,-19.5852396483049,3.134,0.0040000000000000036,123.59013723009315,True,0.9823466028988257,0.1756615065256426,-0.024623931418927505,,-0.16538620475957308,True,1.4000000000000004,1.0942564420216527
3.14,3.0973333333333333,3.1826666666666665,False,123.4144757235675,True,0.5485250542599844,-0.10000000000000067,0.10901132204274959,-19.25056786773188,3.144,0.0040000000000000036,123.44994503251385,True,0.9586063205366075,0.0354693089463467,-0.0049748502096222695,,-0.18503528596887797,True,1.4000000000000004,1.0746073608123472
3.15,3.1073333333333335,3.1926666666666668,False,123.4144757235675,True,0.5485250542599845,-0.10000000000000067,0.1116825243187503,-19.040295568251715,3.154,0.0040000000000000036,122.86365091929228,True,0.9628610844225222,0.5508248042752228,0.07744157057970033,,-0.2674517067582005,True,1.4000000000000004,0.992190940023027
3.16,3.1173333333333333,3.2026666666666666,False,123.4144757235675,True,0.5485250542599845,-0.10000000000000067,0.1141902166751714,-18.847422059455575,3.164,0.0040000000000000036,122.99647285546357,True,0.9728417507925968,0.4180028681039403,0.05873614757719081,,-0.24874628375569238,True,1.4000000000000004,1.0108963630255345
3.17,3.1273333333333335,3.212666666666667,False,123.4144757235675,True,0.5485250542599847,-0.10000000000000067,0.11967822213210887,-18.439697421000986,3.174,0.0040000000000000036,123.41670491945088,True,0.9788212351409833,0.002229195883373336,-0.00031270440026194595,,-0.1896974317782394,True,1.4000000000000004,1.0699452150029871
3.18,3.1373333333333333,3.2226666666666666,False,123.4144757235675,True,0.615949885458068,-0.10000000000000067,0.12388377139933249,-18.139711637343506,3.184,0.0040000000000000036,123.54579219165457,True,0.9850522616761208,0.1313164680870642,-0.018411023287308474,,-0.17159911289119134,True,1.4000000000000004,1.088043533890036
3.19,3.1473333333333335,3.232666666666667,False,123.4144757235675,True,0.7571601330199095,-0.10000000000000067,0.12158235481870971,-18.302588988258776,3.194,0.0040000000000000036,123.96964017424213,True,0.9894592162095001,0.5551644506746243,-0.07770274253926011,,-0.11230739363924083,True,1.4000000000000004,1.1473352531419843
3.2,3.1573333333333333,3.2426666666666666,False,123.4144757235675,True,0.8266685594724996,-0.10000000000000067,0.11690807227780618,-18.643110012063055,3.204,0.0040000000000000036,124.0590349559263,True,0.9778249156008639,0.6445592323587874,-0.09018221060727355,,-0.0998279255712265,True,1.4000000000000004,1.15981472121
3.21,3.167333333333333,3.252666666666667,False,123.4144757235675,True,0.8266685594724996,-0.10000000000000067,0.11278536065637577,-18.95494534725772,3.214,0.0040000000000000036,123.6778206077068,True,0.9588527329658839,0.26334488413930046,-0.036902146239171624,,-0.15310798993932856,True,1.4000000000000004,1.106534656841899
3.22,3.1773333333333333,3.2626666666666666,False,124.12940850835416,True,0.8266685594724996,0.0,0.1096331403333731,-19.20116291550784,3.224,0.0040000000000000036,123.40880749319008,True,0.9544048429740294,0.7206010151640783,0.1007951464951933,,-0.19080528267369268,True,1.5000000000000004,1.0688373641075337
3.23,3.187333333333333,3.272666666666667,False,124.12940850835416,True,0.6860828109301794,0.0,0.10382314072447639,-19.674116750777355,3.234,0.0040000000000000036,123.73117652445922,True,0.9684459877170818,0.3982319838949451,0.05563073798866851,,-0.14564087416716973,True,1.5000000000000004,1.1140017726140548
3.24,3.1973333333333334,3.2826666666666666,False,124.12940850835416,True,0.5485250542599847,0.0,0.09595875684130033,-20.35830774023266,3.244,0.0040000000000000036,124.51008360814598,True,0.9845703560767644,0.3806750997918158,-0.053011547258527504,,-0.036998588919973166,True,1.5000000000000004,1.222644057861253
3.25,3.207333333333333,3.292666666666667,False,124.84848285663055,True,0.3721358982975087,0.10000000000000017,0.09029561827111285,-20.886666479189053,3.254,0.0040000000000000036,126.88600048206439,True,0.9718245706723461,2.0375176254338356,-0.28025536063124346,pyin_probability_below_0.5,0.29024522445274176,False,1.6000000000000023,1.5498878712339677
3.26,3.2173333333333334,3.3026666666666666,False,126.29915234996876,True,0.32333605839064083,0.2999999999999983,0.08342073738282503,-21.574519512082194,3.2640000000000002,0.004000000000000448,129.11689899865743,True,0.9732796855063329,2.8177466486886686,-0.38199454010209943,pyin_probability_below_0.5,0.5919844039235963,False,1.800000000000001,1.8516270507048218
3.27,3.227333333333333,3.312666666666667,False,127.76667781088264,True,0.42606232904328145,0.5000000000000008,0.0788616813900984,-22.06267935361067,3.274,0.0040000000000000036,129.84704933264013,True,0.9751573763931991,2.0803715217574847,-0.2796192849276474,pyin_probability_below_0.5,0.6896091487491453,False,2.0000000000000004,1.9492517955303732
3.28,3.2373333333333334,3.3226666666666667,False,129.25125509628117,True,0.4849868077159113,0.7000000000000017,0.07648236394285972,-22.328773944065546,3.2840000000000003,0.004000000000000448,129.9843361412305,True,0.9815653709154544,0.7330810449493299,-0.09791388926910988,pyin_probability_below_0.5,0.7079037530906089,False,2.200000000000003,1.9675463998718379
3.29,3.247333333333333,3.332666666666667,False,130.0,True,0.6860828109301792,0.8000000000000002,0.0760789013163563,-22.374715356662364,3.294,0.0040000000000000036,129.09758064962534,True,0.9831983661423374,0.9024193503746574,0.12059590980017225,,0.5893939540213261,True,2.3000000000000003,1.8490366008025516
3.3,3.2573333333333334,3.3426666666666667,False,130.75308233882095,True,0.3721358982975087,0.8999999999999985,0.07558089632579224,-22.431759240431596,3.3040000000000003,0.004000000000000448,129.04520942295164,True,0.9835159040304964,1.7078729158693022,0.22762046020712887,pyin_probability_below_0.5,0.5823694036143725,False,2.4000000000000012,1.8420120503955983
3.31,3.267333333333333,3.3526666666666665,False,130.75308233882095,True,0.17653060863289757,0.8999999999999985,0.073516809274447,-22.672267003214586,3.314,0.0040000000000000036,131.77596684496706,True,0.967137903597015,1.022884506146113,-0.13490784748999757,pyin_probability_below_0.5,0.9448977113114976,False,2.4000000000000012,2.2045403580927214
3.32,3.2773333333333334,3.3626666666666667,False,132.2723599733492,True,0.10857977072874497,1.0999999999999945,0.06914918935105882,-23.20425813681302,3.3240000000000003,0.004000000000000448,135.45028301864522,True,0.8754736165774436,3.177923045296012,-0.41102141700419514,pyin_probability_below_0.5,1.4210112808256916,False,2.5999999999999974,2.6806539276069175
3.33,3.287333333333333,3.3726666666666665,False,133.03860595958074,True,0.07797523762294818,1.1999999999999993,0.06550478264408198,-23.674539801658693,3.334,0.0040000000000000036,139.24993482261158,True,0.6328079905859283,6.211328863030843,-0.7899803485187855,pyin_probability_below_0.5,1.899970212340285,False,2.7,3.159612859121511
3.34,3.2973333333333334,3.3826666666666667,False,134.5844400993791,True,0.05607139544589262,1.4000000000000004,0.06074257223951661,-24.330136422943486,3.3440000000000003,0.004000000000000448,139.90796588700522,True,0.43288461948262974,5.323525787626124,-0.6715978052406866,pyin_probability_below_0.5,1.981587669062189,False,2.9000000000000035,3.2412303158434144
3.35,3.3073333333333332,3.3926666666666665,False,136.93693467412865,True,0.03489742801962527,1.6999999999999957,0.05347669182308545,-25.43670933837965,3.354,0.0040000000000000036,140.15267095375606,True,0.7104602249022726,3.215736279627407,-0.40185138576005575,pyin_probability_below_0.5,2.0118412495815505,False,3.2,3.271483896362777
3.36,3.3173333333333335,3.4026666666666667,False,138.52806521170294,True,0.016467587593113005,1.8999999999999972,0.0462471468857226,-26.69830109850227,3.364,0.0040000000000000036,139.1848637289455,True,0.7051969814210363,0.6567985172425495,-0.08188845083920805,pyin_probability_below_0.5,1.8918783146607052,False,3.3999999999999977,3.151520961441929
3.37,3.3273333333333333,3.4126666666666665,False,141.7660052464835,True,0.010349055133375844,2.3000000000000003,0.03926731500983864,-28.11937587134573,3.374,0.0040000000000000036,138.94891424650942,True,0.29629173929149183,2.8170909999740843,0.34748474351474634,pyin_probability_below_0.5,1.8625051203067517,False,3.8000000000000007,3.1221477670879803
3.38,3.3373333333333335,3.4226666666666667,False,140.13768379557115,True,0.010191075496968311,2.099999999999995,0.03073260813039194,-30.24801163341936,3.384,0.0040000000000000036,135.30386162142497,True,0.41130035042541035,4.833822174146178,0.6077032997256681,pyin_probability_below_0.5,1.402286564095831,False,3.599999999999997,2.6619292108770543
3.39,3.3473333333333333,3.4326666666666665,False,137.7302022667084,True,0.0229442191246386,1.800000000000001,0.02989744555907424,-30.487318325143388,3.394,0.0040000000000000036,136.32330882144956,True,0.5835106671871593,1.406893445258845,0.17775238297354712,pyin_probability_below_0.5,1.532237480847952,False,3.3000000000000034,2.79188012762918
3.4,3.3573333333333335,3.4426666666666668,False,135.36407982952485,True,0.010622609040911533,1.5000000000000004,0.02472858851381222,-32.13601344160307,3.404,0.0040000000000000036,129.8662424368458,True,0.5244510990477189,5.49783739267906,0.7178219122215468,pyin_probability_below_0.5,0.6921679515999549,False,3.0000000000000027,1.9518105983811798
3.41,3.3673333333333333,3.4526666666666666,False,,False,0.011853505394683413,,0.020165987322019446,-33.90761020359287,3.414,0.0040000000000000036,132.53875462764395,True,0.7092365915273187,,,voicing_disagreement,1.0448216081215027,False,,2.3044642549027308
3.42,3.3773333333333335,3.462666666666667,False,,False,0.010073751764282884,,0.030251598738318026,-30.38503337567991,3.424,0.0040000000000000036,134.07209788619986,True,0.8809135521995924,,,voicing_disagreement,1.2439586876469249,False,,2.503601334428151
3.43,3.3873333333333333,3.4726666666666666,False,126.29915234996876,True,0.010073751764282884,0.2999999999999983,0.03843472774799554,-28.305523818087583,3.434,0.0040000000000000036,130.96609069497234,True,0.8846412486011549,4.666938345003572,-0.6281803886245374,pyin_probability_below_0.5,0.8381702524460344,False,1.800000000000001,2.0978128992272613
3.44,3.3973333333333335,3.482666666666667,False,127.03079589645196,True,0.0100028158258111,0.39999999999999736,0.051567149598320046,-25.75253747577625,3.444,0.0040000000000000036,126.23341864249034,True,0.6947885919837136,0.7973772539616277,0.10901273326296068,pyin_probability_below_0.5,0.2009771305585395,False,1.9000000000000006,1.4606197773397653
3.45,3.4073333333333333,3.4926666666666666,False,134.5844400993791,True,0.010009025493342986,1.4000000000000004,0.06076000544961107,-24.327643917140946,3.454,0.0040000000000000036,125.04530311482574,True,0.5677681813217175,9.539136984553352,1.2727290535322886,pyin_probability_below_0.5|pitch_difference_over_1_semitone,0.037260810289211035,False,2.9000000000000035,1.2969034570704387
3.46,3.417333333333333,3.502666666666667,False,140.9494931391844,True,0.010259050559778863,2.1999999999999993,0.07300614561644796,-22.732811593489423,3.464,0.0040000000000000036,123.45585647516597,True,0.7113882201030858,17.493636664018425,2.294196162319212,pyin_probability_below_0.5|pitch_difference_over_1_semitone,-0.18420629849771233,False,3.7000000000000015,1.0754363482835156
3.47,3.4273333333333333,3.5126666666666666,False,143.41324688128702,True,0.011085791888943373,2.4999999999999956,0.08239933489863967,-21.681525875527697,3.474,0.0040000000000000036,135.28601942278195,True,0.47072476988115824,8.127227458505075,1.0099863874543433,pyin_probability_below_0.5|pitch_difference_over_1_semitone,1.400003476367153,False,3.9999999999999973,2.6596461231483817
3.48,3.437333333333333,3.522666666666667,False,145.07962854192903,True,0.015085587297504336,2.7,0.09482169894147992,-20.461845351929572,3.484,0.0040000000000000036,141.31597012961527,True,0.8807813925668464,3.7636584123137595,0.455045311375602,pyin_probability_below_0.5,2.154944552445896,False,4.200000000000001,3.414587199227123
3.49,3.4473333333333334,3.5326666666666666,False,145.9200662802185,True,0.030106861794195007,2.8000000000000003,0.10260227346864724,-19.776860319776596,3.494,0.0040000000000000036,143.98229603453848,True,0.9525641821340264,1.9377702456800137,0.23144232181612867,pyin_probability_below_0.5,2.4785475420053675,False,4.3000000000000025,3.7381901887865943
3.5,3.457333333333333,3.542666666666667,False,147.61557577921405,True,0.056071395445892624,2.999999999999999,0.11013448218392223,-19.161533715457416,3.504,0.0040000000000000036,147.14628065499002,True,0.9751347310280204,0.46929512422403263,0.05512656178996199,pyin_probability_below_0.5,2.8548633020315375,False,4.499999999999999,4.114505948812765
3.51,3.4673333333333334,3.5526666666666666,False,147.61557577921405,True,0.32333605839064083,2.999999999999999,0.11143485315607178,-19.05957909778669,3.5140000000000002,0.004000000000000448,148.91614473157722,True,0.9689194682079644,1.3005689523631645,-0.15186258571531214,pyin_probability_below_0.5,3.061852449536811,False,4.499999999999999,4.321495096318037
3.52,3.477333333333333,3.562666666666667,False,148.4707041104003,True,0.42606232904328145,3.0999999999999988,0.1127953401102175,-18.95417683794394,3.524,0.0040000000000000036,150.73493947262895,True,0.9752499615408042,2.2642353622286464,-0.262026888066082,pyin_probability_below_0.5,3.2720167518875813,False,4.600000000000001,4.531659398668808
3.53,3.4873333333333334,3.5726666666666667,False,150.19585059339548,True,0.48498680771591135,3.2999999999999976,0.10892041401493457,-19.257814330839075,3.5340000000000003,0.004000000000000448,151.9379345027546,True,0.9738775095840136,1.7420839093591098,-0.19964588883999146,pyin_probability_below_0.5,3.409635752661486,False,4.799999999999999,4.669278399442715
3.54,3.497333333333333,3.582666666666667,False,151.06592630451914,True,0.48498680771591135,3.3999999999999977,0.10261536107741313,-19.77575244690034,3.544,0.0040000000000000036,151.3738670128143,True,0.9020179473622875,0.3079407082951491,-0.035254462891662466,pyin_probability_below_0.5,3.3452443267131593,False,4.899999999999999,4.604886973494385
3.55,3.5073333333333334,3.5926666666666667,False,152.82122781686914,True,0.3721358982975087,3.6000000000000005,0.0991805988787507,-20.0714654730354,3.5540000000000003,0.004000000000000448,157.26976125929386,True,0.842256742077403,4.4485334424247185,-0.4967561930137554,pyin_probability_below_0.5,4.006746056835253,False,5.100000000000001,5.26638870361648
3.56,3.517333333333333,3.6026666666666665,False,155.49249582586248,True,0.27960516533635893,3.8999999999999977,0.08963152033531631,-20.95078473969984,3.564,0.0040000000000000036,162.6500081639862,True,0.9092486138572649,7.157512338123723,-0.7791112584721529,pyin_probability_below_0.5,4.589101122293648,False,5.399999999999999,5.848743769074873
3.57,3.5273333333333334,3.6126666666666667,False,157.29923159850804,True,0.2065067991177523,4.099999999999998,0.08448595870816751,-21.46430926769777,3.5740000000000003,0.004000000000000448,165.23056898789963,True,0.9808485242400349,7.931337389391587,-0.8516279809836319,pyin_probability_below_0.5,4.861617844805129,False,5.600000000000002,6.121260491586356
3.58,3.537333333333333,3.6226666666666665,False,161.90845090664698,True,0.17653060863289757,4.599999999999999,0.07590207599866487,-22.394926910961352,3.584,0.0040000000000000036,164.20773954360573,True,0.963465977479201,2.2992886369587495,-0.24412604181555542,pyin_probability_below_0.5,4.754115905637055,False,6.100000000000001,6.013758552418279
3.59,3.5473333333333334,3.6326666666666667,False,164.73856077731807,True,0.2796051653363589,4.899999999999999,0.07469943618703008,-22.533653522403064,3.5940000000000003,0.004000000000000448,163.10264505219126,True,0.9631703233146336,1.6359157251268073,0.17277733618329202,pyin_probability_below_0.5,4.637212527638207,False,6.399999999999999,5.89685517441943
3.6,3.5573333333333332,3.6426666666666665,False,168.58914210463126,True,0.09203757081218102,5.299999999999999,0.08360936243099151,-21.554901765943693,3.604,0.0040000000000000036,163.62675605053343,True,0.9736492311784763,4.962386054097834,0.5172353750971527,pyin_probability_below_0.5,4.692754488724346,False,6.800000000000001,5.952397135505572
3.61,3.5673333333333335,3.6526666666666667,False,167.61814009714527,True,0.2796051653363589,5.1999999999999975,0.09460611114755824,-20.48161618275884,3.614,0.0040000000000000036,165.561511476729,True,0.9682998299104729,2.0566286204162623,0.21373158292775013,pyin_probability_below_0.5,4.896258280893745,False,6.699999999999999,6.1559009276749705
3.62,3.5773333333333333,3.6626666666666665,False,167.61814009714527,True,0.3721358982975087,5.1999999999999975,0.0993767366048177,-20.054305379781216,3.624,0.0040000000000000036,171.0759658582109,True,0.8963389055916591,3.457825761065635,-0.3535056314469027,pyin_probability_below_0.5,5.463495495268398,False,6.699999999999999,6.723138142049625
3.63,3.5873333333333335,3.6726666666666667,False,167.61814009714527,True,0.37213589829750865,5.1999999999999975,0.10674521720826412,-19.433031494506942,3.634,0.0040000000000000036,170.34270247464593,True,0.8874148868031113,2.7245623775006607,-0.2791422409160482,pyin_probability_below_0.5,5.389132104737542,False,6.699999999999999,6.64877475151877
3.64,3.5973333333333333,3.6826666666666665,False,166.65273064969477,True,0.4849868077159113,5.100000000000001,0.11440885244204338,-18.830807409812806,3.644,0.0040000000000000036,167.98273973959996,True,0.9479050936481346,1.3300090899051895,-0.13761656190751315,pyin_probability_below_0.5,5.147606425729013,False,6.600000000000003,6.40724907251024
3.65,3.6073333333333335,3.6926666666666668,False,165.6928815515041,True,0.42606232904328145,5.0,0.11631117986637335,-18.687570774920662,3.654,0.0040000000000000036,165.6961571424201,True,0.9849069629513861,0.0032755909160187002,-0.00034224514770662967,pyin_probability_below_0.5,4.9103321089692065,False,6.500000000000001,6.169974755750432
3.66,3.6173333333333333,3.7026666666666666,False,164.73856077731807,True,0.42606232904328145,4.899999999999999,0.12039786034993985,-18.387624621442832,3.664,0.0040000000000000036,164.55626510133536,True,0.992192338529454,0.182295675982715,0.019168021401898824,pyin_probability_below_0.5,4.7908218424195965,False,6.399999999999999,6.050464489200825
3.67,3.6273333333333335,3.712666666666667,False,163.7897364863335,True,0.48498680771591124,4.799999999999999,0.12221430950788542,-18.25755883170836,3.674,0.0040000000000000036,163.29085350723656,True,0.9822481971252487,0.49888297909694757,0.05281168593301251,pyin_probability_below_0.5,4.657178177888484,False,6.300000000000001,5.91682082466971
3.68,3.6373333333333333,3.7226666666666666,False,162.84637702113662,True,0.6159498854580681,4.699999999999999,0.11905326556226803,-18.485173752981655,3.684,0.0040000000000000036,160.91657756914515,True,0.9798538228451541,1.929799451991471,0.20638396321397445,,4.403605900607523,True,6.199999999999999,5.663248547388747
3.69,3.6473333333333335,3.732666666666667,False,160.97592684906726,True,0.6159498854580681,4.499999999999999,0.10890868846494332,-19.258749438518524,3.694,0.0040000000000000036,158.82676392852096,True,0.9896896524485438,2.1491629205463028,0.23269097762476676,,4.177298886196732,True,6.000000000000002,5.43694153297796
3.7,3.6573333333333333,3.7426666666666666,False,159.12696062960518,True,0.5485250542599844,4.299999999999999,0.10639156690364082,-19.46185589803026,3.704,0.0040000000000000036,157.263176900642,True,0.9926374643108484,1.8637837289631705,0.20396863192557665,,4.006021231895922,True,5.800000000000001,5.265663878677146
3.71,3.667333333333333,3.752666666666667,False,158.21045677717683,True,0.4849868077159113,4.199999999999998,0.10439892690260898,-19.626079306880236,3.714,0.0040000000000000036,155.28585145531005,True,0.989109559610948,2.9246053218667782,0.3230228280832035,pyin_probability_below_0.5,3.786967035738294,False,5.700000000000003,5.046609682519522
3.72,3.6773333333333333,3.7626666666666666,False,155.49249582586248,True,0.5485250542599844,3.8999999999999977,0.09799826495106118,-20.175632267548153,3.724,0.0040000000000000036,152.60007820519385,True,0.988697041091947,2.892417620668624,0.3250710606648353,,3.4849188031566576,True,5.399999999999999,4.744561449937883
3.73,3.687333333333333,3.772666666666667,False,152.82122781686914,True,0.4849868077159113,3.6000000000000005,0.09573371602462356,-20.378701661459424,3.734,0.0040000000000000036,151.1736924949069,True,0.9931277350820753,1.6475353219622377,0.18765426539479008,pyin_probability_below_0.5,3.322335598426709,False,5.100000000000001,4.581978245207934
3.74,3.6973333333333334,3.7826666666666666,False,150.19585059339548,True,0.3721358982975087,3.2999999999999976,0.09553352610880522,-20.39688384604059,3.744,0.0040000000000000036,151.03460100197353,True,0.9846861813992239,0.8387504085780506,-0.0964097096392276,pyin_probability_below_0.5,3.306399573460725,False,4.799999999999999,4.5660422202419495
3.75,3.707333333333333,3.792666666666667,False,148.4707041104003,True,0.3233360583906408,3.0999999999999988,0.09272593936207159,-20.655975166954363,3.754,0.0040000000000000036,149.44172951060824,True,0.987557880344058,0.9710254002079353,-0.11285720224121823,pyin_probability_below_0.5,3.122847066062718,False,4.600000000000001,4.3824897128439435
3.76,3.7173333333333334,3.8026666666666666,False,145.9200662802185,True,0.2065067991177523,2.8000000000000003,0.09199441576662645,-20.724770686859646,3.7640000000000002,0.004000000000000448,146.2446384971168,True,0.9821990324996516,0.3245722168983036,-0.03846533788973891,pyin_probability_below_0.5,2.7484552017112387,False,4.3000000000000025,4.008097848492464
3.77,3.727333333333333,3.812666666666667,False,144.24403136881983,True,0.09203757081218102,2.5999999999999974,0.09000302677533388,-20.914857702386414,3.774,0.0040000000000000036,142.5660386108829,True,0.9620493015353927,1.67799275793692,0.20257526818069,pyin_probability_below_0.5,2.3074145956408074,False,4.099999999999998,3.567057242422033
3.78,3.7373333333333334,3.8226666666666667,False,141.7660052464835,True,0.04069733156888106,2.3000000000000003,0.09027622430416313,-20.88853226130452,3.7840000000000003,0.004000000000000448,138.58305625810948,True,0.9408908309397113,3.1829489883740223,0.3931289388403109,pyin_probability_below_0.5,1.8168609249811878,False,3.8000000000000007,3.0765035717624154
3.79,3.747333333333333,3.832666666666667,False,137.7302022667084,True,0.030106861794195007,1.800000000000001,0.08934270183808286,-20.978818360850262,3.794,0.0040000000000000036,134.02768465548058,True,0.9472244311868444,3.702517611227819,0.4717670777277,pyin_probability_below_0.5,1.238222786093803,False,3.3000000000000034,2.4978654328750274
3.8,3.7573333333333334,3.8426666666666667,False,133.80929076365396,True,0.020317628556360583,1.2999999999999994,0.09122305743648354,-20.797907520318283,3.8040000000000003,0.004000000000000448,130.64561115419517,True,0.9717406351311212,3.1636796094587964,0.4142355558181946,pyin_probability_below_0.5,0.7957543080033065,False,2.8000000000000003,2.055396954784532
3.81,3.767333333333333,3.8526666666666665,False,129.25125509628117,True,0.0229442191246386,0.7000000000000017,0.08843682108250121,-21.067337536054822,3.814,0.0040000000000000036,128.28581434128603,True,0.9684575886496999,0.9654407549951429,0.12979970150180106,pyin_probability_below_0.5,0.4801901623196985,False,2.200000000000003,1.7398328091009247
3.82,3.7773333333333334,3.8626666666666667,False,127.03079589645196,True,0.015085587297504338,0.39999999999999736,0.08763541593980899,-21.14640695452087,3.8240000000000003,0.004000000000000448,126.6650425611664,True,0.9099977673603287,0.36575333528556087,0.049918443295045335,pyin_probability_below_0.5,0.26007142052645105,False,1.9000000000000006,1.5197140673076779
3.83,3.787333333333333,3.8726666666666665,False,124.12940850835416,True,0.016467587593113005,0.0,0.08483653058356613,-21.428342008017978,3.834,0.0040000000000000036,123.17317674635429,True,0.9201294631599979,0.9562317619998737,0.13388208083507935,pyin_probability_below_0.5,-0.2238922170135807,False,1.5000000000000004,1.035750429767646
3.84,3.7973333333333334,3.8826666666666667,False,122.70366064862014,True,0.011853505394683413,-0.20000000000000362,0.08064573576974957,-21.868371829140294,3.8440000000000003,0.004000000000000448,119.37653620671976,True,0.9182436336838957,3.3271244419003807,0.47590789456109284,pyin_probability_below_0.5,-0.7659180307395973,False,1.2999999999999994,0.49372461604162915
3.85,3.8073333333333332,3.8926666666666665,False,121.29428889978496,True,0.010349055133375843,-0.4000000000000028,0.08079140002333887,-21.85269731945541,3.854,0.0040000000000000036,114.11347152937529,True,0.85487570563565,7.18081737040967,1.0565100712306128,pyin_probability_below_0.5|pitch_difference_over_1_semitone,-1.546520207409114,False,1.099999999999998,-0.2868775606278886
3.86,3.8173333333333335,3.9026666666666667,False,119.21052561660726,True,0.01010197459374499,-0.7000000000000022,0.07889297631138215,-22.059233189294144,3.864,0.0040000000000000036,111.20375456488486,True,0.8123670797250531,8.006771051722396,1.2036734970526015,pyin_probability_below_0.5|pitch_difference_over_1_semitone,-1.9936836332311056,False,0.8000000000000002,-0.7340409864498796
3.87,3.8273333333333333,3.9126666666666665,False,113.17157322849613,True,0.010349055133375844,-1.6000000000000023,0.07160551149571595,-22.90107097282177,3.874,0.0040000000000000036,106.52635655872189,True,0.8137923619270875,6.645216669774243,1.0476143956368786,pyin_probability_below_0.5|pitch_difference_over_1_semitone,-2.737624531815384,False,-0.10000000000000067,-1.4779818850341568
3.88,3.8373333333333335,3.9226666666666667,False,109.31653398298289,True,0.010349055133375843,-2.200000000000002,0.06764938470502284,-23.394722982192956,3.884,0.0040000000000000036,104.70521205267254,True,0.8633914922717573,4.611321930310353,0.7461403706294188,pyin_probability_below_0.5,-3.036150506807921,False,-0.7000000000000002,-1.7765078600266953
3.89,3.8473333333333333,3.9326666666666665,False,106.2045044606715,True,0.011853505394683413,-2.699999999999999,0.06342409303264983,-23.954914689844543,3.894,0.0040000000000000036,102.82830527326799,True,0.8699372440866769,3.3761991874035147,0.559290126865511,pyin_probability_below_0.5,-3.34930026304401,False,-1.199999999999998,-2.089657616262785
3.9,3.8573333333333335,3.9426666666666668,False,103.77879022636449,True,0.015085587297504336,-3.100000000000001,0.06020112495077273,-24.407907864096586,3.904,0.0040000000000000036,100.70830005223083,True,0.9182242541933318,3.070490174133667,0.5199483930218121,pyin_probability_below_0.5,-3.709958529200315,False,-1.5999999999999979,-2.4503158824190883
3.91,3.8673333333333333,3.9526666666666666,False,102.5867891540234,True,0.047686993082531035,-3.3000000000000007,0.05358287754699136,-25.4194793460146,3.914,0.0040000000000000036,98.85994224034569,True,0.9125250002506693,3.7268469136777185,0.6406438548212257,pyin_probability_below_0.5,-4.030653990999728,False,-1.799999999999999,-2.771011344218502
3.92,3.8773333333333335,3.962666666666667,False,101.40847938173854,True,0.0779752376229482,-3.5000000000000027,0.04924638421588922,-26.152513018143125,3.924,0.0040000000000000036,98.37563271716674,True,0.9410550387932574,3.0328466645718066,0.5256645030617897,pyin_probability_below_0.5,-4.115674639240292,False,-2.0000000000000004,-2.8560319924590654
3.93,3.8873333333333333,3.9726666666666666,False,100.24370365151614,True,0.10857977072874497,-3.700000000000003,0.04501015306740948,-26.93379020280862,3.934,0.0040000000000000036,99.08115842339109,True,0.8331635508537235,1.1625452281250546,0.20194778346923506,pyin_probability_below_0.5,-3.9919579196477386,False,-2.200000000000002,-2.732315272866512
3.94,3.8973333333333335,3.982666666666667,False,99.09230651162453,True,0.12793708630129036,-3.900000000000001,0.03977943083405782,-28.00682870145456,3.944,0.0040000000000000036,102.58221460636501,True,0.7678774905145713,3.4899080947404855,-0.5992279913123867,pyin_probability_below_0.5,-3.390782144866115,False,-2.4000000000000004,-2.131139498084888
3.95,3.9073333333333333,3.9926666666666666,False,99.09230651162453,True,0.06608151270920701,-3.900000000000001,0.03655785052760999,-28.740386943359756,3.954,0.0040000000000000036,98.78117540392051,True,0.7336013138760287,0.3111311077040142,0.054442991154943096,pyin_probability_below_0.5,-4.044453127333447,False,-2.4000000000000004,-2.7848104805522196
3.96,3.917333333333333,4.002666666666666,False,99.09230651162453,True,0.03010686179419501,-3.900000000000001,0.032960225169956996,-29.640196601066528,3.964,0.0040000000000000036,94.65267995500861,True,0.5937505014217025,4.43962655661592,0.7935563654911381,pyin_probability_below_0.5,-4.783566501669639,False,-2.4000000000000004,-3.5239238548884133
3.97,3.9273333333333333,4.012666666666667,False,99.66634240352404,True,0.015085587297504338,-3.8,0.02924234409927057,-30.679756335669342,3.974,0.0040000000000000036,105.77003794678461,True,0.37063080017417527,6.103695543260571,-1.0290325841262329,pyin_probability_below_0.5|pitch_difference_over_1_semitone,-2.860977552052267,False,-2.3,-1.6013349052710408
3.98,3.937333333333333,4.022666666666667,False,100.82440951919276,True,0.012403124793551348,-3.6000000000000014,0.026194092881604958,-31.63593273709398,3.984,0.0040000000000000036,101.41528432641087,True,0.6239846631746755,0.590874807218114,-0.10116169345324733,pyin_probability_below_0.5,-3.5888484427252543,False,-2.0999999999999996,-2.3292057959440284
3.99,3.9473333333333334,4.032666666666667,False,98.52157682317586,True,0.013100262550513395,-4.0000000000000036,0.02457228471579984,-32.191089224216654,3.994,0.0040000000000000036,99.14199827457088,True,0.7271042358414032,0.6204214513950177,-0.1086794335486566,pyin_probability_below_0.5,-3.9813307026298466,False,-2.5000000000000013,-2.721688055848621
4.0,3.957333333333333,4.042666666666666,False,100.82440951919276,True,0.010467533617069905,-3.6000000000000014,0.02462331383305603,-32.17306999270603,4.0040000000000004,0.004000000000000448,102.03659371392402,True,0.8653017543867062,1.2121841947312646,-0.20690024163526932,pyin_probability_below_0.5,-3.483109894543231,False,-2.0999999999999996,-2.2234672477620063
4.01,3.9673333333333334,4.052666666666667,False,101.40847938173854,True,0.026168028608935755,-3.5000000000000027,0.026675017614580927,-31.47790570242766,4.014,0.004000000000000448,99.78783435888792,True,0.9454524773492016,1.6206450228506242,0.27890933754902014,pyin_probability_below_0.5,-3.8689194737275248,False,-2.0000000000000004,-2.6092768269462976
4.02,3.977333333333333,4.062666666666667,False,100.24370365151614,True,0.09203757081218102,-3.700000000000003,0.02991394856858261,-30.482525147354643,4.024,0.004000000000000448,102.33037838855998,True,0.8822541286023234,2.086674737043836,-0.3566744665934861,pyin_probability_below_0.5,-3.433335669585016,False,-2.200000000000002,-2.173693022803791
4.03,3.9873333333333334,4.072666666666667,False,101.40847938173854,True,0.1504646013433388,-3.5000000000000027,0.03308219737307082,-29.608113032386598,4.034,0.0039999999999995595,102.22419945616737,True,0.8970395759197092,0.8157200744288247,-0.1387016984943452,pyin_probability_below_0.5,-3.4513084376841574,False,-2.0000000000000004,-2.191665790902932
4.04,3.997333333333333,4.082666666666666,False,101.99593272657759,True,0.20650679911775227,-3.4000000000000012,0.03559803600789794,-28.97147923967802,4.0440000000000005,0.004000000000000448,100.11895144731832,True,0.9530631230696108,1.8769812792592688,0.32155843776435833,pyin_probability_below_0.5,-3.8115685739428615,False,-1.9000000000000006,-2.5519259271616352
4.05,4.007333333333333,4.092666666666666,False,103.18106837793296,True,0.20650679911775227,-3.200000000000003,0.0378779594291999,-28.432268509166736,4.054,0.004000000000000448,100.32927273788802,True,0.9483360065943192,2.8517956400449407,0.48522830667133776,pyin_probability_below_0.5,-3.7752384428498433,False,-1.7000000000000013,-2.5155957960686166
4.06,4.017333333333333,4.102666666666667,False,103.77879022636449,True,0.32333605839064083,-3.100000000000001,0.03857718191599898,-28.273390019603486,4.064,0.004000000000000448,103.47795959353051,True,0.961183207093435,0.3008306328339785,0.05025733548042967,pyin_probability_below_0.5,-3.240267471658932,False,-1.5999999999999979,-1.980624824877704
4.07,4.027333333333333,4.112666666666667,False,103.77879022636449,True,0.42606232904328145,-3.100000000000001,0.03829052440522718,-28.338173715231207,4.074,0.0039999999999995595,104.535654799696,True,0.9567910185549604,0.7568645733315122,-0.1258016922871002,pyin_probability_below_0.5,-3.0642084438914,False,-1.5999999999999979,-1.804565797110174
4.08,4.037333333333334,4.1226666666666665,False,103.77879022636449,True,0.3721358982975087,-3.100000000000001,0.036912403176768464,-28.656553584066096,4.0840000000000005,0.004000000000000448,107.85893181475679,True,0.9267509226955444,4.080141588392294,-0.6676083358813989,pyin_probability_below_0.5,-2.522401800297102,False,-1.5999999999999979,-1.262759153515875
4.09,4.0473333333333334,4.132666666666666,False,104.37997464223893,True,0.3721358982975087,-3.0000000000000036,0.034672234308976646,-29.200363422543415,4.094,0.004000000000000448,107.76975815253502,True,0.9200864263774644,3.389783510296084,-0.5532892312072788,pyin_probability_below_0.5,-2.536720904971225,False,-1.5000000000000004,-1.2770782581899978
4.1,4.057333333333333,4.142666666666667,False,106.2045044606715,True,0.42606232904328145,-2.699999999999999,0.03141493634231966,-30.05727631960213,4.104,0.004000000000000448,106.30420801178062,True,0.9277809760525323,0.09970355110911555,-0.016244999383784334,pyin_probability_below_0.5,-2.773765136794715,False,-1.199999999999998,-1.5141224900134898
4.11,4.067333333333333,4.152666666666667,False,107.43854136004751,True,0.2796051653363589,-2.5000000000000036,0.027075911616724284,-31.348338244599134,4.114,0.0039999999999995595,108.91607249813258,True,0.7418020915479347,1.4775311380850695,-0.23646290100561468,pyin_probability_below_0.5,-2.35354723517289,False,-1.0000000000000013,-1.0939045883916618
4.12,4.077333333333334,4.1626666666666665,False,108.06092649856241,True,0.10857977072874497,-2.4000000000000026,0.022173289521662025,-33.083397445667806,4.124,0.0039999999999995595,122.95186075181988,True,0.5342977947959437,14.89093425325747,-2.2349833468757545,pyin_probability_below_0.5|pitch_difference_over_1_semitone,-0.25502678930274714,False,-0.9000000000000006,1.0046158574784767
4.13,4.0873333333333335,4.172666666666666,False,108.68691707750624,True,0.018187375734912182,-2.3,0.015933046443973056,-35.95402355828618,4.134,0.004000000000000448,,False,0.0,,,pyin_probability_below_0.5|voicing_disagreement,,False,-0.7999999999999968,
4.14,4.097333333333333,4.182666666666667,False,111.87168684176291,True,0.010191075496968311,-1.800000000000001,0.012316395925202969,-38.19032717263056,4.144,0.004000000000000448,,False,0.0,,,pyin_probability_below_0.5|voicing_disagreement,,False,-0.30000000000000004,
4.15,4.107333333333333,4.192666666666667,False,121.9969395672486,True,0.010140046044704068,-0.30000000000000204,0.010183634925931957,-39.84194356276581,4.154,0.0039999999999995595,,False,0.0,,,pyin_probability_below_0.5|voicing_disagreement,,False,1.1999999999999993,
4.16,4.117333333333334,4.2026666666666666,False,,False,0.010140046044704068,,0.00882208090151908,-41.0885792781887,4.164,0.0039999999999995595,,False,0.0,,,,,False,,
4.17,4.1273333333333335,4.212666666666666,False,,False,0.010000000047726023,,0.010491168786368328,-39.5835225160252,4.174,0.004000000000000448,,False,0.0,,,,,False,,
4.18,4.137333333333333,4.222666666666667,False,,False,0.010000000000221911,,0.01383218629447922,-37.182183410704226,4.184,0.004000000000000448,,False,0.0,,,,,False,,
4.19,4.147333333333333,4.232666666666667,False,,False,0.010000000021701592,,0.02473095908764811,-32.1351808200474,4.194,0.0039999999999995595,,False,0.0,,,,,False,,
4.2,4.157333333333334,4.242666666666667,False,156.39325469067515,True,0.01010197459374499,3.9999999999999973,0.04628151221051775,-26.691849185436908,4.204,0.0039999999999995595,,False,0.0,,,pyin_probability_below_0.5|voicing_disagreement,,False,5.499999999999998,
4.21,4.167333333333334,4.252666666666666,False,152.82122781686914,True,0.013100262550513395,3.6000000000000005,0.054445735811941294,-25.28072257008798,4.214,0.004000000000000448,,False,0.0,,,pyin_probability_below_0.5|voicing_disagreement,,False,5.100000000000001,
4.22,4.177333333333333,4.262666666666667,False,151.9410423129619,True,0.026168028608935755,3.4999999999999982,0.0626667295942228,-24.059259387073908,4.224,0.004000000000000448,152.58757864668866,True,0.6032995946110024,0.6465363337267434,-0.0735108176773062,pyin_probability_below_0.5,3.4835006814988043,False,5.0,4.743143328280029
4.23,4.187333333333333,4.272666666666667,False,149.33078614961454,True,0.04069733156888105,3.1999999999999966,0.07057225307008692,-23.027320343598365,4.234,0.0039999999999995595,152.92033924528977,True,0.7340348985158872,3.589553095675228,-0.41122419088725903,pyin_probability_below_0.5,3.521214054708757,False,4.699999999999999,4.780856701489983
4.24,4.197333333333333,4.282666666666667,False,148.4707041104003,True,0.06608151270920701,3.0999999999999988,0.07494638560389534,-22.50498613560259,4.244,0.0039999999999995595,149.60461260510039,True,0.8392331315219457,1.13390849470008,-0.13171640547327357,pyin_probability_below_0.5,3.1417062692947715,False,4.600000000000001,4.401348916075998
4.25,4.207333333333334,4.292666666666666,False,146.76537262479707,True,0.06608151270920702,2.9,0.08240598213569743,-21.680825204353344,4.2540000000000004,0.004000000000000448,148.04031505535818,True,0.9377421811325962,1.2749424305611115,-0.14974185365424356,pyin_probability_below_0.5,2.9597317174757407,False,4.400000000000002,4.219374364256966
4.26,4.217333333333333,4.302666666666667,False,145.9200662802185,True,0.09203757081218103,2.8000000000000003,0.08710987136694615,-21.19865255144799,4.264,0.004000000000000448,146.48517069392966,True,0.9441702551965521,0.5651044137111683,-0.06691598484554091,pyin_probability_below_0.5,2.776905848667041,False,4.3000000000000025,4.036548495448267
4.27,4.227333333333333,4.312666666666667,False,145.07962854192903,True,0.15046460134333883,2.7,0.09242544084027604,-20.68416938603729,4.274,0.004000000000000448,143.82419179373665,True,0.9475946445386068,1.2554367481923805,0.15046312114397212,pyin_probability_below_0.5,2.4595267426775242,False,4.200000000000001,3.7191693894587505
4.28,4.237333333333333,4.322666666666667,False,145.07962854192903,True,0.32333605839064083,2.7,0.09009244867873945,-20.906232179217916,4.284,0.0039999999999995595,142.29172608617964,True,0.9517748912844689,2.787902455749389,0.3359181774149391,pyin_probability_below_0.5,2.274071686406558,False,4.200000000000001,3.5337143331877856
4.29,4.247333333333334,4.332666666666666,False,145.07962854192903,True,0.2796051653363589,2.7,0.09293017672470386,-20.636864739085876,4.2940000000000005,0.004000000000000448,142.9719861619074,True,0.9396428377305625,2.107642380021616,0.25334955146399235,pyin_probability_below_0.5,2.356640312357504,False,4.200000000000001,3.6162829591387284
4.3,4.257333333333333,4.342666666666666,False,144.24403136881983,True,0.3233360583906409,2.5999999999999974,0.0937957575098352,-20.5563360963284,4.304,0.004000000000000448,144.3355188206279,True,0.9315855887796335,0.09148745180806372,-0.010976952236203782,pyin_probability_below_0.5,2.5209668160576992,False,4.099999999999998,3.780609462838925
4.31,4.267333333333333,4.352666666666667,False,144.24403136881983,True,0.2796051653363589,2.5999999999999974,0.09490767771932633,-20.453973063095297,4.314,0.004000000000000448,146.16824245079152,True,0.9345831549973287,1.9242110819716913,-0.22941926309352356,pyin_probability_below_0.5,2.739409126915021,False,4.099999999999998,3.9990517736962445
4.32,4.277333333333333,4.362666666666667,False,144.24403136881983,True,0.15046460134333883,2.5999999999999974,0.0907223239373565,-20.845716668969718,4.324,0.0039999999999995595,146.23626704231097,True,0.9266044822282875,1.9922356734911375,-0.23747430241839712,pyin_probability_below_0.5,2.747464166239893,False,4.099999999999998,4.007106813021117
4.33,4.287333333333334,4.3726666666666665,False,144.24403136881983,True,0.1279370863012904,2.5999999999999974,0.08678521267899218,-21.231085357993447,4.3340000000000005,0.004000000000000448,144.48239802057572,True,0.91699351257573,0.23836665175588223,-0.028585436969545727,pyin_probability_below_0.5,2.5385753007910417,False,4.099999999999998,3.7982179475722657
4.34,4.2973333333333334,4.382666666666666,False,144.24403136881983,True,0.06608151270920702,2.5999999999999974,0.08247805635266414,-21.67323164053801,4.344,0.004000000000000448,141.2799677102964,True,0.693089500403574,2.964063658523429,0.3594564586119859,pyin_probability_below_0.5,2.1505334052095106,False,4.099999999999998,3.410176051990737
4.35,4.307333333333333,4.392666666666667,False,144.24403136881983,True,0.04069733156888105,2.5999999999999974,0.07653861832538122,-22.322387638435973,4.354,0.004000000000000448,133.96016871297238,True,0.4510665942104996,10.283862655847457,1.2804903015252556,pyin_probability_below_0.5|pitch_difference_over_1_semitone,1.2294995622962404,False,4.099999999999998,2.4891422090774675
4.36,4.317333333333333,4.402666666666667,False,143.41324688128702,True,0.0229442191246386,2.4999999999999956,0.07208912010751387,-22.84260550555967,4.364,0.0039999999999995595,132.44077137633,True,0.6158613384523568,10.972475504957032,1.3779716561138011,pyin_probability_below_0.5|pitch_difference_over_1_semitone,1.032018207707695,False,3.9999999999999973,2.291660854488918
4.37,4.327333333333334,4.4126666666666665,False,140.9494931391844,True,0.013100262550513395,2.1999999999999993,0.0626794163234588,-24.057501127502675,4.3740000000000006,0.004000000000000448,122.65409721854714,True,0.841153267489421,18.29539592063726,2.406994349772673,pyin_probability_below_0.5|pitch_difference_over_1_semitone,-0.2970044859511732,False,3.7000000000000015,0.9626381608300518
4.38,4.3373333333333335,4.422666666666666,False,135.36407982952485,True,0.010349055133375844,1.5000000000000004,0.05542252762968814,-25.126273428674615,4.384,0.004000000000000448,118.81693306783215,True,0.857685992011824,16.5471467616927,2.2572540199107776,pyin_probability_below_0.5|pitch_difference_over_1_semitone,-0.8472641560892782,False,3.0000000000000027,0.41237849069194754
4.39,4.347333333333333,4.432666666666667,False,124.84848285663055,True,0.010824463728234167,0.10000000000000017,0.03856339697013058,-28.276494339573155,4.394,0.004000000000000448,116.77531636554825,True,0.7782973608131387,8.073166491082304,1.157315235048185,pyin_probability_below_0.5|pitch_difference_over_1_semitone,-1.147325371226687,False,1.6000000000000023,0.11231727555454024
4.4,4.357333333333333,4.442666666666667,False,121.29428889978496,True,0.01010197459374499,-0.4000000000000028,0.03903481283501443,-28.170957973182137,4.404,0.0039999999999995595,114.00839007768762,True,0.7255006899728629,7.285898822097337,1.072459493935872,pyin_probability_below_0.5|pitch_difference_over_1_semitone,-1.562469630114375,False,1.099999999999998,-0.3028269833331481
4.41,4.367333333333334,4.4526666666666666,False,129.25125509628117,True,0.0100028158258111,0.7000000000000017,0.04061097474553308,-27.82713172877799,4.414,0.0039999999999995595,114.69294757867155,True,0.610436298783105,14.55830751760962,2.068819278641203,pyin_probability_below_0.5|pitch_difference_over_1_semitone,-1.458829414819702,False,2.200000000000003,-0.19918676803847507
4.42,4.3773333333333335,4.462666666666666,False,119.9011051661721,True,0.010000127845232541,-0.6000000000000011,0.04496517658886938,-26.942473933403207,4.424,0.004000000000000448,,False,0.0,,,pyin_probability_below_0.5|voicing_disagreement,,False,0.9000000000000021,
4.43,4.387333333333333,4.472666666666667,False,109.31653398298289,True,0.010000078102280324,-2.200000000000002,0.04974360382581974,-26.065255082981928,4.434,0.004000000000000448,,False,0.0,,,pyin_probability_below_0.5|voicing_disagreement,,False,-0.7000000000000002,
4.44,4.397333333333333,4.482666666666667,False,106.81974089615274,True,0.01000419105279527,-2.6000000000000005,0.0536845696628638,-25.403010477161608,4.444,0.0039999999999995595,,False,0.0,,,pyin_probability_below_0.5|voicing_disagreement,,False,-1.0999999999999999,
4.45,4.407333333333334,4.492666666666667,False,105.59281152631061,True,0.010037765502929688,-2.800000000000002,0.05889224338370845,-24.59883803549207,4.454,0.0039999999999995595,110.54180497696436,True,0.49235095645431043,4.948993450653745,-0.7929654190242788,pyin_probability_below_0.5,-2.0970447171542244,False,-1.3000000000000005,-0.8374020703729979
4.46,4.417333333333334,4.502666666666666,False,104.98464168400547,True,0.010259050559778863,-2.8999999999999995,0.062287797468054774,-24.111940515084804,4.464,0.004000000000000448,106.26789604143697,True,0.866666817330078,1.2832543574315025,-0.21033034559239833,pyin_probability_below_0.5,-2.7796797905861044,False,-1.3999999999999984,-1.5200371438048783
4.47,4.427333333333333,4.512666666666667,False,103.18106837793296,True,0.010140046044704068,-3.200000000000003,0.06631291702612836,-23.568037351430423,4.474,0.004000000000000448,104.4174706109127,True,0.9385301540076819,1.2364022329797422,-0.20621792074992812,pyin_probability_below_0.5,-3.083792215428574,False,-1.7000000000000013,-1.8241495686473481
4.48,4.437333333333333,4.522666666666667,False,101.99593272657759,True,0.010622609040911533,-3.4000000000000012,0.06894196719086372,-23.230326571753196,4.484,0.0039999999999995595,103.72785842464803,True,0.8696601164232509,1.731925698070441,-0.2915014895517105,pyin_probability_below_0.5,-3.198508646626792,False,-1.9000000000000006,-1.9388659998455648
4.49,4.447333333333333,4.532666666666667,False,101.99593272657759,True,0.015085587297504338,-3.4000000000000012,0.06965142823470954,-23.141399474794994,4.494,0.0039999999999995595,102.10864252167772,True,0.767281565233813,0.11270979510013035,-0.019120301888138985,pyin_probability_below_0.5,-3.4708898342903627,False,-1.9000000000000006,-2.2112471875091373
4.5,4.457333333333334,4.542666666666666,False,100.82440951919276,True,0.026168028608935755,-3.6000000000000014,0.06988863960068806,-23.111868261825414,4.5040000000000004,0.004000000000000448,98.172922737687,True,0.7332856743114066,2.651486781505753,0.4613746147110464,pyin_probability_below_0.5,-4.1513847508895445,False,-2.0999999999999996,-2.8917421041083196
4.51,4.467333333333333,4.552666666666667,False,99.66634240352404,True,0.0229442191246386,-3.8,0.06753616342777961,-23.409272285167127,4.514,0.004000000000000448,97.73543387463631,True,0.8445907944669885,1.930908528887727,0.3386961632057505,pyin_probability_below_0.5,-4.228706299384249,False,-2.3,-2.9690636526030247
4.52,4.477333333333333,4.562666666666667,False,99.09230651162453,True,0.026168028608935752,-3.900000000000001,0.06391757066654885,-23.887594794707958,4.524,0.004000000000000448,98.10120121412014,True,0.8754577069061912,0.9911052975043901,0.17402699564404756,pyin_probability_below_0.5,-4.164037131822549,False,-2.4000000000000004,-2.9043944850413235
4.53,4.487333333333333,4.572666666666667,False,97.95413429584742,True,0.047686993082531035,-4.100000000000002,0.060317295453583095,-24.39116279764548,4.534,0.0039999999999995595,98.62838035567273,True,0.8482276057364148,0.6742460598253075,-0.1187574912775409,pyin_probability_below_0.5,-4.071252644900962,False,-2.6000000000000005,-2.811609998119737
4.54,4.497333333333334,4.582666666666666,False,97.95413429584742,True,0.10857977072874497,-4.100000000000002,0.05463949209362367,-25.249866926633615,4.5440000000000005,0.004000000000000448,97.24773855855932,True,0.7899204516300127,0.7063957372881049,0.12530020056301297,pyin_probability_below_0.5,-4.315310336741515,False,-2.6000000000000005,-3.0556676899602895
4.55,4.507333333333333,4.592666666666666,False,97.95413429584742,True,0.09203757081218103,-4.100000000000002,0.0502816082249219,-25.971816802681225,4.554,0.004000000000000448,94.74542318551813,True,0.7758029267394086,3.20871111032929,0.5766015756965974,pyin_probability_below_0.5,-4.766611711875101,False,-2.6000000000000005,-3.5069690650938767
4.56,4.517333333333333,4.602666666666667,False,97.95413429584742,True,0.06608151270920702,-4.100000000000002,0.04417731550679593,-27.09601356286662,4.564,0.004000000000000448,92.74240820350045,True,0.8052066185122794,5.211726092346979,0.9465263489696871,pyin_probability_below_0.5,-5.136536485148191,False,-2.6000000000000005,-3.8768938383669633
4.57,4.527333333333333,4.612666666666667,False,97.95413429584742,True,0.030106861794195007,-4.100000000000002,0.038840595870993984,-28.21428232013156,4.574,0.0039999999999995595,92.23933956924351,True,0.6591005568555737,5.7147947266039125,1.0406904171839608,pyin_probability_below_0.5|pitch_difference_over_1_semitone,-5.230700553362463,False,-2.6000000000000005,-3.9710579065812364
4.58,4.537333333333334,4.6226666666666665,False,95.71685877653417,True,0.020317628556360583,-4.500000000000001,0.03232192040671428,-29.810056870534535,4.5840000000000005,0.004000000000000448,92.63011673469535,True,0.5557206147558608,3.086742041838818,0.5675006371559657,pyin_probability_below_0.5,-5.157510773334468,False,-2.9999999999999987,-3.8978681265532416
4.59,4.5473333333333334,4.632666666666666,False,92.9919856082918,True,0.01108579188894337,-5.0,0.02561105220917302,-31.831451570615453,4.594,0.004000000000000448,,False,0.0,,,pyin_probability_below_0.5|voicing_disagreement,,False,-3.4999999999999982,
4.6,4.557333333333333,4.642666666666667,False,92.9919856082918,True,0.010073751764282888,-5.0,0.021816446451381522,-33.22431975161499,4.604,0.004000000000000448,,False,0.0,,,pyin_probability_below_0.5|voicing_disagreement,,False,-3.4999999999999982,
4.61,4.567333333333333,4.652666666666667,False,95.71685877653417,True,0.010000802780927255,-4.500000000000001,0.019068600738186097,-34.39362348987203,4.614,0.0039999999999995595,,False,0.0,,,pyin_probability_below_0.5|voicing_disagreement,,False,-2.9999999999999987,
4.62,4.577333333333334,4.6626666666666665,False,97.3899599969843,True,0.010000002871100366,-4.199999999999999,0.01593216284277891,-35.95450526624481,4.6240000000000006,0.004000000000000448,,False,0.0,,,pyin_probability_below_0.5|voicing_disagreement,,False,-2.699999999999999,
4.63,4.5873333333333335,4.672666666666666,False,97.3899599969843,True,0.01000000000000011,-4.199999999999999,0.019226978697959123,-34.32177909723007,4.634,0.004000000000000448,,False,0.0,,,pyin_probability_below_0.5|voicing_disagreement,,False,-2.699999999999999,
4.64,4.597333333333333,4.682666666666667,False,,False,0.01000012784523254,,0.024592835453570674,-32.183827919859446,4.644,0.004000000000000448,,False,0.0,,,,,False,,
4.65,4.607333333333333,4.692666666666667,False,95.71685877653417,True,0.010000328604501662,-4.500000000000001,0.029199352385762236,-30.69253561377741,4.654,0.0039999999999995595,,False,0.0,,,pyin_probability_below_0.5|voicing_disagreement,,False,-2.9999999999999987,
4.66,4.617333333333334,4.7026666666666666,False,96.27134089862668,True,0.010073751764282884,-4.400000000000002,0.033961819164302,-29.380181096560484,4.664,0.0039999999999995595,,False,0.0,,,pyin_probability_below_0.5|voicing_disagreement,,False,-2.8999999999999995,
4.67,4.6273333333333335,4.712666666666666,False,96.27134089862668,True,0.012403124793551348,-4.400000000000002,0.036495172140708784,-28.7552916705023,4.674,0.004000000000000448,,False,0.0,,,pyin_probability_below_0.5|voicing_disagreement,,False,-2.8999999999999995,
4.68,4.637333333333333,4.722666666666667,False,96.27134089862668,True,0.02031762855636058,-4.400000000000002,0.03754904303899822,-28.508022535741333,4.684,0.004000000000000448,96.36968163142372,True,0.8294362921651559,0.09834073279704114,-0.01767545017996406,pyin_probability_below_0.5,-4.472334685998538,False,-2.8999999999999995,-3.2126920392173117
4.69,4.647333333333333,4.732666666666667,False,96.27134089862668,True,0.03010686179419501,-4.400000000000002,0.03772355513175114,-28.4677477071638,4.694,0.0039999999999995595,97.44161442109339,True,0.9273962308331074,1.1702735224667151,-0.20917981596822333,pyin_probability_below_0.5,-4.2808303202102795,False,-2.8999999999999995,-3.0211876734290533
4.7,4.657333333333334,4.742666666666667,False,96.27134089862668,True,0.03489742801962527,-4.400000000000002,0.03779281925149438,-28.451814191457064,4.704,0.0039999999999995595,96.55507149073615,True,0.8946178103919343,0.28373059210947815,-0.050947835437963454,pyin_probability_below_0.5,-4.439062300740538,False,-2.8999999999999995,-3.179419653959312
4.71,4.667333333333334,4.752666666666666,False,96.27134089862668,True,0.10857977072874497,-4.400000000000002,0.037687283319051516,-28.476103349213396,4.714,0.004000000000000448,97.05052308916314,True,0.8879912079636393,0.77918219053646,-0.13955524899398855,pyin_probability_below_0.5,-4.350454887184514,False,-2.8999999999999995,-3.090812240403288
4.72,4.677333333333333,4.762666666666667,False,96.82903510297565,True,0.48498680771591135,-4.300000000000001,0.03473542008026632,-29.184548890484653,4.724,0.004000000000000448,96.70372621702093,True,0.8654885644090595,0.12530888595472334,0.02241884411215528,pyin_probability_below_0.5,-4.412428980290657,False,-2.8,-3.1527863335094297
4.73,4.687333333333333,4.772666666666667,False,96.82903510297565,True,0.42606232904328145,-4.300000000000001,0.03067692479347595,-30.263763567318172,4.734,0.0039999999999995595,94.1947993822917,True,0.8761392194097035,2.6342357206839466,0.4775077101454629,pyin_probability_below_0.5,-4.867517846323963,False,-2.8,-3.607875199542737
4.74,4.697333333333333,4.782666666666667,False,96.27134089862668,True,0.24075439447557428,-4.400000000000002,0.025397894123168643,-31.904045831855083,4.744,0.0039999999999995595,93.1486438784044,True,0.9343995741485043,3.122697020222276,0.5708594307358921,pyin_probability_below_0.5,-5.060869566914395,False,-2.8999999999999995,-3.8012269201331677
4.75,4.707333333333334,4.792666666666666,False,97.3899599969843,True,0.092037570812181,-4.199999999999999,0.01863195936174383,-34.594829434282516,4.7540000000000004,0.004000000000000448,95.1301873378875,True,0.7085724143938452,2.2597726590967966,0.406437986874739,pyin_probability_below_0.5,-4.696448123053237,False,-2.699999999999999,-3.436805476272011
4.76,4.717333333333333,4.802666666666667,False,96.27134089862668,True,0.010052967545965857,-4.400000000000002,0.016065509701474797,-35.882109825496826,4.764,0.004000000000000448,,False,0.0,,,pyin_probability_below_0.5|voicing_disagreement,,False,-2.8999999999999995,
4.77,4.727333333333333,4.812666666666667,False,95.16557023646565,True,0.010000002871100368,-4.600000000000001,0.020098850440760603,-33.936575629213415,4.774,0.004000000000000448,,False,0.0,,,pyin_probability_below_0.5|voicing_disagreement,,False,-3.0999999999999983,
4.78,4.737333333333333,4.822666666666667,False,98.52157682317586,True,0.010000016226422836,-4.0000000000000036,0.021857650214441207,-33.20793056570779,4.784,0.0039999999999995595,,False,0.0,,,pyin_probability_below_0.5|voicing_disagreement,,False,-2.5000000000000013,
4.79,4.747333333333334,4.832666666666666,False,,False,0.01000032860450166,,0.024108178441064682,-32.356712053653666,4.7940000000000005,0.004000000000000448,,False,0.0,,,,,False,,
4.8,4.757333333333333,4.842666666666666,False,,False,0.010000005216229449,,0.026482338224904565,-31.540873441034975,4.804,0.004000000000000448,,False,0.0,,,,,False,,
4.81,4.767333333333333,4.852666666666667,False,,False,0.010000000417925077,,0.02793459880222419,-31.07715123225954,4.814,0.004000000000000448,,False,0.0,,,,,False,,
4.82,4.777333333333333,4.862666666666667,False,,False,0.010000000101429396,,0.030111780578002262,-30.42527125816914,4.824,0.0039999999999995595,,False,0.0,,,,,False,,
4.83,4.787333333333334,4.8726666666666665,False,,False,0.010000000208892745,,0.03148738091622799,-30.037269239434604,4.8340000000000005,0.004000000000000448,,False,0.0,,,,,False,,
4.84,4.7973333333333334,4.882666666666666,False,,False,0.010000000814014908,,0.03146320331478636,-30.04394126609572,4.844,0.004000000000000448,,False,0.0,,,,,False,,
4.85,4.807333333333333,4.892666666666667,False,,False,0.010000000814014904,,0.028867306090365474,-30.79187485558784,4.854,0.004000000000000448,,False,0.0,,,,,False,,
4.86,4.817333333333333,4.902666666666667,False,,False,0.010000001546554296,,0.0265852252908155,-31.50719309996696,4.864,0.0039999999999995595,,False,0.0,,,,,False,,
4.87,4.827333333333334,4.9126666666666665,False,,False,0.01000123296498612,,0.024790327305296837,-32.114354784574246,4.8740000000000006,0.004000000000000448,,False,0.0,,,,,False,,
4.88,4.8373333333333335,4.922666666666666,False,,False,0.010000078102280324,,0.02116278985579846,-33.488541610702825,4.884,0.004000000000000448,,False,0.0,,,,,False,,
4.89,4.847333333333333,4.932666666666667,False,,False,0.01000419105279527,,0.019596708427562084,-34.15633738082378,4.894,0.004000000000000448,,False,0.0,,,,,False,,
4.9,4.857333333333333,4.942666666666667,False,,False,0.010037765502929686,,0.014831199862478796,-36.576474251752714,4.904,0.0039999999999995595,,False,0.0,,,,,False,,
4.91,4.867333333333334,4.9526666666666666,False,,False,0.01185350539468341,,0.013014720500538687,-37.71130308413701,4.914,0.0039999999999995595,,False,0.0,,,,,False,,
4.92,4.8773333333333335,4.962666666666666,False,,False,0.010000127845232543,,0.011373377347206693,-38.88221103086337,4.924,0.004000000000000448,,False,0.0,,,,,False,,
4.93,4.887333333333333,4.972666666666667,False,,False,0.010000000000613858,,0.013835345747376545,-37.18019966605648,4.934,0.004000000000000448,,False,0.0,,,,,False,,
4.94,4.897333333333333,4.982666666666667,False,,False,0.010000000000006925,,0.016887948247837032,-35.44846221138512,4.944,0.0039999999999995595,,False,0.0,,,,,False,,
4.95,4.907333333333334,4.992666666666667,False,,False,0.010000000000001867,,0.018810490556373044,-34.51199756783575,4.954,0.0039999999999995595,,False,0.0,,,,,False,,
4.96,4.917333333333334,5.002666666666666,False,,False,0.010000000000000439,,0.01950083310356103,-34.19893669115915,4.964,0.004000000000000448,,False,0.0,,,,,False,,
4.97,4.927333333333333,5.012666666666667,False,,False,0.010000000000000108,,0.019689167129739348,-34.11545309075576,4.974,0.004000000000000448,,False,0.0,,,,,False,,
4.98,4.937333333333333,5.022666666666667,False,,False,0.010000000003996623,,0.025622156625029525,-31.827686366977815,4.984,0.0039999999999995595,,False,0.0,,,,,False,,
4.99,4.947333333333333,5.032666666666667,False,,False,0.010000000000613858,,0.038388378098184246,-28.31600472711717,4.994,0.0039999999999995595,,False,0.0,,,,,False,,
5.0,4.957333333333334,5.042666666666666,False,101.99593272657759,True,0.010006178555334075,-3.4000000000000012,0.046387551065517826,-26.67197109103711,5.0040000000000004,0.004000000000000448,,False,0.0,,,pyin_probability_below_0.5|voicing_disagreement,,False,-1.9000000000000006,
5.01,4.967333333333333,5.052666666666667,False,104.37997464223893,True,0.010018764509769138,-3.0000000000000036,0.0510903025664641,-25.83323050671618,5.014,0.004000000000000448,,False,0.0,,,pyin_probability_below_0.5|voicing_disagreement,,False,-1.5000000000000004,
5.02,4.977333333333333,5.062666666666667,False,106.2045044606715,True,0.010259050559778863,-2.699999999999999,0.056336238215987496,-24.984243117392708,5.024,0.004000000000000448,101.22693948555055,True,0.5977678496611993,4.977564975120956,0.8310200591176911,pyin_probability_below_0.5,-3.621030195296191,False,-1.199999999999998,-2.3613875485149656
5.03,4.987333333333333,5.072666666666667,False,107.43854136004751,True,0.010622609040911533,-2.5000000000000036,0.06043296293078858,-24.374522249418845,5.034,0.0039999999999995595,103.1971249631124,True,0.7193360085774136,4.241416396935108,0.6973061391244417,pyin_probability_below_0.5,-3.2873162753029463,False,-1.0000000000000013,-2.02767362852172
5.04,4.997333333333334,5.082666666666666,False,108.06092649856241,True,0.010622609040911533,-2.4000000000000026,0.06419195123407077,-23.85038845848755,5.0440000000000005,0.004000000000000448,108.18275226606781,True,0.8964853022280465,0.12182576750539909,-0.019506599247413364,pyin_probability_below_0.5,-2.4705035369310866,False,-0.9000000000000006,-1.2108608901498616
5.05,5.007333333333333,5.092666666666666,False,109.31653398298289,True,0.010622609040911533,-2.200000000000002,0.06741258372076714,-23.425180546923503,5.054,0.004000000000000448,108.78873302137238,True,0.9618372455802897,0.5278009616105095,0.0837897032097903,pyin_probability_below_0.5,-2.373799839388292,False,-0.7000000000000002,-1.1141571926070675
5.06,5.017333333333333,5.102666666666667,False,109.9497982220883,True,0.015085587297504338,-2.1000000000000014,0.07093211172828974,-22.983142210532087,5.064,0.004000000000000448,111.49201523407342,True,0.9408170827460549,1.542217011985116,-0.24114522264520988,pyin_probability_below_0.5,-1.9488649135332932,False,-0.5999999999999991,-0.6892222667520673
5.07,5.027333333333333,5.112666666666667,False,113.17157322849613,True,0.03010686179419501,-1.6000000000000023,0.07114341169019171,-22.957306240216848,5.074,0.0039999999999995595,113.77596250719564,True,0.9607019747722866,0.6043892786995144,-0.09221001395049444,pyin_probability_below_0.5,-1.5978001222280096,False,-0.10000000000000067,-0.33815747544678254
5.08,5.037333333333334,5.1226666666666665,False,117.16256013940793,True,0.020317628556360583,-1.0000000000000013,0.07553010189383638,-22.4375985883548,5.0840000000000005,0.004000000000000448,115.58451001474221,True,0.9814890976150474,1.5780501246657224,0.23476265193106405,pyin_probability_below_0.5,-1.3247727881095663,False,0.5000000000000008,-0.06513014132834186
5.09,5.0473333333333334,5.132666666666666,False,120.59568520237023,True,0.026168028608935755,-0.5000000000000001,0.07868476991965702,-22.08218641506531,5.094,0.004000000000000448,118.24855343544502,True,0.9570649246905418,2.347131766925216,0.340269061226838,pyin_probability_below_0.5,-0.9302791974053377,False,1.0000000000000009,0.3293634493758874
5.1,5.057333333333333,5.142666666666667,False,121.9969395672486,True,0.07797523762294818,-0.30000000000000204,0.08069071020803831,-21.863529240532852,5.104,0.004000000000000448,121.89669385547964,True,0.9591491302182434,0.10024571176896302,0.014231515339281475,pyin_probability_below_0.5,-0.40424165151778424,False,1.1999999999999993,0.8554009952634409
5.11,5.067333333333333,5.152666666666667,False,123.4144757235675,True,0.17653060863289757,-0.10000000000000067,0.08423527250687983,-21.490120296514903,5.114,0.0039999999999995595,123.83281471150552,True,0.9777783551113033,0.4183389879380144,-0.05858453613966494,pyin_probability_below_0.5,-0.13142560003883588,False,1.4000000000000004,1.1282170467423904
5.12,5.077333333333334,5.1626666666666665,False,124.84848285663055,True,0.2796051653363589,0.10000000000000017,0.08761832203881259,-21.148101363321757,5.1240000000000006,0.004000000000000448,124.91278004948072,True,0.9670609281007807,0.06429719285016233,-0.008913591378056645,pyin_probability_below_0.5,0.018903455199554053,False,1.6000000000000023,1.278546101980783
5.13,5.0873333333333335,5.172666666666666,False,125.57172276022992,True,0.3233360583906409,0.19999999999999687,0.08982214954697049,-20.93233111968619,5.134,0.004000000000000448,125.14943274252677,True,0.9659571067655244,0.42229001770314767,0.05831845717951152,pyin_probability_below_0.5,0.05167140664198789,False,1.6999999999999993,1.3113140534232137
5.14,5.097333333333333,5.182666666666667,False,125.57172276022992,True,0.42606232904328145,0.19999999999999687,0.08962940949257407,-20.95098929679012,5.144,0.004000000000000448,126.37699704892911,True,0.9787629535678071,0.805274288699195,-0.11066720368850604,pyin_probability_below_0.5,0.22065706751000516,False,1.6999999999999993,1.480299714291231
5.15,5.107333333333333,5.192666666666667,False,126.29915234996876,True,0.4260623290432815,0.2999999999999983,0.09045886905810684,-20.870976924526712,5.154,0.0039999999999995595,127.15083058383503,True,0.9786487757602852,0.8516782338662665,-0.11635115458123425,pyin_probability_below_0.5,0.32634101840273305,False,1.800000000000001,1.5859836651839587
5.16,5.117333333333334,5.2026666666666666,False,126.29915234996876,True,0.27960516533635893,0.2999999999999983,0.09113769424825252,-20.806039262257634,5.164,0.0039999999999995595,127.48165468843611,True,0.9044014496993689,1.1825023384673443,-0.16133632415057259,pyin_probability_below_0.5,0.37132618797207206,False,1.800000000000001,1.6309688347532976
5.17,5.1273333333333335,5.212666666666666,False,126.29915234996876,True,0.2407543944755743,0.2999999999999983,0.08927924973704628,-20.98498936016171,5.174,0.004000000000000448,125.94690351031876,True,0.8215788186502323,0.3522488396500023,0.0483516445296055,pyin_probability_below_0.5,0.16163821929189487,False,1.800000000000001,1.4212808660731193
5.18,5.137333333333333,5.222666666666667,False,126.29915234996876,True,0.24075439447557428,0.2999999999999983,0.08397091699546884,-21.517422082431526,5.184,0.004000000000000448,125.27693350886423,True,0.8367823395655912,1.0222188411045323,0.14068982722792894,pyin_probability_below_0.5,0.06930003659356668,False,1.800000000000001,1.328942683374796
5.19,5.147333333333333,5.232666666666667,False,126.29915234996876,True,0.1765306086328976,0.2999999999999983,0.07804697512797099,-22.152878485135087,5.194,0.0039999999999995595,125.14728259568278,True,0.8120455423016788,1.1518697542859826,0.1586158967541265,pyin_probability_below_0.5,0.0513739670673713,False,1.800000000000001,1.3110166138485957
5.2,5.157333333333334,5.242666666666667,False,125.57172276022992,True,0.12793708630129033,0.19999999999999687,0.07282498513759851,-22.754391906655297,5.204,0.0039999999999995595,124.65734108471668,True,0.8065705800175519,0.9143816755132406,0.12652532940867717,pyin_probability_below_0.5,-0.016535465587180814,False,1.6999999999999993,1.243107181194047
5.21,5.167333333333334,5.252666666666666,False,124.84848285663055,True,0.12793708630129033,0.10000000000000017,0.06737212031655045,-23.430395688752476,5.214,0.004000000000000448,122.64854690591572,True,0.8257855390025616,2.1999359507148313,0.3077777812147908,pyin_probability_below_0.5,-0.29778791739329297,False,1.6000000000000023,0.961854729387932
5.22,5.177333333333333,5.262666666666667,False,124.84848285663055,True,0.12793708630129033,0.10000000000000017,0.05962375631257964,-24.491613335461608,5.224,0.004000000000000448,122.95814319763419,True,0.8060516397275383,1.8903396589963677,0.2641320706401822,pyin_probability_below_0.5,-0.2541422068186817,False,1.6000000000000023,1.0055004399625453
5.23,5.187333333333333,5.272666666666667,False,124.84848285663055,True,0.092037570812181,0.10000000000000017,0.05157863983779872,-25.75060229348747,5.234,0.0039999999999995595,124.39727576480098,True,0.8278527822053887,0.4512070918295734,0.06268078046243854,pyin_probability_below_0.5,-0.05269091664094251,False,1.6000000000000023,1.2069517301402861
5.24,5.197333333333333,5.282666666666667,False,122.70366064862014,True,0.15046460134333878,-0.20000000000000362,0.04449452195860705,-27.03386909705356,5.244,0.0039999999999995595,126.18569884467648,True,0.6302401876296715,3.4820381960563367,-0.4844414757053185,pyin_probability_below_0.5,0.19443133952681546,False,1.2999999999999994,1.4540739863080419
5.25,5.207333333333334,5.292666666666666,False,124.12940850835416,True,0.04069733156888106,0.0,0.03483706494437863,-29.159168836866915,5.2540000000000004,0.004000000000000448,129.06151797353223,True,0.6376395556272607,4.932109465178073,-0.6745673105943855,pyin_probability_below_0.5,0.5845571744158865,False,1.5000000000000004,1.844199821197111
5.26,5.217333333333333,5.302666666666667,False,132.2723599733492,True,0.010000001546554298,1.0999999999999945,0.04410468834482415,-27.11030484825671,5.264,0.004000000000000448,126.89884243893526,True,0.8693918868525322,5.373517534413949,0.7179925699579417,pyin_probability_below_0.5,0.2919972938635548,False,2.5999999999999974,1.5516399406447812
5.27,5.227333333333333,5.312666666666667,False,135.36407982952485,True,0.01002672467381077,1.5000000000000004,0.05756452227284244,-24.796901903814557,5.274,0.004000000000000448,127.95223308517538,True,0.811246656743075,7.411846744349475,0.9748755644160739,pyin_probability_below_0.5,0.4351142994054267,False,3.0000000000000027,1.6947569461866512
5.28,5.237333333333333,5.322666666666667,False,136.14823596668148,True,0.013980210380185926,1.599999999999999,0.06760261297153299,-23.400730348271786,5.284,0.0039999999999995595,133.72457761657907,True,0.42813653117791023,2.4236583501024143,0.3109637176338918,pyin_probability_below_0.5,1.1990261461876088,False,3.1000000000000023,2.458668792968834
5.29,5.247333333333334,5.332666666666666,False,136.14823596668148,True,0.020317628556360587,1.599999999999999,0.0740113321340828,-22.614035576594436,5.2940000000000005,0.004000000000000448,135.0731340913792,True,0.4909848423817651,1.0751018753022947,0.137250447550095,pyin_probability_below_0.5,1.3727394162714024,False,3.1000000000000023,2.6323820630526287
5.3,5.257333333333333,5.342666666666666,False,136.14823596668148,True,0.034897428019625254,1.599999999999999,0.07838545939811074,-22.115289840402838,5.304,0.004000000000000448,135.64347904580316,True,0.7224655914950219,0.5047569208783216,0.06430316483525379,pyin_probability_below_0.5,1.4456866989862434,False,3.1000000000000023,2.7053293457674714
5.31,5.267333333333333,5.352666666666667,False,136.14823596668148,True,0.047686993082531035,1.599999999999999,0.0846650649240168,-21.445915085122287,5.314,0.004000000000000448,136.7039620657874,True,0.8423750818353167,0.5557260991059252,-0.07052120393430444,pyin_probability_below_0.5,1.5805110677558032,False,3.1000000000000023,2.8401537145370295
5.32,5.277333333333333,5.362666666666667,False,135.36407982952485,True,0.056071395445892624,1.5000000000000004,0.08923264033388183,-20.98952512683833,5.324,0.0039999999999995595,136.29112447203477,True,0.8506867229944778,0.9270446425099124,-0.1181598920194025,pyin_probability_below_0.5,1.5281497558409063,False,3.0000000000000027,2.7877924026221317
5.33,5.287333333333334,5.3726666666666665,False,135.36407982952485,True,0.06608151270920701,1.5000000000000004,0.09301979524029776,-20.628492416272174,5.3340000000000005,0.004000000000000448,135.56325898103444,True,0.9022507393333944,0.19917915150958265,-0.02545522298308177,pyin_probability_below_0.5,1.4354450868045836,False,3.0000000000000027,2.695087733585809
5.34,5.2973333333333334,5.382666666666666,False,134.5844400993791,True,0.15046460134333883,1.4000000000000004,0.09804294397622818,-20.17167312966506,5.344,0.004000000000000448,135.0005988334992,True,0.9260174581538715,0.41615873412010274,-0.05345020224215819,pyin_probability_below_0.5,1.363440066063657,False,2.9000000000000035,2.6230827128448864
5.35,5.307333333333333,5.392666666666667,False,134.5844400993791,True,0.108579770728745,1.4000000000000004,0.09410117870042271,-20.52809873232981,5.354,0.004000000000000448,134.1370550850109,True,0.9188503479893495,0.44738501436819433,0.05764547305694562,pyin_probability_below_0.5,1.252344390764554,False,2.9000000000000035,2.511987037545781
5.36,5.317333333333333,5.402666666666667,False,133.80929076365396,True,0.17653060863289757,1.2999999999999994,0.08936782651931349,-20.976376084932838,5.364,0.0039999999999995595,133.11438463713492,True,0.9349829300372916,0.6949061265190437,0.0901417128527544,pyin_probability_below_0.5,1.119848150968745,False,2.8000000000000003,2.3794907977499684
5.37,5.327333333333334,5.4126666666666665,False,133.03860595958074,True,0.15046460134333883,1.1999999999999993,0.0905794961598857,-20.859401987388893,5.3740000000000006,0.004000000000000448,132.3919475178518,True,0.9178816154138634,0.6466584417289312,0.08435497064644895,pyin_probability_below_0.5,1.0256348931750487,False,2.7,2.2852775399562737
5.38,5.3373333333333335,5.422666666666666,False,132.2723599733492,True,0.1765306086328976,1.0999999999999945,0.09058785955060031,-20.858600038400745,5.384,0.004000000000000448,131.94636598806343,True,0.910155330154373,0.32599398528577694,0.042720073790382014,pyin_probability_below_0.5,0.9672697900311129,False,2.5999999999999974,2.226912436812339
5.39,5.347333333333333,5.432666666666667,False,131.51052723924994,True,0.2065067991177523,1.0000000000000009,0.08922413724450516,-20.99035285551265,5.394,0.004000000000000448,131.3165683955279,True,0.9293350769682306,0.19395884372204364,0.0255520241940931,pyin_probability_below_0.5,0.8844378396274082,False,2.500000000000002,2.144080486408633
5.4,5.357333333333333,5.442666666666667,False,131.51052723924994,True,0.2065067991177523,1.0000000000000009,0.08604849380303332,-21.305134543627023,5.404,0.0039999999999995595,130.0308633159063,True,0.9495748695342127,1.4796639233436508,0.19589036294126078,pyin_probability_below_0.5,0.7140995008802384,False,2.500000000000002,1.9737421476614663
5.41,5.367333333333334,5.4526666666666666,False,130.75308233882095,True,0.20650679911775233,0.8999999999999985,0.08005826291622534,-21.931876746792227,5.414,0.0039999999999995595,128.68780929754124,True,0.9306399541881308,2.06527304127971,0.2756347709794694,pyin_probability_below_0.5,0.5343550928420278,False,2.4000000000000012,1.793997739623256
5.42,5.3773333333333335,5.462666666666666,False,130.0,True,0.2407543944755743,0.8000000000000002,0.07568859641670268,-22.419390966501886,5.424,0.004000000000000448,126.11238607030046,True,0.872014756193362,3.8876139296995404,0.5256197639466904,pyin_probability_below_0.5,0.18437009987480762,False,2.3000000000000003,1.4440127466560342
5.43,5.387333333333333,5.472666666666667,False,129.25125509628117,True,0.17653060863289757,0.7000000000000017,0.07078016912957737,-23.001768078967416,5.434,0.004000000000000448,123.73559016289119,True,0.8221139664598367,5.515664933389985,0.7550131971983023,pyin_probability_below_0.5,-0.14502333337680118,False,2.200000000000003,1.114619313404423
5.44,5.397333333333333,5.482666666666667,False,127.76667781088264,True,0.12793708630129036,0.5000000000000008,0.06232460387833081,-24.10680946193963,5.444,0.0039999999999995595,122.45609220623338,True,0.730314299000385,5.310585604649262,0.7349648796452877,pyin_probability_below_0.5,-0.32497501582378874,False,2.0000000000000004,0.934667630957438
5.45,5.407333333333334,5.492666666666667,False,127.03079589645196,True,0.04069733156888105,0.39999999999999736,0.05487356951184831,-25.212735762771675,5.454,0.0039999999999995595,124.0149308686089,True,0.566449540291735,3.0158650278430628,0.41597357427870046,pyin_probability_below_0.5,-0.10598371045720398,False,1.9000000000000006,1.1536589363240217
5.46,5.417333333333334,5.502666666666666,False,125.57172276022992,True,0.012403124793551344,0.19999999999999687,0.04784341085624469,-26.403557323184998,5.464,0.004000000000000448,,False,0.0,,,pyin_probability_below_0.5|voicing_disagreement,,False,1.6999999999999993,
5.47,5.427333333333333,5.512666666666667,False,125.57172276022992,True,0.010000516719604526,0.19999999999999687,0.03877951287988711,-28.227953010306525,5.474,0.004000000000000448,,False,0.0,,,pyin_probability_below_0.5|voicing_disagreement,,False,1.6999999999999993,
5.48,5.437333333333333,5.522666666666667,False,127.76667781088264,True,0.010000000208892744,0.5000000000000008,0.033485815771965036,-29.502782328793828,5.484,0.0039999999999995595,,False,0.0,,,pyin_probability_below_0.5|voicing_disagreement,,False,2.0000000000000004,
5.49,5.447333333333333,5.532666666666667,False,127.76667781088264,True,0.010000000001606035,0.5000000000000008,0.03414714837437389,-29.332911167311444,5.494,0.0039999999999995595,,False,0.0,,,pyin_probability_below_0.5|voicing_disagreement,,False,2.0000000000000004,
5.5,5.457333333333334,5.542666666666666,False,127.76667781088264,True,0.010000000000006925,0.5000000000000008,0.03575054281444241,-28.934347195004946,5.5040000000000004,0.004000000000000448,,False,0.0,,,pyin_probability_below_0.5|voicing_disagreement,,False,2.0000000000000004,
5.51,5.467333333333333,5.552666666666667,False,130.75308233882095,True,0.010000000000000439,0.8999999999999985,0.0366556430646813,-28.717183141767734,5.514,0.004000000000000448,,False,0.0,,,pyin_probability_below_0.5|voicing_disagreement,,False,2.4000000000000012,
5.52,5.477333333333333,5.562666666666667,False,,False,0.010000000000001869,,0.03670907256170726,-28.70453175226341,5.524,0.004000000000000448,,False,0.0,,,,,False,,
5.53,5.487333333333333,5.572666666666667,False,,False,0.010000000000023851,,0.03580494927320675,-28.921138744508582,5.534,0.0039999999999995595,,False,0.0,,,,,False,,
5.54,5.497333333333334,5.582666666666666,False,,False,0.010000000000023851,,0.03400805737619146,-29.36836350653596,5.5440000000000005,0.004000000000000448,,False,0.0,,,,,False,,
5.55,5.507333333333333,5.592666666666666,False,,False,0.010000000000075396,,0.032050440792152024,-29.883319864380415,5.554,0.004000000000000448,,False,0.0,,,,,False,,
5.56,5.517333333333333,5.602666666666667,False,,False,0.010000000000221911,,0.036900818687164216,-28.659279968215195,5.564,0.004000000000000448,,False,0.0,,,,,False,,
5.57,5.527333333333333,5.612666666666667,False,116.48775344855382,True,0.010000000814014906,-1.1000000000000019,0.04487220773092102,-26.960451249512648,5.574,0.0039999999999995595,,False,0.0,,,pyin_probability_below_0.5|voicing_disagreement,,False,0.4000000000000011,
5.58,5.537333333333334,5.6226666666666665,False,121.9969395672486,True,0.010000328604501656,-0.30000000000000204,0.05001656485537869,-26.01772277973253,5.5840000000000005,0.004000000000000448,,False,0.0,,,pyin_probability_below_0.5|voicing_disagreement,,False,1.1999999999999993,
5.59,5.5473333333333334,5.632666666666666,False,121.9969395672486,True,0.01010197459374499,-0.30000000000000204,0.05320526290049485,-25.480908130191015,5.594,0.004000000000000448,,False,0.0,,,pyin_probability_below_0.5|voicing_disagreement,,False,1.1999999999999993,
5.6,5.557333333333333,5.642666666666667,False,121.9969395672486,True,0.011853505394683413,-0.30000000000000204,0.058037679261207106,-24.725799238332634,5.604,0.004000000000000448,119.10595669829084,True,0.5203310142341866,2.8909828689577637,0.41519267838489804,pyin_probability_below_0.5,-0.8052028145634019,False,1.1999999999999993,0.4544398322178252
5.61,5.567333333333333,5.652666666666667,False,121.9969395672486,True,0.03010686179419501,-0.30000000000000204,0.0644558196408755,-23.81475729194756,5.614,0.0039999999999995595,122.73505945567862,True,0.8462260509483502,0.7381198884300204,-0.10442951170484792,pyin_probability_below_0.5,-0.28558062447365395,False,1.1999999999999993,0.9740620223075702
5.62,5.577333333333334,5.6626666666666665,False,121.29428889978496,True,0.056071395445892624,-0.4000000000000028,0.0706509735169831,-23.017636990493617,5.6240000000000006,0.004000000000000448,122.8515350518452,True,0.9602276663246525,1.5572461520602445,-0.22085113549034366,pyin_probability_below_0.5,-0.2691590006881593,False,1.099999999999998,0.9904836460930666
5.63,5.5873333333333335,5.672666666666666,False,120.59568520237023,True,0.07797523762294818,-0.5000000000000001,0.0758437613416186,-22.401602740877973,5.634,0.004000000000000448,121.41537801710166,True,0.9910117060372324,0.8196928147314253,-0.1172744351657758,pyin_probability_below_0.5,-0.47273570101272555,False,1.0000000000000009,0.7869069457685005
5.64,5.597333333333333,5.682666666666667,False,120.59568520237023,True,0.3721358982975087,-0.5000000000000001,0.07962525685732325,-21.978983073907198,5.644,0.004000000000000448,120.49886966600864,True,0.9931886414079525,0.09681553636158924,0.013904118417667777,pyin_probability_below_0.5,-0.6039142545961682,False,1.0000000000000009,0.655728392185059
5.65,5.607333333333333,5.692666666666667,False,120.59568520237023,True,0.42606232904328145,-0.5000000000000001,0.07919426766571822,-22.026125057918357,5.654,0.0039999999999995595,119.4545737629732,True,0.9902518695803556,1.1411114393970365,0.16459435343012213,pyin_probability_below_0.5,-0.7546044896086247,False,1.0000000000000009,0.5050381571726011
5.66,5.617333333333334,5.7026666666666666,False,119.21052561660726,True,0.5485250542599845,-0.7000000000000022,0.07964704796394076,-21.976606324872712,5.664,0.0039999999999995595,118.60338110462746,True,0.9910496142350408,0.6071445119797971,0.08839781912079542,,-0.8784079552992989,True,0.8000000000000002,0.3812346914819268
5.67,5.6273333333333335,5.712666666666666,False,117.84127594565435,True,0.6159498854580681,-0.9000000000000026,0.07781373306498662,-22.178874983596252,5.674,0.004000000000000448,117.63472642553418,True,0.9691307272949314,0.2065495201201628,0.030371303246111127,,-1.020381439424614,True,0.5999999999999976,0.23926120735661383
5.68,5.637333333333333,5.722666666666667,False,117.16256013940793,True,0.6159498854580681,-1.0000000000000013,0.07602504661621295,-22.380866097755433,5.684,0.004000000000000448,115.76377668938996,True,0.9763719593994871,1.398783450017973,0.20793274646254595,,-1.2979428826410486,True,0.5000000000000008,-0.038300235859822486
5.69,5.647333333333333,5.732666666666667,False,116.48775344855382,True,0.6860828109301793,-1.1000000000000019,0.07445931353365733,-22.561619440224923,5.694,0.0039999999999995595,115.04649370830315,True,0.9952397165871303,1.441259740250672,0.2155352994273726,,-1.405545435605874,True,0.4000000000000011,-0.14590278882464783
5.7,5.657333333333334,5.742666666666667,False,115.81683335824411,True,0.6860828109301793,-1.2000000000000002,0.07124532602278856,-22.9448724366611,5.704,0.0039999999999995595,115.0287158730782,True,0.9903131965903977,0.7881174851659125,0.11821073706164548,,-1.4082208732401493,True,0.3000000000000021,-0.14857822645892274
5.71,5.667333333333334,5.752666666666666,False,115.81683335824411,True,0.7571601330199094,-1.2000000000000002,0.06760976666283577,-23.399811258268535,5.714,0.004000000000000448,115.056570477535,True,0.9770094852683733,0.7602628807091065,0.11401900097461837,,-1.4040291371531217,True,0.3000000000000021,-0.14438649037189477
5.72,5.677333333333333,5.762666666666667,False,115.14977748330686,True,0.6860828109301793,-1.3000000000000027,0.061320405771724255,-24.247899599563393,5.724,0.004000000000000448,114.48004708423694,True,0.9468262165259757,0.6697303990699197,0.10098543256371376,,-1.490995568742219,True,0.19999999999999687,-0.23135292196099233
5.73,5.687333333333333,5.772666666666667,False,115.81683335824411,True,0.42606232904328145,-1.2000000000000002,0.055399850583650316,-25.129828131707104,5.734,0.0039999999999995595,113.0231700206798,True,0.9179546966377619,2.793663337564311,0.4227167722410843,pyin_probability_below_0.5,-1.7127269084195884,False,0.3000000000000021,-0.45308426163836096
5.74,5.697333333333333,5.782666666666667,False,116.48775344855382,True,0.27960516533635893,-1.1000000000000019,0.053938383822851155,-25.362041412513506,5.744,0.0039999999999995595,116.63022754309115,True,0.9316421439526006,0.1424740945373344,-0.021161476539435235,pyin_probability_below_0.5,-1.1688486596390655,False,0.4000000000000011,0.09079398714215882
5.75,5.707333333333334,5.792666666666666,False,117.84127594565435,True,0.1765306086328976,-0.9000000000000026,0.052225329749586234,-25.642376184263327,5.7540000000000004,0.004000000000000448,119.71079186970346,True,0.9815161047004995,1.8695159240491108,-0.27249911776541874,pyin_probability_below_0.5,-0.717511018413085,False,0.5999999999999976,0.54213162836814
5.76,5.717333333333333,5.802666666666667,False,120.59568520237023,True,0.0779752376229482,-0.5000000000000001,0.051122701026169136,-25.827724172982226,5.764,0.004000000000000448,123.02200669957443,True,0.9846402277833716,2.4263214972041993,-0.3448574898249249,pyin_probability_below_0.5,-0.245152646353577,False,1.0000000000000009,1.0144900004276498
5.77,5.727333333333333,5.812666666666667,False,125.57172276022992,True,0.07797523762294818,0.19999999999999687,0.05060316365712367,-25.916446613448556,5.774,0.004000000000000448,125.21601648066586,True,0.9844169801982394,0.3557062795640604,0.049110154863372196,pyin_probability_below_0.5,0.060879708958126784,False,1.6999999999999993,1.3205223557393513
5.78,5.737333333333333,5.822666666666667,False,128.5068226458765,True,0.1765306086328976,0.5999999999999976,0.04927783204427377,-26.146968140216664,5.784,0.0039999999999995595,128.0321282702283,True,0.9745979498402981,0.4746943756481983,0.06406886759451513,pyin_probability_below_0.5,0.4459209962269818,False,2.100000000000002,1.7055636430082088
5.79,5.747333333333334,5.832666666666666,False,133.80929076365396,True,0.05607139544589262,1.2999999999999994,0.05402943802825255,-25.347390992543186,5.7940000000000005,0.004000000000000448,132.2891110120493,True,0.9738016617664209,1.5201797516046724,0.1978076952410713,pyin_probability_below_0.5,1.0121821685804266,False,2.8000000000000003,2.2718248153616543
5.8,5.757333333333333,5.842666666666666,False,137.7302022667084,True,0.06608151270920701,1.800000000000001,0.058062875841490225,-24.722029149226028,5.804,0.004000000000000448,135.70275323161448,True,0.9808231467828529,2.027449035093923,0.25673958162437016,pyin_probability_below_0.5,1.4532502821971303,False,3.3000000000000034,2.712892928978354
5.81,5.767333333333333,5.852666666666667,False,140.13768379557115,True,0.12793708630129033,2.099999999999995,0.06643633578528793,-23.55188657080467,5.814,0.004000000000000448,139.77238400583357,True,0.9622526633759815,0.36529978973757693,0.045187355933343124,pyin_probability_below_0.5,1.9648025078881521,False,3.599999999999997,3.2244451546693798
5.82,5.777333333333333,5.862666666666667,False,141.7660052464835,True,0.32333605839064083,2.3000000000000003,0.07397880399903495,-22.617853882369268,5.824,0.0039999999999995595,142.31752455928094,True,0.9642186816632393,0.5515193127974385,-0.06722038502236254,pyin_probability_below_0.5,2.2772102488438604,False,3.8000000000000007,3.5368528956250866
5.83,5.787333333333334,5.8726666666666665,False,142.58724736030138,True,0.42606232904328145,2.399999999999998,0.07921329201178649,-22.024038751286067,5.8340000000000005,0.004000000000000448,142.50182083355142,True,0.974163936496346,0.08542652674995566,0.010375235863401468,pyin_probability_below_0.5,2.2996146279580962,False,3.9000000000000004,3.559257274739323
5.84,5.7973333333333334,5.882666666666666,False,142.58724736030138,True,0.5485250542599844,2.399999999999998,0.08609905389639615,-21.300032415719468,5.844,0.004000000000000448,142.23273746553025,True,0.9743723335683726,0.3545098947711267,0.04309668915091235,,2.2668931746705834,True,3.9000000000000004,3.5265358214518123
5.85,5.807333333333333,5.892666666666667,False,143.41324688128702,True,0.6159498854580681,2.4999999999999956,0.09078994121108971,-20.839245302376824,5.854,0.004000000000000448,142.89662989058525,True,0.9881059064723771,0.5166169907017775,0.062476775539645944,,2.34751308828185,True,3.9999999999999973,3.6071557350630776
5.86,5.817333333333333,5.902666666666667,False,143.41324688128702,True,0.7571601330199093,2.4999999999999956,0.0974987084539536,-20.220022745523867,5.864,0.0039999999999995595,143.8038077208427,True,0.9991837136493347,0.39056083955568965,-0.047083042569488136,,2.457072906390982,True,3.9999999999999973,3.716715553172209
5.87,5.827333333333334,5.9126666666666665,False,143.41324688128702,True,0.8266685594724995,2.4999999999999956,0.09894969110567385,-20.09171114412102,5.8740000000000006,0.004000000000000448,144.0818095304705,True,0.9912494580046582,0.6685626491834853,-0.08051898513078411,,2.4905088489522798,True,3.9999999999999973,3.7501514957335056
5.88,5.8373333333333335,5.922666666666666,False,143.41324688128702,True,0.8911444948731201,2.4999999999999956,0.0998422521335421,-20.013712624118757,5.884,0.004000000000000448,143.7947377092085,True,0.9919167272811187,0.3814908279214819,-0.04599108204178012,,2.4559809458632778,True,3.9999999999999973,3.715623592644504
5.89,5.847333333333333,5.932666666666667,False,143.41324688128702,True,0.945930209465909,2.4999999999999956,0.09583195934318918,-20.369792646878278,5.894,0.004000000000000448,143.08831316212115,True,0.9905667065450485,0.32493371916586966,0.039269354025012894,,2.3707205097964827,True,3.9999999999999973,3.630363156577709
5.9,5.857333333333333,5.942666666666667,False,143.41324688128702,True,0.9459302094659091,2.4999999999999956,0.09308756566379633,-20.622166535958865,5.904,0.0039999999999995595,142.72641172959766,True,0.9937054575268475,0.6868351516893654,0.08311149109248053,,2.3268783727290137,True,3.9999999999999973,3.5865210195102404
5.91,5.867333333333334,5.9526666666666666,False,143.41324688128702,True,0.8911444948731202,2.4999999999999956,0.0880772667528452,-21.102723420366203,5.914,0.0039999999999995595,142.58265958407029,True,0.9915692483184022,0.8305872972167379,0.1005570373470682,,2.3094328264744255,True,3.9999999999999973,3.569075473255653
5.92,5.8773333333333335,5.962666666666666,False,143.41324688128702,True,0.6860828109301793,2.4999999999999956,0.08615335069152733,-21.29455654457609,5.924,0.004000000000000448,141.969915194468,True,0.9928615049039318,1.4433316868190218,0.17511658692208418,,2.2348732768994086,True,3.9999999999999973,3.494515923680636
5.93,5.887333333333333,5.972666666666667,False,145.07962854192903,True,0.2407543944755743,2.7,0.0879819439116897,-21.11212893520456,5.934,0.004000000000000448,142.07139760611295,True,0.9947667995390045,3.008230935816073,0.3627458643561028,pyin_probability_below_0.5,2.247243999465395,False,4.200000000000001,3.506886646246623
5.94,5.897333333333333,5.982666666666667,False,147.61557577921405,True,0.10857977072874497,2.999999999999999,0.09035540286507525,-20.880917467631793,5.944,0.0039999999999995595,144.1726334895232,True,0.9830142582654972,3.4429422896908477,0.4085713800383302,pyin_probability_below_0.5,2.501418483783168,False,4.499999999999999,3.761061130564393
5.95,5.907333333333334,5.992666666666667,False,148.4707041104003,True,0.022944219124638603,3.0999999999999988,0.10302621988580178,-19.741044689858164,5.954,0.0039999999999995595,146.92048137987356,True,0.9427810346154434,1.550222730526741,0.18171314148075116,pyin_probability_below_0.5,2.828276722340748,False,4.600000000000001,4.087919369121975
5.96,5.917333333333334,6.002666666666666,False,149.33078614961454,True,0.04069733156888105,3.1999999999999966,0.11317968504135202,-18.924630379244274,5.964,0.004000000000000448,151.25940272082556,True,0.900670566443256,1.9286165712110233,-0.2221584480802596,pyin_probability_below_0.5,3.332148311901757,False,4.699999999999999,4.591790958682983
5.97,5.927333333333333,6.012666666666667,False,149.33078614961454,True,0.09203757081218103,3.1999999999999966,0.12351422238853788,-18.16566062958738,5.974,0.004000000000000448,153.84107323261722,True,0.8318837776650021,4.51028708300268,-0.5151493099455905,pyin_probability_below_0.5,3.625139173767086,False,4.699999999999999,4.884781820548312
5.98,5.937333333333333,6.022666666666667,False,149.33078614961454,True,0.12793708630129036,3.1999999999999966,0.12613429899547252,-17.98333604189121,5.984,0.0039999999999995595,149.53572736439216,True,0.7274210825742746,0.2049412147776195,-0.02374312602107198,pyin_probability_below_0.5,3.133732989842568,False,4.699999999999999,4.393375636623794
5.99,5.947333333333333,6.032666666666667,False,149.33078614961454,True,0.1504646013433388,3.1999999999999966,0.13202934871903504,-17.586590380432355,5.994,0.0039999999999995595,148.84683301101524,True,0.8753771468872767,0.4839531385993041,0.05619716796617506,pyin_probability_below_0.5,3.053792695855323,False,4.699999999999999,4.313435342636548
6.0,5.957333333333334,6.042666666666666,False,149.33078614961454,True,0.17653060863289757,3.1999999999999966,0.13440948117845142,-17.431401905665833,6.0040000000000004,0.004000000000000448,149.32161905562907,True,0.8731892447713477,0.009167093985468,0.0010627997609943141,pyin_probability_below_0.5,3.108927064060504,False,4.699999999999999,4.368569710841728
6.01,5.967333333333333,6.052666666666667,False,148.4707041104003,True,0.2407543944755743,3.0999999999999988,0.1357845838728748,-17.342990686381384,6.014,0.004000000000000448,147.102462837549,True,0.915811049845253,1.368241272851293,0.1602826686382021,pyin_probability_below_0.5,2.8497071951832975,False,4.600000000000001,4.109349841964523
6.02,5.977333333333333,6.062666666666667,False,148.4707041104003,True,0.3233360583906409,3.0999999999999988,0.13308535092277277,-17.517394918084893,6.024,0.004000000000000448,148.1398535061638,True,0.9668777342888838,0.3308506042365025,0.03862169124136853,pyin_probability_below_0.5,2.9713681725801315,False,4.600000000000001,4.231010819361357
6.03,5.987333333333333,6.072666666666667,False,148.4707041104003,True,0.5485250542599845,3.0999999999999988,0.12886722200144712,-17.797150669868312,6.034,0.0039999999999995595,148.17728464442152,True,0.9756224865643672,0.2934194659787863,0.0342478597582334,,2.975742004063266,True,4.600000000000001,4.23538465084449
6.04,5.997333333333334,6.082666666666666,False,147.61557577921405,True,0.5485250542599847,2.999999999999999,0.1183700589135966,-18.535162724731634,6.0440000000000005,0.004000000000000448,147.93074167823605,True,0.9872130213773477,0.31516589902199144,-0.03692322387974737,,2.9469130877012457,True,4.499999999999999,4.206555734482471
6.05,6.007333333333333,6.092666666666666,False,146.76537262479707,True,0.6860828109301793,2.9,0.10758609222414861,-19.36487733560344,6.054,0.004000000000000448,147.30505602930302,True,0.9897968884132918,0.5396834045059506,-0.06354391625239769,,2.8735337800738963,True,4.400000000000002,4.1331764268551225
6.06,6.017333333333333,6.102666666666667,False,146.76537262479707,True,0.615949885458068,2.9,0.10406767889927386,-19.653682634619074,6.064,0.004000000000000448,146.41504788423643,True,0.9901756609009827,0.35032474056063734,0.041373459161419365,,2.7686164046600794,True,4.400000000000002,4.028259051441305
6.07,6.027333333333333,6.112666666666667,False,145.9200662802185,True,0.5485250542599845,2.8000000000000003,0.10018886450620024,-19.98361090914669,6.074,0.0039999999999995595,145.45845852118538,True,0.9864252548068233,0.46160775903311446,0.05485316660551223,,2.655136697215984,True,4.3000000000000025,3.914779343997211
6.08,6.037333333333334,6.1226666666666665,False,145.07962854192903,True,0.48498680771591135,2.7,0.09941123166795307,-20.051290908462228,6.0840000000000005,0.004000000000000448,143.96817353551754,True,0.9849359859508711,1.1114550064114894,0.133140485477337,pyin_probability_below_0.5,2.476849378344162,False,4.200000000000001,3.736492025125387
6.09,6.0473333333333334,6.132666666666666,False,144.24403136881983,True,0.48498680771591135,2.5999999999999974,0.09585251989836499,-20.36792930651242,6.094,0.004000000000000448,142.7918752689977,True,0.9800486972546472,1.4521560998221332,0.17517275542976227,pyin_probability_below_0.5,2.334817108391733,False,4.099999999999998,3.594459755172961
6.1,6.057333333333333,6.142666666666667,False,142.58724736030138,True,0.42606232904328145,2.399999999999998,0.09651142959214982,-20.308425025380288,6.104,0.004000000000000448,141.6684945649574,True,0.9749338401184314,0.9187527953439769,0.11191201627029485,pyin_probability_below_0.5,2.1980778475512017,False,3.9000000000000004,3.457720494332428
6.11,6.067333333333333,6.152666666666667,False,140.9494931391844,True,0.2796051653363589,2.1999999999999993,0.09487443578980716,-20.457015876021906,6.114,0.0039999999999995595,140.8990955743055,True,0.9713887935746365,0.050397564878892354,0.0061912661430422195,pyin_probability_below_0.5,2.1037985976784572,False,3.7000000000000015,3.3634412444596853
6.12,6.077333333333334,6.1626666666666665,False,140.13768379557115,True,0.0779752376229482,2.099999999999995,0.09405239243450557,-20.53260305428926,6.1240000000000006,0.004000000000000448,139.68430331976646,True,0.9714642457615681,0.45338047580469265,0.0561005524857905,pyin_probability_below_0.5,1.953889311335703,False,3.599999999999997,3.2135319581169304
6.13,6.0873333333333335,6.172666666666666,False,137.7302022667084,True,0.020317628556360583,1.800000000000001,0.09175985442530998,-20.74694568206924,6.134,0.004000000000000448,137.40451817100822,True,0.9408841580451877,0.32568409570018275,0.040986150942266375,pyin_probability_below_0.5,1.6690037128792354,False,3.3000000000000034,2.9286463596604593
6.14,6.097333333333333,6.182666666666667,False,136.14823596668148,True,0.011422334250709074,1.599999999999999,0.08986895240697901,-20.92780641610819,6.144,0.004000000000000448,133.04681758356296,True,0.8863453044146637,3.101418383118528,0.39893145270031377,pyin_probability_below_0.5,1.111058411121185,False,3.1000000000000023,2.3707010579024113
6.15,6.107333333333333,6.192666666666667,False,134.5844400993791,True,0.01010197459374499,1.4000000000000004,0.08504725280685158,-21.406794207775913,6.154,0.0039999999999995595,126.0441279630989,True,0.8609344531707773,8.540312136280193,1.1349925745323355,pyin_probability_below_0.5|pitch_difference_over_1_semitone,0.17499728928916458,False,2.9000000000000035,1.4346399360703894
6.16,6.117333333333334,6.2026666666666666,False,132.2723599733492,True,0.01000419105279527,1.0999999999999945,0.08330895998516165,-21.58616574308862,6.164000000000001,0.004000000000000448,121.04559760611427,True,0.8517147175006591,11.22676236723494,1.5355321604422913,pyin_probability_below_0.5|pitch_difference_over_1_semitone,-0.5255422966207958,False,2.5999999999999974,0.7341003501604304
6.17,6.1273333333333335,6.212666666666666,False,129.25125509628117,True,0.010000078102280324,0.7000000000000017,0.07910075249816467,-22.036387699390065,6.174,0.004000000000000448,114.9869475580234,True,0.7867190132685782,14.264307538257768,2.0244981984380765,pyin_probability_below_0.5|pitch_difference_over_1_semitone,-1.4145083346165765,False,2.200000000000003,-0.15486568783534896
6.18,6.137333333333333,6.222666666666667,False,121.29428889978496,True,0.01000020633903134,-0.4000000000000028,0.0722096503567718,-22.828095157575273,6.184,0.004000000000000448,108.49313282766667,True,0.8964812125841789,12.801156072118289,1.9308947327965384,pyin_probability_below_0.5|pitch_difference_over_1_semitone,-2.4209048689750388,False,1.099999999999998,-1.1612622221938138
6.19,6.147333333333333,6.232666666666667,False,117.16256013940793,True,0.01000020633903134,-1.0000000000000013,0.06892982066962973,-23.23185702761853,6.194,0.0039999999999995595,105.20947988731226,True,0.8562525473874826,11.953080252095674,1.8629630268778206,pyin_probability_below_0.5|pitch_difference_over_1_semitone,-2.9529731630563227,False,0.5000000000000008,-1.6933305162750976
6.2,6.157333333333334,6.242666666666667,False,111.2273533387383,True,0.010000016226422836,-1.8999999999999986,0.06470490371494945,-23.781256094309935,6.204,0.0039999999999995595,101.76277575431256,True,0.8255524041403665,9.46457758442574,1.5396203399941375,pyin_probability_below_0.5|pitch_difference_over_1_semitone,-3.529630476172638,False,-0.3999999999999969,-2.269987829391413
6.21,6.167333333333334,6.252666666666666,False,103.77879022636449,True,0.01001876450976914,-3.100000000000001,0.05524410553014318,-25.154281075861018,6.214,0.004000000000000448,97.2200579261993,True,0.8087449462910308,6.55873230016519,1.1302286930364456,pyin_probability_below_0.5|pitch_difference_over_1_semitone,-4.320238829214946,False,-1.5999999999999979,-3.060596182433722
6.22,6.177333333333333,6.262666666666667,False,101.40847938173854,True,0.010009025493342986,-3.5000000000000027,0.05091707485244471,-25.862731083844615,6.224,0.004000000000000448,94.07294743410735,True,0.7958600520553518,7.335531947631196,1.2999177378496793,pyin_probability_below_0.5|pitch_difference_over_1_semitone,-4.8899278740281815,False,-2.0000000000000004,-3.630285227246956
6.23,6.187333333333333,6.272666666666667,False,97.3899599969843,True,0.010009025493342986,-4.199999999999999,0.0466958233979787,-26.614439243636006,6.234,0.0039999999999995595,90.93659851475937,True,0.8342531475221644,6.453361482224935,1.18694412502645,pyin_probability_below_0.5|pitch_difference_over_1_semitone,-5.476954261204951,False,-2.699999999999999,-4.217311614423727
6.24,6.197333333333333,6.282666666666667,False,94.07250043362458,True,0.010073751764282884,-4.799999999999998,0.04033386456710777,-27.88660328622417,6.244,0.0039999999999995595,88.1326698817991,True,0.8383287504274802,5.93983055182548,1.1291536901590749,pyin_probability_below_0.5|pitch_difference_over_1_semitone,-6.019163826337575,False,-3.299999999999999,-4.759521179556349
6.25,6.207333333333334,6.292666666666666,False,91.39443895545271,True,0.011422334250709074,-5.300000000000002,0.03587628038639495,-28.903851809438756,6.2540000000000004,0.004000000000000448,85.86874961051723,True,0.7776346276928069,5.525689344935486,1.079678410571918,pyin_probability_below_0.5|pitch_difference_over_1_semitone,-6.469688546750421,False,-3.8,-5.210045899969193
6.26,6.217333333333333,6.302666666666667,False,89.3069870847758,True,0.015085587297504338,-5.699999999999999,0.031834448830906394,-29.942053298768997,6.264,0.004000000000000448,83.0508804431011,True,0.7118914948352845,6.256106641674705,1.2573310660282428,pyin_probability_below_0.5|pitch_difference_over_1_semitone,-7.047341202206742,False,-4.199999999999999,-5.787698555425518
6.27,6.227333333333333,6.312666666666667,False,86.76459052105223,True,0.013980210380185928,-6.200000000000002,0.026083980599123025,-31.672522629724735,6.274,0.004000000000000448,83.8342775793742,True,0.5681924489763395,2.930312941678025,0.5947936930915615,pyin_probability_below_0.5,-6.884803829270066,False,-4.7,-5.625161182488839
6.28,6.237333333333333,6.322666666666667,False,85.27402678843417,True,0.013980210380185928,-6.500000000000002,0.022442555413861264,-32.978553876166984,6.284,0.0039999999999995595,84.53619194778207,True,0.6527680745152699,0.7378348406520985,0.15044711054439341,pyin_probability_below_0.5,-6.740457246722896,False,-5.0,-5.4808145999416675
6.29,6.247333333333334,6.332666666666666,False,84.29457105231563,True,0.010191075496968311,-6.700000000000001,0.01907520195278484,-34.390617107812076,6.2940000000000005,0.004000000000000448,95.60261943419337,True,0.3922895417847456,11.30804838187774,-2.1793251513585354,pyin_probability_below_0.5|pitch_difference_over_1_semitone,-4.610684984819966,False,-5.199999999999999,-3.3510423380387406
6.3,6.257333333333333,6.342666666666666,False,83.80907004857264,True,0.010052967545965857,-6.8000000000000025,0.017438398458834572,-35.169868062872816,6.304,0.004000000000000448,96.55812514854463,True,0.44924083076433297,12.749055099971997,-2.4514953481367034,pyin_probability_below_0.5|pitch_difference_over_1_semitone,-4.4385147880418,False,-5.300000000000002,-3.178872141260574
6.31,6.267333333333333,6.352666666666667,False,89.82433719790544,True,0.010006178555334078,-5.600000000000004,0.014176988090947416,-36.9683205091807,6.314,0.004000000000000448,94.5144186958814,True,0.7194498257781848,4.690081497975967,-0.8811366288193901,pyin_probability_below_0.5,-4.808873507359112,False,-4.100000000000002,-3.549230860577886
6.32,6.277333333333333,6.362666666666667,False,95.16557023646565,True,0.010052967545965857,-4.600000000000001,0.011253624272403792,-38.97415177679088,6.324,0.0039999999999995595,,False,0.0,,,pyin_probability_below_0.5|voicing_disagreement,,False,-3.0999999999999983,
6.33,6.287333333333334,6.3726666666666665,False,95.71685877653417,True,0.010037765502929688,-4.500000000000001,0.01022381801646679,-39.80773779080988,6.3340000000000005,0.004000000000000448,,False,0.0,,,pyin_probability_below_0.5|voicing_disagreement,,False,-2.9999999999999987,
6.34,6.2973333333333334,6.382666666666666,False,94.07250043362458,True,0.010622609040911533,-4.799999999999998,0.009983941287513112,-40.01395963212735,6.344,0.004000000000000448,,False,0.0,,,pyin_probability_below_0.5|voicing_disagreement,,False,-3.299999999999999,
6.35,6.307333333333333,6.392666666666667,False,94.61745688474217,True,0.010140046044704068,-4.700000000000003,0.007586632981171098,-42.39901850616454,6.354,0.004000000000000448,,False,0.0,,,pyin_probability_below_0.5|voicing_disagreement,,False,-3.2000000000000006,
6.36,6.317333333333333,6.402666666666667,False,87.26721268071712,True,0.010259050559778863,-6.100000000000002,0.006644488608620146,-43.55076877599267,6.364,0.0039999999999995595,,False,0.0,,,pyin_probability_below_0.5|voicing_disagreement,,False,-4.599999999999999,
6.37,6.327333333333334,6.4126666666666665,False,94.07250043362458,True,0.011853505394683413,-4.799999999999998,0.0037069427405680435,-48.619682445297,6.3740000000000006,0.004000000000000448,,False,0.0,,,pyin_probability_below_0.5|voicing_disagreement,,False,-3.299999999999999,
6.38,6.3373333333333335,6.422666666666666,False,91.39443895545271,True,0.010349055133375844,-5.300000000000002,0.002680192910230724,-51.436678919173815,6.384,0.004000000000000448,,False,0.0,,,pyin_probability_below_0.5|voicing_disagreement,,False,-3.8,
6.39,6.347333333333333,6.432666666666667,False,89.82433719790544,True,0.01000419105279527,-5.600000000000004,0.002204364133977194,-53.134333275218665,6.394,0.004000000000000448,,False,0.0,,,pyin_probability_below_0.5|voicing_disagreement,,False,-4.100000000000002,
6.4,6.357333333333333,6.442666666666667,False,,False,0.010000802780927256,,0.0017149541700277186,-55.31494962869262,6.404,0.0039999999999995595,,False,0.0,,,,,False,,
6.41,6.367333333333334,6.4526666666666666,False,,False,0.01000123296498612,,0.001639442084253129,-55.70607841653215,6.414000000000001,0.004000000000000448,,False,0.0,,,,,False,,
6.42,6.3773333333333335,6.462666666666666,False,,False,0.010000802780927255,,0.0017766734314877334,-55.00784784160438,6.424,0.004000000000000448,,False,0.0,,,,,False,,
6.43,6.387333333333333,6.472666666666667,False,,False,0.01000020633903134,,0.0020520708571181577,-53.756152946018005,6.434,0.004000000000000448,,False,0.0,,,,,False,,
6.44,6.397333333333333,6.482666666666667,False,,False,0.010000802780927255,,0.002506322874343921,-52.01925964438314,6.444,0.0039999999999995595,,False,0.0,,,,,False,,
6.45,6.407333333333334,6.492666666666667,False,,False,0.010013068846238976,,0.0026076501704680503,-51.67501343691511,6.454,0.0039999999999995595,,False,0.0,,,,,False,,
6.46,6.417333333333334,6.502666666666666,False,,False,0.010073751764282884,,0.0026397292062940686,-51.56881244930158,6.464,0.004000000000000448,,False,0.0,,,,,False,,
6.47,6.427333333333333,6.512666666666667,False,,False,0.01010197459374499,,0.002601148402548283,-51.69669738846048,6.474,0.004000000000000448,,False,0.0,,,,,False,,
6.48,6.437333333333333,6.522666666666667,False,,False,0.01010197459374499,,0.002557144396294475,-51.844894952626966,6.484,0.0039999999999995595,,False,0.0,,,,,False,,
6.49,6.447333333333333,6.532666666666667,False,,False,0.010073751764282886,,0.0024020652321365033,-52.38830405546285,6.494,0.0039999999999995595,,False,0.0,,,,,False,,
6.5,6.457333333333334,6.542666666666666,False,,False,0.010467533617069907,,0.0023448562646118127,-52.597675471763694,6.5040000000000004,0.004000000000000448,,False,0.0,,,,,False,,
6.51,6.467333333333333,6.552666666666667,False,,False,0.010467533617069905,,0.002080523580833683,-53.636547150240574,6.514,0.004000000000000448,,False,0.0,,,,,False,,
6.52,6.477333333333333,6.562666666666667,False,,False,0.01010197459374499,,0.0018143034158717738,-54.82580163526757,6.524,0.004000000000000448,,False,0.0,,,,,False,,
6.53,6.487333333333333,6.572666666666667,False,,False,0.01002672467381077,,0.001252027104905962,-58.047725381239076,6.534,0.0039999999999995595,,False,0.0,,,,,False,,
6.54,6.497333333333334,6.582666666666666,False,,False,0.01002672467381077,,0.0011709516800647733,-58.62922051894913,6.5440000000000005,0.004000000000000448,,False,0.0,,,,,False,,
6.55,6.507333333333333,6.592666666666666,False,,False,0.010259050559778863,,0.001103673466953802,-59.14318796105385,6.554,0.004000000000000448,,False,0.0,,,,,False,,
6.56,6.517333333333333,6.602666666666667,False,,False,0.010013068846238975,,0.0009674126981406006,-60.28776432827936,6.564,0.004000000000000448,,False,0.0,,,,,False,,
6.57,6.527333333333333,6.612666666666667,False,,False,0.010009025493342986,,0.0008639152401531648,-61.2705772925398,6.574,0.0039999999999995595,,False,0.0,,,,,False,,
6.58,6.537333333333334,6.6226666666666665,False,,False,0.010001873046012551,,0.0007133550822102055,-62.9338848066648,6.5840000000000005,0.004000000000000448,,False,0.0,,,,,False,,
6.59,6.5473333333333334,6.632666666666666,False,,False,0.0100028158258111,,0.0004935107942758153,-66.13406687637506,6.594,0.004000000000000448,,False,0.0,,,,,False,,
6.6,6.557333333333333,6.642666666666667,False,,False,0.0100028158258111,,0.00041954001896492364,-67.54453212999805,6.604,0.004000000000000448,,False,0.0,,,,,False,,
6.61,6.567333333333333,6.652666666666667,False,,False,0.010052967545965857,,0.00041395809856333173,-67.66087233138344,6.614,0.0039999999999995595,,False,0.0,,,,,False,,
6.62,6.577333333333334,6.6626666666666665,False,,False,0.01001876450976914,,0.0003311571411737578,-69.59931750514465,6.6240000000000006,0.004000000000000448,,False,0.0,,,,,False,,
6.63,6.5873333333333335,6.672666666666666,False,,False,0.010000802780927255,,0.00029687201360110977,-70.54861483632354,6.634,0.004000000000000448,,False,0.0,,,,,False,,
6.64,6.597333333333333,6.682666666666667,False,,False,0.01000419105279527,,0.0002578304857232973,-71.77331466450553,6.644,0.004000000000000448,,False,0.0,,,,,False,,
6.65,6.607333333333333,6.692666666666667,False,,False,0.010467533617069907,,0.0002527092983536413,-71.9475755613339,6.654,0.0039999999999995595,,False,0.0,,,,,False,,
6.66,6.617333333333334,6.7026666666666666,False,,False,0.010000516719604524,,0.00020788568912780944,-73.64350813032529,6.664000000000001,0.004000000000000448,,False,0.0,,,,,False,,
6.67,6.6273333333333335,6.712666666666666,False,,False,0.010000000417925077,,0.00020039702076243322,-73.96217478544247,6.674,0.004000000000000448,,False,0.0,,,,,False,,
6.68,6.637333333333333,6.722666666666667,False,,False,0.010000002871100368,,0.00022933834961368419,-72.79046634255653,6.684,0.004000000000000448,,False,0.0,,,,,False,,
6.69,6.647333333333333,6.732666666666667,False,,False,0.010000000009505967,,0.0002195300483440049,-73.1701205392483,6.694,0.0039999999999995595,,False,0.0,,,,,False,,
6.7,6.657333333333334,6.742666666666667,False,,False,0.01,,0.00022483011065282634,-72.96291051555949,6.704,0.0039999999999995595,,False,0.0,,,,,False,,
6.71,6.667333333333334,6.752666666666666,False,,False,0.010000000000023851,,0.00022836268676155905,-72.82749712037882,6.714,0.004000000000000448,,False,0.0,,,,,False,,
6.72,6.677333333333333,6.762666666666667,False,,False,0.010000000009505967,,0.00022955982801102542,-72.78208218607178,6.724,0.004000000000000448,,False,0.0,,,,,False,,
6.73,6.687333333333333,6.772666666666667,False,,False,0.01000000000061386,,0.00022415252101731778,-72.9891274462245,6.734,0.0039999999999995595,,False,0.0,,,,,False,,
6.74,6.697333333333333,6.782666666666667,False,,False,0.010000000101429396,,0.00022091613894074426,-73.11545111517601,6.744,0.0039999999999995595,,False,0.0,,,,,False,,
6.75,6.707333333333334,6.792666666666666,False,,False,0.0100000470079773,,0.0002132597883087812,-73.42182052457508,6.7540000000000004,0.004000000000000448,,False,0.0,,,,,False,,
6.76,6.717333333333333,6.802666666666667,False,,False,0.010000000003996621,,0.0001861180397125048,-74.60423060639086,6.764,0.004000000000000448,,False,0.0,,,,,False,,
6.77,6.727333333333333,6.812666666666667,False,,False,0.010000001546554296,,0.0001781253271324726,-74.98548650103842,6.774,0.004000000000000448,,False,0.0,,,,,False,,
6.78,6.737333333333333,6.822666666666667,False,,False,0.010000000814014906,,0.00019215472549198966,-74.32697861692935,6.784,0.0039999999999995595,,False,0.0,,,,,False,,
6.79,6.747333333333334,6.832666666666666,False,65.0,True,0.01,-11.2,0.00017237382968296168,-75.27057338820958,6.7940000000000005,0.004000000000000448,,False,0.0,,,near_pyin_floor|pyin_probability_below_0.5|voicing_disagreement,,False,-9.7,
6.8,6.757333333333333,6.842666666666666,False,65.0,True,0.010000000101429396,-11.2,0.00018648417871683232,-74.58716015511546,6.804,0.004000000000000448,,False,0.0,,,near_pyin_floor|pyin_probability_below_0.5|voicing_disagreement,,False,-9.7,
6.81,6.767333333333333,6.852666666666667,False,65.0,True,0.010000027850262286,-11.2,0.00018491140024205592,-74.66072625387532,6.814,0.004000000000000448,,False,0.0,,,near_pyin_floor|pyin_probability_below_0.5|voicing_disagreement,,False,-9.7,
6.82,6.777333333333333,6.862666666666667,False,65.0,True,0.010000027850262286,-11.2,0.0001946815809459959,-74.21350271299076,6.824,0.0039999999999995595,,False,0.0,,,near_pyin_floor|pyin_probability_below_0.5|voicing_disagreement,,False,-9.7,
6.83,6.787333333333334,6.8726666666666665,False,65.0,True,0.010000127845232541,-11.2,0.00019956817158971733,-73.99817443183241,6.8340000000000005,0.004000000000000448,,False,0.0,,,near_pyin_floor|pyin_probability_below_0.5|voicing_disagreement,,False,-9.7,
6.84,6.7973333333333334,6.882666666666666,False,65.0,True,0.010000016226422836,-11.2,0.0002020298885127892,-73.89168751641792,6.844,0.004000000000000448,,False,0.0,,,near_pyin_floor|pyin_probability_below_0.5|voicing_disagreement,,False,-9.7,
6.85,6.807333333333333,6.892666666666667,False,65.0,True,0.010000002871100368,-11.2,0.00021905776568657034,-73.18882692595031,6.854,0.004000000000000448,,False,0.0,,,near_pyin_floor|pyin_probability_below_0.5|voicing_disagreement,,False,-9.7,
6.86,6.817333333333333,6.902666666666667,False,65.0,True,0.010000000417925077,-11.2,0.00020901464841563552,-73.59646552149673,6.864,0.0039999999999995595,,False,0.0,,,near_pyin_floor|pyin_probability_below_0.5|voicing_disagreement,,False,-9.7,
6.87,6.827333333333334,6.9126666666666665,False,65.0,True,0.010000000208892744,-11.2,0.000196943559933193,-74.11316432159093,6.8740000000000006,0.004000000000000448,,False,0.0,,,near_pyin_floor|pyin_probability_below_0.5|voicing_disagreement,,False,-9.7,
6.88,6.8373333333333335,6.922666666666666,False,65.0,True,0.010000000001606033,-11.2,0.00018364793669456254,-74.72027893278265,6.884,0.004000000000000448,,False,0.0,,,near_pyin_floor|pyin_probability_below_0.5|voicing_disagreement,,False,-9.7,
6.89,6.847333333333333,6.932666666666667,False,65.75526361962497,True,0.010000001546554296,-11.0,0.00016690730987281604,-75.55049285084787,6.894,0.004000000000000448,,False,0.0,,,near_pyin_floor|pyin_probability_below_0.5|voicing_disagreement,,False,-9.499999999999998,
6.9,6.857333333333333,6.942666666666667,False,72.12201568440993,True,0.010000000003996621,-9.4,0.00016412482849879754,-75.69651429431003,6.904,0.0039999999999995595,,False,0.0,,,pyin_probability_below_0.5|voicing_disagreement,,False,-7.899999999999999,
6.91,6.867333333333334,6.9526666666666666,False,65.0,True,0.010000005216229449,-11.2,0.0001494852169119407,-76.50803508070639,6.914000000000001,0.004000000000000448,,False,0.0,,,near_pyin_floor|pyin_probability_below_0.5|voicing_disagreement,,False,-9.7,
6.92,6.8773333333333335,6.962666666666666,False,65.0,True,0.010073751764282884,-11.2,0.00014600797387773722,-76.71246851218292,6.924,0.004000000000000448,,False,0.0,,,near_pyin_floor|pyin_probability_below_0.5|voicing_disagreement,,False,-9.7,
6.93,6.887333333333333,6.972666666666667,False,65.0,True,0.010000127845232541,-11.2,0.00012725835938532369,-77.90627359975696,6.934,0.004000000000000448,,False,0.0,,,near_pyin_floor|pyin_probability_below_0.5|voicing_disagreement,,False,-9.7,
6.94,6.897333333333333,6.982666666666667,False,65.75526361962497,True,0.010000000208892744,-11.0,0.00010498758814479719,-79.57724082219066,6.944,0.0039999999999995595,,False,0.0,,,near_pyin_floor|pyin_probability_below_0.5|voicing_disagreement,,False,-9.499999999999998,
6.95,6.907333333333334,6.992666666666667,False,,False,0.010000000417925075,,9.548894769880172e-05,-80.40093785234511,6.954,0.0039999999999995595,,False,0.0,,,,,False,,
6.96,6.917333333333334,7.002666666666666,False,,False,0.010000000000001867,,9.471071148455674e-05,-80.47201801749182,6.964,0.004000000000000448,,False,0.0,,,,,False,,
6.97,6.927333333333333,7.012666666666667,False,,False,0.010000000000006922,,0.00010172513624024759,-79.85143439649318,6.974,0.004000000000000448,,False,0.0,,,,,False,,
6.98,6.937333333333333,7.022666666666667,False,,False,0.010000000001606035,,9.927493118651301e-05,-80.06320810599739,6.984,0.0039999999999995595,,False,0.0,,,,,False,,
6.99,6.947333333333333,7.032666666666667,False,,False,0.01,,8.584260857779025e-05,-81.325941870766,6.994,0.0039999999999995595,,False,0.0,,,,,False,,
7.0,6.957333333333334,7.042666666666666,False,,False,0.01,,7.550155903713029e-05,-82.44088161000374,7.0040000000000004,0.004000000000000448,,False,0.0,,,,,False,,
7.01,6.967333333333333,7.052666666666667,False,,False,0.01,,0.0004419583406599677,-67.09237331320693,7.014,0.004000000000000448,,False,0.0,,,,,False,,
7.02,6.977333333333333,7.062666666666667,False,,False,0.010001873046012551,,0.0023076481434331705,-52.73660818254916,7.024,0.004000000000000448,,False,0.0,,,,,False,,
7.03,6.987333333333333,7.072666666666667,False,,False,0.010000127845232541,,0.0024908393069301552,-52.07308578941124,7.034,0.0039999999999995595,,False,0.0,,,,,False,,
7.04,6.997333333333334,7.082666666666666,False,,False,0.010000078102280324,,0.0025625799855585156,-51.82645140266865,7.0440000000000005,0.004000000000000448,,False,0.0,,,,,False,,
7.05,7.007333333333333,7.092666666666666,False,,False,0.0100000470079773,,0.002600420326820513,-51.69912895700831,7.054,0.004000000000000448,,False,0.0,,,,,False,,
7.06,7.017333333333333,7.102666666666667,False,,False,0.010000016226422836,,0.0026248912377468733,-51.61777373716007,7.064,0.004000000000000448,,False,0.0,,,,,False,,
7.07,7.027333333333333,7.112666666666667,False,,False,0.010000002871100368,,0.002667467637310959,-51.47801681780766,7.074,0.0039999999999995595,,False,0.0,,,,,False,,
7.08,7.037333333333334,7.1226666666666665,False,,False,0.010000002871100368,,0.0026751037158293575,-51.45318750770227,7.0840000000000005,0.004000000000000448,,False,0.0,,,,,False,,
7.09,7.0473333333333334,7.132666666666666,False,,False,0.01000419105279527,,0.0026812527965389085,-51.433244750061526,7.094,0.004000000000000448,,False,0.0,,,,,False,,
7.1,7.057333333333333,7.142666666666667,False,,False,0.010000206339031339,,0.0015135034494612653,-56.400331697910495,7.104,0.004000000000000448,,False,0.0,,,,,False,,
7.11,7.067333333333333,7.152666666666667,False,,False,0.010000027850262286,,0.001192247380737076,-58.47267245999865,7.114,0.0039999999999995595,,False,0.0,,,,,False,,
7.12,7.077333333333334,7.1626666666666665,False,,False,0.010013068846238975,,0.0009009675014117043,-60.90581748146456,7.1240000000000006,0.004000000000000448,,False,0.0,,,,,False,,
7.13,7.0873333333333335,7.168,True,,False,0.010191075496968311,,0.0007845818145657053,-62.10723524774154,7.134,0.004000000000000448,,False,0.0,,,edge_window,,False,,
7.14,7.097333333333333,7.168,True,,False,0.010052967545965857,,0.0006747484695688278,-63.4171618363127,7.144,0.004000000000000448,,False,0.0,,,edge_window,,False,,
7.15,7.107333333333333,7.168,True,,False,0.010000516719604524,,0.000528864562228275,-65.53311065789352,,,,,,,,edge_window,,False,,
7.16,7.117333333333334,7.168,True,,False,0.010000000009505967,,0.0003660885706798741,-68.72827659244014,,,,,,,,edge_window,,False,,
