timestamp_s,window_start_s,window_end_s,edge_padded,f0_hz,voiced,voicing_probability,relative_pitch_semitones,rms_amplitude,rms_dbfs,praat_timestamp_s,praat_time_offset_s,praat_f0_hz,praat_voiced,praat_strength,absolute_difference_hz,signed_difference_semitones,flags,praat_relative_semitones,agreement_screen_pass,pyin_speaker_relative_st,praat_speaker_relative_st
0.0,0.0,0.042666666666666665,True,,False,0.010259050559778863,,0.00029142514519436385,-70.70945956964461,,,,,,,,edge_window,,False,,
0.01,0.0,0.05266666666666667,True,,False,0.010259050559778863,,0.00026864567719818845,-71.41640286621451,,,,,,,,edge_window,,False,,
0.02,0.0,0.06266666666666666,True,,False,0.010259050559778863,,0.00024969982561081207,-72.05163521915554,,,,,,,,edge_window,,False,,
0.03,0.0,0.07266666666666667,True,,False,0.010037765502929688,,0.00025496472290881624,-71.87039809374265,0.025333333333333315,-0.0046666666666666835,,False,0.0,,,edge_window,,False,,
0.04,0.0,0.08266666666666667,True,,False,0.011085791888943373,,0.00025876935049686737,-71.74174328482306,0.035333333333333314,-0.004666666666666687,,False,0.0,,,edge_window,,False,,
0.05,0.007333333333333333,0.09266666666666666,False,,False,0.010052967545965857,,0.00024860736504311593,-72.08972018885093,0.045333333333333316,-0.004666666666666687,,False,0.0,,,,,False,,
0.06,0.017333333333333333,0.10266666666666667,False,,False,0.010467533617069905,,0.00025932621273633196,-71.72307164908081,0.05533333333333332,-0.00466666666666668,,False,0.0,,,,,False,,
0.07,0.027333333333333334,0.11266666666666666,False,,False,0.010467533617069905,,0.00024296338894146745,-72.28918326701198,0.06533333333333331,-0.004666666666666694,,False,0.0,,,,,False,,
0.08,0.037333333333333336,0.12266666666666666,False,,False,0.010467533617069905,,0.00023431682858179038,-72.60393038702327,0.07533333333333332,-0.00466666666666668,,False,0.0,,,,,False,,
0.09,0.04733333333333333,0.13266666666666665,False,,False,0.011085791888943375,,0.0002413808851297129,-72.34594249018971,0.08533333333333332,-0.00466666666666668,,False,0.0,,,,,False,,
0.1,0.05733333333333333,0.14266666666666666,False,,False,0.013100262550513395,,0.00026581094813660813,-71.50854270884415,0.09533333333333333,-0.00466666666666668,,False,0.0,,,,,False,,
0.11,0.06733333333333333,0.15266666666666667,False,,False,0.013100262550513395,,0.00026974446658321676,-71.38094910951072,0.10533333333333332,-0.00466666666666668,,False,0.0,,,,,False,,
0.12,0.07733333333333334,0.16266666666666665,False,,False,0.018187375734912185,,0.0002732468310404923,-71.26889732093083,0.11533333333333332,-0.00466666666666668,,False,0.0,,,,,False,,
0.13,0.08733333333333333,0.17266666666666666,False,,False,0.016467587593113005,,0.0002455813211347536,-72.19609337249038,0.12533333333333332,-0.00466666666666668,,False,0.0,,,,,False,,
0.14,0.09733333333333333,0.18266666666666667,False,,False,0.012403124793551348,,0.0002482962099074001,-72.10059819278827,0.1353333333333333,-0.004666666666666708,,False,0.0,,,,,False,,
0.15,0.10733333333333334,0.19266666666666668,False,,False,0.010824463728234167,,0.00024538403392346486,-72.2030739670225,0.14533333333333331,-0.00466666666666668,,False,0.0,,,,,False,,
0.16,0.11733333333333333,0.20266666666666666,False,,False,0.011422334250709074,,0.00024385640617660684,-72.2573166176791,0.15533333333333332,-0.00466666666666668,,False,0.0,,,,,False,,
0.17,0.12733333333333333,0.21266666666666667,False,,False,0.010622609040911533,,0.00024400787544234982,-72.25192312847464,0.16533333333333333,-0.00466666666666668,,False,0.0,,,,,False,,
0.18,0.13733333333333334,0.22266666666666668,False,,False,0.011853505394683413,,0.00023931097864967265,-72.42074754402026,0.1753333333333333,-0.00466666666666668,,False,0.0,,,,,False,,
0.19,0.14733333333333334,0.23266666666666666,False,,False,0.010622609040911533,,0.00022476841207731585,-72.96529445142218,0.18533333333333332,-0.00466666666666668,,False,0.0,,,,,False,,
0.2,0.15733333333333333,0.24266666666666667,False,,False,0.010467533617069905,,0.00020421104540570842,-73.79841542823213,0.19533333333333333,-0.00466666666666668,,False,0.0,,,,,False,,
0.21,0.16733333333333333,0.25266666666666665,False,,False,0.010467533617069905,,0.00020678685378562147,-73.68954148852906,0.2053333333333333,-0.00466666666666668,,False,0.0,,,,,False,,
0.22,0.17733333333333334,0.26266666666666666,False,,False,0.010622609040911533,,0.00021421083408921843,-73.38317135484745,0.21533333333333332,-0.00466666666666668,,False,0.0,,,,,False,,
0.23,0.18733333333333332,0.27266666666666667,False,,False,0.010259050559778863,,0.00020952367977439216,-73.57533774376802,0.22533333333333333,-0.00466666666666668,,False,0.0,,,,,False,,
0.24,0.19733333333333333,0.2826666666666667,False,,False,0.010467533617069905,,0.0001983012044169304,-74.05349296046901,0.2353333333333333,-0.00466666666666668,,False,0.0,,,,,False,,
0.25,0.20733333333333334,0.2926666666666667,False,,False,0.01001876450976914,,0.00017848811665592074,-74.96781385910927,0.24533333333333332,-0.00466666666666668,,False,0.0,,,,,False,,
0.26,0.21733333333333332,0.30266666666666664,False,,False,0.010001873046012551,,0.00019517149342822754,-74.19167229392943,0.2553333333333333,-0.004666666666666708,,False,0.0,,,,,False,,
0.27,0.22733333333333333,0.31266666666666665,False,,False,0.01000419105279527,,0.00022518833582592902,-72.94908217140738,0.2653333333333333,-0.004666666666666708,,False,0.0,,,,,False,,
0.28,0.23733333333333334,0.32266666666666666,False,,False,0.01000419105279527,,0.00024192520135052378,-72.326377776426,0.2753333333333333,-0.004666666666666708,,False,0.0,,,,,False,,
0.29,0.24733333333333332,0.33266666666666667,False,,False,0.010073751764282886,,0.0002556749974406058,-71.8462347945369,0.2853333333333333,-0.004666666666666652,,False,0.0,,,,,False,,
0.3,0.25733333333333336,0.3426666666666667,False,,False,0.010349055133375843,,0.0002616654495965125,-71.64507235959633,0.29533333333333334,-0.004666666666666652,,False,0.0,,,,,False,,
0.31,0.2673333333333333,0.3526666666666667,False,,False,0.010191075496968311,,0.0002581816728345366,-71.76149179207545,0.30533333333333335,-0.004666666666666652,,False,0.0,,,,,False,,
0.32,0.2773333333333333,0.3626666666666667,False,,False,2.2593781769499876e-06,,0.0003008237859612863,-70.43375654622727,0.3153333333333333,-0.004666666666666708,,False,0.0,,,,,False,,
0.33,0.28733333333333333,0.37266666666666665,False,,False,0.010018764508827837,,0.00032211435343474764,-69.83979845122369,0.3253333333333333,-0.004666666666666708,,False,0.0,,,,,False,,
0.34,0.29733333333333334,0.38266666666666665,False,,False,0.010021314929820401,,0.00033859165416310466,-69.40647501760607,0.3353333333333333,-0.004666666666666708,,False,0.0,,,,,False,,
0.35,0.30733333333333335,0.39266666666666666,False,221.17346184722248,True,0.01,1.7000000000000026,0.0018690950986109574,-54.56737202751939,0.3453333333333333,-0.004666666666666652,,False,0.0,,,pyin_probability_below_0.5|voicing_disagreement,,False,1.1999999999999993,
0.36,0.31733333333333336,0.4026666666666667,False,222.45470667747657,True,0.010824463728234165,1.800000000000001,0.006654275014627127,-43.53798508266867,0.35533333333333333,-0.004666666666666652,,False,0.0,,,pyin_probability_below_0.5|voicing_disagreement,,False,1.2999999999999994,
0.37,0.3273333333333333,0.4126666666666667,False,216.12185299712482,True,0.06608151270920701,1.300000000000003,0.013300410177929389,-37.52269930808015,0.36533333333333334,-0.004666666666666652,,False,0.0,,,pyin_probability_below_0.5|voicing_disagreement,,False,0.8000000000000002,
0.38,0.3373333333333333,0.4226666666666667,False,214.87708272009507,True,0.20650679911775227,1.200000000000003,0.019318799401171715,-34.28039734065463,0.37533333333333335,-0.004666666666666652,,False,0.0,,,pyin_probability_below_0.5|voicing_disagreement,,False,0.7000000000000017,
0.39,0.3473333333333333,0.43266666666666664,False,214.87708272009507,True,0.4260623290432815,1.200000000000003,0.023903179254501916,-32.43088663303712,0.3853333333333333,-0.004666666666666708,220.99551687469543,True,0.7879612332480455,6.118434154600351,-0.48606576097579307,pyin_probability_below_0.5,1.836512903115854,False,0.7000000000000017,0.8916259941599312
0.4,0.35733333333333334,0.44266666666666665,False,217.37383415501247,True,0.6159498854580681,1.400000000000004,0.02826697957490245,-30.97441189814955,0.3953333333333333,-0.004666666666666708,213.23767996517068,True,0.9062322953263187,4.13615418984179,0.3325907906002506,,1.2178563515398086,True,0.9000000000000021,0.27296944258388417
0.41,0.36733333333333335,0.45266666666666666,False,218.63306796596578,True,0.6860828109301793,1.5000000000000004,0.03135286029505031,-30.07445665411835,0.4053333333333333,-0.004666666666666652,212.31693848795325,True,0.964141334816277,6.316129478012527,0.5075058033381608,,1.1429413388018967,False,0.9999999999999971,0.1980544298459762
0.42,0.37733333333333335,0.46266666666666667,False,221.17346184722248,True,0.6860828109301792,1.7000000000000026,0.034279868376873766,-29.299217085797768,0.41533333333333333,-0.004666666666666652,214.1421213660788,True,0.9877150241683192,7.031340481143673,0.5593162895009273,,1.2911308526391325,False,1.1999999999999993,0.3462439436832102
0.43,0.3873333333333333,0.4726666666666667,False,223.74337368352585,True,0.5485250542599844,1.900000000000004,0.03707205956659994,-28.61906571476732,0.42533333333333334,-0.004666666666666652,217.14677599909507,True,0.9895453310092996,6.596597684430776,0.5180930817657574,,1.5323540603743029,False,1.4000000000000004,0.58746715141838
0.44,0.3973333333333333,0.4826666666666667,False,228.9731271349986,True,0.2796051653363589,2.3000000000000034,0.03975928982482959,-28.011227630319535,0.43533333333333335,-0.004666666666666652,221.1803951969063,True,0.9812446085430635,7.792731938092317,0.599457300943282,pyin_probability_below_0.5,1.8509898411967767,False,1.800000000000001,0.9061029322408526
0.45,0.4073333333333333,0.49266666666666664,False,241.19137040474044,True,0.15046460134333886,3.2,0.04582547443363999,-26.777860601359528,0.4453333333333333,-0.004666666666666708,226.06795214913245,True,0.9841498777190981,15.123418255607987,1.1210616324888907,pyin_probability_below_0.5|pitch_difference_over_1_semitone,2.2293855096511637,False,2.6999999999999966,1.2844986006952437
0.46,0.41733333333333333,0.5026666666666667,False,248.25881701670832,True,0.2407543944755743,3.7000000000000015,0.05217492828038478,-25.650762784859,0.4553333333333333,-0.004666666666666708,230.9957748240339,True,0.9870608523133262,17.26304219267442,1.2477419188895942,pyin_probability_below_0.5|pitch_difference_over_1_semitone,2.6027052232504664,False,3.2,1.6578183142945448
0.47,0.42733333333333334,0.5126666666666667,False,249.6969657132611,True,0.4260623290432814,3.800000000000004,0.0579951617620038,-24.73216471760623,0.4653333333333333,-0.004666666666666652,239.35330090686057,True,0.9447058223603108,10.34366480640054,0.7324390512682334,pyin_probability_below_0.5,3.2180080908718245,False,3.3000000000000003,2.273121181915903
0.48,0.43733333333333335,0.5226666666666666,False,251.14344552045984,True,0.6860828109301794,3.9000000000000004,0.06149618507154736,-24.223036498724127,0.47533333333333333,-0.004666666666666652,248.25958294735113,True,0.9346043539412783,2.8838625731087006,0.19994658787234637,,3.8505005542677133,True,3.3999999999999977,2.905613645311791
0.49,0.44733333333333336,0.5326666666666666,False,251.14344552045984,True,0.8911444948731203,3.9000000000000004,0.06208444227406427,-24.140344318859984,0.48533333333333334,-0.004666666666666652,250.45626602470628,True,0.9760537130720363,0.6871794957535542,0.04743500674971385,,4.0030121353903425,True,3.3999999999999977,3.0581252264344196
0.5,0.4573333333333333,0.5426666666666666,False,251.14344552045984,True,0.9459302094659092,3.9000000000000004,0.06135386068994665,-24.24316208218317,0.49533333333333335,-0.004666666666666652,251.85884917959615,True,0.9912040831667485,0.7154036591363138,-0.04924558085293489,,4.099692722992993,True,3.3999999999999977,3.154805814037071
0.51,0.4673333333333333,0.5526666666666666,False,251.14344552045984,True,0.9459302094659093,3.9000000000000004,0.060120482194011025,-24.419550896580038,0.5053333333333333,-0.004666666666666708,252.7292341901964,True,0.9934258282709177,1.5857886697365586,-0.1089711950840127,,4.1594183372240705,True,3.3999999999999977,3.214531428268148
0.52,0.47733333333333333,0.5626666666666666,False,251.14344552045984,True,0.9848789761259924,3.9000000000000004,0.058725889851672874,-24.62340787593917,0.5153333333333333,-0.004666666666666708,252.9115412454416,True,0.9900033768858642,1.7680957249817766,-0.1214550061385994,,4.171902148278658,True,3.3999999999999977,3.2270152393227334
0.53,0.48733333333333334,0.5726666666666667,False,252.59830469993753,True,0.9848789761259924,4.0000000000000036,0.05525173229675996,-25.15308202158827,0.5253333333333333,-0.004666666666666708,251.68801653909276,True,0.9807030725521109,0.9102881608447717,0.06250114285493755,,4.08794599928512,True,3.4999999999999982,3.1430590903291984
0.54,0.49733333333333335,0.5826666666666667,False,252.59830469993753,True,0.9459302094659092,4.0000000000000036,0.048963894356065144,-26.20248095528545,0.5353333333333333,-0.004666666666666708,248.75122632726237,True,0.9466599499042533,3.8470783726751563,0.2656958222535961,,3.8847513198864623,True,3.4999999999999982,2.9398644109305394
0.55,0.5073333333333333,0.5926666666666667,False,252.59830469993753,True,0.8911444948731202,4.0000000000000036,0.03916454938416668,-28.142137319154514,0.5453333333333333,-0.004666666666666708,247.0267994739495,True,0.8525189517764342,5.571505225988034,0.3861286921030081,,3.7643184500370492,True,3.4999999999999982,2.8194315410811264
0.56,0.5173333333333333,0.6026666666666667,False,251.14344552045984,True,0.6860828109301793,3.9000000000000004,0.028149159506738,-31.010691360505078,0.5553333333333333,-0.004666666666666708,247.87671558963476,True,0.8730268701096024,3.266729930825079,0.2266663880355535,,3.8237807541045044,True,3.3999999999999977,2.8788938451485815
0.57,0.5273333333333333,0.6126666666666667,False,246.828951447135,True,0.2796051653363589,3.600000000000003,0.017698614260799,-35.04121472072758,0.5653333333333334,-0.004666666666666597,253.18202330997562,True,0.8897515245544708,6.353071862840608,-0.4399601932092716,pyin_probability_below_0.5,4.19040733534933,False,3.0999999999999988,3.2455204263934094
0.58,0.5373333333333333,0.6226666666666667,False,251.14344552045984,True,0.03489742801962526,3.9000000000000004,0.012151915925167251,-38.3071048773133,0.5753333333333334,-0.004666666666666597,250.59253488587592,True,0.8286420671839881,0.5509106345839143,0.03801822747902194,pyin_probability_below_0.5,4.012428914661033,False,3.3999999999999977,3.0675420057051124
0.59,0.5473333333333333,0.6326666666666667,False,251.14344552045984,True,0.02616802860893576,3.9000000000000004,0.010131660252632837,-39.886387638744466,0.5853333333333334,-0.004666666666666597,251.4940925791626,True,0.7181463398969917,0.35064705870277635,-0.024154671296681213,pyin_probability_below_0.5,4.074601813436738,False,3.3999999999999977,3.1297149044808164
0.6,0.5573333333333333,0.6426666666666667,False,251.14344552045984,True,0.011085791888943373,3.9000000000000004,0.008289426057244934,-41.62951076125118,0.5953333333333334,-0.004666666666666597,252.0962430199555,True,0.4937423022306083,0.9527974994956594,-0.06555593612979242,pyin_probability_below_0.5,4.11600307826985,False,3.3999999999999977,3.171116169313926
0.61,0.5673333333333334,0.6526666666666666,False,251.14344552045984,True,0.010101974593744987,3.9000000000000004,0.007671683960437757,-42.302185929743274,0.6053333333333333,-0.004666666666666708,,False,0.0,,,pyin_probability_below_0.5|voicing_disagreement,,False,3.3999999999999977,
0.62,0.5773333333333334,0.6626666666666666,False,251.14344552045984,True,0.01000187304601255,3.9000000000000004,0.00694362114508831,-43.16827965952916,0.6153333333333333,-0.004666666666666708,,False,0.0,,,pyin_probability_below_0.5|voicing_disagreement,,False,3.3999999999999977,
0.63,0.5873333333333334,0.6726666666666666,False,266.0772119191614,True,0.010000001546554295,4.899999999999999,0.0060332196757775965,-44.3890172256755,0.6253333333333333,-0.004666666666666708,,False,0.0,,,pyin_probability_below_0.5|voicing_disagreement,,False,4.399999999999993,
0.64,0.5973333333333334,0.6826666666666666,False,,False,0.010000000009505967,,0.005258901799091233,-45.58209877620464,0.6353333333333333,-0.004666666666666708,,False,0.0,,,,,False,,
0.65,0.6073333333333333,0.6926666666666667,False,,False,0.01002672467381077,,0.010431157264472466,-39.63335013886376,0.6453333333333333,-0.004666666666666708,,False,0.0,,,,,False,,
0.66,0.6173333333333333,0.7026666666666667,False,300.391701186791,True,0.09203757081218102,7.0000000000000036,0.02008191663138844,-33.94389680393378,0.6553333333333333,-0.004666666666666708,,False,0.0,,,pyin_probability_below_0.5|voicing_disagreement,,False,6.500000000000001,
0.67,0.6273333333333333,0.7126666666666667,False,298.66157229922914,True,0.3233360583906409,6.900000000000004,0.02815978131979058,-31.007414442286727,0.6653333333333333,-0.004666666666666708,,False,0.0,,,pyin_probability_below_0.5|voicing_disagreement,,False,6.400000000000001,
0.68,0.6373333333333333,0.7226666666666667,False,296.94140822080067,True,0.4849868077159112,6.800000000000006,0.035438932676725675,-29.010387326889656,0.6753333333333333,-0.004666666666666708,305.0503909122852,True,0.7412655830240809,8.108982691484528,-0.46643147428466414,pyin_probability_below_0.5,7.416878616424726,False,6.3000000000000025,6.471991707468804
0.69,0.6473333333333333,0.7326666666666667,False,296.94140822080067,True,0.6860828109301792,6.800000000000006,0.040966636543564396,-27.751393823467374,0.6853333333333333,-0.004666666666666597,301.5143060951358,True,0.9086850823559766,4.572897874335126,-0.2645779929414286,,7.21502513508149,True,6.3000000000000025,6.270138226125567
0.7,0.6573333333333333,0.7426666666666667,False,296.94140822080067,True,0.8266685594724996,6.800000000000006,0.044648372648079485,-27.003887314607873,0.6953333333333334,-0.004666666666666597,298.2734137223718,True,0.9622952424437932,1.3320055015711318,-0.07748520508458984,,7.027932347224652,True,6.3000000000000025,6.08304543826873
0.71,0.6673333333333333,0.7526666666666667,False,296.94140822080067,True,0.8911444948731203,6.800000000000006,0.0473970965883975,-26.484965223167052,0.7053333333333334,-0.004666666666666597,297.1551364862518,True,0.9859435650121566,0.2137282654511523,-0.012456348034885732,,6.9629034901749485,True,6.3000000000000025,6.018016581219026
0.72,0.6773333333333333,0.7626666666666667,False,298.66157229922914,True,0.8911444948731203,6.900000000000004,0.04967027028380778,-26.078069535168254,0.7153333333333334,-0.004666666666666597,296.3802293277541,True,0.9874293218190824,2.2813429714750555,0.13274892521973347,,6.917698216920328,True,6.400000000000001,5.9728113079644025
0.73,0.6873333333333334,0.7726666666666666,False,298.66157229922914,True,0.8911444948731202,6.900000000000004,0.05140293891210921,-25.780240998762185,0.7253333333333334,-0.004666666666666597,295.87485063639343,True,0.9893090334098164,2.7867216628357028,0.16229460714337057,,6.888152534996689,True,6.400000000000001,5.943265626040764
0.74,0.6973333333333334,0.7826666666666666,False,298.66157229922914,True,0.8911444948731202,6.900000000000004,0.050764836846016,-25.88874010528242,0.7353333333333333,-0.004666666666666708,296.8742702710527,True,0.9884304149946016,1.7873020281764411,0.10391473345326915,,6.946532408686791,True,6.400000000000001,6.001645499730868
0.75,0.7073333333333334,0.7926666666666666,False,298.66157229922914,True,0.8911444948731202,6.900000000000004,0.04859437146127649,-26.26828061675807,0.7453333333333333,-0.004666666666666708,299.329656422298,True,0.9837821468980044,0.6680841230688657,-0.038683191564029405,,7.089130333704089,True,6.400000000000001,6.144243424748165
0.76,0.7173333333333334,0.8026666666666666,False,298.66157229922914,True,0.8911444948731202,6.900000000000004,0.04441417550196275,-27.049567913145435,0.7553333333333333,-0.004666666666666708,302.1164372622964,True,0.9739982674832136,3.45486496306728,-0.19911666864065855,,7.249563810780718,True,6.400000000000001,6.304676901824797
0.77,0.7273333333333334,0.8126666666666666,False,300.391701186791,True,0.8911444948731202,7.0000000000000036,0.03901540766384126,-28.175277017449112,0.7653333333333333,-0.004666666666666708,303.3074534886417,True,0.9740909463539598,2.9157523018507163,-0.16723193582669527,,7.317679077966755,True,6.500000000000001,6.3727921690108325
0.78,0.7373333333333333,0.8226666666666667,False,302.13185260903833,True,0.8911444948731202,7.100000000000004,0.034390717723120426,-29.271175209969652,0.7753333333333333,-0.004666666666666708,303.34744592578585,True,0.9695045650283132,1.2155933167475155,-0.06951449446278753,,7.319961636602848,True,6.6000000000000005,6.375074727646926
0.79,0.7473333333333333,0.8326666666666667,False,302.13185260903833,True,0.8911444948731203,7.100000000000004,0.030142467761856046,-30.416423898102533,0.7853333333333333,-0.004666666666666708,301.78029647193944,True,0.9618666335320232,0.3515561370988962,0.020156111261546553,,7.230291030878514,True,6.6000000000000005,6.285404121922593
0.8,0.7573333333333333,0.8426666666666667,False,303.8820846259238,True,0.8911444948731203,7.200000000000001,0.026374874339587358,-31.576192016826298,0.7953333333333333,-0.004666666666666708,296.89181951386166,True,0.9514839264076212,6.990265112062161,0.4028913726646435,,6.947555769475416,True,6.699999999999999,6.002668860519494
0.81,0.7673333333333333,0.8526666666666667,False,302.13185260903833,True,0.8266685594724995,7.100000000000004,0.02226528029381039,-33.04743666478592,0.8053333333333333,-0.004666666666666708,297.5676840468259,True,0.9329269286019976,4.564168562212444,0.26352518576118567,,6.986921956378872,True,6.6000000000000005,6.042035047422949
0.82,0.7773333333333333,0.8626666666666667,False,298.66157229922914,True,0.8266685594724995,6.900000000000004,0.017872426353197853,-34.956329677057475,0.8153333333333334,-0.004666666666666597,302.75867883780296,True,0.9714527124794357,4.097106538573826,-0.2358803202268235,,7.286327462366884,True,6.400000000000001,6.341440553410962
0.83,0.7873333333333333,0.8726666666666667,False,298.66157229922914,True,0.7571601330199091,6.900000000000004,0.012857472307643475,-37.81688804774092,0.8253333333333334,-0.004666666666666597,301.63875352905006,True,0.9655872003336243,2.9771812298209284,-0.17172203820592452,,7.222169180345983,True,6.400000000000001,6.27728227139006
0.84,0.7973333333333333,0.8826666666666667,False,302.13185260903833,True,0.24075439447557428,7.100000000000004,0.00844313822457028,-41.469922014661734,0.8353333333333334,-0.004666666666666597,298.66146177925987,True,0.9555446559830273,3.4703908297784665,0.20000640644753204,pyin_probability_below_0.5,7.050440735692526,False,6.6000000000000005,6.105553826736603
0.85,0.8073333333333333,0.8926666666666667,False,300.391701186791,True,0.03489742801962526,7.0000000000000036,0.007162459290511924,-42.898756668606325,0.8453333333333334,-0.004666666666666597,297.3297465746695,True,0.9647312827440685,3.0619546121214967,0.17737380752716156,pyin_probability_below_0.5,6.973073334612898,False,6.500000000000001,6.028186425656974
0.86,0.8173333333333334,0.9026666666666666,False,296.94140822080067,True,0.010824463728234169,6.800000000000006,0.006813064317670712,-43.333150223039056,0.8553333333333334,-0.004666666666666597,300.02967240824086,True,0.9644184380470687,3.0882641874401884,-0.1791227743819438,pyin_probability_below_0.5,7.129569916522007,False,6.3000000000000025,6.184683007566084
0.87,0.8273333333333334,0.9126666666666666,False,296.94140822080067,True,0.010004191052795272,6.800000000000006,0.00703672670584061,-43.05258631766493,0.8653333333333333,-0.004666666666666708,300.92341045996767,True,0.7197583169764485,3.9820022391670022,-0.23061667402036984,pyin_probability_below_0.5,7.1810638161604325,False,6.3000000000000025,6.23617690720451
0.88,0.8373333333333334,0.9226666666666666,False,307.41302436705854,True,0.010000001546554296,7.400000000000003,0.007648252010862607,-42.328756208771324,0.8753333333333333,-0.004666666666666708,,False,0.0,,,pyin_probability_below_0.5|voicing_disagreement,,False,6.9,
0.89,0.8473333333333334,0.9326666666666666,False,307.41302436705854,True,0.0100000000000754,7.400000000000003,0.008128493622555574,-41.79979861340145,0.8853333333333333,-0.004666666666666708,,False,0.0,,,pyin_probability_below_0.5|voicing_disagreement,,False,6.9,
0.9,0.8573333333333333,0.9426666666666667,False,,False,0.010000000000000439,,0.008613771269468884,-41.296133293972176,0.8953333333333333,-0.004666666666666708,,False,0.0,,,,,False,,
0.91,0.8673333333333333,0.9526666666666667,False,,False,0.010000000000001869,,0.008883364546703583,-41.02845030758275,0.9053333333333333,-0.004666666666666708,,False,0.0,,,,,False,,
0.92,0.8773333333333333,0.9626666666666667,False,,False,0.01000000000000044,,0.009205029296328621,-40.71949649906329,0.9153333333333333,-0.004666666666666708,,False,0.0,,,,,False,,
0.93,0.8873333333333333,0.9726666666666667,False,,False,0.010000000000006923,,0.009049922285910552,-40.86710300361997,0.9253333333333333,-0.004666666666666708,,False,0.0,,,,,False,,
0.94,0.8973333333333333,0.9826666666666667,False,,False,0.010000000000023851,,0.00996387886766459,-40.03143121770184,0.9353333333333333,-0.004666666666666597,,False,0.0,,,,,False,,
0.95,0.9073333333333333,0.9926666666666667,False,337.17828420926253,True,0.013100262550513393,9.000000000000004,0.02071143279103334,-33.67579712235726,0.9453333333333334,-0.004666666666666597,,False,0.0,,,pyin_probability_below_0.5|voicing_disagreement,,False,8.5,
0.96,0.9173333333333333,1.0026666666666666,False,323.816901813294,True,0.1504646013433388,8.300000000000004,0.030495245641168255,-30.3153572804432,0.9553333333333334,-0.004666666666666597,,False,0.0,,,pyin_probability_below_0.5|voicing_disagreement,,False,7.800000000000001,
0.97,0.9273333333333333,1.0126666666666666,False,323.816901813294,True,0.4260623290432814,8.300000000000004,0.0386565146970406,-28.25554609775658,0.9653333333333334,-0.004666666666666597,,False,0.0,,,pyin_probability_below_0.5|voicing_disagreement,,False,7.800000000000001,
0.98,0.9373333333333334,1.0226666666666666,False,321.95185369813447,True,0.6860828109301792,8.2,0.04474529544371326,-26.9850524003653,0.9753333333333334,-0.004666666666666597,324.5255418191502,True,0.8846350401857803,2.5736881210157208,-0.13784488297076108,,8.488292025110818,True,7.699999999999997,7.543405116154895
0.99,0.9473333333333334,1.0326666666666666,False,320.0975474696782,True,0.8266685594724995,8.100000000000001,0.04945692871305159,-26.115457138543828,0.9853333333333333,-0.004666666666666708,324.48432234431374,True,0.9610857038705285,4.386774874635535,-0.2356458236849862,,8.48609296582504,True,7.599999999999997,7.54120605686912
1.0,0.9573333333333334,1.0426666666666666,False,318.2539212592103,True,0.8266685594724996,7.999999999999998,0.05275921107310925,-25.554034144680607,0.9953333333333333,-0.004666666666666708,321.77329941324115,True,0.9830666325178594,3.5193781540308464,-0.19039592397321833,,8.340843066113273,True,7.4999999999999964,7.39595615715735
1.01,0.9673333333333334,1.0526666666666666,False,318.2539212592103,True,0.7571601330199093,7.999999999999998,0.05545688616171733,-25.120890383857212,1.0053333333333332,-0.004666666666666819,321.22949972435964,True,0.990066714292155,2.97557846514934,-0.1611131661693806,,8.311560308309433,True,7.4999999999999964,7.366673399353514
1.02,0.9773333333333334,1.0626666666666666,False,318.2539212592103,True,0.6159498854580681,7.999999999999998,0.05898472582994373,-24.585208698198482,1.0153333333333332,-0.004666666666666819,320.37473475421325,True,0.9885577408790173,2.120813495002949,-0.11498506986906755,,8.265432212009122,True,7.4999999999999964,7.3205453030531995
1.03,0.9873333333333333,1.0726666666666667,False,316.4209135543536,True,0.5485250542599845,7.900000000000001,0.06323231368506975,-23.981218539198196,1.0253333333333332,-0.004666666666666819,317.68018214713413,True,0.9797897208646529,1.2592685927805292,-0.06876163897220926,,8.119208781112265,True,7.399999999999997,7.174321872156343
1.04,0.9973333333333333,1.0826666666666667,False,314.5984631970161,True,0.37213589829750865,7.8000000000000025,0.06209197351112206,-24.139290729197427,1.0353333333333332,-0.004666666666666819,313.27347670513853,True,0.9636783750769063,1.324986491877553,0.07306792957601911,pyin_probability_below_0.5,7.877379212564039,False,7.300000000000001,6.932492303608116
1.05,1.0073333333333334,1.0926666666666667,False,305.6424556337383,True,0.12793708630129033,7.3000000000000025,0.06079352259830166,-24.322853825622207,1.0453333333333332,-0.004666666666666819,304.58092119493796,True,0.9450628801676948,1.0615344388003223,0.06023258001180503,pyin_probability_below_0.5,7.390214562128254,False,6.799999999999999,6.445327653172329
1.06,1.0173333333333334,1.1026666666666667,False,290.159257083858,True,0.04768699308253103,6.399999999999999,0.05888400975265,-24.600052480830684,1.0553333333333332,-0.004666666666666819,296.318873660198,True,0.9334486565494178,6.1596165763399995,-0.36366675954779637,pyin_probability_below_0.5,6.91411390168785,False,5.899999999999995,5.969226992731927
1.07,1.0273333333333334,1.1126666666666667,False,278.66110025943624,True,0.020317628556360583,5.700000000000003,0.05925590158771261,-24.54536779265538,1.0653333333333332,-0.004666666666666819,289.4325246126089,True,0.9373331138008448,10.771424353172677,-0.6565851449979639,pyin_probability_below_0.5,6.507032287138022,False,5.200000000000001,5.562145378182099
1.08,1.0373333333333334,1.1226666666666667,False,267.61858152730787,True,0.01646758759311301,4.9999999999999964,0.05829404750545983,-24.687515789044056,1.0753333333333333,-0.004666666666666819,280.31566970150635,True,0.8728969445784712,12.697088174198484,-0.8024892437156572,pyin_probability_below_0.5,5.952936385855713,False,4.499999999999994,5.0080494768997905
1.09,1.0473333333333332,1.1326666666666667,False,261.5061646776419,True,0.013980210380185928,4.600000000000001,0.05875935251073675,-24.61845996987641,1.0853333333333333,-0.004666666666666819,259.8801672076238,True,0.8534134546040225,1.625997470018092,0.10798101666946935,pyin_probability_below_0.5,4.642466125470586,False,4.099999999999998,3.697579216514666
1.1,1.0573333333333332,1.1426666666666667,False,254.06159179290393,True,0.013100262550513395,4.100000000000001,0.05846044221051219,-24.66275807691721,1.0953333333333333,-0.004666666666666819,251.4951761567362,True,0.8919675293568743,2.566415636167733,0.17577073759345466,pyin_probability_below_0.5,4.074676404546601,False,3.599999999999997,3.1297894955906784
1.11,1.0673333333333332,1.1526666666666667,False,245.40732129724032,True,0.016467587593113005,3.500000000000001,0.056464273630305234,-24.964525087076673,1.1053333333333333,-0.004666666666666819,242.71605834065684,True,0.9020414644186194,2.691262956583472,0.19090473727370316,pyin_probability_below_0.5,3.4595424048663563,False,2.999999999999999,2.514655495910435
1.12,1.0773333333333333,1.1626666666666667,False,238.4210512332145,True,0.04768699308253103,3.0000000000000027,0.054916321090589526,-25.205971287253398,1.1153333333333333,-0.004666666666666819,236.95882438903357,True,0.8429777129142204,1.4622268441809467,0.10650282073503567,pyin_probability_below_0.5,3.0439443214050224,False,2.4999999999999987,2.099057412449099
1.13,1.0873333333333333,1.1726666666666667,False,232.97550689710764,True,0.06608151270920701,2.6000000000000005,0.0560229232761938,-25.032684668693648,1.1253333333333333,-0.004666666666666597,225.30598332339687,True,0.8438029394032597,7.669523573710762,0.5795119560382925,pyin_probability_below_0.5,2.1709351861017634,False,2.0999999999999988,1.2260482771458405
1.14,1.0973333333333333,1.1826666666666668,False,226.34314645699226,True,0.108579770728745,2.100000000000002,0.056237229816698875,-24.999521606475934,1.1353333333333333,-0.004666666666666597,217.94066270380952,True,0.9061381500766572,8.402483753182736,0.6549147365710641,pyin_probability_below_0.5,1.5955324055689908,False,1.599999999999999,0.6506454966130704
1.15,1.1073333333333333,1.1926666666666668,False,219.8995964441766,True,0.24075439447557428,1.6000000000000023,0.054968041875635296,-25.197794672274696,1.1453333333333333,-0.004666666666666597,212.99663630607952,True,0.9416451903421392,6.902960138097086,0.5521717121021594,pyin_probability_below_0.5,1.198275430037895,False,1.099999999999998,0.2533885210819722
1.16,1.1173333333333333,1.2026666666666668,False,214.87708272009507,True,0.5485250542599845,1.200000000000003,0.05404067688016264,-25.345584398226446,1.1553333333333333,-0.004666666666666597,213.88005206298348,True,0.9669139086677039,0.9970306571115941,0.08051628265991642,,1.2699308594801417,True,0.7000000000000017,0.3250439505242191
1.17,1.1273333333333333,1.2126666666666666,False,212.40900892134297,True,0.6860828109301793,1.0000000000000009,0.05471592644317422,-25.237724859203404,1.1653333333333333,-0.004666666666666597,211.26241808549216,True,0.9822010995919649,1.146590835850816,0.09370572642203955,,1.0567414157180184,True,0.49999999999999706,0.1118545067620951
1.18,1.1373333333333333,1.2226666666666666,False,209.96928336801093,True,0.7571601330199094,0.8000000000000038,0.055010472249797465,-25.191092534707362,1.1753333333333333,-0.004666666666666597,210.25320726124417,True,0.9883592516069201,0.2839238932332364,-0.023394216019686165,,0.9738413581597454,True,0.2999999999999983,0.02895444920382058
1.19,1.1473333333333333,1.2326666666666666,False,209.96928336801093,True,0.8911444948731204,0.8000000000000038,0.05574601739983251,-25.075723079697774,1.1853333333333331,-0.004666666666666819,208.23189540125034,True,0.9848179946816686,1.7373879667605934,0.14384667770868148,,0.8066004644313787,True,0.2999999999999983,-0.13828644452454575
1.2,1.1573333333333333,1.2426666666666666,False,208.75994928447787,True,0.8911444948731204,0.7000000000000017,0.055246167289204604,-25.15395691679773,1.1953333333333331,-0.004666666666666819,208.16348297544664,True,0.9821369290944152,0.5964663090312285,0.049535401846688226,,0.8009117402933709,True,0.19999999999999687,-0.14397516866255283
1.21,1.1673333333333333,1.2526666666666666,False,208.75994928447787,True,0.8911444948731204,0.7000000000000017,0.054975685369752496,-25.196586953596764,1.2053333333333331,-0.004666666666666819,208.70013561019564,True,0.9918550071761038,0.05981367428222484,0.004961023770783451,,0.845486118369275,True,0.19999999999999687,-0.0994007905866483
1.22,1.1773333333333333,1.2626666666666666,False,207.55758045272898,True,0.8911444948731204,0.6000000000000013,0.054619984976680594,-25.252968472994045,1.2153333333333332,-0.004666666666666819,208.3963830147563,True,0.9927340739514553,0.8388025620273254,-0.06982337719156007,,0.820270519331618,True,0.10000000000000017,-0.12461638962430245
1.23,1.1873333333333334,1.2726666666666666,False,207.55758045272898,True,0.8266685594724996,0.6000000000000013,0.05511399361916486,-25.17476236779539,1.2253333333333332,-0.004666666666666819,207.08147616812792,True,0.9977248724297405,0.4761042846010639,0.03975738886581838,,0.7106897532742409,True,0.10000000000000017,-0.23419715568168006
1.24,1.1973333333333334,1.2826666666666666,False,207.55758045272898,True,0.8911444948731204,0.6000000000000013,0.05625127314268005,-24.997352873191222,1.2353333333333332,-0.004666666666666819,206.2402400856604,True,0.9957084851435398,1.3173403670685957,0.11022929987378367,,0.6402178422662735,True,0.10000000000000017,-0.3046690666896479
1.25,1.2073333333333334,1.2926666666666666,False,207.55758045272898,True,0.8911444948731204,0.6000000000000013,0.057098831551623076,-24.86745557794629,1.2453333333333332,-0.004666666666666819,205.74792596754278,True,0.9989080072990755,1.8096544851862006,0.15160482665042074,,0.5988423154896366,True,0.10000000000000017,-0.3460445934662855
1.26,1.2173333333333334,1.3026666666666666,False,206.36213675586595,True,0.8911444948731204,0.5000000000000044,0.057091849276026965,-24.86851778853802,1.2553333333333332,-0.004666666666666819,206.07694193739786,True,0.9990769504261029,0.28519481846808503,0.023942399474239706,,0.62650474266582,True,0.0,-0.3183821662901016
1.27,1.2273333333333334,1.3126666666666666,False,205.1735783080468,True,0.8911444948731204,0.4000000000000011,0.05674286057458468,-24.921775478507993,1.2653333333333332,-0.004666666666666819,207.35292696267524,True,0.9935011978374041,2.179348654628427,-0.1829214679964799,,0.7333686101365395,True,-0.10000000000000067,-0.2115182988193832
1.28,1.2373333333333334,1.3226666666666667,False,205.1735783080468,True,0.8911444948731204,0.4000000000000011,0.055746201104072905,-25.075694456448907,1.2753333333333332,-0.004666666666666819,207.14006423111258,True,0.9914639869085912,1.9664859230657612,-0.1651399735497901,,0.7155871156898479,True,-0.10000000000000067,-0.22929979326607483
1.29,1.2473333333333334,1.3326666666666667,False,205.1735783080468,True,0.8266685594724996,0.4000000000000011,0.05412329161903219,-25.33231597522393,1.2853333333333332,-0.004666666666666819,205.9521873906226,True,0.9908413088309674,0.7786090825757981,-0.06557390845741223,,0.6160210505974723,True,-0.10000000000000067,-0.328865858358453
1.3,1.2573333333333334,1.3426666666666667,False,205.1735783080468,True,0.7571601330199094,0.4000000000000011,0.051862687000710055,-25.702899724587898,1.2953333333333332,-0.004666666666666819,204.11716021724783,True,0.9851833788981058,1.056418090798985,0.08936977351942467,,0.4610773686206362,True,-0.10000000000000067,-0.4838095403352873
1.31,1.2673333333333334,1.3526666666666667,False,203.99186545315516,True,0.615949885458068,0.2999999999999983,0.049001020509339646,-26.195897502711446,1.3053333333333332,-0.004666666666666819,201.95588396844713,True,0.9772116448984406,2.0359814847080315,0.17365732555617347,,0.27678981658388097,True,-0.20000000000000362,-0.6680970923720428
1.32,1.2773333333333334,1.3626666666666667,False,200.48740730303228,True,0.4260623290432814,0.0,0.04518954906728698,-26.899239846784276,1.3153333333333332,-0.004666666666666819,199.34050906547452,True,0.962087249785498,1.1468982375577639,0.09932046484155388,pyin_probability_below_0.5,0.05112667729850206,False,-0.5000000000000041,-0.8937602316574205
1.33,1.2873333333333334,1.3726666666666667,False,199.33268480704808,True,0.3233360583906409,-0.09999999999999679,0.04129794081157624,-27.681432049905787,1.3253333333333333,-0.004666666666666819,196.8684380070561,True,0.9463583274125067,2.464246799991969,0.2153574400904782,pyin_probability_below_0.5,-0.16491029795041945,False,-0.6000000000000011,-1.1097972069063424
1.34,1.2973333333333332,1.3826666666666667,False,195.90826859169485,True,0.1504646013433388,-0.3999999999999989,0.03720023945082891,-28.589085292771195,1.3353333333333333,-0.004666666666666819,195.05953361368904,True,0.9267808464244801,0.8487349780058082,0.07516533036486821,pyin_probability_below_0.5,-0.32471818822481135,False,-0.9000000000000026,-1.2696050971807347
1.35,1.3073333333333332,1.3926666666666667,False,194.7799199939686,True,0.06608151270920701,-0.4999999999999981,0.03389041238216759,-29.398462931774013,1.3453333333333333,-0.004666666666666819,193.15178916995762,True,0.8825812260488197,1.6281308240109809,0.14531898281164196,pyin_probability_below_0.5,-0.4948718406715832,False,-0.9999999999999994,-1.4397587496275057
1.36,1.3173333333333332,1.4026666666666667,False,185.98397121658357,True,0.030106861794195014,-1.3000000000000005,0.031358139395442505,-30.07299427323686,1.3553333333333333,-0.004666666666666819,190.63239189015667,True,0.8722454722768775,4.648420673573099,-0.4273798815493731,pyin_probability_below_0.5,-0.7221729763105704,False,-1.800000000000003,-1.6670598852664926
1.37,1.3273333333333333,1.4126666666666667,False,184.9127823656466,True,0.03489742801962526,-1.3999999999999984,0.030474328090123293,-30.321317221964343,1.3653333333333333,-0.004666666666666819,186.9440627499463,True,0.8882455416849601,2.03128038429972,-0.1891403527528166,pyin_probability_below_0.5,-1.060412505107126,False,-1.9000000000000006,-2.0052994140630473
1.38,1.3373333333333333,1.4226666666666667,False,184.9127823656466,True,0.06608151270920702,-1.3999999999999984,0.03052863931990737,-30.30585104080361,1.3753333333333333,-0.004666666666666597,185.20184320129277,True,0.9388511788884335,0.28906083564618257,-0.027042004184772178,pyin_probability_below_0.5,-1.2225108536751697,False,-1.9000000000000006,-2.167397762631092
1.39,1.3473333333333333,1.4326666666666668,False,183.84776310850236,True,0.1765306086328976,-1.4999999999999982,0.03054734573083161,-30.300530395520262,1.3853333333333333,-0.004666666666666597,183.98584229701848,True,0.9516296542587899,0.1380791885161159,-0.01299758370861355,pyin_probability_below_0.5,-1.3365552741513287,False,-2.0000000000000004,-2.2814421831072504
1.4,1.3573333333333333,1.4426666666666668,False,182.78887791090543,True,0.2407543944755743,-1.5999999999999979,0.03122934995031751,-30.10874111330078,1.3953333333333333,-0.004666666666666597,182.8071737541741,True,0.9603209905569805,0.018295843268674616,-0.0017327532234171438,pyin_probability_below_0.5,-1.447820104636526,False,-2.1000000000000014,-2.3927070135924486
1.41,1.3673333333333333,1.4526666666666668,False,182.78887791090543,True,0.42606232904328145,-1.5999999999999979,0.030992884579787418,-30.17476002165902,1.4053333333333333,-0.004666666666666597,181.3545838599368,True,0.9626489915469753,1.4342940509686173,0.13638094868488781,pyin_probability_below_0.5,-1.5859338065448287,False,-2.1000000000000014,-2.5308207155007505
1.42,1.3773333333333333,1.4626666666666666,False,181.73609144327253,True,0.48498680771591135,-1.699999999999997,0.029614028588174256,-30.570050173994314,1.4153333333333333,-0.004666666666666597,179.91803723388804,True,0.9681036304421127,1.818054209384485,0.1740615474689856,pyin_probability_below_0.5,-1.7236144053289257,False,-2.200000000000002,-2.668501314284849
1.43,1.3873333333333333,1.4726666666666666,False,180.68936857950385,True,0.48498680771591135,-1.7999999999999945,0.02805950732590239,-31.03839917329529,1.4253333333333333,-0.004666666666666597,178.96829515201574,True,0.9660196898582085,1.7210734274881077,0.1656910981037883,pyin_probability_below_0.5,-1.8152439559637248,False,-2.2999999999999976,-2.7601308649196477
1.44,1.3973333333333333,1.4826666666666666,False,179.64867439581087,True,0.6159498854580681,-1.9000000000000006,0.026651349988547828,-31.4856157494628,1.4353333333333331,-0.004666666666666819,176.603324459886,True,0.9339382028424781,3.045349935924861,0.2959894649082193,,-2.0455423227681644,True,-2.4000000000000026,-2.990429231724086
1.45,1.4073333333333333,1.4926666666666666,False,178.6139741695516,True,0.615949885458068,-1.9999999999999962,0.024576472230611338,-32.18960913422626,1.4453333333333331,-0.004666666666666819,174.0746742088167,True,0.8750814648448718,4.539299960734894,0.44566359925439925,,-2.2952164571143423,True,-2.499999999999999,-3.2401033660702643
1.46,1.4173333333333333,1.5026666666666666,False,177.5852333780714,True,0.5485250542599844,-2.0999999999999996,0.021828028259263513,-33.219709852740024,1.4553333333333331,-0.004666666666666819,173.96134158421145,True,0.841788826375333,3.62389179385994,0.3569385993474038,,-2.306491457207347,True,-2.6000000000000028,-3.2513783661632685
1.47,1.4273333333333333,1.5126666666666666,False,175.5454930018647,True,0.4849868077159113,-2.2999999999999976,0.019087340890168288,-34.38509140296447,1.4653333333333332,-0.004666666666666819,180.67385318945006,True,0.9034378864287795,5.1283601875853435,-0.49851336439659455,pyin_probability_below_0.5,-1.6510394934633466,False,-2.8,-2.5959264024192694
1.48,1.4373333333333334,1.5226666666666666,False,176.56241769755178,True,0.2407543944755743,-2.1999999999999975,0.014851284232560276,-36.56471980101046,1.4753333333333332,-0.004666666666666819,181.0139779748808,True,0.9031606123396896,4.451560277329008,-0.431073806430077,pyin_probability_below_0.5,-1.618479051429865,False,-2.700000000000001,-2.5633659603857892
1.49,1.4473333333333334,1.5326666666666666,False,178.6139741695516,True,0.03489742801962526,-1.9999999999999962,0.010051332482740222,-39.95552721951303,1.4853333333333332,-0.004666666666666819,179.82499292898692,True,0.9421426695499878,1.2110187594353192,-0.11698308946335387,pyin_probability_below_0.5,-1.7325697683965862,False,-2.499999999999999,-2.6774566773525086
1.5,1.4573333333333334,1.5426666666666666,False,180.68936857950385,True,0.010073751764282884,-1.7999999999999945,0.010573674784089063,-39.51548102756384,1.4953333333333332,-0.004666666666666819,180.15965115015004,True,0.9375555506289799,0.5297174293538092,0.05082821117334357,pyin_probability_below_0.5,-1.700381069033283,False,-2.2999999999999976,-2.6452679779892057
1.51,1.4673333333333334,1.5526666666666666,False,177.5852333780714,True,0.010000005216229447,-2.0999999999999996,0.012685850022697525,-37.9336085463005,1.5053333333333332,-0.004666666666666819,179.77032767830883,True,0.8213335832516631,2.185094300237438,-0.2117194868200382,pyin_probability_below_0.5,-1.7378333710399056,False,-2.6000000000000028,-2.682720279995828
1.52,1.4773333333333334,1.5626666666666666,False,193.6580702059513,True,0.010000000003996621,-0.5999999999999971,0.013903957248391564,-37.137231525066085,1.5153333333333332,-0.004666666666666819,,False,0.0,,,pyin_probability_below_0.5|voicing_disagreement,,False,-1.0999999999999999,
1.53,1.4873333333333334,1.5726666666666667,False,211.18562305262122,True,0.01000000000061386,0.9000000000000021,0.015633752671920853,-36.11873525843849,1.5253333333333332,-0.004666666666666819,,False,0.0,,,pyin_probability_below_0.5|voicing_disagreement,,False,0.39999999999999736,
1.54,1.4973333333333334,1.5826666666666667,False,211.18562305262122,True,0.01000000000002385,0.9000000000000021,0.017024201134916032,-35.37866516638027,1.5353333333333332,-0.004666666666666819,,False,0.0,,,pyin_probability_below_0.5|voicing_disagreement,,False,0.39999999999999736,
1.55,1.5073333333333334,1.5926666666666667,False,211.18562305262122,True,0.010000000000001869,0.9000000000000021,0.01803910213240113,-34.8757016514556,1.5453333333333332,-0.004666666666666819,,False,0.0,,,pyin_probability_below_0.5|voicing_disagreement,,False,0.39999999999999736,
1.56,1.5173333333333334,1.6026666666666667,False,211.18562305262122,True,0.010000000000006925,0.9000000000000021,0.01845398295047883,-34.67819769933263,1.5553333333333332,-0.004666666666666819,,False,0.0,,,pyin_probability_below_0.5|voicing_disagreement,,False,0.39999999999999736,
1.57,1.5273333333333334,1.6126666666666667,False,211.18562305262122,True,0.010000000000006925,0.9000000000000021,0.018451346985834012,-34.679438479354005,1.5653333333333332,-0.004666666666666819,,False,0.0,,,pyin_probability_below_0.5|voicing_disagreement,,False,0.39999999999999736,
1.58,1.5373333333333334,1.6226666666666667,False,,False,0.010000000000075402,,0.017694889260626675,-35.04304301899133,1.5753333333333333,-0.004666666666666819,,False,0.0,,,,,False,,
1.59,1.5473333333333332,1.6326666666666667,False,,False,0.010000000000613858,,0.017080679367070497,-35.349897193429435,1.5853333333333333,-0.004666666666666819,,False,0.0,,,,,False,,
1.6,1.5573333333333332,1.6426666666666667,False,242.58857779956992,True,0.010002815825811098,3.3000000000000003,0.02392986715968982,-32.42119424500983,1.5953333333333333,-0.004666666666666819,,False,0.0,,,pyin_probability_below_0.5|voicing_disagreement,,False,2.799999999999997,
1.61,1.5673333333333332,1.6526666666666667,False,235.68255189130872,True,0.011085791888943373,2.8000000000000034,0.02647534112884792,-31.54316870794358,1.6053333333333333,-0.004666666666666819,,False,0.0,,,pyin_probability_below_0.5|voicing_disagreement,,False,2.3000000000000003,
1.62,1.5773333333333333,1.6626666666666667,False,227.65433896553014,True,0.013100262550513393,2.200000000000003,0.02932868231039176,-30.654148974402595,1.6153333333333333,-0.004666666666666819,,False,0.0,,,pyin_probability_below_0.5|voicing_disagreement,,False,1.6999999999999993,
1.63,1.5873333333333333,1.6726666666666667,False,222.45470667747657,True,0.01508558729750434,1.800000000000001,0.031717441072942956,-29.974037166514652,1.6253333333333333,-0.004666666666666597,242.12057372025663,True,0.702966871663177,19.665867042780064,-1.466568617636006,pyin_probability_below_0.5|pitch_difference_over_1_semitone,3.4170157597760635,False,1.2999999999999994,2.4721288508201393
1.64,1.5973333333333333,1.6826666666666668,False,221.17346184722248,True,0.01646758759311301,1.7000000000000026,0.03419352616760792,-29.32112221561534,1.6353333333333333,-0.004666666666666597,237.19178719634266,True,0.7720384429296568,16.018325349120175,-1.2105092073749633,pyin_probability_below_0.5|pitch_difference_over_1_semitone,3.06095634951502,False,1.1999999999999993,2.1160694405590985
1.65,1.6073333333333333,1.6926666666666668,False,219.8995964441766,True,0.013980210380185928,1.6000000000000023,0.035896132577222045,-28.89904678935164,1.6453333333333333,-0.004666666666666597,226.15263290891863,True,0.7696718665047673,6.253036464742024,-0.48542202708787774,pyin_probability_below_0.5,2.235869169227934,False,1.099999999999998,1.2909822602720116
1.66,1.6173333333333333,1.7026666666666668,False,219.8995964441766,True,0.012403124793551348,1.6000000000000023,0.037129359639894735,-28.60565081739351,1.6553333333333333,-0.004666666666666597,214.57658763288143,True,0.876602439892589,5.323008811295182,0.42422740553294846,pyin_probability_below_0.5,1.3262197366071073,False,1.099999999999998,0.38133282765118603
1.67,1.6273333333333333,1.7126666666666666,False,218.63306796596578,True,0.011853505394683413,1.5000000000000004,0.0381630972698152,-28.367127714681807,1.6653333333333333,-0.004666666666666597,209.5256753214855,True,0.9048222321158891,9.107392644480285,0.7366149640156082,pyin_probability_below_0.5,0.9138321781244481,False,0.9999999999999971,-0.0310547308314741
1.68,1.6373333333333333,1.7226666666666666,False,212.40900892134297,True,0.016467587593113005,1.0000000000000009,0.037383193035805416,-28.54647213372544,1.6753333333333333,-0.004666666666666597,205.5893757016201,True,0.8921664041022552,6.819633219722874,0.5649509361004433,pyin_probability_below_0.5,0.5854962060396127,False,0.49999999999999706,-0.35939070291630776
1.69,1.6473333333333333,1.7326666666666666,False,202.8169587634771,True,0.01818737573491218,0.20000000000000068,0.03356321163151049,-29.48272977265486,1.6853333333333333,-0.004666666666666597,200.5568587649805,True,0.8817792802290987,2.2600999984965995,0.1940038171814278,pyin_probability_below_0.5,0.15644332495862684,False,-0.30000000000000204,-0.7884435839972948
1.7,1.6573333333333333,1.7426666666666666,False,199.33268480704808,True,0.016467587593113005,-0.09999999999999679,0.03262934723884353,-29.727832286672108,1.6953333333333331,-0.004666666666666819,196.50758938376848,True,0.8934284652776079,2.825095423279606,0.24711909077174796,pyin_probability_below_0.5,-0.1966719486316878,False,-0.6000000000000011,-1.14155885758761
1.71,1.6673333333333333,1.7526666666666666,False,194.7799199939686,True,0.013980210380185928,-0.4999999999999981,0.03150163043767406,-30.03333935483642,1.7053333333333331,-0.004666666666666819,192.54512127298324,True,0.9012725849346663,2.234798720985367,0.19978065763642258,pyin_probability_below_0.5,-0.5493335154963654,False,-0.9999999999999994,-1.4942204244522879
1.72,1.6773333333333333,1.7626666666666666,False,189.23491376948436,True,0.047686993082531035,-0.9999999999999974,0.029609186060518225,-30.571470619038806,1.7153333333333332,-0.004666666666666819,189.90165807981396,True,0.8924073129129709,0.6667443103295909,-0.060890545924667215,pyin_probability_below_0.5,-0.7886623119352743,False,-1.5000000000000004,-1.7335492208911965
1.73,1.6873333333333334,1.7726666666666666,False,187.0613654014066,True,0.10857977072874496,-1.2000000000000002,0.028954396707517226,-30.76570959152515,1.7253333333333332,-0.004666666666666819,187.88244296619405,True,0.8944132433125566,0.8210775647874584,-0.07582361290470724,pyin_probability_below_0.5,-0.973729244955237,False,-1.7000000000000033,-1.9186161539111595
1.74,1.6973333333333334,1.7826666666666666,False,187.0613654014066,True,0.1765306086328976,-1.2000000000000002,0.02912759061939569,-30.7139087585125,1.7353333333333332,-0.004666666666666819,185.6568278823079,True,0.9328928069975082,1.4045375190986817,0.13047899083643644,pyin_probability_below_0.5,-1.18003184869638,False,-1.7000000000000033,-2.1249187576523036
1.75,1.7073333333333334,1.7926666666666666,False,185.98397121658357,True,0.27960516533635893,-1.3000000000000005,0.03052787858757874,-30.306067484101632,1.7453333333333332,-0.004666666666666819,184.6631623291209,True,0.9567707329767662,1.3208088874626753,0.12338630414025596,pyin_probability_below_0.5,-1.2729391620001997,False,-1.800000000000003,-2.217826070956123
1.76,1.7173333333333334,1.8026666666666666,False,184.9127823656466,True,0.48498680771591135,-1.3999999999999984,0.032397195555940166,-29.789851652222218,1.7553333333333332,-0.004666666666666819,184.24360044944126,True,0.9682466845951683,0.6691819162053321,0.0627653667249534,pyin_probability_below_0.5,-1.3123182245848952,False,-1.9000000000000006,-2.2572051335408165
1.77,1.7273333333333334,1.8126666666666666,False,183.84776310850236,True,0.6860828109301792,-1.4999999999999982,0.03385508498155293,-29.407521834363667,1.7653333333333332,-0.004666666666666819,183.40182508179572,True,0.9682719066922577,0.4459380267066422,0.04204353114981517,,-1.3915963890097587,True,-2.0000000000000004,-2.336483297965681
1.78,1.7373333333333334,1.8226666666666667,False,183.84776310850236,True,0.6860828109301792,-1.4999999999999982,0.035046092318500095,-29.107207987111877,1.7753333333333332,-0.004666666666666819,182.586604262737,True,0.9746314110930355,1.261158845765351,0.11916839414781547,,-1.4687212520077584,True,-2.0000000000000004,-2.4136081609636806
1.79,1.7473333333333334,1.8326666666666667,False,184.9127823656466,True,0.8266685594724995,-1.3999999999999984,0.0352688189691456,-29.052181662204962,1.7853333333333332,-0.004666666666666819,183.96208500192475,True,0.9739570375363867,0.9506973637218437,0.08923802819109447,,-1.3387908860510367,True,-1.9000000000000006,-2.28367779500696
1.8,1.7573333333333334,1.8426666666666667,False,184.9127823656466,True,0.8266685594724995,-1.3999999999999984,0.034929369018923004,-29.1361851919565,1.7953333333333332,-0.004666666666666819,184.211189778684,True,0.9844236526809782,0.7015925869625903,0.06581108405043803,,-1.3153639419103782,True,-1.9000000000000006,-2.2602508508663006
1.81,1.7673333333333334,1.8526666666666667,False,185.98397121658357,True,0.8266685594724994,-1.3000000000000005,0.03419733940761197,-29.320153624807364,1.8053333333333332,-0.004666666666666819,184.49924896132367,True,0.9883233101791735,1.4847222552598964,0.13876015659095575,,-1.2883130144508994,True,-1.800000000000003,-2.2331999234068216
1.82,1.7773333333333334,1.8626666666666667,False,187.0613654014066,True,0.6860828109301792,-1.2000000000000002,0.03381803141495036,-29.41703353530215,1.8153333333333332,-0.004666666666666819,186.170038200102,True,0.9821516527549933,0.8913272013045912,0.08268859042416224,,-1.1322414482841048,True,-1.7000000000000033,-2.0771283572400265
1.83,1.7873333333333334,1.8726666666666667,False,188.14500086724917,True,0.5485250542599844,-1.0999999999999956,0.03372250714285725,-29.441602893382615,1.8253333333333333,-0.004666666666666819,188.28273972771413,True,0.9780991310922066,0.13773886046496386,-0.012669534683184039,,-0.9368833231767554,True,-1.6,-1.8817702321326788
1.84,1.7973333333333332,1.8826666666666667,False,190.3311404729313,True,0.4849868077159112,-0.8999999999999986,0.03310772226500187,-29.601413933595147,1.8353333333333333,-0.004666666666666819,192.1594969924779,True,0.9830292942033325,1.8283565195465883,-0.16551187713124058,pyin_probability_below_0.5,-0.5840409807287013,False,-1.4000000000000004,-1.528927889684625
1.85,1.8073333333333332,1.8926666666666667,False,193.6580702059513,True,0.5485250542599844,-0.5999999999999971,0.03290491037596279,-29.65478575525133,1.8453333333333333,-0.004666666666666819,195.54663002982886,True,0.9969868641269627,1.8885598238775572,-0.16801260262290213,,-0.2815402552370395,True,-1.0999999999999999,-1.2264271641929618
1.86,1.8173333333333332,1.9026666666666667,False,197.04315364635175,True,0.615949885458068,-0.2999999999999981,0.032888439106334495,-29.659134755091124,1.8553333333333333,-0.004666666666666819,197.096924063223,True,0.9929784961183649,0.053770416871259386,-0.004723659549594505,,-0.14482919831034616,True,-0.8000000000000008,-1.0897161072662682
1.87,1.8273333333333333,1.9126666666666667,False,200.48740730303228,True,0.6159498854580681,0.0,0.03379777444248409,-29.42223793478467,1.8653333333333333,-0.004666666666666819,197.7380924402202,True,0.9866523837885683,2.7493148628120707,0.23904964044891225,,-0.0886024983088568,True,-0.5000000000000041,-1.0334894072647796
1.88,1.8373333333333333,1.9226666666666667,False,201.6488190383855,True,0.6860828109301793,0.100000000000004,0.035952542741307665,-28.885407774903094,1.8753333333333333,-0.004666666666666597,199.26170205183232,True,0.9875872310985053,2.3871169865531954,0.20616605592434933,,0.04428108621570988,True,-0.4000000000000008,-0.9006058227402131
1.89,1.8473333333333333,1.9326666666666668,False,202.8169587634771,True,0.7571601330199094,0.20000000000000068,0.038956946658815536,-28.18830178596727,1.8853333333333333,-0.004666666666666597,201.3836796832117,True,0.9922628150101659,1.433279080265379,0.12277822989950299,,0.2276689122405532,True,-0.30000000000000204,-0.7172179967153695
1.9,1.8573333333333333,1.9426666666666668,False,202.8169587634771,True,0.8266685594724996,0.20000000000000068,0.04094797029237515,-27.75535240928876,1.8953333333333333,-0.004666666666666597,203.50802604297832,True,0.9966798140804543,0.691067279501226,-0.058888840351392156,,0.40933598249144687,True,-0.30000000000000204,-0.5355509264644749
1.91,1.8673333333333333,1.9526666666666668,False,202.8169587634771,True,0.8911444948731203,0.20000000000000068,0.04208035237195952,-27.518412642981374,1.9053333333333333,-0.004666666666666597,204.7230311255467,True,0.9951170211129375,1.906072362069608,-0.1619414789372684,,0.5123886210773251,True,-0.30000000000000204,-0.4324982878785968
1.92,1.8773333333333333,1.9626666666666666,False,202.8169587634771,True,0.8266685594724995,0.20000000000000068,0.04208079984295414,-27.518320280090105,1.9153333333333333,-0.004666666666666597,203.89916059892178,True,0.9932353082153709,1.0822018354446925,-0.09213055484551946,,0.44257769698557675,True,-0.30000000000000204,-0.502309211970347
1.93,1.8873333333333333,1.9726666666666666,False,201.6488190383855,True,0.8266685594724995,0.100000000000004,0.0418060066366148,-27.57522629668884,1.9253333333333333,-0.004666666666666597,202.98650816998804,True,0.9876764405676345,1.3376891316025308,-0.11446659511556316,,0.3649137372556224,True,-0.4000000000000008,-0.5799731717003006
1.94,1.8973333333333333,1.9826666666666666,False,200.48740730303228,True,0.6860828109301792,0.0,0.041200581421819475,-27.70193310336345,1.9353333333333333,-0.004666666666666597,202.954154582254,True,0.9840453064749318,2.466747279221721,-0.2117069980634519,,0.36215414020350717,True,-0.5000000000000041,-0.5827327687524143
1.95,1.9073333333333333,1.9926666666666666,False,198.18461302324906,True,0.48498680771591124,-0.1999999999999978,0.0409459492817501,-27.75578111694719,1.9453333333333331,-0.004666666666666819,202.86841563135712,True,0.9611164267385748,4.683802608108067,-0.4043917719411413,pyin_probability_below_0.5,0.3548389140811987,False,-0.7000000000000022,-0.590047994874722
1.96,1.9173333333333333,2.002666666666667,False,195.90826859169485,True,0.32333605839064083,-0.3999999999999989,0.039969273537117336,-27.96547490404404,1.9553333333333331,-0.004666666666666819,199.30856257578927,True,0.9521201406952179,3.400293984094418,-0.29790482151960734,pyin_probability_below_0.5,0.048351963659665806,False,-0.9000000000000026,-0.8965349452962588
1.97,1.9273333333333333,2.0126666666666666,False,192.54268179725335,True,0.17653060863289763,-0.6999999999999982,0.038523671977929254,-28.285446474694808,1.9653333333333332,-0.004666666666666819,195.25028896717262,True,0.9694442763553034,2.707607169919271,-0.24175672335656745,pyin_probability_below_0.5,-0.3077961345033754,False,-1.2000000000000022,-1.2526830434592968
1.98,1.9373333333333334,2.022666666666667,False,189.23491376948436,True,0.10857977072874499,-0.9999999999999974,0.03730134938826669,-28.5655091433018,1.9753333333333332,-0.004666666666666819,192.4368148785641,True,0.9663548308203468,3.201901109079728,-0.290478432201861,pyin_probability_below_0.5,-0.5590744256580817,False,-1.5000000000000004,-1.5039613346140044
1.99,1.9473333333333334,2.0326666666666666,False,185.98397121658357,True,0.15046460134333883,-1.3000000000000005,0.0366974236904283,-28.707288478611957,1.9853333333333332,-0.004666666666666819,188.78220921040682,True,0.9567481835020322,2.79823799382325,-0.25853426345657704,pyin_probability_below_0.5,-0.8910185944033678,False,-1.800000000000003,-1.8359055033592897
2.0,1.9573333333333334,2.042666666666667,False,183.84776310850236,True,0.1765306086328976,-1.4999999999999982,0.0363467881183996,-28.790679214165394,1.9953333333333332,-0.004666666666666819,185.0332447845774,True,0.946827157804796,1.1854816760750282,-0.11127454457414707,pyin_probability_below_0.5,-1.2382783132857935,False,-2.0000000000000004,-2.1831652222417164
2.01,1.9673333333333334,2.0526666666666666,False,182.78887791090543,True,0.24075439447557434,-1.5999999999999979,0.03592862783599183,-28.89118737571577,2.005333333333333,-0.004666666666666597,181.63246869994654,True,0.959878608002337,1.1564092109588842,0.10987400925913474,pyin_probability_below_0.5,-1.5594268671190776,False,-2.1000000000000014,-2.504313776075
2.02,1.9773333333333334,2.062666666666667,False,180.68936857950385,True,0.37213589829750865,-1.7999999999999945,0.03504330092805991,-29.107899838137833,2.0153333333333334,-0.004666666666666597,178.42520452306874,True,0.9599121105790558,2.2641640564351064,0.21830636464429265,pyin_probability_below_0.5,-1.8678592225042316,False,-2.2999999999999976,-2.8127461314601536
2.03,1.9873333333333334,2.0726666666666667,False,178.6139741695516,True,0.5485250542599847,-1.9999999999999962,0.03325344653299315,-29.56326671687771,2.025333333333333,-0.004666666666666597,175.4309079849906,True,0.9721621881505407,3.1830661845609995,0.3113040927660945,,-2.1608569506260364,True,-2.499999999999999,-3.105743859581959
2.04,1.9973333333333334,2.082666666666667,False,177.5852333780714,True,0.6159498854580681,-2.0999999999999996,0.031038800777037096,-30.161901332024676,2.0353333333333334,-0.004666666666666597,174.70855147277538,True,0.9564641240661427,2.87668190529601,0.2827367708008487,,-2.2322896286607925,True,-2.6000000000000028,-3.177176537616714
2.05,2.0073333333333334,2.0926666666666667,False,175.5454930018647,True,0.7571601330199093,-2.2999999999999976,0.02816574314939103,-31.00557570950503,2.0453333333333332,-0.004666666666666597,174.0734223949216,True,0.9367490030302797,1.472070606943106,0.14578809701035003,,-2.2953409548702925,True,-2.8,-3.240227863826216
2.06,2.017333333333333,2.1026666666666665,False,174.53442536143424,True,0.7571601330199093,-2.399999999999998,0.025065364687180187,-32.018519445213414,2.0553333333333335,-0.004666666666666597,171.47108097551367,True,0.9165816044607812,3.0633443859205727,0.3065560853850956,,-2.5561089432450355,True,-2.900000000000002,-3.5009958522009583
2.07,2.0273333333333334,2.1126666666666667,False,173.52918104210445,True,0.615949885458068,-2.499999999999999,0.021635609107202733,-33.29661747205225,2.0653333333333332,-0.004666666666666597,168.841183290682,True,0.9349550346647327,4.687997751422444,0.47413733554056636,,-2.823690193400508,True,-3.0000000000000036,-3.76857710235643
2.08,2.037333333333333,2.1226666666666665,False,172.52972650401387,True,0.5485250542599844,-2.599999999999996,0.018102984758833887,-34.844996284468614,2.075333333333333,-0.004666666666667041,170.49938710384674,True,0.9329874216767573,2.030339400167122,0.20494084081362546,,-2.6544936986735665,True,-3.0999999999999983,-3.599380607629488
2.09,2.0473333333333334,2.1326666666666667,False,169.56576906952336,True,0.4849868077159113,-2.8999999999999977,0.013938103233564095,-37.11592646341784,2.0853333333333333,-0.004666666666666597,169.41574507108626,True,0.8723378386586744,0.15002399843709213,0.015323943070319729,pyin_probability_below_0.5,-2.7648768009302604,False,-3.4000000000000012,-3.7097637098861815
2.1,2.0573333333333332,2.1426666666666665,False,167.61814009714527,True,0.4260623290432814,-3.100000000000001,0.009886151312072392,-40.09945493496956,2.095333333333333,-0.004666666666667041,167.11938708382613,True,0.9276721203545638,0.49875301331914557,0.05159020232825487,pyin_probability_below_0.5,-3.0011430601882,False,-3.600000000000003,-3.9460299691441225
2.11,2.0673333333333335,2.1526666666666667,False,167.61814009714527,True,0.2407543944755743,-3.100000000000001,0.008079559173698026,-41.85224667968924,2.1053333333333333,-0.004666666666666597,167.2532762922951,True,0.9084751953086175,0.36486380485015957,0.03772581721064694,pyin_probability_below_0.5,-2.987278675070592,False,-3.600000000000003,-3.9321655840265146
2.12,2.0773333333333333,2.1626666666666665,False,165.6928815515041,True,0.2065067991177523,-3.2999999999999963,0.006829319894274634,-43.31245087767342,2.115333333333333,-0.004666666666667041,165.32228153908963,True,0.9027612596755821,0.3706000124144566,0.03876533160357473,pyin_probability_below_0.5,-3.1883181894635153,False,-3.8,-4.133205098419438
2.13,2.0873333333333335,2.1726666666666667,False,163.7897364863335,True,0.1765306086328976,-3.4999999999999982,0.006208273835378069,-44.14058270815837,2.1253333333333333,-0.004666666666666597,160.93192027890797,True,0.8781411091178375,2.857816207425543,0.30473338402879535,pyin_probability_below_0.5,-3.6542862418887374,False,-4.000000000000001,-4.59917315084466
2.14,2.0973333333333333,2.1826666666666665,False,162.84637702113662,True,0.12793708630129036,-3.5999999999999988,0.006044471214407649,-44.37283372636922,2.135333333333333,-0.004666666666667041,154.9308765274914,True,0.7419437013231385,7.915500493645226,0.8626431898750809,pyin_probability_below_0.5,-4.312196047735025,False,-4.100000000000002,-5.257082956690947
2.15,2.1073333333333335,2.1926666666666668,False,,False,0.011085791888943373,,0.007190107041247919,-42.86529288197442,2.1453333333333333,-0.004666666666666597,152.28942823708155,True,0.7762354229571872,,,voicing_disagreement,-4.609902796733521,False,,-5.554789705689442
2.16,2.1173333333333333,2.2026666666666666,False,199.33268480704808,True,0.010259050559778863,-0.09999999999999679,0.015012716356440534,-36.470814413787515,2.155333333333333,-0.004666666666667041,,False,0.0,,,pyin_probability_below_0.5|voicing_disagreement,,False,-0.6000000000000011,
2.17,2.1273333333333335,2.212666666666667,False,213.63948179230545,True,0.0229442191246386,1.099999999999998,0.025450893632727647,-31.88593928190877,2.1653333333333333,-0.004666666666666597,,False,0.0,,,pyin_probability_below_0.5|voicing_disagreement,,False,0.5999999999999976,
2.18,2.1373333333333333,2.2226666666666666,False,217.37383415501247,True,0.07797523762294818,1.400000000000004,0.03321460061577287,-29.573419306061652,2.175333333333333,-0.004666666666667041,173.6712969157567,True,0.7657200536149551,43.702537239255776,3.8858274473256973,pyin_probability_below_0.5|pitch_difference_over_1_semitone,-2.3353803051856357,False,0.9000000000000021,-3.2802672141415603
2.19,2.1473333333333335,2.232666666666667,False,217.37383415501247,True,0.20650679911775227,1.400000000000004,0.03964048182657053,-28.03722150686891,2.1853333333333333,-0.004666666666666597,197.20205602344134,True,0.8589446867482959,20.17177813157113,1.6860443595080177,pyin_probability_below_0.5|pitch_difference_over_1_semitone,-0.13559721736795696,False,0.9000000000000021,-1.08048412632388
2.2,2.1573333333333333,2.2426666666666666,False,217.37383415501247,True,0.4260623290432815,1.400000000000004,0.044596931499367484,-27.01390043954075,2.195333333333333,-0.004666666666667041,203.66128307350974,True,0.9032985618499891,13.712551081502738,1.1280785564487095,pyin_probability_below_0.5|pitch_difference_over_1_semitone,0.42236858569135294,False,0.9000000000000021,-0.5225183232645723
2.21,2.167333333333333,2.252666666666667,False,219.8995964441766,True,0.4260623290432815,1.6000000000000023,0.04820796828049024,-26.33762342848762,2.2053333333333334,-0.004666666666666597,215.695011525697,True,0.8754505600574453,4.204584918479611,0.3342257466198594,pyin_probability_below_0.5,1.4162213955201968,False,1.099999999999998,0.47133448656427523
2.22,2.1773333333333333,2.2626666666666666,False,221.17346184722248,True,0.42606232904328145,1.7000000000000026,0.05118047486795732,-25.81791377828626,2.215333333333333,-0.004666666666667041,218.82422254697926,True,0.9282295132954942,2.3492393002432266,0.18487014172467262,pyin_probability_below_0.5,1.665577000415385,False,1.1999999999999993,0.7206900914594636
2.23,2.187333333333333,2.272666666666667,False,223.74337368352585,True,0.3721358982975087,1.900000000000004,0.0541308309295616,-25.331106125330557,2.2253333333333334,-0.004666666666666597,217.4397090454771,True,0.9720354879278744,6.303664638048758,0.49475430993321895,pyin_probability_below_0.5,1.5556928322068415,False,1.4000000000000004,0.6108059232509178
2.24,2.1973333333333334,2.2826666666666666,False,225.0395058615972,True,0.48498680771591124,2.000000000000004,0.05601859117826826,-25.033356350519522,2.235333333333333,-0.004666666666667041,220.2273583944246,True,0.9716547923173791,4.8121474671725935,0.37421504195938926,pyin_probability_below_0.5,1.7762321001806693,False,1.5000000000000004,0.831345191224746
2.25,2.207333333333333,2.292666666666667,False,227.65433896553014,True,0.48498680771591124,2.200000000000003,0.05522195623519253,-25.157764251254548,2.2453333333333334,-0.004666666666666597,225.728605475305,True,0.9747612055431162,1.9257334902251557,0.14706840995243414,pyin_probability_below_0.5,2.203378732187623,False,1.6999999999999993,1.2584918232317017
2.26,2.2173333333333334,2.3026666666666666,False,230.29955496661373,True,0.48498680771591124,2.4000000000000012,0.05344645798210075,-25.44162142362228,2.255333333333333,-0.004666666666666597,230.11149195161573,True,0.9809960249559606,0.1880630149979936,0.014143062605524077,pyin_probability_below_0.5,2.5363040795345326,False,1.8999999999999972,1.5914171705786093
2.27,2.227333333333333,2.312666666666667,False,232.97550689710764,True,0.5485250542599844,2.6000000000000005,0.05126552182493476,-25.803492352834706,2.2653333333333334,-0.004666666666666597,233.62483216649855,True,0.9828858175511818,0.6493252693909142,-0.04818405161053794,,2.7986311937505945,True,2.0999999999999988,1.8537442847946726
2.28,2.2373333333333334,2.3226666666666667,False,235.68255189130872,True,0.7571601330199094,2.8000000000000034,0.04837839181626145,-26.30697144909496,2.275333333333333,-0.004666666666666597,236.69805300209023,True,0.9765221551778867,1.0155011107815142,-0.0744345889697236,,3.0248817311097826,True,2.3000000000000003,2.0799948221538607
2.29,2.247333333333333,2.332666666666667,False,235.68255189130872,True,0.7571601330199093,2.8000000000000034,0.04680941962565543,-26.593334870225284,2.2853333333333334,-0.004666666666666597,238.62589397406236,True,0.9848090609359245,2.943342082753645,-0.21486775056495644,,3.1653148927050156,True,2.3000000000000003,2.220427983749092
2.3,2.2573333333333334,2.3426666666666667,False,237.04784702513638,True,0.7571601330199093,2.9000000000000035,0.04635782487706367,-26.677538989134252,2.2953333333333332,-0.004666666666666597,239.31659002543924,True,0.9840844020167244,2.2687430003028624,-0.164905459877488,,3.2153526020175462,True,2.399999999999998,2.2704656930616234
2.31,2.267333333333333,2.3526666666666665,False,237.04784702513638,True,0.6860828109301793,2.9000000000000035,0.04672859434397682,-26.60834565827944,2.3053333333333335,-0.004666666666666597,239.29306055482624,True,0.9762405202848147,2.245213529689863,-0.1632032367541081,,3.2136503788941653,True,2.399999999999998,2.268763469938243
2.32,2.2773333333333334,2.3626666666666667,False,235.68255189130872,True,0.6860828109301793,2.8000000000000034,0.0462525963964523,-26.697277661092503,2.3153333333333332,-0.004666666666666597,236.07598945908026,True,0.9624131600507806,0.39343756777154226,-0.028876325989694147,,2.9793234681297522,True,2.3000000000000003,2.0344365591738303
2.33,2.287333333333333,2.3726666666666665,False,232.97550689710764,True,0.6159498854580681,2.6000000000000005,0.04837923233229134,-26.306820543581537,2.3253333333333335,-0.004666666666666597,229.81753572367535,True,0.9759670326114027,3.157971173432287,0.23627287261611657,,2.5141742695239433,True,2.0999999999999988,1.5692873605680195
2.34,2.2973333333333334,2.3826666666666667,False,228.9731271349986,True,0.5485250542599844,2.3000000000000034,0.04970057873900615,-26.07277108179475,2.3353333333333333,-0.004666666666666597,229.1136935029132,True,0.9862182982281669,0.14056636791460164,-0.010624767138533525,,2.461071909278593,True,1.800000000000001,1.5161850003226696
2.35,2.3073333333333332,2.3926666666666665,False,223.74337368352585,True,0.5485250542599845,1.900000000000004,0.051659474769929103,-25.73700027362225,2.345333333333333,-0.004666666666667041,227.5220897344445,True,0.9871213632887132,3.7787160509186606,-0.28993997211521594,,2.340387114255275,True,1.4000000000000004,1.3955002052993515
2.36,2.3173333333333335,2.4026666666666667,False,218.63306796596578,True,0.6159498854580681,1.5000000000000004,0.05448799959921503,-25.273982718397775,2.3553333333333333,-0.004666666666666597,223.2846270717493,True,0.9938029800012247,4.6515591057835195,-0.3644676381947428,,2.0149147803347995,True,0.9999999999999971,1.0700278713788784
2.37,2.3273333333333333,2.4126666666666665,False,216.12185299712482,True,0.6860828109301792,1.300000000000003,0.055706437798824816,-25.081892240531612,2.365333333333333,-0.004666666666667041,219.04547891184987,True,0.9916540044200143,2.9236259147250507,-0.23262577469802964,,1.6830729168380856,True,0.8000000000000002,0.7381860078821635
2.38,2.3373333333333335,2.4226666666666667,False,212.40900892134297,True,0.615949885458068,1.0000000000000009,0.05522056652461001,-25.157982842290817,2.3753333333333333,-0.004666666666666597,213.9423439498922,True,0.991180924047987,1.5333350285492315,-0.12452514749260177,,1.27497228963266,True,0.49999999999999706,0.33008538067673804
2.39,2.3473333333333333,2.4326666666666665,False,208.75994928447787,True,0.6159498854580678,0.7000000000000017,0.05395715964347971,-25.35901840151137,2.385333333333333,-0.004666666666667041,209.4995883879896,True,0.9915577930428674,0.7396391035117347,-0.06122943385375263,,0.9116765759938101,True,0.19999999999999687,-0.03321033296211368
2.4,2.3573333333333335,2.4426666666666668,False,205.1735783080468,True,0.5485250542599844,0.4000000000000011,0.05244281851194898,-25.606279508482434,2.3953333333333333,-0.004666666666666597,206.4025152085545,True,0.9811342261178687,1.2289369005076765,-0.10338713850778422,,0.6538342806478417,True,-0.10000000000000067,-0.29105262830807965
2.41,2.3673333333333333,2.4526666666666666,False,201.6488190383855,True,0.48498680771591113,0.100000000000004,0.05150604162626205,-25.76283651002914,2.405333333333333,-0.004666666666667041,200.12701800094388,True,0.9718671284394687,1.5218010374416338,0.13114807453708482,pyin_probability_below_0.5,0.11929906760297121,False,-0.4000000000000008,-0.8255878413529488
2.42,2.3773333333333335,2.462666666666667,False,197.04315364635175,True,0.4260623290432814,-0.2999999999999981,0.04972491575856023,-26.068518879253414,2.4153333333333333,-0.004666666666666597,192.12029463549732,True,0.9878059528048767,4.922859010854438,0.43802036458026716,pyin_probability_below_0.5,-0.5875732224402098,False,-0.8000000000000008,-1.5324601313961326
2.43,2.3873333333333333,2.4726666666666666,False,192.54268179725335,True,0.42606232904328145,-0.6999999999999982,0.04820011038824278,-26.339039342712717,2.425333333333333,-0.004666666666667041,187.43749546807618,True,0.9761893495434628,5.105186329177172,0.4652244924998806,pyin_probability_below_0.5,-1.0147773503598239,False,-1.2000000000000022,-1.9596642593157467
2.44,2.3973333333333335,2.482666666666667,False,187.0613654014066,True,0.5485250542599844,-1.2000000000000002,0.04575063713972196,-26.792057068305333,2.4353333333333333,-0.004666666666666597,184.8115668127698,True,0.9759114758992754,2.249798588636793,0.20947883558127672,,-1.2590316934412202,True,-1.7000000000000033,-2.2039186023971427
2.45,2.4073333333333333,2.4926666666666666,False,183.84776310850236,True,0.6159498854580678,-1.4999999999999982,0.04492816229073774,-26.94962690226116,2.445333333333333,-0.004666666666667041,184.31041121302334,True,0.9700786756385587,0.46264810452098004,-0.0435113290300445,,-1.3060415288298974,True,-2.0000000000000004,-2.2509284377858214
2.46,2.417333333333333,2.502666666666667,False,182.78887791090543,True,0.6860828109301792,-1.5999999999999979,0.04669307025458802,-26.614951370907697,2.4553333333333334,-0.004666666666666597,182.07458180228593,True,0.9727727676702771,0.714296108619493,0.06778510104341097,,-1.5173379589033522,True,-2.1000000000000014,-2.462224867859274
2.47,2.4273333333333333,2.5126666666666666,False,181.73609144327253,True,0.8266685594724994,-1.699999999999997,0.04767286684596265,-26.43457461283525,2.465333333333333,-0.004666666666667041,180.2563601171652,True,0.9898520100865568,1.479731326107327,0.14153751068663528,,-1.6910903685465772,True,-2.200000000000002,-2.6359772775024997
2.48,2.437333333333333,2.522666666666667,False,181.73609144327253,True,0.7571601330199093,-1.699999999999997,0.049177247783045115,-26.16471560632698,2.4753333333333334,-0.004666666666666597,180.32340670992608,True,0.9984943492568783,1.4126847333464525,0.1350993598929512,,-1.6846522177528924,True,-2.200000000000002,-2.6295391267088153
2.49,2.4473333333333334,2.5326666666666666,False,180.68936857950385,True,0.8266685594724994,-1.7999999999999945,0.05060708294879128,-25.915773904191486,2.485333333333333,-0.004666666666667041,181.12480723624253,True,0.991618052971428,0.43543865673868254,-0.04167037353242242,,-1.6078824843275168,True,-2.2999999999999976,-2.5527693932834383
2.5,2.457333333333333,2.542666666666667,False,180.68936857950385,True,0.8911444948731201,-1.7999999999999945,0.05044025284652704,-25.944454901306546,2.4953333333333334,-0.004666666666666597,181.2375936132782,True,0.9808242394312668,0.5482250337743437,-0.052447409010867196,,-1.5971054488490717,True,-2.2999999999999976,-2.5419923578049937
2.51,2.4673333333333334,2.5526666666666666,False,180.68936857950385,True,0.8911444948731201,-1.7999999999999945,0.04983717735104462,-26.04893125939339,2.505333333333333,-0.004666666666666597,179.94890726640764,True,0.9950327088307985,0.7404613130962048,0.07109138017012687,,-1.7206442380300633,True,-2.2999999999999976,-2.665531146985987
2.52,2.477333333333333,2.562666666666667,False,180.68936857950385,True,0.945930209465909,-1.7999999999999945,0.04879049881956543,-26.23329483534544,2.5153333333333334,-0.004666666666666597,180.39739216805407,True,0.9930585334377507,0.2919764114497809,0.027997682005707035,,-1.6775505398656452,True,-2.2999999999999976,-2.6224374488215685
2.53,2.4873333333333334,2.5726666666666667,False,180.68936857950385,True,0.9848789761259923,-1.7999999999999945,0.046511941944541065,-26.64871055305413,2.525333333333333,-0.004666666666666597,181.16034532990247,True,0.9814003940586002,0.47097675039861997,-0.04506685597419775,,-1.60448600188574,True,-2.2999999999999976,-2.5493729108416625
2.54,2.497333333333333,2.582666666666667,False,180.68936857950385,True,0.9848789761259922,-1.7999999999999945,0.042706771989654634,-27.390065073482283,2.5353333333333334,-0.004666666666666597,179.82344476266707,True,0.9974251267059145,0.8659238168367835,0.08316595821574968,,-1.7327188160756908,True,-2.2999999999999976,-2.6776057250316123
2.55,2.5073333333333334,2.5926666666666667,False,180.68936857950385,True,0.9848789761259923,-1.7999999999999945,0.03865712019840337,-28.25541004625622,2.5453333333333332,-0.004666666666666597,180.5205922493624,True,0.9922180034977888,0.16877633014144067,0.016178476917475433,,-1.6657313347774148,True,-2.2999999999999976,-2.6106182437333394
2.56,2.517333333333333,2.6026666666666665,False,180.68936857950385,True,0.9848789761259923,-1.7999999999999945,0.035639061268493595,-28.96147487569001,2.5553333333333335,-0.004666666666666597,180.73735450020348,True,0.9839791328827793,0.047985920699630924,-0.004597051350895229,,-1.644955806509044,True,-2.2999999999999976,-2.5898427154649677
2.57,2.5273333333333334,2.6126666666666667,False,180.68936857950385,True,0.9848789761259923,-1.7999999999999945,0.030297973930084304,-30.37172824870251,2.5653333333333332,-0.004666666666666597,179.5503881754062,True,0.9878734137732078,1.1389804040976514,0.1094742149017514,,-1.7590270727616897,True,-2.2999999999999976,-2.7039139817176125
2.58,2.537333333333333,2.6226666666666665,False,180.68936857950385,True,0.9848789761259923,-1.7999999999999945,0.025803696828237514,-31.766361386867302,2.5753333333333335,-0.004666666666666597,181.3139067992434,True,0.9955122132089963,0.6245382197395486,-0.05973553153892596,,-1.589817326321012,True,-2.2999999999999976,-2.5347042352769353
2.59,2.5473333333333334,2.6326666666666667,False,180.68936857950385,True,0.9848789761259922,-1.7999999999999945,0.02189695520711454,-33.19232540062278,2.5853333333333333,-0.004666666666666597,181.48896502726666,True,0.9940237177081142,0.7995964477628092,-0.07644249898477865,,-1.5731103588751616,True,-2.2999999999999976,-2.5179972678310842
2.6,2.5573333333333332,2.6426666666666665,False,180.68936857950385,True,0.9459302094659091,-1.7999999999999945,0.017179539191129804,-35.299769789645616,2.595333333333333,-0.004666666666667041,182.549587712629,True,0.9803570421231202,1.860219133125156,-0.17732144643474232,,-1.4722314114251969,True,-2.2999999999999976,-2.4171183203811184
2.61,2.5673333333333335,2.6526666666666667,False,182.78887791090543,True,0.9459302094659091,-1.5999999999999979,0.014028157556773592,-37.05998729998935,2.6053333333333333,-0.004666666666666597,182.38297485720932,True,0.9921963562962409,0.40590305369610746,0.038486727345377766,,-1.48803958520532,True,-2.1000000000000014,-2.4329264941612436
2.62,2.5773333333333333,2.6626666666666665,False,181.73609144327253,True,0.9459302094659091,-1.699999999999997,0.011486897462105086,-38.79594511297998,2.615333333333333,-0.004666666666667041,181.5941202211426,True,0.9822053885994249,0.14197122212993918,0.013529589247331544,,-1.5630824471072735,True,-2.200000000000002,-2.507969356063196
2.63,2.5873333333333335,2.6726666666666667,False,182.78887791090543,True,0.9459302094659091,-1.5999999999999979,0.009435344850611151,-40.5048444452633,2.6253333333333333,-0.004666666666666597,179.90924667063499,True,0.9621709367900738,2.8796312402704416,0.27490742676151814,,-1.7244602846214603,True,-2.1000000000000014,-2.6693471935773854
2.64,2.5973333333333333,2.6826666666666665,False,181.73609144327253,True,0.8911444948731202,-1.699999999999997,0.007570348508752998,-42.417682536961905,2.635333333333333,-0.004666666666667041,180.99941908312115,True,0.9737837421267215,0.736672360151374,0.0703186751382517,,-1.6198715329981939,True,-2.200000000000002,-2.5647584419541163
2.65,2.6073333333333335,2.6926666666666668,False,180.68936857950385,True,0.8911444948731202,-1.7999999999999945,0.006322721656720036,-43.9819187316348,2.6453333333333333,-0.004666666666666597,182.8108814463984,True,0.9726248487171204,2.1215128668945624,-0.20208387828034596,,-1.447468979579591,True,-2.2999999999999976,-2.3923558885355147
2.66,2.6173333333333333,2.7026666666666666,False,180.68936857950385,True,0.8266685594724994,-1.7999999999999945,0.0052887263097010076,-45.53297814066434,2.655333333333333,-0.004666666666667041,177.48357308907873,True,0.9578730944554383,3.2057954904251176,0.3099134452447345,,-1.959466303104674,True,-2.2999999999999976,-2.9043532120605957
2.67,2.6273333333333335,2.712666666666667,False,180.68936857950385,True,0.8266685594724995,-1.7999999999999945,0.004056082845676096,-47.837863661992756,2.6653333333333333,-0.004666666666666597,177.20373784997963,True,0.9144598733812186,3.4856307295242175,0.33723105033717715,,-1.9867839081971144,True,-2.2999999999999976,-2.9316708171530372
2.68,2.6373333333333333,2.7226666666666666,False,180.68936857950385,True,0.7571601330199093,-1.7999999999999945,0.003366909491502767,-49.45537116121497,2.675333333333333,-0.004666666666667041,,False,0.0,,,voicing_disagreement,,False,-2.2999999999999976,
2.69,2.6473333333333335,2.732666666666667,False,177.5852333780714,True,0.6159498854580678,-2.0999999999999996,0.0026723373162357376,-51.462174476820586,2.6853333333333333,-0.004666666666666597,,False,0.0,,,voicing_disagreement,,False,-2.6000000000000028,
2.7,2.6573333333333333,2.7426666666666666,False,180.68936857950385,True,0.3233360583906409,-1.7999999999999945,0.0018779304505005146,-54.526409918961114,2.695333333333333,-0.004666666666667041,,False,0.0,,,pyin_probability_below_0.5|voicing_disagreement,,False,-2.2999999999999976,
2.71,2.667333333333333,2.752666666666667,False,182.78887791090543,True,0.27934982715363965,-1.5999999999999979,0.001294278001414137,-57.75944860761604,2.7053333333333334,-0.004666666666666597,,False,0.0,,,pyin_probability_below_0.5|voicing_disagreement,,False,-2.1000000000000014,
2.72,2.6773333333333333,2.7626666666666666,False,180.68936857950385,True,0.3227329827076591,-1.7999999999999945,0.0011229333855853369,-58.99292012197982,2.715333333333333,-0.004666666666667041,,False,0.0,,,pyin_probability_below_0.5|voicing_disagreement,,False,-2.2999999999999976,
2.73,2.687333333333333,2.772666666666667,False,180.68936857950385,True,0.06608151270920702,-1.7999999999999945,0.0008537974044893329,-61.37290339536559,2.7253333333333334,-0.004666666666666597,,False,0.0,,,pyin_probability_below_0.5|voicing_disagreement,,False,-2.2999999999999976,
2.74,2.6973333333333334,2.7826666666666666,False,180.68936857950385,True,0.015085587297504338,-1.7999999999999945,0.0006316586080975057,-63.990351620378235,2.735333333333333,-0.004666666666667041,,False,0.0,,,pyin_probability_below_0.5|voicing_disagreement,,False,-2.2999999999999976,
2.75,2.707333333333333,2.792666666666667,False,175.5454930018647,True,0.0139802103801293,-2.2999999999999976,0.0005638082714482031,-64.97737114048516,2.7453333333333334,-0.004666666666666597,,False,0.0,,,pyin_probability_below_0.5|voicing_disagreement,,False,-2.8,
2.76,2.7173333333333334,2.8026666666666666,False,171.53602840047625,True,0.01003776550292969,-2.699999999999999,0.0004665093148310814,-66.62279360472257,2.755333333333333,-0.004666666666666597,,False,0.0,,,pyin_probability_below_0.5|voicing_disagreement,,False,-3.2000000000000006,
2.77,2.727333333333333,2.812666666666667,False,,False,0.010000005389190738,,0.00032729270286471545,-69.70127354742475,2.7653333333333334,-0.004666666666666597,,False,0.0,,,,,False,,
2.78,2.7373333333333334,2.8226666666666667,False,,False,7.855069470128345e-08,,0.00028666996270179293,-70.85235620150061,2.775333333333333,-0.004666666666666597,,False,0.0,,,,,False,,
2.79,2.747333333333333,2.832666666666667,False,,False,0.01000011634519004,,0.00028878110233071096,-70.7886246030745,2.7853333333333334,-0.004666666666666597,,False,0.0,,,,,False,,
2.8,2.7573333333333334,2.8426666666666667,False,,False,0.01000258258129177,,0.000270301484688626,-71.3630313767908,2.7953333333333332,-0.004666666666666597,,False,0.0,,,,,False,,
2.81,2.767333333333333,2.8526666666666665,False,,False,0.010033052597656945,,0.00028261684213268224,-70.97603921157962,2.8053333333333335,-0.004666666666666597,,False,0.0,,,,,False,,
2.82,2.7773333333333334,2.8626666666666667,False,,False,0.010190442737288355,,0.00029541091423784696,-70.59146926608001,2.8153333333333332,-0.004666666666666597,,False,0.0,,,,,False,,
2.83,2.787333333333333,2.8726666666666665,False,,False,0.010076630360339978,,0.00031013739503923764,-70.16891730472464,2.8253333333333335,-0.004666666666666597,,False,0.0,,,,,False,,
2.84,2.7973333333333334,2.8826666666666667,False,,False,0.010117255928480545,,0.00031191128265686406,-70.11937830755072,2.8353333333333333,-0.004666666666666597,,False,0.0,,,,,False,,
2.85,2.8073333333333332,2.8926666666666665,False,,False,0.01000000068423505,,0.0004387422717312702,-67.1558104076289,2.845333333333333,-0.004666666666667041,,False,0.0,,,,,False,,
2.86,2.8173333333333335,2.9026666666666667,False,,False,0.010000001546543066,,0.0005702673384312745,-64.8784300308709,2.8553333333333333,-0.004666666666666597,,False,0.0,,,,,False,,
2.87,2.8273333333333333,2.9126666666666665,False,,False,0.0100000000000754,,0.002771076406234563,-51.14702998707223,2.865333333333333,-0.004666666666667041,,False,0.0,,,,,False,,
2.88,2.8373333333333335,2.9226666666666667,False,,False,0.010000000000075398,,0.007362765742340287,-42.659180340941035,2.8753333333333333,-0.004666666666666597,,False,0.0,,,,,False,,
2.89,2.8473333333333333,2.9326666666666665,False,,False,0.010000000000006925,,0.010152443113999125,-39.86858870525492,2.885333333333333,-0.004666666666667041,,False,0.0,,,,,False,,
2.9,2.8573333333333335,2.9426666666666668,False,,False,0.010000000000023851,,0.010628852505147533,-39.4702723907806,2.8953333333333333,-0.004666666666666597,,False,0.0,,,,,False,,
2.91,2.8673333333333333,2.9526666666666666,False,231.63366671648822,True,0.010000000009505967,2.500000000000002,0.014899200859822886,-36.53674049950836,2.905333333333333,-0.004666666666667041,,False,0.0,,,pyin_probability_below_0.5|voicing_disagreement,,False,2.0000000000000004,
2.92,2.8773333333333335,2.962666666666667,False,222.45470667747657,True,0.010467533617069905,1.800000000000001,0.02647198493250101,-31.544269860854616,2.9153333333333333,-0.004666666666666597,,False,0.0,,,pyin_probability_below_0.5|voicing_disagreement,,False,1.2999999999999994,
2.93,2.8873333333333333,2.9726666666666666,False,219.8995964441766,True,0.047686993082531035,1.6000000000000023,0.03459618783012655,-29.219435073596877,2.925333333333333,-0.004666666666667041,,False,0.0,,,pyin_probability_below_0.5|voicing_disagreement,,False,1.099999999999998,
2.94,2.8973333333333335,2.982666666666667,False,217.37383415501247,True,0.15046460134333878,1.400000000000004,0.03955062697209038,-28.056932550096803,2.9353333333333333,-0.004666666666666597,,False,0.0,,,pyin_probability_below_0.5|voicing_disagreement,,False,0.9000000000000021,
2.95,2.9073333333333333,2.9926666666666666,False,216.12185299712482,True,0.15046460134333878,1.300000000000003,0.04330270099633666,-27.26970027560234,2.945333333333333,-0.004666666666667041,226.23508243304065,True,0.8024318400339947,10.113229435915827,-0.791732517856262,pyin_probability_below_0.5,2.242179659996319,False,0.8000000000000002,1.2972927510403964
2.96,2.917333333333333,3.002666666666667,False,214.87708272009507,True,0.2065067991177523,1.200000000000003,0.04621854856049403,-26.703673943068907,2.9553333333333334,-0.004666666666666597,220.3799881100721,True,0.9169364287295386,5.50290538997703,-0.43777920976128293,pyin_probability_below_0.5,1.788226351901343,False,0.7000000000000017,0.8433394429454195
2.97,2.9273333333333333,3.0126666666666666,False,213.63948179230545,True,0.24075439447557428,1.099999999999998,0.04830462174365133,-26.32022628694159,2.965333333333333,-0.004666666666667041,217.462800302053,True,0.9553454418414005,3.8233185097475655,-0.30708409609104714,pyin_probability_below_0.5,1.5575312382311024,False,0.5999999999999976,0.6126443292751775
2.98,2.937333333333333,3.022666666666667,False,212.40900892134297,True,0.2796051653363589,1.0000000000000009,0.050694242474467924,-25.900827244716233,2.9753333333333334,-0.004666666666666597,212.59175268560801,True,0.956424197715002,0.1827437642650409,-0.014888079035516899,pyin_probability_below_0.5,1.1653352211755728,False,0.49999999999999706,0.2204483122196524
2.99,2.9473333333333334,3.0326666666666666,False,211.18562305262122,True,0.32333605839064083,0.9000000000000021,0.053247923723721446,-25.47394643681194,2.985333333333333,-0.004666666666667041,207.29295402655836,True,0.9777342683309111,3.892669026062862,0.3220865253063494,pyin_probability_below_0.5,0.7283606168337058,False,0.39999999999999736,-0.21652629212221652
3.0,2.957333333333333,3.042666666666667,False,208.75994928447787,True,0.48498680771591124,0.7000000000000017,0.05220186292744968,-25.64627996115209,2.9953333333333334,-0.004666666666666597,205.22971597466858,True,0.9833894864664607,3.53023330980929,0.29526380797372476,pyin_probability_below_0.5,0.5551833341663305,False,0.19999999999999687,-0.3897035747895913
3.01,2.9673333333333334,3.0526666666666666,False,206.36213675586595,True,0.7571601330199093,0.5000000000000044,0.048612451854350584,-26.265049479368553,3.005333333333333,-0.004666666666666597,203.8947172411705,True,0.9830099842221842,2.4674195146954503,0.2082467187061227,,0.4422004234339326,True,0.0,-0.5026864855219881
3.02,2.977333333333333,3.062666666666667,False,203.99186545315516,True,0.7571601330199095,0.2999999999999983,0.04627654230363284,-26.692781963529146,3.0153333333333334,-0.004666666666666597,202.70327305362585,True,0.9888437566995706,1.288592399529307,0.10970686843716662,,0.3407402737028858,True,-0.20000000000000362,-0.6041466352530356
3.03,2.9873333333333334,3.0726666666666667,False,202.8169587634771,True,0.7571601330199094,0.20000000000000068,0.0457670605507241,-26.78893959615346,3.025333333333333,-0.004666666666666597,202.15007427770541,True,0.9837397084815425,0.6668844857716749,0.057018674509128425,,0.29342846763092684,True,-0.30000000000000204,-0.651458441324996
3.04,2.997333333333333,3.082666666666667,False,201.6488190383855,True,0.7571601330199095,0.100000000000004,0.044973575495608833,-26.940851674353784,3.0353333333333334,-0.004666666666666597,201.01605461883355,True,0.9691738636565657,0.632764419551961,0.054410716283301436,,0.19603642585675568,True,-0.4000000000000008,-0.7488504830991667
3.05,3.0073333333333334,3.0926666666666667,False,201.6488190383855,True,0.8266685594724996,0.100000000000004,0.044342028909070845,-27.06368878471267,3.0453333333333332,-0.004666666666666597,198.10195088908276,True,0.9594552490902691,3.546868149302753,0.30722242520159904,,-0.05677528306154153,True,-0.4000000000000008,-1.001662192017463
3.06,3.017333333333333,3.1026666666666665,False,200.48740730303228,True,0.8266685594724995,0.0,0.04368612010384954,-27.19313049162325,3.0553333333333335,-0.004666666666666597,198.7526865360779,True,0.967528792344666,1.734720766954382,0.15044714214005636,,0.0,True,-0.5000000000000041,-0.9448869089559218
3.07,3.0273333333333334,3.1126666666666667,False,199.33268480704808,True,0.8266685594724995,-0.09999999999999679,0.0429313267457766,-27.34451379832821,3.0653333333333332,-0.004666666666666597,200.9515295983088,True,0.9855408380145725,1.6188447912607273,-0.14003122789852937,,0.19047837003858903,True,-0.6000000000000011,-0.7544085389173347
3.08,3.037333333333333,3.1226666666666665,False,199.33268480704808,True,0.8266685594724995,-0.09999999999999679,0.042303618970652004,-27.47244956419895,3.0753333333333335,-0.004666666666666597,200.71511551053095,True,0.9944186458370707,1.3824307034828678,-0.11965173307677852,,0.1700988752168366,True,-0.6000000000000011,-0.7747880337390848
3.09,3.0473333333333334,3.1326666666666667,False,198.18461302324906,True,0.8911444948731203,-0.1999999999999978,0.04258354127395007,-27.415164503898044,3.0853333333333333,-0.004666666666666597,199.4624749192223,True,0.995056088362468,1.2778618959732455,-0.11126879621687769,,0.061715938356936936,True,-0.7000000000000022,-0.8831709705989867
3.1,3.0573333333333332,3.1426666666666665,False,198.18461302324906,True,0.8911444948731204,-0.1999999999999978,0.042604526493207985,-27.410885141612468,3.0953333333333335,-0.004666666666666597,197.6167979331748,True,0.9984989968110725,0.567815090074248,0.04967246021228727,,-0.09922531807222933,True,-0.7000000000000022,-1.0441122270281515
3.11,3.0673333333333335,3.1526666666666667,False,197.04315364635175,True,0.8911444948731204,-0.2999999999999981,0.04183868878092751,-27.568438693203305,3.1053333333333333,-0.004666666666666597,196.51952016627666,True,0.9954407826970966,0.523633480075091,0.04606801941230952,,-0.1956208772722513,True,-0.8000000000000008,-1.1405077862281743
3.12,3.0773333333333333,3.1626666666666665,False,198.18461302324906,True,0.8266685594724996,-0.1999999999999978,0.04133374055949462,-27.673905816050066,3.115333333333333,-0.004666666666667041,196.56985709949885,True,0.9962706043474443,1.6147559237502094,0.14163416705016582,,-0.19118702491010703,True,-0.7000000000000022,-1.1360739338660293
3.13,3.0873333333333335,3.1726666666666667,False,197.04315364635175,True,0.8266685594724995,-0.2999999999999981,0.039941042681758215,-27.971612036665746,3.1253333333333333,-0.004666666666666597,195.89146207296665,True,0.9946418500850216,1.1516915733851079,0.10148524948891982,,-0.25103810734886123,True,-0.8000000000000008,-1.1959250163047828
3.14,3.0973333333333333,3.1826666666666665,False,194.7799199939686,True,0.7571601330199094,-0.4999999999999981,0.03857388941701675,-28.27413137762526,3.135333333333333,-0.004666666666667041,195.0200554595428,True,0.9962251191707497,0.24013546557418408,-0.02133046552908989,,-0.32822239233085115,True,-0.9999999999999994,-1.2731093012867736
3.15,3.1073333333333335,3.1926666666666668,False,193.6580702059513,True,0.6860828109301793,-0.5999999999999971,0.03711412059692469,-28.609216508195296,3.1453333333333333,-0.004666666666666597,197.2690813278067,True,0.971066338414098,3.611011121855398,-0.31983878271436217,,-0.12971407514557937,True,-1.0999999999999999,-1.0746009841015025
3.16,3.1173333333333333,3.2026666666666666,False,192.54268179725335,True,0.6159498854580681,-0.6999999999999982,0.0353655350451163,-29.028395341827867,3.155333333333333,-0.004666666666667041,199.0680666993616,True,0.9027864251396487,6.525384902108243,-0.5770022549574944,,0.02744939709755139,False,-1.2000000000000022,-0.9174375118583701
3.17,3.1273333333333335,3.212666666666667,False,192.54268179725335,True,0.615949885458068,-0.6999999999999982,0.03362821550476693,-29.46592356182212,3.1653333333333333,-0.004666666666666597,194.23444966218574,True,0.9033770898950086,1.6917678649323875,-0.15144974048808732,,-0.39810311737185566,True,-1.2000000000000022,-1.3429900263277783
3.18,3.1373333333333333,3.2226666666666666,False,192.54268179725335,True,0.5485250542599845,-0.6999999999999982,0.031858479820333886,-29.935499022293254,3.175333333333333,-0.004666666666667041,192.07245642210384,True,0.9452920799070648,0.4702253751495107,0.04233169758034783,,-0.5918845554402894,True,-1.2000000000000022,-1.5367714643962134
3.19,3.1473333333333335,3.232666666666667,False,192.54268179725335,True,0.48498680771591135,-0.6999999999999982,0.03041372359436124,-30.33860810649864,3.1853333333333333,-0.004666666666666597,191.51552032295413,True,0.9624784621691057,1.02716147429922,0.09260373288774128,pyin_probability_below_0.5,-0.6421565907476843,False,-1.2000000000000022,-1.5870434997036076
3.2,3.1573333333333333,3.2426666666666666,False,191.43371755306833,True,0.6860828109301794,-0.7999999999999968,0.0280706786764702,-31.034941742407128,3.195333333333333,-0.004666666666667041,191.32741245731052,True,0.9691735182080843,0.10630509575781844,0.009616389526918543,,-0.6591692473868623,True,-1.3000000000000005,-1.6040561563427844
3.21,3.167333333333333,3.252666666666667,False,191.43371755306833,True,0.6860828109301793,-0.7999999999999968,0.02635842406604773,-31.581611183441552,3.2053333333333334,-0.004666666666666597,191.7707578250104,True,0.967269890614582,0.3370402719420724,-0.03045349324672866,,-0.6190993646132142,True,-1.3000000000000005,-1.5639862735691352
3.22,3.1773333333333333,3.2626666666666666,False,191.43371755306833,True,0.7571601330199094,-0.7999999999999968,0.02546155333260565,-31.882302097542787,3.215333333333333,-0.004666666666667041,192.0127414909915,True,0.9733551572107195,0.5790239379231537,-0.052285094559829215,,-0.5972677633001113,True,-1.3000000000000005,-1.542154672256034
3.23,3.187333333333333,3.272666666666667,False,191.43371755306833,True,0.6159498854580681,-0.7999999999999968,0.025223795292793744,-31.96379133645806,3.2253333333333334,-0.004666666666666597,191.6741499969096,True,0.9643974326985865,0.24043244384125728,-0.021729905500919078,,-0.6278229523590216,True,-1.3000000000000005,-1.5727098613149444
3.24,3.1973333333333334,3.2826666666666666,False,191.43371755306833,True,0.5485250542599845,-0.7999999999999968,0.025255228658145796,-31.95297390155854,3.235333333333333,-0.004666666666667041,191.2549931277337,True,0.9723293310754253,0.17872442533462163,0.01617052316407439,,-0.6657233810240144,True,-1.3000000000000005,-1.6106102899799373
3.25,3.207333333333333,3.292666666666667,False,191.43371755306833,True,0.615949885458068,-0.7999999999999968,0.02520471837223101,-31.97036301674382,3.2453333333333334,-0.004666666666666597,191.07460275125305,True,0.974637457125703,0.35911480181528077,0.032507107536683275,,-0.6820599653966257,True,-1.3000000000000005,-1.6269468743525493
3.26,3.2173333333333334,3.3026666666666666,False,191.43371755306833,True,0.6159498854580681,-0.7999999999999968,0.025391394435411163,-31.906268960883022,3.255333333333333,-0.004666666666666597,190.8875692120949,True,0.9665469572838477,0.5461483409734456,0.049461606225547475,,-0.6990144640854873,True,-1.3000000000000005,-1.6439013730414107
3.27,3.227333333333333,3.312666666666667,False,190.3311404729313,True,0.6860828109301793,-0.8999999999999986,0.025400334017324715,-31.90321144639873,3.2653333333333334,-0.004666666666666597,190.49836611545075,True,0.9125501752919818,0.1672256425194405,-0.01520400808264438,,-0.7343488497772971,True,-1.4000000000000004,-1.6792357587332194
3.28,3.2373333333333334,3.3226666666666667,False,190.3311404729313,True,0.6860828109301792,-0.8999999999999986,0.025638769272106728,-31.822056518447575,3.275333333333333,-0.004666666666666597,190.24581269749822,True,0.9155546430192842,0.08532777543308612,0.007763074006742591,,-0.757315931866684,True,-1.4000000000000004,-1.7022028408226069
3.29,3.247333333333333,3.332666666666667,False,190.3311404729313,True,0.7571601330199091,-0.8999999999999986,0.025446125448119347,-31.887566722028083,3.2853333333333334,-0.004666666666666597,190.7050984386306,True,0.9740483585309565,0.3739579656993044,-0.03398149072894144,,-0.7155713671310004,True,-1.4000000000000004,-1.660458276086922
3.3,3.2573333333333334,3.3426666666666667,False,190.3311404729313,True,0.6860828109301792,-0.8999999999999986,0.02559810200108357,-31.835844694555398,3.2953333333333332,-0.004666666666666597,189.99744885735046,True,0.9894879060766127,0.3336916155808467,0.030378911879044315,,-0.7799317697389876,True,-1.4000000000000004,-1.72481867869491
3.31,3.267333333333333,3.3526666666666665,False,191.43371755306833,True,0.7571601330199094,-0.7999999999999968,0.025992072232363456,-31.703181895008722,3.3053333333333335,-0.004666666666666597,189.69804959533437,True,0.9901452968002297,1.7356679577339662,0.15768133217149816,,-0.8072341900314377,True,-1.3000000000000005,-1.7521210989873615
3.32,3.2773333333333334,3.3626666666666667,False,191.43371755306833,True,0.6860828109301792,-0.7999999999999968,0.026351785617985454,-31.583799026285945,3.3153333333333332,-0.004666666666666597,190.03656936037183,True,0.9943724107397899,1.3971481926965055,0.12681466532006208,,-0.7763675231800047,True,-1.3000000000000005,-1.721254432135928
3.33,3.287333333333333,3.3726666666666665,False,192.54268179725335,True,0.615949885458068,-0.6999999999999982,0.02761698624173607,-31.176474328324517,3.3253333333333335,-0.004666666666666597,191.13343354038258,True,0.9965577593139016,1.409248256870768,0.12717755627622013,,-0.6767304141361619,True,-1.2000000000000022,-1.6216173230920847
3.34,3.2973333333333334,3.3826666666666667,False,194.7799199939686,True,0.6159498854580681,-0.4999999999999981,0.028701208466707175,-30.841996337533864,3.3353333333333333,-0.004666666666666597,192.21360175807013,True,0.9975952869687393,2.5663182358984784,0.2296143159695196,,-0.5791671738294588,True,-0.9999999999999994,-1.5240540827853821
3.35,3.3073333333333332,3.3926666666666665,False,194.7799199939686,True,0.7571601330199094,-0.4999999999999981,0.02945218747279716,-30.617648875204978,3.3453333333333335,-0.004666666666666597,193.7620265728547,True,0.9910282742092762,1.0178934211139108,0.09070916517670727,,-0.44026202303664697,True,-0.9999999999999994,-1.3851489319925694
3.36,3.3173333333333335,3.4026666666666667,False,195.90826859169485,True,0.5485250542599844,-0.3999999999999989,0.03006917119841899,-30.437570845315072,3.3553333333333333,-0.004666666666666597,195.615992585081,True,0.9936324902756662,0.2922760066138608,0.025847607340991972,,-0.27540046520093514,True,-0.9000000000000026,-1.2202873741568576
3.37,3.3273333333333333,3.4126666666666665,False,197.04315364635175,True,0.5485250542599845,-0.2999999999999981,0.030182046361430112,-30.40502636254828,3.365333333333333,-0.004666666666667041,196.8403922499777,True,0.9904003422080474,0.20276139637405777,0.01782392120224082,,-0.167376779062181,True,-0.8000000000000008,-1.1122636880181032
3.38,3.3373333333333335,3.4226666666666667,False,197.04315364635175,True,0.5485250542599844,-0.2999999999999981,0.030243503249345167,-30.387358077081966,3.3753333333333333,-0.004666666666666597,197.29801336708198,True,0.9917691482024289,0.25485972073022367,-0.02237767317256431,,-0.1271751846873776,True,-0.8000000000000008,-1.0720620936433
3.39,3.3473333333333333,3.4326666666666665,False,197.04315364635175,True,0.5485250542599845,-0.2999999999999981,0.03007997636785118,-30.43445018562111,3.385333333333333,-0.004666666666667041,198.01275626775328,True,0.9565831255120952,0.9696026214015205,-0.08498100651860281,,-0.06457185134133928,True,-0.8000000000000008,-1.0094587602972624
3.4,3.3573333333333335,3.4426666666666668,False,197.04315364635175,True,0.5485250542599844,-0.2999999999999981,0.030028867778308533,-30.4492208464651,3.3953333333333333,-0.004666666666666597,199.64708069887573,True,0.7906560385834602,2.6039270525239715,-0.22728424008104492,,0.0777313822211022,True,-0.8000000000000008,-0.8671555267348194
3.41,3.3673333333333333,3.4526666666666666,False,197.04315364635175,True,0.4849868077159113,-0.2999999999999981,0.029620628309028004,-30.568114670347715,3.405333333333333,-0.004666666666667041,196.28738737454802,True,0.7988110975949527,0.7557662718037363,0.06652978991651266,pyin_probability_below_0.5,-0.21608264777645547,False,-0.8000000000000008,-1.1609695567323772
3.42,3.3773333333333335,3.462666666666667,False,198.18461302324906,True,0.4260623290432815,-0.1999999999999978,0.0284305626243433,-30.924290915772623,3.4153333333333333,-0.004666666666666597,195.94117913652343,True,0.9562077744041059,2.243433886725626,0.19709195170518456,pyin_probability_below_0.5,-0.2466448095651264,False,-0.7000000000000022,-1.1915317185210488
3.43,3.3873333333333333,3.4726666666666666,False,198.18461302324906,True,0.3721358982975087,-0.1999999999999978,0.02726305563771098,-31.288509402729588,3.425333333333333,-0.004666666666667041,196.75406650834458,True,0.978335248655534,1.4305465149044778,0.12541803551441938,pyin_probability_below_0.5,-0.17497089337436206,False,-0.7000000000000022,-1.1198578023302832
3.44,3.3973333333333335,3.482666666666667,False,197.04315364635175,True,0.6860828109301793,-0.2999999999999981,0.02587803659536156,-31.741373546270026,3.4353333333333333,-0.004666666666666597,197.76618572063413,True,0.9766942385710224,0.7230320742823722,-0.06340980418265796,,-0.08614305367728388,True,-0.8000000000000008,-1.0310299626332071
3.45,3.4073333333333333,3.4926666666666666,False,197.04315364635175,True,0.8266685594724996,-0.2999999999999981,0.024444879466850488,-32.23624199640199,3.445333333333333,-0.004666666666667041,198.91084358273164,True,0.9753811296832666,1.8676899363798896,-0.16332363933551283,,0.013770781475569843,True,-0.8000000000000008,-0.9311161274803503
3.46,3.417333333333333,3.502666666666667,False,198.18461302324906,True,0.6860828109301794,-0.1999999999999978,0.02321143367104911,-32.68596068403431,3.4553333333333334,-0.004666666666666597,198.94379204234272,True,0.979546519396983,0.7591790190936649,-0.0661910934338561,,0.01663823557391599,True,-0.7000000000000022,-0.9282486733820069
3.47,3.4273333333333333,3.5126666666666666,False,198.18461302324906,True,0.4260623290432814,-0.1999999999999978,0.022187721716209512,-33.07774579571668,3.465333333333333,-0.004666666666667041,197.99540197963015,True,0.9664615596686505,0.1892110436189114,0.016536352853401555,pyin_probability_below_0.5,-0.06608921071334184,False,-0.7000000000000022,-1.0109761196692657
3.48,3.437333333333333,3.522666666666667,False,198.18461302324906,True,0.12793708630129036,-0.1999999999999978,0.02117108796619526,-33.48513646684441,3.4753333333333334,-0.004666666666666597,192.46998279876144,True,0.9342180658598255,5.714630224487621,0.5065379139229137,pyin_probability_below_0.5,-0.5560907717828572,False,-0.7000000000000022,-1.5009776807387807
3.49,3.4473333333333334,3.5326666666666666,False,199.33268480704808,True,0.0229442191246386,-0.09999999999999679,0.019874268910900703,-34.0341767641734,3.485333333333333,-0.004666666666667041,191.4727048138491,True,0.7758011186735746,7.8599799931989764,0.6964745394888094,pyin_probability_below_0.5,-0.6460273973487528,False,-0.6000000000000011,-1.5909143063046742
3.5,3.457333333333333,3.542666666666667,False,199.33268480704808,True,0.010622609040911531,-0.09999999999999679,0.018522723127100908,-34.64590329893908,3.4953333333333334,-0.004666666666666597,,False,0.0,,,pyin_probability_below_0.5|voicing_disagreement,,False,-0.6000000000000011,
3.51,3.4673333333333334,3.5526666666666666,False,192.54268179725335,True,0.010000516719604524,-0.6999999999999982,0.017685078167471537,-35.04786032554945,3.505333333333333,-0.004666666666666597,,False,0.0,,,pyin_probability_below_0.5|voicing_disagreement,,False,-1.2000000000000022,
3.52,3.477333333333333,3.562666666666667,False,199.33268480704808,True,0.010000000001606035,-0.09999999999999679,0.016962968593345236,-35.40996284006412,3.5153333333333334,-0.004666666666666597,,False,0.0,,,pyin_probability_below_0.5|voicing_disagreement,,False,-0.6000000000000011,
3.53,3.4873333333333334,3.5726666666666667,False,,False,0.010000000000006923,,0.017222777827625855,-35.277936014771775,3.525333333333333,-0.004666666666666597,,False,0.0,,,,,False,,
3.54,3.497333333333333,3.582666666666667,False,,False,0.010000000000006923,,0.018169840282181226,-34.8129778048269,3.5353333333333334,-0.004666666666666597,,False,0.0,,,,,False,,
3.55,3.5073333333333334,3.5926666666666667,False,,False,0.010000000000001865,,0.018866683518749452,-34.4860887122215,3.5453333333333332,-0.004666666666666597,,False,0.0,,,,,False,,
3.56,3.517333333333333,3.6026666666666665,False,,False,0.010000000000001865,,0.019437909623057168,-34.2270088293314,3.5553333333333335,-0.004666666666666597,,False,0.0,,,,,False,,
3.57,3.5273333333333334,3.6126666666666667,False,,False,0.010000000000006925,,0.01949353894704625,-34.202186197992944,3.5653333333333332,-0.004666666666666597,,False,0.0,,,,,False,,
3.58,3.537333333333333,3.6226666666666665,False,,False,0.010000000000006925,,0.019124437859141318,-34.36822643147222,3.5753333333333335,-0.004666666666666597,,False,0.0,,,,,False,,
3.59,3.5473333333333334,3.6326666666666667,False,,False,0.010000000000006925,,0.018670375342276935,-34.57693902137071,3.5853333333333333,-0.004666666666666597,,False,0.0,,,,,False,,
3.6,3.5573333333333332,3.6426666666666665,False,,False,0.010000000000023851,,0.017874882733474172,-34.955135973331636,3.5953333333333335,-0.004666666666666597,,False,0.0,,,,,False,,
3.61,3.5673333333333335,3.6526666666666667,False,,False,0.010000000000221913,,0.0166948266485273,-35.54836172204412,3.6053333333333333,-0.004666666666666597,,False,0.0,,,,,False,,
3.62,3.5773333333333333,3.6626666666666665,False,,False,0.010000000001606035,,0.015729463902298915,-36.0657215783555,3.615333333333333,-0.004666666666667041,,False,0.0,,,,,False,,
3.63,3.5873333333333335,3.6726666666666667,False,,False,0.010000000001606031,,0.014619019090059228,-36.701635335615485,3.6253333333333333,-0.004666666666666597,,False,0.0,,,,,False,,
3.64,3.5973333333333333,3.6826666666666665,False,,False,0.01000123296498612,,0.01717855363433068,-35.30026809655893,3.635333333333333,-0.004666666666667041,,False,0.0,,,,,False,,
3.65,3.6073333333333335,3.6926666666666668,False,243.99387913449723,True,0.013980210380185928,3.400000000000004,0.021037176986911526,-33.54025078586381,3.6453333333333333,-0.004666666666666597,,False,0.0,,,pyin_probability_below_0.5|voicing_disagreement,,False,2.9,
3.66,3.6173333333333333,3.7026666666666666,False,242.58857779956992,True,0.0779752376229482,3.3000000000000003,0.024365268404831216,-32.26457600242363,3.655333333333333,-0.004666666666667041,,False,0.0,,,pyin_probability_below_0.5|voicing_disagreement,,False,2.799999999999997,
3.67,3.6273333333333335,3.712666666666667,False,242.58857779956992,True,0.1765306086328976,3.3000000000000003,0.02627580071575066,-31.608880812457958,3.6653333333333333,-0.004666666666666597,256.01661158793934,True,0.7090574677831578,13.428033788369419,-0.9327095879410914,pyin_probability_below_0.5,4.383156730081147,False,2.799999999999997,3.4382698211252247
3.68,3.6373333333333333,3.7226666666666666,False,238.4210512332145,True,0.32333605839064083,3.0000000000000027,0.028575955743230685,-30.87998470801851,3.675333333333333,-0.004666666666667041,243.78410457785557,True,0.8789101119559752,5.3630533446410595,-0.38510925504625637,pyin_probability_below_0.5,3.535556397186313,False,2.4999999999999987,2.5906694882303913
3.69,3.6473333333333335,3.732666666666667,False,237.04784702513638,True,0.3721358982975087,2.9000000000000035,0.030497440802083747,-30.314732060385854,3.6853333333333333,-0.004666666666666597,240.69343489532804,True,0.9616189419580818,3.6455878701916618,-0.26422202130212025,pyin_probability_below_0.5,3.3146691634421788,False,2.399999999999998,2.3697822544862586
3.7,3.6573333333333333,3.7426666666666666,False,234.3251202788159,True,0.32333605839064083,2.7000000000000033,0.03261615387854617,-29.731345052183826,3.695333333333333,-0.004666666666667041,237.95345155508554,True,0.9723032455312288,3.6283312762696482,-0.2660130951860967,pyin_probability_below_0.5,3.116460237326156,False,2.1999999999999993,2.1715733283702345
3.71,3.667333333333333,3.752666666666667,False,231.63366671648822,True,0.32333605839064083,2.500000000000002,0.03551383738632106,-28.99204796446472,3.7053333333333334,-0.004666666666666597,231.92106918612546,True,0.9711269260484887,0.28740246963724303,-0.021467195411413852,pyin_probability_below_0.5,2.6719143375514713,False,2.0000000000000004,1.7270274285955498
3.72,3.6773333333333333,3.7626666666666666,False,225.0395058615972,True,0.42606232904328145,2.000000000000004,0.037265189056779696,-28.573933422603012,3.715333333333333,-0.004666666666667041,226.44493009469767,True,0.9687907260536408,1.4054242331004616,-0.10778338968391134,pyin_probability_below_0.5,2.2582305318239713,False,1.5000000000000004,1.3133436228680462
3.73,3.687333333333333,3.772666666666667,False,221.17346184722248,True,0.42606232904328145,1.7000000000000026,0.03816056359297385,-28.367704396596217,3.7253333333333334,-0.004666666666666597,221.22301240644236,True,0.9663483263253472,0.04955055921988105,-0.0038781328795718314,pyin_probability_below_0.5,1.8543252750196286,False,1.1999999999999993,0.9094383660637058
3.74,3.6973333333333334,3.7826666666666666,False,217.37383415501247,True,0.5485250542599844,1.400000000000004,0.038193051415201525,-28.360312849897355,3.735333333333333,-0.004666666666667041,217.38398608385805,True,0.977482078369233,0.010151928845573366,-0.0008085128807886414,,1.5512556550208498,True,0.9000000000000021,0.6063687460649262
3.75,3.707333333333333,3.792666666666667,False,213.63948179230545,True,0.5485250542599844,1.099999999999998,0.038307626123600384,-28.33429519754237,3.7453333333333334,-0.004666666666666597,214.04313947174737,True,0.97824502603055,0.40365767944192044,-0.03267965970924735,,1.2831268018493032,True,0.5999999999999976,0.33823989289337975
3.76,3.7173333333333334,3.8026666666666666,False,209.96928336801093,True,0.615949885458068,0.8000000000000038,0.03937515214480269,-28.095555101877668,3.755333333333333,-0.004666666666666597,210.316626829464,True,0.9853941432807851,0.3473434614530788,-0.02861542342981404,,0.979062565569871,True,0.2999999999999983,0.03417565661394763
3.77,3.727333333333333,3.812666666666667,False,208.75994928447787,True,0.6860828109301793,0.7000000000000017,0.04030451997970989,-27.892924937142553,3.7653333333333334,-0.004666666666666597,207.92136917824035,True,0.9875219993092259,0.8385801062375151,0.06968300850000186,,0.7807641336400536,True,0.19999999999999687,-0.16412277531586955
3.78,3.7373333333333334,3.8226666666666667,False,207.55758045272898,True,0.6860828109301794,0.6000000000000013,0.04091469469108829,-27.762413704358856,3.775333333333333,-0.004666666666666597,205.14684160188625,True,0.9796771631884393,2.4107388508427334,0.20225616342178182,,0.5481909787182754,True,0.10000000000000017,-0.3966959302376464
3.79,3.747333333333333,3.832666666666667,False,202.8169587634771,True,0.6860828109301793,0.20000000000000068,0.04087976776069607,-27.769831602151154,3.7853333333333334,-0.004666666666666597,201.70469725272218,True,0.99204467645682,1.1122615107549052,0.09520330112556712,,0.2552438410144878,True,-0.30000000000000204,-0.6896430679414337
3.8,3.7573333333333334,3.8426666666666667,False,200.48740730303228,True,0.7571601330199094,0.0,0.040327413554402454,-27.88799262162367,3.7953333333333332,-0.004666666666666597,200.0952686905539,True,0.9859565275118993,0.39213861247839077,0.033894822488139964,,0.11655231965191828,True,-0.5000000000000041,-0.8283345893040057
3.81,3.767333333333333,3.8526666666666665,False,199.33268480704808,True,0.8911444948731204,-0.09999999999999679,0.03884341969845845,-28.213650852936038,3.8053333333333335,-0.004666666666666597,199.26742705615274,True,0.9793728574516527,0.06525775089534136,0.005668660793738109,,0.044778481346322355,True,-0.6000000000000011,-0.9001084276096025
3.82,3.7773333333333334,3.8626666666666667,False,198.18461302324906,True,0.8266685594724996,-0.1999999999999978,0.0366737626082606,-28.71289061116338,3.8153333333333332,-0.004666666666666597,197.85409470477964,True,0.9939338713294409,0.3305183184694158,0.028896402722974175,,-0.07844926058291685,True,-0.7000000000000022,-1.023336169538841
3.83,3.787333333333333,3.8726666666666665,False,197.04315364635175,True,0.6860828109301793,-0.2999999999999981,0.03599547329167139,-28.875042233575478,3.8253333333333335,-0.004666666666666597,197.26273080048497,True,0.9922640731259887,0.2195771541332192,-0.019281451275330656,,-0.13027140658461123,True,-0.8000000000000008,-1.075158315540532
3.84,3.7973333333333334,3.8826666666666667,False,195.90826859169485,True,0.615949885458068,-0.3999999999999989,0.03448718783020391,-29.246844352500005,3.8353333333333333,-0.004666666666666597,196.14177146159813,True,0.9796960377734492,0.23350286990327618,-0.02062227396668303,,-0.22893058389326043,True,-0.9000000000000026,-1.1738174928491834
3.85,3.8073333333333332,3.8926666666666665,False,193.6580702059513,True,0.42606232904328145,-0.5999999999999971,0.03274311188725046,-29.69760095710256,3.8453333333333335,-0.004666666666666597,193.01599711337693,True,0.9527184950544079,0.6420730925743783,0.05749440758735935,pyin_probability_below_0.5,-0.5070472654472993,False,-1.0999999999999999,-1.4519341744032213
3.86,3.8173333333333335,3.9026666666666667,False,187.0613654014066,True,0.48498680771591113,-1.2000000000000002,0.031320064248555,-30.08354711442474,3.8553333333333333,-0.004666666666666597,183.88006267559416,True,0.9356305165228294,3.1813027258124293,0.2969587229171995,pyin_probability_below_0.5,-1.3465115807771424,False,-1.7000000000000033,-2.291398489733064
3.87,3.8273333333333333,3.9126666666666665,False,184.9127823656466,True,0.615949885458068,-1.3999999999999984,0.029083931331815187,-30.726937788230174,3.865333333333333,-0.004666666666667041,181.85528196924915,True,0.9543888021921375,3.057500396397444,0.2886495269482504,,-1.5382023848081912,True,-1.9000000000000006,-2.483089293764114
3.88,3.8373333333333335,3.9226666666666667,False,181.73609144327253,True,0.6860828109301791,-1.699999999999997,0.02606529077559179,-31.678748517343806,3.8753333333333333,-0.004666666666666597,178.6400493614078,True,0.9755929364512176,3.096042081864738,0.29747282006167924,,-1.8470256779216214,True,-2.200000000000002,-2.791912586877544
3.89,3.8473333333333333,3.9326666666666665,False,179.64867439581087,True,0.7571601330199091,-1.9000000000000006,0.023948329894533597,-32.41449535929209,3.885333333333333,-0.004666666666667041,175.68130834200423,True,0.9798354815510731,3.967366053806643,0.3866110358289895,,-2.136163893688934,True,-2.4000000000000026,-3.0810508026448575
3.9,3.8573333333333335,3.9426666666666668,False,178.6139741695516,True,0.8266685594724994,-1.9999999999999962,0.02273057500256254,-32.86779156065989,3.8953333333333333,-0.004666666666666597,176.86382336867868,True,0.9533209115145008,1.750150800872916,0.17047169528993,,-2.0200245531498684,True,-2.499999999999999,-2.964911462105791
3.91,3.8673333333333333,3.9526666666666666,False,177.5852333780714,True,0.6860828109301792,-2.0999999999999996,0.020632466999151267,-33.70897681711239,3.905333333333333,-0.004666666666667041,179.36254063780945,True,0.9130556939898009,1.777307259738052,-0.17240394792228692,,-1.7771489099376558,True,-2.6000000000000028,-2.7220358188935787
3.92,3.8773333333333335,3.962666666666667,False,177.5852333780714,True,0.6159498854580678,-2.0999999999999996,0.01808229040546255,-34.85493120348168,3.9153333333333333,-0.004666666666666597,182.90752339455628,True,0.8953096251750623,5.322290016484885,-0.5112335318334014,,-1.438319326026542,False,-2.6000000000000028,-2.383206234982466
3.93,3.8873333333333333,3.9726666666666666,False,178.6139741695516,True,0.48498680771591124,-1.9999999999999962,0.01542384634194137,-36.23614620043715,3.925333333333333,-0.004666666666667041,177.43591232532427,True,0.8597545145895555,1.1780618442273294,0.11456305964479319,pyin_probability_below_0.5,-1.9641159175047327,False,-2.499999999999999,-2.909002826460655
3.94,3.8973333333333335,3.982666666666667,False,180.68936857950385,True,0.1765306086328976,-1.7999999999999945,0.01105110313811883,-39.13188735743189,3.9353333333333333,-0.004666666666666597,170.77832127313644,True,0.739960285934224,9.911047306367408,0.9766412814226779,pyin_probability_below_0.5,-2.626194139282616,False,-2.2999999999999976,-3.571081048238538
3.95,3.9073333333333333,3.9926666666666666,False,176.56241769755178,True,0.013980210380185926,-2.1999999999999975,0.008848779974360602,-41.06233207062622,3.945333333333333,-0.004666666666667041,178.26846812098603,True,0.653933853688289,1.7060504234342488,-0.1664790445575735,pyin_probability_below_0.5,-1.8830738133023694,False,-2.700000000000001,-2.8279607222582914
3.96,3.917333333333333,4.002666666666666,False,195.90826859169485,True,0.010073751764282884,-0.3999999999999989,0.018726674350211022,-34.55078683326551,3.9553333333333334,-0.004666666666666597,178.03738814796355,True,0.7828447772568512,17.870880443731295,1.655976582618011,pyin_probability_below_0.5|pitch_difference_over_1_semitone,-1.905529440477955,False,-0.9000000000000026,-2.850416349433878
3.97,3.9273333333333333,4.012666666666667,False,187.0613654014066,True,0.022944219124638596,-1.2000000000000002,0.02427674016998875,-32.296192596772464,3.965333333333333,-0.004666666666667041,168.16515201686923,True,0.673662944411713,18.89621338453736,1.8435941858544664,pyin_probability_below_0.5|pitch_difference_over_1_semitone,-2.8931470437144093,False,-1.7000000000000033,-3.838033952670331
3.98,3.937333333333333,4.022666666666667,False,184.9127823656466,True,0.04069733156888105,-1.3999999999999984,0.027843635887616562,-31.105481083222017,3.9753333333333334,-0.004666666666666597,157.66982055129515,True,0.7311267155096102,27.242961814351446,2.759260981042307,pyin_probability_below_0.5|pitch_difference_over_1_semitone,-4.008813838902251,False,-1.9000000000000006,-4.953700747858173
3.99,3.9473333333333334,4.032666666666667,False,182.78887791090543,True,0.04768699308253103,-1.5999999999999979,0.03061288752282961,-30.281914083592838,3.985333333333333,-0.004666666666667041,196.82558767522744,True,0.6016120831511967,14.036709764322012,-1.280873950333089,pyin_probability_below_0.5|pitch_difference_over_1_semitone,-0.1686789075268535,False,-2.1000000000000014,-1.1135658164827762
4.0,3.957333333333333,4.042666666666666,False,180.68936857950385,True,0.0779752376229482,-1.7999999999999945,0.032778375865593394,-29.6882513814392,3.9953333333333334,-0.004666666666666597,190.6692964806766,True,0.7415326840521284,9.979927901172744,-0.9307310591508853,pyin_probability_below_0.5,-0.718821798709053,False,-2.2999999999999976,-1.6637087076649744
4.01,3.9673333333333334,4.052666666666667,False,179.64867439581087,True,0.09203757081218103,-1.9000000000000006,0.033703326551546633,-29.446544634394407,4.005333333333334,-0.004666666666666153,184.27053384958725,True,0.836639637961411,4.621859453776381,-0.43976522926218087,pyin_probability_below_0.5,-1.3097876285977645,False,-2.4000000000000026,-2.2546745375536865
4.02,3.977333333333333,4.062666666666667,False,178.6139741695516,True,0.10857977072874499,-1.9999999999999962,0.03480709884645493,-29.16664346851855,4.015333333333333,-0.004666666666666153,176.69076839323867,True,0.9419453636881693,1.9232057763129262,0.1874194989247406,pyin_probability_below_0.5,-2.0369723567846814,False,-2.499999999999999,-2.9818592657406056
4.03,3.9873333333333334,4.072666666666667,False,177.5852333780714,True,0.09203757081218102,-2.0999999999999996,0.03537696438553066,-29.025588712400356,4.025333333333333,-0.004666666666667041,173.50926245757398,True,0.9527713902085622,4.0759709204974115,0.4019873148022726,pyin_probability_below_0.5,-2.3515401726622165,False,-2.6000000000000028,-3.2964270816181385
4.04,3.997333333333333,4.082666666666666,False,175.5454930018647,True,0.27960516533635893,-2.2999999999999976,0.03462126542492189,-29.21314124971092,4.035333333333333,-0.004666666666667041,172.10878452128628,True,0.9504892695244452,3.4367084805784316,0.342290657152608,pyin_probability_below_0.5,-2.491843515012551,False,-2.8,-3.4367304239684726
4.05,4.007333333333333,4.092666666666666,False,171.53602840047625,True,0.48498680771591135,-2.699999999999999,0.030435535325321058,-30.332381102278376,4.045333333333334,-0.004666666666666153,171.70004701416883,True,0.9482249936770079,0.1640186136925763,-0.016545733427113723,pyin_probability_below_0.5,-2.533007124432829,False,-3.2000000000000006,-3.4778940333887514
4.06,4.017333333333333,4.102666666666667,False,169.56576906952336,True,0.5485250542599845,-2.8999999999999977,0.027585403176912757,-31.186413283804825,4.0553333333333335,-0.004666666666666153,170.40647928578363,True,0.9361252965667523,0.8407102162602769,-0.0856228192523657,,-2.663930038607576,True,-3.4000000000000012,-3.608816947563498
4.07,4.027333333333333,4.112666666666667,False,169.56576906952336,True,0.27960516533635893,-2.8999999999999977,0.025615104948522736,-31.83007720842433,4.065333333333333,-0.004666666666667041,168.2406958654528,True,0.9452574858206411,1.3250732040705486,0.1358188106113134,pyin_probability_below_0.5,-2.8853716684712554,False,-3.4000000000000012,-3.830258577427176
4.08,4.037333333333334,4.1226666666666665,False,169.56576906952336,True,0.32333605839064083,-2.8999999999999977,0.024318023583547538,-32.28143449393903,4.075333333333333,-0.004666666666667041,167.33090433333268,True,0.95751516634269,2.234864736190673,0.22969242424109723,pyin_probability_below_0.5,-2.979245282101041,False,-3.4000000000000012,-3.924132191056964
4.09,4.0473333333333334,4.132666666666666,False,168.58914210463126,True,0.3233360583906409,-2.9999999999999964,0.0244198655006317,-32.24513464770342,4.085333333333334,-0.004666666666666153,166.92818719493448,True,0.9548625348417672,1.660954909696784,0.1714084449656691,pyin_probability_below_0.5,-3.020961302825609,False,-3.500000000000001,-3.9658482117815312
4.1,4.057333333333333,4.142666666666667,False,168.58914210463126,True,0.42606232904328145,-2.9999999999999964,0.025425927278883945,-31.894463989532888,4.0953333333333335,-0.004666666666666153,166.36702393067208,True,0.8876722618609874,2.2221181739591884,0.22970546428977393,pyin_probability_below_0.5,-3.0792583221497143,False,-3.500000000000001,-4.024145231105638
4.11,4.067333333333333,4.152666666666667,False,168.58914210463126,True,0.48498680771591135,-2.9999999999999964,0.026074145615088983,-31.67579826836917,4.105333333333333,-0.004666666666667041,172.58364432852954,True,0.8737364718637086,3.99450222389828,-0.40540949046323344,pyin_probability_below_0.5,-2.444143367396709,False,-3.500000000000001,-3.3890302763526314
4.12,4.077333333333334,4.1626666666666665,False,170.54805357686834,True,0.48498680771591135,-2.7999999999999976,0.027208231621773576,-31.30599367882072,4.115333333333333,-0.004666666666667041,172.77583528725867,True,0.9520164118647316,2.2277817103903317,-0.22467796784175992,pyin_probability_below_0.5,-2.424874890018183,False,-3.3000000000000007,-3.369761798974106
4.13,4.0873333333333335,4.172666666666666,False,173.52918104210445,True,0.4260623290432815,-2.499999999999999,0.029290608802925604,-30.665432028980952,4.125333333333333,-0.004666666666667041,171.0394293755989,True,0.9826980713143152,2.489751666505555,0.2501921385951811,pyin_probability_below_0.5,-2.5997449964551227,False,-3.0000000000000036,-3.5446319054110473
4.14,4.097333333333333,4.182666666666667,False,176.56241769755178,True,0.5485250542599845,-2.1999999999999975,0.032219958393491,-29.837500494654414,4.1353333333333335,-0.004666666666666153,172.84416833177195,True,0.9816012828619612,3.718249365779826,0.36847633493930376,,-2.418029192799244,True,-2.700000000000001,-3.362916101755166
4.15,4.107333333333333,4.192666666666667,False,179.64867439581087,True,0.48498680771591135,-1.9000000000000006,0.035479082900037366,-29.000552295746928,4.145333333333333,-0.004666666666667041,174.4085921514841,True,0.995373355594806,5.240082244326771,0.5124860929193955,pyin_probability_below_0.5,-2.262038950779342,False,-2.4000000000000026,-3.2069258597352635
4.16,4.117333333333334,4.2026666666666666,False,182.78887791090543,True,0.48498680771591135,-1.5999999999999979,0.03756024028675271,-28.50543276109139,4.155333333333333,-0.004666666666667041,176.10451686181264,True,0.9960501083262796,6.684361049092786,0.6449565233207674,pyin_probability_below_0.5,-2.0945093811807096,False,-2.1000000000000014,-3.039396290136631
4.17,4.1273333333333335,4.212666666666666,False,185.98397121658357,True,0.5485250542599845,-1.3000000000000005,0.03781538001478267,-28.446630618569728,4.165333333333333,-0.004666666666667041,178.4637729340529,True,0.986409408721949,7.520198282530657,0.7145645317050999,,-1.8641173895650436,False,-1.800000000000003,-2.809004298520966
4.18,4.137333333333333,4.222666666666667,False,190.3311404729313,True,0.24075439447557426,-0.8999999999999986,0.03807470884963019,-28.38726817900187,4.175333333333334,-0.004666666666666153,182.47175048150092,True,0.9841917695441414,7.85938999143039,0.7300619283303129,pyin_probability_below_0.5,-1.4796147861902547,False,-1.4000000000000004,-2.4245016951461773
4.19,4.147333333333333,4.232666666666667,False,199.33268480704808,True,0.07797523762294818,-0.09999999999999679,0.04254738748318133,-27.422542030728273,4.185333333333333,-0.004666666666667041,187.18504501331222,True,0.9827812093224098,12.147639793735863,1.0885573591546809,pyin_probability_below_0.5|pitch_difference_over_1_semitone,-1.0381102170146215,False,-0.6000000000000011,-1.9829971259705426
4.2,4.157333333333334,4.242666666666667,False,207.55758045272898,True,0.06608151270920702,0.6000000000000013,0.04362520843556537,-27.205249700506453,4.195333333333333,-0.004666666666667041,193.06901360248304,True,0.957696969374621,14.488566850245945,1.2527398095515947,pyin_probability_below_0.5|pitch_difference_over_1_semitone,-0.5022926674115356,False,0.10000000000000017,-1.447179576367458
4.21,4.167333333333334,4.252666666666666,False,214.87708272009507,True,0.05607139544589262,1.200000000000003,0.04436750773243246,-27.058699326706446,4.205333333333333,-0.004666666666667041,204.6065836010482,True,0.9340015182327505,10.270499119046889,0.8479086720181961,pyin_probability_below_0.5,0.5025384701218671,False,0.7000000000000017,-0.44234843883405656
4.22,4.177333333333333,4.262666666666667,False,219.8995964441766,True,0.06608151270920702,1.6000000000000023,0.043724950531062685,-27.185413463903345,4.215333333333334,-0.004666666666666153,217.41837743239472,True,0.9634623969775361,2.4812190117818886,0.1964527957642349,pyin_probability_below_0.5,1.553994346375823,False,1.099999999999998,0.6091074374198974
4.23,4.187333333333333,4.272666666666667,False,225.0395058615972,True,0.108579770728745,2.000000000000004,0.04255494668640528,-27.420998984799667,4.225333333333333,-0.004666666666667041,220.35026481516084,True,0.9216651673218725,4.689241046436365,0.36455591381770036,pyin_probability_below_0.5,1.78589122832236,False,1.5000000000000004,0.8410043193664368
4.24,4.197333333333333,4.282666666666667,False,232.97550689710764,True,0.2407543944755743,2.6000000000000005,0.040817601350673346,-27.78305040434133,4.235333333333333,-0.004666666666667041,229.8599285196103,True,0.9044651200052127,3.115578377497343,0.23307968357925096,pyin_probability_below_0.5,2.5173674585608072,False,2.0999999999999988,1.5724805496048857
4.25,4.207333333333334,4.292666666666666,False,234.3251202788159,True,0.32333605839064083,2.7000000000000033,0.03958153234598037,-28.05014793350619,4.245333333333333,-0.004666666666667041,237.7074388164241,True,0.9482734425148177,3.3823185376081994,-0.24810514116790977,pyin_probability_below_0.5,3.098552283307969,False,2.1999999999999993,2.153665374352045
4.26,4.217333333333333,4.302666666666667,False,235.68255189130872,True,0.3721358982975087,2.8000000000000034,0.039251359450143165,-28.12290594195605,4.255333333333334,-0.004666666666666153,241.95222328300235,True,0.954465877638286,6.269671391693635,-0.45452687421622673,pyin_probability_below_0.5,3.4049740163562854,False,2.3000000000000003,2.460087107400362
4.27,4.227333333333333,4.312666666666667,False,239.8022103323442,True,0.6159498854580681,3.1000000000000023,0.03593150262379473,-28.89049241205672,4.265333333333333,-0.004666666666666153,244.86446196153338,True,0.9701428626852973,5.062251629189177,-0.361661389376157,,3.612108531516217,True,2.6000000000000005,2.6672216225602945
4.28,4.237333333333333,4.322666666666667,False,241.19137040474044,True,0.7571601330199093,3.2,0.0312028674993056,-30.116109862002247,4.275333333333333,-0.004666666666667041,245.8952741490177,True,0.986261614686782,4.703903744277255,-0.33438861821315274,,3.68483576035321,True,2.6999999999999966,2.739948851397285
4.29,4.247333333333334,4.332666666666666,False,242.58857779956992,True,0.8266685594724995,3.3000000000000003,0.028215789928529886,-30.990155734531704,4.285333333333333,-0.004666666666667041,244.57747932921592,True,0.9857144949522301,1.9889015296460002,-0.1413593220794262,,3.591806464219485,True,2.799999999999997,2.646919555263561
4.3,4.257333333333333,4.342666666666666,False,242.58857779956992,True,0.6860828109301792,3.3000000000000003,0.025945075246707867,-31.718901308259383,4.295333333333334,-0.004666666666666153,242.6488736895741,True,0.9683523495843664,0.060295890004169905,-0.004302483166166897,,3.454749625306223,True,2.799999999999997,2.5098627163503022
4.31,4.267333333333333,4.352666666666667,False,239.8022103323442,True,0.615949885458068,3.1000000000000023,0.02249917515278507,-32.956668067248565,4.3053333333333335,-0.004666666666666153,237.42741103327901,True,0.9523590938200452,2.374799299065188,0.172301431372496,,3.0781457107675623,True,2.6000000000000005,2.1332588018116425
4.32,4.277333333333333,4.362666666666667,False,238.4210512332145,True,0.5485250542599845,3.0000000000000027,0.0196671004207473,-34.1251932938286,4.315333333333333,-0.004666666666667041,228.0544462442005,True,0.9392579325639967,10.366604989014007,0.7695999048259661,,2.3808472373140925,False,2.4999999999999987,1.4359603283581692
4.33,4.287333333333334,4.3726666666666665,False,234.3251202788159,True,0.4849868077159113,2.7000000000000033,0.016355709409803857,-35.72661228228529,4.325333333333333,-0.004666666666667041,220.78935777047892,True,0.9079811029419392,13.535762508336973,1.0300918626612132,pyin_probability_below_0.5|pitch_difference_over_1_semitone,1.8203552794788465,False,2.1999999999999993,0.875468370522926
4.34,4.2973333333333334,4.382666666666666,False,228.9731271349986,True,0.3233360583906408,2.3000000000000034,0.01341175138520919,-37.450290114456514,4.335333333333334,-0.004666666666666153,212.18937339947865,True,0.909799064899605,16.78375373551995,1.3179105970998857,pyin_probability_below_0.5|pitch_difference_over_1_semitone,1.13253654504017,False,1.800000000000001,0.18764963608425037
4.35,4.307333333333333,4.392666666666667,False,226.34314645699226,True,0.12793708630129036,2.100000000000002,0.013195240433999523,-37.591653839522166,4.3453333333333335,-0.004666666666666153,216.91059161159504,True,0.8637908431432617,9.43255484539722,0.7369334712794013,pyin_probability_below_0.5,1.5135136708606542,False,1.599999999999999,0.5686267619047315
4.36,4.317333333333333,4.402666666666667,False,234.3251202788159,True,0.12793708630129036,2.7000000000000033,0.01483561985363403,-36.573886070341494,4.355333333333333,-0.004666666666667041,219.73239268833944,True,0.7302175654094791,14.592727590476443,1.1131686891013284,pyin_probability_below_0.5|pitch_difference_over_1_semitone,1.7372784530387293,False,2.1999999999999993,0.7923915440828072
4.37,4.327333333333334,4.4126666666666665,False,261.5061646776419,True,0.013100262550513395,4.600000000000001,0.021825871230543074,-33.220568227989254,4.365333333333333,-0.004666666666667041,226.9276647258689,True,0.8267412285146613,34.57849995177298,2.455349496797442,pyin_probability_below_0.5|pitch_difference_over_1_semitone,2.295097645342617,False,4.099999999999998,1.3502107363866938
4.38,4.3373333333333335,4.422666666666666,False,266.0772119191614,True,0.06608151270920702,4.899999999999999,0.035788415261263765,-28.925150641602624,4.375333333333334,-0.004666666666666153,236.9682913661123,True,0.9116327257858866,29.108920553049103,2.0058111720608904,pyin_probability_below_0.5|pitch_difference_over_1_semitone,3.044635970079163,False,4.399999999999993,2.0997490611232412
4.39,4.347333333333333,4.432666666666667,False,264.5447199466984,True,0.06608151270920701,4.799999999999999,0.038077842446558985,-28.386553348660776,4.3853333333333335,-0.004666666666666153,239.23264046724492,True,0.957185535826148,25.3120794794535,1.7411685791463016,pyin_probability_below_0.5|pitch_difference_over_1_semitone,3.209278562993753,False,4.299999999999996,2.264391654037831
4.4,4.357333333333333,4.442666666666667,False,260.0,True,0.056071395445892624,4.500000000000003,0.041209223427059245,-27.70011139042099,4.395333333333333,-0.004666666666667041,246.39700976959037,True,0.9164708265796998,13.602990230409631,0.9303225048698112,pyin_probability_below_0.5,3.7201246372702457,False,3.9999999999999973,2.7752377283143224
4.41,4.367333333333334,4.4526666666666666,False,257.013645291753,True,0.047686993082531035,4.3000000000000025,0.04294930127911513,-27.340877941936746,4.405333333333333,-0.004666666666667041,265.0310400327385,True,0.8516434524556207,8.01739474098548,-0.5317965508240526,pyin_probability_below_0.5,4.982243692964111,False,3.799999999999997,4.037356784008188
4.42,4.3773333333333335,4.462666666666666,False,255.5333556217653,True,0.04069733156888106,4.200000000000005,0.04428445778780388,-27.074973367790214,4.415333333333333,-0.004666666666667041,266.79665792394377,True,0.8279209919986411,11.26330230217846,-0.746747654453771,pyin_probability_below_0.5,5.097194796593832,False,3.7000000000000015,4.152307887637908
4.43,4.387333333333333,4.472666666666667,False,254.06159179290393,True,0.03010686179419501,4.100000000000001,0.04517363705429238,-26.90229883565244,4.425333333333334,-0.004666666666666153,260.0512025475614,True,0.7320194427911231,5.989610754657463,-0.4034090333255447,pyin_probability_below_0.5,4.653856175465602,False,3.599999999999997,3.708969266509678
4.44,4.397333333333333,4.482666666666667,False,254.06159179290393,True,0.022944219124638603,4.100000000000001,0.045669775461884526,-26.807422472438155,4.435333333333333,-0.004666666666667041,247.56371336859917,True,0.9089697292763055,6.4978784243047585,0.4485410733826054,pyin_probability_below_0.5,3.801906068757451,False,3.599999999999997,2.857019159801528
4.45,4.407333333333334,4.492666666666667,False,252.59830469993753,True,0.0229442191246386,4.0000000000000036,0.045086718514117906,-26.919027444266227,4.445333333333333,-0.004666666666667041,244.7400405717153,True,0.9481758859901586,7.858264128222231,0.547137653525108,pyin_probability_below_0.5,3.6033094886149493,False,3.4999999999999982,2.658422579659027
4.46,4.417333333333334,4.502666666666666,False,246.828951447135,True,0.03489742801962527,3.600000000000003,0.03945819368671012,-28.077255994372877,4.455333333333333,-0.004666666666667041,240.97676133145362,True,0.9251851511646723,5.852190115681395,0.4154111619990223,pyin_probability_below_0.5,3.3350359801410376,False,3.0999999999999988,2.3901490711851148
4.47,4.427333333333333,4.512666666666667,False,242.58857779956992,True,0.15046460134333883,3.3000000000000003,0.031109247425912454,-30.14220989851172,4.465333333333334,-0.004666666666666153,237.04797482985836,True,0.9043165866341366,5.540602969711557,0.3999906660267335,pyin_probability_below_0.5,3.0504564761133235,False,2.799999999999997,2.105569567157401
4.48,4.437333333333333,4.522666666666667,False,239.8022103323442,True,0.10857977072874497,3.1000000000000023,0.027801993158809928,-31.11848135729073,4.475333333333333,-0.004666666666667041,230.92400478732625,True,0.9023349550336609,8.878205545017948,0.6531216725929503,pyin_probability_below_0.5,2.597325469547109,False,2.6000000000000005,1.652438560591188
4.49,4.447333333333333,4.532666666666667,False,237.04784702513638,True,0.108579770728745,2.9000000000000035,0.023292399520250733,-32.655715386262,4.485333333333333,-0.004666666666667041,225.326601880519,True,0.880679084874592,11.72124514461737,0.8779277142710824,pyin_probability_below_0.5,2.1725194278689757,False,2.399999999999998,1.2276325189130555
4.5,4.457333333333334,4.542666666666666,False,231.63366671648822,True,0.10857977072874497,2.500000000000002,0.02033820856996493,-33.833746065081804,4.495333333333333,-0.004666666666667041,218.5385142576172,True,0.7712986007961884,13.095152458871013,1.0074888034157439,pyin_probability_below_0.5|pitch_difference_over_1_semitone,1.6429583387243136,False,2.0000000000000004,0.6980714297683923
4.51,4.467333333333333,4.552666666666667,False,226.34314645699226,True,0.12793708630129036,2.100000000000002,0.017359110247812875,-35.209450772554504,4.505333333333334,-0.004666666666666153,210.91335965175924,True,0.7067852715383297,15.429786805233022,1.2223337062902329,pyin_probability_below_0.5|pitch_difference_over_1_semitone,1.028113435849824,False,1.599999999999999,0.08322652689390246
4.52,4.477333333333333,4.562666666666667,False,223.74337368352585,True,0.07797523762294818,1.900000000000004,0.013916111640758407,-37.12964191643832,4.515333333333333,-0.004666666666666153,209.5786799165672,True,0.5272453190962562,14.164693766958635,1.1322359419842347,pyin_probability_below_0.5|pitch_difference_over_1_semitone,0.9182112001558274,False,1.4000000000000004,-0.02667570880009639
4.53,4.487333333333333,4.572666666666667,False,214.87708272009507,True,0.026168028608935755,1.200000000000003,0.00955564797132629,-40.39479715945312,4.525333333333333,-0.004666666666667041,,False,0.0,,,pyin_probability_below_0.5|voicing_disagreement,,False,0.7000000000000017,
4.54,4.497333333333334,4.582666666666666,False,203.99186545315516,True,0.018187375734912182,0.2999999999999983,0.006858935361230318,-43.27486579847472,4.535333333333333,-0.004666666666667041,,False,0.0,,,pyin_probability_below_0.5|voicing_disagreement,,False,-0.20000000000000362,
4.55,4.507333333333333,4.592666666666666,False,,False,0.010000516696828787,,0.0034075780891829406,-49.3510836588744,4.545333333333334,-0.004666666666666153,,False,0.0,,,,,False,,
4.56,4.517333333333333,4.602666666666667,False,,False,0.010259050559778863,,0.0016200582274050464,-55.80938751919356,4.5553333333333335,-0.004666666666666153,,False,0.0,,,,,False,,
4.57,4.527333333333333,4.612666666666667,False,,False,0.010052967503347226,,0.0012331364782144309,-58.17977709816912,4.565333333333333,-0.004666666666667041,,False,0.0,,,,,False,,
4.58,4.537333333333334,4.6226666666666665,False,,False,0.010002815821851394,,0.0010278782124859246,-59.76116678811099,4.575333333333333,-0.004666666666667041,,False,0.0,,,,,False,,
4.59,4.5473333333333334,4.632666666666666,False,,False,0.010026715836455667,,0.0008979333680853132,-60.935117786620964,4.585333333333334,-0.004666666666666153,,False,0.0,,,,,False,,
4.6,4.557333333333333,4.642666666666667,False,,False,0.01,,0.0016945234827113926,-55.41904816661393,4.5953333333333335,-0.004666666666666153,,False,0.0,,,,,False,,
4.61,4.567333333333333,4.652666666666667,False,,False,0.01000419105279527,,0.007692780577672025,-42.27833309663768,4.605333333333333,-0.004666666666667041,,False,0.0,,,,,False,,
4.62,4.577333333333334,4.6626666666666665,False,,False,0.010006178555334078,,0.007801469763315102,-42.15647140781542,4.615333333333333,-0.004666666666667041,,False,0.0,,,,,False,,
4.63,4.5873333333333335,4.672666666666666,False,,False,0.01000419105279527,,0.00791744261403541,-42.028301514594524,4.625333333333334,-0.004666666666666153,,False,0.0,,,,,False,,
4.64,4.597333333333333,4.682666666666667,False,193.6580702059513,True,0.010000078102280324,-0.5999999999999971,0.009060541055407285,-40.85691734809345,4.6353333333333335,-0.004666666666666153,,False,0.0,,,pyin_probability_below_0.5|voicing_disagreement,,False,-1.0999999999999999,
4.65,4.607333333333333,4.692666666666667,False,191.43371755306833,True,0.010140046044704068,-0.7999999999999968,0.012604534818658364,-37.98946355416194,4.645333333333333,-0.004666666666667041,,False,0.0,,,pyin_probability_below_0.5|voicing_disagreement,,False,-1.3000000000000005,
4.66,4.617333333333334,4.7026666666666666,False,189.23491376948436,True,0.013100262550513397,-0.9999999999999974,0.01703252038091603,-35.37442165433043,4.655333333333333,-0.004666666666667041,,False,0.0,,,pyin_probability_below_0.5|voicing_disagreement,,False,-1.5000000000000004,
4.67,4.6273333333333335,4.712666666666666,False,185.98397121658357,True,0.03489742801962526,-1.3000000000000005,0.020989534433062805,-33.55994388713634,4.665333333333333,-0.004666666666667041,,False,0.0,,,pyin_probability_below_0.5|voicing_disagreement,,False,-1.800000000000003,
4.68,4.637333333333333,4.722666666666667,False,183.84776310850236,True,0.09203757081218103,-1.4999999999999982,0.02527074020010803,-31.947640741249987,4.675333333333334,-0.004666666666666153,189.0755062877088,True,0.763500861353544,5.227743179206442,-0.4854103053034051,pyin_probability_below_0.5,-0.864142552556538,False,-2.0000000000000004,-1.8090294615124605
4.69,4.647333333333333,4.732666666666667,False,181.73609144327253,True,0.37213589829750865,-1.699999999999997,0.028989238705186732,-30.755263792574286,4.685333333333333,-0.004666666666667041,184.88892382729992,True,0.9159009749411069,3.1528323840273913,-0.2977661155526152,pyin_probability_below_0.5,-1.2517867423073257,False,-2.200000000000002,-2.1966736512632483
4.7,4.657333333333334,4.742666666666667,False,181.73609144327253,True,0.5485250542599844,-1.699999999999997,0.032735401320831414,-29.69964660921013,4.695333333333333,-0.004666666666667041,181.3807627279579,True,0.973463423001035,0.3553287153146414,0.033882060821373614,,-1.5834349186813153,True,-2.200000000000002,-2.528321827637238
4.71,4.667333333333334,4.752666666666666,False,180.68936857950385,True,0.6860828109301792,-1.7999999999999945,0.036275956594108504,-28.807622528561197,4.705333333333333,-0.004666666666667041,180.15523415449752,True,0.9893850274137821,0.5341344250063287,0.05125266509298342,,-1.7008055229529226,True,-2.2999999999999976,-2.645692431908845
4.72,4.677333333333333,4.762666666666667,False,180.68936857950385,True,0.6860828109301792,-1.7999999999999945,0.03939101769292034,-28.09205597523117,4.715333333333334,-0.004666666666666153,180.53211051744557,True,0.993603906156888,0.15725806205827553,0.015073883723972337,,-1.6646267415839124,True,-2.2999999999999976,-2.6095136505398355
4.73,4.687333333333333,4.772666666666667,False,180.68936857950385,True,0.6860828109301792,-1.7999999999999945,0.04292683820186404,-27.345421970477464,4.725333333333333,-0.004666666666667041,180.3495223991141,True,0.9918591751465192,0.3398461803897419,0.032592247949296056,,-1.682145105809233,True,-2.2999999999999976,-2.627032014765155
4.74,4.697333333333333,4.782666666666667,False,180.68936857950385,True,0.8266685594724994,-1.7999999999999945,0.045858008929528175,-26.771696109300315,4.735333333333333,-0.004666666666667041,179.68980335054331,True,0.98864354753749,0.9995652289605346,0.0960369483617384,,-1.7455898062216768,True,-2.2999999999999976,-2.690476715177599
4.75,4.707333333333334,4.792666666666666,False,181.73609144327253,True,0.8266685594724994,-1.699999999999997,0.047651194812192384,-26.438524106667757,4.745333333333333,-0.004666666666667041,179.49981870501637,True,0.9893424000152714,2.2362727382561616,0.21435083593598636,,-1.7639036937959265,True,-2.200000000000002,-2.7087906027518502
4.76,4.717333333333333,4.802666666666667,False,181.73609144327253,True,0.8266685594724995,-1.699999999999997,0.048972834328730556,-26.200895204623823,4.755333333333334,-0.004666666666666153,180.54313784175582,True,0.9960838030392718,1.192953601516706,0.11401643769803943,,-1.6635692955579828,True,-2.200000000000002,-2.6084562045139044
4.77,4.727333333333333,4.812666666666667,False,182.78887791090543,True,0.8911444948731202,-1.5999999999999979,0.048981935408875986,-26.19928117443071,4.765333333333333,-0.004666666666666153,182.3568804579784,True,0.9889056585757384,0.4319974529270212,0.04096386341138652,,-1.4905167212713282,True,-2.1000000000000014,-2.435403630227251
4.78,4.737333333333333,4.822666666666667,False,183.84776310850236,True,0.945930209465909,-1.4999999999999982,0.047628122325506686,-26.442730792503998,4.775333333333333,-0.004666666666667041,183.00658614545833,True,0.9911843554596417,0.8411769630440347,0.07939263933221401,,-1.4289454971921547,True,-2.0000000000000004,-2.3738324061480762
4.79,4.747333333333334,4.832666666666666,False,184.9127823656466,True,0.9848789761259922,-1.3999999999999984,0.04508138623340784,-26.92005476100867,4.785333333333333,-0.004666666666667041,184.02072123576863,True,0.9970946916441447,0.892061129877959,0.08372075707527085,,-1.3332736149352145,True,-1.9000000000000006,-2.2781605238911364
4.8,4.757333333333333,4.842666666666666,False,185.98397121658357,True,0.9459302094659091,-1.3000000000000005,0.04301933437123515,-27.326726272804684,4.795333333333334,-0.004666666666666153,185.00240957650826,True,0.9885026187486995,0.9815616400753129,0.09161074291713683,,-1.2411636007770805,True,-1.800000000000003,-2.186050509733004
4.81,4.767333333333333,4.852666666666667,False,187.0613654014066,True,0.8266685594724995,-1.2000000000000002,0.04073275156116946,-27.801125033011225,4.8053333333333335,-0.004666666666666153,186.65175964390306,True,0.9844225068725664,0.40960575750352746,0.03795016393696791,,-1.0875030217969126,True,-1.7000000000000033,-2.032389930752834
4.82,4.777333333333333,4.862666666666667,False,189.23491376948436,True,0.6159498854580677,-0.9999999999999974,0.03838349001778637,-28.317110791824916,4.815333333333333,-0.004666666666667041,190.18194523530505,True,0.9751348512987184,0.947031465820686,-0.08642402070916799,,-0.7631288371507743,True,-1.5000000000000004,-1.708015746106697
4.83,4.787333333333334,4.8726666666666665,False,192.54268179725335,True,0.6860828109301791,-0.6999999999999982,0.036697891914924605,-28.70717765556372,4.825333333333333,-0.004666666666667041,195.41180433057258,True,0.9337888948881964,2.869122533319228,-0.2560719547186443,,-0.29348090314129816,True,-1.2000000000000022,-1.2383678120972204
4.84,4.7973333333333334,4.882666666666666,False,197.04315364635175,True,0.5485250542599845,-0.2999999999999981,0.0341144715088427,-29.341227045835495,4.835333333333334,-0.004666666666666153,198.97808834520157,True,0.9162143752678928,1.9349346988498155,-0.16917534387796668,,0.01962248601802431,True,-0.8000000000000008,-0.9252644229378981
4.85,4.807333333333333,4.892666666666667,False,202.8169587634771,True,0.4260623290432815,0.20000000000000068,0.03254269154106057,-29.750930605678647,4.8453333333333335,-0.004666666666666153,198.40000288204956,True,0.9662679852677197,4.416955881427526,0.38119491886028833,pyin_probability_below_0.5,-0.030747776720230185,False,-0.30000000000000204,-0.9756346856761544
4.86,4.817333333333333,4.902666666666667,False,203.99186545315516,True,0.48498680771591135,0.2999999999999983,0.03400356423046356,-29.369511162394033,4.855333333333333,-0.004666666666667041,198.41367922448043,True,0.9739421699765272,5.578186228674724,0.48000156536669003,pyin_probability_below_0.5,-0.029554423226636914,False,-0.20000000000000362,-0.9744413321825582
4.87,4.827333333333334,4.9126666666666665,False,203.99186545315516,True,0.6860828109301792,0.2999999999999983,0.03597022025479335,-28.881138057558886,4.865333333333333,-0.004666666666667041,201.06061388525262,True,0.9734797196587034,2.9312515679025353,0.2505735118103844,,0.19987363032967004,True,-0.20000000000000362,-0.74501327862625
4.88,4.8373333333333335,4.922666666666666,False,203.99186545315516,True,0.7571601330199095,0.2999999999999983,0.038057148952039606,-28.39127499926441,4.875333333333334,-0.004666666666666153,206.5735902048852,True,0.9683465357291315,2.581724751730036,-0.217730383632654,,0.6681775257727093,True,-0.20000000000000362,-0.2767093831832142
4.89,4.847333333333333,4.932666666666667,False,203.99186545315516,True,0.8911444948731204,0.2999999999999983,0.03858673897200512,-28.271238456199157,4.8853333333333335,-0.004666666666666153,206.35543900869524,True,0.9609625914038493,2.3635735555400856,-0.19943809672106022,,0.649885238861115,True,-0.20000000000000362,-0.2950016700948075
4.9,4.857333333333333,4.942666666666667,False,203.99186545315516,True,0.8911444948731203,0.2999999999999983,0.03723622210765464,-28.58068775737326,4.895333333333333,-0.004666666666667041,204.78380047705903,True,0.979356457336553,0.7919350239038749,-0.06707965799222847,,0.5175268001322839,True,-0.20000000000000362,-0.4273601088236399
4.91,4.867333333333334,4.9526666666666666,False,203.99186545315516,True,0.8266685594724997,0.2999999999999983,0.034624408122461675,-29.212352835861598,4.905333333333333,-0.004666666666667041,204.43767224987042,True,0.9908840765459723,0.44580679671526013,-0.03779335924754754,,0.4882405013876024,True,-0.20000000000000362,-0.456646407568321
4.92,4.8773333333333335,4.962666666666666,False,203.99186545315516,True,0.6860828109301793,0.2999999999999983,0.0331110619140883,-29.600537812905866,4.915333333333333,-0.004666666666667041,203.72362486492094,True,0.9889862394785257,0.2682405882342209,0.022779968763679243,,0.42766717337637683,True,-0.20000000000000362,-0.5172197355795475
4.93,4.887333333333333,4.972666666666667,False,202.8169587634771,True,0.7571601330199094,0.20000000000000068,0.03117393470972403,-30.124167570199837,4.925333333333334,-0.004666666666666153,200.793665760885,True,0.9665907132592201,2.0232930025920837,0.1735743742437117,,0.1768727678963436,True,-0.30000000000000204,-0.7680141410595778
4.94,4.897333333333333,4.982666666666667,False,201.6488190383855,True,0.6860828109301791,0.100000000000004,0.027535524741555004,-31.202132856005313,4.935333333333333,-0.004666666666667041,192.39820156643648,True,0.9112129972370283,9.250617471949028,0.8129957153195593,,-0.5625485731795004,False,-0.4000000000000008,-1.5074354821354237
4.95,4.907333333333334,4.992666666666667,False,198.18461302324906,True,0.48498680771591113,-0.1999999999999978,0.022950261307264273,-32.78424730610138,4.945333333333333,-0.004666666666667041,177.81427949490939,True,0.8991104143733746,20.37033352833967,1.8776852540978122,pyin_probability_below_0.5|pitch_difference_over_1_semitone,-1.9272381119577542,False,-0.7000000000000022,-2.8721250209136784
4.96,4.917333333333334,5.002666666666666,False,192.54268179725335,True,0.3721358982975086,-0.6999999999999982,0.018385110071002707,-34.71067531363314,4.955333333333333,-0.004666666666667041,177.49014188385158,True,0.9255991684706544,15.052539913401773,1.4092727149205562,pyin_probability_below_0.5|pitch_difference_over_1_semitone,-1.9588255727804995,False,-1.2000000000000022,-2.903712481736422
4.97,4.927333333333333,5.012666666666667,False,183.84776310850236,True,0.4849868077159113,-1.4999999999999982,0.014197746768282973,-36.95561148381488,4.965333333333334,-0.004666666666666153,183.11911102935088,True,0.9465420469992735,0.7286520791514874,0.06875110731198408,pyin_probability_below_0.5,-1.4183039651719263,False,-2.0000000000000004,-2.363190874127848
4.98,4.937333333333333,5.022666666666667,False,178.6139741695516,True,0.48498680771591135,-1.9999999999999962,0.011235892363994752,-38.98784859686209,4.975333333333333,-0.004666666666667041,179.3847493392409,True,0.9205174499518576,0.7707751696893013,-0.07454743227614613,pyin_probability_below_0.5,-1.775005425583795,False,-2.499999999999999,-2.7198923345397175
4.99,4.947333333333333,5.032666666666667,False,181.73609144327253,True,0.6159498854580678,-1.699999999999997,0.00970105509442184,-40.263620579074875,4.985333333333333,-0.004666666666667041,176.2779939593975,True,0.9015841286040704,5.4580974838750365,0.5279108713311409,,-2.0774637291910816,False,-2.200000000000002,-3.022350638147003
5.0,4.957333333333334,5.042666666666666,False,183.84776310850236,True,0.6159498854580678,-1.4999999999999982,0.008280346587572074,-41.63902969444769,4.995333333333333,-0.004666666666667041,189.12051923888242,True,0.9270315908180272,5.27275613038006,-0.48953134036611917,,-0.8600215174938236,True,-2.0000000000000004,-1.8049084264497446
5.01,4.967333333333333,5.052666666666667,False,180.68936857950385,True,0.3233360583906408,-1.7999999999999945,0.005908635016600617,-44.57025672155042,5.005333333333334,-0.004666666666666153,188.3916562078146,True,0.8914267548974308,7.702287628310756,-0.7226813606073336,pyin_probability_below_0.5,-0.9268714972526042,False,-2.2999999999999976,-1.8717584062085284
5.02,4.977333333333333,5.062666666666667,False,184.9127823656466,True,0.2796051653363589,-1.3999999999999984,0.00411498317119201,-47.71263873114063,5.015333333333333,-0.004666666666666153,188.91590701065044,True,0.7367697927363898,4.003124645003851,-0.37079072880781766,pyin_probability_below_0.5,-0.8787621290521244,False,-1.9000000000000006,-1.8236490380080457
5.03,4.987333333333333,5.072666666666667,False,191.43371755306833,True,0.3721358982975087,-0.7999999999999968,0.003255259854466543,-49.74828675416475,5.025333333333333,-0.004666666666667041,,False,0.0,,,pyin_probability_below_0.5|voicing_disagreement,,False,-1.3000000000000005,
5.04,4.997333333333334,5.082666666666666,False,189.23491376948436,True,0.2407543944755742,-0.9999999999999974,0.0025789770212018078,-51.7710505485535,5.035333333333333,-0.004666666666667041,,False,0.0,,,pyin_probability_below_0.5|voicing_disagreement,,False,-1.5000000000000004,
5.05,5.007333333333333,5.092666666666666,False,205.1735783080468,True,0.011422334167237806,0.4000000000000011,0.0014486365446908138,-56.7808112613838,5.045333333333334,-0.004666666666666153,,False,0.0,,,pyin_probability_below_0.5|voicing_disagreement,,False,-0.10000000000000067,
5.06,5.017333333333333,5.102666666666667,False,202.8169587634771,True,0.010467533615450829,0.20000000000000068,0.0005545849848486501,-65.12063785872795,5.0553333333333335,-0.004666666666666153,,False,0.0,,,pyin_probability_below_0.5|voicing_disagreement,,False,-0.30000000000000204,
5.07,5.027333333333333,5.112666666666667,False,198.18461302324906,True,0.010622609040911534,-0.1999999999999978,0.0005332077877194286,-65.46207032324025,5.065333333333333,-0.004666666666667041,,False,0.0,,,pyin_probability_below_0.5|voicing_disagreement,,False,-0.7000000000000022,
5.08,5.037333333333334,5.1226666666666665,False,200.48740730303228,True,0.010349055133273,0.0,0.000502207783561423,-65.98233121153083,5.075333333333333,-0.004666666666667041,,False,0.0,,,pyin_probability_below_0.5|voicing_disagreement,,False,-0.5000000000000041,
5.09,5.0473333333333334,5.132666666666666,False,203.99186545315516,True,0.010467533617069905,0.2999999999999983,0.0004857065727732116,-66.27252038885419,5.085333333333334,-0.004666666666666153,,False,0.0,,,pyin_probability_below_0.5|voicing_disagreement,,False,-0.20000000000000362,
5.1,5.057333333333333,5.142666666666667,False,,False,0.010013068846238975,,0.00045408419190018313,-66.85727233987193,5.0953333333333335,-0.004666666666666153,,False,0.0,,,,,False,,
5.11,5.067333333333333,5.152666666666667,False,,False,0.01000032860450166,,0.00038612475910417725,-68.26544699276792,5.105333333333333,-0.004666666666667041,,False,0.0,,,,,False,,
5.12,5.077333333333334,5.1626666666666665,False,,False,0.010000055823036088,,0.00036086430000150467,-68.85312160398799,5.115333333333333,-0.004666666666667041,,False,0.0,,,,,False,,
5.13,5.0873333333333335,5.172666666666666,False,,False,0.010000516719604526,,0.0003303889707386742,-69.61948918025847,5.125333333333334,-0.004666666666666153,,False,0.0,,,,,False,,
5.14,5.097333333333333,5.182666666666667,False,,False,0.01000419105279527,,0.0003302096459839636,-69.62420488818645,5.1353333333333335,-0.004666666666666153,,False,0.0,,,,,False,,
5.15,5.107333333333333,5.192666666666667,False,,False,0.01002672467381077,,0.00029746919633290503,-70.53115999738246,5.145333333333333,-0.004666666666667041,,False,0.0,,,,,False,,
5.16,5.117333333333334,5.2026666666666666,False,,False,0.010191075496968311,,0.0003152203797098476,-70.02771424310323,5.155333333333333,-0.004666666666667041,,False,0.0,,,,,False,,
5.17,5.1273333333333335,5.212666666666666,False,,False,0.010824463728234167,,0.0003271742332842927,-69.70441813321028,5.165333333333333,-0.004666666666667041,,False,0.0,,,,,False,,
5.18,5.137333333333333,5.222666666666667,False,,False,0.010824463728234167,,0.0002915398139399426,-70.70604255438057,5.175333333333334,-0.004666666666666153,,False,0.0,,,,,False,,
5.19,5.147333333333333,5.232666666666667,False,,False,0.010259050559778863,,0.0002939804528574937,-70.63363090865147,5.185333333333333,-0.004666666666667041,,False,0.0,,,,,False,,
5.2,5.157333333333334,5.242666666666667,False,,False,0.010467533617069905,,0.00028026182567237977,-71.04872106505019,5.195333333333333,-0.004666666666667041,,False,0.0,,,,,False,,
5.21,5.167333333333334,5.252666666666666,False,,False,0.010073751764282884,,0.0003041039958068208,-70.33955746719614,5.205333333333333,-0.004666666666667041,,False,0.0,,,,,False,,
5.22,5.177333333333333,5.262666666666667,False,,False,0.010052967545965857,,0.0003394052398027066,-69.38562914491395,5.215333333333334,-0.004666666666666153,,False,0.0,,,,,False,,
5.23,5.187333333333333,5.272666666666667,False,,False,0.010259050559778863,,0.0003446991800222225,-69.2511949939964,5.225333333333333,-0.004666666666667041,,False,0.0,,,,,False,,
5.24,5.197333333333333,5.282666666666667,False,,False,0.011422334250709074,,0.00036419622227195096,-68.7732912671951,5.235333333333333,-0.004666666666667041,,False,0.0,,,,,False,,
5.25,5.207333333333334,5.290666666666667,True,,False,0.012403124793551346,,0.0003493559654173874,-69.13463673127653,5.245333333333333,-0.004666666666667041,,False,0.0,,,edge_window,,False,,
5.26,5.217333333333333,5.290666666666667,True,,False,0.013100262550513395,,0.00035312942190808213,-69.04132193081081,5.255333333333334,-0.004666666666666153,,False,0.0,,,edge_window,,False,,
5.27,5.227333333333333,5.290666666666667,True,,False,0.013100262550513395,,0.0003625705542807014,-68.81214938995518,5.265333333333333,-0.004666666666666153,,False,0.0,,,edge_window,,False,,
5.28,5.237333333333333,5.290666666666667,True,,False,0.020317628556360583,,0.00038234895471474435,-68.3508018554008,,,,,,,,edge_window,,False,,
5.29,5.247333333333334,5.290666666666667,True,,False,0.047686993082531035,,0.000415045643232139,-67.63808281207851,,,,,,,,edge_window,,False,,
