timestamp_s,window_start_s,window_end_s,edge_padded,f0_hz,voiced,voicing_probability,relative_pitch_semitones,rms_amplitude,rms_dbfs,praat_timestamp_s,praat_time_offset_s,praat_f0_hz,praat_voiced,praat_strength,absolute_difference_hz,signed_difference_semitones,flags,praat_relative_semitones,agreement_screen_pass
0.0,0.0,0.042666666666666665,True,,False,0.01,,1.0789593218788873e-05,-99.3398985691138,,,,,,,,edge_window,,False
0.01,0.0,0.05266666666666667,True,,False,0.01,,9.711392629098268e-06,-100.25436974217934,,,,,,,,edge_window,,False
0.02,0.0,0.06266666666666666,True,,False,0.01,,8.902892547478916e-06,-101.00937736527192,0.02500000000000002,0.005000000000000018,,False,0.0,,,edge_window,,False
0.03,0.0,0.07266666666666667,True,,False,0.01,,8.267644793439898e-06,-101.65236380868116,0.02500000000000002,-0.00499999999999998,,False,0.0,,,edge_window,,False
0.04,0.0,0.08266666666666667,True,,False,0.01,,7.751472595226471e-06,-102.21231568089728,0.03500000000000002,-0.004999999999999984,,False,0.0,,,edge_window,,False
0.05,0.007333333333333333,0.09266666666666666,False,,False,0.010000000047726025,,7.62939453125e-06,-102.35019852575361,0.04500000000000002,-0.004999999999999984,,False,0.0,,,,,False
0.06,0.017333333333333333,0.10266666666666667,False,,False,0.01,,3.932099938981686e-06,-108.10750905180974,0.05500000000000002,-0.004999999999999977,,False,0.0,,,,,False
0.07,0.027333333333333334,0.11266666666666666,False,,False,0.0,,0.0,,0.06500000000000002,-0.0049999999999999906,,False,0.0,,,,,False
0.08,0.037333333333333336,0.12266666666666666,False,,False,0.0,,0.0,,0.07500000000000002,-0.004999999999999977,,False,0.0,,,,,False
0.09,0.04733333333333333,0.13266666666666665,False,,False,0.0,,0.0,,0.08500000000000002,-0.004999999999999977,,False,0.0,,,,,False
0.1,0.05733333333333333,0.14266666666666666,False,,False,0.0,,0.0,,0.09500000000000003,-0.004999999999999977,,False,0.0,,,,,False
0.11,0.06733333333333333,0.15266666666666667,False,,False,0.0,,0.0,,0.10500000000000002,-0.004999999999999977,,False,0.0,,,,,False
0.12,0.07733333333333334,0.16266666666666665,False,,False,0.0,,0.0,,0.11500000000000002,-0.004999999999999977,,False,0.0,,,,,False
0.13,0.08733333333333333,0.17266666666666666,False,,False,0.01,,8.556536886656934e-06,-101.3540394619138,0.12500000000000003,-0.004999999999999977,,False,0.0,,,,,False
0.14,0.09733333333333333,0.18266666666666667,False,,False,0.01,,1.4193416658532349e-05,-96.9582609600016,0.135,-0.0050000000000000044,,False,0.0,,,,,False
0.15,0.10733333333333334,0.19266666666666668,False,,False,0.01,,2.485049099120213e-05,-92.09330052278746,0.14500000000000002,-0.004999999999999977,,False,0.0,,,,,False
0.16,0.11733333333333333,0.20266666666666666,False,,False,0.01,,2.8242288389131255e-05,-90.98200233193208,0.15500000000000003,-0.004999999999999977,,False,0.0,,,,,False
0.17,0.12733333333333333,0.21266666666666667,False,,False,0.01,,2.912222191734785e-05,-90.71550986078522,0.16500000000000004,-0.004999999999999977,,False,0.0,,,,,False
0.18,0.13733333333333334,0.22266666666666668,False,,False,0.01,,2.912222191734785e-05,-90.71550986078522,0.17500000000000002,-0.004999999999999977,,False,0.0,,,,,False
0.19,0.14733333333333334,0.23266666666666666,False,,False,0.01,,4.202123229383142e-05,-87.5306243167718,0.18500000000000003,-0.004999999999999977,,False,0.0,,,,,False
0.2,0.15733333333333333,0.24266666666666667,False,,False,0.0100000000000754,,0.0005023193735977844,-65.98040143046394,0.19500000000000003,-0.004999999999999977,,False,0.0,,,,,False
0.21,0.16733333333333333,0.25266666666666665,False,,False,0.010467533617069905,,0.00277498595136152,-51.134784223882775,0.20500000000000002,-0.004999999999999977,,False,0.0,,,,,False
0.22,0.17733333333333334,0.26266666666666666,False,197.04315364635175,True,0.010073751764282882,0.5000000000000008,0.00691854862464574,-43.19970004848831,0.21500000000000002,-0.004999999999999977,,False,0.0,,,pyin_probability_below_0.5|voicing_disagreement,,False
0.23,0.18733333333333332,0.27266666666666667,False,200.48740730303228,True,0.016467587593113005,0.7999999999999965,0.012836325557632424,-37.831185535347544,0.22500000000000003,-0.004999999999999977,,False,0.0,,,pyin_probability_below_0.5|voicing_disagreement,,False
0.24,0.19733333333333333,0.2826666666666667,False,198.18461302324906,True,0.03489742801962526,0.6000000000000013,0.018529332074449643,-34.64280470764143,0.23500000000000001,-0.004999999999999977,,False,0.0,,,pyin_probability_below_0.5|voicing_disagreement,,False
0.25,0.20733333333333334,0.2926666666666667,False,194.7799199939686,True,0.020317628556360583,0.3000000000000021,0.025517527830779853,-31.863228057839763,0.24500000000000002,-0.004999999999999977,198.8890187948219,True,0.6096079294581236,4.109098800853303,-0.3614239998658013,pyin_probability_below_0.5,0.5938131035068744,False
0.26,0.21733333333333332,0.30266666666666664,False,192.54268179725335,True,0.01508558729750434,0.10000000000000017,0.03121771900244976,-30.11197665765627,0.255,-0.0050000000000000044,198.8121184052572,True,0.8402489000616115,6.2694366080038435,-0.5547288933143122,pyin_probability_below_0.5,0.587117996955387,False
0.27,0.22733333333333333,0.31266666666666665,False,190.3311404729313,True,0.018187375734912182,-0.10000000000000067,0.03664625895139057,-28.7194070778621,0.265,-0.0050000000000000044,199.13972258023605,True,0.8691227011359587,8.808582107304744,-0.7832328263056403,pyin_probability_below_0.5,0.6156219299467143,False
0.28,0.23733333333333334,0.32266666666666666,False,190.3311404729313,True,0.04069733156888106,-0.10000000000000067,0.04168183803306739,-27.60106276633071,0.275,-0.0050000000000000044,196.10400814391932,True,0.8417426888370482,5.772867670988006,-0.5172887955726493,pyin_probability_below_0.5,0.34967789921372455,False
0.29,0.24733333333333332,0.33266666666666667,False,190.3311404729313,True,0.092037570812181,-0.10000000000000067,0.046124787961913084,-26.721312346059406,0.28500000000000003,-0.004999999999999949,191.6220430786514,True,0.8758170182352327,1.2909026057200776,-0.11702287875419318,pyin_probability_below_0.5,-0.050588017604733394,False
0.3,0.25733333333333336,0.3426666666666667,False,190.3311404729313,True,0.15046460134333883,-0.10000000000000067,0.049760952892719236,-26.0622262351199,0.29500000000000004,-0.004999999999999949,188.77492189825333,True,0.9407014301799336,1.5562185746779846,0.14213403502799202,pyin_probability_below_0.5,-0.30974493138691866,False
0.31,0.2673333333333333,0.3526666666666667,False,190.3311404729313,True,0.3721358982975087,-0.10000000000000067,0.0527033880116361,-25.563229309615018,0.30500000000000005,-0.004999999999999949,188.06194676664728,True,0.9692599017222607,2.269193706284028,0.20764398903937628,pyin_probability_below_0.5,-0.3752548853983024,False
0.32,0.2773333333333333,0.3626666666666667,False,189.23491376948436,True,0.5485250542599847,-0.19999999999999973,0.05489967679517058,-25.208604246330445,0.315,-0.0050000000000000044,188.84429193246334,True,0.975790340091966,0.3906218370210297,0.035773354100667995,,-0.30338425045959194,True
0.33,0.28733333333333333,0.37266666666666665,False,189.23491376948436,True,0.6860828109301792,-0.19999999999999973,0.05611619188883957,-25.018236167619815,0.325,-0.0050000000000000044,189.7297745481448,True,0.9834060741002384,0.4948607786604384,-0.04521372797663212,,-0.22239716838229293,True
0.34,0.29733333333333334,0.38266666666666665,False,189.23491376948436,True,0.7571601330199094,-0.19999999999999973,0.056510876129375436,-24.957359189308853,0.335,-0.0050000000000000044,190.53006334826682,True,0.9836492297410181,1.295149578782457,-0.11808438784413251,,-0.14952650851479155,True
0.35,0.30733333333333335,0.39266666666666666,False,189.23491376948436,True,0.7571601330199093,-0.19999999999999973,0.05678810161037523,-24.914852985168277,0.34500000000000003,-0.004999999999999949,190.63788954049724,True,0.9851259351450464,1.4029757710128763,-0.12787914519113203,,-0.13973175116779268,True
0.36,0.31733333333333336,0.4026666666666667,False,189.23491376948436,True,0.7571601330199094,-0.19999999999999973,0.0559296374111854,-25.04715992340529,0.35500000000000004,-0.004999999999999949,189.7933758367649,True,0.9815755992908769,0.5584620672805443,-0.051016204971394266,,-0.21659469138753168,True
0.37,0.3273333333333333,0.4126666666666667,False,189.23491376948436,True,0.7571601330199094,-0.19999999999999973,0.05525075108308563,-25.153236275382863,0.36500000000000005,-0.004999999999999949,189.06444926494743,True,0.983628773595692,0.1704645045369375,0.015602139639806098,,-0.28321303599873215,True
0.38,0.3373333333333333,0.4226666666666667,False,189.23491376948436,True,0.7571601330199094,-0.19999999999999973,0.05385325374578087,-25.37576104095085,0.37500000000000006,-0.004999999999999949,188.72585274284825,True,0.9857988905777914,0.5090610266361182,0.04663469827327513,,-0.3142455946322024,True
0.39,0.3473333333333333,0.43266666666666664,False,188.14500086724917,True,0.7571601330199093,-0.2999999999999981,0.05237659429770038,-25.61725488560863,0.385,-0.0050000000000000044,188.21877579513327,True,0.9903743774000394,0.07377492788410223,-0.006787139287894109,,-0.3608237570710322,True
0.4,0.35733333333333334,0.44266666666666665,False,188.14500086724917,True,0.7571601330199093,-0.2999999999999981,0.05084953848566674,-25.87425968827127,0.395,-0.0050000000000000044,187.67241751605536,True,0.9889742517863804,0.4725833511938049,0.04353990953190454,,-0.41115080589083053,True
0.41,0.36733333333333335,0.45266666666666666,False,187.0613654014066,True,0.6860828109301793,-0.4000000000000008,0.04860638529683437,-26.26613349663684,0.405,-0.004999999999999949,186.82449519035143,True,0.9782279387786581,0.23687021105516237,0.021935990240624224,,-0.4895468865995511,True
0.42,0.37733333333333335,0.46266666666666667,False,187.0613654014066,True,0.6860828109301794,-0.4000000000000008,0.04643018043857151,-26.663992571206492,0.41500000000000004,-0.004999999999999949,186.29898414449372,True,0.9743850015855229,0.7623812569128745,0.07070178857239783,,-0.5383126849313271,True
0.43,0.3873333333333333,0.4726666666666667,False,185.98397121658357,True,0.6860828109301792,-0.5000000000000021,0.044013015389743934,-27.12837752659819,0.42500000000000004,-0.004999999999999949,185.90949361192557,True,0.9743173840705847,0.07447760465800002,0.006934145339719477,,-0.5745450416986466,True
0.44,0.3973333333333333,0.4826666666666667,False,184.9127823656466,True,0.7571601330199094,-0.6000000000000011,0.04191383391624967,-27.552852236667498,0.43500000000000005,-0.004999999999999949,184.7793711493965,True,0.9629201814497852,0.13341121625009578,0.012495047456625764,,-0.6801059438155539,True
0.45,0.4073333333333333,0.49266666666666664,False,184.9127823656466,True,0.8266685594724996,-0.6000000000000011,0.03905672592043746,-28.166083318395128,0.445,-0.0050000000000000044,183.43003732312823,True,0.9660309751730332,1.48274504251836,0.13938062217721958,,-0.8069915185361451,True
0.46,0.41733333333333333,0.5026666666666667,False,183.84776310850236,True,0.8266685594724996,-0.7000000000000002,0.03647590106711604,-28.759879417810012,0.455,-0.0050000000000000044,182.8275228393106,True,0.9810566240422871,1.0202402691917598,0.09634023988034113,,-0.8639511362392673,True
0.47,0.42733333333333334,0.5126666666666667,False,182.78887791090543,True,0.8911444948731203,-0.8000000000000008,0.03444847404630613,-29.25660022284651,0.465,-0.004999999999999949,182.43838404241382,True,0.985445789601182,0.35049386849161124,0.03322791963280275,,-0.90083881599173,True
0.48,0.43733333333333335,0.5226666666666666,False,182.78887791090543,True,0.8266685594724995,-0.8000000000000008,0.03266693801334475,-29.717831431231797,0.47500000000000003,-0.004999999999999949,181.84837204359863,True,0.9852166711953465,0.940505867306797,0.08930735363941106,,-0.9569182499983361,True
0.49,0.44733333333333336,0.5326666666666666,False,182.78887791090543,True,0.8266685594724995,-0.8000000000000008,0.031133065299673947,-30.13556234883227,0.48500000000000004,-0.004999999999999949,180.77694596966998,True,0.98919632762049,2.0119319412354457,0.191611004586148,,-1.0592219009450718,True
0.5,0.4573333333333333,0.5426666666666666,False,182.78887791090543,True,0.6860828109301792,-0.8000000000000008,0.030187068583599444,-30.4035811709916,0.49500000000000005,-0.004999999999999949,179.9083147390347,True,0.9973410283649136,2.880563171870733,0.27499710508136216,,-1.1426080014402862,True
0.51,0.4673333333333333,0.5526666666666666,False,184.9127823656466,True,0.615949885458068,-0.6000000000000011,0.030472583943078675,-30.321814358512885,0.505,-0.0050000000000000044,181.62649385118735,True,0.9994153711436211,3.286288514459244,0.3104435127085903,,-0.978054409067515,True
0.52,0.47733333333333333,0.5626666666666666,False,188.14500086724917,True,0.5485250542599845,-0.2999999999999981,0.030476058984084526,-30.320823891088256,0.515,-0.0050000000000000044,183.35970580492207,True,0.9988190584961406,4.785295062327094,0.44601986565741936,,-0.8136307620163443,True
0.53,0.48733333333333334,0.5726666666666667,False,190.3311404729313,True,0.6159498854580681,-0.10000000000000067,0.03107205971088942,-30.15259914383206,0.525,-0.0050000000000000044,185.21885990762073,True,0.9935342518693582,5.112280565310584,0.4713673773011249,,-0.6389782736600501,True
0.54,0.49733333333333335,0.5826666666666667,False,191.43371755306833,True,0.615949885458068,0.0,0.03232319459745012,-29.809714463220075,0.535,-0.0050000000000000044,187.6213160685505,True,0.9866180182814452,3.812401484517835,0.34825454015356333,,-0.41586543651249025,True
0.55,0.5073333333333333,0.5926666666666667,False,192.54268179725335,True,0.6860828109301794,0.10000000000000017,0.033592230998031394,-29.4752230384041,0.545,-0.0050000000000000044,190.0110931598963,True,0.9791075897631442,2.5315886373570606,0.2291357039749362,,-0.19674660033386132,True
0.56,0.5173333333333333,0.6026666666666667,False,192.54268179725335,True,0.7571601330199093,0.10000000000000017,0.03446611018736498,-29.25215455782724,0.555,-0.0050000000000000044,192.18279661114394,True,0.9824619346726481,0.359885186109409,0.03238910364107176,,0.0,True
0.57,0.5273333333333333,0.6126666666666667,False,193.6580702059513,True,0.7571601330199093,0.20000000000000068,0.03512175367064708,-29.088476147761323,0.5650000000000001,-0.004999999999999893,193.5673911250983,True,0.9868504348933314,0.09067908085299337,0.008108284751773023,,0.1242808188893022,True
0.58,0.5373333333333333,0.6226666666666667,False,194.7799199939686,True,0.6860828109301793,0.3000000000000021,0.0352510998781501,-29.056546558666227,0.5750000000000001,-0.004999999999999893,194.08481210003092,True,0.9884574819211375,0.6951078939376885,0.06189276816156582,,0.17049633547950743,True
0.59,0.5473333333333333,0.6326666666666667,False,197.04315364635175,True,0.6860828109301792,0.5000000000000008,0.0347292579255992,-29.18608992679399,0.5850000000000001,-0.004999999999999893,194.45619450869717,True,0.9904820968913147,2.5869591376545884,0.22879715889628838,,0.20359194474478629,True
0.6,0.5573333333333333,0.6426666666666667,False,198.18461302324906,True,0.6159498854580681,0.6000000000000013,0.03438782555664896,-29.271905700544266,0.5950000000000001,-0.004999999999999893,195.73882092073373,True,0.9903082232898603,2.445792102515327,0.2149805068727768,,0.31740859676829625,True
0.61,0.5673333333333334,0.6526666666666666,False,199.33268480704808,True,0.4849868077159113,0.7000000000000017,0.03428967362622405,-29.296732970786266,0.605,-0.0050000000000000044,197.90542015323564,True,0.9874886001500338,1.4272646538124434,0.12440598057958349,pyin_probability_below_0.5,0.5079831230614904,False
0.62,0.5773333333333334,0.6626666666666666,False,201.6488190383855,True,0.32333605839064083,0.9000000000000021,0.034282721520192856,-29.2984941817172,0.615,-0.0050000000000000044,200.23565617628424,True,0.9880662096108052,1.4131628621012737,0.12175268755800277,pyin_probability_below_0.5,0.7106364160830718,False
0.63,0.5873333333333334,0.6726666666666666,False,203.99186545315516,True,0.32333605839064083,1.099999999999998,0.03418797920998022,-29.322531376224514,0.625,-0.0050000000000000044,202.16333270528182,True,0.988423965784655,1.8285327478733393,0.15588324635516834,pyin_probability_below_0.5,0.8765058572859021,False
0.64,0.5973333333333334,0.6826666666666666,False,206.36213675586595,True,0.27960516533635893,1.2999999999999994,0.03441510431180185,-29.2650181953293,0.635,-0.0050000000000000044,204.11401278750208,True,0.9878067131481666,2.2481239683638705,0.18963672704494244,pyin_probability_below_0.5,1.0427523765961322,False
0.65,0.6073333333333333,0.6926666666666667,False,209.96928336801093,True,0.20650679911775227,1.599999999999999,0.034421150805344816,-29.263492279206844,0.645,-0.0050000000000000044,206.454369993978,True,0.9852679984481831,3.5149133740329432,0.29226400483888504,pyin_probability_below_0.5,1.2401250988021877,False
0.66,0.6173333333333333,0.7026666666666667,False,212.40900892134297,True,0.17653060863289757,1.7999999999999972,0.034277465627537584,-29.29982591972848,0.655,-0.0050000000000000044,209.2831561076524,True,0.9819635218019661,3.125852813690585,0.25666504586498506,pyin_probability_below_0.5,1.4757240577760888,False
0.67,0.6273333333333333,0.7126666666666667,False,214.87708272009507,True,0.15046460134333883,2.0000000000000004,0.03412693907537251,-29.338053257157593,0.665,-0.0050000000000000044,211.90343803133624,True,0.9825240315083841,2.9736446887588386,0.24125553984956624,pyin_probability_below_0.5,1.691133563791509,False
0.68,0.6373333333333333,0.7226666666666667,False,217.37383415501247,True,0.10857977072874497,2.200000000000003,0.03363380741397829,-29.46447933804531,0.675,-0.0050000000000000044,215.02610492967946,True,0.9763527633109189,2.347729225333012,0.1879976543070757,pyin_probability_below_0.5,1.9443914493339998,False
0.69,0.6473333333333333,0.7326666666666667,False,218.63306796596578,True,0.12793708630129036,2.3000000000000003,0.03266979313298834,-29.717072309870556,0.685,-0.004999999999999893,218.1994710945651,True,0.9725318126178014,0.43359687140068104,0.03436822336900085,pyin_probability_below_0.5,2.1980208802720753,False
0.7,0.6573333333333333,0.7426666666666667,False,221.17346184722248,True,0.12793708630129036,2.4999999999999987,0.031410048293879174,-30.058627917207165,0.6950000000000001,-0.004999999999999893,221.57259430371178,True,0.9689339567319318,0.39913245648929774,-0.031213914899954228,pyin_probability_below_0.5,2.463603018541026,False
0.71,0.6673333333333333,0.7526666666666667,False,223.74337368352585,True,0.1504646013433388,2.7000000000000033,0.029930271711163976,-30.477786811125632,0.7050000000000001,-0.004999999999999893,225.29326046547592,True,0.9717373601469554,1.5498867819500788,-0.11951040162680662,pyin_probability_below_0.5,2.7518995052678816,False
0.72,0.6773333333333333,0.7626666666666667,False,226.34314645699226,True,0.17653060863289757,2.899999999999997,0.028020055585519177,-31.050620150126722,0.7150000000000001,-0.004999999999999893,229.08472988366677,True,0.9761402602852662,2.7415834266745094,-0.20843607327443234,pyin_probability_below_0.5,3.040825176915504,False
0.73,0.6873333333333334,0.7726666666666666,False,228.9731271349986,True,0.2796051653363589,3.0999999999999988,0.025452086899416485,-31.885532052993625,0.7250000000000001,-0.004999999999999893,232.85418146215358,True,0.9785715975680153,3.8810543271549705,-0.29098199475007613,pyin_probability_below_0.5,3.323371098391151,False
0.74,0.6973333333333334,0.7826666666666666,False,232.97550689710764,True,0.4260623290432814,3.4000000000000004,0.022896304090728088,-32.80469231175567,0.735,-0.0050000000000000044,236.26879257869857,True,0.9849913218216831,3.2932856815909304,-0.24300953362447814,pyin_probability_below_0.5,3.575398637265552,False
0.75,0.7073333333333334,0.7926666666666666,False,234.3251202788159,True,0.6159498854580681,3.500000000000001,0.020318872142977226,-33.842008049490325,0.745,-0.0050000000000000044,238.89080257156465,True,0.9818292691683814,4.565682292748761,-0.33407624460307306,,3.76646534824415,True
0.76,0.7173333333333334,0.8026666666666666,False,237.04784702513638,True,0.7571601330199093,3.699999999999999,0.017299232417360543,-35.239463329678756,0.755,-0.0050000000000000044,242.19272215603232,True,0.9774563210844222,5.14487513089594,-0.37172667671013215,,4.004115780351206,True
0.77,0.7273333333333334,0.8126666666666666,False,239.8022103323442,True,0.8911444948731202,3.9000000000000004,0.014453299604937716,-36.800659893260615,0.765,-0.0050000000000000044,243.77959900882556,True,0.9723317728693688,3.977388676481354,-0.284789288877402,,4.117178392518478,True
0.78,0.7373333333333333,0.8226666666666667,False,241.19137040474044,True,0.8266685594724996,3.9999999999999973,0.012063239154000071,-38.37072124387514,0.775,-0.0050000000000000044,241.0669603431128,True,0.9279198682882637,0.12441006162762847,0.008932264132387189,,3.9234568395086864,True
0.79,0.7473333333333333,0.8326666666666667,False,242.58857779956992,True,0.7571601330199093,4.099999999999998,0.009326130202366311,-40.605970512834276,0.785,-0.0050000000000000044,233.48638950179844,True,0.8977085065021713,9.102188297771477,0.6620780294901568,,3.3703110741509175,False
0.8,0.7573333333333333,0.8426666666666667,False,241.19137040474044,True,0.5485250542599845,3.9999999999999973,0.006666410903434558,-43.52215841718702,0.795,-0.0050000000000000044,229.16054295774063,True,0.8516974950332028,12.030827446999808,0.8858355456956981,,3.046553557945374,False
0.81,0.7673333333333333,0.8526666666666667,False,237.04784702513638,True,0.32333605839064083,3.699999999999999,0.004320364224409787,-47.28959277674102,0.805,-0.0050000000000000044,,False,0.0,,,pyin_probability_below_0.5|voicing_disagreement,,False
0.82,0.7773333333333333,0.8626666666666667,False,230.29955496661373,True,0.42606232904328145,3.1999999999999966,0.0026459872217173912,-51.54824514969013,0.8150000000000001,-0.004999999999999893,,False,0.0,,,pyin_probability_below_0.5|voicing_disagreement,,False
0.83,0.7873333333333333,0.8726666666666667,False,228.9731271349986,True,0.020317628556360583,3.0999999999999988,0.0014351144486238377,-56.86226926189164,0.8250000000000001,-0.004999999999999893,,False,0.0,,,pyin_probability_below_0.5|voicing_disagreement,,False
0.84,0.7973333333333333,0.8826666666666667,False,242.58857779956992,True,0.01,4.099999999999998,0.0005220267210519232,-65.64614532277515,0.8350000000000001,-0.004999999999999893,,False,0.0,,,pyin_probability_below_0.5|voicing_disagreement,,False
0.85,0.8073333333333333,0.8926666666666667,False,,False,0.01,,0.0004144408976697084,-67.65074788591885,0.8450000000000001,-0.004999999999999893,,False,0.0,,,,,False
0.86,0.8173333333333334,0.9026666666666666,False,,False,0.01,,0.0003924407472116902,-68.12451812112958,0.8550000000000001,-0.004999999999999893,,False,0.0,,,,,False
0.87,0.8273333333333334,0.9126666666666666,False,,False,0.01,,0.0003854755833853261,-68.2800625124083,0.865,-0.0050000000000000044,,False,0.0,,,,,False
0.88,0.8373333333333334,0.9226666666666666,False,,False,0.010000000009505967,,0.004159272458061555,-47.619652594591095,0.875,-0.0050000000000000044,,False,0.0,,,,,False
0.89,0.8473333333333334,0.9326666666666666,False,230.29955496661373,True,0.010349055133375844,3.1999999999999966,0.009570494128036127,-40.38131277729597,0.885,-0.0050000000000000044,,False,0.0,,,pyin_probability_below_0.5|voicing_disagreement,,False
0.9,0.8573333333333333,0.9426666666666667,False,222.45470667747657,True,0.018187375734912182,2.6000000000000005,0.014029098275678905,-37.05940484954275,0.895,-0.0050000000000000044,,False,0.0,,,pyin_probability_below_0.5|voicing_disagreement,,False
0.91,0.8673333333333333,0.9526666666666667,False,216.12185299712482,True,0.011853505394683413,2.0999999999999988,0.018120832740744348,-34.83643696497209,0.905,-0.0050000000000000044,,False,0.0,,,pyin_probability_below_0.5|voicing_disagreement,,False
0.92,0.8773333333333333,0.9626666666666667,False,212.40900892134297,True,0.010622609040911533,1.7999999999999972,0.02137580302492549,-33.40155122299635,0.915,-0.0050000000000000044,231.67723875346144,True,0.5462501773298105,19.268229832118465,-1.503256275357522,pyin_probability_below_0.5|pitch_difference_over_1_semitone,3.2356453789985955,False
0.93,0.8873333333333333,0.9726666666666667,False,208.75994928447787,True,0.010824463728234165,1.499999999999997,0.024162420365688022,-32.337191286106304,0.925,-0.0050000000000000044,225.1759643580687,True,0.7422844233999228,16.41601507359084,-1.3104946017290338,pyin_probability_below_0.5|pitch_difference_over_1_semitone,2.742883705370107,False
0.94,0.8973333333333333,0.9826666666666667,False,206.36213675586595,True,0.010824463728234169,1.2999999999999994,0.0264797205026131,-31.54173206501945,0.935,-0.004999999999999893,218.04687841897453,True,0.8257399128436662,11.684741663108582,-0.9535205625571597,pyin_probability_below_0.5,2.185909666198236,False
0.95,0.9073333333333333,0.9926666666666667,False,203.99186545315516,True,0.011422334250709074,1.099999999999998,0.02850469892929682,-30.901670834319997,0.9450000000000001,-0.004999999999999893,209.35884501252724,True,0.8182905783659671,5.3669795593720835,-0.44959496676313493,pyin_probability_below_0.5,1.4819840704042058,False
0.96,0.9173333333333333,1.0026666666666666,False,202.8169587634771,True,0.013100262550513393,0.9999999999999971,0.030522942838905522,-30.307471932636428,0.9550000000000001,-0.004999999999999893,202.9128871732268,True,0.9327117611137525,0.0959284097497175,-0.008186458747824806,pyin_probability_below_0.5,0.940575562388898,False
0.97,0.9273333333333333,1.0126666666666666,False,201.6488190383855,True,0.047686993082531035,0.9000000000000021,0.0319535509181516,-29.90961745529569,0.9650000000000001,-0.004999999999999893,199.572459247831,True,0.9745072615628585,2.0763597905545055,0.17918774765588558,pyin_probability_below_0.5,0.6532013559851888,False
0.98,0.9373333333333334,1.0226666666666666,False,199.33268480704808,True,0.32333605839064083,0.7000000000000017,0.032634028392822596,-29.72658625897228,0.9750000000000001,-0.004999999999999893,197.4152259574534,True,0.984276201332002,1.9174588495946807,0.16734030873539785,pyin_probability_below_0.5,0.4650487949056752,False
0.99,0.9473333333333334,1.0326666666666666,False,198.18461302324906,True,0.6860828109301793,0.6000000000000013,0.033109957256242876,-29.600827598120716,0.985,-0.0050000000000000044,196.57574587689209,True,0.9932393135083812,1.608867146356971,0.14111553721662976,,0.39127356642444155,True
1.0,0.9573333333333334,1.0426666666666666,False,198.18461302324906,True,0.8266685594724996,0.6000000000000013,0.03325488598700467,-29.56289073575741,1.005,0.004999999999999893,197.14884613887583,True,0.9910301368578773,1.0357668843732313,0.09071627804354505,,0.4416728255975275,True
1.01,0.9673333333333334,1.0526666666666666,False,198.18461302324906,True,0.8266685594724996,0.6000000000000013,0.0333006942277604,-29.550934251109165,1.015,0.004999999999999893,198.0789765835944,True,0.9892621452183687,0.10563643965465985,0.009230290659102774,,0.52315881298197,True
1.02,0.9773333333333334,1.0626666666666666,False,198.18461302324906,True,0.8266685594724996,0.6000000000000013,0.03308414986716601,-29.607600410821643,1.025,0.004999999999999893,199.00273111290127,True,0.9904858619393175,0.8181180896522164,-0.07131928632311171,,0.6037083899641833,True
1.03,0.9873333333333333,1.0726666666666667,False,198.18461302324906,True,0.7571601330199093,0.6000000000000013,0.033226638971724815,-29.57027174791807,1.035,0.004999999999999893,199.16914348648643,True,0.9908741982126059,0.9845304632373768,-0.08579036288526379,,0.6181794665263382,True
1.04,0.9973333333333333,1.0826666666666667,False,198.18461302324906,True,0.7571601330199093,0.6000000000000013,0.03397499003990584,-29.376813238260837,1.045,0.004999999999999893,198.8578865398139,True,0.9816937850777859,0.6732735165648478,-0.05871387343709682,,0.5911029770781706,True
1.05,1.0073333333333334,1.0926666666666667,False,198.18461302324906,True,0.7571601330199095,0.6000000000000013,0.03462433569319249,-29.212371005509276,1.055,0.004999999999999893,196.6803294943191,True,0.9644390942967083,1.5042835289299603,0.13190735277539822,,0.4004817508656776,True
1.06,1.0173333333333334,1.1026666666666667,False,198.18461302324906,True,0.7571601330199095,0.6000000000000013,0.03521110974277171,-29.066405742522953,1.065,0.004999999999999893,195.1402633655614,True,0.9772758678708213,3.044349657687661,0.2680017132492138,,0.2643873903918587,True
1.07,1.0273333333333334,1.1126666666666667,False,198.18461302324906,True,0.7571601330199095,0.6000000000000013,0.03593221589664403,-28.890319990997003,1.075,0.004999999999999893,196.10617596394837,True,0.990184612604108,2.0784370593006827,0.1825198272526296,,0.3498692763884447,True
1.08,1.0373333333333334,1.1226666666666667,False,197.04315364635175,True,0.8266685594724995,0.5000000000000008,0.03672968491927604,-28.69965594352521,1.085,0.004999999999999893,195.70809050419456,True,0.9980766080191522,1.3350631421571961,0.11769870655764701,,0.3146903970834276,True
1.09,1.0473333333333332,1.1326666666666667,False,197.04315364635175,True,0.8266685594724995,0.5000000000000008,0.037600723490213754,-28.496075971242192,1.095,0.004999999999999893,195.60863413415498,True,0.9998288346248214,1.434519512196772,0.12649885472793773,,0.3058902489131341,True
1.1,1.0573333333333332,1.1426666666666667,False,197.04315364635175,True,0.8911444948731204,0.5000000000000008,0.03857194127487786,-28.274570062320706,1.105,0.004999999999999893,196.214110273417,True,0.9988267418531299,0.8290433729347626,0.07299395959377629,,0.3593951440472979,True
1.11,1.0673333333333332,1.1526666666666667,False,197.04315364635175,True,0.8911444948731204,0.5000000000000008,0.03982873447167965,-27.99606985509131,1.115,0.004999999999999893,196.88910190660167,True,0.9983619834968643,0.1540517397500878,0.013540380459291915,,0.4188487231817819,True
1.12,1.0773333333333333,1.1626666666666667,False,197.04315364635175,True,0.8911444948731204,0.5000000000000008,0.04042291580767992,-27.867447258515647,1.125,0.004999999999999893,197.34776571106505,True,0.9992257656655812,0.3046120647132966,-0.02674274975247385,,0.45913185339354634,True
1.13,1.0873333333333333,1.1726666666666667,False,198.18461302324906,True,0.8911444948731203,0.6000000000000013,0.0405247137499725,-27.845600882949316,1.125,-0.004999999999999893,197.34776571106505,True,0.9992257656655812,0.8368473121840054,0.07325725024752609,,0.45913185339354634,True
1.14,1.0973333333333333,1.1826666666666668,False,200.48740730303228,True,0.8266685594724995,0.7999999999999965,0.0406420310860488,-27.820491926184673,1.135,-0.004999999999999893,197.70507765338795,True,0.9995610448223149,2.782329649644339,0.24194038822467726,,0.4904487154163941,True
1.15,1.1073333333333333,1.1926666666666668,False,202.8169587634771,True,0.8266685594724997,0.9999999999999971,0.040515627819480406,-27.84754853984009,1.145,-0.004999999999999893,198.02706725153365,True,0.999462098806672,4.789891511943438,0.4137678232234725,,0.518621280417598,True
1.16,1.1173333333333333,1.2026666666666668,False,203.99186545315516,True,0.7571601330199095,1.099999999999998,0.04046472911850227,-27.85846725085474,1.155,-0.004999999999999893,200.24196376342798,True,0.9806769239545052,3.7499016897271815,0.3212073432447139,,0.7111817603963584,True
1.17,1.1273333333333333,1.2126666666666666,False,205.1735783080468,True,0.7571601330199094,1.1999999999999993,0.04047498713440494,-27.85626561243449,1.165,-0.004999999999999893,203.81408555250337,True,0.9607855839493489,1.3594927555434424,0.11509436711193283,,1.0172947365291418,True
1.18,1.1373333333333333,1.2226666666666666,False,206.36213675586595,True,0.7571601330199094,1.2999999999999994,0.04069250464560907,-27.809711565288417,1.175,-0.004999999999999893,204.896548235216,True,0.9747238715122293,1.465588520649959,0.12339131463710867,,1.1089977890039684,True
1.19,1.1473333333333333,1.2326666666666666,False,206.36213675586595,True,0.7571601330199094,1.2999999999999994,0.04097732760052512,-27.74912736388437,1.1949999999999998,0.004999999999999893,206.4767583647855,True,0.9926438122608336,0.11462160891954909,-0.009613282060605343,,1.2420023857016798,True
1.2,1.1573333333333333,1.2426666666666666,False,207.55758045272898,True,0.7571601330199094,1.4000000000000004,0.04122915324074746,-27.695911691868623,1.2049999999999998,0.004999999999999893,206.90524707399666,True,0.9923466698628365,0.6523333787323224,0.05449669375151865,,1.2778924098895552,True
1.21,1.1673333333333333,1.2526666666666666,False,207.55758045272898,True,0.8266685594724995,1.4000000000000004,0.041369629822568074,-27.666367303499126,1.2149999999999999,0.004999999999999893,207.53825318861598,True,0.9918679184187885,0.01932726411300223,0.0016121586881939721,,1.3307769449528795,True
1.22,1.1773333333333333,1.2626666666666666,False,208.75994928447787,True,0.8266685594724996,1.499999999999997,0.04173943342026073,-27.589069008681236,1.2249999999999999,0.004999999999999893,208.47658259072134,True,0.9923414755605454,0.283366693756534,0.023515397456841832,,1.4088737061842322,True
1.23,1.1873333333333334,1.2726666666666666,False,208.75994928447787,True,0.8911444948731204,1.499999999999997,0.04188530314809169,-27.558766739412185,1.2349999999999999,0.004999999999999893,209.23184048287024,True,0.9946644109705808,0.47189119839237037,-0.039089497793380334,,1.4714786014344543,True
1.24,1.1973333333333334,1.2826666666666666,False,208.75994928447787,True,0.8266685594724996,1.499999999999997,0.04213749302471315,-27.506626127249795,1.2449999999999999,0.004999999999999893,209.5545207467409,True,0.9951194332477606,0.7945714622630362,-0.06576826396363546,,1.4981573676047093,True
1.25,1.2073333333333334,1.2926666666666666,False,209.96928336801093,True,0.8911444948731203,1.599999999999999,0.04174393393557196,-27.588132511254653,1.255,0.004999999999999893,209.83646378478062,True,0.9949127800137915,0.13281958323031517,0.010954675780546522,,1.5214344278605285,True
1.26,1.2173333333333334,1.3026666666666666,False,209.96928336801093,True,0.8911444948731203,1.599999999999999,0.040990284105636376,-27.746381431141273,1.265,0.004999999999999893,210.44331931777324,True,0.9945738451224506,0.47403594976231034,-0.03904105249260032,,1.5714301561336752,True
1.27,1.2273333333333334,1.3126666666666666,False,211.18562305262122,True,0.8266685594724996,1.6999999999999993,0.03977280986482394,-28.008274518886978,1.275,0.004999999999999893,211.43935017152054,True,0.992802113841038,0.2537271188993202,-0.02078727515005333,,1.653176378791127,True
1.28,1.2373333333333334,1.3226666666666667,False,212.40900892134297,True,0.8266685594724996,1.7999999999999972,0.03825212735698207,-28.346888138987943,1.285,0.004999999999999893,212.55110558252642,True,0.991838280645888,0.14209666118344444,-0.011577678886640439,,1.7439667825277159,True
1.29,1.2473333333333334,1.3326666666666667,False,212.40900892134297,True,0.8266685594724995,1.7999999999999972,0.03592800979428575,-28.89133679105798,1.295,0.004999999999999893,214.05863458914865,True,0.988007958977856,1.6496256678056795,-0.13393289790990187,,1.866322001550974,True
1.3,1.2573333333333334,1.3426666666666667,False,213.63948179230545,True,0.7571601330199093,1.8999999999999972,0.033114628977582286,-29.599602130108043,1.305,0.004999999999999893,215.27714234251246,True,0.9877526830274154,1.6376605502070163,-0.13220226603967428,,1.9645913696807464,True
1.31,1.2673333333333334,1.3526666666666667,False,214.87708272009507,True,0.7571601330199093,2.0000000000000004,0.03009513400822062,-30.430074369992887,1.315,0.004999999999999893,217.16271893980496,True,0.9738197428409346,2.285636219709886,-0.18317794556075706,,2.1155670492018324,True
1.32,1.2773333333333334,1.3626666666666667,False,214.87708272009507,True,0.7571601330199093,2.0000000000000004,0.026708140817363567,-31.467126852722927,1.325,0.004999999999999893,220.65865228675696,True,0.9575531730286163,5.7815695666618865,-0.45965633937951245,,2.3920454430205886,True
1.33,1.2873333333333334,1.3726666666666667,False,216.12185299712482,True,0.7571601330199093,2.0999999999999988,0.023089624101151614,-32.73166274670148,1.335,0.004999999999999893,224.64857351920625,True,0.9649830315981408,8.526720522081433,-0.6698993331796782,,2.702288436820749,False
1.34,1.2973333333333332,1.3826666666666667,False,218.63306796596578,True,0.6860828109301794,2.3000000000000003,0.019147929542899345,-34.357563584514466,1.345,0.004999999999999893,225.36087865722985,True,0.954617113687105,6.727810691264068,-0.5247056459002591,,2.757094749541334,False
1.35,1.3073333333333332,1.3926666666666667,False,219.8995964441766,True,0.615949885458068,2.399999999999998,0.015086733928056078,-36.42809537751377,1.355,0.004999999999999893,225.27418837075956,True,0.8428577630317594,5.374591926582951,-0.4180447715700888,,2.750433875211162,True
1.36,1.3173333333333332,1.4026666666666667,False,223.74337368352585,True,0.615949885458068,2.7000000000000033,0.011366048760711882,-38.88780970300212,1.365,0.004999999999999893,227.78174616430894,True,0.5510194222671965,4.038372480783096,-0.3096861752319443,,2.94207527887302,True
1.37,1.3273333333333333,1.4126666666666667,False,226.34314645699226,True,0.4849868077159112,2.899999999999997,0.007541226104366554,-42.45116075615806,1.375,0.004999999999999893,237.71254179114442,True,0.6251849986612491,11.36939533415216,-0.84847678914015,pyin_probability_below_0.5,3.680865892781222,False
1.38,1.3373333333333333,1.4226666666666667,False,226.34314645699226,True,0.15046460134333878,2.899999999999997,0.005133089883749972,-45.79242261786345,1.375,-0.004999999999999893,237.71254179114442,True,0.6251849986612491,11.36939533415216,-0.84847678914015,pyin_probability_below_0.5,3.680865892781222,False
1.39,1.3473333333333333,1.4326666666666668,False,228.9731271349986,True,0.013100262550513395,3.0999999999999988,0.0031681676568116367,-49.98383687939377,1.385,-0.004999999999999893,,False,0.0,,,pyin_probability_below_0.5|voicing_disagreement,,False
1.4,1.3573333333333333,1.4426666666666668,False,237.04784702513638,True,0.010191075496968313,3.699999999999999,0.001929296105982868,-54.29202224519962,1.395,-0.004999999999999893,,False,0.0,,,pyin_probability_below_0.5|voicing_disagreement,,False
1.41,1.3673333333333333,1.4526666666666668,False,237.04784702513638,True,0.010467533617069905,3.699999999999999,0.0015373364571012952,-56.26462147275775,1.405,-0.004999999999999893,,False,0.0,,,pyin_probability_below_0.5|voicing_disagreement,,False
1.42,1.3773333333333333,1.4626666666666666,False,235.68255189130872,True,0.010622609040911534,3.6000000000000005,0.0012671670928621663,-57.94332227654905,1.415,-0.004999999999999893,,False,0.0,,,pyin_probability_below_0.5|voicing_disagreement,,False
1.43,1.3873333333333333,1.4726666666666666,False,241.19137040474044,True,0.010000002871100368,3.9999999999999973,0.0007398702827828285,-62.616888319159514,1.425,-0.004999999999999893,,False,0.0,,,pyin_probability_below_0.5|voicing_disagreement,,False
1.44,1.3973333333333333,1.4826666666666666,False,,False,0.01,,0.00042936108122484213,-67.34354648142846,1.4449999999999998,0.004999999999999893,,False,0.0,,,,,False
1.45,1.4073333333333333,1.4926666666666666,False,,False,0.01,,0.00036663289397329273,-68.71537146231395,1.4549999999999998,0.004999999999999893,,False,0.0,,,,,False
1.46,1.4173333333333333,1.5026666666666666,False,,False,0.01,,0.0003362638600047144,-69.46639612048878,1.4649999999999999,0.004999999999999893,,False,0.0,,,,,False
1.47,1.4273333333333333,1.5126666666666666,False,,False,0.01,,0.0002993572893758244,-70.47620324562874,1.4749999999999999,0.004999999999999893,,False,0.0,,,,,False
1.48,1.4373333333333334,1.5226666666666666,False,,False,0.01,,0.0003009579170828775,-70.42988455034381,1.4849999999999999,0.004999999999999893,,False,0.0,,,,,False
1.49,1.4473333333333334,1.5326666666666666,False,,False,0.01,,0.0003100292382461183,-70.17194693556172,1.4949999999999999,0.004999999999999893,,False,0.0,,,,,False
1.5,1.4573333333333334,1.5426666666666666,False,,False,0.01000000000000011,,0.0003989665471390894,-67.98127035704069,1.505,0.004999999999999893,,False,0.0,,,,,False
1.51,1.4673333333333334,1.5526666666666666,False,,False,0.01000123296498612,,0.003956788705033717,-48.05314281417907,1.515,0.004999999999999893,,False,0.0,,,,,False
1.52,1.4773333333333334,1.5626666666666666,False,219.8995964441766,True,0.010052967545965857,2.399999999999998,0.00985226316272473,-40.12927992571109,1.525,0.004999999999999893,,False,0.0,,,pyin_probability_below_0.5|voicing_disagreement,,False
1.53,1.4873333333333334,1.5726666666666667,False,218.63306796596578,True,0.03489742801962526,2.3000000000000003,0.019747690547188293,-34.089673738733666,1.535,0.004999999999999893,,False,0.0,,,pyin_probability_below_0.5|voicing_disagreement,,False
1.54,1.4973333333333334,1.5826666666666667,False,213.63948179230545,True,0.092037570812181,1.8999999999999972,0.026510622474751104,-31.53160149650696,1.545,0.004999999999999893,223.80529660072656,True,0.5540909086103889,10.165814808421118,-0.8047906773264019,pyin_probability_below_0.5,2.6371797809674726,False
1.55,1.5073333333333334,1.5926666666666667,False,211.18562305262122,True,0.092037570812181,1.6999999999999993,0.03264002104349562,-29.724991398442523,1.555,0.004999999999999893,218.15920982833626,True,0.8847236330660698,6.9735867757150345,-0.5624370802402126,pyin_probability_below_0.5,2.1948261838812866,False
1.56,1.5173333333333334,1.6026666666666667,False,207.55758045272898,True,0.07797523762294817,1.4000000000000004,0.03790480904104154,-28.426113738636516,1.565,0.004999999999999893,215.06725777733035,True,0.9086106485285546,7.50967732460137,-0.6153153571208761,pyin_probability_below_0.5,1.9477044607619511,False
1.57,1.5273333333333334,1.6126666666666667,False,206.36213675586595,True,0.056071395445892624,1.2999999999999994,0.04227421099586825,-27.47848978617782,1.575,0.004999999999999893,210.27722355241454,True,0.9252584139875364,3.915086796548593,-0.32537161494281297,pyin_probability_below_0.5,1.5577607185838864,False
1.58,1.5373333333333334,1.6226666666666667,False,203.99186545315516,True,0.06608151270920701,1.099999999999998,0.04609073012866842,-26.727728242222014,1.585,0.004999999999999893,205.20071682225213,True,0.9565034648655845,1.2088513690969762,-0.10228976914292304,pyin_probability_below_0.5,1.1346788727839943,False
1.59,1.5473333333333332,1.6326666666666667,False,202.8169587634771,True,0.06608151270920702,0.9999999999999971,0.04946191189127317,-26.114582010290167,1.595,0.004999999999999893,201.31345299530764,True,0.9725757839772132,1.5035057681694468,0.12881645687552074,pyin_probability_below_0.5,0.8035726467655513,False
1.6,1.5573333333333332,1.6426666666666667,False,201.6488190383855,True,0.09203757081218102,0.9000000000000021,0.052062605260603384,-25.669482063761905,1.605,0.004999999999999893,198.79863836260563,True,0.9863368125563635,2.8501806757798818,0.24644497376211894,pyin_probability_below_0.5,0.5859441298789551,False
1.61,1.5673333333333332,1.6526666666666667,False,200.48740730303228,True,0.3233360583906409,0.7999999999999965,0.05315060195446327,-25.48983625065137,1.615,0.004999999999999893,197.2563175099468,True,0.9910665415910879,3.231089793085488,0.2812814065635855,pyin_probability_below_0.5,0.4511076970774851,False
1.62,1.5773333333333333,1.6626666666666667,False,198.18461302324906,True,0.5485250542599845,0.6000000000000013,0.05259800969688602,-25.5806137838505,1.625,0.004999999999999893,196.04621216033948,True,0.9919699229356227,2.1384008629095774,0.18781426800944184,,0.3445748356316307,True
1.63,1.5873333333333333,1.6726666666666667,False,197.04315364635175,True,0.7571601330199094,0.5000000000000008,0.05179858416591454,-25.713642217193428,1.625,-0.004999999999999893,196.04621216033948,True,0.9919699229356227,0.9969414860122754,0.08781426800944138,,0.3445748356316307,True
1.64,1.5973333333333333,1.6826666666666668,False,195.90826859169485,True,0.8911444948731203,0.39999999999999736,0.05061775358509542,-25.913942654612377,1.635,-0.004999999999999893,195.26353297812096,True,0.994994695546531,0.6447356135738858,0.057069004112202795,,0.27532009952887093,True
1.65,1.6073333333333333,1.6926666666666668,False,195.90826859169485,True,0.8911444948731203,0.39999999999999736,0.049403600593660904,-26.12482796040386,1.645,-0.004999999999999893,195.45458089723567,True,0.996068025366414,0.4536876944591768,0.04013870693946382,,0.2922503967016079,True
1.66,1.6173333333333333,1.7026666666666668,False,194.7799199939686,True,0.8911444948731204,0.3000000000000021,0.04797266183372085,-26.380123667945185,1.655,-0.004999999999999893,195.53734470770888,True,0.9956830777408758,0.7574247137402779,-0.06719052517396179,,0.29957962881503636,True
1.67,1.6273333333333333,1.7126666666666666,False,194.7799199939686,True,0.9459302094659092,0.3000000000000021,0.04605319237729663,-26.734805188261348,1.665,-0.004999999999999893,195.25437269299044,True,0.9947952898149691,0.47445269902183895,-0.04211881302551319,,0.27450791666658836,True
1.68,1.6373333333333333,1.7226666666666666,False,194.7799199939686,True,0.9459302094659092,0.3000000000000021,0.04316023849669203,-27.298323282789433,1.675,-0.004999999999999893,195.03066858538398,True,0.9946884549212729,0.2507485914153733,-0.022272589396328188,,0.2546616930374017,True
1.69,1.6473333333333333,1.7326666666666666,False,194.7799199939686,True,0.8911444948731202,0.3000000000000021,0.040287101176123025,-27.896679615501636,1.685,-0.004999999999999893,194.20149876670723,True,0.9916167487955059,0.5784212272613729,0.051487459972746466,,0.18090164366832606,True
1.7,1.6573333333333333,1.7426666666666666,False,193.6580702059513,True,0.8266685594724995,0.20000000000000068,0.037152596718529836,-28.600216531141132,1.7049999999999998,0.004999999999999893,191.3089258572277,True,0.9510582403440203,2.3491443487235983,0.21128923804312527,,-0.0789001344020497,True
1.71,1.6673333333333333,1.7526666666666666,False,193.6580702059513,True,0.6860828109301793,0.20000000000000068,0.03382621265961579,-29.414932502477118,1.7149999999999999,0.004999999999999893,187.64229770931922,True,0.8845056560266011,6.015772496632081,0.5463186140680985,,-0.41392951042702286,False
1.72,1.6773333333333333,1.7626666666666666,False,192.54268179725335,True,0.5485250542599845,0.10000000000000017,0.03030771137853702,-30.368937144108493,1.7249999999999999,0.004999999999999893,178.1675509747954,True,0.9523287082886076,14.375130822457947,1.343324184910169,pitch_difference_over_1_semitone,-1.3109350812690954,False
1.73,1.6873333333333334,1.7726666666666666,False,190.3311404729313,True,0.42606232904328145,-0.10000000000000067,0.026402129981762633,-31.567220703503782,1.7349999999999999,0.004999999999999893,175.59698169214,True,0.9858918167633985,14.734158780791319,1.3949229170032482,pyin_probability_below_0.5|pitch_difference_over_1_semitone,-1.5625338133621753,False
1.74,1.6973333333333334,1.7826666666666666,False,187.0613654014066,True,0.2796051653363589,-0.4000000000000008,0.021927141206351485,-33.18035973237588,1.7449999999999999,0.004999999999999893,170.88134713728948,True,0.9842437642474514,16.18001826411711,1.5662003716019588,pyin_probability_below_0.5|pitch_difference_over_1_semitone,-2.0338112679608864,False
1.75,1.7073333333333334,1.7926666666666666,False,175.5454930018647,True,0.4260623290432815,-1.4999999999999982,0.01760855424268356,-35.08552600978603,1.755,0.004999999999999893,166.36470297430117,True,0.9803105331265609,9.180790027563546,0.9299469873169366,pyin_probability_below_0.5,-2.497557883675861,False
1.76,1.7173333333333334,1.8026666666666666,False,170.54805357686834,True,0.8266685594724995,-2.0000000000000004,0.014568500865516159,-36.731702717971444,1.765,0.004999999999999893,162.28720213352187,True,0.9658576070058613,8.260851443346468,0.8595486668459075,,-2.927159563204835,False
1.77,1.7273333333333334,1.8126666666666666,False,170.54805357686834,True,0.27960516533635893,-2.0000000000000004,0.013804192170282325,-37.199780069163786,1.775,0.004999999999999893,158.44263235667503,True,0.9591335057523097,12.105421220193307,1.2746125741757883,pyin_probability_below_0.5|pitch_difference_over_1_semitone,-3.342223470534713,False
1.78,1.7373333333333334,1.8226666666666667,False,181.73609144327253,True,0.04768699308253104,-0.9000000000000006,0.01329097174500412,-37.52886530505056,1.785,0.004999999999999893,160.11598678357564,True,0.8992504963405401,21.620104659696892,2.1927311475482028,pyin_probability_below_0.5|pitch_difference_over_1_semitone,-3.1603420439071295,False
1.79,1.7473333333333334,1.8326666666666667,False,183.84776310850236,True,0.016467587593113005,-0.7000000000000002,0.012516375627226033,-38.05042823556703,1.795,0.004999999999999893,,False,0.0,,,pyin_probability_below_0.5|voicing_disagreement,,False
1.8,1.7573333333333334,1.8426666666666667,False,184.9127823656466,True,0.01019107549696831,-0.6000000000000011,0.01566437057657365,-36.101741023769016,1.805,0.004999999999999893,,False,0.0,,,pyin_probability_below_0.5|voicing_disagreement,,False
1.81,1.7673333333333334,1.8526666666666667,False,184.9127823656466,True,0.020317628556360583,-0.6000000000000011,0.021771706753527676,-33.24215047789704,1.815,0.004999999999999893,,False,0.0,,,pyin_probability_below_0.5|voicing_disagreement,,False
1.82,1.7773333333333334,1.8626666666666667,False,185.98397121658357,True,0.0779752376229482,-0.5000000000000021,0.027119497149666275,-31.334367348569838,1.825,0.004999999999999893,185.8688525390392,True,0.6039895804364653,0.11511867754435912,0.01071915380942283,pyin_probability_below_0.5,-0.5783300501683527,False
1.83,1.7873333333333334,1.8726666666666667,False,185.98397121658357,True,0.2407543944755743,-0.5000000000000021,0.032470282997766955,-29.770278524472282,1.835,0.004999999999999893,182.68240799939096,True,0.896370642250441,3.3015632171926086,0.3100869397041822,pyin_probability_below_0.5,-0.8776978360631127,False
1.84,1.7973333333333332,1.8826666666666667,False,184.9127823656466,True,0.37213589829750865,-0.6000000000000011,0.03661850263821623,-28.72598836685548,1.845,0.004999999999999893,184.0959262510053,True,0.9624070996222427,0.8168561146412969,0.07664704901351951,pyin_probability_below_0.5,-0.744257945372445,False
1.85,1.8073333333333332,1.8926666666666667,False,184.9127823656466,True,0.5485250542599845,-0.6000000000000011,0.04031542779747591,-27.890574548572523,1.855,0.004999999999999893,185.97899302859375,True,0.9822279478051684,1.0662106629471566,-0.09953659856600641,,-0.5680742977929194,True
1.86,1.8173333333333332,1.9026666666666667,False,183.84776310850236,True,0.6860828109301792,-0.7000000000000002,0.04309746373954431,-27.31096574125441,1.865,0.004999999999999893,185.12591191905634,True,0.9903263190702617,1.2781488105539722,-0.11994262687796184,,-0.6476682694809637,True
1.87,1.8273333333333333,1.9126666666666667,False,183.84776310850236,True,0.8266685594724995,-0.7000000000000002,0.045021112486143135,-26.931675552936653,1.875,0.004999999999999893,184.13966036237656,True,0.993341675441674,0.29189725387419685,-0.0274652087812223,,-0.7401456875777029,True
1.88,1.8373333333333333,1.9226666666666667,False,182.78887791090543,True,0.7571601330199093,-0.8000000000000008,0.046252709307430216,-26.69725645728618,1.875,-0.004999999999999893,184.13966036237656,True,0.993341675441674,1.350782451471133,-0.1274652087812229,,-0.7401456875777029,True
1.89,1.8473333333333333,1.9326666666666668,False,181.73609144327253,True,0.6860828109301793,-0.9000000000000006,0.04579927145133784,-26.782828608997008,1.885,-0.004999999999999893,181.93846982895786,True,0.9940876465545019,0.20237838568533562,-0.019268017374326186,,-0.9483428789846,True
1.9,1.8573333333333333,1.9426666666666668,False,179.64867439581087,True,0.6860828109301793,-1.1000000000000019,0.0446325514368807,-27.006965716791992,1.895,-0.004999999999999893,180.41120866465968,True,0.9906363390535314,0.7625342688488104,-0.07332820597584652,,-1.0942826903830831,True
1.91,1.8673333333333333,1.9526666666666668,False,177.5852333780714,True,0.5485250542599847,-1.3000000000000027,0.042175008098990004,-27.498896506799824,1.905,-0.004999999999999893,177.43748975770833,True,0.985871088400044,0.14774362036305888,0.014409150975534815,,-1.3820200473344624,True
1.92,1.8773333333333333,1.9626666666666666,False,175.5454930018647,True,0.42606232904328145,-1.4999999999999982,0.04005612405057911,-27.946621532643018,1.915,-0.004999999999999893,173.67923662048327,True,0.9871085215986902,1.8662563813814472,0.18503599973385593,pyin_probability_below_0.5,-1.7526468960927817,False
1.93,1.8873333333333333,1.9726666666666666,False,171.53602840047625,True,0.3721358982975087,-1.9000000000000006,0.037499718236755256,-28.51943990874275,1.925,-0.004999999999999893,170.1631180300345,True,0.9909095675196851,1.3729103704417582,0.1391189878382665,pyin_probability_below_0.5,-2.106729884197194,False
1.94,1.8973333333333333,1.9826666666666666,False,167.61814009714527,True,0.32333605839064083,-2.3000000000000016,0.035172241976733604,-29.07599895320006,1.935,-0.004999999999999893,166.5988604982888,True,0.9855918359033826,1.0192795988564853,0.10559708302267692,pyin_probability_below_0.5,-2.4732079793816037,False
1.95,1.9073333333333333,1.9926666666666666,False,163.7897364863335,True,0.2796051653363589,-2.700000000000001,0.032961172117092825,-29.63994705907701,1.9549999999999998,0.004999999999999893,158.4519124230919,True,0.9873198338524076,5.337824063241612,0.573598611188557,pyin_probability_below_0.5,-3.341209507547486,False
1.96,1.9173333333333333,2.002666666666667,False,159.12696062960518,True,0.2796051653363589,-3.2000000000000006,0.03177631413644229,-29.957929595712702,1.9649999999999999,0.004999999999999893,154.03101264107127,True,0.985300010243488,5.095947988533908,0.5634892462611818,pyin_probability_below_0.5,-3.831100142620108,False
1.97,1.9273333333333333,2.0126666666666666,False,155.49249582586248,True,0.3233360583906409,-3.600000000000003,0.030191490643922368,-30.40230888067869,1.9749999999999999,0.004999999999999893,150.08963582699846,True,0.9849630131967073,5.402859998864017,0.6122471871658451,pyin_probability_below_0.5,-4.279858083524774,False
1.98,1.9373333333333334,2.022666666666667,False,151.06592630451914,True,0.42606232904328145,-4.100000000000002,0.02842239469094103,-30.926786679298097,1.9849999999999999,0.004999999999999893,146.5090544609488,True,0.9930969161186923,4.556871843570349,0.5302615437727627,pyin_probability_below_0.5,-4.697872440131688,False
1.99,1.9473333333333334,2.0326666666666666,False,147.61557577921405,True,0.3721358982975087,-4.500000000000001,0.027844206201598835,-31.10530317421626,1.9949999999999999,0.004999999999999893,144.24460471138127,True,0.9920633028596401,3.3709710678327838,0.3999311868794815,pyin_probability_below_0.5,-4.967542083238411,False
2.0,1.9573333333333334,2.042666666666667,False,144.24403136881983,True,0.4849868077159113,-4.900000000000003,0.026247711975163374,-31.61817096506095,2.005,0.004999999999999893,141.21400504041205,True,0.9914419244360023,3.0300263284077857,0.3675413618780339,pyin_probability_below_0.5,-5.335152258236963,False
2.01,1.9673333333333334,2.0526666666666666,False,141.7660052464835,True,0.4849868077159113,-5.199999999999999,0.02510156107347175,-32.00598537554836,2.005,-0.004999999999999893,141.21400504041205,True,0.9914419244360023,0.5520002060714546,0.06754136187803622,pyin_probability_below_0.5,-5.335152258236963,False
2.02,1.9773333333333334,2.062666666666667,False,138.52806521170294,True,0.5485250542599844,-5.600000000000004,0.023517719739959364,-32.572095788279356,2.015,-0.004999999999999893,138.16434958658454,True,0.9872053150818112,0.3637156251184024,0.04551460057362934,,-5.713125496932561,True
2.03,1.9873333333333334,2.0726666666666667,False,136.14823596668148,True,0.5485250542599844,-5.899999999999999,0.022628726112309868,-32.90679788066374,2.025,-0.004999999999999893,135.13333916605305,True,0.9813073771570667,1.014896800628435,0.12953567479352412,,-6.097146571152448,True
2.04,1.9973333333333334,2.082666666666667,False,133.80929076365396,True,0.6159498854580678,-6.200000000000002,0.020806760685222175,-33.63591055918704,2.035,-0.004999999999999893,131.7725976968094,True,0.9880226143340861,2.036693066844549,0.26553478698363886,,-6.533145683342566,True
2.05,2.0073333333333334,2.0926666666666667,False,131.51052723924994,True,0.6860828109301792,-6.5,0.019617642210090092,-34.14706380933472,2.045,-0.004999999999999893,128.9470523712429,True,0.9998367009319108,2.5634748680070345,0.340793943558285,,-6.908404839917209,True
2.06,2.017333333333333,2.1026666666666665,False,128.5068226458765,True,0.7571601330199091,-6.900000000000002,0.017844575425206094,-34.96987561450122,2.055,-0.004999999999999893,127.64696153535864,True,0.9967961842417062,0.8598611105178549,0.1162291182352497,,-7.083840014594179,True
2.07,2.0273333333333334,2.1126666666666667,False,127.03079589645196,True,0.8266685594724995,-7.100000000000001,0.016456234738350187,-35.67339052636014,2.065,-0.004999999999999893,126.63070806569472,True,0.9889390306548058,0.4000878307572435,0.05461185388997933,,-7.222222750248905,True
2.08,2.037333333333333,2.1226666666666665,False,125.57172276022992,True,0.8266685594724995,-7.300000000000001,0.015475969066194377,-36.2068429406009,2.085,0.004999999999999893,123.46228665484716,True,0.9959158248305172,2.1094361053827555,0.2932944751554313,,-7.660905371514358,True
2.09,2.0473333333333334,2.1326666666666667,False,124.84848285663055,True,0.8911444948731202,-7.400000000000002,0.013939991037126075,-37.114750109448764,2.085,-0.004999999999999893,123.46228665484716,True,0.9959158248305172,1.3861962017833918,0.19329447515543113,,-7.660905371514358,True
2.1,2.0573333333333332,2.1426666666666665,False,124.12940850835416,True,0.8911444948731203,-7.5,0.012709377369127455,-37.91751449918838,2.105,0.004999999999999893,121.82097712120216,True,0.9970242384101263,2.308431387151998,0.324988502484064,,-7.892599398842991,True
2.11,2.0673333333333335,2.1526666666666667,False,124.12940850835416,True,0.7571601330199094,-7.5,0.011790406864246466,-38.56942415959386,2.105,-0.004999999999999893,121.82097712120216,True,0.9970242384101263,2.308431387151998,0.324988502484064,,-7.892599398842991,True
2.12,2.0773333333333333,2.1626666666666665,False,123.4144757235675,True,0.8266685594724996,-7.599999999999998,0.010985875886145892,-39.18330623530548,2.125,0.004999999999999893,123.99061694700005,True,0.9756537519367268,0.5761412234325434,-0.08063189769874364,,-7.5869789986601806,True
2.13,2.0873333333333335,2.1726666666666667,False,124.12940850835416,True,0.8266685594724996,-7.5,0.00985247411938327,-40.12909394543353,2.125,-0.004999999999999893,123.99061694700005,True,0.9756537519367268,0.13879156135411108,0.019368102301254644,,-7.5869789986601806,True
2.14,2.0973333333333333,2.1826666666666665,False,124.84848285663055,True,0.8266685594724994,-7.400000000000002,0.008858219301648039,-41.053071443055764,2.145,0.004999999999999893,128.29000921618382,True,0.954928472576959,3.441526359553265,-0.4707663931640661,,-6.996844503194861,True
2.15,2.1073333333333335,2.1926666666666668,False,124.84848285663055,True,0.7571601330199091,-7.400000000000002,0.008010869111332104,-41.926407281861124,2.145,-0.004999999999999893,128.29000921618382,True,0.954928472576959,3.441526359553265,-0.4707663931640661,,-6.996844503194861,True
2.16,2.1173333333333333,2.2026666666666666,False,126.29915234996876,True,0.7571601330199093,-7.200000000000001,0.007190777799752257,-42.86448262107447,2.165,0.004999999999999893,124.47895686847333,True,0.9288743224136926,1.820195481495432,0.2513169703127907,,-7.518927866671717,True
2.17,2.1273333333333335,2.212666666666667,False,127.03079589645196,True,0.6159498854580678,-7.100000000000001,0.006151777765150678,-44.21998723887909,2.165,-0.004999999999999893,124.47895686847333,True,0.9288743224136926,2.5518390279786303,0.3513169703127902,,-7.518927866671717,True
2.18,2.1373333333333333,2.2226666666666666,False,126.29915234996876,True,0.5485250542599844,-7.200000000000001,0.005391487108807409,-45.365828577263734,2.185,0.004999999999999893,,False,0.0,,,voicing_disagreement,,False
2.19,2.1473333333333335,2.232666666666667,False,124.84848285663055,True,0.3721358982975087,-7.400000000000002,0.004369906853380516,-47.190556402440464,2.185,-0.004999999999999893,,False,0.0,,,pyin_probability_below_0.5|voicing_disagreement,,False
2.2,2.1573333333333333,2.2426666666666666,False,122.70366064862014,True,0.15046460134333883,-7.700000000000001,0.0032264108008404797,-49.825606742786036,2.205,0.004999999999999893,,False,0.0,,,pyin_probability_below_0.5|voicing_disagreement,,False
2.21,2.167333333333333,2.252666666666667,False,121.29428889978496,True,0.012403124793551348,-7.900000000000002,0.0019871293655913513,-54.03547717281492,2.205,-0.004999999999999893,,False,0.0,,,pyin_probability_below_0.5|voicing_disagreement,,False
2.22,2.1773333333333333,2.2626666666666666,False,132.2723599733492,True,0.010000000000023851,-6.400000000000004,0.0012563907195435031,-58.01750560443168,2.225,0.004999999999999893,,False,0.0,,,pyin_probability_below_0.5|voicing_disagreement,,False
2.23,2.187333333333333,2.272666666666667,False,,False,0.01,,0.0008516599985604675,-61.39467501123452,2.225,-0.004999999999999893,,False,0.0,,,,,False
2.24,2.1973333333333334,2.2826666666666666,False,,False,0.01,,0.0006985014992694353,-63.11665314751012,2.245,0.004999999999999893,,False,0.0,,,,,False
2.25,2.207333333333333,2.292666666666667,False,,False,0.01,,0.0006460050722735929,-63.79528144035269,2.245,-0.004999999999999893,,False,0.0,,,,,False
2.26,2.2173333333333334,2.3026666666666666,False,,False,0.01,,0.0005226500700264872,-65.63577974159661,2.255,-0.004999999999999893,,False,0.0,,,,,False
2.27,2.227333333333333,2.312666666666667,False,,False,0.01,,0.000484765891465349,-66.28935890181499,2.265,-0.004999999999999893,,False,0.0,,,,,False
2.28,2.2373333333333334,2.3226666666666667,False,,False,0.01,,0.00045497461865275546,-66.84025660692419,2.275,-0.004999999999999893,,False,0.0,,,,,False
2.29,2.247333333333333,2.332666666666667,False,,False,0.01,,0.00038323648921149484,-68.33066294026487,2.285,-0.004999999999999893,,False,0.0,,,,,False
2.3,2.2573333333333334,2.3426666666666667,False,,False,0.01,,0.0003796570147133844,-68.41217142984372,2.295,-0.004999999999999893,,False,0.0,,,,,False
2.31,2.267333333333333,2.3526666666666665,False,,False,0.01,,0.00036993099260763105,-68.63758564432602,2.305,-0.004999999999999893,,False,0.0,,,,,False
2.32,2.2773333333333334,2.3626666666666667,False,,False,0.01,,0.00022283657011372133,-73.0402706958825,2.315,-0.004999999999999893,,False,0.0,,,,,False
2.33,2.287333333333333,2.3726666666666665,False,,False,0.01,,0.00017577901895087392,-75.10065927439642,2.325,-0.004999999999999893,,False,0.0,,,,,False
2.34,2.2973333333333334,2.3826666666666667,False,,False,0.01,,0.00019063708660212061,-74.39585215371572,2.335,-0.004999999999999893,,False,0.0,,,,,False
2.35,2.3073333333333332,2.3926666666666665,False,,False,0.01,,0.00021765827406280917,-73.24449637839992,2.355,0.004999999999999893,,False,0.0,,,,,False
2.36,2.3173333333333335,2.4026666666666667,False,,False,0.01,,0.000266327106298285,-71.49169259186127,2.355,-0.004999999999999893,,False,0.0,,,,,False
2.37,2.3273333333333333,2.4126666666666665,False,,False,0.010000000000000439,,0.007836645467948291,-42.117396007850736,2.375,0.004999999999999893,,False,0.0,,,,,False
2.38,2.3373333333333335,2.4226666666666667,False,221.17346184722248,True,0.013980210380185928,2.4999999999999987,0.017709239329918445,-35.036001855717174,2.375,-0.004999999999999893,,False,0.0,,,pyin_probability_below_0.5|voicing_disagreement,,False
2.39,2.3473333333333333,2.4326666666666665,False,216.12185299712482,True,0.06608151270920702,2.0999999999999988,0.025597055210449866,-31.83619989643054,2.395,0.004999999999999893,,False,0.0,,,pyin_probability_below_0.5|voicing_disagreement,,False
2.4,2.3573333333333335,2.4426666666666668,False,212.40900892134297,True,0.056071395445892624,1.7999999999999972,0.03248062177106839,-29.767513314504313,2.395,-0.004999999999999893,,False,0.0,,,pyin_probability_below_0.5|voicing_disagreement,,False
2.41,2.3673333333333333,2.4526666666666666,False,207.55758045272898,True,0.056071395445892624,1.4000000000000004,0.03860411063330856,-28.267328968579047,2.415,0.004999999999999893,218.0462957148464,True,0.873647332268775,10.48871526211741,-0.8534742973419729,pyin_probability_below_0.5,2.185863400983049,False
2.42,2.3773333333333335,2.462666666666667,False,205.1735783080468,True,0.06608151270920702,1.1999999999999993,0.04389094702877236,-27.152500966863194,2.415,-0.004999999999999893,218.0462957148464,True,0.873647332268775,12.87271740679958,-1.0534742973419722,pyin_probability_below_0.5|pitch_difference_over_1_semitone,2.185863400983049,False
2.43,2.3873333333333333,2.4726666666666666,False,203.99186545315516,True,0.07797523762294818,1.099999999999998,0.048740125316597716,-26.2422671705528,2.435,0.004999999999999893,205.49943132966683,True,0.9397972419246529,1.507565876511677,-0.12747334015963635,pyin_probability_below_0.5,1.1598624438007081,False
2.44,2.3973333333333335,2.482666666666667,False,202.8169587634771,True,0.10857977072874499,0.9999999999999971,0.05330616289314157,-25.464451558396103,2.435,-0.004999999999999893,205.49943132966683,True,0.9397972419246529,2.6824725661897446,-0.22747334015963538,pyin_probability_below_0.5,1.1598624438007081,False
2.45,2.4073333333333333,2.4926666666666666,False,201.6488190383855,True,0.1765306086328976,0.9000000000000021,0.0576871785955883,-24.77841402594415,2.455,0.004999999999999893,198.06706675877453,True,0.9898108479286707,3.5817522796109813,0.3102712549498886,pyin_probability_below_0.5,0.5221178486911866,False
2.46,2.417333333333333,2.502666666666667,False,200.48740730303228,True,0.37213589829750876,0.7999999999999965,0.06057771024978013,-24.353742927979777,2.455,-0.004999999999999893,198.06706675877453,True,0.9898108479286707,2.420340544257755,0.21027125494988647,pyin_probability_below_0.5,0.5221178486911866,False
2.47,2.4273333333333333,2.5126666666666666,False,199.33268480704808,True,0.7571601330199093,0.7000000000000017,0.06208342950172427,-24.14048601137107,2.475,0.004999999999999893,196.6062808312405,True,0.9965316907674755,2.7264039758075853,0.2384265459011568,,0.393962557739918,True
2.48,2.437333333333333,2.522666666666667,False,198.18461302324906,True,0.8266685594724996,0.6000000000000013,0.0634207745798987,-23.955369161750497,2.475,-0.004999999999999893,196.6062808312405,True,0.9965316907674755,1.5783321920085598,0.13842654590115455,,0.393962557739918,True
2.49,2.4473333333333334,2.5326666666666666,False,198.18461302324906,True,0.8911444948731203,0.6000000000000013,0.06410020751044132,-23.862811290904858,2.495,0.004999999999999893,197.63585959535192,True,0.9968110654335122,0.5487534278971395,0.04800263216737221,,0.48438647147369923,True
2.5,2.457333333333333,2.542666666666667,False,198.18461302324906,True,0.8911444948731204,0.6000000000000013,0.0645528856034459,-23.801686787968826,2.495,-0.004999999999999893,197.63585959535192,True,0.9968110654335122,0.5487534278971395,0.04800263216737221,,0.48438647147369923,True
2.51,2.4673333333333334,2.5526666666666666,False,198.18461302324906,True,0.8911444948731204,0.6000000000000013,0.06444686290966063,-23.815964360372142,2.505,-0.004999999999999893,198.78759060510524,True,0.9964773341182822,0.6029775818561802,-0.05259290770550247,,0.5849820113465781,True
2.52,2.477333333333333,2.562666666666667,False,198.18461302324906,True,0.8911444948731204,0.6000000000000013,0.06360631603492865,-23.929995145231985,2.515,-0.004999999999999893,199.33435555609782,True,0.9954503697393617,1.1497425328487623,-0.10014510643466956,,0.6325342100757447,True
2.53,2.4873333333333334,2.5726666666666667,False,198.18461302324906,True,0.9459302094659093,0.6000000000000013,0.06191743928544409,-24.163740260714405,2.525,-0.004999999999999893,199.28004786794548,True,0.9936143769399716,1.0954348446964275,-0.095427799752847,,0.627816903393923,True
2.54,2.497333333333333,2.582666666666667,False,198.18461302324906,True,0.9459302094659093,0.6000000000000013,0.05959436502312447,-24.495896065282206,2.535,-0.004999999999999893,198.33134811311606,True,0.9887089498712238,0.14673508986700767,-0.01281324437174139,,0.5452023480128152,True
2.55,2.5073333333333334,2.5926666666666667,False,198.18461302324906,True,0.9459302094659092,0.6000000000000013,0.05687835401907784,-24.901059599565436,2.545,-0.004999999999999893,196.69893419933985,True,0.9889821709374763,1.4856788239092111,0.13026979320876653,,0.40211931043230653,True
2.56,2.517333333333333,2.6026666666666665,False,198.18461302324906,True,0.9459302094659093,0.6000000000000013,0.05372648402755628,-25.396231592643876,2.555,-0.004999999999999893,195.52629356875826,True,0.9902084771338878,2.658319454490794,0.23378794002529246,,0.29860116361578026,True
2.57,2.5273333333333334,2.6126666666666667,False,197.04315364635175,True,0.8266685594724994,0.5000000000000008,0.05077567582248436,-25.886885748803863,2.565,-0.004999999999999893,195.31711304336895,True,0.9905574096469151,1.7260406029828061,0.15231917153164848,,0.28006993210942666,True
2.58,2.537333333333333,2.6226666666666665,False,198.18461302324906,True,0.6860828109301792,0.6000000000000013,0.04784003392742039,-26.40417042049064,2.575,-0.004999999999999893,196.49775334300816,True,0.9942156467531743,1.6868596802409002,0.14798566874535304,,0.384403434895722,True
2.59,2.5473333333333334,2.6326666666666667,False,200.48740730303228,True,0.5485250542599845,0.7999999999999965,0.045478512522433824,-26.843874966697197,2.585,-0.004999999999999893,199.51889097086627,True,0.9944271436051227,0.9685163321660184,0.08383526635240898,,0.6485538372886622,True
2.6,2.5573333333333332,2.6426666666666665,False,203.99186545315516,True,0.48498680771591124,1.099999999999998,0.04437770102059236,-27.05670400149082,2.605,0.004999999999999893,208.3825285069723,True,0.9917400217335123,4.39066305381715,-0.36867238826412657,pyin_probability_below_0.5,1.4010614919051965,False
2.61,2.5673333333333335,2.6526666666666667,False,208.75994928447787,True,0.5485250542599844,1.499999999999997,0.044270571722223026,-27.0776973877538,2.605,-0.004999999999999893,208.3825285069723,True,0.9917400217335123,0.3774207775055629,0.03132761173587662,,1.4010614919051965,True
2.62,2.5773333333333333,2.6626666666666665,False,211.18562305262122,True,0.6860828109301793,1.6999999999999993,0.045133488400706925,-26.910021964815915,2.625,0.004999999999999893,213.3339058605092,True,0.9936778826763182,2.1482828078879663,-0.1752198350847799,,1.807608938725853,True
2.63,2.5873333333333335,2.6726666666666667,False,213.63948179230545,True,0.8266685594724995,1.8999999999999972,0.04644497967167517,-26.66122445739863,2.625,-0.004999999999999893,213.3339058605092,True,0.9936778826763182,0.3055759317962554,0.02478016491522077,,1.807608938725853,True
2.64,2.5973333333333333,2.6826666666666665,False,213.63948179230545,True,0.8911444948731204,1.8999999999999972,0.048008187450353186,-26.37369381028534,2.645,0.004999999999999893,214.42958380768565,True,0.9957998280510963,0.7901020153801994,-0.06390805477392052,,1.8962971584149928,True
2.65,2.6073333333333335,2.6926666666666668,False,214.87708272009507,True,0.8911444948731204,2.0000000000000004,0.049114512618634205,-26.175803225192805,2.645,-0.004999999999999893,214.42958380768565,True,0.9957998280510963,0.4474989124094293,0.03609194522608598,,1.8962971584149928,True
2.66,2.6173333333333333,2.7026666666666666,False,216.12185299712482,True,0.8911444948731204,2.0999999999999988,0.04948864096858041,-26.1098894479031,2.665,0.004999999999999893,214.528918548734,True,0.9956064872816355,1.592934448390821,0.12807384146604717,,1.9043152621750252,True
2.67,2.6273333333333335,2.712666666666667,False,216.12185299712482,True,0.9459302094659092,2.0999999999999988,0.04908311044719693,-26.181358467698303,2.665,-0.004999999999999893,214.528918548734,True,0.9956064872816355,1.592934448390821,0.12807384146604717,,1.9043152621750252,True
2.68,2.6373333333333333,2.7226666666666666,False,217.37383415501247,True,0.8911444948731204,2.200000000000003,0.04795981605772078,-26.38244982475404,2.685,0.004999999999999893,218.15628740400982,True,0.9933885850435695,0.7824532489973421,-0.06220516546606447,,2.1945942691071414,True
2.69,2.6473333333333335,2.732666666666667,False,217.37383415501247,True,0.8911444948731204,2.200000000000003,0.04618599498294298,-26.709793919052505,2.685,-0.004999999999999893,218.15628740400982,True,0.9933885850435695,0.7824532489973421,-0.06220516546606447,,2.1945942691071414,True
2.7,2.6573333333333333,2.7426666666666666,False,219.8995964441766,True,0.8911444948731204,2.399999999999998,0.04377267391801186,-27.17593846121818,2.705,0.004999999999999893,222.17173202925886,True,0.9941850618376015,2.2721355850822533,-0.17796373002084467,,2.510352833661918,True
2.71,2.667333333333333,2.752666666666667,False,221.17346184722248,True,0.9459302094659092,2.4999999999999987,0.04075617097434459,-27.796132490773612,2.705,-0.004999999999999893,222.17173202925886,True,0.9941850618376015,0.9982701820363786,-0.07796373002084399,,2.510352833661918,True
2.72,2.6773333333333333,2.7626666666666666,False,221.17346184722248,True,0.9459302094659092,2.4999999999999987,0.03721864968512723,-28.584787747660133,2.725,0.004999999999999893,226.3375708216661,True,0.9898065490019055,5.1641089744436215,-0.3995735303336813,,2.8319626339747535,True
2.73,2.687333333333333,2.772666666666667,False,222.45470667747657,True,0.9459302094659092,2.6000000000000005,0.032903146749268176,-29.655251311218333,2.725,-0.004999999999999893,226.3375708216661,True,0.9898065490019055,3.88286414418954,-0.2995735303336825,,2.8319626339747535,True
2.74,2.6973333333333334,2.7826666666666666,False,222.45470667747657,True,0.9459302094659093,2.6000000000000005,0.028911628191798013,-30.7785489968864,2.745,0.004999999999999893,221.15993121248547,True,0.9384185942853442,1.2947754649910905,0.10105914208318831,,2.4313299615578843,True
2.75,2.707333333333333,2.792666666666667,False,223.74337368352585,True,0.8911444948731204,2.7000000000000033,0.024399797185328982,-32.25227567130618,2.745,-0.004999999999999893,221.15993121248547,True,0.9384185942853442,2.583442471040371,0.20105914208319364,,2.4313299615578843,True
2.76,2.7173333333333334,2.8026666666666666,False,223.74337368352585,True,0.7571601330199095,2.7000000000000033,0.020253262558068905,-33.87010014346883,2.755,-0.004999999999999893,215.06828987401894,True,0.8650757232577966,8.675083809506901,0.6846015620484907,,1.9477875415925854,False
2.77,2.727333333333333,2.812666666666667,False,222.45470667747657,True,0.615949885458068,2.6000000000000005,0.01579373387134491,-36.0303036847979,2.765,-0.004999999999999893,201.6668282384253,True,0.7493506761407775,20.78787843905127,1.6984539087170756,pitch_difference_over_1_semitone,0.8339351949239981,False
2.78,2.7373333333333334,2.8226666666666667,False,217.37383415501247,True,0.37213589829750865,2.200000000000003,0.0106053173013922,-39.48952666518836,2.775,-0.004999999999999893,,False,0.0,,,pyin_probability_below_0.5|voicing_disagreement,,False
2.79,2.747333333333333,2.832666666666667,False,205.1735783080468,True,0.1504646013433388,1.1999999999999993,0.005593153804488247,-45.04686475943139,2.785,-0.004999999999999893,,False,0.0,,,pyin_probability_below_0.5|voicing_disagreement,,False
2.8,2.7573333333333334,2.8426666666666667,False,199.33268480704808,True,0.011853505394683413,0.7000000000000017,0.002491675783969329,-52.07016937182584,2.795,-0.004999999999999893,,False,0.0,,,pyin_probability_below_0.5|voicing_disagreement,,False
2.81,2.767333333333333,2.8526666666666665,False,,False,0.01,,0.003594307912250329,-48.88769442176296,2.805,-0.004999999999999893,,False,0.0,,,,,False
2.82,2.7773333333333334,2.8626666666666667,False,211.18562305262122,True,0.010191075496968311,1.6999999999999993,0.01101631347940528,-39.1592742864699,2.815,-0.004999999999999893,,False,0.0,,,pyin_probability_below_0.5|voicing_disagreement,,False
2.83,2.787333333333333,2.8726666666666665,False,213.63948179230545,True,0.026168028608935755,1.8999999999999972,0.016821859172023113,-35.482520142783606,2.825,-0.004999999999999893,,False,0.0,,,pyin_probability_below_0.5|voicing_disagreement,,False
2.84,2.7973333333333334,2.8826666666666667,False,214.87708272009507,True,0.12793708630129036,2.0000000000000004,0.02255024770984324,-32.93697366248124,2.835,-0.004999999999999893,,False,0.0,,,pyin_probability_below_0.5|voicing_disagreement,,False
2.85,2.8073333333333332,2.8926666666666665,False,213.63948179230545,True,0.24075439447557428,1.8999999999999972,0.027336833007269454,-31.265036003948442,2.855,0.004999999999999893,211.14968988977716,True,0.7831462647932933,2.4897919025282818,0.20294593955324103,pyin_probability_below_0.5,1.6294431640878302,False
2.86,2.8173333333333335,2.9026666666666667,False,213.63948179230545,True,0.32333605839064083,1.8999999999999972,0.0320387052449954,-29.886500860692177,2.855,-0.004999999999999893,211.14968988977716,True,0.7831462647932933,2.4897919025282818,0.20294593955324103,pyin_probability_below_0.5,1.6294431640878302,False
2.87,2.8273333333333333,2.9126666666666665,False,211.18562305262122,True,0.37213589829750876,1.6999999999999993,0.036960645471984695,-28.645209059388513,2.875,0.004999999999999893,214.68447455585653,True,0.9777157611123383,3.4988515032353007,-0.2844748754279166,pyin_probability_below_0.5,1.9168639790689892,False
2.88,2.8373333333333335,2.9226666666666667,False,209.96928336801093,True,0.3721358982975087,1.599999999999999,0.042168557612844146,-27.500225077874838,2.875,-0.004999999999999893,214.68447455585653,True,0.9777157611123383,4.7151911878455905,-0.3844748754279156,pyin_probability_below_0.5,1.9168639790689892,False
2.89,2.8473333333333333,2.9326666666666665,False,207.55758045272898,True,0.42606232904328145,1.4000000000000004,0.047718913720356526,-26.426189024520326,2.895,0.004999999999999893,209.95759862910725,True,0.9833494481819284,2.4000181763782678,-0.1990365457075032,pyin_probability_below_0.5,1.531425649348578,False
2.9,2.8573333333333335,2.9426666666666668,False,205.1735783080468,True,0.48498680771591124,1.1999999999999993,0.05292201721810679,-25.527272205036184,2.895,-0.004999999999999893,209.95759862910725,True,0.9833494481819284,4.784020321060439,-0.3990365457075027,pyin_probability_below_0.5,1.531425649348578,False
2.91,2.8673333333333333,2.9526666666666666,False,203.99186545315516,True,0.5485250542599845,1.099999999999998,0.05751047703868714,-24.80506059991118,2.915,0.004999999999999893,203.74168284713951,True,0.9897572314402822,0.2501826060156418,0.02124547769889497,,1.0111436259421789,True
2.92,2.8773333333333335,2.962666666666667,False,201.6488190383855,True,0.615949885458068,0.9000000000000021,0.0608839975394864,-24.30993680532001,2.915,-0.004999999999999893,203.74168284713951,True,0.9897572314402822,2.0928638087540037,-0.17875452230110334,,1.0111436259421789,True
2.93,2.8873333333333333,2.9726666666666666,False,200.48740730303228,True,0.6860828109301793,0.7999999999999965,0.062098791140368974,-24.138337080583415,2.935,0.004999999999999893,200.6165766189286,True,0.9894694313538156,0.12916931589631986,-0.011150341780110833,,0.7435394454211836,True
2.94,2.8973333333333335,2.982666666666667,False,199.33268480704808,True,0.6860828109301792,0.7000000000000017,0.0618327968319471,-24.1756221794482,2.935,-0.004999999999999893,200.6165766189286,True,0.9894694313538156,1.2838918118805225,-0.11115034178010919,,0.7435394454211836,True
2.95,2.9073333333333333,2.9926666666666666,False,198.18461302324906,True,0.6159498854580682,0.6000000000000013,0.06120605192629753,-24.26411267203965,2.955,0.004999999999999893,196.3954012003416,True,0.9791606769196862,1.789211822907447,0.15700570466802743,,0.375383398973044,True
2.96,2.917333333333333,3.002666666666667,False,197.04315364635175,True,0.6159498854580682,0.5000000000000008,0.05992380810921575,-24.448011907417573,2.955,-0.004999999999999893,196.3954012003416,True,0.9791606769196862,0.6477524460101449,0.05700570466802629,,0.375383398973044,True
2.97,2.9273333333333333,3.0126666666666666,False,195.90826859169485,True,0.5485250542599845,0.39999999999999736,0.05804908368618882,-24.724092625544397,2.975,0.004999999999999893,187.65892669266694,True,0.9625020640120056,8.249341899027911,0.7447844510907372,,-0.41239534744966405,False
2.98,2.937333333333333,3.022666666666667,False,192.54268179725335,True,0.42606232904328145,0.10000000000000017,0.055093149048348944,-25.178048064882464,2.975,-0.004999999999999893,187.65892669266694,True,0.9625020640120056,4.883755104586413,0.4447844510907354,pyin_probability_below_0.5,-0.41239534744966405,False
2.99,2.9473333333333334,3.0326666666666666,False,189.23491376948436,True,0.4260623290432814,-0.19999999999999973,0.05134507168256614,-25.79002470979864,2.995,0.004999999999999893,185.966199236871,True,0.9920362540968177,3.268714532613359,0.3016543859293665,pyin_probability_below_0.5,-0.5692652822882905,False
3.0,2.957333333333333,3.042666666666667,False,183.84776310850236,True,0.42606232904328145,-0.7000000000000002,0.0468390556870919,-26.587837384725862,2.995,-0.004999999999999893,185.966199236871,True,0.9920362540968177,2.118436128368643,-0.1983456140706337,pyin_probability_below_0.5,-0.5692652822882905,False
3.01,2.9673333333333334,3.0526666666666666,False,179.64867439581087,True,0.42606232904328145,-1.1000000000000019,0.0424636189390243,-27.439659921594615,3.005,-0.004999999999999893,182.6395165677543,True,0.988295638652862,2.9908421719434273,-0.2858478727332698,pyin_probability_below_0.5,-0.8817630236256586,False
3.02,2.977333333333333,3.062666666666667,False,178.6139741695516,True,0.3233360583906409,-1.2000000000000002,0.04081612886771278,-27.783363750906695,3.015,-0.004999999999999893,178.8425973729476,True,0.9822194095461338,0.22862320339601183,-0.02214536587689468,pyin_probability_below_0.5,-1.2454655304820301,False
3.03,2.9873333333333334,3.0726666666666667,False,174.53442536143424,True,0.2407543944755743,-1.6,0.04009939556046083,-27.93724347364869,3.025,-0.004999999999999893,174.9643865577433,True,0.9857352245491198,0.4299611963090513,-0.04259607260229023,pyin_probability_below_0.5,-1.6250148237566355,False
3.04,2.997333333333333,3.082666666666667,False,171.53602840047625,True,0.2065067991177523,-1.9000000000000006,0.03876225392508299,-28.231819555662643,3.035,-0.004999999999999893,171.1921881721851,True,0.9845481935746428,0.3438402282911568,0.034737035445857205,pyin_probability_below_0.5,-2.002347931804783,False
3.05,3.0073333333333334,3.0926666666666667,False,168.58914210463126,True,0.1765306086328976,-2.1999999999999997,0.037165432712808394,-28.597216127829576,3.045,-0.004999999999999893,167.07478032896495,True,0.9802706455242134,1.5143617756663161,0.15621175116560007,pyin_probability_below_0.5,-2.4238226475245273,False
3.06,3.017333333333333,3.1026666666666665,False,164.73856077731807,True,0.20650679911775227,-2.6000000000000028,0.035564000449569415,-28.979787858730262,3.055,-0.004999999999999893,164.42772556332784,True,0.9728119220844595,0.31083521399023084,0.032696463057932855,pyin_probability_below_0.5,-2.7003073594168607,False
3.07,3.0273333333333334,3.1126666666666667,False,161.90845090664698,True,0.20650679911775227,-2.8999999999999995,0.033526166446434885,-29.492322063748006,3.065,-0.004999999999999893,162.1591772169037,True,0.9245498551279178,0.25072631025670944,-0.026788606713708862,pyin_probability_below_0.5,-2.9408222896452183,False
3.08,3.037333333333333,3.1226666666666665,False,159.12696062960518,True,0.20650679911775227,-3.2000000000000006,0.03138236611542094,-30.066286306038627,3.075,-0.004999999999999893,158.74152753256126,True,0.9264781833834035,0.38543309704391504,0.04198435850796085,pyin_probability_below_0.5,-3.3095952548668883,False
3.09,3.0473333333333334,3.1326666666666667,False,155.49249582586248,True,0.1765306086328976,-3.600000000000003,0.030417345601197326,-30.337573755069354,3.085,-0.004999999999999893,154.3600585552677,True,0.9495597717537179,1.132437270594778,0.1265455238423708,pyin_probability_below_0.5,-3.7941564202013023,False
3.1,3.0573333333333332,3.1426666666666665,False,153.70651218352927,True,0.15046460134333883,-3.8,0.029227330929077727,-30.68421686130815,3.095,-0.004999999999999893,151.776829631697,True,0.9788697795972885,1.9296825518322578,0.21872070359088702,pyin_probability_below_0.5,-4.086331599949812,False
3.11,3.0673333333333335,3.1526666666666667,False,151.06592630451914,True,0.2796051653363589,-4.100000000000002,0.027516012093985957,-31.208290166778852,3.105,-0.004999999999999893,149.86208706361344,True,0.9784954286597591,1.203839240905694,0.13851409697185366,pyin_probability_below_0.5,-4.30612499333078,False
3.12,3.0773333333333333,3.1626666666666665,False,147.61557577921405,True,0.3721358982975087,-4.500000000000001,0.02661567176658472,-31.49725135943633,3.125,0.004999999999999893,146.01117942815836,True,0.9741533699790369,1.6043963510556978,0.18919346993706382,pyin_probability_below_0.5,-4.756804366295991,False
3.13,3.0873333333333335,3.1726666666666667,False,145.9200662802185,True,0.3721358982975087,-4.7,0.025175034832690173,-31.980598397505027,3.125,-0.004999999999999893,146.01117942815836,True,0.9741533699790369,0.0911131479398648,-0.01080653006293427,pyin_probability_below_0.5,-4.756804366295991,False
3.14,3.0973333333333333,3.1826666666666665,False,144.24403136881983,True,0.3721358982975087,-4.900000000000003,0.024419170819377983,-32.245381742042646,3.145,0.004999999999999893,142.80369305390175,True,0.9733910360382357,1.4403383149180797,0.17374000549303933,pyin_probability_below_0.5,-5.14135090185197,False
3.15,3.1073333333333335,3.1926666666666668,False,142.58724736030138,True,0.32333605839064083,-5.1,0.0230068268879267,-32.76286550588937,3.145,-0.004999999999999893,142.80369305390175,True,0.9733910360382357,0.21644569360037735,-0.026259994506957103,pyin_probability_below_0.5,-5.14135090185197,False
3.16,3.1173333333333333,3.2026666666666666,False,141.7660052464835,True,0.32333605839064083,-5.199999999999999,0.021943163843671336,-33.174015082367156,3.165,0.004999999999999893,137.61522110491538,True,0.9610724571834172,4.150784141568124,0.5144588794271957,pyin_probability_below_0.5,-5.782069775786118,False
3.17,3.1273333333333335,3.212666666666667,False,139.33055012971812,True,0.42606232904328145,-5.499999999999998,0.020204467891681677,-33.89105165448797,3.165,-0.004999999999999893,137.61522110491538,True,0.9610724571834172,1.7153290248027417,0.2144588794271948,pyin_probability_below_0.5,-5.782069775786118,False
3.18,3.1373333333333333,3.2226666666666666,False,138.52806521170294,True,0.48498680771591135,-5.600000000000004,0.018811544940210645,-34.51151071158084,3.185,0.004999999999999893,133.1463496692251,True,0.9783520488000492,5.381715542477849,0.6859849638417468,pyin_probability_below_0.5,-6.353595860200676,False
3.19,3.1473333333333335,3.232666666666667,False,136.14823596668148,True,0.6159498854580681,-5.899999999999999,0.01667900960262992,-35.55659482562366,3.185,-0.004999999999999893,133.1463496692251,True,0.9783520488000492,3.0018862974563945,0.3859849638417501,,-6.353595860200676,True
3.2,3.1573333333333333,3.2426666666666666,False,133.80929076365396,True,0.8266685594724996,-6.200000000000002,0.015232394128395447,-36.344636634479755,3.205,0.004999999999999893,131.8464456228238,True,0.9770597927500592,1.9628451408301544,0.25583533236887407,,-6.523446228727801,True
3.21,3.167333333333333,3.252666666666667,False,133.03860595958074,True,0.8911444948731204,-6.300000000000001,0.013249498184468952,-37.55601140034437,3.205,-0.004999999999999893,131.8464456228238,True,0.9770597927500592,1.1921603367569276,0.15583533236887456,,-6.523446228727801,True
3.22,3.1773333333333333,3.2626666666666666,False,132.2723599733492,True,0.9459302094659091,-6.400000000000004,0.011314499220948597,-38.92729326262793,3.225,0.004999999999999893,131.56306538728188,True,0.9746489905595425,0.7092945860673296,0.09308514161007249,,-6.560696037969002,True
3.23,3.187333333333333,3.272666666666667,False,132.2723599733492,True,0.8911444948731203,-6.400000000000004,0.009690966078647098,-40.27265853181849,3.225,-0.004999999999999893,131.56306538728188,True,0.9746489905595425,0.7092945860673296,0.09308514161007249,,-6.560696037969002,True
3.24,3.1973333333333334,3.2826666666666666,False,132.2723599733492,True,0.8911444948731202,-6.400000000000004,0.00795919404208941,-41.982618144730296,3.245,0.004999999999999893,133.5802883828784,True,0.9402080709157858,1.3079284095291825,-0.17034612813909222,,-6.297264768219837,True
3.25,3.207333333333333,3.292666666666667,False,132.2723599733492,True,0.8911444948731202,-6.400000000000004,0.006531389800344778,-43.69988792611075,3.245,-0.004999999999999893,133.5802883828784,True,0.9402080709157858,1.3079284095291825,-0.17034612813909222,,-6.297264768219837,True
3.26,3.2173333333333334,3.3026666666666666,False,133.03860595958074,True,0.8266685594724995,-6.300000000000001,0.005178978578784107,-45.71511770601824,3.255,-0.004999999999999893,,False,0.0,,,voicing_disagreement,,False
3.27,3.227333333333333,3.312666666666667,False,133.80929076365396,True,0.6860828109301792,-6.200000000000002,0.0038571457055716503,-48.27467910273861,3.265,-0.004999999999999893,,False,0.0,,,voicing_disagreement,,False
3.28,3.2373333333333334,3.3226666666666667,False,135.36407982952485,True,0.32333605839064083,-5.9999999999999964,0.0025599658219925226,-51.835316657975014,3.275,-0.004999999999999893,,False,0.0,,,pyin_probability_below_0.5|voicing_disagreement,,False
3.29,3.247333333333333,3.332666666666667,False,134.5844400993791,True,0.04768699308253104,-6.1,0.0013429491919673606,-57.43880835519774,3.285,-0.004999999999999893,,False,0.0,,,pyin_probability_below_0.5|voicing_disagreement,,False
3.3,3.2573333333333334,3.3426666666666667,False,145.9200662802185,True,0.010000078102280324,-4.7,0.0007893652821531603,-62.05443957302026,3.295,-0.004999999999999893,,False,0.0,,,pyin_probability_below_0.5|voicing_disagreement,,False
3.31,3.267333333333333,3.3526666666666665,False,147.61557577921405,True,0.01,-4.500000000000001,0.0004944302396700083,-66.11789950756757,3.305,-0.004999999999999893,,False,0.0,,,pyin_probability_below_0.5|voicing_disagreement,,False
3.32,3.2773333333333334,3.3626666666666667,False,,False,0.01,,0.00045471167404373283,-66.84527791577942,3.315,-0.004999999999999893,,False,0.0,,,,,False
3.33,3.287333333333333,3.3726666666666665,False,,False,0.01,,0.000449338508598456,-66.94852720992614,3.325,-0.004999999999999893,,False,0.0,,,,,False
3.34,3.2973333333333334,3.3826666666666667,False,,False,0.01,,0.00034945820470910007,-69.13209517087667,3.335,-0.004999999999999893,,False,0.0,,,,,False
3.35,3.3073333333333332,3.3926666666666665,False,,False,0.01,,0.00022738683734066704,-72.86469357535493,3.345,-0.004999999999999893,,False,0.0,,,,,False
3.36,3.3173333333333335,3.4026666666666667,False,,False,0.01,,0.00017126487929382318,-75.32663374392375,3.355,-0.004999999999999893,,False,0.0,,,,,False
3.37,3.3273333333333333,3.4126666666666665,False,,False,0.01,,0.00015613486473661662,-76.13000217295371,3.375,0.004999999999999893,,False,0.0,,,,,False
3.38,3.3373333333333335,3.4226666666666667,False,,False,0.01,,0.00014054001721361316,-77.04399995211136,3.375,-0.004999999999999893,,False,0.0,,,,,False
3.39,3.3473333333333333,3.4326666666666665,False,,False,0.01,,0.00014038299735141252,-77.05370978196068,3.395,0.004999999999999893,,False,0.0,,,,,False
3.4,3.3573333333333335,3.4426666666666668,False,,False,0.01,,0.00013911228653258622,-77.13269022005011,3.395,-0.004999999999999893,,False,0.0,,,,,False
3.41,3.3673333333333333,3.4526666666666666,False,,False,0.01,,0.0001082892881928275,-79.3082900196315,3.415,0.004999999999999893,,False,0.0,,,,,False
3.42,3.3773333333333335,3.462666666666667,False,,False,0.01,,5.913549803896902e-05,-84.563034824218,3.415,-0.004999999999999893,,False,0.0,,,,,False
3.43,3.3873333333333333,3.4726666666666666,False,,False,0.01,,5.9621808441873766e-05,-84.49189710266111,3.435,0.004999999999999893,,False,0.0,,,,,False
3.44,3.3973333333333335,3.482666666666667,False,,False,0.01,,6.0530152866916186e-05,-84.3605645857918,3.435,-0.004999999999999893,,False,0.0,,,,,False
3.45,3.4073333333333333,3.4926666666666666,False,,False,0.01,,6.003605169501168e-05,-84.43175754225058,3.455,0.004999999999999893,,False,0.0,,,,,False
3.46,3.417333333333333,3.502666666666667,False,,False,0.01,,4.1151903172285874e-05,-87.71220149913924,3.455,-0.004999999999999893,,False,0.0,,,,,False
3.47,3.4273333333333333,3.5126666666666666,False,,False,0.01,,1.602910643956338e-05,-95.90181374403791,3.475,0.004999999999999893,,False,0.0,,,,,False
3.48,3.437333333333333,3.522666666666667,False,,False,0.01,,1.8269771633785264e-05,-94.76533762307157,3.475,-0.004999999999999893,,False,0.0,,,,,False
3.49,3.4473333333333334,3.5326666666666666,False,,False,0.01,,2.1175006209539908e-05,-93.48352907282019,3.495,0.004999999999999893,,False,0.0,,,,,False
3.5,3.457333333333333,3.542666666666667,False,,False,0.01,,2.662613603270286e-05,-91.49383707034387,3.495,-0.004999999999999893,,False,0.0,,,,,False
3.51,3.4673333333333334,3.5526666666666666,False,,False,0.01,,2.6073881367668755e-05,-91.6758862956278,3.505,-0.004999999999999893,,False,0.0,,,,,False
3.52,3.477333333333333,3.562666666666667,False,,False,0.01,,2.394653230569786e-05,-92.41514735650148,3.515,-0.004999999999999893,,False,0.0,,,,,False
3.53,3.4873333333333334,3.5726666666666667,False,,False,0.01,,3.429251593850174e-05,-89.29601301678855,3.525,-0.004999999999999893,,False,0.0,,,,,False
3.54,3.497333333333333,3.582666666666667,False,,False,0.01,,0.000253136315976315,-71.93291089401241,3.535,-0.004999999999999893,,False,0.0,,,,,False
3.55,3.5073333333333334,3.5926666666666667,False,,False,0.010000078102280324,,0.007390991703139719,-42.625945704889716,3.545,-0.004999999999999893,,False,0.0,,,,,False
3.56,3.517333333333333,3.6026666666666665,False,199.33268480704808,True,0.01508558729750434,0.7000000000000017,0.013627448497685619,-37.31170901258863,3.555,-0.004999999999999893,,False,0.0,,,pyin_probability_below_0.5|voicing_disagreement,,False
3.57,3.5273333333333334,3.6126666666666667,False,192.54268179725335,True,0.06608151270920701,0.10000000000000017,0.018851822921359958,-34.49293296602379,3.565,-0.004999999999999893,,False,0.0,,,pyin_probability_below_0.5|voicing_disagreement,,False
3.58,3.537333333333333,3.6226666666666665,False,190.3311404729313,True,0.17653060863289755,-0.10000000000000067,0.023904549572951884,-32.430388703722315,3.575,-0.004999999999999893,,False,0.0,,,pyin_probability_below_0.5|voicing_disagreement,,False
3.59,3.5473333333333334,3.6326666666666667,False,189.23491376948436,True,0.32333605839064083,-0.19999999999999973,0.028843320362484087,-30.79909492613872,3.585,-0.004999999999999893,205.14104852907963,True,0.7330883986123691,15.906134759595261,-1.3972549523028839,pyin_probability_below_0.5|pitch_difference_over_1_semitone,1.1296440559439604,False
3.6,3.5573333333333332,3.6426666666666665,False,189.23491376948436,True,0.42606232904328145,-0.19999999999999973,0.03386248542080602,-29.40562337880776,3.595,-0.004999999999999893,192.3760093544518,True,0.8906551017129624,3.141095584967445,-0.28500727386401364,pyin_probability_below_0.5,0.017396377505088052,False
3.61,3.5673333333333335,3.6526666666666667,False,189.23491376948436,True,0.5485250542599844,-0.19999999999999973,0.03805687486638431,-28.391337554826023,3.605,-0.004999999999999893,187.74056928122897,True,0.991652308226892,1.4943444882553933,0.13725421021844947,,-0.40486510657737584,True
3.62,3.5773333333333333,3.6626666666666665,False,189.23491376948436,True,0.6159498854580677,-0.19999999999999973,0.041989210947118626,-27.5372457292141,3.625,0.004999999999999893,188.2173223849426,True,0.9971767837787878,1.0175913845417597,0.09334654572380052,,-0.36095744208272407,True
3.63,3.5873333333333335,3.6726666666666667,False,188.14500086724917,True,0.7571601330199093,-0.2999999999999981,0.04605428394401917,-26.734599315112636,3.625,-0.004999999999999893,188.2173223849426,True,0.9971767837787878,0.07232151769343886,-0.0066534542762004024,,-0.36095744208272407,True
3.64,3.5973333333333333,3.6826666666666665,False,188.14500086724917,True,0.8266685594724995,-0.2999999999999981,0.04910433748355015,-26.17760288178859,3.645,0.004999999999999893,187.91775061346058,True,0.9982720280028348,0.22725025378858277,0.020923285986546532,,-0.3885341823454702,True
3.65,3.6073333333333335,3.6926666666666668,False,188.14500086724917,True,0.8266685594724996,-0.2999999999999981,0.05166590420051531,-25.73591931316247,3.645,-0.004999999999999893,187.91775061346058,True,0.9982720280028348,0.22725025378858277,0.020923285986546532,,-0.3885341823454702,True
3.66,3.6173333333333333,3.7026666666666666,False,189.23491376948436,True,0.8266685594724996,-0.19999999999999973,0.05382390604060034,-25.38049576714805,3.665,0.004999999999999893,187.8122342360955,True,0.9998770701417274,1.422679533388873,0.13064694698762266,,-0.398257843346547,True
3.67,3.6273333333333335,3.712666666666667,False,189.23491376948436,True,0.8266685594724995,-0.19999999999999973,0.05547343179924217,-25.11829932335654,3.665,-0.004999999999999893,187.8122342360955,True,0.9998770701417274,1.422679533388873,0.13064694698762266,,-0.398257843346547,True
3.68,3.6373333333333333,3.7226666666666666,False,190.3311404729313,True,0.8911444948731204,-0.10000000000000067,0.05649806338482869,-24.959328769521694,3.685,0.004999999999999893,190.0462637283369,True,0.9984254585502623,0.28487674459441337,0.025931530463769815,,-0.19354242682269635,True
3.69,3.6473333333333335,3.732666666666667,False,190.3311404729313,True,0.8911444948731204,-0.10000000000000067,0.05763825523589942,-24.78578348321571,3.685,-0.004999999999999893,190.0462637283369,True,0.9984254585502623,0.28487674459441337,0.025931530463769815,,-0.19354242682269635,True
3.7,3.6573333333333333,3.7426666666666666,False,191.43371755306833,True,0.8911444948731204,0.0,0.05851334296816978,-24.65490178375874,3.705,0.004999999999999893,191.94708964261486,True,0.9988036946942181,0.5133720895465217,-0.04636475044123416,,-0.021246145917691913,True
3.71,3.667333333333333,3.752666666666667,False,191.43371755306833,True,0.8911444948731204,0.0,0.05864801686688697,-24.634933372019052,3.705,-0.004999999999999893,191.94708964261486,True,0.9988036946942181,0.5133720895465217,-0.04636475044123416,,-0.021246145917691913,True
3.72,3.6773333333333333,3.7626666666666666,False,191.43371755306833,True,0.9459302094659092,0.0,0.05805643962863488,-24.72299202494364,3.725,0.004999999999999893,192.6510299651371,True,0.9985879292019849,1.2173124120687646,-0.10973930968307317,,0.04212841332414755,True
3.73,3.687333333333333,3.772666666666667,False,191.43371755306833,True,0.9459302094659092,0.0,0.05714579993367941,-24.86031367200812,3.725,-0.004999999999999893,192.6510299651371,True,0.9985879292019849,1.2173124120687646,-0.10973930968307317,,0.04212841332414755,True
3.74,3.6973333333333334,3.7826666666666666,False,190.3311404729313,True,0.9459302094659092,-0.10000000000000067,0.05537707605219123,-25.133399580665056,3.745,0.004999999999999893,190.44421093182402,True,0.9988948735079981,0.11307045889270739,-0.010281728237405112,,-0.15732916812152042,True
3.75,3.707333333333333,3.792666666666667,False,189.23491376948436,True,0.9459302094659092,-0.19999999999999973,0.05238299742233395,-25.616193086243776,3.745,-0.004999999999999893,190.44421093182402,True,0.9988948735079981,1.2092971623396522,-0.11028172823740512,,-0.15732916812152042,True
3.76,3.7173333333333334,3.8026666666666666,False,188.14500086724917,True,0.9459302094659092,-0.2999999999999981,0.04887673430613103,-26.21795638272686,3.755,-0.004999999999999893,188.84342964802815,True,0.9958474441983618,0.6984287807789826,-0.06414759561048872,,-0.30346330074843475,True
3.77,3.727333333333333,3.812666666666667,False,187.0613654014066,True,0.8911444948731201,-0.4000000000000008,0.04464865025945896,-27.00383330828771,3.765,-0.004999999999999893,186.0783672348734,True,0.988960038237539,0.9829981665331786,0.09121536433135086,,-0.5588262606902761,True
3.78,3.7373333333333334,3.8226666666666667,False,185.98397121658357,True,0.8911444948731202,-0.5000000000000021,0.03988553382994272,-27.98369181910377,3.775,-0.004999999999999893,181.36769062947306,True,0.9794221816069173,4.616280587110509,0.4351298049145573,,-1.0027407012734864,True
3.79,3.747333333333333,3.832666666666667,False,183.84776310850236,True,0.7571601330199093,-0.7000000000000002,0.035279521369474064,-29.049546309810207,3.785,-0.004999999999999893,175.29348863071726,True,0.9815236482564517,8.5542744777851,0.8248705899695278,,-1.5924814863284533,False
3.8,3.7573333333333334,3.8426666666666667,False,182.78887791090543,True,0.1279370863012904,-0.8000000000000008,0.03334040252372759,-29.54058322346654,3.795,-0.004999999999999893,170.16410300315238,True,0.9923735956825875,12.62477490775305,1.2390187772824424,pyin_probability_below_0.5|pitch_difference_over_1_semitone,-2.10662967364137,False
3.81,3.767333333333333,3.8526666666666665,False,173.52918104210445,True,0.09203757081218103,-1.7000000000000013,0.03190730745843503,-29.922196855823564,3.805,-0.004999999999999893,169.7088896932648,True,0.9949307059589035,3.820291348839646,0.38539382148105156,pyin_probability_below_0.5,-2.1530047178399796,False
3.82,3.7773333333333334,3.8626666666666667,False,168.58914210463126,True,0.04069733156888105,-2.1999999999999997,0.030870117688752884,-30.209234296345436,3.815,-0.004999999999999893,170.47009501728823,True,0.9765843624169044,1.8809529126569657,-0.19208461393220216,pyin_probability_below_0.5,-2.0755262824267224,False
3.83,3.787333333333333,3.8726666666666665,False,164.73856077731807,True,0.015085587297504338,-2.6000000000000028,0.03128535084339046,-30.093179406988504,3.825,-0.004999999999999893,183.8281217996011,True,0.5833725855751737,19.08956102228302,-1.8981503435952063,pyin_probability_below_0.5|pitch_difference_over_1_semitone,-0.7694605527637215,False
3.84,3.7973333333333334,3.8826666666666667,False,160.97592684906726,True,0.010622609040911533,-2.9999999999999987,0.03279146572030401,-29.684783414088503,3.835,-0.004999999999999893,175.784020616857,True,0.5913680135256141,14.808093767789728,-1.5235076858708758,pyin_probability_below_0.5|pitch_difference_over_1_semitone,-1.5441032104880485,False
3.85,3.8073333333333332,3.8926666666666665,False,160.97592684906726,True,0.01010197459374499,-2.9999999999999987,0.03385385625796673,-29.407837082461516,3.845,-0.004999999999999893,169.9467497175365,True,0.8038503016036156,8.970822868469241,-0.938853762981952,pyin_probability_below_0.5,-2.1287571333769737,False
3.86,3.8173333333333335,3.9026666666666667,False,159.12696062960518,True,0.01002672467381077,-3.2000000000000006,0.035226684455721184,-29.0625646159923,3.855,-0.004999999999999893,163.2791075532061,True,0.871637005910488,4.152146923600924,-0.4459429456626752,pyin_probability_below_0.5,-2.8216679506962503,False
3.87,3.8273333333333333,3.9126666666666665,False,161.90845090664698,True,0.010009025493342986,-2.8999999999999995,0.036343083431763075,-28.791564578208835,3.875,0.004999999999999893,152.06365781985374,True,0.8671914115213532,9.844793086793231,1.0860346796024587,pyin_probability_below_0.5|pitch_difference_over_1_semitone,-4.0536455759613865,False
3.88,3.8373333333333335,3.9226666666666667,False,160.97592684906726,True,0.01001876450976914,-2.9999999999999987,0.03628609002334666,-28.80519652618963,3.875,-0.004999999999999893,152.06365781985374,True,0.8671914115213532,8.912269029213519,0.9860346796024619,pyin_probability_below_0.5,-4.0536455759613865,False
3.89,3.8473333333333333,3.9326666666666665,False,145.9200662802185,True,0.010037765502929688,-4.7,0.03399263137545755,-29.372304306098126,3.895,0.004999999999999893,143.80634704787334,True,0.9581212229392194,2.1137192323451472,0.2526112540786424,pyin_probability_below_0.5,-5.020222150437569,False
3.9,3.8573333333333335,3.9426666666666668,False,143.41324688128702,True,0.010824463728234167,-5.000000000000002,0.03180286263482628,-29.950675732038068,3.895,-0.004999999999999893,143.80634704787334,True,0.9581212229392194,0.3931001665863221,-0.04738874592136037,pyin_probability_below_0.5,-5.020222150437569,False
3.91,3.8673333333333333,3.9526666666666666,False,141.7660052464835,True,0.015085587297504336,-5.199999999999999,0.03031846453275135,-30.365855943279236,3.915,0.004999999999999893,139.58199366962552,True,0.9557267261812034,2.1840115768579835,0.26878535976154444,pyin_probability_below_0.5,-5.536396256120471,False
3.92,3.8773333333333335,3.962666666666667,False,140.13768379557115,True,0.04768699308253103,-5.400000000000003,0.02788593992850858,-31.0922942503553,3.915,-0.004999999999999893,139.58199366962552,True,0.9557267261812034,0.555690125945631,0.06878535976154244,pyin_probability_below_0.5,-5.536396256120471,False
3.93,3.8873333333333333,3.9726666666666666,False,138.52806521170294,True,0.056071395445892624,-5.600000000000004,0.026611052007784748,-31.498759125173024,3.935,0.004999999999999893,135.8655785189547,True,0.9785234082611486,2.662486692748246,0.33597952367107,pyin_probability_below_0.5,-6.003590420030001,False
3.94,3.8973333333333335,3.982666666666667,False,136.93693467412865,True,0.09203757081218102,-5.800000000000001,0.024087801550656516,-32.364056709030685,3.935,-0.004999999999999893,135.8655785189547,True,0.9785234082611486,1.0713561551739588,0.1359795236710713,pyin_probability_below_0.5,-6.003590420030001,False
3.95,3.9073333333333333,3.9926666666666666,False,136.14823596668148,True,0.10857977072874499,-5.899999999999999,0.02268850438810565,-32.88388263179517,3.955,0.004999999999999893,132.32844962252838,True,0.9339027015612972,3.8197863441531013,0.49266031634129115,pyin_probability_below_0.5,-6.460271212700217,False
3.96,3.917333333333333,4.002666666666666,False,134.5844400993791,True,0.10857977072874499,-6.1,0.020545885846512135,-33.74550258333716,3.955,-0.004999999999999893,132.32844962252838,True,0.9339027015612972,2.2559904768507124,0.29266031634129386,pyin_probability_below_0.5,-6.460271212700217,False
3.97,3.9273333333333333,4.012666666666667,False,133.03860595958074,True,0.12793708630129036,-6.300000000000001,0.01855715526719116,-34.62977197015701,3.975,0.004999999999999893,126.58301480056124,True,0.9432484840608442,6.455591159019491,0.8611334755897848,pyin_probability_below_0.5,-7.22874437194871,False
3.98,3.937333333333333,4.022666666666667,False,131.51052723924994,True,0.12793708630129036,-6.5,0.016863417594938247,-35.4610881052431,3.975,-0.004999999999999893,126.58301480056124,True,0.9432484840608442,4.927512438688694,0.6611334755897869,pyin_probability_below_0.5,-7.22874437194871,False
3.99,3.9473333333333334,4.032666666666667,False,128.5068226458765,True,0.27960516533635893,-6.900000000000002,0.014067067998077372,-37.03592826445256,3.995,0.004999999999999893,123.39262178330874,True,0.9438306595206963,5.114200862567756,0.7030658993167775,pyin_probability_below_0.5,-7.670676795675705,False
4.0,3.957333333333333,4.042666666666666,False,126.29915234996876,True,0.5485250542599847,-7.200000000000001,0.012215649516668215,-38.261668725254985,3.995,-0.004999999999999893,123.39262178330874,True,0.9438306595206963,2.906530566660024,0.40306589931677755,,-7.670676795675705,True
4.01,3.9673333333333334,4.052666666666667,False,124.84848285663055,True,0.6860828109301792,-7.400000000000002,0.010598924704060842,-39.494763862216075,4.005,-0.004999999999999893,122.9508968408712,True,0.954443634674341,1.8975860157593587,0.26515237795067664,,-7.732763274309603,True
4.02,3.977333333333333,4.062666666666667,False,124.12940850835416,True,0.6159498854580681,-7.5,0.008229006616402336,-41.69305176976147,4.015000000000001,-0.004999999999999005,124.00596437932036,True,0.9574863721339725,0.12344412903379975,0.01722533103477517,,-7.5848362273937,True
4.03,3.9873333333333334,4.072666666666667,False,123.4144757235675,True,0.615949885458068,-7.599999999999998,0.006662445903367662,-43.52732608527904,4.025,-0.004999999999999893,120.98404632960504,True,0.9089501324252187,2.43042939396247,0.3443376659349935,,-8.011948562293917,True
4.04,3.997333333333333,4.082666666666666,False,124.12940850835416,True,0.48498680771591124,-7.5,0.005262960349196767,-45.57539803833929,4.035,-0.004999999999999893,123.68882964796194,True,0.8629097789267101,0.4405788603922218,0.06155688408442786,pyin_probability_below_0.5,-7.629167780443353,False
4.05,4.007333333333333,4.092666666666666,False,124.12940850835416,True,0.3721358982975087,-7.5,0.0042201071797784845,-47.49353037889321,4.045000000000001,-0.004999999999999005,126.25823258292405,True,0.8394939685712104,2.1288240745698914,-0.29439005162122667,pyin_probability_below_0.5,-7.2732208447377,False
4.06,4.017333333333333,4.102666666666667,False,123.4144757235675,True,0.1765306086328976,-7.599999999999998,0.00319080329410229,-49.92199936532509,4.055000000000001,-0.004999999999999005,,False,0.0,,,pyin_probability_below_0.5|voicing_disagreement,,False
4.07,4.027333333333333,4.112666666666667,False,,False,0.12793708630129036,,0.0025074847285725256,-52.01523406598642,4.065,-0.004999999999999893,,False,0.0,,,,,False
4.08,4.037333333333334,4.1226666666666665,False,,False,0.026168028608935752,,0.0016692221249731544,-55.54971734992222,4.075,-0.004999999999999893,,False,0.0,,,,,False
4.09,4.0473333333333334,4.132666666666666,False,,False,0.010006178555334078,,0.001074880014095932,-59.3728002428622,4.085000000000001,-0.004999999999999005,,False,0.0,,,,,False
4.1,4.057333333333333,4.142666666666667,False,,False,0.0100000000000754,,0.0005222039636617414,-65.64319672188579,4.095000000000001,-0.004999999999999005,,False,0.0,,,,,False
4.11,4.067333333333333,4.152666666666667,False,,False,0.01,,0.0004055134887448928,-67.83989390229725,4.105,-0.004999999999999893,,False,0.0,,,,,False
4.12,4.077333333333334,4.1626666666666665,False,,False,0.01,,0.0002947293406143703,-70.61153255055272,4.115,-0.004999999999999893,,False,0.0,,,,,False
4.13,4.0873333333333335,4.172666666666666,False,65.0,True,0.01,-18.7,0.00021938655295578936,-73.17579991043785,4.125,-0.004999999999999893,,False,0.0,,,near_pyin_floor|pyin_probability_below_0.5|voicing_disagreement,,False
4.14,4.097333333333333,4.182666666666667,False,65.0,True,0.01,-18.7,0.00019882451361077268,-74.03060142598052,4.135000000000001,-0.004999999999999005,,False,0.0,,,near_pyin_floor|pyin_probability_below_0.5|voicing_disagreement,,False
4.15,4.107333333333333,4.192666666666667,False,65.0,True,0.01,-18.7,0.00013381719315247643,-77.46976167582662,4.1450000000000005,-0.004999999999999893,,False,0.0,,,near_pyin_floor|pyin_probability_below_0.5|voicing_disagreement,,False
4.16,4.117333333333334,4.2026666666666666,False,65.0,True,0.01,-18.7,0.00010223459841352384,-79.80804209239338,4.155,-0.004999999999999893,,False,0.0,,,near_pyin_floor|pyin_probability_below_0.5|voicing_disagreement,,False
4.17,4.1273333333333335,4.212666666666666,False,65.0,True,0.01,-18.7,7.134095843988435e-05,-82.93322120739458,4.165,-0.004999999999999893,,False,0.0,,,near_pyin_floor|pyin_probability_below_0.5|voicing_disagreement,,False
4.18,4.137333333333333,4.222666666666667,False,65.0,True,0.01,-18.7,5.793129939455963e-05,-84.74173460400188,4.175000000000001,-0.004999999999999005,,False,0.0,,,near_pyin_floor|pyin_probability_below_0.5|voicing_disagreement,,False
4.19,4.147333333333333,4.232666666666667,False,65.0,True,0.01,-18.7,5.8815500492585566e-05,-84.61016405968209,4.1850000000000005,-0.004999999999999893,,False,0.0,,,near_pyin_floor|pyin_probability_below_0.5|voicing_disagreement,,False
4.2,4.157333333333334,4.242666666666667,False,65.0,True,0.01,-18.7,5.711306985190524e-05,-84.86528991387792,4.195,-0.004999999999999893,,False,0.0,,,near_pyin_floor|pyin_probability_below_0.5|voicing_disagreement,,False
4.21,4.167333333333334,4.252666666666666,False,65.0,True,0.01,-18.7,3.6176827885419196e-05,-88.83139032622643,4.205,-0.004999999999999893,,False,0.0,,,near_pyin_floor|pyin_probability_below_0.5|voicing_disagreement,,False
4.22,4.177333333333333,4.262666666666667,False,65.0,True,0.01,-18.7,2.7133668404496755e-05,-91.32982973469856,4.215000000000001,-0.004999999999999005,,False,0.0,,,near_pyin_floor|pyin_probability_below_0.5|voicing_disagreement,,False
4.23,4.187333333333333,4.272666666666667,False,65.0,True,0.01,-18.7,5.205175037000728e-05,-85.67129323344204,4.2250000000000005,-0.004999999999999893,,False,0.0,,,near_pyin_floor|pyin_probability_below_0.5|voicing_disagreement,,False
4.24,4.197333333333333,4.282666666666667,False,,False,0.01,,5.6343511219468795e-05,-84.98312184216836,4.235,-0.004999999999999893,,False,0.0,,,,,False
4.25,4.207333333333334,4.292666666666666,False,,False,0.01,,5.6404011087880116e-05,-84.9738002141659,4.245,-0.004999999999999893,,False,0.0,,,,,False
4.26,4.217333333333333,4.302666666666667,False,,False,0.01,,5.5979138926555705e-05,-85.0394757230854,4.255000000000001,-0.004999999999999005,,False,0.0,,,,,False
4.27,4.227333333333333,4.312666666666667,False,,False,0.01,,5.293536791373412e-05,-85.52508128242307,4.265000000000001,-0.004999999999999005,,False,0.0,,,,,False
4.28,4.237333333333333,4.322666666666667,False,,False,0.01,,5.343555573039461e-05,-85.4433933916488,4.275,-0.004999999999999893,,False,0.0,,,,,False
4.29,4.247333333333334,4.332666666666666,False,,False,0.01,,5.343555573039461e-05,-85.4433933916488,4.285,-0.004999999999999893,,False,0.0,,,,,False
4.3,4.257333333333333,4.342666666666666,False,,False,0.01,,5.310690228395788e-05,-85.49698060321921,4.295000000000001,-0.004999999999999005,,False,0.0,,,,,False
4.31,4.267333333333333,4.352666666666667,False,,False,0.01,,4.017901312435321e-05,-87.92001469168135,4.305000000000001,-0.004999999999999005,,False,0.0,,,,,False
4.32,4.277333333333333,4.362666666666667,False,,False,0.01,,1.3058723390225557e-05,-97.68198554495511,4.315,-0.004999999999999893,,False,0.0,,,,,False
4.33,4.287333333333334,4.3726666666666665,False,,False,0.01,,9.512871429090502e-06,-100.43376745813521,4.325,-0.004999999999999893,,False,0.0,,,,,False
4.34,4.2973333333333334,4.382666666666666,False,,False,0.01,,1.3803591562395218e-05,-97.20015799256934,4.335000000000001,-0.004999999999999005,,False,0.0,,,,,False
4.35,4.307333333333333,4.392666666666667,False,,False,0.01,,1.7507133246122188e-05,-95.1356992568791,4.345000000000001,-0.004999999999999005,,False,0.0,,,,,False
4.36,4.317333333333333,4.402666666666667,False,,False,0.01,,1.9741288704380467e-05,-94.09249000300031,4.355,-0.004999999999999893,,False,0.0,,,,,False
4.37,4.327333333333334,4.4126666666666665,False,,False,0.01,,2.34572865986802e-05,-92.59444451906779,4.365,-0.004999999999999893,,False,0.0,,,,,False
4.38,4.3373333333333335,4.422666666666666,False,,False,0.01,,2.5660751432559414e-05,-91.814612603621,4.375000000000001,-0.004999999999999005,,False,0.0,,,,,False
4.39,4.347333333333333,4.432666666666667,False,,False,0.01,,2.7565972200001972e-05,-91.19253372329837,4.385000000000001,-0.004999999999999005,,False,0.0,,,,,False
4.4,4.357333333333333,4.442666666666667,False,,False,0.01,,3.20085267006653e-05,-89.894686304994,4.3950000000000005,-0.004999999999999893,,False,0.0,,,,,False
4.41,4.367333333333334,4.45,True,65.75526361962497,True,0.01,-18.5,4.0446469829153154e-05,-87.86238755303569,4.405,-0.004999999999999893,,False,0.0,,,near_pyin_floor|pyin_probability_below_0.5|voicing_disagreement|edge_window,,False
4.42,4.3773333333333335,4.45,True,65.75526361962497,True,0.01,-18.5,4.214421289711511e-05,-87.50524105632485,4.415,-0.004999999999999893,,False,0.0,,,near_pyin_floor|pyin_probability_below_0.5|voicing_disagreement|edge_window,,False
4.43,4.387333333333333,4.45,True,65.75526361962497,True,0.01,-18.5,4.367184150650087e-05,-87.19596989674615,4.425000000000001,-0.004999999999999005,,False,0.0,,,near_pyin_floor|pyin_probability_below_0.5|voicing_disagreement|edge_window,,False
4.44,4.397333333333333,4.45,True,65.37654116941047,True,0.01,-18.6,4.5282785216786494e-05,-86.88133737531759,,,,,,,,near_pyin_floor|pyin_probability_below_0.5|edge_window,,False
