timestamp_s,window_start_s,window_end_s,edge_padded,f0_hz,voiced,voicing_probability,relative_pitch_semitones,rms_amplitude,rms_dbfs,praat_timestamp_s,praat_time_offset_s,praat_f0_hz,praat_voiced,praat_strength,absolute_difference_hz,signed_difference_semitones,flags,praat_relative_semitones,agreement_screen_pass,pyin_speaker_relative_st,praat_speaker_relative_st
0.0,0.0,0.042666666666666665,True,,False,0.010000000000221911,,0.00019928712926245223,-74.01041497639598,,,,,,,,edge_window,,False,,
0.01,0.0,0.05266666666666667,True,,False,0.010000000001606035,,0.000200558480520543,-73.95517938714391,,,,,,,,edge_window,,False,,
0.02,0.0,0.06266666666666666,True,,False,0.010000000000221915,,0.00019898683709327662,-74.02351302123566,,,,,,,,edge_window,,False,,
0.03,0.0,0.07266666666666667,True,,False,0.010000000000221911,,0.00019692482205576288,-74.11399076587016,0.026666666666666502,-0.003333333333333497,,False,0.0,,,edge_window,,False,,
0.04,0.0,0.08266666666666667,True,,False,0.01000000000061386,,0.0001986775633580085,-74.03702349927218,0.0366666666666665,-0.0033333333333335005,,False,0.0,,,edge_window,,False,,
0.05,0.007333333333333333,0.09266666666666666,False,,False,0.010000000000001869,,0.00019692797340632493,-74.11385176833855,0.0466666666666665,-0.0033333333333335005,,False,0.0,,,,,False,,
0.06,0.017333333333333333,0.10266666666666667,False,,False,0.01000000000000011,,0.00019986303979361078,-73.98535023047279,0.056666666666666504,-0.0033333333333334936,,False,0.0,,,,,False,,
0.07,0.027333333333333334,0.11266666666666666,False,,False,0.010000000000000439,,0.00020940536030616649,-73.58024411106197,0.0666666666666665,-0.0033333333333335075,,False,0.0,,,,,False,,
0.08,0.037333333333333336,0.12266666666666666,False,,False,0.010000000003996623,,0.00022512067545994526,-72.95169233670055,0.07666666666666651,-0.0033333333333334936,,False,0.0,,,,,False,,
0.09,0.04733333333333333,0.13266666666666665,False,,False,0.010000000417925077,,0.00022113577052096405,-73.10682002103088,0.0866666666666665,-0.0033333333333334936,,False,0.0,,,,,False,,
0.1,0.05733333333333333,0.14266666666666666,False,,False,0.010000000814014904,,0.00022166158811926423,-73.08619119077137,0.09666666666666651,-0.0033333333333334936,,False,0.0,,,,,False,,
0.11,0.06733333333333333,0.15266666666666667,False,,False,0.010000002871100368,,0.0002236889816525155,-73.00710815225281,0.10666666666666651,-0.0033333333333334936,,False,0.0,,,,,False,,
0.12,0.07733333333333334,0.16266666666666665,False,,False,0.010000000208892744,,0.00022156668413278506,-73.08991083420108,0.1166666666666665,-0.0033333333333334936,,False,0.0,,,,,False,,
0.13,0.08733333333333333,0.17266666666666666,False,,False,0.010000002871100366,,0.00022389167606063712,-72.99924105009272,0.1266666666666665,-0.0033333333333334936,,False,0.0,,,,,False,,
0.14,0.09733333333333333,0.18266666666666667,False,,False,0.010000009287486632,,0.00022035397832709453,-73.13758208439212,0.1366666666666665,-0.0033333333333335213,,False,0.0,,,,,False,,
0.15,0.10733333333333334,0.19266666666666668,False,,False,0.010000000101429396,,0.00020954538251467093,-73.5744380944069,0.1466666666666665,-0.0033333333333334936,,False,0.0,,,,,False,,
0.16,0.11733333333333333,0.20266666666666666,False,,False,0.010000000101429396,,0.00020191843864479606,-73.89648041299921,0.1566666666666665,-0.0033333333333334936,,False,0.0,,,,,False,,
0.17,0.12733333333333333,0.21266666666666667,False,,False,0.010000000000221911,,0.0001852725604633304,-74.64377793005826,0.16666666666666652,-0.0033333333333334936,,False,0.0,,,,,False,,
0.18,0.13733333333333334,0.22266666666666668,False,,False,0.010000000000075402,,0.0001862999786948662,-74.59574389538729,0.1766666666666665,-0.0033333333333334936,,False,0.0,,,,,False,,
0.19,0.14733333333333334,0.23266666666666666,False,,False,0.010000000000023851,,0.00018762557574641535,-74.53415924147765,0.1866666666666665,-0.0033333333333334936,,False,0.0,,,,,False,,
0.2,0.15733333333333333,0.24266666666666667,False,,False,0.01000000000000011,,0.0001860893283981639,-74.60557062988093,0.19666666666666652,-0.0033333333333334936,,False,0.0,,,,,False,,
0.21,0.16733333333333333,0.25266666666666665,False,,False,0.010000000000001869,,0.0001878363189407951,-74.5244086257881,0.2066666666666665,-0.0033333333333334936,,False,0.0,,,,,False,,
0.22,0.17733333333333334,0.26266666666666666,False,,False,0.01000000000000011,,0.00018522469196614647,-74.64602237577691,0.2166666666666665,-0.0033333333333334936,,False,0.0,,,,,False,,
0.23,0.18733333333333332,0.27266666666666667,False,,False,0.01000000000000011,,0.00019330498492283173,-74.27513892599242,0.22666666666666652,-0.0033333333333334936,,False,0.0,,,,,False,,
0.24,0.19733333333333333,0.2826666666666667,False,,False,0.010000000000001869,,0.00020356702697282625,-73.82585132075675,0.2366666666666665,-0.0033333333333334936,,False,0.0,,,,,False,,
0.25,0.20733333333333334,0.2926666666666667,False,,False,0.0100000000000754,,0.00020989827916382094,-73.55982243871124,0.2466666666666665,-0.0033333333333334936,,False,0.0,,,,,False,,
0.26,0.21733333333333332,0.30266666666666664,False,,False,0.01000000000061386,,0.00021205962229556128,-73.47084032920647,0.2566666666666665,-0.0033333333333335213,,False,0.0,,,,,False,,
0.27,0.22733333333333333,0.31266666666666665,False,,False,0.010000000009505967,,0.00021108272801482434,-73.51094603349038,0.2666666666666665,-0.0033333333333335213,,False,0.0,,,,,False,,
0.28,0.23733333333333334,0.32266666666666666,False,,False,0.010000000101429396,,0.00021512544196047365,-73.34616448870449,0.2766666666666665,-0.0033333333333335213,,False,0.0,,,,,False,,
0.29,0.24733333333333332,0.33266666666666667,False,,False,0.010000000208892744,,0.00021646043673674475,-73.2924293928673,0.2866666666666665,-0.003333333333333466,,False,0.0,,,,,False,,
0.3,0.25733333333333336,0.3426666666666667,False,,False,0.010000000101429396,,0.00021881786506027697,-73.19834447123604,0.2966666666666665,-0.003333333333333466,,False,0.0,,,,,False,,
0.31,0.2673333333333333,0.3526666666666667,False,,False,0.010000000047726025,,0.000217899451367037,-73.23487726460847,0.30666666666666653,-0.003333333333333466,,False,0.0,,,,,False,,
0.32,0.2773333333333333,0.3626666666666667,False,,False,0.010000000000075398,,0.0002106945870682519,-73.52693243321873,0.3166666666666665,-0.0033333333333335213,,False,0.0,,,,,False,,
0.33,0.28733333333333333,0.37266666666666665,False,,False,0.010000000000075398,,0.00021684559702709577,-73.27698783242099,0.3266666666666665,-0.0033333333333335213,,False,0.0,,,,,False,,
0.34,0.29733333333333334,0.38266666666666665,False,,False,0.010000000001606033,,0.00022414744910809192,-72.98932398446554,0.3366666666666665,-0.0033333333333335213,,False,0.0,,,,,False,,
0.35,0.30733333333333335,0.39266666666666666,False,,False,0.010000000000613858,,0.00022206690934227445,-73.07032303530993,0.3466666666666665,-0.003333333333333466,,False,0.0,,,,,False,,
0.36,0.31733333333333336,0.4026666666666667,False,,False,0.010000000000613858,,0.00022489937494287943,-72.96023503172627,0.3566666666666665,-0.003333333333333466,,False,0.0,,,,,False,,
0.37,0.3273333333333333,0.4126666666666667,False,,False,0.010000000003996623,,0.0002205674691930139,-73.12917079818477,0.36666666666666653,-0.003333333333333466,,False,0.0,,,,,False,,
0.38,0.3373333333333333,0.4226666666666667,False,,False,0.01000000002170159,,0.00022603640522672968,-72.91643216255704,0.37666666666666654,-0.003333333333333466,,False,0.0,,,,,False,,
0.39,0.3473333333333333,0.43266666666666664,False,,False,0.01000000000950597,,0.00022181181243220393,-73.08030659047095,0.3866666666666665,-0.0033333333333335213,,False,0.0,,,,,False,,
0.4,0.35733333333333334,0.44266666666666665,False,,False,0.010000000021701592,,0.00021701225260069661,-73.27031490029678,0.3966666666666665,-0.0033333333333335213,,False,0.0,,,,,False,,
0.41,0.36733333333333335,0.45266666666666666,False,,False,0.010000000208892744,,0.00021576183265645864,-73.32050755383162,0.4066666666666665,-0.003333333333333466,,False,0.0,,,,,False,,
0.42,0.37733333333333335,0.46266666666666667,False,,False,0.010000000003996623,,0.00020345865422124315,-73.83047664945595,0.4166666666666665,-0.003333333333333466,,False,0.0,,,,,False,,
0.43,0.3873333333333333,0.4726666666666667,False,,False,0.01000000000061386,,0.00020658113453057668,-73.69818683574397,0.4266666666666665,-0.003333333333333466,,False,0.0,,,,,False,,
0.44,0.3973333333333333,0.4826666666666667,False,,False,0.010000000009505967,,0.00020436909059228645,-73.79169575198769,0.43666666666666654,-0.003333333333333466,,False,0.0,,,,,False,,
0.45,0.4073333333333333,0.49266666666666664,False,,False,0.010000000021701592,,0.00020372724588382278,-73.81901771693086,0.4466666666666665,-0.0033333333333335213,,False,0.0,,,,,False,,
0.46,0.41733333333333333,0.5026666666666667,False,,False,0.010000000101429396,,0.00020289631202586935,-73.8545169382262,0.4566666666666665,-0.0033333333333335213,,False,0.0,,,,,False,,
0.47,0.42733333333333334,0.5126666666666667,False,,False,0.01000000002170159,,0.00020448365256582125,-73.78682811833946,0.4666666666666665,-0.003333333333333466,,False,0.0,,,,,False,,
0.48,0.43733333333333335,0.5226666666666666,False,,False,0.010000000021701594,,0.00022533822705803386,-72.94330253994912,0.4766666666666665,-0.003333333333333466,,False,0.0,,,,,False,,
0.49,0.44733333333333336,0.5326666666666666,False,,False,0.010000000101429395,,0.0002432103239308661,-72.28035987655156,0.4866666666666665,-0.003333333333333466,,False,0.0,,,,,False,,
0.5,0.4573333333333333,0.5426666666666666,False,,False,0.010000000208892744,,0.00024523202388555777,-72.20845635283877,0.49666666666666653,-0.003333333333333466,,False,0.0,,,,,False,,
0.51,0.4673333333333333,0.5526666666666666,False,,False,0.010000000208892744,,0.00024384568324830984,-72.25769856466607,0.5066666666666665,-0.0033333333333335213,,False,0.0,,,,,False,,
0.52,0.47733333333333333,0.5626666666666666,False,,False,0.010000000047726026,,0.0002451921520010758,-72.20986869262975,0.5166666666666665,-0.0033333333333335213,,False,0.0,,,,,False,,
0.53,0.48733333333333334,0.5726666666666667,False,,False,0.010000000047726023,,0.00024730569764786614,-72.13531755724445,0.5266666666666665,-0.0033333333333335213,,False,0.0,,,,,False,,
0.54,0.49733333333333335,0.5826666666666667,False,,False,0.010000000101429396,,0.00025199253551793857,-71.97224647257411,0.5366666666666665,-0.0033333333333335213,,False,0.0,,,,,False,,
0.55,0.5073333333333333,0.5926666666666667,False,,False,0.010000000021701592,,0.0002519911820594784,-71.97229312483847,0.5466666666666665,-0.0033333333333335213,,False,0.0,,,,,False,,
0.56,0.5173333333333333,0.6026666666666667,False,,False,0.01000000002170159,,0.0002414793009849318,-72.34240179955717,0.5566666666666665,-0.0033333333333335213,,False,0.0,,,,,False,,
0.57,0.5273333333333333,0.6126666666666667,False,,False,0.01000000000950597,,0.0002326427851029434,-72.6662082319301,0.5666666666666665,-0.0033333333333334103,,False,0.0,,,,,False,,
0.58,0.5373333333333333,0.6226666666666667,False,,False,0.0100000000000754,,0.00021705677722946414,-73.26853299011,0.5766666666666665,-0.0033333333333334103,,False,0.0,,,,,False,,
0.59,0.5473333333333333,0.6326666666666667,False,,False,0.01000000000061386,,0.00021694204227470332,-73.2731255149424,0.5866666666666666,-0.0033333333333334103,,False,0.0,,,,,False,,
0.6,0.5573333333333333,0.6426666666666667,False,,False,0.01000000000061386,,0.00021801733269789786,-73.23017955948386,0.5966666666666666,-0.0033333333333334103,,False,0.0,,,,,False,,
0.61,0.5673333333333334,0.6526666666666666,False,,False,0.010000000021701592,,0.00022575356582393833,-72.92730762379483,0.6066666666666665,-0.0033333333333335213,,False,0.0,,,,,False,,
0.62,0.5773333333333334,0.6626666666666666,False,,False,0.01000000000950597,,0.00021990517965845524,-73.15529082246199,0.6166666666666665,-0.0033333333333335213,,False,0.0,,,,,False,,
0.63,0.5873333333333334,0.6726666666666666,False,,False,0.010000000009505967,,0.00022390741656582081,-72.99863041781062,0.6266666666666665,-0.0033333333333335213,,False,0.0,,,,,False,,
0.64,0.5973333333333334,0.6826666666666666,False,,False,0.010000000003996621,,0.00021696876679321096,-73.27205558898603,0.6366666666666665,-0.0033333333333335213,,False,0.0,,,,,False,,
0.65,0.6073333333333333,0.6926666666666667,False,,False,0.010000000003996621,,0.00021837319793654536,-73.21601331774806,0.6466666666666665,-0.0033333333333335213,,False,0.0,,,,,False,,
0.66,0.6173333333333333,0.7026666666666667,False,,False,0.01000000000002385,,0.000304651555180463,-70.32393201108438,0.6566666666666665,-0.0033333333333335213,,False,0.0,,,,,False,,
0.67,0.6273333333333333,0.7126666666666667,False,,False,0.010000000000075396,,0.0003327028547332461,-69.55886945364387,0.6666666666666665,-0.0033333333333335213,,False,0.0,,,,,False,,
0.68,0.6373333333333333,0.7226666666666667,False,,False,0.010000000000075396,,0.00034793432179002637,-69.17005456797389,0.6766666666666665,-0.0033333333333335213,,False,0.0,,,,,False,,
0.69,0.6473333333333333,0.7326666666666667,False,,False,0.0100000000000754,,0.00035196267679255667,-69.070067760122,0.6866666666666665,-0.0033333333333334103,,False,0.0,,,,,False,,
0.7,0.6573333333333333,0.7426666666666667,False,,False,0.010000000000023851,,0.0003520143543139294,-69.06879253315185,0.6966666666666665,-0.0033333333333334103,,False,0.0,,,,,False,,
0.71,0.6673333333333333,0.7526666666666667,False,,False,0.01000000000002385,,0.000352156105564808,-69.06529555107727,0.7066666666666666,-0.0033333333333334103,,False,0.0,,,,,False,,
0.72,0.6773333333333333,0.7626666666666667,False,,False,0.0100000000000754,,0.0003601055150264427,-68.87140454690305,0.7166666666666666,-0.0033333333333334103,,False,0.0,,,,,False,,
0.73,0.6873333333333334,0.7726666666666666,False,,False,0.010000000101429396,,0.0003652787388994529,-68.74751210448122,0.7266666666666666,-0.0033333333333334103,,False,0.0,,,,,False,,
0.74,0.6973333333333334,0.7826666666666666,False,,False,0.010000000000075398,,0.00031880406666654165,-69.92952294755273,0.7366666666666665,-0.0033333333333335213,,False,0.0,,,,,False,,
0.75,0.7073333333333334,0.7926666666666666,False,,False,0.01000000000950597,,0.0003076168865200493,-70.23979655548877,0.7466666666666665,-0.0033333333333335213,,False,0.0,,,,,False,,
0.76,0.7173333333333334,0.8026666666666666,False,,False,0.010000000003996623,,0.00028086599131846003,-71.03001688395659,0.7566666666666665,-0.0033333333333335213,,False,0.0,,,,,False,,
0.77,0.7273333333333334,0.8126666666666666,False,,False,0.01000000000061386,,0.00032614825053947194,-69.73169893385187,0.7666666666666665,-0.0033333333333335213,,False,0.0,,,,,False,,
0.78,0.7373333333333333,0.8226666666666667,False,,False,0.010052967545965857,,0.0028062465940056677,-51.03748337527344,0.7766666666666665,-0.0033333333333335213,,False,0.0,,,,,False,,
0.79,0.7473333333333333,0.8326666666666667,False,,False,0.01002672467381077,,0.0036654670541603905,-48.71741359305639,0.7866666666666665,-0.0033333333333335213,,False,0.0,,,,,False,,
0.8,0.7573333333333333,0.8426666666666667,False,,False,0.010000000208892744,,0.0075560215969658244,-42.43413618856237,0.7966666666666665,-0.0033333333333335213,,False,0.0,,,,,False,,
0.81,0.7673333333333333,0.8526666666666667,False,,False,0.011085791888943373,,0.013644685241986143,-37.300729565209984,0.8066666666666665,-0.0033333333333335213,,False,0.0,,,,,False,,
0.82,0.7773333333333333,0.8626666666666667,False,,False,0.010037765502929688,,0.01790599165511311,-34.94003244482281,0.8166666666666665,-0.0033333333333334103,,False,0.0,,,,,False,,
0.83,0.7873333333333333,0.8726666666666667,False,,False,0.0100028158258111,,0.025826612359500536,-31.75865111777345,0.8266666666666665,-0.0033333333333334103,,False,0.0,,,,,False,,
0.84,0.7973333333333333,0.8826666666666667,False,,False,0.010002815825811102,,0.03326059570662983,-29.561399534208913,0.8366666666666666,-0.0033333333333334103,,False,0.0,,,,,False,,
0.85,0.8073333333333333,0.8926666666666667,False,,False,0.010037765502929688,,0.039416163244458624,-28.086513041443556,0.8466666666666666,-0.0033333333333334103,,False,0.0,,,,,False,,
0.86,0.8173333333333334,0.9026666666666666,False,,False,0.010052967545965857,,0.044870273385248474,-26.96082568785728,0.8566666666666666,-0.0033333333333334103,,False,0.0,,,,,False,,
0.87,0.8273333333333334,0.9126666666666666,False,,False,0.010140046044704068,,0.049507309381987066,-26.10661352035423,0.8666666666666665,-0.0033333333333335213,94.63244766771169,True,0.6826050002490445,,,voicing_disagreement,-11.63321588668826,False,,-12.006141929171108
0.88,0.8373333333333334,0.9226666666666666,False,,False,0.010467533617069905,,0.05412372812549311,-25.33224592346722,0.8766666666666665,-0.0033333333333335213,94.139567420565,True,0.7451514398828621,,,voicing_disagreement,-11.72362049508398,False,,-12.09654653756683
0.89,0.8473333333333334,0.9326666666666666,False,200.48740730303228,True,0.012403124793551348,1.3999999999999968,0.05688722039044864,-24.899705722106944,0.8866666666666665,-0.0033333333333335213,193.8026009116802,True,0.6275168203415337,6.684806391352083,0.5870842896246882,pyin_probability_below_0.5,0.7769571481739891,False,0.8999999999999985,0.40403110569113854
0.9,0.8573333333333333,0.9426666666666667,False,201.6488190383855,True,0.020317628556360583,1.5000000000000004,0.06002620192387736,-24.433182703325713,0.8966666666666665,-0.0033333333333335213,197.86887858823067,True,0.9438257976608854,3.7799404501548395,0.3276028532377492,pyin_probability_below_0.5,1.1364385845609284,False,1.0000000000000009,0.7635125420780797
0.91,0.8673333333333333,0.9526666666666667,False,201.6488190383855,True,0.07797523762294818,1.5000000000000004,0.0613271536021737,-24.246943838014797,0.9066666666666665,-0.0033333333333335213,199.73040004935143,True,0.9767173576980106,1.9184189890340804,0.16549225305962478,pyin_probability_below_0.5,1.298549184739056,False,1.0000000000000009,0.9256231422562056
0.92,0.8773333333333333,0.9626666666666667,False,201.6488190383855,True,0.37213589829750876,1.5000000000000004,0.06164177053777945,-24.202497910511546,0.9166666666666665,-0.0033333333333335213,202.47392559700788,True,0.980060386295403,0.825106558622366,-0.07069409342878982,pyin_probability_below_0.5,1.5347355312274695,False,1.0000000000000009,1.1618094887446209
0.93,0.8873333333333333,0.9726666666666667,False,202.8169587634771,True,0.48498680771591124,1.599999999999999,0.06504857111665586,-23.73524477773346,0.9266666666666665,-0.0033333333333335213,204.5605607085248,True,0.9935611820402087,1.7436019450477147,-0.14819676313137503,pyin_probability_below_0.5,1.7122382009300514,False,1.099999999999998,1.3393121584472012
0.94,0.8973333333333333,0.9826666666666667,False,205.1735783080468,True,0.5485250542599844,1.800000000000001,0.06881543836560103,-23.246282385045095,0.9366666666666665,-0.0033333333333334103,205.85909796377194,True,0.9898343407491846,0.6855196557251304,-0.057747042422001696,,1.8217884802206814,True,1.2999999999999994,1.4488624377378307
0.95,0.9073333333333333,0.9926666666666667,False,207.55758045272898,True,0.615949885458068,2.0000000000000004,0.07266150366570234,-22.773912380784516,0.9466666666666665,-0.0033333333333334103,206.1069998250427,True,0.9884786357389279,1.4505806276862927,0.12141744722095538,,1.8426239905777226,True,1.5000000000000004,1.4696979480948724
0.96,0.9173333333333333,1.0026666666666666,False,208.75994928447787,True,0.7571601330199095,2.0999999999999988,0.07561659962634679,-22.427657123102964,0.9566666666666666,-0.0033333333333334103,206.9074973291827,True,0.9789672955074717,1.8524519552951801,0.154308409632678,,1.9097330281659977,True,1.599999999999999,1.5368069856831483
0.97,0.9273333333333333,1.0126666666666666,False,209.96928336801093,True,0.8266685594724996,2.1999999999999993,0.07752092743864922,-22.21162080297496,0.9666666666666666,-0.0033333333333334103,211.38716212294202,True,0.9758535961696166,1.4178787549310812,-0.11651366767818334,,2.2805551054768642,True,1.6999999999999993,1.9076290629940118
0.98,0.9373333333333334,1.0226666666666666,False,209.96928336801093,True,0.8911444948731204,2.1999999999999993,0.07897321254361553,-22.050403900093983,0.9766666666666666,-0.0033333333333334103,212.40837619778955,True,0.9857301745869188,2.439092829778616,-0.19994842995613044,,2.3639898677548095,True,1.6999999999999993,1.9910638252719608
0.99,0.9473333333333334,1.0326666666666666,False,209.96928336801093,True,0.8911444948731203,2.1999999999999993,0.08035698912548171,-21.899526881652935,0.9866666666666665,-0.0033333333333335213,211.63536371673766,True,0.9934828146412543,1.666080348726723,-0.13682913899580096,,2.3008705767944813,True,1.6999999999999993,1.927944534311631
1.0,0.9573333333333334,1.0426666666666666,False,209.96928336801093,True,0.8911444948731204,2.1999999999999993,0.0824502931796995,-21.6761559147375,0.9966666666666665,-0.0033333333333335213,210.64541663540922,True,0.9944957488903493,0.6761332673982849,-0.05565882231198905,,2.2197002601106677,True,1.6999999999999993,1.8467742176278186
1.01,0.9673333333333334,1.0526666666666666,False,209.96928336801093,True,0.8911444948731204,2.1999999999999993,0.08394156960929258,-21.52045828498254,1.0066666666666664,-0.0033333333333336324,209.342534783441,True,0.9973062848170198,0.6267485845699241,0.051753814268839224,,2.1122876235298405,True,1.6999999999999993,1.73936158104699
1.02,0.9773333333333334,1.0626666666666666,False,209.96928336801093,True,0.8911444948731204,2.1999999999999993,0.08313526935442085,-21.60429383564423,1.0166666666666664,-0.0033333333333336324,208.3346855747343,True,0.9991298925779086,1.6345977932766402,0.13530284054153363,,2.0287385972571457,True,1.6999999999999993,1.6558125547742923
1.03,0.9873333333333333,1.0726666666666667,False,209.96928336801093,True,0.6860828109301793,2.1999999999999993,0.08362102649802008,-21.55369011057705,1.0266666666666664,-0.0033333333333336324,208.75955707604956,True,0.9988180671478858,1.209726291961374,0.1000325256461124,,2.064008912152566,True,1.6999999999999993,1.6910828696697164
1.04,0.9973333333333333,1.0826666666666667,False,207.55758045272898,True,0.615949885458068,2.0000000000000004,0.08378405725343815,-21.53677225402079,1.0366666666666664,-0.0033333333333336324,209.41177894762458,True,0.9987749504248989,1.8541984948955985,-0.1539716362827384,,2.1180130740814187,True,1.5000000000000004,1.7450870315985676
1.05,1.0073333333333334,1.0926666666666667,False,206.36213675586595,True,0.5485250542599844,1.9000000000000006,0.08451600104037221,-21.461221204279607,1.0466666666666664,-0.0033333333333336324,210.38089129146377,True,0.9951261446699298,4.018754535597822,-0.3339045834952796,,2.1979460212939608,True,1.4000000000000004,1.825019978811108
1.06,1.0173333333333334,1.1026666666666667,False,205.1735783080468,True,0.5485250542599844,1.800000000000001,0.08671278024262011,-21.238337778318325,1.0566666666666664,-0.0033333333333336324,211.12570767380498,True,0.9289028463731593,5.952129365758168,-0.4950876267332457,,2.2591290645319257,True,1.2999999999999994,1.8862030220490729
1.07,1.0273333333333334,1.1126666666666667,False,203.99186545315516,True,0.48498680771591124,1.6999999999999957,0.08907418841536836,-21.004962519215127,1.0666666666666664,-0.0033333333333336324,207.0626727867792,True,0.879718119794681,3.070807333624032,-0.2586705471978488,pyin_probability_below_0.5,1.9227119849965235,False,1.199999999999996,1.5497859425136729
1.08,1.0373333333333334,1.1226666666666667,False,203.99186545315516,True,0.48498680771591124,1.6999999999999957,0.09029854962036415,-20.886384505785514,1.0766666666666664,-0.0033333333333336324,205.16665810784315,True,0.9591145125223812,1.174792654687991,-0.09941607060888555,pyin_probability_below_0.5,1.763457508407562,False,1.199999999999996,1.39053146592471
1.09,1.0473333333333332,1.1326666666666667,False,202.8169587634771,True,0.3233360583906408,1.599999999999999,0.09153733366835064,-20.7680348401379,1.0866666666666664,-0.0033333333333336324,204.451419220581,True,0.987124802188507,1.6344604571038985,-0.13895745113804056,pyin_probability_below_0.5,1.7029988889367171,False,1.099999999999998,1.3300728464538656
1.1,1.0573333333333332,1.1426666666666667,False,201.6488190383855,True,0.24075439447557428,1.5000000000000004,0.09239835734760443,-20.686714991444703,1.0966666666666665,-0.0033333333333336324,203.49161291365803,True,0.9780249936392089,1.8427938752725197,-0.1574925261718846,pyin_probability_below_0.5,1.621533963970566,False,1.0000000000000009,1.248607921487713
1.11,1.0673333333333332,1.1526666666666667,False,200.48740730303228,True,0.1765306086328976,1.3999999999999968,0.09164306691795564,-20.75800770365172,1.1066666666666665,-0.0033333333333336324,201.90371287224306,True,0.9743604483389459,1.4163055692107775,-0.12186981410649067,pyin_probability_below_0.5,1.4859112519051656,False,0.8999999999999985,1.1129852094223152
1.12,1.0773333333333333,1.1626666666666667,False,199.33268480704808,True,0.07797523762294817,1.2999999999999994,0.09044806738511188,-20.872014166563936,1.1166666666666665,-0.0033333333333336324,200.10757523787947,True,0.9678434760798369,0.7748904308313911,-0.06716991326206428,pyin_probability_below_0.5,1.3312113510607442,False,0.8000000000000002,0.9582853085778942
1.13,1.0873333333333333,1.1726666666666667,False,197.04315364635175,True,0.034897428019625254,1.1000000000000019,0.09006632080394684,-20.908751555201313,1.1266666666666665,-0.0033333333333334103,198.01457603094877,True,0.9594009170601617,0.9714223845970196,-0.08514010846679507,pyin_probability_below_0.5,1.1491815462654742,False,0.6000000000000013,0.7762555037826253
1.14,1.0973333333333333,1.1826666666666668,False,195.90826859169485,True,0.04069733156888106,0.9999999999999971,0.08904589798800372,-21.007721641298783,1.1366666666666665,-0.0033333333333334103,196.28761883596312,True,0.8897982728852022,0.3793502442682666,-0.033490624724081125,pyin_probability_below_0.5,0.997532062522759,False,0.49999999999999706,0.62460602003991
1.15,1.1073333333333333,1.1926666666666668,False,194.7799199939686,True,0.03489742801962526,0.9000000000000021,0.08640115884462567,-21.269608651243615,1.1466666666666665,-0.0033333333333334103,193.71714163068856,True,0.8658645288876364,1.0627783632800458,0.09472003063180709,pyin_probability_below_0.5,0.7693214071668733,False,0.4000000000000011,0.39639536468402004
1.16,1.1173333333333333,1.2026666666666668,False,193.6580702059513,True,0.06608151270920701,0.8000000000000002,0.0824444609310863,-21.676770346264934,1.1566666666666665,-0.0033333333333334103,191.96679572209953,True,0.9409567013714192,1.691274483851771,0.1518579845465873,pyin_probability_below_0.5,0.6121834532520926,False,0.3000000000000021,0.23925741076924412
1.17,1.1273333333333333,1.2126666666666666,False,192.54268179725335,True,0.12793708630129036,0.699999999999998,0.07909419090649245,-22.03710824405377,1.1666666666666665,-0.0033333333333334103,190.76499699851695,True,0.9433851337644055,1.7776847987364022,0.1605817304274249,pyin_probability_below_0.5,0.5034597073712529,False,0.20000000000000068,0.13053366488840315
1.18,1.1373333333333333,1.2226666666666666,False,190.3311404729313,True,0.2796051653363589,0.5000000000000008,0.07427740125055349,-22.582865987252532,1.1766666666666665,-0.0033333333333334103,189.50430463991432,True,0.919395009539976,0.826835833016986,0.07537203947320326,pyin_probability_below_0.5,0.3886693983254744,False,0.0,0.015743355842623867
1.19,1.1473333333333333,1.2326666666666666,False,190.3311404729313,True,0.48498680771591124,0.5000000000000008,0.06906478356040364,-23.214866897391136,1.1866666666666663,-0.0033333333333336324,187.14814449141699,True,0.8715076445467614,3.182995981514324,0.2919705451574903,pyin_probability_below_0.5,0.1720708926411862,False,0.0,-0.20085514984166253
1.2,1.1573333333333333,1.2426666666666666,False,189.23491376948436,True,0.42606232904328145,0.4000000000000011,0.0638613092425229,-23.895243641714558,1.1966666666666663,-0.0033333333333336324,185.1849985008281,True,0.8939681783318265,4.049915268656264,0.37453268021151576,pyin_probability_below_0.5,-0.010491242412833253,False,-0.09999999999999873,-0.38341728489568494
1.21,1.1673333333333333,1.2526666666666666,False,188.14500086724917,True,0.4849868077159113,0.3000000000000021,0.05709788510239347,-24.867599553251317,1.2066666666666663,-0.0033333333333336324,189.75660417144957,True,0.9309685910052112,1.6116033042004005,-0.14766168711671784,pyin_probability_below_0.5,0.4117031249153966,False,-0.19999999999999973,0.03877708243254824
1.22,1.1773333333333333,1.2626666666666666,False,187.0613654014066,True,0.48498680771591135,0.19999999999999687,0.04913166720041446,-26.1727699712603,1.2166666666666663,-0.0033333333333336324,190.68055842564857,True,0.9526153707183413,3.61919302424198,-0.33175358806228394,pyin_probability_below_0.5,0.49579502586096086,False,-0.30000000000000204,0.12286898337811203
1.23,1.1873333333333334,1.2726666666666666,False,187.0613654014066,True,0.5485250542599845,0.19999999999999687,0.041492651413615425,-27.640576250390442,1.2266666666666663,-0.0033333333333336324,188.43840909237514,True,0.977137579489973,1.3770436909685486,-0.12697720605661966,,0.29101864385529497,True,-0.30000000000000204,-0.08190739862755335
1.24,1.1973333333333334,1.2826666666666666,False,189.23491376948436,True,0.7571601330199091,0.4000000000000011,0.034481820788163,-29.24819619257653,1.2366666666666664,-0.0033333333333336324,186.77383517887918,True,0.966668561008084,2.461078590605183,0.22663110422776211,,0.13741033357091528,True,-0.09999999999999873,-0.23551570891193374
1.25,1.2073333333333334,1.2926666666666666,False,188.14500086724917,True,0.6860828109301792,0.3000000000000021,0.03008184486482474,-30.43391065546148,1.2466666666666664,-0.0033333333333336324,186.00589722608882,True,0.9537759783972325,2.1391036411603466,0.19795913504749663,,0.06608230275118387,True,-0.19999999999999973,-0.30684373973166634
1.26,1.2173333333333334,1.3026666666666666,False,185.98397121658357,True,0.4260623290432814,0.09999999999999636,0.025619678123280948,-31.828526617635443,1.2566666666666664,-0.0033333333333336324,183.81366621197645,True,0.9285069893881597,2.1703050046071155,0.20321109062277593,pyin_probability_below_0.5,-0.13916965282409796,False,-0.4000000000000028,-0.5120956953069488
1.27,1.2273333333333334,1.3126666666666666,False,187.0613654014066,True,0.09203757081218104,0.19999999999999687,0.02693497937686904,-31.39366705282676,1.2666666666666664,-0.0033333333333336324,179.3453521944872,True,0.8750314497449142,7.716013206919399,0.7292551858156261,pyin_probability_below_0.5,-0.5652137480169508,False,-0.30000000000000204,-0.9381397904998008
1.28,1.2373333333333334,1.3226666666666667,False,188.14500086724917,True,0.15046460134333883,0.3000000000000021,0.03200602934146166,-29.895364019182182,1.2766666666666664,-0.0033333333333336324,176.17230566663116,True,0.9174303062545353,11.972695200618006,1.1382936785923778,pyin_probability_below_0.5|pitch_difference_over_1_semitone,-0.8742522407936952,False,-0.19999999999999973,-1.2471782832765466
1.29,1.2473333333333334,1.3326666666666667,False,183.84776310850236,True,0.24075439447557428,-0.09999999999999873,0.03672235455527769,-28.701389611735472,1.2866666666666664,-0.0033333333333336324,179.3608606980022,True,0.9600391780342333,4.486902410500164,0.427758203138051,pyin_probability_below_0.5,-0.5637167653393717,False,-0.5999999999999991,-0.9366428078222224
1.3,1.2573333333333334,1.3426666666666667,False,180.68936857950385,True,0.24075439447557428,-0.3999999999999969,0.040686571460841536,-27.81097810677918,1.2966666666666664,-0.0033333333333336324,185.82292824532615,True,0.9380361822940455,5.133559665822304,-0.4850028015594967,pyin_probability_below_0.5,0.049044239358179115,False,-0.8999999999999966,-0.3238818031246717
1.31,1.2673333333333334,1.3526666666666667,False,178.6139741695516,True,0.2407543944755743,-0.5999999999999991,0.04336770551877619,-27.25667109444444,1.3066666666666664,-0.0033333333333336324,188.40641552073564,True,0.9344925134147587,9.792441351184038,-0.9240376215332778,pyin_probability_below_0.5,0.2880790593319601,False,-1.0999999999999999,-0.0848469831508919
1.32,1.2773333333333334,1.3626666666666667,False,176.56241769755178,True,0.2065067991177523,-0.8000000000000008,0.04685642090982803,-26.58461775416457,1.3166666666666664,-0.0033333333333336324,183.8147414797106,True,0.9298297260734948,7.252323782158811,-0.696890182297066,pyin_probability_below_0.5,-0.13906837990425513,False,-1.3000000000000005,-0.5119944223871048
1.33,1.2873333333333334,1.3726666666666667,False,174.53442536143424,True,0.2065067991177523,-1.0000000000000013,0.05040900714321404,-25.949837127003633,1.3266666666666664,-0.0033333333333336324,177.40709679821592,True,0.9446361427028919,2.8726714367816726,-0.28262519428729793,pyin_probability_below_0.5,-0.7533333679140215,False,-1.5000000000000004,-1.1262594103968737
1.34,1.2973333333333332,1.3826666666666667,False,173.52918104210445,True,0.2407543944755743,-1.1000000000000019,0.05233621095068056,-25.623954454242813,1.3366666666666664,-0.0033333333333336324,172.5615974510995,True,0.9711381670231157,0.967583591004967,0.09680223378002145,pyin_probability_below_0.5,-1.2327607959813431,False,-1.6000000000000023,-1.6056868384641945
1.35,1.3073333333333332,1.3926666666666667,False,171.53602840047625,True,0.32333605839064083,-1.3000000000000005,0.0535202738542382,-25.42963346045481,1.3466666666666665,-0.0033333333333336324,170.6321639242252,True,0.9838646946629966,0.9038644762510444,0.09146405959645135,pyin_probability_below_0.5,-1.4274226217977708,False,-1.800000000000001,-1.8003486642806201
1.36,1.3173333333333332,1.4026666666666667,False,169.56576906952336,True,0.615949885458068,-1.5000000000000004,0.052703989314674654,-25.56313021120342,1.3566666666666665,-0.0033333333333336324,169.24192991988104,True,0.9767510190293869,0.32383914964231053,0.0330949700780961,,-1.5690535322794157,True,-2.0000000000000004,-1.9419795747622661
1.37,1.3273333333333333,1.4126666666666667,False,168.58914210463126,True,0.6860828109301793,-1.6,0.04992707945703595,-26.033276755320912,1.3666666666666665,-0.0033333333333336324,168.41478949151534,True,0.9799194289137323,0.17435261311592853,0.01791345316781627,,-1.6538720153691384,True,-2.0999999999999996,-2.026798057851989
1.38,1.3373333333333333,1.4226666666666667,False,167.61814009714527,True,0.6860828109301793,-1.7000000000000033,0.048399915880940954,-26.303107863175764,1.3766666666666665,-0.0033333333333334103,167.55784170114225,True,0.9831896169215246,0.060298396003020116,0.0062290046458941106,,-1.7421875668472198,True,-2.200000000000002,-2.1151136093300704
1.39,1.3473333333333333,1.4326666666666668,False,166.65273064969477,True,0.6860828109301793,-1.799999999999999,0.04798407781599372,-26.378056945733444,1.3866666666666665,-0.0033333333333334103,166.11190350260281,True,0.9910091874571566,0.5408271470919601,0.05627396063210292,,-1.8922325228334222,True,-2.3,-2.2651585653162725
1.4,1.3573333333333333,1.4426666666666668,False,166.65273064969477,True,0.6860828109301793,-1.799999999999999,0.04701531766152121,-26.555212504230518,1.3966666666666665,-0.0033333333333334103,164.88203040245486,True,0.9916330168501727,1.7707002472399154,0.1849293689547949,,-2.0208879311561128,True,-2.3,-2.393813973638963
1.41,1.3673333333333333,1.4526666666666668,False,165.6928815515041,True,0.7571601330199093,-1.8999999999999986,0.046658502955427596,-26.621383994354563,1.4066666666666665,-0.0033333333333334103,163.92337752144257,True,0.9871099293595895,1.769504030061512,0.18588009369969216,,-2.121838655901012,True,-2.4000000000000004,-2.494764698383862
1.42,1.3773333333333333,1.4626666666666666,False,164.73856077731807,True,0.7571601330199093,-2.0000000000000027,0.046252435825294834,-26.697307815200215,1.4166666666666665,-0.0033333333333334103,164.05061209523302,True,0.9863950645520899,0.6879486820850502,0.07244775794207747,,-2.1084063201434007,True,-2.5000000000000013,-2.481332362626251
1.43,1.3873333333333333,1.4726666666666666,False,164.73856077731807,True,0.7571601330199094,-2.0000000000000027,0.04587570167327785,-26.768345602262066,1.4266666666666665,-0.0033333333333334103,164.93437738653984,True,0.9866162445613308,0.19581660922176525,-0.020566105487027704,,-2.015392456714296,True,-2.5000000000000013,-2.388318499197146
1.44,1.3973333333333333,1.4826666666666666,False,164.73856077731807,True,0.7571601330199093,-2.0000000000000027,0.04532493684676558,-26.87325584707393,1.4366666666666663,-0.0033333333333336324,165.86875317041475,True,0.9825272609400145,1.130192393096678,-0.1183661154725443,,-1.9175924467287784,True,-2.5000000000000013,-2.2905184892116295
1.45,1.4073333333333333,1.4926666666666666,False,163.7897364863335,True,0.6860828109301792,-2.1000000000000014,0.045223902215661124,-26.89263933180286,1.4466666666666663,-0.0033333333333336324,165.52461624552961,True,0.9843627094739672,1.7348797591961045,-0.18240994790566523,,-1.9535486142956544,True,-2.6000000000000005,-2.326474656778506
1.46,1.4173333333333333,1.5026666666666666,False,163.7897364863335,True,0.615949885458068,-2.1000000000000014,0.045393610631009954,-26.860105437560144,1.4566666666666663,-0.0033333333333336324,164.72994239171058,True,0.9877408036059727,0.9402059053770699,-0.09909427198827277,,-2.0368642902130487,True,-2.6000000000000005,-2.409790332695898
1.47,1.4273333333333333,1.5126666666666666,False,162.84637702113662,True,0.42606232904328145,-2.200000000000002,0.04606046094967806,-26.73343440303283,1.4666666666666663,-0.0033333333333336324,163.26599797837076,True,0.9799003102709943,0.4196209572341445,-0.04455289314304138,pyin_probability_below_0.5,-2.1914056690582795,False,-2.700000000000001,-2.5643317115411306
1.48,1.4373333333333334,1.5226666666666666,False,161.90845090664698,True,0.37213589829750876,-2.3,0.046345434541352315,-26.679860829593448,1.4766666666666663,-0.0033333333333336324,161.79176731893688,True,0.991786729532163,0.11668358771009935,0.012481091910761969,pyin_probability_below_0.5,-2.348439654112085,False,-2.8,-2.721365696594935
1.49,1.4473333333333334,1.5326666666666666,False,160.04877373483913,True,0.3233360583906409,-2.499999999999999,0.04739007358092346,-26.48625233972195,1.4866666666666664,-0.0033333333333336324,160.7267541033412,True,0.989579080245272,0.6779803685020624,-0.07318167032448794,pyin_probability_below_0.5,-2.4627768918768322,False,-2.9999999999999987,-2.8357029343596833
1.5,1.4573333333333334,1.5426666666666666,False,159.12696062960518,True,0.3233360583906409,-2.6000000000000005,0.045962428054669144,-26.751940738538703,1.4966666666666664,-0.0033333333333336324,159.31017566696815,True,0.9837450781732996,0.18321503736297018,-0.01992155498400214,pyin_probability_below_0.5,-2.6160370072173182,False,-3.100000000000001,-2.98896304970017
1.51,1.4673333333333334,1.5526666666666666,False,158.21045677717683,True,0.42606232904328145,-2.699999999999999,0.04465448799181902,-27.00269771775682,1.5066666666666664,-0.0033333333333336324,158.16181565859085,True,0.981024710042655,0.04864111858597653,0.005323422352783163,pyin_probability_below_0.5,-2.7412819845541017,False,-3.2000000000000006,-3.1142080270369528
1.52,1.4773333333333334,1.5626666666666666,False,157.29923159850804,True,0.4260623290432815,-2.8,0.04246723181244161,-27.438920943484298,1.5166666666666664,-0.0033333333333336324,156.35672406703517,True,0.9581289293661327,0.9425075314728701,0.10404432064347534,pyin_probability_below_0.5,-2.9400028828447966,False,-3.299999999999999,-3.312928925327647
1.53,1.4873333333333334,1.5726666666666667,False,156.39325469067515,True,0.4849868077159113,-2.900000000000002,0.040708831067374614,-27.806227359573622,1.5266666666666664,-0.0033333333333336324,154.56536492250484,True,0.924878608053012,1.8278897681703086,0.20353457046871834,pyin_probability_below_0.5,-3.1394931326700393,False,-3.4000000000000012,-3.51241917515289
1.54,1.4973333333333334,1.5826666666666667,False,156.39325469067515,True,0.48498680771591135,-2.900000000000002,0.038513625312643414,-28.28771198061122,1.5366666666666664,-0.0033333333333336324,153.24092311371376,True,0.8536098343653973,3.1523315769613873,0.35252001978371433,pyin_probability_below_0.5,-3.2884785819850375,False,-3.4000000000000012,-3.6614046244678873
1.55,1.5073333333333334,1.5926666666666667,False,155.49249582586248,True,0.4849868077159113,-3.0000000000000036,0.03558840400416871,-28.97382975817232,1.5466666666666664,-0.0033333333333336324,152.06717127176654,True,0.8487993531460919,3.425324554095937,0.385634680194332,pyin_probability_below_0.5,-3.421593242395656,False,-3.5000000000000027,-3.794519284878506
1.56,1.5173333333333334,1.6026666666666667,False,154.59692495035372,True,0.4849868077159113,-3.100000000000001,0.032186419917798005,-29.846546540479913,1.5566666666666664,-0.0033333333333336324,155.94059061472097,True,0.9090248499264415,1.3436656643672507,-0.14981856615619393,pyin_probability_below_0.5,-2.9861399960451283,False,-3.6000000000000014,-3.3590660385279785
1.57,1.5273333333333334,1.6126666666666667,False,153.70651218352927,True,0.32333605839064083,-3.199999999999998,0.02566632854436229,-31.812725016100686,1.5666666666666664,-0.0033333333333336324,155.9387897205401,True,0.9512612205740144,2.232277537010816,-0.24961863185329394,pyin_probability_below_0.5,-2.9863399303480254,False,-3.6999999999999984,-3.359265972830876
1.58,1.5373333333333334,1.6226666666666667,False,155.49249582586248,True,0.42606232904328145,-3.0000000000000036,0.02023588482908027,-33.87755602017477,1.5766666666666664,-0.0033333333333336324,155.72283600569483,True,0.953104776450723,0.23034017983235344,-0.025626811678090316,pyin_probability_below_0.5,-3.0103317505232314,False,-3.5000000000000027,-3.3832577930060816
1.59,1.5473333333333332,1.6326666666666667,False,157.29923159850804,True,0.6860828109301792,-2.8,0.016926148120084243,-35.42883725899437,1.5866666666666664,-0.0033333333333336324,157.20967236910758,True,0.925699806992495,0.08955922940046435,0.009859688522718396,,-2.8458182507240375,True,-3.299999999999999,-3.218744293206888
1.6,1.5573333333333332,1.6426666666666667,False,156.39325469067515,True,0.5485250542599844,-2.900000000000002,0.014616465563078437,-36.70315264609366,1.5966666666666665,-0.0033333333333336324,157.16918479126193,True,0.9107279774969483,0.7759301005867769,-0.08568113923197163,,-2.8502774229693513,True,-3.4000000000000012,-3.2232034654522033
1.61,1.5673333333333332,1.6526666666666667,False,156.39325469067515,True,0.3721358982975087,-2.900000000000002,0.011864681660121256,-38.51487819589015,1.6066666666666665,-0.0033333333333336324,159.07298042612405,True,0.8588483997642469,2.6797257354488977,-0.2941261857668179,pyin_probability_below_0.5,-2.6418323764345053,False,-3.4000000000000012,-3.0147584189173537
1.62,1.5773333333333333,1.6626666666666667,False,160.04877373483913,True,0.1279370863012904,-2.499999999999999,0.010113552738310565,-39.9019251303019,1.6166666666666665,-0.0033333333333336324,,False,0.0,,,pyin_probability_below_0.5|voicing_disagreement,,False,-2.9999999999999987,
1.63,1.5873333333333333,1.6726666666666667,False,162.84637702113662,True,0.011422334250709074,-2.200000000000002,0.008281962047294525,-41.63733528031524,1.6266666666666665,-0.0033333333333334103,,False,0.0,,,pyin_probability_below_0.5|voicing_disagreement,,False,-2.700000000000001,
1.64,1.5973333333333333,1.6826666666666668,False,,False,0.01000032860450166,,0.0127916113158535,-37.86149490947756,1.6366666666666665,-0.0033333333333334103,,False,0.0,,,,,False,,
1.65,1.6073333333333333,1.6926666666666668,False,193.6580702059513,True,0.0229442191246386,0.8000000000000002,0.019992110075345397,-33.98282731351899,1.6466666666666665,-0.0033333333333334103,,False,0.0,,,pyin_probability_below_0.5|voicing_disagreement,,False,0.3000000000000021,
1.66,1.6173333333333333,1.7026666666666668,False,185.98397121658357,True,0.06608151270920701,0.09999999999999636,0.025995677277988963,-31.701977263964352,1.6566666666666665,-0.0033333333333334103,,False,0.0,,,pyin_probability_below_0.5|voicing_disagreement,,False,-0.4000000000000028,
1.67,1.6273333333333333,1.7126666666666666,False,184.9127823656466,True,0.1504646013433388,0.0,0.03048706683772994,-30.317687142384308,1.6666666666666665,-0.0033333333333334103,199.37033903806423,True,0.6753618317758069,14.457556672417638,-1.3032700171868141,pyin_probability_below_0.5|pitch_difference_over_1_semitone,1.2673114549854938,False,-0.5000000000000001,0.8943854125026405
1.68,1.6373333333333333,1.7226666666666666,False,183.84776310850236,True,0.2796051653363589,-0.09999999999999873,0.03484216333015539,-29.15789775458415,1.6766666666666665,-0.0033333333333334103,194.8764399206692,True,0.8374551258936026,11.02867681216685,-1.0085767154921694,pyin_probability_below_0.5|pitch_difference_over_1_semitone,0.8726181532908514,False,-0.5999999999999991,0.4996921108079991
1.69,1.6473333333333333,1.7326666666666666,False,184.9127823656466,True,0.27960516533635893,0.0,0.03987921426703383,-27.985068142038692,1.6866666666666665,-0.0033333333333334103,187.5057543110773,True,0.9157207563284823,2.592971945430719,-0.24107896993229008,pyin_probability_below_0.5,0.20512040773097118,False,-0.5000000000000001,-0.16780563475187998
1.7,1.6573333333333333,1.7426666666666666,False,187.0613654014066,True,0.32333605839064083,0.19999999999999687,0.04476774562525938,-26.98069549770566,1.6966666666666663,-0.0033333333333336324,182.55581084938834,True,0.9672789918865724,4.505554552018253,0.4220883839159839,pyin_probability_below_0.5,-0.25804694611730505,False,-0.30000000000000204,-0.6309729886001559
1.71,1.6673333333333333,1.7526666666666666,False,189.23491376948436,True,0.279605165336359,0.4000000000000011,0.05056262008595492,-25.923408591906664,1.7066666666666663,-0.0033333333333336324,181.21530825432097,True,0.9859653014457841,8.019605515163391,0.749681483988591,pyin_probability_below_0.5,-0.3856400461899113,False,-0.09999999999999873,-0.7585660886727621
1.72,1.6773333333333333,1.7626666666666666,False,191.43371755306833,True,0.3233360583906409,0.6000000000000013,0.0567370607405622,-24.92266333104963,1.7166666666666663,-0.0033333333333336324,183.9630830077599,True,0.9853071231911104,7.470634545308428,0.6891441079141912,pyin_probability_below_0.5,-0.1251026701155115,False,0.10000000000000017,-0.49802871259836184
1.73,1.6873333333333334,1.7726666666666666,False,193.6580702059513,True,0.42606232904328145,0.8000000000000002,0.0585363775499452,-24.651483136762277,1.7266666666666663,-0.0033333333333336324,188.78090182925663,True,0.9801894076828035,4.877168376694669,0.4415856308178477,pyin_probability_below_0.5,0.32245580698083465,False,0.3000000000000021,-0.05047023550201844
1.74,1.6973333333333334,1.7826666666666666,False,195.90826859169485,True,0.32333605839064083,0.9999999999999971,0.06024321126189196,-24.401837722817593,1.7366666666666664,-0.0033333333333336324,193.20190196678834,True,0.9845599028104741,2.706366624906508,0.24082791762219818,pyin_probability_below_0.5,0.7232135201764791,False,0.49999999999999706,0.35028747769363044
1.75,1.7073333333333334,1.7926666666666666,False,199.33268480704808,True,0.2065067991177523,1.2999999999999994,0.06321521729811497,-23.983567297296496,1.7466666666666664,-0.0033333333333336324,196.9632518265201,True,0.9852675955034456,2.3694329805279892,0.20702164995542144,pyin_probability_below_0.5,1.0570197878432566,False,0.8000000000000002,0.684093745360407
1.76,1.7173333333333334,1.8026666666666666,False,202.8169587634771,True,0.17653060863289763,1.599999999999999,0.06750058273563726,-23.413849557370835,1.7566666666666664,-0.0033333333333336324,198.7178474972165,True,0.9761656598806,4.099111266260593,0.35348206047002734,pyin_probability_below_0.5,1.2105593773286474,False,1.099999999999998,0.8376333348457987
1.77,1.7273333333333334,1.8126666666666666,False,206.36213675586595,True,0.20650679911775227,1.9000000000000006,0.06983590502207802,-23.1184246868673,1.7666666666666664,-0.0033333333333336324,201.32493292516142,True,0.9531332125597562,5.037203830704527,0.42782924620986923,pyin_probability_below_0.5,1.4362121915888126,False,1.4000000000000004,1.063286149105963
1.78,1.7373333333333334,1.8226666666666667,False,209.96928336801093,True,0.20650679911775227,2.1999999999999993,0.07232117432620538,-22.81469061103818,1.7766666666666664,-0.0033333333333336324,212.7013740120947,True,0.9406205871480889,2.732090644083769,-0.22381275546252682,pyin_probability_below_0.5,2.3878541932612083,False,1.6999999999999993,2.0149281507783567
1.79,1.7473333333333334,1.8326666666666667,False,214.87708272009507,True,0.24075439447557428,2.6000000000000005,0.0740852157924478,-22.60536899570729,1.7866666666666664,-0.0033333333333336324,220.29434628527198,True,0.9751585235034106,5.41726356517691,-0.4310501568797142,pyin_probability_below_0.5,2.995091594678395,False,2.100000000000002,2.6221655521955447
1.8,1.7573333333333334,1.8426666666666667,False,221.17346184722248,True,0.4849868077159113,3.0999999999999988,0.07275664268834549,-22.7625469880935,1.7966666666666664,-0.0033333333333336324,221.27949701790186,True,0.9784102440793664,0.10603517067937673,-0.00829790818278043,pyin_probability_below_0.5,3.0723393459814616,False,2.6000000000000005,2.6994133034986105
1.81,1.7673333333333334,1.8526666666666667,False,226.34314645699226,True,0.8266685594724996,3.4999999999999982,0.07015589962526884,-23.078716038837594,1.8066666666666664,-0.0033333333333336324,224.43986925038908,True,0.9824757560791709,1.9032772066031782,0.14619174946520436,,3.3178496883334754,True,2.999999999999999,2.944923645850624
1.82,1.7773333333333334,1.8626666666666667,False,228.9731271349986,True,0.7571601330199093,3.7000000000000015,0.06878270518983211,-23.250414951811607,1.8166666666666664,-0.0033333333333336324,227.8509432417382,True,0.9937978089764924,1.1221838932603987,0.08505536372046582,,3.5789860740782125,True,3.2,3.2060600315953613
1.83,1.7873333333333334,1.8726666666666667,False,232.97550689710764,True,0.27960516533635893,4.0,0.06846522871446438,-23.290598734074976,1.8266666666666664,-0.0033333333333336324,230.10079032997842,True,0.988969575189904,2.8747165671292123,0.21494821329251795,pyin_probability_below_0.5,3.7490932245061606,False,3.4999999999999982,3.37616718202331
1.84,1.7973333333333332,1.8826666666666667,False,243.99387913449723,True,0.1765306086328976,4.8000000000000025,0.06643195383412917,-23.55245948619761,1.8366666666666664,-0.0033333333333336324,235.1355267153283,True,0.97690869496401,8.858352419168938,0.6402290854801073,pyin_probability_below_0.5,4.123812352318571,False,4.3000000000000025,3.750886309835722
1.85,1.8073333333333332,1.8926666666666667,False,249.6969657132611,True,0.1765306086328976,5.200000000000001,0.06557937821742492,-23.66465410710601,1.8466666666666665,-0.0033333333333336324,244.56438268805059,True,0.9463661383126617,5.132583025210522,0.35956774439677996,pyin_probability_below_0.5,4.8044736934019,False,4.699999999999999,4.431547650919049
1.86,1.8173333333333332,1.9026666666666667,False,249.6969657132611,True,0.24075439447557428,5.200000000000001,0.06508681463349468,-23.730139648574603,1.8566666666666665,-0.0033333333333336324,261.69016870370035,True,0.8356287781832573,11.993202990439244,-0.8121772278545112,pyin_probability_below_0.5,5.976218665653191,False,4.699999999999999,5.603292623170341
1.87,1.8273333333333333,1.9126666666666667,False,246.828951447135,True,0.15046460134333883,5.0,0.0644693268352159,-23.812937290140365,1.8666666666666665,-0.0033333333333336324,258.92980763145687,True,0.7753175265673896,12.100856184321856,-0.8285931905669343,pyin_probability_below_0.5,5.792634628365613,False,4.499999999999999,5.419708585882763
1.88,1.8373333333333333,1.9226666666666667,False,245.40732129724032,True,0.07797523762294818,4.900000000000001,0.06463174080859312,-23.79108293032127,1.8766666666666665,-0.0033333333333334103,254.913249028151,True,0.9069779535955613,9.505927730910685,-0.6579368275836424,pyin_probability_below_0.5,5.521978265382321,False,4.399999999999999,5.149052222899469
1.89,1.8473333333333333,1.9326666666666668,False,242.58857779956992,True,0.056071395445892624,4.699999999999999,0.06766436638496397,-23.39279961198047,1.8866666666666665,-0.0033333333333334103,251.61745684350413,True,0.9392683398547472,9.02887904393421,-0.6326447335658343,pyin_probability_below_0.5,5.296686171364513,False,4.199999999999998,4.923760128881663
1.9,1.8573333333333333,1.9426666666666668,False,241.19137040474044,True,0.04768699308253103,4.599999999999999,0.07104830944009694,-22.968925028782905,1.8966666666666665,-0.0033333333333334103,245.53937610878376,True,0.9185307839644177,4.348005704043317,-0.3093133447198473,pyin_probability_below_0.5,4.873354782518526,False,4.099999999999998,4.500428740035675
1.91,1.8673333333333333,1.9526666666666668,False,239.8022103323442,True,0.09203757081218102,4.499999999999999,0.072071332217244,-22.844749001228152,1.9066666666666665,-0.0033333333333334103,240.68910097765715,True,0.952587026841633,0.8868906453129455,-0.06391029309103051,pyin_probability_below_0.5,4.5279517308897095,False,4.0,4.155025688406861
1.92,1.8773333333333333,1.9626666666666666,False,237.04784702513638,True,0.10857977072874499,4.299999999999999,0.0736492732925078,-22.656630680869874,1.9166666666666665,-0.0033333333333334103,237.59919145044952,True,0.9569959555792668,0.5513444253131468,-0.04021964086122613,pyin_probability_below_0.5,4.304261078659906,False,3.8000000000000007,3.931335036177056
1.93,1.8873333333333333,1.9726666666666666,False,235.68255189130872,True,0.2065067991177523,4.200000000000001,0.07528984063304449,-22.46527244269943,1.9266666666666665,-0.0033333333333334103,234.57860037361013,True,0.9678404642946999,1.1039515176985901,0.0812825791612736,pyin_probability_below_0.5,4.082758858637408,False,3.7000000000000015,3.709832816154556
1.94,1.8973333333333333,1.9826666666666666,False,234.3251202788159,True,0.2796051653363589,4.100000000000001,0.07577390920229364,-22.40960613538878,1.9366666666666665,-0.0033333333333334103,233.4508777207203,True,0.9797463870690996,0.8742425580955739,0.06471132560848514,pyin_probability_below_0.5,3.999330112190196,False,3.6000000000000005,3.6264040697073434
1.95,1.9073333333333333,1.9926666666666666,False,232.97550689710764,True,0.3721358982975087,4.0,0.07381637474780793,-22.636945751672943,1.9466666666666663,-0.0033333333333336324,233.0142820813286,True,0.975967142514596,0.0387751842209525,-0.002881132631007358,pyin_probability_below_0.5,3.966922570429686,False,3.4999999999999982,3.5939965279468353
1.96,1.9173333333333333,2.002666666666667,False,231.63366671648822,True,0.42606232904328145,3.9000000000000004,0.07010844518910801,-23.08459328457102,1.9566666666666663,-0.0033333333333336324,231.89863099085568,True,0.9669448795183766,0.2649642743674576,-0.01979215799208245,pyin_probability_below_0.5,3.883833595790761,False,3.4000000000000004,3.51090755330791
1.97,1.9273333333333333,2.0126666666666666,False,231.63366671648822,True,0.42606232904328145,3.9000000000000004,0.06543700405974005,-23.683531848747972,1.9666666666666663,-0.0033333333333336324,229.58401957380968,True,0.9270021619783083,2.0496471426785376,0.15387277578624528,pyin_probability_below_0.5,3.710168662012434,False,3.4000000000000004,3.337242619529582
1.98,1.9373333333333334,2.022666666666667,False,230.29955496661373,True,0.3721358982975087,3.799999999999997,0.06004055061914393,-24.431106671760112,1.9766666666666663,-0.0033333333333336324,223.59341984761417,True,0.8841096747569599,6.706135118999555,0.5116066999181068,pyin_probability_below_0.5,3.252434737880572,False,3.2999999999999976,2.879508695397719
1.99,1.9473333333333334,2.0326666666666666,False,228.9731271349986,True,0.37213589829750865,3.7000000000000015,0.05531073421480022,-25.14381153019366,1.9866666666666664,-0.0033333333333336324,218.21649831585015,True,0.8857621765136718,10.75662881914846,0.8330173055598089,pyin_probability_below_0.5,2.831024132238874,False,3.2,2.4580980897560223
2.0,1.9573333333333334,2.042666666666667,False,227.65433896553014,True,0.3721358982975087,3.6000000000000005,0.050279979232211065,-25.97209820736599,1.9966666666666664,-0.0033333333333336324,223.68322770833743,True,0.8903482795991283,3.9711112571927174,0.30465447340250695,pyin_probability_below_0.5,3.2593869643961693,False,3.0999999999999988,2.8864609219133195
2.01,1.9673333333333334,2.0526666666666666,False,222.45470667747657,True,0.3233360583906409,3.2,0.04149826308696733,-27.639401606737287,2.0066666666666664,-0.0033333333333334103,227.13316719399708,True,0.9218822851105146,4.678460516520516,-0.3603212181936818,pyin_probability_below_0.5,3.5243626559923613,False,2.7,3.15143661350951
2.02,1.9773333333333334,2.062666666666667,False,221.17346184722248,True,0.07797523762294817,3.0999999999999988,0.0320331087709489,-29.888018231685972,2.0166666666666666,-0.0033333333333334103,229.7993817611237,True,0.9230337422821541,8.625919913901214,-0.6623595207133881,pyin_probability_below_0.5,3.726400958512068,False,2.6000000000000005,3.353474916029216
2.03,1.9873333333333334,2.0726666666666667,False,230.29955496661373,True,0.011853505394683411,3.799999999999997,0.024133424008337758,-32.347621135439184,2.0266666666666664,-0.0033333333333334103,232.30259806374528,True,0.8737347659165476,2.0030430971315525,-0.14992399238035356,pyin_probability_below_0.5,3.9139654301790294,False,3.2999999999999976,3.5410393876961805
2.04,1.9973333333333334,2.082666666666667,False,230.29955496661373,True,0.010000802780927253,3.799999999999997,0.022531646369088918,-32.9441414714379,2.0366666666666666,-0.0033333333333334103,,False,0.0,,,pyin_probability_below_0.5|voicing_disagreement,,False,3.2999999999999976,
2.05,2.0073333333333334,2.0926666666666667,False,230.29955496661373,True,0.01000000287110037,3.799999999999997,0.022337806777787045,-33.01918940065138,2.0466666666666664,-0.0033333333333334103,,False,0.0,,,pyin_probability_below_0.5|voicing_disagreement,,False,3.2999999999999976,
2.06,2.017333333333333,2.1026666666666665,False,239.8022103323442,True,0.010000000047726025,4.499999999999999,0.022105835883483197,-33.10986117117138,2.0566666666666666,-0.0033333333333334103,,False,0.0,,,pyin_probability_below_0.5|voicing_disagreement,,False,4.0,
2.07,2.0273333333333334,2.1126666666666667,False,239.8022103323442,True,0.010000000003996621,4.499999999999999,0.021713825229783736,-33.265273240862214,2.0666666666666664,-0.0033333333333334103,,False,0.0,,,pyin_probability_below_0.5|voicing_disagreement,,False,4.0,
2.08,2.037333333333333,2.1226666666666665,False,239.8022103323442,True,0.010000000021701592,4.499999999999999,0.02249472382579834,-32.95838668848182,2.076666666666666,-0.0033333333333338544,,False,0.0,,,pyin_probability_below_0.5|voicing_disagreement,,False,4.0,
2.09,2.0473333333333334,2.1326666666666667,False,221.17346184722248,True,0.010000516719604523,3.0999999999999988,0.031796100553034584,-29.952522765179598,2.0866666666666664,-0.0033333333333334103,,False,0.0,,,pyin_probability_below_0.5|voicing_disagreement,,False,2.6000000000000005,
2.1,2.0573333333333332,2.1426666666666665,False,203.99186545315516,True,0.010467533617069907,1.6999999999999957,0.04250680423133353,-27.43083090318357,2.0966666666666662,-0.0033333333333338544,,False,0.0,,,pyin_probability_below_0.5|voicing_disagreement,,False,1.199999999999996,
2.11,2.0673333333333335,2.1526666666666667,False,195.90826859169485,True,0.018187375734912182,0.9999999999999971,0.0510262794332018,-25.844121939464394,2.1066666666666665,-0.0033333333333334103,,False,0.0,,,pyin_probability_below_0.5|voicing_disagreement,,False,0.49999999999999706,
2.12,2.0773333333333333,2.1626666666666665,False,195.90826859169485,True,0.07797523762294817,0.9999999999999971,0.05745013404540158,-24.81417907315698,2.1166666666666663,-0.0033333333333338544,221.1138882018,True,0.7139031347703844,25.205619610105146,-2.095336248075162,pyin_probability_below_0.5|pitch_difference_over_1_semitone,3.059377685873841,False,0.49999999999999706,2.6864516433909893
2.13,2.0873333333333335,2.1726666666666667,False,191.43371755306833,True,0.12793708630129036,0.6000000000000013,0.06035605779884698,-24.385582684794052,2.1266666666666665,-0.0033333333333334103,203.61121844529217,True,0.7895829306232229,12.177500892223833,-1.0676651488524143,pyin_probability_below_0.5|pitch_difference_over_1_semitone,1.631706586651092,False,0.10000000000000017,1.2587805441682427
2.14,2.0973333333333333,2.1826666666666665,False,190.3311404729313,True,0.1504646013433388,0.5000000000000008,0.06316640730848729,-23.990276472076296,2.1366666666666663,-0.0033333333333338544,195.12755284831178,True,0.9052698170462151,4.79641237538047,-0.4308706057411121,pyin_probability_below_0.5,0.8949120435397924,False,0.0,0.5219860010569396
2.15,2.1073333333333335,2.1926666666666668,False,189.23491376948436,True,0.17653060863289757,0.4000000000000011,0.0649765659549294,-23.7448649014441,2.1466666666666665,-0.0033333333333334103,190.11624015040306,True,0.9569515922197473,0.8813263809186935,-0.08044182643728881,pyin_probability_below_0.5,0.44448326423597095,False,-0.09999999999999873,0.07155722175311942
2.16,2.1173333333333333,2.2026666666666666,False,188.14500086724917,True,0.1765306086328976,0.3000000000000021,0.06689326171612257,-23.49235254655426,2.1566666666666663,-0.0033333333333338544,186.68603972329072,True,0.9622366539607199,1.4589611439584473,0.13477090692586782,pyin_probability_below_0.5,0.12927053087281307,False,-0.19999999999999973,-0.24365551161003707
2.17,2.1273333333333335,2.212666666666667,False,187.0613654014066,True,0.37213589829750865,0.19999999999999687,0.06699550326089301,-23.479086923451796,2.1666666666666665,-0.0033333333333334103,183.03438473766218,True,0.9715458703303395,4.0269806637444105,0.37676310475766,pyin_probability_below_0.5,-0.21272166695898298,False,-0.30000000000000204,-0.5856477094418333
2.18,2.1373333333333333,2.2226666666666666,False,184.9127823656466,True,0.5485250542599844,0.0,0.06272010352434804,-24.051864669732566,2.1766666666666663,-0.0033333333333338544,180.67128741623546,True,0.9662726775915718,4.241494949411134,0.4017324921794164,,-0.4376910543807343,True,-0.5000000000000001,-0.8106170968635862
2.19,2.1473333333333335,2.232666666666667,False,182.78887791090543,True,0.6860828109301793,-0.19999999999999973,0.05593653799405405,-25.046088326900012,2.1866666666666665,-0.0033333333333334103,178.17624809077708,True,0.9565245889653877,4.6126298201283475,0.44247911655996214,,-0.6784376787612838,True,-0.7000000000000002,-1.0513637212441331
2.2,2.1573333333333333,2.2426666666666666,False,179.64867439581087,True,0.7571601330199093,-0.5000000000000021,0.04907208207997441,-26.183310298844873,2.1966666666666663,-0.0033333333333338544,177.59632872028277,True,0.9759621688100646,2.0523456755281018,0.19891837661194084,,-0.7348769388132657,True,-1.0000000000000013,-1.107802981296115
2.21,2.167333333333333,2.252666666666667,False,179.64867439581087,True,0.7571601330199094,-0.5000000000000021,0.04498682875339417,-26.938292407612778,2.2066666666666666,-0.0033333333333334103,178.79051995278343,True,0.9758054691818829,0.8581544430274448,0.08289657231312106,,-0.6188551345144453,True,-1.0000000000000013,-0.9917811769972962
2.22,2.1773333333333333,2.2626666666666666,False,178.6139741695516,True,0.6159498854580681,-0.5999999999999991,0.04246651492225939,-27.43906757139711,2.2166666666666663,-0.0033333333333338544,178.17921085445178,True,0.9789212441135071,0.4347633150998149,0.042191244592559886,,-0.678149806793877,True,-1.0999999999999999,-1.051075849276729
2.23,2.187333333333333,2.272666666666667,False,179.64867439581087,True,0.6860828109301793,-0.5000000000000021,0.04108599663495656,-27.7261234751033,2.2266666666666666,-0.0033333333333334103,177.07548670316547,True,0.9883176423532961,2.573187692645405,0.2497653874649318,,-0.7857239496662551,True,-1.0000000000000013,-1.1586499921491042
2.24,2.1973333333333334,2.2826666666666666,False,180.68936857950385,True,0.7571601330199094,-0.3999999999999969,0.04087847508464719,-27.770106266603534,2.2366666666666664,-0.0033333333333338544,178.98058168544924,True,0.9824394557925935,1.7087868940546116,0.16450261190311022,,-0.6004611741044298,True,-0.8999999999999966,-0.9733872165872794
2.25,2.207333333333333,2.292666666666667,False,180.68936857950385,True,0.8266685594724996,-0.3999999999999969,0.040044230271387427,-27.949200998241448,2.2466666666666666,-0.0033333333333334103,180.5105274342586,True,0.9884136242038953,0.17884114524525785,0.017143742771848977,,-0.4531023049731663,True,-0.8999999999999966,-0.8260283474560162
2.26,2.2173333333333334,2.3026666666666666,False,180.68936857950385,True,0.8266685594724995,-0.3999999999999969,0.03946077113020098,-28.076688643045603,2.2566666666666664,-0.0033333333333334103,181.68397120940836,True,0.9837629232208439,0.9946026299045059,-0.0950342684181477,,-0.34092429378316974,True,-0.8999999999999966,-0.7138503362660209
2.27,2.227333333333333,2.312666666666667,False,181.73609144327253,True,0.8266685594724996,-0.30000000000000004,0.03991430006467036,-27.977429641884207,2.2666666666666666,-0.0033333333333334103,182.23868058911506,True,0.9886813136732467,0.5025891458425349,-0.04781100569822021,,-0.28814755650310003,True,-0.8000000000000008,-0.6610735989859523
2.28,2.2373333333333334,2.3226666666666667,False,181.73609144327253,True,0.7571601330199094,-0.30000000000000004,0.041129413719570726,-27.716949622201625,2.2766666666666664,-0.0033333333333334103,181.7643114949087,True,0.9918840745179369,0.028220051636168364,-0.0026880583329318944,,-0.33327050386838786,True,-0.8000000000000008,-0.7061965463512393
2.29,2.247333333333333,2.332666666666667,False,182.78887791090543,True,0.7571601330199094,-0.19999999999999973,0.041916866154725355,-27.55222388240718,2.2866666666666666,-0.0033333333333334103,180.67440843659574,True,0.9924839772355311,2.1144694743096863,0.20143343137544206,,-0.43739199357676284,True,-0.7000000000000002,-0.8103180360596138
2.3,2.2573333333333334,2.3426666666666667,False,182.78887791090543,True,0.8911444948731201,-0.19999999999999973,0.041340129210438496,-27.672563405992342,2.2966666666666664,-0.0033333333333334103,180.79190446116556,True,0.9922552436557085,1.996973449739869,0.19017854436266723,,-0.42613710656398585,True,-0.7000000000000002,-0.7990631490468358
2.31,2.267333333333333,2.3526666666666665,False,182.78887791090543,True,0.7571601330199094,-0.19999999999999973,0.03894811441039752,-28.190271258406945,2.3066666666666666,-0.0033333333333334103,182.41770034464557,True,0.9874890274955112,0.37117756625985976,0.0351907934018149,,-0.2711493556031344,True,-0.7000000000000002,-0.6440753980859866
2.32,2.2773333333333334,2.3626666666666667,False,183.84776310850236,True,0.7571601330199094,-0.09999999999999873,0.03662336259260901,-28.724835664710863,2.3166666666666664,-0.0033333333333334103,185.22135689499405,True,0.9814942123572554,1.373593786491682,-0.12886601364104552,,-0.007092548560274874,True,-0.5999999999999991,-0.38001859104312585
2.33,2.287333333333333,2.3726666666666665,False,183.84776310850236,True,0.7571601330199093,-0.09999999999999873,0.03411341218392047,-29.3414967648673,2.3266666666666667,-0.0033333333333334103,186.68236459784598,True,0.9645276847826886,2.834601489343612,-0.26488827675271354,,0.12892971455139432,True,-0.5999999999999991,-0.2439963279314572
2.34,2.2973333333333334,2.3826666666666667,False,184.9127823656466,True,0.7571601330199093,0.0,0.03211708834370761,-29.865276673582088,2.3366666666666664,-0.0033333333333334103,184.9352680624913,True,0.9058829827332384,0.022485696844711356,-0.002105080937831201,,-0.03385348126348818,True,-0.5000000000000001,-0.4067795237463404
2.35,2.3073333333333332,2.3926666666666665,False,184.9127823656466,True,0.7571601330199094,0.0,0.030167675182466342,-30.409163133145203,2.3466666666666662,-0.0033333333333338544,181.78526864983115,True,0.8711863446197907,3.1275137158154394,0.2953159696074077,,-0.3312745318087283,True,-0.5000000000000001,-0.7042005742915778
2.36,2.3173333333333335,2.4026666666666667,False,184.9127823656466,True,0.6159498854580681,0.0,0.027409207196133264,-31.242070522573076,2.3566666666666665,-0.0033333333333334103,181.346338021621,True,0.9295511926139267,3.566444344025598,0.33716812485106873,,-0.3731266870523907,True,-0.5000000000000001,-0.7460527295352418
2.37,2.3273333333333333,2.4126666666666665,False,182.78887791090543,True,0.48498680771591135,-0.19999999999999973,0.022787973316403788,-32.84588595505085,2.3666666666666663,-0.0033333333333338544,179.61545653449866,True,0.9739380576072887,3.1734213764067647,0.3032014269031468,pyin_probability_below_0.5,-0.5391599891044669,False,-0.7000000000000002,-0.9120860315873167
2.38,2.3373333333333335,2.4226666666666667,False,179.64867439581087,True,0.4849868077159113,-0.5000000000000021,0.01778994042886072,-34.996510123718224,2.3766666666666665,-0.0033333333333334103,180.07699243948028,True,0.9584985596586398,0.42831804366940673,-0.041226923726379004,pyin_probability_below_0.5,-0.4947316384749435,False,-1.0000000000000013,-0.8676576809577945
2.39,2.3473333333333333,2.4326666666666665,False,179.64867439581087,True,0.7571601330199091,-0.5000000000000021,0.016543006290569793,-35.62771130223983,2.3866666666666663,-0.0033333333333338544,179.31240192743465,True,0.9644837359021341,0.3362724683762224,0.03243619187235236,,-0.5683947540736763,True,-1.0000000000000013,-0.9413207965565284
2.4,2.3573333333333335,2.4426666666666668,False,178.6139741695516,True,0.7571601330199093,-0.5999999999999991,0.01471829367829456,-36.64285071444711,2.3966666666666665,-0.0033333333333334103,177.377152058388,True,0.9647854953619478,1.2368221111636046,0.12029722143272152,,-0.7562557836340391,True,-1.0999999999999999,-1.129181826116891
2.41,2.3673333333333333,2.4526666666666666,False,178.6139741695516,True,0.7571601330199091,-0.5999999999999991,0.014114451255166824,-37.006720035761894,2.4066666666666663,-0.0033333333333338544,175.99540627735053,True,0.9855408025119933,2.618567892201071,0.2556862027422666,,-0.891644764943588,True,-1.0999999999999999,-1.264570807426438
2.42,2.3773333333333335,2.462666666666667,False,177.5852333780714,True,0.7571601330199091,-0.7000000000000022,0.012577725064552275,-38.00795805421466,2.4166666666666665,-0.0033333333333334103,174.37113946239077,True,0.9673252131053443,3.214093915680621,0.31620416280474645,,-1.0521627250060708,True,-1.2000000000000022,-1.42508876748892
2.43,2.3873333333333333,2.4726666666666666,False,177.5852333780714,True,0.7571601330199091,-0.7000000000000022,0.011372098363293533,-38.88318785045348,2.4266666666666663,-0.0033333333333338544,173.7026120112079,True,0.9618655637139716,3.8826213668635035,0.38270609835569136,,-1.1186646605570147,True,-1.2000000000000022,-1.4915907030398639
2.44,2.3973333333333335,2.482666666666667,False,180.68936857950385,True,0.2796051653363589,-0.3999999999999969,0.010340337442507782,-39.70930576830797,2.4366666666666665,-0.0033333333333334103,177.00896456312358,True,0.9498757146131099,3.6804040163802654,0.3562703551245086,pyin_probability_below_0.5,-0.7922289173258276,False,-0.8999999999999966,-1.165154959808678
2.45,2.4073333333333333,2.4926666666666666,False,181.73609144327253,True,0.06608151270920702,-0.30000000000000004,0.009760315308890629,-40.21072304277398,2.4466666666666663,-0.0033333333333338544,183.5986904208645,True,0.8722476191902251,1.862598977591972,-0.17652974035089083,pyin_probability_below_0.5,-0.1594288218504296,False,-0.8000000000000008,-0.5323548643332799
2.46,2.417333333333333,2.502666666666667,False,,False,0.010000516719604524,,0.02742713726170409,-31.236390400098053,2.4566666666666666,-0.0033333333333334103,188.3168940364933,True,0.7704192205182708,,,voicing_disagreement,0.27985112967489906,False,,-0.09307491280795095
2.47,2.4273333333333333,2.5126666666666666,False,206.36213675586595,True,0.01240312479355135,1.9000000000000006,0.04517719805552389,-26.90161416099113,2.4666666666666663,-0.0033333333333338544,,False,0.0,,,pyin_probability_below_0.5|voicing_disagreement,,False,1.4000000000000004,
2.48,2.437333333333333,2.522666666666667,False,205.1735783080468,True,0.06608151270920702,1.800000000000001,0.05613614083948403,-25.015148937603193,2.4766666666666666,-0.0033333333333334103,,False,0.0,,,pyin_probability_below_0.5|voicing_disagreement,,False,1.2999999999999994,
2.49,2.4473333333333334,2.5326666666666666,False,205.1735783080468,True,0.15046460134333886,1.800000000000001,0.0639801942594998,-23.87908891251534,2.4866666666666664,-0.0033333333333338544,,False,0.0,,,pyin_probability_below_0.5|voicing_disagreement,,False,1.2999999999999994,
2.5,2.457333333333333,2.542666666666667,False,205.1735783080468,True,0.2407543944755743,1.800000000000001,0.07075550309304386,-23.004795534448327,2.4966666666666666,-0.0033333333333334103,209.50016586347098,True,0.6948948396379262,4.326587555424169,-0.36127715441710345,pyin_probability_below_0.5,2.1253185922157822,False,1.2999999999999994,1.752392549732933
2.51,2.4673333333333334,2.5526666666666666,False,205.1735783080468,True,0.24075439447557428,1.800000000000001,0.07814574602538991,-22.141893168758568,2.5066666666666664,-0.0033333333333334103,205.23378407359186,True,0.8797408967670831,0.06020576554504942,-0.005079356832418217,pyin_probability_below_0.5,1.7691207946310994,False,1.2999999999999994,1.3961947521482496
2.52,2.477333333333333,2.562666666666667,False,206.36213675586595,True,0.2796051653363589,1.9000000000000006,0.08484739842777886,-21.42722938767598,2.5166666666666666,-0.0033333333333334103,204.29575731800347,True,0.9453737834538661,2.06637943786248,0.17422855793459713,pyin_probability_below_0.5,1.6898128798640841,False,1.4000000000000004,1.3168868373812326
2.53,2.4873333333333334,2.5726666666666667,False,207.55758045272898,True,0.24075439447557428,2.0000000000000004,0.09132466669653883,-20.78823808275741,2.5266666666666664,-0.0033333333333334103,204.27749033283035,True,0.9696533604919131,3.280090119898631,0.27577659990299946,pyin_probability_below_0.5,1.6882648378956784,False,1.5000000000000004,1.315338795412829
2.54,2.497333333333333,2.582666666666667,False,207.55758045272898,True,0.2796051653363589,2.0000000000000004,0.09646888652725494,-20.31225468407252,2.5366666666666666,-0.0033333333333334103,205.40984150827623,True,0.9663299246477427,2.1477389444527546,0.18007581786387283,pyin_probability_below_0.5,1.7839656199348064,False,1.5000000000000004,1.411039577451957
2.55,2.5073333333333334,2.5926666666666667,False,208.75994928447787,True,0.2407543944755743,2.0999999999999988,0.0963063224716949,-20.326904013597304,2.5466666666666664,-0.0033333333333334103,207.26511204835688,True,0.9645895099553787,1.4948372361209863,0.12441194047361956,pyin_probability_below_0.5,1.939629497325056,False,1.599999999999999,1.566703454842207
2.56,2.517333333333333,2.6026666666666665,False,208.75994928447787,True,0.24075439447557428,2.0999999999999988,0.09435116183347668,-20.505054951897023,2.5566666666666666,-0.0033333333333334103,209.218839820689,True,0.9656127723820834,0.4588905362111291,-0.0380137586396306,pyin_probability_below_0.5,2.102055196438309,False,1.599999999999999,1.7291291539554585
2.57,2.5273333333333334,2.6126666666666667,False,209.96928336801093,True,0.27960516533635893,2.1999999999999993,0.09323567823654146,-20.608357311678283,2.5666666666666664,-0.0033333333333334103,211.41289509107364,True,0.9620363981632093,1.443611723062702,-0.118621036866426,pyin_probability_below_0.5,2.282662474665107,False,1.6999999999999993,1.9097364321822559
2.58,2.537333333333333,2.6226666666666665,False,211.18562305262122,True,0.42606232904328145,2.3000000000000003,0.09178834001640213,-20.74424968494172,2.5766666666666667,-0.0033333333333334103,213.30680930508328,True,0.9430611612846711,2.121186252462053,-0.17302077260614868,pyin_probability_below_0.5,2.437062210404828,False,1.7999999999999972,2.064136167921975
2.59,2.5473333333333334,2.6326666666666667,False,212.40900892134297,True,0.5485250542599845,2.399999999999998,0.08857757115780236,-21.0535246492857,2.5866666666666664,-0.0033333333333334103,215.44422923634875,True,0.9426469591665003,3.0352203150057733,-0.24563399027531505,,2.609675428073994,True,1.9000000000000006,2.2367493855911427
2.6,2.5573333333333332,2.6426666666666665,False,213.63948179230545,True,0.6860828109301793,2.4999999999999987,0.08493375594015776,-21.41839340244051,2.5966666666666662,-0.0033333333333338544,215.8102873753513,True,0.9474401717056592,2.1708055830458477,-0.17502417365748169,,2.6390656114561604,True,1.9999999999999973,2.2661395689733066
2.61,2.5673333333333335,2.6526666666666667,False,214.87708272009507,True,0.7571601330199094,2.6000000000000005,0.0802573150194851,-21.910307470594983,2.6066666666666665,-0.0033333333333334103,215.43905575482404,True,0.9487187752297102,0.5619730347289646,-0.045218262504928344,,2.609259700303611,True,2.100000000000002,2.23633365782076
2.62,2.5773333333333333,2.6626666666666665,False,216.12185299712482,True,0.7571601330199094,2.7,0.07341058477413502,-22.684826328224016,2.6166666666666663,-0.0033333333333338544,214.54232352463958,True,0.9464621400315583,1.579529472485234,0.1269921026568866,,2.537049335141789,True,2.1999999999999993,2.164123292658939
2.63,2.5873333333333335,2.6726666666666667,False,214.87708272009507,True,0.8266685594724996,2.6000000000000005,0.0662100885000049,-23.58151663233345,2.6266666666666665,-0.0033333333333334103,213.42733212267956,True,0.97612296857443,1.449750597415516,0.11720015462681765,,2.446841283171861,True,2.100000000000002,2.073915240689013
2.64,2.5973333333333333,2.6826666666666665,False,214.87708272009507,True,0.8266685594724997,2.6000000000000005,0.05853072309253298,-24.65232221098235,2.6366666666666663,-0.0033333333333338544,214.38125427247593,True,0.9865819089810083,0.4958284476191466,0.039994352994483125,,2.524047084804198,True,2.100000000000002,2.1511210423213463
2.65,2.6073333333333335,2.6926666666666668,False,213.63948179230545,True,0.8266685594724996,2.4999999999999987,0.05069995499091761,-25.899848524262193,2.6466666666666665,-0.0033333333333334103,212.74049941054284,True,0.9745511635059307,0.8989823817626075,0.07300301532078655,,2.39103842247789,True,1.9999999999999973,2.01811237999504
2.66,2.6173333333333333,2.7026666666666666,False,212.40900892134297,True,0.8911444948731203,2.399999999999998,0.04203520908228047,-27.527735761389394,2.6566666666666663,-0.0033333333333338544,208.1570868783381,True,0.9632315339294666,4.251922043004868,0.3500673544763726,,2.013974083322304,True,1.9000000000000006,1.6410480408394543
2.67,2.6273333333333335,2.712666666666667,False,212.40900892134297,True,0.8911444948731204,2.399999999999998,0.036749569638963156,-28.69495484834016,2.6666666666666665,-0.0033333333333334103,202.71634979598366,True,0.9280186378520985,9.692659125359313,0.8085900551231295,,1.5554513826755476,False,1.9000000000000006,1.1825253401926978
2.68,2.6373333333333333,2.7226666666666666,False,211.18562305262122,True,0.7571601330199094,2.3000000000000003,0.030130026420891572,-30.420009749909966,2.6766666666666663,-0.0033333333333338544,202.26713214663062,True,0.8812308432678081,8.918490905990609,0.7469966195206292,,1.5170448182780474,False,1.7999999999999972,1.144118775795195
2.69,2.6473333333333335,2.732666666666667,False,207.55758045272898,True,0.4849868077159112,2.0000000000000004,0.02163608662575506,-33.29642576828952,2.6866666666666665,-0.0033333333333334103,211.1013082611661,True,0.9186417470059715,3.5437278084371258,-0.2930867555246067,pyin_probability_below_0.5,2.2571281933232883,False,1.5000000000000004,1.8842021508404374
2.7,2.6573333333333333,2.7426666666666666,False,208.75994928447787,True,0.20650679911775233,2.0999999999999988,0.015591401389917816,-36.14229695400943,2.6966666666666663,-0.0033333333333338544,214.14689620269255,True,0.9270957088688307,5.386946918214676,-0.44106972832281865,pyin_probability_below_0.5,2.505111166121495,False,1.599999999999999,2.1321851236386467
2.71,2.667333333333333,2.752666666666667,False,219.8995964441766,True,0.013980210380185926,2.999999999999999,0.015127474037466443,-36.404671675059575,2.7066666666666666,-0.0033333333333334103,215.788371547804,True,0.8907628309344459,4.111224896372619,0.3267340072873204,pyin_probability_below_0.5,2.63730743051136,False,2.4999999999999987,2.2643813880285086
2.72,2.6773333333333333,2.7626666666666666,False,226.34314645699226,True,0.03489742801962526,3.4999999999999982,0.0237975706187683,-32.46934751493272,2.7166666666666663,-0.0033333333333338544,218.8364960793927,True,0.8073695292843533,7.506650377599556,0.5838991449539881,pyin_probability_below_0.5,2.8801422928446896,False,2.999999999999999,2.5072162503618394
2.73,2.687333333333333,2.772666666666667,False,223.74337368352585,True,0.1504646013433388,3.3000000000000034,0.03341764807509695,-29.520482377871286,2.7266666666666666,-0.0033333333333334103,223.71810811932374,True,0.751260339513362,0.025265564202101132,0.001955055656893278,pyin_probability_below_0.5,3.2620863821417885,False,2.8000000000000034,2.8891603396589374
2.74,2.6973333333333334,2.7826666666666666,False,221.17346184722248,True,0.32333605839064083,3.0999999999999988,0.040805560631562696,-27.785613019059426,2.7366666666666664,-0.0033333333333338544,227.90032357724948,True,0.785085691445657,6.726861730026997,-0.518696196604211,pyin_probability_below_0.5,3.582737634402891,False,2.6000000000000005,3.2098115919200385
2.75,2.707333333333333,2.792666666666667,False,219.8995964441766,True,0.5485250542599845,2.999999999999999,0.04870772571995984,-26.24804296402779,2.7466666666666666,-0.0033333333333334103,231.22895863091534,True,0.9098505585406153,11.329362186738734,-0.869725592093379,,3.8337670298920563,False,2.4999999999999987,3.460840987409207
2.76,2.7173333333333334,2.8026666666666666,False,218.63306796596578,True,0.6860828109301793,2.9,0.053441747758115256,-25.44238694280097,2.7566666666666664,-0.0033333333333334103,224.13514771332117,True,0.9537287130434432,5.5020797473553955,-0.4302873516147439,,3.294328789413422,True,2.399999999999998,2.921402746930573
2.77,2.727333333333333,2.812666666666667,False,218.63306796596578,True,0.8266685594724996,2.9,0.056192717860901215,-25.006399239416616,2.7666666666666666,-0.0033333333333334103,219.6124935028488,True,0.9835327774405489,0.9794255368830136,-0.07738208028035581,,2.9414235180790365,True,2.399999999999998,2.5684974755961836
2.78,2.7373333333333334,2.8226666666666667,False,217.37383415501247,True,0.8911444948731203,2.8000000000000003,0.05769776766560721,-24.776819788623037,2.7766666666666664,-0.0033333333333334103,217.04968960794113,True,0.9954972939797754,0.32414454707134155,0.025835165462033533,,2.738206272336647,True,2.3000000000000003,2.365280229853796
2.79,2.747333333333333,2.832666666666667,False,217.37383415501247,True,0.9459302094659092,2.8000000000000003,0.0579298059429123,-24.74195852653656,2.7866666666666666,-0.0033333333333334103,216.6851065534071,True,0.9939168296386677,0.6887276016053647,0.05493952840279174,,2.70910190939589,True,2.3000000000000003,2.33617586691304
2.8,2.7573333333333334,2.8426666666666667,False,216.12185299712482,True,0.9848789761259924,2.7,0.056238372254391655,-24.99934515776109,2.7966666666666664,-0.0033333333333334103,215.92773280435395,True,0.9915371242779443,0.19412019277086756,0.015556895365469756,,2.6484845424332075,True,2.1999999999999993,2.2755584999503577
2.81,2.767333333333333,2.8526666666666665,False,214.87708272009507,True,0.9848789761259924,2.6000000000000005,0.05174157697476538,-25.72320678065318,2.8066666666666666,-0.0033333333333334103,213.71328594226105,True,0.9903358618156656,1.1637967778340226,0.09402029104371544,,2.4700211467549664,True,2.100000000000002,2.0970951042721158
2.82,2.7773333333333334,2.8626666666666667,False,214.87708272009507,True,0.9848789761259924,2.6000000000000005,0.04591060728437399,-26.76173925097092,2.8166666666666664,-0.0033333333333334103,210.89236356747134,True,0.9803295626290289,3.9847191526237395,0.3240572076106498,,2.2399842301880315,True,2.100000000000002,1.8670581877051813
2.83,2.787333333333333,2.8726666666666665,False,213.63948179230545,True,0.9459302094659093,2.4999999999999987,0.0387688417738031,-28.23034346851188,2.8266666666666667,-0.0033333333333334103,207.28530617928268,True,0.9515371187050317,6.354175613022761,0.5227252569948195,,1.9413161808038586,False,1.9999999999999973,1.5683901383210062
2.84,2.7973333333333334,2.8826666666666667,False,212.40900892134297,True,0.8911444948731204,2.399999999999998,0.02877168182040235,-30.820695022205772,2.8366666666666664,-0.0033333333333334103,199.43703692454724,True,0.9509374339040504,12.97197199679573,1.090939234691839,pitch_difference_over_1_semitone,1.2731022031068397,False,1.9000000000000006,0.9001761606239902
2.85,2.8073333333333332,2.8926666666666665,False,208.75994928447787,True,0.8266685594724996,2.0999999999999988,0.020596721852646906,-33.72403791746735,2.8466666666666662,-0.0033333333333338544,198.53658855321788,True,0.9556153264692233,10.223360731259987,0.8692805839777846,,1.1947608538208927,False,1.599999999999999,0.8218348113380418
2.86,2.8173333333333335,2.9026666666666667,False,206.36213675586595,True,0.5485250542599843,1.9000000000000006,0.013667451208877667,-37.28624935623206,2.8566666666666665,-0.0033333333333334103,202.87066274383082,True,0.9164223750668801,3.491474012035127,0.29541646552801637,,1.5686249722706656,True,1.4000000000000004,1.1956989297878151
2.87,2.8273333333333333,2.9126666666666665,False,207.55758045272898,True,0.37213589829750865,2.0000000000000004,0.00854295056990479,-41.36784212974578,2.8666666666666663,-0.0033333333333338544,209.0167272065848,True,0.9331169630750171,1.459146753855805,-0.12128135737552781,pyin_probability_below_0.5,2.0853227951742075,False,1.5000000000000004,1.712396752691356
2.88,2.8373333333333335,2.9226666666666667,False,212.40900892134297,True,0.5485250542599844,2.399999999999998,0.0073372564342916785,-42.6893260446959,2.8766666666666665,-0.0033333333333334103,213.47115447993264,True,0.9697036417707083,1.0621455585896626,-0.0863541684562735,,2.450395606254951,True,1.9000000000000006,2.077469563772101
2.89,2.8473333333333333,2.9326666666666665,False,214.87708272009507,True,0.6860828109301794,2.6000000000000005,0.0067603337324938905,-43.40063728056687,2.8866666666666663,-0.0033333333333338544,216.88468975915526,True,0.9711823270215819,2.00760703906019,-0.16099909410999913,,2.7250405319086806,True,2.100000000000002,2.352114489425828
2.9,2.8573333333333335,2.9426666666666668,False,216.12185299712482,True,0.8266685594724996,2.7,0.006413560905510113,-43.85801553374467,2.8966666666666665,-0.0033333333333334103,220.96831847398337,True,0.9729443117233165,4.846465476858555,-0.38393496231372165,,3.0479764001124003,True,2.1999999999999993,2.6750503576295506
2.91,2.8673333333333333,2.9526666666666666,False,217.37383415501247,True,0.8911444948731204,2.8000000000000003,0.006049528577324896,-44.36556934742498,2.9066666666666663,-0.0033333333333338544,220.81313655483777,True,0.9568716921083025,3.4393023998252943,-0.2717725580201142,,3.0358139958187933,True,2.3000000000000003,2.662887953335943
2.92,2.8773333333333335,2.962666666666667,False,218.63306796596578,True,0.8911444948731204,2.9,0.00552716062479314,-45.14995828409208,2.9166666666666665,-0.0033333333333334103,,False,0.0,,,voicing_disagreement,,False,2.399999999999998,
2.93,2.8873333333333333,2.9726666666666666,False,221.17346184722248,True,0.7571601330199094,3.0999999999999988,0.0046051996631947196,-46.73503071544939,2.9266666666666663,-0.0033333333333338544,,False,0.0,,,voicing_disagreement,,False,2.6000000000000005,
2.94,2.8973333333333335,2.982666666666667,False,248.25881701670832,True,0.010009025493342986,5.100000000000001,0.007888022332943532,-42.06063736939875,2.9366666666666665,-0.0033333333333334103,,False,0.0,,,pyin_probability_below_0.5|voicing_disagreement,,False,4.600000000000001,
2.95,2.9073333333333333,2.9926666666666666,False,228.9731271349986,True,0.011085791888943373,3.7000000000000015,0.023240373655225695,-32.6751378740867,2.9466666666666663,-0.0033333333333338544,,False,0.0,,,pyin_probability_below_0.5|voicing_disagreement,,False,3.2,
2.96,2.917333333333333,3.002666666666667,False,226.34314645699226,True,0.07797523762294818,3.4999999999999982,0.0369437454954762,-28.64918152520484,2.9566666666666666,-0.0033333333333334103,,False,0.0,,,pyin_probability_below_0.5|voicing_disagreement,,False,2.999999999999999,
2.97,2.9273333333333333,3.0126666666666666,False,222.45470667747657,True,0.24075439447557428,3.2,0.047773799309012675,-26.41620438374178,2.9666666666666663,-0.0033333333333338544,,False,0.0,,,pyin_probability_below_0.5|voicing_disagreement,,False,2.7,
2.98,2.937333333333333,3.022666666666667,False,219.8995964441766,True,0.3721358982975087,2.999999999999999,0.05948048548466565,-24.512509907759274,2.9766666666666666,-0.0033333333333334103,234.51167520317387,True,0.8209371624225006,14.612078758997257,-1.113777513080353,pyin_probability_below_0.5|pitch_difference_over_1_semitone,4.077818950879034,False,2.4999999999999987,3.704892908396183
2.99,2.9473333333333334,3.0326666666666666,False,218.63306796596578,True,0.48498680771591124,2.9,0.06971409575049801,-23.13358802836044,2.9866666666666664,-0.0033333333333338544,225.61080742776664,True,0.9180790924360964,6.977739461800866,-0.5438946661888296,pyin_probability_below_0.5,3.4079361039875073,False,2.399999999999998,3.035010061504657
3.0,2.957333333333333,3.042666666666667,False,217.37383415501247,True,0.615949885458068,2.8000000000000003,0.07951742482143044,-21.990753860935182,2.9966666666666666,-0.0033333333333334103,221.83804069982443,True,0.9700343266702455,4.464206544811958,-0.3519418748437245,,3.115983312642405,True,2.3000000000000003,2.7430572701595555
3.01,2.9673333333333334,3.0526666666666666,False,216.12185299712482,True,0.6860828109301793,2.7,0.08568513951378558,-21.34188983616307,3.0066666666666664,-0.0033333333333334103,218.46586660525858,True,0.9918556252780647,2.344013608133764,-0.1867551860720401,,2.8507966238707194,True,2.1999999999999993,2.4778705813878683
3.02,2.977333333333333,3.062666666666667,False,216.12185299712482,True,0.7571601330199094,2.7,0.09034224373226361,-20.882182550799048,3.0166666666666666,-0.0033333333333334103,216.96221749753866,True,0.9956692664384754,0.8403645004138411,-0.0671864684865458,,2.731227906285225,True,2.1999999999999993,2.3583018638023727
3.03,2.9873333333333334,3.0726666666666667,False,214.87708272009507,True,0.8266685594724996,2.6000000000000005,0.09321408661606964,-20.610369032460145,3.0266666666666664,-0.0033333333333334103,215.96012222039374,True,0.9933713210592499,1.0830395002986677,-0.08703978149543876,,2.6510812192941193,True,2.100000000000002,2.2781551768112704
3.04,2.997333333333333,3.082666666666667,False,213.63948179230545,True,0.8911444948731203,2.4999999999999987,0.09258432084202045,-20.669251097536808,3.0366666666666666,-0.0033333333333334103,214.44172771274458,True,0.9921228151209822,0.8022459204391339,-0.0648884860299885,,2.528929923828664,True,1.9999999999999973,2.156003881345814
3.05,3.0073333333333334,3.0926666666666667,False,212.40900892134297,True,0.8911444948731203,2.399999999999998,0.09053743568990369,-20.86343620553984,3.0466666666666664,-0.0033333333333334103,212.16008721155268,True,0.9918451575615476,0.24892170979029515,0.0203001957911281,,2.343741242007548,True,1.9000000000000006,1.9708151995246983
3.06,3.017333333333333,3.1026666666666665,False,212.40900892134297,True,0.8911444948731203,2.399999999999998,0.08757929558104188,-21.151971045060275,3.0566666666666666,-0.0033333333333334103,210.1171515233907,True,0.9978513577075834,2.2918573979522705,0.1878122988663051,,2.1762291389323716,True,1.9000000000000006,1.803303096449522
3.07,3.0273333333333334,3.1126666666666667,False,211.18562305262122,True,0.8911444948731204,2.3000000000000003,0.08234189980705847,-21.687582342057524,3.0666666666666664,-0.0033333333333334103,208.81721226273615,True,0.9974433038616275,2.3684107898850755,0.19525186588433918,,2.068789571914337,True,1.7999999999999972,1.6958635294314865
3.08,3.037333333333333,3.1226666666666665,False,209.96928336801093,True,0.9459302094659094,2.1999999999999993,0.07727963556465359,-22.238698692677644,3.0766666666666667,-0.0033333333333334103,207.86239766443381,True,0.9975027305882813,2.1068857035771202,0.17459390216411946,,1.9894475356345607,True,1.6999999999999993,1.616521493151709
3.09,3.0473333333333334,3.1326666666666667,False,208.75994928447787,True,0.9459302094659093,2.0999999999999988,0.07142429532981558,-22.923080713236153,3.0866666666666664,-0.0033333333333334103,207.60389245853372,True,0.9999387981312954,1.1560568259441482,0.09613755481210323,,1.9679038829865767,True,1.599999999999999,1.5949778405037254
3.1,3.0573333333333332,3.1426666666666665,False,209.96928336801093,True,0.8911444948731203,2.1999999999999993,0.06895708607439116,-23.228421976309107,3.0966666666666667,-0.0033333333333334103,207.88758208221077,True,0.9999258124406748,2.0817012858001647,0.17249648190007907,,1.9915449558985987,True,1.6999999999999993,1.6186189134157476
3.11,3.0673333333333335,3.1526666666666667,False,211.18562305262122,True,0.8266685594724996,2.3000000000000003,0.06616708409150796,-23.58716007601762,3.1066666666666665,-0.0033333333333334103,208.68098308689872,True,0.9984850373060776,2.504639965722504,0.20654985944135476,,2.0574915783573235,True,1.7999999999999972,1.6845655358744742
3.12,3.0773333333333333,3.1626666666666665,False,211.18562305262122,True,0.6860828109301793,2.3000000000000003,0.061485864473609604,-24.224494330582157,3.1166666666666663,-0.0033333333333338544,210.4647479759579,True,0.9959821475135375,0.720875076663333,0.059196186202031126,,2.2048452515966463,True,1.7999999999999972,1.8319192091137988
3.13,3.0873333333333335,3.1726666666666667,False,212.40900892134297,True,0.48498680771591124,2.399999999999998,0.057474706212685696,-24.810464799794126,3.1266666666666665,-0.0033333333333334103,212.85647797742203,True,0.9935140617890907,0.44746905607905774,-0.03643248631955327,pyin_probability_below_0.5,2.40047392411823,False,1.9000000000000006,2.0275478816353822
3.14,3.0973333333333333,3.1826666666666665,False,213.63948179230545,True,0.4260623290432815,2.4999999999999987,0.053579353693346335,-25.420050588392037,3.1366666666666663,-0.0033333333333338544,215.7013323598879,True,0.980684168286631,2.061850567582468,-0.16628157540665797,pyin_probability_below_0.5,2.6303230132053357,False,1.9999999999999973,2.2573969707224855
3.15,3.1073333333333335,3.1926666666666668,False,214.87708272009507,True,0.32333605839064083,2.6000000000000005,0.04925723843743693,-26.150598802841948,3.1466666666666665,-0.0033333333333334103,219.0966900455587,True,0.8681488220396312,4.219607325463613,-0.3366727925407835,pyin_probability_below_0.5,2.9007142303394655,False,2.100000000000002,2.5277881878566135
3.16,3.1173333333333333,3.2026666666666666,False,216.12185299712482,True,0.24075439447557426,2.7,0.044288474967947425,-27.074185479609902,3.1566666666666663,-0.0033333333333338544,226.62322467145083,True,0.595787244658954,10.501371674326009,-0.8214091391313534,pyin_probability_below_0.5,3.485450576930033,False,2.1999999999999993,3.1125245344471812
3.17,3.1273333333333335,3.212666666666667,False,217.37383415501247,True,0.12793708630129036,2.8000000000000003,0.038069429949259416,-28.388472525044193,3.1666666666666665,-0.0033333333333334103,,False,0.0,,,pyin_probability_below_0.5|voicing_disagreement,,False,2.3000000000000003,
3.18,3.1373333333333333,3.2226666666666666,False,219.8995964441766,True,0.030106861794195014,2.999999999999999,0.03107512217987611,-30.151743102838708,3.1766666666666663,-0.0033333333333338544,,False,0.0,,,pyin_probability_below_0.5|voicing_disagreement,,False,2.4999999999999987,
3.19,3.1473333333333335,3.232666666666667,False,230.29955496661373,True,0.010000328604501658,3.799999999999997,0.020213002386515844,-33.88738345453197,3.1866666666666665,-0.0033333333333334103,212.93618520865923,True,0.6029773201950647,17.3633697579545,1.3570858672728257,pyin_probability_below_0.5|pitch_difference_over_1_semitone,2.406955570525849,False,3.2999999999999976,2.0340295280430003
3.2,3.1573333333333333,3.2426666666666666,False,,False,0.010000078102280324,,0.01324122551070674,-37.56143635848994,3.1966666666666663,-0.0033333333333338544,225.55874851491603,True,0.7824487618212055,,,voicing_disagreement,3.403940880387101,False,,3.031014837904249
3.21,3.167333333333333,3.252666666666667,False,,False,0.013100262550513393,,0.012083704188744986,-38.35599829751536,3.2066666666666666,-0.0033333333333334103,223.59647292223198,True,0.7677350702861208,,,voicing_disagreement,3.252671129034229,False,,2.8797450865513774
3.22,3.1773333333333333,3.2626666666666666,False,,False,0.010259050559778863,,0.007972662471509805,-41.9679324338325,3.2166666666666663,-0.0033333333333338544,,False,0.0,,,,,False,,
3.23,3.187333333333333,3.272666666666667,False,,False,0.010467533617069905,,0.012292033105406113,-38.207525575088596,3.2266666666666666,-0.0033333333333334103,,False,0.0,,,,,False,,
3.24,3.1973333333333334,3.2826666666666666,False,,False,0.012403124793551348,,0.01624305192111923,-35.78664734921811,3.2366666666666664,-0.0033333333333338544,,False,0.0,,,,,False,,
3.25,3.207333333333333,3.292666666666667,False,,False,0.010467533617069905,,0.0178066809674166,-34.98834044494567,3.2466666666666666,-0.0033333333333334103,,False,0.0,,,,,False,,
3.26,3.2173333333333334,3.3026666666666666,False,199.33268480704808,True,0.010622609040911534,1.2999999999999994,0.021918359792562687,-33.18383896697544,3.2566666666666664,-0.0033333333333334103,194.01268317316664,True,0.7863253075569068,5.320001633881446,0.4683278550698158,pyin_probability_below_0.5,0.7957135827288643,False,0.8000000000000002,0.4227875402460146
3.27,3.227333333333333,3.312666666666667,False,195.90826859169485,True,0.011853505394683415,0.9999999999999971,0.026072869267211342,-31.676223459219774,3.2666666666666666,-0.0033333333333334103,195.4966030271249,True,0.7688295454838255,0.41166556456994385,0.03641700738462987,pyin_probability_below_0.5,0.9276244304140486,False,0.49999999999999706,0.5546983879311989
3.28,3.2373333333333334,3.3226666666666667,False,192.54268179725335,True,0.01646758759311301,0.699999999999998,0.029191284668556,-30.694935837692256,3.2766666666666664,-0.0033333333333334103,201.0602208464749,True,0.6291068276689731,8.51753904922154,-0.7493926455206524,pyin_probability_below_0.5,1.4134340833193308,False,0.20000000000000068,1.0405080408364795
3.29,3.247333333333333,3.332666666666667,False,190.3311404729313,True,0.022944219124638603,0.5000000000000008,0.03277659207306068,-29.68872407864484,3.2866666666666666,-0.0033333333333334103,203.05114626219176,True,0.52319440893438,12.720005789260455,-1.1199785798201145,pyin_probability_below_0.5|pitch_difference_over_1_semitone,1.5840200176187964,False,0.0,1.2110939751359457
3.3,3.2573333333333334,3.3426666666666667,False,189.23491376948436,True,0.047686993082531035,0.4000000000000011,0.03620596080729957,-28.824398460825233,3.2966666666666664,-0.0033333333333334103,190.79269916524095,True,0.6720883326415845,1.5577853957565821,-0.1419321192384006,pyin_probability_below_0.5,0.5059735570370817,False,-0.09999999999999873,0.1330475145542297
3.31,3.267333333333333,3.3526666666666665,False,188.14500086724917,True,0.07797523762294818,0.3000000000000021,0.03900405212362153,-28.17780543715605,3.3066666666666666,-0.0033333333333334103,187.11613322645096,True,0.8809055037145281,1.028867640798211,0.09493203495480576,pyin_probability_below_0.5,0.169109402843875,False,-0.19999999999999973,-0.20381663963897628
3.32,3.2773333333333334,3.3626666666666667,False,187.0613654014066,True,0.2407543944755743,0.19999999999999687,0.04140778331229908,-27.658360360251493,3.3166666666666664,-0.0033333333333334103,185.04710205238166,True,0.9646792162798352,2.0142633490249295,0.1874289708075224,pyin_probability_below_0.5,-0.023387533008843758,False,-0.30000000000000204,-0.3963135754916942
3.33,3.287333333333333,3.3726666666666665,False,185.98397121658357,True,0.48498680771591135,0.09999999999999636,0.04270520268968761,-27.39038425042147,3.3266666666666667,-0.0033333333333334103,184.80296495516234,True,0.9785332370839981,1.1810062614212313,0.11028463878964699,pyin_probability_below_0.5,-0.04624320099096846,False,-0.4000000000000028,-0.41916924347382056
3.34,3.2973333333333334,3.3826666666666667,False,184.9127823656466,True,0.7571601330199093,0.0,0.04383752629597036,-27.163079211970373,3.3366666666666664,-0.0033333333333334103,185.37315157616905,True,0.9847201387358839,0.46036921052245816,-0.04304820626433943,,0.007089644063018201,True,-0.5000000000000001,-0.3658363984198328
3.35,3.3073333333333332,3.3926666666666665,False,183.84776310850236,True,0.8911444948731203,-0.09999999999999873,0.043128580404148555,-27.304696732184727,3.3466666666666667,-0.0033333333333334103,184.7907673071148,True,0.9884660354686262,0.9430041986124422,-0.08857264791287035,,-0.04738591428845031,True,-0.5999999999999991,-0.42031195677130057
3.36,3.3173333333333335,3.4026666666666667,False,183.84776310850236,True,0.8911444948731204,-0.09999999999999873,0.042113553661959235,-27.51156220048946,3.3566666666666665,-0.0033333333333334103,184.39790463011056,True,0.9885954560388038,0.5501415216081966,-0.05172766585050971,,-0.08423089635081091,True,-0.5999999999999991,-0.45715693883366115
3.37,3.3273333333333333,3.4126666666666665,False,183.84776310850236,True,0.8911444948731203,-0.09999999999999873,0.041040203672908615,-27.735809851784047,3.3666666666666663,-0.0033333333333338544,183.86081094166727,True,0.9876067585507514,0.013047833164904432,-0.0012286280301973475,,-0.13472993417112183,True,-0.5999999999999991,-0.5076559766539733
3.38,3.3373333333333335,3.4226666666666667,False,183.84776310850236,True,0.8266685594724996,-0.09999999999999873,0.038957514794894565,-28.18817511455891,3.3766666666666665,-0.0033333333333334103,183.67917111164297,True,0.9643570515490345,0.16859199685939075,0.015883038692377668,,-0.15184160089369758,True,-0.5999999999999991,-0.5247676433765481
3.39,3.3473333333333333,3.4326666666666665,False,182.78887791090543,True,0.7571601330199094,-0.19999999999999973,0.03653197509585258,-28.74653694172285,3.3866666666666663,-0.0033333333333338544,181.03280189671406,True,0.9553317456060161,1.7560760141913647,0.16712595027232072,,-0.4030845124736441,True,-0.7000000000000002,-0.776010554956493
3.4,3.3573333333333335,3.4426666666666668,False,180.68936857950385,True,0.6860828109301793,-0.3999999999999969,0.03340332278550237,-29.524206594528295,3.3966666666666665,-0.0033333333333334103,177.38480881820465,True,0.9843375452893321,3.3045597612992026,0.31954992353926126,,-0.7555084857405776,True,-0.8999999999999966,-1.1284345282234283
3.41,3.3673333333333333,3.4526666666666666,False,178.6139741695516,True,0.6159498854580678,-0.5999999999999991,0.0304273824421422,-30.33470813642477,3.4066666666666663,-0.0033333333333338544,176.76001930239244,True,0.9752792237521046,1.8539548671591604,0.18063555402697867,,-0.8165941162282965,True,-1.0999999999999999,-1.1895201587111468
3.42,3.3773333333333335,3.462666666666667,False,174.53442536143424,True,0.6159498854580678,-1.0000000000000013,0.02610853918161879,-31.664348540645896,3.4166666666666665,-0.0033333333333334103,173.58842511946256,True,0.9702836502502546,0.9460002419716886,0.09409045446827316,,-1.1300490166695951,True,-1.5000000000000004,-1.5029750591524451
3.43,3.3873333333333333,3.4726666666666666,False,172.52972650401387,True,0.6860828109301791,-1.199999999999998,0.022851326597361214,-32.82177165176,3.4266666666666663,-0.0033333333333338544,168.81286138309457,True,0.9581984765582059,3.7168651209192944,0.37704160111288054,,-1.6130001633141973,True,-1.6999999999999988,-1.9859262057970488
3.44,3.3973333333333335,3.482666666666667,False,170.54805357686834,True,0.6860828109301791,-1.4000000000000004,0.020987392771582906,-33.560830194758715,3.4366666666666665,-0.0033333333333334103,165.9607165671224,True,0.9608900157593361,4.587337009745937,0.4720379816771049,,-1.9079965438784268,True,-1.9000000000000006,-2.2809225863612763
3.45,3.4073333333333333,3.4926666666666666,False,167.61814009714527,True,0.6860828109301791,-1.7000000000000033,0.018262869838633698,-34.7686195227256,3.4466666666666663,-0.0033333333333338544,163.45263302661837,True,0.9517382350278184,4.1655070705269,0.43566807041653044,,-2.171626632617852,True,-2.200000000000002,-2.544552675100703
3.46,3.417333333333333,3.502666666666667,False,165.6928815515041,True,0.48498680771591135,-1.8999999999999986,0.01634589347405875,-35.73182671397169,3.4566666666666666,-0.0033333333333334103,161.01797646647404,True,0.9299147169049936,4.674905085030048,0.49547831626194805,pyin_probability_below_0.5,-2.4314368784632676,False,-2.4000000000000004,-2.804362920946119
3.47,3.4273333333333333,3.5126666666666666,False,164.73856077731807,True,0.20650679911775227,-2.0000000000000027,0.014459539538323709,-36.79691073716338,3.4666666666666663,-0.0033333333333338544,159.0456355098008,True,0.9346782254670035,5.692925267517268,0.608850090876722,pyin_probability_below_0.5,-2.6448086530780452,False,-2.5000000000000013,-3.017734695560896
3.48,3.437333333333333,3.522666666666667,False,164.73856077731807,True,0.034897428019625254,-2.0000000000000027,0.012387329816644942,-38.14044598042554,3.4766666666666666,-0.0033333333333334103,159.07418930358992,True,0.8705331746618615,5.664371473728153,0.6057422493456599,pyin_probability_below_0.5,-2.641700811546981,False,-2.5000000000000013,-3.0146268540298324
3.49,3.4473333333333334,3.5326666666666666,False,164.73856077731807,True,0.010622609040911533,-2.0000000000000027,0.011096024400516017,-39.0966519381226,3.4866666666666664,-0.0033333333333338544,,False,0.0,,,pyin_probability_below_0.5|voicing_disagreement,,False,-2.5000000000000013,
3.5,3.457333333333333,3.542666666666667,False,181.73609144327253,True,0.010026724673810768,-0.30000000000000004,0.01370222930323734,-37.26417537901642,3.4966666666666666,-0.0033333333333334103,,False,0.0,,,pyin_probability_below_0.5|voicing_disagreement,,False,-0.8000000000000008,
3.51,3.4673333333333334,3.5526666666666666,False,172.52972650401387,True,0.010467533617069905,-1.199999999999998,0.01621215509374009,-35.80318500456135,3.5066666666666664,-0.0033333333333334103,,False,0.0,,,pyin_probability_below_0.5|voicing_disagreement,,False,-1.6999999999999988,
3.52,3.477333333333333,3.562666666666667,False,172.52972650401387,True,0.013980210380185926,-1.199999999999998,0.01926539392725858,-34.304442127324734,3.5166666666666666,-0.0033333333333334103,,False,0.0,,,pyin_probability_below_0.5|voicing_disagreement,,False,-1.6999999999999988,
3.53,3.4873333333333334,3.5726666666666667,False,164.73856077731807,True,0.03489742801962526,-2.0000000000000027,0.022754849196766826,-32.85852076696547,3.5266666666666664,-0.0033333333333334103,172.84967890436997,True,0.5729516128691784,8.111118127051895,-0.8320756037769146,pyin_probability_below_0.5,-1.2038829584244075,False,-2.5000000000000013,-1.5768090009072586
3.54,3.497333333333333,3.582666666666667,False,163.7897364863335,True,0.07797523762294818,-2.1000000000000014,0.024217148883585955,-32.31753976474446,3.5366666666666666,-0.0033333333333334103,173.37443207363168,True,0.7693914962425387,9.584695587298171,-0.9845544012273417,pyin_probability_below_0.5,-1.1514041609739791,False,-2.6000000000000005,-1.5243302034568296
3.55,3.5073333333333334,3.5926666666666667,False,163.7897364863335,True,0.12793708630129036,-2.1000000000000014,0.0259764264283387,-31.708411899132987,3.5466666666666664,-0.0033333333333334103,170.39996843420732,True,0.8560363890238457,6.610231947873814,-0.6849613406909061,pyin_probability_below_0.5,-1.450997221510415,False,-2.6000000000000005,-1.823923263993264
3.56,3.517333333333333,3.6026666666666665,False,161.90845090664698,True,0.2065067991177523,-2.3,0.026812997073499177,-31.43309278432246,3.5566666666666666,-0.0033333333333334103,161.76118381741526,True,0.9475527430473839,0.14726708923171827,0.015753953378764216,pyin_probability_below_0.5,-2.3517125155800853,False,-2.8,-2.724638558062936
3.57,3.5273333333333334,3.6126666666666667,False,161.90845090664698,True,0.3233360583906409,-2.3,0.02781351988595456,-31.11488092727332,3.5666666666666664,-0.0033333333333334103,159.937506746001,True,0.9738858776128947,1.9709441606459848,0.2120398416512074,pyin_probability_below_0.5,-2.54799840385253,False,-2.8,-2.9209244463353814
3.58,3.537333333333333,3.6226666666666665,False,160.97592684906726,True,0.6159498854580681,-2.399999999999998,0.02846276550578988,-30.91445810361918,3.5766666666666667,-0.0033333333333334103,158.38876439675275,True,0.982297021503757,2.587162452314516,0.28049949373145444,,-2.7164580559327742,True,-2.8999999999999995,-3.0893840984156236
3.59,3.5473333333333334,3.6326666666666667,False,160.04877373483913,True,0.7571601330199094,-2.499999999999999,0.02776911191718592,-31.12876018362857,3.5866666666666664,-0.0033333333333334103,157.88809856346035,True,0.9840508377058338,2.1606751713787844,0.23531036125410487,,-2.771268923455425,True,-2.9999999999999987,-3.1441949659382753
3.6,3.5573333333333332,3.6426666666666665,False,160.04877373483913,True,0.7571601330199094,-2.499999999999999,0.027047923572937043,-31.357321387805378,3.5966666666666667,-0.0033333333333334103,159.2497315186639,True,0.9890732863483882,0.7990422161752235,0.08664819635673784,,-2.622606758558058,True,-2.9999999999999987,-2.995532801040909
3.61,3.5673333333333335,3.6526666666666667,False,161.90845090664698,True,0.6860828109301793,-2.3,0.025361926029046054,-31.916355369098987,3.6066666666666665,-0.0033333333333334103,161.84065283355284,True,0.9810399235647805,0.06779807309413854,0.007250944201017526,,-2.3432095064023395,True,-2.8,-2.7161355488851893
3.62,3.5773333333333333,3.6626666666666665,False,162.84637702113662,True,0.5485250542599847,-2.200000000000002,0.024361588358052445,-32.2658879885589,3.6166666666666663,-0.0033333333333338544,163.70726685369013,True,0.98016583231404,0.8608898325535108,-0.0912808827190463,,-2.1446776794822737,True,-2.700000000000001,-2.5176037219651253
3.63,3.5873333333333335,3.6726666666666667,False,165.6928815515041,True,0.48498680771591135,-1.8999999999999986,0.024065513447757866,-32.37209736068055,3.6266666666666665,-0.0033333333333334103,164.47256243442217,True,0.9803415564732129,1.2203191170819139,0.1279763018902133,pyin_probability_below_0.5,-2.0639348640915336,False,-2.4000000000000004,-2.436860906574383
3.64,3.5973333333333333,3.6826666666666665,False,168.58914210463126,True,0.32333605839064083,-1.6,0.02589744168666056,-31.73486272319607,3.6366666666666663,-0.0033333333333338544,165.34584214248315,True,0.9727540250214066,3.2432999621481144,0.3362982707676925,pyin_probability_below_0.5,-1.9722568329690122,False,-2.0999999999999996,-2.3451828754518624
3.65,3.6073333333333335,3.6926666666666668,False,174.53442536143424,True,0.12793708630129036,-1.0000000000000013,0.029372322996145044,-30.641234093369857,3.6466666666666665,-0.0033333333333334103,167.63575266915913,True,0.9739157220861959,6.898672692275113,0.6981809914785209,pyin_probability_below_0.5,-1.7341395536798416,False,-1.5000000000000004,-2.1070655961626934
3.66,3.6173333333333333,3.7026666666666666,False,179.64867439581087,True,0.09203757081218103,-0.5000000000000021,0.03235995709051823,-29.799841258725287,3.6566666666666663,-0.0033333333333338544,168.9554241696059,True,0.9753964876181325,10.693250226204981,1.0624274661954798,pyin_probability_below_0.5|pitch_difference_over_1_semitone,-1.5983860283968023,False,-1.0000000000000013,-1.9713120708796534
3.67,3.6273333333333335,3.712666666666667,False,179.64867439581087,True,0.17653060863289757,-0.5000000000000021,0.03605949480794965,-28.859607240379198,3.6666666666666665,-0.0033333333333334103,172.33406330367708,True,0.9704623651428752,7.314611092133788,0.7196447896781563,pyin_probability_below_0.5,-1.2556033518794778,False,-1.0000000000000013,-1.6285293943623294
3.68,3.6373333333333333,3.7226666666666666,False,179.64867439581087,True,0.2407543944755743,-0.5000000000000021,0.04051721232527829,-27.847208854288688,3.6766666666666663,-0.0033333333333338544,176.1001452512425,True,0.9429118098390736,3.548529144568363,0.34538628941320065,pyin_probability_below_0.5,-0.881344851614521,False,-1.0000000000000013,-1.254270894097372
3.69,3.6473333333333335,3.732666666666667,False,178.6139741695516,True,0.24075439447557428,-0.5999999999999991,0.04260498167546567,-27.410792342981413,3.6866666666666665,-0.0033333333333334103,183.14564298033767,True,0.9381930133679125,4.531668810786073,-0.43375707926693186,pyin_probability_below_0.5,-0.2022014829343891,False,-1.0999999999999999,-0.5751275254172399
3.7,3.6573333333333333,3.7426666666666666,False,177.5852333780714,True,0.2065067991177523,-0.7000000000000022,0.04446950248840176,-27.0387545856336,3.6966666666666663,-0.0033333333333338544,182.62772632205434,True,0.9227984167910928,5.04249294398295,-0.48473024309595525,pyin_probability_below_0.5,-0.251228319105368,False,-1.2000000000000022,-0.6241543615882186
3.71,3.667333333333333,3.752666666666667,False,174.53442536143424,True,0.12793708630129036,-1.0000000000000013,0.04721291363316183,-26.518783945724035,3.7066666666666666,-0.0033333333333334103,178.786144110829,True,0.9297708021042638,4.251718749394769,-0.4166797083927198,pyin_probability_below_0.5,-0.6192788538086015,False,-1.5000000000000004,-0.9922048962914526
3.72,3.6773333333333333,3.7626666666666666,False,173.52918104210445,True,0.12793708630129036,-1.1000000000000019,0.04924920744149661,-26.15201508263874,3.7166666666666663,-0.0033333333333338544,177.3809493244832,True,0.8924401796079068,3.8517682823787425,-0.38007339484536085,pyin_probability_below_0.5,-0.7558851673559617,False,-1.6000000000000023,-1.1288112098388123
3.73,3.687333333333333,3.772666666666667,False,173.52918104210445,True,0.20650679911775227,-1.1000000000000019,0.049898572870053184,-26.03823750577831,3.7266666666666666,-0.0033333333333334103,172.86434303503853,True,0.887584183193558,0.6648380070659243,0.06645572323225975,pyin_probability_below_0.5,-1.2024142854335824,False,-1.6000000000000023,-1.5753403279164333
3.74,3.6973333333333334,3.7826666666666666,False,172.52972650401387,True,0.3233360583906409,-1.199999999999998,0.04919709449308686,-26.161210905173174,3.7366666666666664,-0.0033333333333338544,171.5141996548117,True,0.9346653028105378,1.0155268492021605,0.10220321484746622,pyin_probability_below_0.5,-1.3381617770487855,False,-1.6999999999999988,-1.7110878195316364
3.75,3.707333333333333,3.792666666666667,False,173.52918104210445,True,0.32333605839064083,-1.1000000000000019,0.048518436173463124,-26.281864111666064,3.7466666666666666,-0.0033333333333334103,171.452662495191,True,0.9455117402426014,2.076518546913462,0.20841578165311125,pyin_probability_below_0.5,-1.3443743438544313,False,-1.6000000000000023,-1.7173003863372822
3.76,3.7173333333333334,3.8026666666666666,False,173.52918104210445,True,0.3233360583906409,-1.1000000000000019,0.04685067363451761,-26.58568320602541,3.7566666666666664,-0.0033333333333334103,171.65540421877196,True,0.961620381520767,1.8737768233324914,0.18795613934610544,pyin_probability_below_0.5,-1.323914701547427,False,-1.6000000000000023,-1.6968407440302773
3.77,3.727333333333333,3.812666666666667,False,173.52918104210445,True,0.2407543944755743,-1.1000000000000019,0.04508838321785683,-26.918706747473426,3.7666666666666666,-0.0033333333333334103,172.76462505071663,True,0.9544186613311575,0.764555991387823,0.0764453473953341,pyin_probability_below_0.5,-1.2124039095966552,False,-1.6000000000000023,-1.5853299520795057
3.78,3.7373333333333334,3.8226666666666667,False,174.53442536143424,True,0.2065067991177523,-1.0000000000000013,0.04411143645378107,-27.10897599075104,3.7766666666666664,-0.0033333333333334103,174.68546621893054,True,0.9598599449492258,0.15104085749629803,-0.014975498126379525,pyin_probability_below_0.5,-1.0209830640749422,False,-1.5000000000000004,-1.3939091065577938
3.79,3.747333333333333,3.832666666666667,False,175.5454930018647,True,0.1765306086328976,-0.8999999999999986,0.042310843786510434,-27.470966272777858,3.7866666666666666,-0.0033333333333334103,176.4351625357562,True,0.9638864515690937,0.8896695338914924,-0.08751784766240432,pyin_probability_below_0.5,-0.8484407145389143,False,-1.3999999999999984,-1.2213667570217661
3.8,3.7573333333333334,3.8426666666666667,False,176.56241769755178,True,0.2796051653363589,-0.8000000000000008,0.038866288909110404,-28.20853850728126,3.7966666666666664,-0.0033333333333334103,177.72765543537307,True,0.9570840424090293,1.1652377378212861,-0.11387880574596196,pyin_probability_below_0.5,-0.7220797564553587,False,-1.3000000000000005,-1.0950057989382092
3.81,3.767333333333333,3.8526666666666665,False,177.5852333780714,True,0.27960516533635893,-0.7000000000000022,0.03548988966561342,-28.997907016536306,3.8066666666666666,-0.0033333333333334103,179.1764109502279,True,0.95757071557865,1.5911775721565107,-0.1544291041735991,pyin_probability_below_0.5,-0.581529458027723,False,-1.2000000000000022,-0.954455500510575
3.82,3.7773333333333334,3.8626666666666667,False,177.5852333780714,True,0.32333605839064083,-0.7000000000000022,0.03300300488676695,-29.628930325878514,3.8166666666666664,-0.0033333333333334103,180.26985102514126,True,0.9358227510780606,2.684617647069871,-0.2597581465238585,pyin_probability_below_0.5,-0.4762004156774642,False,-1.2000000000000022,-0.8491264581603161
3.83,3.787333333333333,3.8726666666666665,False,178.6139741695516,True,0.2796051653363589,-0.5999999999999991,0.029330908804911765,-30.65348960786689,3.8266666666666667,-0.0033333333333334103,180.19545265436102,True,0.8246937629477152,1.5814784848094234,-0.15261177247875088,pyin_probability_below_0.5,-0.48334678972256884,False,-1.0999999999999999,-0.8562728322054185
3.84,3.7973333333333334,3.8826666666666667,False,179.64867439581087,True,0.1765306086328976,-0.5000000000000021,0.025160481580609788,-31.9856210119123,3.8366666666666664,-0.0033333333333334103,176.25604440646651,True,0.7317474319178779,3.392629989344357,0.33006668094436914,pyin_probability_below_0.5,-0.8660252431456898,False,-1.0000000000000013,-1.2389512856285412
3.85,3.8073333333333332,3.8926666666666665,False,179.64867439581087,True,0.06608151270920701,-0.5000000000000021,0.021176727242386704,-33.48282314179159,3.8466666666666667,-0.0033333333333334103,177.17376603589534,True,0.487518128105014,2.4749083599155313,0.24015946563496746,pyin_probability_below_0.5,-0.7761180278362907,False,-1.0000000000000013,-1.149044070319143
3.86,3.8173333333333335,3.9026666666666667,False,178.6139741695516,True,0.01646758759311301,-0.5999999999999991,0.01782320418207439,-34.98028435222071,3.8566666666666665,-0.0033333333333334103,,False,0.0,,,pyin_probability_below_0.5|voicing_disagreement,,False,-1.0999999999999999,
3.87,3.8273333333333333,3.9126666666666665,False,175.5454930018647,True,0.011422334250709074,-0.8999999999999986,0.014297927060003797,-36.89453845581717,3.8666666666666663,-0.0033333333333338544,,False,0.0,,,pyin_probability_below_0.5|voicing_disagreement,,False,-1.3999999999999984,
3.88,3.8373333333333335,3.9226666666666667,False,174.53442536143424,True,0.010009025493342984,-1.0000000000000013,0.010751617795952902,-39.37052365079553,3.8766666666666665,-0.0033333333333334103,340.47170843402006,True,0.7353356430687482,165.9372830725858,-11.56827958710904,pyin_probability_below_0.5|pitch_difference_over_1_semitone|possible_octave_disagreement,10.53232102490772,False,-1.5000000000000004,10.15939498242487
3.89,3.8473333333333333,3.9326666666666665,False,173.52918104210445,True,0.01010197459374499,-1.1000000000000019,0.009113055331764727,-40.806719856228455,3.8866666666666663,-0.0033333333333338544,332.33799793927795,True,0.7837706470474186,158.8088168971735,-11.249675560800988,pyin_probability_below_0.5|pitch_difference_over_1_semitone|possible_octave_disagreement,10.113716998599664,False,-1.6000000000000023,9.740790956116815
3.9,3.8573333333333335,3.9426666666666668,False,,False,0.0229442191246386,,0.006119295468018659,-44.26597153083059,3.8966666666666665,-0.0033333333333334103,326.99778634485415,True,0.8100477280559314,,,voicing_disagreement,9.83327238963198,False,,9.460346347149127
3.91,3.8673333333333333,3.9526666666666666,False,,False,0.010000516719604524,,0.006937472383817439,-43.17597465347059,3.9066666666666663,-0.0033333333333338544,325.4197935062992,True,0.8693414873309421,,,voicing_disagreement,9.74952601789493,False,,9.37659997541208
3.92,3.8773333333333335,3.962666666666667,False,,False,0.010000078102280326,,0.007935231194460154,-42.0088083094603,3.9166666666666665,-0.0033333333333334103,321.44508709541697,True,0.8746026830614354,,,voicing_disagreement,9.536769571137365,False,,9.163843528654514
3.93,3.8873333333333333,3.9726666666666666,False,,False,0.010000000417925077,,0.014580586540836205,-36.72450010153386,3.9266666666666663,-0.0033333333333338544,,False,0.0,,,,,False,,
3.94,3.8973333333333335,3.982666666666667,False,,False,0.010000047007977303,,0.018310588176005196,-34.745954099776306,3.9366666666666665,-0.0033333333333334103,,False,0.0,,,,,False,,
3.95,3.9073333333333333,3.9926666666666666,False,156.39325469067515,True,0.01002672467381077,-2.900000000000002,0.022591143045717396,-32.9212358898807,3.9466666666666663,-0.0033333333333338544,,False,0.0,,,pyin_probability_below_0.5|voicing_disagreement,,False,-3.4000000000000012,
3.96,3.917333333333333,4.002666666666666,False,154.59692495035372,True,0.010140046044704068,-3.100000000000001,0.024712072350350722,-32.14181666412881,3.9566666666666666,-0.0033333333333334103,,False,0.0,,,pyin_probability_below_0.5|voicing_disagreement,,False,-3.6000000000000014,
3.97,3.9273333333333333,4.012666666666667,False,152.82122781686914,True,0.011422334250709074,-3.299999999999999,0.026976843599991987,-31.380177318114036,3.9666666666666663,-0.0033333333333338544,,False,0.0,,,pyin_probability_below_0.5|voicing_disagreement,,False,-3.8,
3.98,3.937333333333333,4.022666666666667,False,152.82122781686914,True,0.013100262550513395,-3.299999999999999,0.02780895609606381,-31.11630627106507,3.9766666666666666,-0.0033333333333334103,156.8286906978687,True,0.6875078323210849,4.0074628809995545,-0.44813469417259044,pyin_probability_below_0.5,-2.887823868028729,False,-3.8,-3.260749910511581
3.99,3.9473333333333334,4.032666666666667,False,152.82122781686914,True,0.015085587297504336,-3.299999999999999,0.02843578045605889,-30.922696949707507,3.9866666666666664,-0.0033333333333338544,150.98469780791416,True,0.8865847901727728,1.8365300089549805,0.2093113889686739,pyin_probability_below_0.5,-3.5452699511699937,False,-3.8,-3.9181959936528443
4.0,3.957333333333333,4.042666666666666,False,152.82122781686914,True,0.022944219124638603,-3.299999999999999,0.02832584139504599,-30.95634361848927,3.9966666666666666,-0.0033333333333334103,148.43613853477999,True,0.9632730012278276,4.3850892820891545,0.5040309681768658,pyin_probability_below_0.5,-3.8399895303781872,False,-3.8,-4.2129155728610375
4.01,3.9673333333333334,4.052666666666667,False,151.9410423129619,True,0.17653060863289755,-3.4000000000000012,0.026539989582699347,-31.52198503875878,4.006666666666667,-0.0033333333333329662,149.10753064549579,True,0.9418220169998908,2.8335116674661265,0.3259020092742828,pyin_probability_below_0.5,-3.761860571475605,False,-3.900000000000001,-4.134786613958455
4.02,3.977333333333333,4.062666666666667,False,149.33078614961454,True,0.42606232904328145,-3.700000000000001,0.02469232139180847,-32.14876157903573,4.016666666666667,-0.0033333333333329662,150.2691056524602,True,0.9064027306538782,0.9383195028456726,-0.10844169360824135,pyin_probability_below_0.5,-3.627516868593079,False,-4.200000000000002,-4.000442911075931
4.03,3.9873333333333334,4.072666666666667,False,147.61557577921405,True,0.17653060863289757,-3.900000000000001,0.021226795704554664,-33.46231119803682,4.026666666666666,-0.0033333333333338544,150.2682249590039,True,0.8383677512554728,2.6526491797898473,-0.30834022957412155,pyin_probability_below_0.5,-3.627618332627199,False,-4.4,-4.000544375110049
4.04,3.997333333333333,4.082666666666666,False,153.70651218352927,True,0.030106861794195014,-3.199999999999998,0.019290118479281727,-34.29330209850618,4.036666666666666,-0.0033333333333338544,151.9732424286819,True,0.7082433671043772,1.7332697548473561,0.19633146977778332,pyin_probability_below_0.5,-3.432290031979101,False,-3.6999999999999984,-3.805216074461952
4.05,4.007333333333333,4.092666666666666,False,154.59692495035372,True,0.010467533617069905,-3.100000000000001,0.016224978735276844,-35.79631727441378,4.046666666666667,-0.0033333333333329662,,False,0.0,,,pyin_probability_below_0.5|voicing_disagreement,,False,-3.6000000000000014,
4.06,4.017333333333333,4.102666666666667,False,154.59692495035372,True,0.010000516719604524,-3.100000000000001,0.014451560685455368,-36.801704981358576,4.056666666666667,-0.0033333333333329662,,False,0.0,,,pyin_probability_below_0.5|voicing_disagreement,,False,-3.6000000000000014,
4.07,4.027333333333333,4.112666666666667,False,,False,0.010000000208892744,,0.013980528427669553,-37.08952826152951,4.066666666666666,-0.0033333333333338544,,False,0.0,,,,,False,,
4.08,4.037333333333334,4.1226666666666665,False,,False,0.010000000814014906,,0.014276875836366679,-36.907336349052045,4.076666666666666,-0.0033333333333338544,,False,0.0,,,,,False,,
4.09,4.0473333333333334,4.132666666666666,False,,False,0.010000000417925077,,0.01459892722165532,-36.71358112928796,4.086666666666667,-0.0033333333333329662,,False,0.0,,,,,False,,
4.1,4.057333333333333,4.142666666666667,False,,False,0.010000000101429396,,0.014710052391196134,-36.64771560980445,4.096666666666667,-0.0033333333333329662,,False,0.0,,,,,False,,
4.11,4.067333333333333,4.152666666666667,False,,False,0.01000000287110037,,0.014403260993950244,-36.83078339233961,4.1066666666666665,-0.0033333333333338544,,False,0.0,,,,,False,,
4.12,4.077333333333334,4.1626666666666665,False,,False,0.0100000470079773,,0.013460752792823182,-37.41861303013525,4.116666666666666,-0.0033333333333338544,,False,0.0,,,,,False,,
4.13,4.0873333333333335,4.172666666666666,False,,False,0.01000001622642283,,0.01234772652355601,-38.16825995604665,4.126666666666666,-0.0033333333333338544,,False,0.0,,,,,False,,
4.14,4.097333333333333,4.182666666666667,False,,False,0.010000000101429395,,0.0130560426728055,-37.68376878250638,4.136666666666667,-0.0033333333333329662,,False,0.0,,,,,False,,
4.15,4.107333333333333,4.192666666666667,False,151.9410423129619,True,0.01000012784523254,-3.4000000000000012,0.015864199827189934,-35.991636566953524,4.1466666666666665,-0.0033333333333338544,,False,0.0,,,pyin_probability_below_0.5|voicing_disagreement,,False,-3.900000000000001,
4.16,4.117333333333334,4.2026666666666666,False,152.82122781686914,True,0.011422334250709076,-3.299999999999999,0.020293019728678228,-33.85306644827261,4.156666666666666,-0.0033333333333338544,,False,0.0,,,pyin_probability_below_0.5|voicing_disagreement,,False,-3.8,
4.17,4.1273333333333335,4.212666666666666,False,152.82122781686914,True,0.034897428019625254,-3.299999999999999,0.022994999794193824,-32.767331799537935,4.166666666666666,-0.0033333333333338544,162.4377486627803,True,0.508726171461818,9.616520845911168,-1.0565037674037507,pyin_probability_below_0.5|pitch_difference_over_1_semitone,-2.2794547947975694,False,-3.8,-2.6523808372804183
4.18,4.137333333333333,4.222666666666667,False,152.82122781686914,True,0.1279370863012904,-3.299999999999999,0.02677093276116186,-31.446729934521894,4.176666666666667,-0.0033333333333329662,153.7510467053008,True,0.6874605631645769,0.9298188884316687,-0.10501530560950535,pyin_probability_below_0.5,-3.2309432565918135,False,-3.8,-3.6038692990746655
4.19,4.147333333333333,4.232666666666667,False,151.9410423129619,True,0.2065067991177523,-3.4000000000000012,0.028468486669561983,-30.91271237011098,4.1866666666666665,-0.0033333333333338544,153.53457772337208,True,0.8063086786828854,1.593535410410169,-0.18062376208899197,pyin_probability_below_0.5,-3.255334800112331,False,-3.900000000000001,-3.628260842595182
4.2,4.157333333333334,4.242666666666667,False,151.9410423129619,True,0.32333605839064095,-3.4000000000000012,0.03151718674752091,-30.029051099382414,4.196666666666666,-0.0033333333333338544,153.069164011395,True,0.8874121229622877,1.128121698433091,-0.12806467201487978,pyin_probability_below_0.5,-3.3078938901864428,False,-3.900000000000001,-3.6808199326692925
4.21,4.167333333333334,4.252666666666666,False,151.06592630451914,True,0.3721358982975087,-3.500000000000001,0.033013730573472753,-29.626107946638175,4.206666666666666,-0.0033333333333338544,151.64349883502757,True,0.9628781682418084,0.5775725305084336,-0.06606430860609268,pyin_probability_below_0.5,-3.469894253595229,False,-4.000000000000001,-3.84282029607808
4.22,4.177333333333333,4.262666666666667,False,151.06592630451914,True,0.5485250542599844,-3.500000000000001,0.035020004829136864,-29.1136759672974,4.216666666666667,-0.0033333333333329662,150.92855030324685,True,0.9829822490939417,0.13737600127228689,0.015750621004956875,,-3.5517091832062784,True,-4.000000000000001,-3.92463522568913
4.23,4.187333333333333,4.272666666666667,False,151.06592630451914,True,0.6860828109301793,-3.500000000000001,0.03568652396784359,-28.949915045428185,4.226666666666667,-0.0033333333333338544,150.33668897073673,True,0.9893258284682297,0.7292373337824074,0.08377385607088264,,-3.6197324182722053,True,-4.000000000000001,-3.992658460755056
4.24,4.197333333333333,4.282666666666667,False,150.19585059339548,True,0.7571601330199093,-3.6000000000000014,0.03535944339627525,-29.029891599326817,4.236666666666666,-0.0033333333333338544,150.2584769017195,True,0.9871298798879773,0.06262630832401328,-0.007217123468445368,,-3.6287414387328765,True,-4.100000000000002,-4.001667481215726
4.25,4.207333333333334,4.292666666666666,False,150.19585059339548,True,0.8266685594724995,-3.6000000000000014,0.034743742230566754,-29.18246811469512,4.246666666666666,-0.0033333333333338544,150.08304266813624,True,0.9876075230046507,0.11280792525923289,0.01300770282451337,,-3.648966265025837,True,-4.100000000000002,-4.021892307508687
4.26,4.217333333333333,4.302666666666667,False,150.19585059339548,True,0.7571601330199093,-3.6000000000000014,0.03404024283869169,-29.360147007514207,4.256666666666667,-0.0033333333333329662,149.65579440119166,True,0.9900964231823276,0.5400561922038207,0.062361817580956574,,-3.698320379782281,True,-4.100000000000002,-4.071246422265131
4.27,4.227333333333333,4.312666666666667,False,150.19585059339548,True,0.8266685594724995,-3.6000000000000014,0.03374825838031795,-29.434972690931126,4.266666666666667,-0.0033333333333329662,149.623274777903,True,0.9971976995594115,0.5725758154924847,0.06612413076083601,,-3.702082692962159,True,-4.100000000000002,-4.075008735445008
4.28,4.237333333333333,4.322666666666667,False,150.19585059339548,True,0.6860828109301793,-3.6000000000000014,0.03363925888791497,-29.46307161564806,4.276666666666666,-0.0033333333333338544,149.59245088066646,True,0.9898710888396618,0.6033997127290149,0.06969101418530567,,-3.7056495763866275,True,-4.100000000000002,-4.078575618869478
4.29,4.247333333333334,4.332666666666666,False,151.06592630451914,True,0.615949885458068,-3.500000000000001,0.03365747319095203,-29.45836982924655,4.286666666666666,-0.0033333333333338544,149.33293770593068,True,0.9928203523829059,1.732988598588463,0.1997505657865003,,-3.735709127987822,True,-4.000000000000001,-4.108635170470674
4.3,4.257333333333333,4.342666666666666,False,152.82122781686914,True,0.3721358982975087,-3.299999999999999,0.03480596703204231,-29.1669259101825,4.296666666666667,-0.0033333333333329662,149.85049425498562,True,0.9907870266433296,2.9707335618835202,0.33985337108190383,pyin_probability_below_0.5,-3.6758119332832258,False,-3.8,-4.048737975766076
4.31,4.267333333333333,4.352666666666667,False,154.59692495035372,True,0.24075439447557434,-3.100000000000001,0.035763555639269175,-28.93118619699152,4.306666666666667,-0.0033333333333329662,151.30537380752187,True,0.9843339509755625,3.2915511428318496,0.37258074713691897,pyin_probability_below_0.5,-3.508539309338241,False,-3.6000000000000014,-3.881465351821092
4.32,4.277333333333333,4.362666666666667,False,157.29923159850804,True,0.10857977072874499,-2.8,0.03668028534640235,-28.71134588976446,4.316666666666666,-0.0033333333333338544,153.9998055246891,True,0.9831263500800529,3.2994260738189496,0.36699713050215305,pyin_probability_below_0.5,-3.2029556927034744,False,-3.299999999999999,-3.5758817351863237
4.33,4.287333333333334,4.3726666666666665,False,159.12696062960518,True,0.09203757081218102,-2.6000000000000005,0.03819590762942686,-28.35966331200953,4.326666666666666,-0.0033333333333338544,156.59680027276926,True,0.9798286801155411,2.530160356835921,0.2774826652574049,pyin_probability_below_0.5,-2.9134412274587236,False,-3.100000000000001,-3.286367269941575
4.34,4.2973333333333334,4.382666666666666,False,161.90845090664698,True,0.12793708630129036,-2.3,0.03905909281440387,-28.165556956894562,4.336666666666667,-0.0033333333333329662,159.1842036089799,True,0.9655999880420729,2.7242472976670626,0.2937733257789489,pyin_probability_below_0.5,-2.629731887980268,False,-2.8,-3.0026579304631182
4.35,4.307333333333333,4.392666666666667,False,163.7897364863335,True,0.2065067991177523,-2.1000000000000014,0.040283586763163584,-27.897437355168712,4.346666666666667,-0.0033333333333329662,162.79158355637412,True,0.9543119837364914,0.9981529299593888,0.10582612129066382,pyin_probability_below_0.5,-2.2417846834919843,False,-2.6000000000000005,-2.6147107259748354
4.36,4.317333333333333,4.402666666666667,False,164.73856077731807,True,0.3721358982975087,-2.0000000000000027,0.04097133288367695,-27.750398146072627,4.3566666666666665,-0.0033333333333338544,165.37463900183775,True,0.980653590661843,0.6360782245196788,-0.06671660774085424,pyin_probability_below_0.5,-1.9692419544604691,False,-2.5000000000000013,-2.342167996943319
4.37,4.327333333333334,4.4126666666666665,False,165.6928815515041,True,0.5485250542599844,-1.8999999999999986,0.04128359633001478,-27.684449542418612,4.366666666666666,-0.0033333333333338544,166.32000841976497,True,0.9761021378427708,0.6271268682608877,-0.06540135708024383,,-1.8705572051210768,True,-2.4000000000000004,-2.243483247603927
4.38,4.3373333333333335,4.422666666666666,False,165.6928815515041,True,0.8266685594724996,-1.8999999999999986,0.040307921238522844,-27.89219197438269,4.376666666666667,-0.0033333333333329662,167.13207540858645,True,0.9749088684273269,1.4391938570823584,-0.14972416498654173,,-1.7862343972147778,True,-2.4000000000000004,-2.1591604396976276
4.39,4.347333333333333,4.432666666666667,False,166.65273064969477,True,0.8911444948731202,-1.799999999999999,0.03831634856453397,-28.33231769219997,4.386666666666667,-0.0033333333333329662,167.21609383596711,True,0.985164931406921,0.5633631862723405,-0.058425009116826285,,-1.7775335530844925,True,-2.3,-2.150459595567344
4.4,4.357333333333333,4.442666666666667,False,166.65273064969477,True,0.8911444948731202,-1.799999999999999,0.03661472562590614,-28.726884318403535,4.3966666666666665,-0.0033333333333338544,166.87845933763109,True,0.9824696138118827,0.22572868793631073,-0.02343344561488795,,-1.8125251165864311,True,-2.3,-2.185451159069282
4.41,4.367333333333334,4.4526666666666666,False,166.65273064969477,True,0.9459302094659091,-1.799999999999999,0.03381620633361174,-29.41750230542862,4.406666666666666,-0.0033333333333338544,166.23663774921934,True,0.9748939526317886,0.4160929004754337,0.04327891728676209,,-1.8792374794880797,True,-2.3,-2.2521635219709313
4.42,4.3773333333333335,4.462666666666666,False,166.65273064969477,True,0.9459302094659092,-1.799999999999999,0.029973525163799745,-30.465243540049386,4.416666666666666,-0.0033333333333338544,166.1333169683078,True,0.9707391641505935,0.5194136813869648,0.05404237271425259,,-1.8900009349155706,True,-2.3,-2.26292697739842
4.43,4.387333333333333,4.472666666666667,False,166.65273064969477,True,0.8911444948731202,-1.799999999999999,0.026661120636869807,-31.482432000033384,4.426666666666667,-0.0033333333333329662,166.14581375223173,True,0.9585891520462871,0.5069168974630429,0.05274016286458663,,-1.8886987250659042,True,-2.3,-2.2616247675487564
4.44,4.397333333333333,4.482666666666667,False,165.6928815515041,True,0.8911444948731203,-1.8999999999999986,0.021974118755472827,-33.161770654830796,4.4366666666666665,-0.0033333333333338544,166.63151460949865,True,0.9174382053700432,0.938633057994565,-0.09779587953850442,,-1.8381626826628157,True,-2.4000000000000004,-2.2110887251456663
4.45,4.407333333333334,4.492666666666667,False,166.65273064969477,True,0.7571601330199093,-1.799999999999999,0.017100505817092843,-35.3398208678021,4.446666666666666,-0.0033333333333338544,168.3847104905143,True,0.8694537785561864,1.7319798408195197,-0.17899427437713683,,-1.6569642878241821,True,-2.3,-2.0298903303070333
4.46,4.417333333333334,4.502666666666666,False,166.65273064969477,True,0.6159498854580682,-1.799999999999999,0.012545637094746633,-38.03014558741401,4.456666666666666,-0.0033333333333338544,168.14803967332847,True,0.8452115071687828,1.4953090236336948,-0.1546440353896196,,-1.6813145268117013,True,-2.3,-2.0542405692945507
4.47,4.427333333333333,4.512666666666667,False,166.65273064969477,True,0.42606232904328145,-1.799999999999999,0.008830619466995683,-41.080176592862045,4.466666666666667,-0.0033333333333329662,166.4435037628868,True,0.8575063766397765,0.20922688680798274,0.021748715274332885,pyin_probability_below_0.5,-1.857707277475652,False,-2.3,-2.2306333199585033
4.48,4.437333333333333,4.522666666666667,False,168.58914210463126,True,0.17653060863289763,-1.6,0.005908570405656248,-44.570351702303,4.476666666666667,-0.0033333333333338544,,False,0.0,,,pyin_probability_below_0.5|voicing_disagreement,,False,-2.0999999999999996,
4.49,4.447333333333333,4.532666666666667,False,167.61814009714527,True,0.15046460134333878,-1.7000000000000033,0.003412007544160717,-49.3398003450273,4.486666666666666,-0.0033333333333338544,,False,0.0,,,pyin_probability_below_0.5|voicing_disagreement,,False,-2.200000000000002,
4.5,4.457333333333334,4.542666666666666,False,166.65273064969477,True,0.24075439447557428,-1.799999999999999,0.002767255665471612,-51.15901429477994,4.496666666666666,-0.0033333333333338544,,False,0.0,,,pyin_probability_below_0.5|voicing_disagreement,,False,-2.3,
4.51,4.467333333333333,4.552666666666667,False,167.61814009714527,True,0.17653060863289757,-1.7000000000000033,0.0022164540088699643,-53.08682551649406,4.506666666666667,-0.0033333333333329662,,False,0.0,,,pyin_probability_below_0.5|voicing_disagreement,,False,-2.200000000000002,
4.52,4.477333333333333,4.562666666666667,False,167.61814009714527,True,0.047686993082531035,-1.7000000000000033,0.0013912820527672309,-57.13169634274634,4.516666666666667,-0.0033333333333329662,,False,0.0,,,pyin_probability_below_0.5|voicing_disagreement,,False,-2.200000000000002,
4.53,4.487333333333333,4.572666666666667,False,166.65273064969477,True,0.05607139544589262,-1.799999999999999,0.0011346086427897514,-58.90307825111114,4.526666666666666,-0.0033333333333338544,,False,0.0,,,pyin_probability_below_0.5|voicing_disagreement,,False,-2.3,
4.54,4.497333333333334,4.582666666666666,False,166.65273064969477,True,0.030106861794195007,-1.799999999999999,0.0009592914855770899,-60.36098820396646,4.536666666666666,-0.0033333333333338544,,False,0.0,,,pyin_probability_below_0.5|voicing_disagreement,,False,-2.3,
4.55,4.507333333333333,4.592666666666666,False,166.65273064969477,True,0.034897428019625254,-1.799999999999999,0.0008021832518675867,-61.914528190827625,4.546666666666667,-0.0033333333333329662,,False,0.0,,,pyin_probability_below_0.5|voicing_disagreement,,False,-2.3,
4.56,4.517333333333333,4.602666666666667,False,165.6928815515041,True,0.04069733156888106,-1.8999999999999986,0.0007410641625698744,-62.60288376905884,4.556666666666667,-0.0033333333333329662,,False,0.0,,,pyin_probability_below_0.5|voicing_disagreement,,False,-2.4000000000000004,
4.57,4.527333333333333,4.612666666666667,False,166.65273064969477,True,0.047686993082531035,-1.799999999999999,0.0006495327276432026,-63.74797922971713,4.566666666666666,-0.0033333333333338544,,False,0.0,,,pyin_probability_below_0.5|voicing_disagreement,,False,-2.3,
4.58,4.537333333333334,4.6226666666666665,False,,False,0.022944219124638603,,0.0005466105621923934,-65.24643961322009,4.576666666666666,-0.0033333333333338544,,False,0.0,,,,,False,,
4.59,4.5473333333333334,4.632666666666666,False,,False,0.010140046044704068,,0.00043141748009774825,-67.30204524418744,4.586666666666667,-0.0033333333333329662,,False,0.0,,,,,False,,
4.6,4.557333333333333,4.642666666666667,False,,False,0.01000000020889274,,0.00032900105310181227,-69.65605423823006,4.596666666666667,-0.0033333333333329662,,False,0.0,,,,,False,,
4.61,4.567333333333333,4.652666666666667,False,,False,0.010000000000023851,,0.0002869878415597999,-70.84273004130193,4.6066666666666665,-0.0033333333333338544,,False,0.0,,,,,False,,
4.62,4.577333333333334,4.6626666666666665,False,,False,0.010000000000006925,,0.00028285086341773365,-70.9688498242777,4.616666666666666,-0.0033333333333338544,,False,0.0,,,,,False,,
4.63,4.5873333333333335,4.672666666666666,False,,False,0.010000000001606035,,0.0002746064581076406,-71.22578506758387,4.626666666666667,-0.0033333333333329662,,False,0.0,,,,,False,,
4.64,4.597333333333333,4.682666666666667,False,,False,0.010000000000075398,,0.00027671760457010546,-71.15926420970389,4.636666666666667,-0.0033333333333329662,,False,0.0,,,,,False,,
4.65,4.607333333333333,4.692666666666667,False,,False,0.010000000001606035,,0.00028948924859623684,-70.76735121987305,4.6466666666666665,-0.0033333333333338544,,False,0.0,,,,,False,,
4.66,4.617333333333334,4.693333333333333,True,,False,0.010000000003996623,,0.0002998753400708743,-70.46118493032333,4.656666666666666,-0.0033333333333338544,,False,0.0,,,edge_window,,False,,
4.67,4.6273333333333335,4.693333333333333,True,,False,0.01000000002170159,,0.00030879894694433907,-70.20648378700079,4.666666666666666,-0.0033333333333338544,,False,0.0,,,edge_window,,False,,
4.68,4.637333333333333,4.693333333333333,True,,False,0.010000000101429396,,0.00032185113799286394,-69.84689901930378,,,,,,,,edge_window,,False,,
4.69,4.647333333333333,4.693333333333333,True,,False,0.010000000101429398,,0.0003272072070682999,-69.70354278243957,,,,,,,,edge_window,,False,,
