timestamp_s,window_start_s,window_end_s,edge_padded,f0_hz,voiced,voicing_probability,relative_pitch_semitones,rms_amplitude,rms_dbfs,praat_timestamp_s,praat_time_offset_s,praat_f0_hz,praat_voiced,praat_strength,absolute_difference_hz,signed_difference_semitones,flags,praat_relative_semitones,agreement_screen_pass,pyin_speaker_relative_st,praat_speaker_relative_st
0.0,0.0,0.042666666666666665,True,,False,0.010000516719604523,,0.00020761754897690379,-73.65471880628652,,,,,,,,edge_window,,False,,
0.01,0.0,0.05266666666666667,True,,False,0.010002815825811098,,0.00022315576606051935,-73.02783774125386,,,,,,,,edge_window,,False,,
0.02,0.0,0.06266666666666666,True,,False,0.010013068846238975,,0.00022024399230235903,-73.14191858413159,,,,,,,,edge_window,,False,,
0.03,0.0,0.07266666666666667,True,,False,0.010013068846238975,,0.00021830327720539727,-73.21879489080698,0.025666666666666612,-0.004333333333333387,,False,0.0,,,edge_window,,False,,
0.04,0.0,0.08266666666666667,True,,False,0.01001876450976914,,0.00022492005061018229,-72.95943654880486,0.03566666666666661,-0.00433333333333339,,False,0.0,,,edge_window,,False,,
0.05,0.007333333333333333,0.09266666666666666,False,,False,0.010140046044704068,,0.0002292972014405467,-72.79202491554904,0.04566666666666661,-0.00433333333333339,,False,0.0,,,,,False,,
0.06,0.017333333333333333,0.10266666666666667,False,,False,0.010140046044704065,,0.0002405694265367927,-72.37519134125824,0.055666666666666614,-0.0043333333333333834,,False,0.0,,,,,False,,
0.07,0.027333333333333334,0.11266666666666666,False,,False,0.010052967545965857,,0.00022544667199557043,-72.93912342578892,0.06566666666666661,-0.004333333333333397,,False,0.0,,,,,False,,
0.08,0.037333333333333336,0.12266666666666666,False,,False,0.01002672467381077,,0.00022324383204632236,-73.02441062596648,0.07566666666666662,-0.0043333333333333834,,False,0.0,,,,,False,,
0.09,0.04733333333333333,0.13266666666666665,False,,False,0.01000617855533408,,0.00021308592982952128,-73.42890452041674,0.08566666666666661,-0.0043333333333333834,,False,0.0,,,,,False,,
0.1,0.05733333333333333,0.14266666666666666,False,,False,0.010004191052795272,,0.0002171981478595315,-73.26287764960256,0.09566666666666662,-0.0043333333333333834,,False,0.0,,,,,False,,
0.11,0.06733333333333333,0.15266666666666667,False,,False,0.010018764509769141,,0.0002171023400403708,-73.26670990943362,0.10566666666666662,-0.0043333333333333834,,False,0.0,,,,,False,,
0.12,0.07733333333333334,0.16266666666666665,False,,False,0.010073751764282884,,0.0002070077465122602,-73.68026804694087,0.11566666666666661,-0.0043333333333333834,,False,0.0,,,,,False,,
0.13,0.08733333333333333,0.17266666666666666,False,,False,0.010037765502929688,,0.00019950321930400604,-74.0010018376715,0.12566666666666662,-0.0043333333333333834,,False,0.0,,,,,False,,
0.14,0.09733333333333333,0.18266666666666667,False,,False,0.010073751764282884,,0.0001973777550200831,-74.09403590023848,0.1356666666666666,-0.004333333333333411,,False,0.0,,,,,False,,
0.15,0.10733333333333334,0.19266666666666668,False,,False,0.010073751764282884,,0.00018185821561843136,-74.80534148996871,0.1456666666666666,-0.0043333333333333834,,False,0.0,,,,,False,,
0.16,0.11733333333333333,0.20266666666666666,False,,False,0.010006178555334078,,0.00020143139032725093,-73.91745699306368,0.15566666666666662,-0.0043333333333333834,,False,0.0,,,,,False,,
0.17,0.12733333333333333,0.21266666666666667,False,,False,0.010191075496968311,,0.0002188599445701485,-73.19667430212145,0.16566666666666663,-0.0043333333333333834,,False,0.0,,,,,False,,
0.18,0.13733333333333334,0.22266666666666668,False,,False,0.010052967545965857,,0.00024020526899747643,-72.38834940815171,0.1756666666666666,-0.0043333333333333834,,False,0.0,,,,,False,,
0.19,0.14733333333333334,0.23266666666666666,False,,False,0.01000419105279527,,0.00024814827454006517,-72.10577480508844,0.18566666666666662,-0.0043333333333333834,,False,0.0,,,,,False,,
0.2,0.15733333333333333,0.24266666666666667,False,,False,0.010009025493342986,,0.00025513506236489946,-71.86459707278848,0.19566666666666663,-0.0043333333333333834,,False,0.0,,,,,False,,
0.21,0.16733333333333333,0.25266666666666665,False,,False,0.010013068846238975,,0.000260462667998642,-71.6850903028776,0.2056666666666666,-0.0043333333333333834,,False,0.0,,,,,False,,
0.22,0.17733333333333334,0.26266666666666666,False,,False,0.010052967545965857,,0.000262422944785453,-71.61996390741648,0.21566666666666662,-0.0043333333333333834,,False,0.0,,,,,False,,
0.23,0.18733333333333332,0.27266666666666667,False,,False,0.01002672467381077,,0.0002629440241859521,-71.60273389518932,0.22566666666666663,-0.0043333333333333834,,False,0.0,,,,,False,,
0.24,0.19733333333333333,0.2826666666666667,False,,False,0.0100028158258111,,0.0002499304562996313,-72.04361635830965,0.2356666666666666,-0.0043333333333333834,,False,0.0,,,,,False,,
0.25,0.20733333333333334,0.2926666666666667,False,,False,0.010001873046012551,,0.0002381867235060397,-72.46164899382036,0.24566666666666662,-0.0043333333333333834,,False,0.0,,,,,False,,
0.26,0.21733333333333332,0.30266666666666664,False,,False,0.010009025493342984,,0.00022512623043522022,-72.95147801028742,0.2556666666666666,-0.004333333333333411,,False,0.0,,,,,False,,
0.27,0.22733333333333333,0.31266666666666665,False,,False,0.01000032860450166,,0.00020921417110511274,-73.58817803813034,0.2656666666666666,-0.004333333333333411,,False,0.0,,,,,False,,
0.28,0.23733333333333334,0.32266666666666666,False,,False,0.0100000470079773,,0.0001872209882268898,-74.55290933416063,0.2756666666666666,-0.004333333333333411,,False,0.0,,,,,False,,
0.29,0.24733333333333332,0.33266666666666667,False,75.97052115648096,True,0.010000001546554295,-11.9,0.00018036739757711814,-74.8768392174715,0.2856666666666666,-0.004333333333333356,,False,0.0,,,pyin_probability_below_0.5|voicing_disagreement,,False,-9.1,
0.3,0.25733333333333336,0.3426666666666667,False,75.53296315225958,True,0.010000002871100368,-11.999999999999996,0.00017738214102661334,-75.02180214826217,0.29566666666666663,-0.004333333333333356,,False,0.0,,,pyin_probability_below_0.5|voicing_disagreement,,False,-9.199999999999996,
0.31,0.2673333333333333,0.3526666666666667,False,77.29846247517686,True,0.010000078102280324,-11.599999999999998,0.0001769187953879274,-75.04452052669495,0.30566666666666664,-0.004333333333333356,,False,0.0,,,pyin_probability_below_0.5|voicing_disagreement,,False,-8.8,
0.32,0.2773333333333333,0.3626666666666667,False,75.53296315225958,True,0.010000078102280324,-11.999999999999996,0.000192082531586029,-74.3302425810325,0.3156666666666666,-0.004333333333333411,,False,0.0,,,pyin_probability_below_0.5|voicing_disagreement,,False,-9.199999999999996,
0.33,0.28733333333333333,0.37266666666666665,False,73.38268631239852,True,0.010001873046012551,-12.5,0.00022965043875215583,-72.77865441032432,0.3256666666666666,-0.004333333333333411,,False,0.0,,,pyin_probability_below_0.5|voicing_disagreement,,False,-9.700000000000003,
0.34,0.29733333333333334,0.38266666666666665,False,73.80778788960703,True,0.010073751764282886,-12.399999999999999,0.00023111554785744864,-72.72341674411192,0.3356666666666666,-0.004333333333333411,,False,0.0,,,pyin_probability_below_0.5|voicing_disagreement,,False,-9.600000000000001,
0.35,0.30733333333333335,0.39266666666666666,False,74.23535205520015,True,0.010467533617069905,-12.299999999999999,0.00022670034072925057,-72.89095654261988,0.3456666666666666,-0.004333333333333356,,False,0.0,,,pyin_probability_below_0.5|voicing_disagreement,,False,-9.499999999999998,
0.36,0.31733333333333336,0.4026666666666667,False,73.80778788960703,True,0.010191075496968311,-12.399999999999999,0.00023256165081614536,-72.66923796859518,0.35566666666666663,-0.004333333333333356,,False,0.0,,,pyin_probability_below_0.5|voicing_disagreement,,False,-9.600000000000001,
0.37,0.3273333333333333,0.4126666666666667,False,73.80778788960703,True,0.011422334250709074,-12.399999999999999,0.0002334423503019659,-72.63640705887228,0.36566666666666664,-0.004333333333333356,,False,0.0,,,pyin_probability_below_0.5|voicing_disagreement,,False,-9.600000000000001,
0.38,0.3373333333333333,0.4226666666666667,False,73.80778788960703,True,0.011085791888943373,-12.399999999999999,0.0002391113706174968,-72.42799542214136,0.37566666666666665,-0.004333333333333356,,False,0.0,,,pyin_probability_below_0.5|voicing_disagreement,,False,-9.600000000000001,
0.39,0.3473333333333333,0.43266666666666664,False,73.80778788960703,True,0.010824463728234167,-12.399999999999999,0.0002515432391253907,-71.98774701935814,0.3856666666666666,-0.004333333333333411,,False,0.0,,,pyin_probability_below_0.5|voicing_disagreement,,False,-9.600000000000001,
0.4,0.35733333333333334,0.44266666666666665,False,75.53296315225958,True,0.011422334250709074,-11.999999999999996,0.00024273446940768642,-72.29737094961949,0.3956666666666666,-0.004333333333333411,,False,0.0,,,pyin_probability_below_0.5|voicing_disagreement,,False,-9.199999999999996,
0.41,0.36733333333333335,0.45266666666666666,False,75.09792529669774,True,0.011853505394683413,-12.1,0.00022298906185955618,-73.03432879200034,0.4056666666666666,-0.004333333333333356,,False,0.0,,,pyin_probability_below_0.5|voicing_disagreement,,False,-9.300000000000002,
0.42,0.37733333333333335,0.46266666666666667,False,75.09792529669774,True,0.010467533617069905,-12.1,0.00023297240757518578,-72.65391024449569,0.41566666666666663,-0.004333333333333356,,False,0.0,,,pyin_probability_below_0.5|voicing_disagreement,,False,-9.300000000000002,
0.43,0.3873333333333333,0.4726666666666667,False,75.53296315225958,True,0.010622609040911534,-11.999999999999996,0.00023788009869450628,-72.47283779974993,0.42566666666666664,-0.004333333333333356,,False,0.0,,,pyin_probability_below_0.5|voicing_disagreement,,False,-9.199999999999996,
0.44,0.3973333333333333,0.4826666666666667,False,75.97052115648096,True,0.011422334250709074,-11.9,0.00023070197782870506,-72.73897364434963,0.43566666666666665,-0.004333333333333356,,False,0.0,,,pyin_probability_below_0.5|voicing_disagreement,,False,-9.1,
0.45,0.4073333333333333,0.49266666666666664,False,75.97052115648096,True,0.011085791888943373,-11.9,0.00023398569894328124,-72.61621371161054,0.4456666666666666,-0.004333333333333411,,False,0.0,,,pyin_probability_below_0.5|voicing_disagreement,,False,-9.1,
0.46,0.41733333333333333,0.5026666666666667,False,75.97052115648096,True,0.010622609040911533,-11.9,0.00022868555315174718,-72.81522540787849,0.4556666666666666,-0.004333333333333411,,False,0.0,,,pyin_probability_below_0.5|voicing_disagreement,,False,-9.1,
0.47,0.42733333333333334,0.5126666666666667,False,75.53296315225958,True,0.010259050559778863,-11.999999999999996,0.00022269877881945778,-73.04564328872426,0.4656666666666666,-0.004333333333333356,,False,0.0,,,pyin_probability_below_0.5|voicing_disagreement,,False,-9.199999999999996,
0.48,0.43733333333333335,0.5226666666666666,False,75.97052115648096,True,0.010009025493342986,-11.9,0.00021114950249038068,-73.50819875041603,0.4756666666666666,-0.004333333333333356,,False,0.0,,,pyin_probability_below_0.5|voicing_disagreement,,False,-9.1,
0.49,0.44733333333333336,0.5326666666666666,False,75.97052115648096,True,0.010037765502929688,-11.9,0.00021086340834833083,-73.51997555847477,0.48566666666666664,-0.004333333333333356,,False,0.0,,,pyin_probability_below_0.5|voicing_disagreement,,False,-9.1,
0.5,0.4573333333333333,0.5426666666666666,False,75.09792529669774,True,0.010013068846238975,-12.1,0.00020621759992335207,-73.71348544027315,0.49566666666666664,-0.004333333333333356,,False,0.0,,,pyin_probability_below_0.5|voicing_disagreement,,False,-9.300000000000002,
0.51,0.4673333333333333,0.5526666666666666,False,75.97052115648096,True,0.01000020633903134,-11.9,0.00017463115263741637,-75.15756558927666,0.5056666666666666,-0.004333333333333411,,False,0.0,,,pyin_probability_below_0.5|voicing_disagreement,,False,-9.1,
0.52,0.47733333333333333,0.5626666666666666,False,74.66539307480728,True,0.010000009287486632,-12.199999999999996,0.00017590444564128467,-75.09446368918157,0.5156666666666666,-0.004333333333333411,,False,0.0,,,pyin_probability_below_0.5|voicing_disagreement,,False,-9.4,
0.53,0.48733333333333334,0.5726666666666667,False,74.66539307480728,True,0.010000027850262286,-12.199999999999996,0.0002026086640254966,-73.86683974239618,0.5256666666666666,-0.004333333333333411,,False,0.0,,,pyin_probability_below_0.5|voicing_disagreement,,False,-9.4,
0.54,0.49733333333333335,0.5826666666666667,False,74.66539307480728,True,0.01000419105279527,-12.199999999999996,0.00021206337501762112,-73.4706866203538,0.5356666666666666,-0.004333333333333411,,False,0.0,,,pyin_probability_below_0.5|voicing_disagreement,,False,-9.4,
0.55,0.5073333333333333,0.5926666666666667,False,74.23535205520015,True,0.010037765502929688,-12.299999999999999,0.00022854034459388384,-72.82074244248534,0.5456666666666666,-0.004333333333333411,,False,0.0,,,pyin_probability_below_0.5|voicing_disagreement,,False,-9.499999999999998,
0.56,0.5173333333333333,0.6026666666666667,False,74.23535205520015,True,0.010349055133375844,-12.299999999999999,0.00022979494583712476,-72.77319055030766,0.5556666666666666,-0.004333333333333411,,False,0.0,,,pyin_probability_below_0.5|voicing_disagreement,,False,-9.499999999999998,
0.57,0.5273333333333333,0.6126666666666667,False,75.09792529669774,True,0.010467533617069905,-12.1,0.00023837136754849384,-72.4549182389116,0.5656666666666667,-0.0043333333333333,,False,0.0,,,pyin_probability_below_0.5|voicing_disagreement,,False,-9.300000000000002,
0.58,0.5373333333333333,0.6226666666666667,False,75.09792529669774,True,0.011422334250709074,-12.1,0.00024213141079176625,-72.31897735047424,0.5756666666666667,-0.0043333333333333,,False,0.0,,,pyin_probability_below_0.5|voicing_disagreement,,False,-9.300000000000002,
0.59,0.5473333333333333,0.6326666666666667,False,75.09792529669774,True,0.011085791888943371,-12.1,0.00024723903192287115,-72.13765931158468,0.5856666666666667,-0.0043333333333333,,False,0.0,,,pyin_probability_below_0.5|voicing_disagreement,,False,-9.300000000000002,
0.6,0.5573333333333333,0.6426666666666667,False,75.53296315225958,True,0.015085587297504336,-11.999999999999996,0.0002509042636544219,-72.00983917180622,0.5956666666666667,-0.0043333333333333,,False,0.0,,,pyin_probability_below_0.5|voicing_disagreement,,False,-9.199999999999996,
0.61,0.5673333333333334,0.6526666666666666,False,73.80778788960703,True,0.01142233425070907,-12.399999999999999,0.00024578076276309137,-72.1890422461423,0.6056666666666666,-0.004333333333333411,,False,0.0,,,pyin_probability_below_0.5|voicing_disagreement,,False,-9.600000000000001,
0.62,0.5773333333333334,0.6626666666666666,False,75.09792529669774,True,0.010824463728234169,-12.1,0.0002391917091157798,-72.42507755953122,0.6156666666666666,-0.004333333333333411,,False,0.0,,,pyin_probability_below_0.5|voicing_disagreement,,False,-9.300000000000002,
0.63,0.5873333333333334,0.6726666666666666,False,73.80778788960703,True,0.010052967545965855,-12.399999999999999,0.0002164115868442493,-73.29438980958973,0.6256666666666666,-0.004333333333333411,,False,0.0,,,pyin_probability_below_0.5|voicing_disagreement,,False,-9.600000000000001,
0.64,0.5973333333333334,0.6826666666666666,False,73.80778788960703,True,0.010026724673810772,-12.399999999999999,0.0002061078629182654,-73.71810879548062,0.6356666666666666,-0.004333333333333411,,False,0.0,,,pyin_probability_below_0.5|voicing_disagreement,,False,-9.600000000000001,
0.65,0.6073333333333333,0.6926666666666667,False,73.80778788960703,True,0.010009025493342984,-12.399999999999999,0.0002131894087058446,-73.42468749899412,0.6456666666666666,-0.004333333333333411,,False,0.0,,,pyin_probability_below_0.5|voicing_disagreement,,False,-9.600000000000001,
0.66,0.6173333333333333,0.7026666666666667,False,73.80778788960703,True,0.01000617855533408,-12.399999999999999,0.00020973464364751343,-73.56659655022773,0.6556666666666666,-0.004333333333333411,,False,0.0,,,pyin_probability_below_0.5|voicing_disagreement,,False,-9.600000000000001,
0.67,0.6273333333333333,0.7126666666666667,False,73.80778788960703,True,0.010000802780927258,-12.399999999999999,0.00021011373662557073,-73.55091107509183,0.6656666666666666,-0.004333333333333411,,False,0.0,,,pyin_probability_below_0.5|voicing_disagreement,,False,-9.600000000000001,
0.68,0.6373333333333333,0.7226666666666667,False,75.09792529669774,True,0.01000020633903134,-12.1,0.00021925540832083533,-73.18099370382897,0.6756666666666666,-0.004333333333333411,,False,0.0,,,pyin_probability_below_0.5|voicing_disagreement,,False,-9.300000000000002,
0.69,0.6473333333333333,0.7326666666666667,False,76.85325609176464,True,0.010000016226422834,-11.7,0.0002582921736719406,-71.75777505753122,0.6856666666666666,-0.0043333333333333,,False,0.0,,,pyin_probability_below_0.5|voicing_disagreement,,False,-8.899999999999999,
0.7,0.6573333333333333,0.7426666666666667,False,76.85325609176464,True,0.01000032860450166,-11.7,0.00027330715295544424,-71.26698003731934,0.6956666666666667,-0.0043333333333333,,False,0.0,,,pyin_probability_below_0.5|voicing_disagreement,,False,-8.899999999999999,
0.71,0.6673333333333333,0.7526666666666667,False,73.80778788960703,True,0.010000127845232541,-12.399999999999999,0.000282203413679511,-70.9887547419518,0.7056666666666667,-0.0043333333333333,,False,0.0,,,pyin_probability_below_0.5|voicing_disagreement,,False,-9.600000000000001,
0.72,0.6773333333333333,0.7626666666666667,False,76.85325609176464,True,0.01000032860450166,-11.7,0.0002889869227068889,-70.78243619156365,0.7156666666666667,-0.0043333333333333,,False,0.0,,,pyin_probability_below_0.5|voicing_disagreement,,False,-8.899999999999999,
0.73,0.6873333333333334,0.7726666666666666,False,73.80778788960703,True,0.01000032860450166,-12.399999999999999,0.00029024698274705656,-70.74464572519793,0.7256666666666667,-0.0043333333333333,,False,0.0,,,pyin_probability_below_0.5|voicing_disagreement,,False,-9.600000000000001,
0.74,0.6973333333333334,0.7826666666666666,False,73.80778788960703,True,0.010000328604501658,-12.399999999999999,0.0002883792709512743,-70.80071920880422,0.7356666666666666,-0.004333333333333411,,False,0.0,,,pyin_probability_below_0.5|voicing_disagreement,,False,-9.600000000000001,
0.75,0.7073333333333334,0.7926666666666666,False,73.80778788960703,True,0.01000187304601255,-12.399999999999999,0.00028893223522949245,-70.78408005260596,0.7456666666666666,-0.004333333333333411,,False,0.0,,,pyin_probability_below_0.5|voicing_disagreement,,False,-9.600000000000001,
0.76,0.7173333333333334,0.8026666666666666,False,73.80778788960703,True,0.010013068846238975,-12.399999999999999,0.0002854948748351916,-70.8880336748617,0.7556666666666666,-0.004333333333333411,,False,0.0,,,pyin_probability_below_0.5|voicing_disagreement,,False,-9.600000000000001,
0.77,0.7273333333333334,0.8126666666666666,False,74.66539307480728,True,0.01002672467381077,-12.199999999999996,0.0002887078688912169,-70.7908275804762,0.7656666666666666,-0.004333333333333411,,False,0.0,,,pyin_probability_below_0.5|voicing_disagreement,,False,-9.4,
0.78,0.7373333333333333,0.8226666666666667,False,75.53296315225958,True,0.010101974593744994,-11.999999999999996,0.00024712956919681426,-72.14150575802726,0.7756666666666666,-0.004333333333333411,,False,0.0,,,pyin_probability_below_0.5|voicing_disagreement,,False,-9.199999999999996,
0.79,0.7473333333333333,0.8326666666666667,False,74.23535205520015,True,0.010101974593744992,-12.299999999999999,0.00023415229334912112,-72.61003168533472,0.7856666666666666,-0.004333333333333411,,False,0.0,,,pyin_probability_below_0.5|voicing_disagreement,,False,-9.499999999999998,
0.8,0.7573333333333333,0.8426666666666667,False,75.53296315225958,True,0.010101974593744985,-11.999999999999996,0.0002295147568937262,-72.78378771613096,0.7956666666666666,-0.004333333333333411,,False,0.0,,,pyin_probability_below_0.5|voicing_disagreement,,False,-9.199999999999996,
0.81,0.7673333333333333,0.8526666666666667,False,75.53296315225958,True,0.01046753361706991,-11.999999999999996,0.00023923448192206265,-72.42352446781996,0.8056666666666666,-0.004333333333333411,,False,0.0,,,pyin_probability_below_0.5|voicing_disagreement,,False,-9.199999999999996,
0.82,0.7773333333333333,0.8626666666666667,False,75.53296315225958,True,0.011085791888943375,-11.999999999999996,0.00024671243061802025,-72.15617936020062,0.8156666666666667,-0.0043333333333333,,False,0.0,,,pyin_probability_below_0.5|voicing_disagreement,,False,-9.199999999999996,
0.83,0.7873333333333333,0.8726666666666667,False,75.53296315225958,True,0.011422334250709074,-11.999999999999996,0.00024219760481938824,-72.316603121371,0.8256666666666667,-0.0043333333333333,,False,0.0,,,pyin_probability_below_0.5|voicing_disagreement,,False,-9.199999999999996,
0.84,0.7973333333333333,0.8826666666666667,False,,False,0.013100262550513395,,0.00023054423219402928,-72.74491477165789,0.8356666666666667,-0.0043333333333333,,False,0.0,,,,,False,,
0.85,0.8073333333333333,0.8926666666666667,False,,False,0.012403124793551348,,0.00022350136381351428,-73.01439644886224,0.8456666666666667,-0.0043333333333333,,False,0.0,,,,,False,,
0.86,0.8173333333333334,0.9026666666666666,False,,False,0.011085791888943371,,0.00020792670047351417,-73.64179476135043,0.8556666666666667,-0.0043333333333333,,False,0.0,,,,,False,,
0.87,0.8273333333333334,0.9126666666666666,False,,False,0.010622609040911536,,0.00021176670508213537,-73.48284641202694,0.8656666666666666,-0.004333333333333411,,False,0.0,,,,,False,,
0.88,0.8373333333333334,0.9226666666666666,False,,False,0.01,,0.0005124752868953643,-65.80654145515159,0.8756666666666666,-0.004333333333333411,,False,0.0,,,,,False,,
0.89,0.8473333333333334,0.9326666666666666,False,,False,0.01,,0.0005185960888920088,-65.70341525765899,0.8856666666666666,-0.004333333333333411,,False,0.0,,,,,False,,
0.9,0.8573333333333333,0.9426666666666667,False,,False,0.01,,0.0005470820689770317,-65.23895038629843,0.8956666666666666,-0.004333333333333411,,False,0.0,,,,,False,,
0.91,0.8673333333333333,0.9526666666666667,False,,False,0.01000000000061386,,0.006815922281957475,-43.329507404467506,0.9056666666666666,-0.004333333333333411,,False,0.0,,,,,False,,
0.92,0.8773333333333333,0.9626666666666667,False,161.90845090664698,True,0.010622609040911533,1.1999999999999993,0.014537114829808476,-36.7504355804442,0.9156666666666666,-0.004333333333333411,,False,0.0,,,pyin_probability_below_0.5|voicing_disagreement,,False,4.0,
0.93,0.8873333333333333,0.9726666666666667,False,166.65273064969477,True,0.04069733156888106,1.7000000000000026,0.021693417431600803,-33.27344053668499,0.9256666666666666,-0.004333333333333411,,False,0.0,,,pyin_probability_below_0.5|voicing_disagreement,,False,4.500000000000003,
0.94,0.8973333333333333,0.9826666666666667,False,168.58914210463126,True,0.09203757081218102,1.9000000000000006,0.02647093265495855,-31.544615137126502,0.9356666666666666,-0.0043333333333333,,False,0.0,,,pyin_probability_below_0.5|voicing_disagreement,,False,4.700000000000002,
0.95,0.9073333333333333,0.9926666666666667,False,170.54805357686834,True,0.12793708630129036,2.100000000000002,0.033303381845441016,-29.550233262462456,0.9456666666666667,-0.0043333333333333,160.85195875755622,True,0.7472044365774788,9.696094819312123,1.013337426695149,pyin_probability_below_0.5|pitch_difference_over_1_semitone,1.0057649428379296,False,4.899999999999999,3.047738112240273
0.96,0.9173333333333333,1.0026666666666666,False,171.53602840047625,True,0.1504646013433388,2.200000000000003,0.04137351055698995,-27.665552550015676,0.9556666666666667,-0.0043333333333333,164.79359413473827,True,0.8910754310085945,6.742434265737984,0.6942175219221633,pyin_probability_below_0.5,1.4248848476109117,False,5.0,3.4668580170132604
0.97,0.9273333333333333,1.0126666666666666,False,173.52918104210445,True,0.2065067991177523,2.4000000000000012,0.049076915201801796,-26.18245486549361,0.9656666666666667,-0.0043333333333333,168.8247625011978,True,0.9498453310386222,4.704418540906659,0.47582114347229987,pyin_probability_below_0.5,1.8432812260607752,False,5.1999999999999975,3.8852543954631207
0.98,0.9373333333333334,1.0226666666666666,False,173.52918104210445,True,0.2796051653363589,2.4000000000000012,0.055542464535926435,-25.107497071979374,0.9756666666666667,-0.0043333333333333,170.7120962761555,True,0.9691523027045886,2.817084765948948,0.2833560215862645,pyin_probability_below_0.5,2.0357463479468088,False,5.1999999999999975,4.077719517349155
0.99,0.9473333333333334,1.0326666666666666,False,173.52918104210445,True,0.42606232904328145,2.4000000000000012,0.062141974815784186,-24.13229898751403,0.9856666666666666,-0.004333333333333411,171.7741394578819,True,0.9693624988937325,1.7550415842225675,0.17598521251430982,pyin_probability_below_0.5,2.1431171570187644,False,5.1999999999999975,4.185090326421108
1.0,0.9573333333333334,1.0426666666666666,False,173.52918104210445,True,0.48498680771591135,2.4000000000000012,0.06482705778861111,-23.76487377283684,0.9956666666666666,-0.004333333333333411,173.60704970927543,True,0.9600308424781379,0.07786866717097496,-0.007766915595710581,pyin_probability_below_0.5,2.3268692851287867,False,5.1999999999999975,4.368842454531131
1.01,0.9673333333333334,1.0526666666666666,False,173.52918104210445,True,0.5485250542599845,2.4000000000000012,0.0655784002478906,-23.664783638660204,1.0056666666666665,-0.004333333333333522,174.48507545640624,True,0.9716029281166616,0.9558944143017811,-0.09510421416156625,,2.414206583694644,True,5.1999999999999975,4.456179753096989
1.02,0.9773333333333334,1.0626666666666666,False,173.52918104210445,True,0.6159498854580681,2.4000000000000012,0.06542363307582134,-23.68530684990365,1.0156666666666665,-0.004333333333333522,175.50832825848,True,0.970126209862078,1.9791472163755373,-0.19633441566414045,,2.5154367851972146,True,5.1999999999999975,4.55740995459956
1.03,0.9873333333333333,1.0726666666666667,False,173.52918104210445,True,0.5485250542599845,2.4000000000000012,0.06481472495678908,-23.766526351414292,1.0256666666666665,-0.004333333333333522,175.0425980614041,True,0.9183651940524006,1.513417019299652,-0.15033319936662337,,2.469435568899697,True,5.1999999999999975,4.511408738302045
1.04,0.9973333333333333,1.0826666666666667,False,173.52918104210445,True,0.48498680771591135,2.4000000000000012,0.0624383899483324,-24.090966085789482,1.0356666666666665,-0.004333333333333522,170.2831689041257,True,0.8944352208914793,3.2460121379787665,0.3269093572775619,pyin_probability_below_0.5,1.9921930122555138,False,5.1999999999999975,4.034166181657858
1.05,1.0073333333333334,1.0926666666666667,False,171.53602840047625,True,0.4260623290432815,2.200000000000003,0.0584253529457249,-24.66797310736931,1.0456666666666665,-0.004333333333333522,167.67710700871876,True,0.9354829587875866,3.858921391757491,0.39391070842680237,pyin_probability_below_0.5,1.7251916611062756,False,5.0,3.767164830508621
1.06,1.0173333333333334,1.1026666666666667,False,167.61814009714527,True,0.37213589829750876,1.7999999999999972,0.05407569510696271,-25.339957785746723,1.0556666666666665,-0.004333333333333522,162.60898248008988,True,0.9648634370193558,5.0091576170553935,0.5252560342556243,pyin_probability_below_0.5,1.193846335277447,False,4.599999999999999,3.235819504679795
1.07,1.0273333333333334,1.1126666666666667,False,161.90845090664698,True,0.48498680771591135,1.1999999999999993,0.04656031785048001,-26.639681271528325,1.0656666666666665,-0.004333333333333522,160.50889013691463,True,0.98036703339321,1.3995607697323464,0.1503010023697659,pyin_probability_below_0.5,0.9688013671633104,False,4.0,3.0107745365656573
1.08,1.0373333333333334,1.1226666666666667,False,160.04877373483913,True,0.5485250542599844,1.0000000000000044,0.042707862876858474,-27.389843206916314,1.0756666666666665,-0.004333333333333522,159.29397532242348,True,0.9700025741945801,0.7547984124156528,0.08183903652238374,,0.8372633330106958,True,3.8000000000000007,2.8792365024130397
1.09,1.0473333333333332,1.1326666666666667,False,157.29923159850804,True,0.6860828109301792,0.7000000000000017,0.03814231662349799,-28.37185866090886,1.0856666666666666,-0.004333333333333522,156.6923642029478,True,0.9613975526542883,0.6068673955602435,0.06692095079811894,,0.5521814187349583,True,3.500000000000001,2.5941545881373043
1.1,1.0573333333333332,1.1426666666666667,False,156.39325469067515,True,0.6860828109301792,0.6000000000000013,0.0365399222482471,-28.744647621986626,1.0956666666666666,-0.004333333333333522,153.6996560287866,True,0.9832520965911123,2.693598661888558,0.3007722427046368,,0.21833012682843905,True,3.3999999999999977,2.2603032962307825
1.11,1.0673333333333332,1.1526666666666667,False,160.04877373483913,True,0.026168028608935752,1.0000000000000044,0.0396406466070442,-28.037185400798347,1.1056666666666666,-0.004333333333333522,152.37575721959578,True,0.9922679983237518,7.673016515243347,0.8505387963417631,pyin_probability_below_0.5,0.06856357319131881,False,3.8000000000000007,2.110536742593662
1.12,1.0773333333333333,1.1626666666666667,False,171.53602840047625,True,0.016467587593113005,2.200000000000003,0.0494709750591263,-26.112990594566025,1.1156666666666666,-0.004333333333333522,153.1808657158947,True,0.9758941185441142,18.355162684581558,1.9593063135215882,pyin_probability_below_0.5|pitch_difference_over_1_semitone,0.15979605601149185,False,5.0,2.2017692254138357
1.13,1.0873333333333333,1.1726666666666667,False,176.56241769755178,True,0.022944219124638603,2.7,0.06604624486527043,-23.603037393132137,1.1256666666666666,-0.0043333333333333,153.68614813140135,True,0.9871506783128999,22.876269566150427,2.402293804961787,pyin_probability_below_0.5|pitch_difference_over_1_semitone,0.2168085645712879,False,5.5,2.2587817339736365
1.14,1.0973333333333333,1.1826666666666668,False,178.6139741695516,True,0.09203757081218102,2.9000000000000035,0.08011874276447682,-21.92531748680392,1.1356666666666666,-0.0043333333333333,163.62954982998713,True,0.784015454815885,14.98442433956447,1.5169397850028448,pyin_probability_below_0.5|pitch_difference_over_1_semitone,1.3021625845302347,False,5.700000000000003,3.3441357539325813
1.15,1.1073333333333333,1.1926666666666668,False,178.6139741695516,True,0.27960516533635893,2.9000000000000035,0.09122986200544937,-20.79725964101572,1.1456666666666666,-0.0043333333333333,175.1722942944201,True,0.7587741833042511,3.4416798751314843,0.3368441280515629,pyin_probability_below_0.5,2.4822582414815133,False,5.700000000000003,4.524231410883862
1.16,1.1173333333333333,1.2026666666666668,False,178.6139741695516,True,0.32333605839064083,2.9000000000000035,0.1039902895920129,-19.660144247388914,1.1556666666666666,-0.0043333333333333,176.06353618228772,True,0.868521423190502,2.5504379872638765,0.2489856876617373,pyin_probability_below_0.5,2.5701166818713412,False,5.700000000000003,4.612089851273687
1.17,1.1273333333333333,1.2126666666666666,False,178.6139741695516,True,0.42606232904328145,2.9000000000000035,0.11638806710100912,-18.681830884760902,1.1656666666666666,-0.0043333333333333,178.14749272317286,True,0.9450374504033068,0.46648144637873656,0.045273332375289535,pyin_probability_below_0.5,2.773829037157788,False,5.700000000000003,4.815802206560134
1.18,1.1373333333333333,1.2226666666666666,False,178.6139741695516,True,0.6159498854580678,2.9000000000000035,0.12750555930414448,-17.889417587349,1.1756666666666666,-0.0043333333333333,179.1730916810612,True,0.9767629372046114,0.5591175115096121,-0.054108387568305494,,2.8732107571013845,True,5.700000000000003,4.915183926503731
1.19,1.1473333333333333,1.2326666666666666,False,177.5852333780714,True,0.6860828109301792,2.8000000000000003,0.134293603592496,-17.438893445901677,1.1856666666666664,-0.004333333333333522,179.20733443059012,True,0.9975689117236473,1.6221010525187296,-0.1574167275210086,,2.8765190970540844,True,5.6,4.918492266456427
1.2,1.1573333333333333,1.2426666666666666,False,177.5852333780714,True,0.8266685594724994,2.8000000000000003,0.14050078715994027,-17.046424852080403,1.1956666666666664,-0.004333333333333522,178.20688330299078,True,0.9942893769488296,0.6216499249193816,-0.06049727137445024,,2.7795996409075228,True,5.6,4.821572810309869
1.21,1.1673333333333333,1.2526666666666666,False,177.5852333780714,True,0.8266685594724994,2.8000000000000003,0.14299599535721305,-16.89352249805785,1.2056666666666664,-0.004333333333333522,177.26383994131655,True,0.9890896799774662,0.3213934367548461,0.03136022916993961,,2.687742140363137,True,5.6,4.729715309765482
1.22,1.1773333333333333,1.2626666666666666,False,176.56241769755178,True,0.8911444948731202,2.7,0.1413115255398177,-16.996448302418525,1.2156666666666665,-0.004333333333333522,176.5986133188881,True,0.9928940416441566,0.036195621336332806,-0.003548698004625969,,2.6226510675377037,True,5.5,4.66462423694005
1.23,1.1873333333333334,1.2726666666666666,False,176.56241769755178,True,0.945930209465909,2.7,0.13822236381548264,-17.18843368396925,1.2256666666666665,-0.004333333333333522,176.21184158093,True,0.9961239360449885,0.3505761166217667,0.03440894530814789,,2.584693424224932,True,5.5,4.626666593627276
1.24,1.1973333333333334,1.2826666666666666,False,175.5454930018647,True,0.945930209465909,2.600000000000004,0.13545874374690403,-17.363859127718403,1.2356666666666665,-0.004333333333333522,175.961620465655,True,0.9969220247916387,0.416127463790275,-0.04099003081365203,,2.5600924003467296,True,5.400000000000002,4.602065569749076
1.25,1.2073333333333334,1.2926666666666666,False,175.5454930018647,True,0.9459302094659092,2.600000000000004,0.129988754150593,-17.721884372571473,1.2456666666666665,-0.004333333333333522,175.81060846618024,True,0.9944923756436482,0.265115464315528,-0.02612603019812821,,2.5452283997312057,True,5.400000000000002,4.587201569133552
1.26,1.2173333333333334,1.3026666666666666,False,175.5454930018647,True,0.9459302094659092,2.600000000000004,0.12287701059714728,-18.210587257604708,1.2556666666666665,-0.004333333333333522,175.52177166791628,True,0.9949608588967238,0.0237213339484299,0.0023395619709489514,,2.516762807562131,True,5.400000000000002,4.558735976964477
1.27,1.2273333333333334,1.3126666666666666,False,175.5454930018647,True,0.9459302094659092,2.600000000000004,0.11751097933673803,-18.598431086126087,1.2656666666666665,-0.004333333333333522,175.23484298043954,True,0.9990737244375647,0.3106500214251753,0.030663522430716097,,2.488438847102365,True,5.400000000000002,4.530412016504709
1.28,1.2373333333333334,1.3226666666666667,False,175.5454930018647,True,0.9459302094659092,2.600000000000004,0.11108030877698571,-19.087258433683232,1.2756666666666665,-0.004333333333333522,175.19546003446018,True,0.9983751964284622,0.3500329674045304,0.03455480105202508,,2.484547568481054,True,5.400000000000002,4.5265207378833985
1.29,1.2473333333333334,1.3326666666666667,False,175.5454930018647,True,0.9459302094659092,2.600000000000004,0.10387497673040702,-19.66978120992935,1.2856666666666665,-0.004333333333333522,175.46484156059003,True,0.9951770211261524,0.08065144127468216,0.007955693035206454,,2.511146676497874,True,5.400000000000002,4.553119845900217
1.3,1.2573333333333334,1.3426666666666667,False,175.5454930018647,True,0.9848789761259924,2.600000000000004,0.09605058149492492,-20.350000031085273,1.2956666666666665,-0.004333333333333522,175.72195644825808,True,0.9947049270442861,0.1764634463933703,-0.017394128205703144,,2.5364964977387805,True,5.400000000000002,4.578469667141127
1.31,1.2673333333333334,1.3526666666666667,False,175.5454930018647,True,0.9848789761259924,2.600000000000004,0.08899471135541367,-21.012716023822083,1.3056666666666665,-0.004333333333333522,175.95722835006376,True,0.9919897570473988,0.4117353481990449,-0.0405578982305313,,2.5596602677636104,True,5.400000000000002,4.6016334371659555
1.32,1.2773333333333334,1.3626666666666667,False,175.5454930018647,True,0.8911444948731202,2.600000000000004,0.08131057387614148,-21.79705947496801,1.3156666666666665,-0.004333333333333522,175.99002600957584,True,0.9910041475930819,0.44453300771112936,-0.043784542242555985,,2.5628869117756334,True,5.400000000000002,4.60486008117798
1.33,1.2873333333333334,1.3726666666666667,False,175.5454930018647,True,0.7571601330199094,2.600000000000004,0.07229647145808142,-22.81765797213982,1.3256666666666665,-0.004333333333333522,176.0335177396412,True,0.9838393261601406,0.4880247377764988,-0.04806234500103885,,2.567164714534117,True,5.400000000000002,4.609137883936464
1.34,1.2973333333333332,1.3826666666666667,False,175.5454930018647,True,0.6159498854580681,2.600000000000004,0.06337858471322252,-23.96114926255479,1.3356666666666666,-0.004333333333333522,175.8424044576608,True,0.9552074666461575,0.2969114557960779,-0.029256747194823827,,2.5483591167279,True,5.400000000000002,4.590332286130248
1.35,1.3073333333333332,1.3926666666666667,False,175.5454930018647,True,0.42606232904328145,2.600000000000004,0.054864157329245725,-25.214225736765002,1.3456666666666666,-0.004333333333333522,173.78363747101332,True,0.8237426086777104,1.761855530851392,0.17463245298942243,pyin_probability_below_0.5,2.3444699165436527,False,5.400000000000002,4.386443085945999
1.36,1.3173333333333332,1.4026666666666667,False,175.5454930018647,True,0.24075439447557428,2.600000000000004,0.04520343182874466,-26.896571849033876,1.3556666666666666,-0.004333333333333522,,False,0.0,,,pyin_probability_below_0.5|voicing_disagreement,,False,5.400000000000002,
1.37,1.3273333333333333,1.4126666666666667,False,175.5454930018647,True,0.04069733156888105,2.600000000000004,0.03378103673037095,-29.426540523736975,1.3656666666666666,-0.004333333333333522,,False,0.0,,,pyin_probability_below_0.5|voicing_disagreement,,False,5.400000000000002,
1.38,1.3373333333333333,1.4226666666666667,False,166.65273064969477,True,0.010467533617069905,1.7000000000000026,0.023921548912620976,-32.42421406689517,1.3756666666666666,-0.0043333333333333,,False,0.0,,,pyin_probability_below_0.5|voicing_disagreement,,False,4.500000000000003,
1.39,1.3473333333333333,1.4326666666666668,False,,False,0.010004191052795272,,0.01701362402299978,-35.38406337436359,1.3856666666666666,-0.0043333333333333,176.0553415273549,True,0.7841063707101609,,,voicing_disagreement,2.569310882095146,False,,4.611284051497493
1.4,1.3573333333333333,1.4426666666666668,False,,False,0.0229442191246386,,0.014415478674005734,-36.82341864091914,1.3956666666666666,-0.0043333333333333,175.93080936686385,True,0.9026072871425268,,,voicing_disagreement,2.557060722542347,False,,4.5990338919446945
1.41,1.3673333333333333,1.4526666666666668,False,176.56241769755178,True,0.018187375734912182,2.7,0.00967866646721493,-40.28368951876128,1.4056666666666666,-0.0043333333333333,,False,0.0,,,pyin_probability_below_0.5|voicing_disagreement,,False,5.5,
1.42,1.3773333333333333,1.4626666666666666,False,175.5454930018647,True,0.1504646013433388,2.600000000000004,0.0067300639071935136,-43.439616235848185,1.4156666666666666,-0.0043333333333333,,False,0.0,,,pyin_probability_below_0.5|voicing_disagreement,,False,5.400000000000002,
1.43,1.3873333333333333,1.4726666666666666,False,175.5454930018647,True,0.2065067991177523,2.600000000000004,0.005826276199377124,-44.692178622721315,1.4256666666666666,-0.0043333333333333,,False,0.0,,,pyin_probability_below_0.5|voicing_disagreement,,False,5.400000000000002,
1.44,1.3973333333333333,1.4826666666666666,False,175.5454930018647,True,0.092037570812181,2.600000000000004,0.004785714392329527,-46.40106446604562,1.4356666666666664,-0.004333333333333522,,False,0.0,,,pyin_probability_below_0.5|voicing_disagreement,,False,5.400000000000002,
1.45,1.4073333333333333,1.4926666666666666,False,175.5454930018647,True,0.0779752376229482,2.600000000000004,0.0041432050856643875,-47.65327137811844,1.4456666666666664,-0.004333333333333522,,False,0.0,,,pyin_probability_below_0.5|voicing_disagreement,,False,5.400000000000002,
1.46,1.4173333333333333,1.5026666666666666,False,,False,0.01010197459374499,,0.004778366271551599,-46.414411274991664,1.4556666666666664,-0.004333333333333522,,False,0.0,,,,,False,,
1.47,1.4273333333333333,1.5126666666666666,False,156.39325469067515,True,0.010000000101429398,0.6000000000000013,0.012861538456989018,-37.814141587149194,1.4656666666666665,-0.004333333333333522,,False,0.0,,,pyin_probability_below_0.5|voicing_disagreement,,False,3.3999999999999977,
1.48,1.4373333333333334,1.5226666666666666,False,154.59692495035372,True,0.011853505394683413,0.4000000000000011,0.022181993799920766,-33.07998840865381,1.4756666666666665,-0.004333333333333522,,False,0.0,,,pyin_probability_below_0.5|voicing_disagreement,,False,3.2,
1.49,1.4473333333333334,1.5326666666666666,False,158.21045677717683,True,0.04069733156888106,0.8000000000000038,0.030200831269023405,-30.399622061001775,1.4856666666666665,-0.004333333333333522,,False,0.0,,,pyin_probability_below_0.5|voicing_disagreement,,False,3.6000000000000005,
1.5,1.4573333333333334,1.5426666666666666,False,159.12696062960518,True,0.056071395445892624,0.9000000000000021,0.0354925460312742,-28.9972569148949,1.4956666666666665,-0.004333333333333522,,False,0.0,,,pyin_probability_below_0.5|voicing_disagreement,,False,3.699999999999999,
1.51,1.4673333333333334,1.5526666666666666,False,164.73856077731807,True,0.07797523762294818,1.5000000000000004,0.04222022863442613,-27.48958838390179,1.5056666666666665,-0.004333333333333522,153.74258267866745,True,0.7098178692661975,10.995978098650625,1.1959377685164803,pyin_probability_below_0.5|pitch_difference_over_1_semitone,0.22316460101659608,False,4.299999999999999,2.265137770418943
1.52,1.4773333333333334,1.5626666666666666,False,165.6928815515041,True,0.09203757081218103,1.6000000000000023,0.04956462968234334,-26.096562685311092,1.5156666666666665,-0.004333333333333522,156.6442236217309,True,0.8747473936915443,9.048657929773185,0.9722406368634404,pyin_probability_below_0.5,0.5468617326696359,False,4.400000000000002,2.588834902071981
1.53,1.4873333333333334,1.5726666666666667,False,166.65273064969477,True,0.12793708630129036,1.7000000000000026,0.05526406349413296,-25.15114370283184,1.5256666666666665,-0.004333333333333522,158.8959731145767,True,0.9368515961262985,7.7567575351180835,0.8251487222345455,pyin_probability_below_0.5,0.7939536472985325,False,4.500000000000003,2.8359268167008778
1.54,1.4973333333333334,1.5826666666666667,False,167.61814009714527,True,0.32333605839064083,1.7999999999999972,0.059451187090405394,-24.51678938384424,1.5356666666666665,-0.004333333333333522,164.5631462164957,True,0.9449586473253095,3.054993880649562,0.3184441005115942,pyin_probability_below_0.5,1.40065826902148,False,4.599999999999999,3.4426314384238275
1.55,1.5073333333333334,1.5926666666666667,False,166.65273064969477,True,0.4260623290432815,1.7000000000000026,0.06027473132291898,-24.397294336632328,1.5456666666666665,-0.004333333333333522,167.74661972021926,True,0.9603606055265813,1.093889070524483,-0.11326485878121875,pyin_probability_below_0.5,1.7323672283142977,False,4.500000000000003,3.7743403977166414
1.56,1.5173333333333334,1.6026666666666667,False,167.61814009714527,True,0.48498680771591135,1.7999999999999972,0.05962851467726764,-24.490920172468286,1.5556666666666665,-0.004333333333333522,169.2615884243732,True,0.9721185408187668,1.6434483272279294,-0.16891584933881032,pyin_probability_below_0.5,1.8880182188718861,False,4.599999999999999,3.929991388274229
1.57,1.5273333333333334,1.6126666666666667,False,168.58914210463126,True,0.5485250542599844,1.9000000000000006,0.0581126889059879,-24.714580581048786,1.5656666666666665,-0.004333333333333522,169.21888868430054,True,0.964743256106413,0.6297465796692734,-0.06454790203953047,,1.8836502715726078,True,4.700000000000002,3.9256234409749524
1.58,1.5373333333333334,1.6226666666666667,False,167.61814009714527,True,0.6159498854580682,1.7999999999999972,0.05590624425089261,-25.050793648262328,1.5756666666666665,-0.004333333333333522,167.91142589454978,True,0.9285998525154557,0.2932857974045078,-0.030265379826536057,,1.749367749359613,True,4.599999999999999,3.7913409187619553
1.59,1.5473333333333332,1.6326666666666667,False,168.58914210463126,True,0.42606232904328145,1.9000000000000006,0.05277001104463989,-25.552256298520952,1.5856666666666666,-0.004333333333333522,160.20619791339107,True,0.8928117043684004,8.382944191240199,0.8829799288608104,pyin_probability_below_0.5,0.9361224406722708,False,4.700000000000002,2.978095610074613
1.6,1.5573333333333332,1.6426666666666667,False,166.65273064969477,True,0.32333605839064083,1.7000000000000026,0.048925809243020445,-26.209239645797076,1.5956666666666666,-0.004333333333333522,155.51338537408475,True,0.9384982643182002,11.139345275610026,1.1976743399792449,pyin_probability_below_0.5|pitch_difference_over_1_semitone,0.4214280295538366,False,4.500000000000003,2.46340119895618
1.61,1.5673333333333332,1.6526666666666667,False,159.12696062960518,True,0.2796051653363589,0.9000000000000021,0.04430290002403274,-27.07135688718093,1.6056666666666666,-0.004333333333333522,157.2530629907644,True,0.9422778556422451,1.8738976388407877,0.205082059019924,pyin_probability_below_0.5,0.6140203105131534,False,3.699999999999999,2.655993479915499
1.62,1.5773333333333333,1.6626666666666667,False,151.9410423129619,True,0.2796051653363589,0.10000000000000017,0.03909710163523255,-28.15710873468153,1.6156666666666666,-0.004333333333333522,153.06477270039758,True,0.9352305029329022,1.1237303874356712,-0.12756800136144092,pyin_probability_below_0.5,0.14667037089451646,False,2.9,2.188643540296865
1.63,1.5873333333333333,1.6726666666666667,False,155.49249582586248,True,0.12793708630129036,0.5000000000000008,0.041235845796713445,-27.69450186216334,1.6256666666666666,-0.0043333333333333,147.43109047087734,True,0.9682577368815213,8.06140535498514,0.9216499507029059,pyin_probability_below_0.5,-0.5025475811698333,False,3.2999999999999976,1.539425588232513
1.64,1.5973333333333333,1.6826666666666668,False,153.70651218352927,True,0.056071395445892624,0.3000000000000021,0.04586078623679231,-26.77117008005297,1.6356666666666666,-0.0043333333333333,148.09156539238768,True,0.9583626212977366,5.614946791141591,0.644265793935522,pyin_probability_below_0.5,-0.4251634244024419,False,3.1000000000000023,1.616809744999904
1.65,1.6073333333333333,1.6926666666666668,False,154.59692495035372,True,0.04069733156888106,0.4000000000000011,0.05143049629788576,-25.775585695420236,1.6456666666666666,-0.0043333333333333,145.81543126146437,True,0.9678187337151158,8.781493688889356,1.01241862690594,pyin_probability_below_0.5|pitch_difference_over_1_semitone,-0.6933162573728645,False,3.2,1.3486569120294822
1.66,1.6173333333333333,1.7026666666666668,False,154.59692495035372,True,0.04069733156888106,0.4000000000000011,0.05753798548857558,-24.800906952671575,1.6556666666666666,-0.0043333333333333,148.83748796668525,True,0.8860182500909944,5.759436983668479,0.6572841220177875,pyin_probability_below_0.5,-0.3381817524847137,False,3.2,1.7037914169176347
1.67,1.6273333333333333,1.7126666666666666,False,151.9410423129619,True,0.06608151270920701,0.10000000000000017,0.0695329014416689,-23.156192963325815,1.6656666666666666,-0.0043333333333333,148.59017015272977,True,0.7547354362267913,3.350872160232143,0.3860753327511669,pyin_probability_below_0.5,-0.36697296321808903,False,2.9,1.6750002061842566
1.68,1.6373333333333333,1.7226666666666666,False,151.9410423129619,True,0.047686993082531035,0.10000000000000017,0.07876017550049977,-22.07386649597709,1.6756666666666666,-0.0043333333333333,147.86022199977992,True,0.7497151267751178,4.080820313181988,0.47133166459064313,pyin_probability_below_0.5,-0.4522292950575669,False,2.9,1.5897438743447767
1.69,1.6473333333333333,1.7326666666666666,False,151.9410423129619,True,0.04069733156888105,0.10000000000000017,0.09366440712170145,-20.568508230757068,1.6856666666666666,-0.0043333333333333,151.68005521931693,True,0.8203195036291154,0.2609870936449852,0.02976274427832971,pyin_probability_below_0.5,-0.010660374745253417,False,2.9,2.031312794657093
1.7,1.6573333333333333,1.7426666666666666,False,151.06592630451914,True,0.018187375734912182,0.0,0.10158041963332368,-19.86379994827001,1.6956666666666664,-0.004333333333333522,152.22656265666842,True,0.9155839040465434,1.1606363521492824,-0.13250199415284405,pyin_probability_below_0.5,0.051604363685920876,False,2.8000000000000003,2.093577533088266
1.71,1.6673333333333333,1.7526666666666666,False,151.06592630451914,True,0.01240312479355135,0.0,0.10865463642352498,-19.279034741642946,1.7056666666666664,-0.004333333333333522,151.83720073989937,True,0.9094847792999936,0.771274435380235,-0.08816412444880463,pyin_probability_below_0.5,0.007266493981880106,False,2.8000000000000003,2.049239663384225
1.72,1.6773333333333333,1.7626666666666666,False,149.33078614961454,True,0.010467533617069905,-0.19999999999999973,0.11738932777563829,-18.60742768678163,1.7156666666666665,-0.004333333333333522,149.61110518239897,True,0.8379649559875708,0.2803190327844334,-0.0324677143263259,pyin_probability_below_0.5,-0.24842991614059984,False,2.5999999999999974,1.7935432532617464
1.73,1.6873333333333334,1.7726666666666666,False,148.4707041104003,True,0.01010197459374499,-0.2999999999999981,0.1209835666627038,-18.34547232795071,1.7256666666666665,-0.004333333333333522,148.36322120841498,True,0.7099751500991466,0.10748290198532118,0.012537520267750075,pyin_probability_below_0.5,-0.3934351507346724,False,2.500000000000002,1.6485380186676737
1.74,1.6973333333333334,1.7826666666666666,False,147.61557577921405,True,0.01000419105279527,-0.3999999999999989,0.12394898064622284,-18.135140810200873,1.7356666666666665,-0.004333333333333522,141.49651820486062,True,0.7416852325215638,6.119057574353434,0.7329408406952199,pyin_probability_below_0.5,-1.2138384711621442,False,2.399999999999998,0.8281346982402027
1.75,1.7073333333333334,1.7926666666666666,False,133.80929076365396,True,0.010000078102280324,-2.0999999999999996,0.12757054095839382,-17.88499205717241,1.7456666666666665,-0.004333333333333522,138.73877250811577,True,0.7412135888712674,4.92948174446181,-0.6263128269618734,pyin_probability_below_0.5,-1.5545848035050502,False,0.7000000000000017,0.48738836589729756
1.76,1.7173333333333334,1.8026666666666666,False,133.80929076365396,True,0.01000419105279527,-2.0999999999999996,0.12658077631741796,-17.95264490267534,1.7556666666666665,-0.004333333333333522,135.79439977769567,True,0.7755330078016512,1.9851090140417114,-0.25494832193725825,pyin_probability_below_0.5,-1.9259493085296668,False,0.7000000000000017,0.11602386087268154
1.77,1.7273333333333334,1.8126666666666666,False,133.80929076365396,True,0.010622609040911533,-2.0999999999999996,0.1198157663511652,-18.429720602409475,1.7656666666666665,-0.004333333333333522,133.15420598733326,True,0.7810520907558065,0.6550847763207059,0.084963477019872,pyin_probability_below_0.5,-2.2658611074867956,False,0.7000000000000017,-0.2238879380844498
1.78,1.7373333333333334,1.8226666666666667,False,133.80929076365396,True,0.016467587593113005,-2.0999999999999996,0.1188451156305719,-18.500373249398375,1.7756666666666665,-0.004333333333333522,131.73006973586422,True,0.9067171565341329,2.0792210277897425,0.27112303057770454,pyin_probability_below_0.5,-2.452020661044625,False,0.7000000000000017,-0.41004749164228116
1.79,1.7473333333333334,1.8326666666666667,False,133.03860595958074,True,0.10857977072874499,-2.1999999999999997,0.11097684851777787,-19.095352245829424,1.7856666666666665,-0.004333333333333522,131.84723396886682,True,0.9469126467840555,1.1913719907139182,0.1557318174485161,pyin_probability_below_0.5,-2.436629447915438,False,0.6000000000000013,-0.39465627851309343
1.8,1.7573333333333334,1.8426666666666667,False,133.03860595958074,True,0.24075439447557434,-2.1999999999999997,0.10447447761527338,-19.619795834052155,1.7956666666666665,-0.004333333333333522,132.66739651069855,True,0.9345960121637564,0.3712094488821833,0.048373077715540586,pyin_probability_below_0.5,-2.329270708182463,False,0.6000000000000013,-0.2872975387801164
1.81,1.7673333333333334,1.8526666666666667,False,133.03860595958074,True,0.24075439447557434,-2.1999999999999997,0.09786790454047253,-20.187194206086858,1.8056666666666665,-0.004333333333333522,133.8571145010026,True,0.9519796214323721,0.8185085414218634,-0.10618636345123074,pyin_probability_below_0.5,-2.1747112670156925,False,0.6000000000000013,-0.13273809761334668
1.82,1.7773333333333334,1.8626666666666667,False,133.80929076365396,True,0.4260623290432815,-2.0999999999999996,0.0847423338015674,-21.437991594242295,1.8156666666666665,-0.004333333333333522,134.3823760066085,True,0.9762799480441021,0.5730852429545337,-0.07398784665151355,pyin_probability_below_0.5,-2.10690978381541,False,0.7000000000000017,-0.06493661441306313
1.83,1.7873333333333334,1.8726666666666667,False,133.80929076365396,True,0.5485250542599845,-2.0999999999999996,0.07743391091476946,-22.22137610988358,1.8256666666666665,-0.004333333333333522,134.63229687333083,True,0.9546812075791894,0.8230061096768679,-0.10615498711915902,,-2.0747426433477645,True,0.7000000000000017,-0.03276947394541802
1.84,1.7973333333333332,1.8826666666666667,False,134.5844400993791,True,0.7571601330199094,-1.9999999999999962,0.06859216055558781,-23.274510345340353,1.8356666666666666,-0.004333333333333522,134.63243744205866,True,0.9121074671022932,0.047997342679565236,-0.0061730628146965845,,-2.0747245676522237,True,0.8000000000000038,-0.032751398249878855
1.85,1.8073333333333332,1.8926666666666667,False,134.5844400993791,True,0.6860828109301793,-1.9999999999999962,0.05323917632263942,-25.47537344460079,1.8456666666666666,-0.004333333333333522,134.1185112632517,True,0.8302873944908735,0.46592883612740366,0.060038988771644194,,-2.140936619238565,True,0.8000000000000038,-0.09896344983621977
1.86,1.8173333333333332,1.9026666666666667,False,134.5844400993791,True,0.48498680771591124,-1.9999999999999962,0.04458416615182338,-27.016387029269676,1.8556666666666666,-0.004333333333333522,133.40262814693696,True,0.6916343345174033,1.181811952442132,0.15269440936218553,pyin_probability_below_0.5,-2.2335920398291056,False,0.8000000000000038,-0.1916188704267609
1.87,1.8273333333333333,1.9126666666666667,False,134.5844400993791,True,0.24075439447557437,-1.9999999999999962,0.03509745163112754,-29.09448831610664,1.8656666666666666,-0.004333333333333522,134.6570092911059,True,0.6767339895816399,0.07256919172681364,-0.009332460433374833,pyin_probability_below_0.5,-2.0715651700335473,False,0.8000000000000038,-0.029592000631199867
1.88,1.8373333333333333,1.9226666666666667,False,133.80929076365396,True,0.04768699308253103,-2.0999999999999996,0.018570554783989,-34.62350243567712,1.8756666666666666,-0.0043333333333333,134.32222352426774,True,0.7860413916871508,0.5129327606137792,-0.06623673055706719,pyin_probability_below_0.5,-2.1146608999098553,False,0.7000000000000017,-0.07268773050751129
1.89,1.8473333333333333,1.9326666666666668,False,134.5844400993791,True,0.018187375734912182,-1.9999999999999962,0.012247889803787309,-38.238774594174984,1.8856666666666666,-0.0043333333333333,134.10879484510966,True,0.8039459950770921,0.4756452542694376,0.06129325286383551,pyin_probability_below_0.5,-2.142190883330755,False,0.8000000000000038,-0.10021771392840843
1.9,1.8573333333333333,1.9426666666666668,False,134.5844400993791,True,0.04069733156888106,-1.9999999999999962,0.008720195666542719,-41.18947540238898,1.8956666666666666,-0.0043333333333333,134.49892772142445,True,0.7429733739087336,0.08551237795464317,0.01100342592812954,pyin_probability_below_0.5,-2.0919010563950504,False,0.8000000000000038,-0.049927886992705256
1.91,1.8673333333333333,1.9526666666666668,False,134.5844400993791,True,0.12793708630129036,-1.9999999999999962,0.007212452449152658,-42.83834074158022,1.9056666666666666,-0.0043333333333333,,False,0.0,,,pyin_probability_below_0.5|voicing_disagreement,,False,0.8000000000000038,
1.92,1.8773333333333333,1.9626666666666666,False,133.80929076365396,True,0.05607139544589262,-2.0999999999999996,0.005524342788631178,-45.154387620723625,1.9156666666666666,-0.0043333333333333,,False,0.0,,,pyin_probability_below_0.5|voicing_disagreement,,False,0.7000000000000017,
1.93,1.8873333333333333,1.9726666666666666,False,134.5844400993791,True,0.020317628556360583,-1.9999999999999962,0.0037224548611756963,-48.58341119676044,1.9256666666666666,-0.0043333333333333,,False,0.0,,,pyin_probability_below_0.5|voicing_disagreement,,False,0.8000000000000038,
1.94,1.8973333333333333,1.9826666666666666,False,134.5844400993791,True,0.020317628556360576,-1.9999999999999962,0.002593386233497068,-51.72265597710678,1.9356666666666666,-0.0043333333333333,,False,0.0,,,pyin_probability_below_0.5|voicing_disagreement,,False,0.8000000000000038,
1.95,1.9073333333333333,1.9926666666666666,False,134.5844400993791,True,0.010018764509769141,-1.9999999999999962,0.002328242621691696,-52.659435293402275,1.9456666666666664,-0.004333333333333522,,False,0.0,,,pyin_probability_below_0.5|voicing_disagreement,,False,0.8000000000000038,
1.96,1.9173333333333333,2.002666666666667,False,,False,0.015085587297504338,,0.011512806837696088,-38.7763756377174,1.9556666666666664,-0.004333333333333522,,False,0.0,,,,,False,,
1.97,1.9273333333333333,2.0126666666666666,False,,False,0.010052967545965857,,0.025087324990903975,-32.01091288261515,1.9656666666666665,-0.004333333333333522,,False,0.0,,,,,False,,
1.98,1.9373333333333334,2.022666666666667,False,,False,0.010037765502929688,,0.027413715449761962,-31.240641988971518,1.9756666666666665,-0.004333333333333522,,False,0.0,,,,,False,,
1.99,1.9473333333333334,2.0326666666666666,False,,False,0.01002672467381077,,0.0281728369913385,-31.00338835127068,1.9856666666666665,-0.004333333333333522,,False,0.0,,,,,False,,
2.0,1.9573333333333334,2.042666666666667,False,,False,0.010013068846238975,,0.028913889624421558,-30.777869623663506,1.9956666666666665,-0.004333333333333522,,False,0.0,,,,,False,,
2.01,1.9673333333333334,2.0526666666666666,False,,False,0.010013068846238975,,0.02904407189711727,-30.73884993679384,2.0056666666666665,-0.0043333333333333,,False,0.0,,,,,False,,
2.02,1.9773333333333334,2.062666666666667,False,,False,0.010000000009505967,,0.036486845705789764,-28.757273596933853,2.0156666666666667,-0.0043333333333333,,False,0.0,,,,,False,,
2.03,1.9873333333333334,2.0726666666666667,False,171.53602840047625,True,0.010000516719604524,2.200000000000003,0.04966473658322968,-26.079037272808332,2.0256666666666665,-0.0043333333333333,,False,0.0,,,pyin_probability_below_0.5|voicing_disagreement,,False,5.0,
2.04,1.9973333333333334,2.082666666666667,False,162.84637702113662,True,0.01001876450976914,1.2999999999999994,0.06038819931301211,-24.380958404383364,2.0356666666666667,-0.0043333333333333,,False,0.0,,,pyin_probability_below_0.5|voicing_disagreement,,False,4.099999999999998,
2.05,2.0073333333333334,2.0926666666666667,False,160.97592684906726,True,0.011422334250709074,1.1000000000000019,0.06229147707559098,-24.11142741745926,2.0456666666666665,-0.0043333333333333,,False,0.0,,,pyin_probability_below_0.5|voicing_disagreement,,False,3.9000000000000035,
2.06,2.017333333333333,2.1026666666666665,False,158.21045677717683,True,0.01508558729750434,0.8000000000000038,0.06923559898863621,-23.19341092329755,2.0556666666666668,-0.0043333333333333,170.91930160377242,True,0.5647554912165528,12.708844826595595,-1.337644446434606,pyin_probability_below_0.5|pitch_difference_over_1_semitone,2.056746815967683,False,3.6000000000000005,4.098719985370029
2.07,2.0273333333333334,2.1126666666666667,False,158.21045677717683,True,0.022944219124638603,0.8000000000000038,0.0737400559877363,-22.645930739763305,2.0656666666666665,-0.0043333333333333,164.41058261201528,True,0.7400329186996979,6.200125834838445,-0.665498488059204,pyin_probability_below_0.5,1.3846008575922828,False,3.6000000000000005,3.4265740269946283
2.08,2.037333333333333,2.1226666666666665,False,157.29923159850804,True,0.034897428019625254,0.7000000000000017,0.08019442192535989,-21.917116776781974,2.0756666666666663,-0.004333333333333744,159.55303322226948,True,0.8912228777287937,2.253801623761433,-0.24629294800695645,pyin_probability_below_0.5,0.8653953175400345,False,3.500000000000001,2.907368486942378
2.09,2.0473333333333334,2.1326666666666667,False,156.39325469067515,True,0.04768699308253103,0.6000000000000013,0.08461967324439335,-21.450573120257776,2.0856666666666666,-0.0043333333333333,156.9376682186556,True,0.9531332213299546,0.5444135279804527,-0.060160559711971276,pyin_probability_below_0.5,0.5792629292450465,False,3.3999999999999977,2.621236098647391
2.1,2.0573333333333332,2.1426666666666665,False,155.49249582586248,True,0.10857977072874499,0.5000000000000008,0.08964697438465823,-20.94928726876684,2.0956666666666663,-0.004333333333333744,155.40610683710776,True,0.9750014815598086,0.08638898875472023,0.009621115139456217,pyin_probability_below_0.5,0.4094812543936165,False,3.2999999999999976,2.4514544237959623
2.11,2.0673333333333335,2.1526666666666667,False,154.59692495035372,True,0.3233360583906409,0.4000000000000011,0.09030446045935299,-20.885815956068416,2.1056666666666666,-0.0043333333333333,154.87912110390104,True,0.9846532693244595,0.28219615354731786,-0.031572571200285574,pyin_probability_below_0.5,0.3506749407333613,False,3.2,2.392648110135708
2.12,2.0773333333333333,2.1626666666666665,False,153.70651218352927,True,0.5485250542599845,0.3000000000000021,0.08830129302192918,-21.08065873746849,2.1156666666666664,-0.004333333333333744,154.1010869483575,True,0.9707629439670499,0.39457476482823495,-0.04438497580083127,,0.2634873453339102,True,3.1000000000000023,2.305460514736254
2.13,2.0873333333333335,2.1726666666666667,False,153.70651218352927,True,0.615949885458068,0.3000000000000021,0.08939757446796719,-20.97348528615497,2.1256666666666666,-0.0043333333333333,152.61732684715105,True,0.97755978402559,1.0891853363782218,0.12311432846058673,,0.09598804107249102,True,3.1000000000000023,2.1379612104748387
2.14,2.0973333333333333,2.1826666666666665,False,152.82122781686914,True,0.6860828109301793,0.20000000000000068,0.08891413975717195,-21.020583378973434,2.1356666666666664,-0.004333333333333744,151.8481127174549,True,0.9836344204149352,0.9731150994142297,0.11059174643083494,,0.008510623102241613,True,2.999999999999999,2.050483792504587
2.15,2.1073333333333335,2.1926666666666668,False,152.82122781686914,True,0.7571601330199094,0.20000000000000068,0.08972742799121528,-20.941495619733942,2.1456666666666666,-0.0043333333333333,152.31038127381322,True,0.9848967709754435,0.5108465430559193,0.0579681507341399,,0.06113421879893951,True,2.999999999999999,2.1031073882012836
2.16,2.1173333333333333,2.2026666666666666,False,152.82122781686914,True,0.8266685594724995,0.20000000000000068,0.08808821161277477,-21.101644141423968,2.1556666666666664,-0.004333333333333744,152.69789778935913,True,0.9947250176011899,0.12333002751000777,0.013977072896598757,,0.10512529663647824,True,2.999999999999999,2.147098466038824
2.17,2.1273333333333335,2.212666666666667,False,152.82122781686914,True,0.8266685594724996,0.20000000000000068,0.08750241180945435,-21.15959952901609,2.1656666666666666,-0.0043333333333333,152.77043250109696,True,0.9938019916238406,0.05079531577217722,0.0057552997955704595,,0.11334706973750915,True,2.999999999999999,2.1553202391398565
2.18,2.1373333333333333,2.2226666666666666,False,152.82122781686914,True,0.8911444948731203,0.20000000000000068,0.08630260451391997,-21.279521951523094,2.1756666666666664,-0.004333333333333744,152.71175604112037,True,0.9931257335008643,0.10947177574877287,0.012405945263586373,,0.10669642426949008,True,2.999999999999999,2.1486695936718343
2.19,2.1473333333333335,2.232666666666667,False,152.82122781686914,True,0.9459302094659092,0.20000000000000068,0.08191435229655923,-21.732799967939247,2.1856666666666666,-0.0043333333333333,153.14860878724184,True,0.9909255455927996,0.3273809703727011,-0.03704765839057541,,0.1561500279236514,True,2.999999999999999,2.198123197326
2.2,2.1573333333333333,2.2426666666666666,False,152.82122781686914,True,0.9459302094659092,0.20000000000000068,0.07850948949523727,-22.101556932269652,2.1956666666666664,-0.004333333333333744,153.1804568327371,True,0.9940451582561707,0.3592290158679532,-0.04064747487189281,,0.15974984440497175,True,2.999999999999999,2.2017230138073156
2.21,2.167333333333333,2.252666666666667,False,152.82122781686914,True,0.9459302094659092,0.20000000000000068,0.07192831825256618,-22.862001875360278,2.2056666666666667,-0.0043333333333333,152.90097022762052,True,0.9900594968190511,0.07974241075137911,-0.009031256523814733,,0.1281336260568909,True,2.999999999999999,2.170106795459238
2.22,2.1773333333333333,2.2626666666666666,False,152.82122781686914,True,0.9459302094659092,0.20000000000000068,0.06745051423270872,-23.420294699655773,2.2156666666666665,-0.004333333333333744,153.06106380010647,True,0.9816179883297974,0.23983598323732735,-0.02714850233827482,,0.14625087187135027,True,2.999999999999999,2.1882240412736973
2.23,2.187333333333333,2.272666666666667,False,152.82122781686914,True,0.8911444948731204,0.20000000000000068,0.05994606340658592,-24.444786625591604,2.2256666666666667,-0.0043333333333333,153.87034220036986,True,0.9656230307739366,1.0491143835007222,-0.11844274861349766,,0.23754511814657805,True,2.999999999999999,2.2795182875489233
2.24,2.1973333333333334,2.2826666666666666,False,152.82122781686914,True,0.8266685594724996,0.20000000000000068,0.05575245236300576,-25.074720494099445,2.2356666666666665,-0.004333333333333744,154.59074931351844,True,0.972475076248877,1.769521496649304,-0.19930841533118449,,0.3184107848642619,True,2.999999999999999,2.360383954266607
2.25,2.207333333333333,2.292666666666667,False,153.70651218352927,True,0.7571601330199094,0.3000000000000021,0.047629372725038935,-26.4425027614743,2.2456666666666667,-0.0043333333333333,153.84943453598623,True,0.9694937866997724,0.1429223524569636,-0.016090214700533685,,0.23519258423361306,True,3.1000000000000023,2.277165753635959
2.26,2.2173333333333334,2.3026666666666666,False,153.70651218352927,True,0.6159498854580681,0.3000000000000021,0.04265080209442849,-27.40145594085121,2.2556666666666665,-0.0043333333333333,150.95545861777336,True,0.973738947091882,2.7510535657559103,0.3126643634319831,,-0.09356199389890339,True,3.1000000000000023,1.9484111755034417
2.27,2.227333333333333,2.312666666666667,False,152.82122781686914,True,0.6159498854580678,0.20000000000000068,0.03518023101215845,-29.074026261200334,2.2656666666666667,-0.0043333333333333,148.88300294159833,True,0.9630180005791503,3.938224875270805,0.4519907628213554,,-0.332888393288278,True,2.999999999999999,1.7090847761140697
2.28,2.2373333333333334,2.3226666666666667,False,151.06592630451914,True,0.6159498854580678,0.0,0.031450595116048884,-30.047422646236996,2.2756666666666665,-0.0043333333333333,147.6875286565473,True,0.9486529714397944,3.3783976479718376,0.39156342945525047,,-0.4724610599221745,True,2.8000000000000003,1.5695121094801707
2.29,2.247333333333333,2.332666666666667,False,149.33078614961454,True,0.6860828109301792,-0.19999999999999973,0.028917523413613817,-30.776778082223473,2.2856666666666667,-0.0043333333333333,145.444497619972,True,0.9167319434487707,3.886288529642542,0.4565148607921521,,-0.7374124912590769,True,2.5999999999999974,1.3045606781432693
2.3,2.2573333333333334,2.3426666666666667,False,148.4707041104003,True,0.6860828109301792,-0.2999999999999981,0.026490001272157185,-31.53836041692376,2.2956666666666665,-0.0043333333333333,147.46294007983417,True,0.8669813327540872,1.0077640305661362,0.11791036142828365,,-0.49880799189520675,True,2.500000000000002,1.5431651775071376
2.31,2.267333333333333,2.3526666666666665,False,148.4707041104003,True,0.6159498854580678,-0.2999999999999981,0.024180025567964447,-32.33086488503844,2.3056666666666668,-0.0043333333333333,150.22500322602974,True,0.9489288798866469,1.7542991156294363,-0.20335995519306393,,-0.17753767527385875,True,2.500000000000002,1.8644354941284875
2.32,2.2773333333333334,2.3626666666666667,False,148.4707041104003,True,0.4849868077159113,-0.2999999999999981,0.019915413006384497,-34.01621365500628,2.3156666666666665,-0.0043333333333333,151.43296450102125,True,0.967603361421637,2.9622603906209406,-0.34201201090243144,pyin_probability_below_0.5,-0.03888561956449025,False,2.500000000000002,2.003087549837854
2.33,2.287333333333333,2.3726666666666665,False,151.06592630451914,True,0.5485250542599844,0.0,0.015885551349430718,-35.97995414508419,2.3256666666666668,-0.0043333333333333,151.59606456789263,True,0.9537732297623375,0.5301382633734875,-0.06064814073506705,,-0.020249489731858812,True,2.8000000000000003,2.021723679670486
2.34,2.2973333333333334,2.3826666666666667,False,151.9410423129619,True,0.8911444948731202,0.10000000000000017,0.011811530533937185,-38.553876460302995,2.3356666666666666,-0.0043333333333333,153.06822235447822,True,0.9491692230662561,1.1271800415163113,-0.1279581689486422,,0.14706053848171963,True,2.9,2.189033707884063
2.35,2.3073333333333332,2.3926666666666665,False,151.9410423129619,True,0.8266685594724994,0.10000000000000017,0.009741828748434737,-40.227190183159166,2.3456666666666663,-0.004333333333333744,,False,0.0,,,voicing_disagreement,,False,2.9,
2.36,2.3173333333333335,2.4026666666666667,False,151.9410423129619,True,0.6860828109301792,0.10000000000000017,0.007402766314106068,-42.61211919875628,2.3556666666666666,-0.0043333333333333,,False,0.0,,,voicing_disagreement,,False,2.9,
2.37,2.3273333333333333,2.4126666666666665,False,152.82122781686914,True,0.6159498854580678,0.20000000000000068,0.005726370567964771,-44.842411022149804,2.3656666666666664,-0.004333333333333744,,False,0.0,,,voicing_disagreement,,False,2.999999999999999,
2.38,2.3373333333333335,2.4226666666666667,False,151.06592630451914,True,0.27960516533635893,0.0,0.004374166251685072,-47.18209428962882,2.3756666666666666,-0.0043333333333333,,False,0.0,,,pyin_probability_below_0.5|voicing_disagreement,,False,2.8000000000000003,
2.39,2.3473333333333333,2.4326666666666665,False,151.06592630451914,True,0.09203757081218103,0.0,0.0035579247935728212,-48.97606472302682,2.3856666666666664,-0.004333333333333744,,False,0.0,,,pyin_probability_below_0.5|voicing_disagreement,,False,2.8000000000000003,
2.4,2.3573333333333335,2.4426666666666668,False,,False,0.010000005216229449,,0.01615009635446446,-35.83649764487752,2.3956666666666666,-0.0043333333333333,,False,0.0,,,,,False,,
2.41,2.3673333333333333,2.4526666666666666,False,172.52972650401387,True,0.01000123296498612,2.3000000000000034,0.022281696679621453,-33.04103484219083,2.4056666666666664,-0.004333333333333744,,False,0.0,,,pyin_probability_below_0.5|voicing_disagreement,,False,5.100000000000001,
2.42,2.3773333333333335,2.462666666666667,False,169.56576906952336,True,0.011422334250709074,2.0000000000000004,0.030535859704397053,-30.303796968007923,2.4156666666666666,-0.0043333333333333,,False,0.0,,,pyin_probability_below_0.5|voicing_disagreement,,False,4.799999999999999,
2.43,2.3873333333333333,2.4726666666666666,False,171.53602840047625,True,0.03489742801962526,2.200000000000003,0.03923738638306161,-28.125998576920956,2.4256666666666664,-0.004333333333333744,,False,0.0,,,pyin_probability_below_0.5|voicing_disagreement,,False,5.0,
2.44,2.3973333333333335,2.482666666666667,False,172.52972650401387,True,0.04069733156888105,2.3000000000000034,0.04697225132759337,-26.563172481359757,2.4356666666666666,-0.0043333333333333,,False,0.0,,,pyin_probability_below_0.5|voicing_disagreement,,False,5.100000000000001,
2.45,2.4073333333333333,2.4926666666666666,False,173.52918104210445,True,0.1279370863012904,2.4000000000000012,0.05518930485663777,-25.162901522147397,2.4456666666666664,-0.004333333333333744,166.3798578038116,True,0.7122751238531232,7.149323238292851,0.728370008458853,pyin_probability_below_0.5,1.590732361074221,False,5.1999999999999975,3.6327055304765676
2.46,2.417333333333333,2.502666666666667,False,175.5454930018647,True,0.1765306086328976,2.600000000000004,0.062445717242805,-24.089946835660076,2.4556666666666667,-0.0043333333333333,169.6721526584393,True,0.9534675842299744,5.8733403434254114,0.5891418449628225,pyin_probability_below_0.5,1.9299605245702534,False,5.400000000000002,3.9719336939726015
2.47,2.4273333333333333,2.5126666666666666,False,175.5454930018647,True,0.24075439447557426,2.600000000000004,0.06838297184044471,-23.301040584429693,2.4656666666666665,-0.004333333333333744,173.37385738615106,True,0.9608639980358848,2.1716356157136545,0.21550298440738372,pyin_probability_below_0.5,2.3035993851256924,False,5.400000000000002,4.345572554528039
2.48,2.437333333333333,2.522666666666667,False,176.56241769755178,True,0.42606232904328145,2.7,0.0720371294095842,-22.848872032101838,2.4756666666666667,-0.0043333333333333,173.21313496211303,True,0.9278874635606865,3.3492827354387487,0.33155945271297044,pyin_probability_below_0.5,2.287542916820107,False,5.5,4.329516086222452
2.49,2.4473333333333334,2.5326666666666666,False,176.56241769755178,True,0.6159498854580681,2.7,0.07268380689890303,-22.771246681796068,2.4856666666666665,-0.004333333333333744,174.51994814978218,True,0.9387387682610531,2.042469547769599,0.2014360766495975,,2.41766629288348,True,5.5,4.459639462285826
2.5,2.457333333333333,2.542666666666667,False,176.56241769755178,True,0.6860828109301793,2.7,0.07103673460575352,-22.97034020565227,2.4956666666666667,-0.0043333333333333,176.53949604077704,True,0.9603111160098646,0.02292165677474145,0.002247665684110335,,2.6168547038489667,True,5.5,4.65882787325131
2.51,2.4673333333333334,2.5526666666666666,False,176.56241769755178,True,0.6159498854580681,2.7,0.06769641630479158,-23.388686425484323,2.5056666666666665,-0.0043333333333333,177.86701169066424,True,0.9779072437482434,1.3045939931124622,-0.12744809284531236,,2.746550462378389,True,5.5,4.788523631780735
2.52,2.477333333333333,2.562666666666667,False,176.56241769755178,True,0.7571601330199094,2.7,0.0637108567020938,-23.91573110084215,2.5156666666666667,-0.0043333333333333,178.17974309674875,True,0.970523934380729,1.6173253991969716,-0.157860469331095,,2.776962838864172,True,5.5,4.818936008266517
2.53,2.4873333333333334,2.5726666666666667,False,177.5852333780714,True,0.8266685594724996,2.8000000000000003,0.05724587058815002,-24.845116710926852,2.5256666666666665,-0.0043333333333333,177.35982540062895,True,0.9416317020587229,0.225407977442444,0.02198841811075835,,2.697113951422317,True,5.6,4.7390871208246645
2.54,2.497333333333333,2.582666666666667,False,178.6139741695516,True,0.7571601330199093,2.9000000000000035,0.049739261863380346,-26.066013280010615,2.5356666666666667,-0.0043333333333333,179.9103473919665,True,0.8631737328317352,1.2963732224148998,-0.12519849333172134,,2.9443008628647984,True,5.700000000000003,4.986274032267145
2.55,2.5073333333333334,2.5926666666666667,False,177.5852333780714,True,0.6860828109301793,2.8000000000000003,0.04101585163783109,-27.740965329818042,2.5456666666666665,-0.0043333333333333,178.17777243759667,True,0.8603638065025461,0.5925390595252793,-0.057668994642083506,,2.7767713641751577,True,5.6,4.818744533577505
2.56,2.517333333333333,2.6026666666666665,False,177.5852333780714,True,0.4849868077159112,2.8000000000000003,0.03173973468529648,-29.967934157290262,2.5556666666666668,-0.0043333333333333,176.14605255515062,True,0.9313308840340199,1.4391808229207754,0.14087374741436537,pyin_probability_below_0.5,2.578228622118711,False,5.6,4.620201791521056
2.57,2.5273333333333334,2.6126666666666667,False,179.64867439581087,True,0.20650679911775227,2.999999999999999,0.02208110249491007,-33.1195849272786,2.5656666666666665,-0.0043333333333333,179.60421746407778,True,0.9058510600374955,0.04445693173309451,0.004284745151406365,pyin_probability_below_0.5,2.914817624381671,False,5.799999999999998,4.956790793784014
2.58,2.537333333333333,2.6226666666666665,False,177.5852333780714,True,0.4849868077159113,2.8000000000000003,0.016779512445374435,-35.50441324840588,2.5756666666666668,-0.0043333333333333,178.56346050386483,True,0.916533832717675,0.9782271257934383,-0.09510321929250505,pyin_probability_below_0.5,2.8142055888255793,False,5.6,4.856178758227924
2.59,2.5473333333333334,2.6326666666666667,False,177.5852333780714,True,0.2796051653363588,2.8000000000000003,0.014446287394989153,-36.804874990377925,2.5856666666666666,-0.0043333333333333,175.53417182813632,True,0.9156291785043313,2.0510615499350706,0.20111653299260238,pyin_probability_below_0.5,2.5179858365404737,False,5.6,4.559959005942818
2.6,2.5573333333333332,2.6426666666666665,False,177.5852333780714,True,0.010622609040911533,2.8000000000000003,0.01452645635158007,-36.75680633021711,2.5956666666666663,-0.004333333333333744,,False,0.0,,,pyin_probability_below_0.5|voicing_disagreement,,False,5.6,
2.61,2.5673333333333335,2.6526666666666667,False,177.5852333780714,True,0.010191075496968311,2.8000000000000003,0.014216647656877747,-36.94405599865106,2.6056666666666666,-0.0043333333333333,,False,0.0,,,pyin_probability_below_0.5|voicing_disagreement,,False,5.6,
2.62,2.5773333333333333,2.6626666666666665,False,177.5852333780714,True,0.010000016226422834,2.8000000000000003,0.016431090536556968,-35.686672226987504,2.6156666666666664,-0.004333333333333744,,False,0.0,,,pyin_probability_below_0.5|voicing_disagreement,,False,5.6,
2.63,2.5873333333333335,2.6726666666666667,False,177.5852333780714,True,0.010000000101429396,2.8000000000000003,0.01579324745824926,-36.030571195670404,2.6256666666666666,-0.0043333333333333,,False,0.0,,,pyin_probability_below_0.5|voicing_disagreement,,False,5.6,
2.64,2.5973333333333333,2.6826666666666665,False,177.5852333780714,True,0.010000000021701592,2.8000000000000003,0.015722386056827176,-36.06963088008246,2.6356666666666664,-0.004333333333333744,,False,0.0,,,pyin_probability_below_0.5|voicing_disagreement,,False,5.6,
2.65,2.6073333333333335,2.6926666666666668,False,177.5852333780714,True,0.01,2.8000000000000003,0.02403891257039495,-32.381703641338135,2.6456666666666666,-0.0043333333333333,,False,0.0,,,pyin_probability_below_0.5|voicing_disagreement,,False,5.6,
2.66,2.6173333333333333,2.7026666666666666,False,188.14500086724917,True,0.010052967545965855,3.800000000000004,0.048615243401844206,-26.264550710506622,2.6556666666666664,-0.004333333333333744,,False,0.0,,,pyin_probability_below_0.5|voicing_disagreement,,False,6.600000000000003,
2.67,2.6273333333333335,2.712666666666667,False,185.98397121658357,True,0.013980210380185928,3.6000000000000005,0.06594631309138474,-23.616189597144096,2.6656666666666666,-0.0043333333333333,,False,0.0,,,pyin_probability_below_0.5|voicing_disagreement,,False,6.399999999999999,
2.68,2.6373333333333333,2.7226666666666666,False,178.6139741695516,True,0.06608151270920701,2.9000000000000035,0.07819956916267749,-22.13591279322432,2.6756666666666664,-0.004333333333333744,,False,0.0,,,pyin_probability_below_0.5|voicing_disagreement,,False,5.700000000000003,
2.69,2.6473333333333335,2.732666666666667,False,177.5852333780714,True,0.10857977072874497,2.8000000000000003,0.08919233537553456,-20.99344929075803,2.6856666666666666,-0.0043333333333333,193.4117194679115,True,0.6128364241814515,15.826486089840103,-1.477963103570927,pyin_probability_below_0.5|pitch_difference_over_1_semitone,4.1970654731040025,False,5.6,6.239038642506348
2.7,2.6573333333333333,2.7426666666666666,False,176.56241769755178,True,0.17653060863289757,2.7,0.09742998324074803,-20.22614744309199,2.6956666666666664,-0.004333333333333744,185.62537386019997,True,0.7950845292973151,9.062956162648192,-0.8665877000026022,pyin_probability_below_0.5,3.4856900695356785,False,5.5,5.527663238938024
2.71,2.667333333333333,2.752666666666667,False,175.5454930018647,True,0.17653060863289757,2.600000000000004,0.10271829725169164,-19.767043769212307,2.7056666666666667,-0.0043333333333333,178.11992183483244,True,0.9300521790831374,2.574428832967726,-0.2520471264260036,pyin_probability_below_0.5,2.7711494959590826,False,5.400000000000002,4.813122665361427
2.72,2.6773333333333333,2.7626666666666666,False,175.5454930018647,True,0.24075439447557428,2.600000000000004,0.10856820229717778,-19.28594706565508,2.7156666666666665,-0.004333333333333744,176.36382975670273,True,0.9675133644393643,0.8183367548380147,-0.08051704889071114,pyin_probability_below_0.5,2.5996194184237904,False,5.400000000000002,4.641592587826135
2.73,2.687333333333333,2.772666666666667,False,175.5454930018647,True,0.37213589829750865,2.600000000000004,0.1127215157585937,-18.95986359861858,2.7256666666666667,-0.0043333333333333,174.58651231768454,True,0.9722335410375329,0.958980684180176,0.09483418477039673,pyin_probability_below_0.5,2.4242681847626812,False,5.400000000000002,4.466241354165026
2.74,2.6973333333333334,2.7826666666666666,False,174.53442536143424,True,0.6860828109301793,2.500000000000002,0.10988747254136275,-19.181036309176832,2.7356666666666665,-0.004333333333333744,172.98220143226126,True,0.9767527797823012,1.5522239291729818,0.15465624271680167,,2.2644461268162726,True,5.299999999999999,4.30641929621862
2.75,2.707333333333333,2.792666666666667,False,173.52918104210445,True,0.8266685594724995,2.4000000000000012,0.10146402994443197,-19.873757847691063,2.7456666666666667,-0.0043333333333333,172.89184729350248,True,0.9890369952874584,0.637333748601975,0.063701394593786,,2.255400974939287,True,5.1999999999999975,4.297374144341634
2.76,2.7173333333333334,2.8026666666666666,False,173.52918104210445,True,0.8266685594724995,2.4000000000000012,0.09089412591969813,-20.8292836475721,2.7556666666666665,-0.0043333333333333,173.47106969696776,True,0.9830399839329158,0.05811134513669458,0.005798516863541822,,2.313303852669533,True,5.1999999999999975,4.355277022071877
2.77,2.727333333333333,2.812666666666667,False,172.52972650401387,True,0.8911444948731203,2.3000000000000034,0.08123953674694817,-21.80465123484185,2.7656666666666667,-0.0043333333333333,173.549133888824,True,0.9749737713358247,1.0194073848101368,-0.10199050451547571,,2.321092874048554,True,5.100000000000001,4.3630660434509
2.78,2.7373333333333334,2.8226666666666667,False,173.52918104210445,True,0.8266685594724995,2.4000000000000012,0.06881498050219738,-23.24634017678948,2.7756666666666665,-0.0043333333333333,173.1705983670178,True,0.9250563543385172,0.35858267508666586,0.03581143079650385,,2.2832909387365707,True,5.1999999999999975,4.325264108138915
2.79,2.747333333333333,2.832666666666667,False,173.52918104210445,True,0.6860828109301793,2.4000000000000012,0.060184194633043274,-24.41035093394619,2.7856666666666667,-0.0043333333333333,172.6557188112197,True,0.7177791899031332,0.8734622308847406,0.08736202903094571,,2.231740340502129,True,5.1999999999999975,4.273713509904474
2.8,2.7573333333333334,2.8426666666666667,False,173.52918104210445,True,0.5485250542599845,2.4000000000000012,0.04817134874035673,-26.344223875748185,2.7956666666666665,-0.0043333333333333,172.81067202490405,True,0.6815151383614722,0.7185090172004038,0.07183170222357739,,2.2472706673094986,True,5.1999999999999975,4.2892438367118455
2.81,2.767333333333333,2.8526666666666665,False,173.52918104210445,True,0.20650679911775227,2.4000000000000012,0.03434829739729828,-29.281895710245394,2.8056666666666668,-0.0043333333333333,172.21970147797364,True,0.8558403062493335,1.309479564130811,0.13113716701248718,pyin_probability_below_0.5,2.1879652025205907,False,5.1999999999999975,4.229938371922936
2.82,2.7773333333333334,2.8626666666666667,False,172.52972650401387,True,0.03010686179419501,2.3000000000000034,0.023409819031844584,-32.6120388715396,2.8156666666666665,-0.0043333333333333,172.8989334562051,True,0.9047286521322686,0.36920695219123445,-0.03700815620008053,pyin_probability_below_0.5,2.2561105257331593,False,5.100000000000001,4.298083695135507
2.83,2.787333333333333,2.8726666666666665,False,172.52972650401387,True,0.12793708630129036,2.3000000000000034,0.01879546034837862,-34.518940656984526,2.8256666666666668,-0.0043333333333333,173.1367721845559,True,0.9221103996949312,0.6070456805420292,-0.060806542484226206,pyin_probability_below_0.5,2.279908912017306,False,5.100000000000001,4.321882081419649
2.84,2.7973333333333334,2.8826666666666667,False,174.53442536143424,True,0.040697331568881064,2.500000000000002,0.01763612635537189,-35.07193596597283,2.8356666666666666,-0.0043333333333333,173.49379592735036,True,0.9132854453110567,1.0406294340838826,0.10353059709416076,pyin_probability_below_0.5,2.3155717724389167,False,5.299999999999999,4.357544941841262
2.85,2.8073333333333332,2.8926666666666665,False,175.5454930018647,True,0.01014004604470407,2.600000000000004,0.01684132221459261,-35.47247629953093,2.8456666666666663,-0.004333333333333744,174.22477794373083,True,0.883229473781725,1.3207150581338851,0.13074168586880885,pyin_probability_below_0.5,2.3883606836642706,False,5.400000000000002,4.430333853066616
2.86,2.8173333333333335,2.9026666666666667,False,174.53442536143424,True,0.010000328604501663,2.500000000000002,0.017662937707579516,-35.05874125402854,2.8556666666666666,-0.0043333333333333,,False,0.0,,,pyin_probability_below_0.5|voicing_disagreement,,False,5.299999999999999,
2.87,2.8273333333333333,2.9126666666666665,False,175.5454930018647,True,0.010000000101429396,2.600000000000004,0.019021108778508423,-34.41528341531939,2.8656666666666664,-0.004333333333333744,,False,0.0,,,pyin_probability_below_0.5|voicing_disagreement,,False,5.400000000000002,
2.88,2.8373333333333335,2.9226666666666667,False,175.5454930018647,True,0.010000000000006923,2.600000000000004,0.019915257135589812,-34.01628163661521,2.8756666666666666,-0.0043333333333333,,False,0.0,,,pyin_probability_below_0.5|voicing_disagreement,,False,5.400000000000002,
2.89,2.8473333333333333,2.9326666666666665,False,167.61814009714527,True,0.010000000000000439,1.7999999999999972,0.02126761946417886,-33.44562238006465,2.8856666666666664,-0.004333333333333744,,False,0.0,,,pyin_probability_below_0.5|voicing_disagreement,,False,4.599999999999999,
2.9,2.8573333333333335,2.9426666666666668,False,167.61814009714527,True,0.01000000000000011,1.7999999999999972,0.02225525528843027,-33.05134839184336,2.8956666666666666,-0.0043333333333333,,False,0.0,,,pyin_probability_below_0.5|voicing_disagreement,,False,4.599999999999999,
2.91,2.8673333333333333,2.9526666666666666,False,,False,0.010000000000000108,,0.022674849152252506,-32.88911186931523,2.9056666666666664,-0.004333333333333744,,False,0.0,,,,,False,,
2.92,2.8773333333333335,2.962666666666667,False,,False,0.01000000000002385,,0.022458372511417687,-32.97243437816101,2.9156666666666666,-0.0043333333333333,,False,0.0,,,,,False,,
2.93,2.8873333333333333,2.9726666666666666,False,,False,0.0100000000000754,,0.021210912302641143,-33.46881303279738,2.9256666666666664,-0.004333333333333744,,False,0.0,,,,,False,,
2.94,2.8973333333333335,2.982666666666667,False,167.61814009714527,True,0.010000000000221913,1.7999999999999972,0.022411077807216604,-32.99074513215392,2.9356666666666666,-0.0043333333333333,,False,0.0,,,pyin_probability_below_0.5|voicing_disagreement,,False,4.599999999999999,
2.95,2.9073333333333333,2.9926666666666666,False,151.9410423129619,True,0.010000802780927253,0.10000000000000017,0.02681068108673434,-31.433843065024764,2.9456666666666664,-0.004333333333333744,,False,0.0,,,pyin_probability_below_0.5|voicing_disagreement,,False,2.9,
2.96,2.917333333333333,3.002666666666667,False,149.33078614961454,True,0.01108579188894337,-0.19999999999999973,0.031642905253109685,-29.994472982962584,2.9556666666666667,-0.0043333333333333,,False,0.0,,,pyin_probability_below_0.5|voicing_disagreement,,False,2.5999999999999974,
2.97,2.9273333333333333,3.0126666666666666,False,149.33078614961454,True,0.04069733156888105,-0.19999999999999973,0.038012321939558155,-28.40151202401888,2.9656666666666665,-0.004333333333333744,,False,0.0,,,pyin_probability_below_0.5|voicing_disagreement,,False,2.5999999999999974,
2.98,2.937333333333333,3.022666666666667,False,149.33078614961454,True,0.17653060863289757,-0.19999999999999973,0.04371165826118545,-27.188054352924024,2.9756666666666667,-0.0043333333333333,153.5777634759488,True,0.7117973221043304,4.2469773263342745,-0.48549264137246295,pyin_probability_below_0.5,0.20459501090554055,False,2.5999999999999974,2.2465681803078867
2.99,2.9473333333333334,3.0326666666666666,False,149.33078614961454,True,0.32333605839064083,-0.19999999999999973,0.05017366969596196,-25.990482671323562,2.9856666666666665,-0.004333333333333744,149.247181395674,True,0.9033971991734253,0.08360475394053424,0.009695249897936829,pyin_probability_below_0.5,-0.29059288036486103,False,2.5999999999999974,1.7513802890374834
3.0,2.957333333333333,3.042666666666667,False,148.4707041104003,True,0.42606232904328145,-0.2999999999999981,0.055557021458917055,-25.105220916943054,2.9956666666666667,-0.0043333333333333,148.69184970011275,True,0.9872492375865242,0.22114558971244946,-0.02576736809394879,pyin_probability_below_0.5,-0.35513026237297357,False,2.500000000000002,1.6868429070293736
3.01,2.9673333333333334,3.0526666666666666,False,148.4707041104003,True,0.5485250542599845,-0.2999999999999981,0.061690602231260605,-24.195619801981593,3.0056666666666665,-0.0043333333333333,148.56564129016957,True,0.9903732110175483,0.09493717976926064,-0.011066557091784219,,-0.36983107337513876,True,2.500000000000002,1.672142096027208
3.02,2.977333333333333,3.062666666666667,False,148.4707041104003,True,0.7571601330199094,-0.2999999999999981,0.06550655175674594,-23.674305221690055,3.0156666666666667,-0.0043333333333333,148.30020206823875,True,0.9905980183973135,0.17050204216155862,0.019892716378686823,,-0.4007903468456093,True,2.500000000000002,1.6411828225567386
3.03,2.9873333333333334,3.0726666666666667,False,148.4707041104003,True,0.8266685594724995,-0.2999999999999981,0.06858755849833083,-23.275093127718577,3.0256666666666665,-0.0043333333333333,147.7724444423541,True,0.9954839696675822,0.6982596680462052,0.08161222677979273,,-0.46250985724671534,True,2.500000000000002,1.5794633121556294
3.04,2.997333333333333,3.082666666666667,False,148.4707041104003,True,0.8266685594724996,-0.2999999999999981,0.06881024645378123,-23.246937733255102,3.0356666666666667,-0.0043333333333333,147.6518423759144,True,0.9916007690974771,0.8188617344858926,0.09574717943757761,,-0.47664480990450264,True,2.500000000000002,1.5653283594978444
3.05,3.0073333333333334,3.0926666666666667,False,148.4707041104003,True,0.8911444948731203,-0.2999999999999981,0.06957088977767012,-23.151448843854293,3.0456666666666665,-0.0043333333333333,147.67571562690247,True,0.9929642785693653,0.794988483497832,0.09294824083923188,,-0.4738458713061563,True,2.500000000000002,1.5681272980961904
3.06,3.017333333333333,3.1026666666666665,False,148.4707041104003,True,0.8911444948731203,-0.2999999999999981,0.06718185043696301,-23.454960765024182,3.0556666666666668,-0.0043333333333333,148.10961999242318,True,0.995939710655479,0.36108411797712847,0.04215528662462876,,-0.42305291709155346,True,2.500000000000002,1.618920252310794
3.07,3.0273333333333334,3.1126666666666667,False,149.33078614961454,True,0.8911444948731203,-0.19999999999999973,0.06667190493431771,-23.521142722704347,3.0656666666666665,-0.0043333333333333,148.74495951720806,True,0.9965739545239103,0.58582663240648,0.06805010695803147,,-0.34894773742495344,True,2.5999999999999974,1.6930254319773912
3.08,3.037333333333333,3.1226666666666665,False,149.33078614961454,True,0.8911444948731204,-0.19999999999999973,0.06296663527799952,-24.01779026584382,3.0756666666666668,-0.0043333333333333,149.32237485670163,True,0.9946611775281041,0.00841129291291054,0.0009751724470153913,,-0.2818728029139398,True,2.5999999999999974,1.760100366488408
3.09,3.0473333333333334,3.1326666666666667,False,150.19585059339548,True,0.8911444948731203,-0.10000000000000067,0.061160996488419044,-24.270508945934665,3.0856666666666666,-0.0043333333333333,150.22015722829428,True,0.99746061983457,0.02430663489880658,-0.0028014801442846253,,-0.1780961503226407,True,2.6999999999999966,1.8638770190797032
3.1,3.0573333333333332,3.1426666666666665,False,150.19585059339548,True,0.8911444948731202,-0.10000000000000067,0.05675871508281146,-24.91934889528531,3.095666666666667,-0.0043333333333333,151.55462858739847,True,0.9946947578607903,1.3587779940029918,-0.1559154858307981,,-0.0249821446361271,True,2.6999999999999966,2.0169910247662184
3.11,3.0673333333333335,3.1526666666666667,False,151.06592630451914,True,0.9459302094659091,0.0,0.054090777878793614,-25.33753545859133,3.1056666666666666,-0.0043333333333333,152.14515369738953,True,0.9925246286418857,1.0792273928703935,-0.12324108336574863,,0.04234345289882581,True,2.8000000000000003,2.0843166223011713
3.12,3.0773333333333333,3.1626666666666665,False,151.06592630451914,True,0.9459302094659091,0.0,0.049966957123691626,-26.026341946360336,3.1156666666666664,-0.004333333333333744,151.45529998897058,True,0.9904740047404061,0.38937368445144216,-0.044565292877594594,,-0.03633233758933112,True,2.8000000000000003,2.005640831813017
3.13,3.0873333333333335,3.1726666666666667,False,151.06592630451914,True,0.945930209465909,0.0,0.046815850232516075,-26.5921416978762,3.1256666666666666,-0.0043333333333333,150.26824524985312,True,0.9875380162635291,0.7976810546660147,0.09165743272562987,,-0.17255506319255234,True,2.8000000000000003,1.8694181062097928
3.14,3.0973333333333333,3.1826666666666665,False,151.06592630451914,True,0.945930209465909,0.0,0.042419643919366735,-27.448659627517472,3.1356666666666664,-0.004333333333333744,149.63899649056742,True,0.9898013240414741,1.4269298139517161,0.16430512670236033,,-0.24520275716928328,True,2.8000000000000003,1.796770412233061
3.15,3.1073333333333335,3.1926666666666668,False,150.19585059339548,True,0.9848789761259923,-0.10000000000000067,0.03906765280764547,-28.163653609806325,3.1456666666666666,-0.0043333333333333,149.73645603132397,True,0.9942517493350769,0.45939456207150897,0.053033308662286796,,-0.2339309391292124,True,2.6999999999999966,1.8080422302731343
3.16,3.1173333333333333,3.2026666666666666,False,149.33078614961454,True,0.9848789761259923,-0.19999999999999973,0.03395287695939359,-29.38246840725573,3.1556666666666664,-0.004333333333333744,149.0933644554787,True,0.9867376342932824,0.2374216941358327,0.02754687291651201,,-0.30844450338343393,True,2.5999999999999974,1.7335286660189126
3.17,3.1273333333333335,3.212666666666667,False,149.33078614961454,True,0.9459302094659091,-0.19999999999999973,0.030895953729913966,-30.201967879358143,3.1656666666666666,-0.0043333333333333,148.33005400221833,True,0.9861113924024567,1.0007321473962065,0.11640819761144436,,-0.39730582807836934,True,2.5999999999999974,1.644667341323975
3.18,3.1373333333333333,3.2226666666666666,False,149.33078614961454,True,0.9848789761259922,-0.19999999999999973,0.02601176570734784,-31.696603328300643,3.1756666666666664,-0.004333333333333744,150.1221310775037,True,0.9868555859472339,0.7913449278891562,-0.09150062624649277,,-0.1893970042204316,True,2.5999999999999974,1.8525761651819153
3.19,3.1473333333333335,3.232666666666667,False,149.33078614961454,True,0.945930209465909,-0.19999999999999973,0.02279431946138366,-32.84346738801882,3.1856666666666666,-0.0043333333333333,150.9648929301213,True,0.992480528481539,1.6341067805067553,-0.18841757772818807,,-0.09248005273873725,True,2.5999999999999974,1.9494931166636085
3.2,3.1573333333333333,3.2426666666666666,False,149.33078614961454,True,0.945930209465909,-0.19999999999999973,0.01831333600472982,-34.74465072567726,3.1956666666666664,-0.004333333333333744,150.43211674024448,True,0.993983162255763,1.1013305906299422,-0.12721184498620577,,-0.1536857854807188,True,2.5999999999999974,1.8882873839216259
3.21,3.167333333333333,3.252666666666667,False,151.06592630451914,True,0.945930209465909,0.0,0.015301141761237943,-36.30552322403439,3.2056666666666667,-0.0043333333333333,150.38971012591392,True,0.9803517732394345,0.6762161786052161,0.07766916886081944,,-0.15856679932774262,True,2.8000000000000003,1.8834063700746042
3.22,3.1773333333333333,3.2626666666666666,False,150.19585059339548,True,0.20650679911775227,-0.10000000000000067,0.013363232914003624,-37.48176924011062,3.2156666666666665,-0.004333333333333744,150.17602805247557,True,0.9664552866650138,0.019822540919903986,0.0022849980486900567,pyin_probability_below_0.5,-0.1831826285156155,False,2.6999999999999966,1.8587905408867285
3.23,3.187333333333333,3.272666666666667,False,147.61557577921405,True,0.010824463728234167,-0.3999999999999989,0.016724140892231294,-35.53312364799949,3.2256666666666667,-0.0043333333333333,,False,0.0,,,pyin_probability_below_0.5|voicing_disagreement,,False,2.399999999999998,
3.24,3.1973333333333334,3.2826666666666666,False,143.41324688128702,True,0.01818737573491218,-0.9000000000000006,0.021537142520167737,-33.33623836063523,3.2356666666666665,-0.004333333333333744,,False,0.0,,,pyin_probability_below_0.5|voicing_disagreement,,False,1.8999999999999972,
3.25,3.207333333333333,3.292666666666667,False,142.58724736030138,True,0.04768699308253103,-0.9999999999999994,0.026344182527811035,-31.586305464821763,3.2456666666666667,-0.0043333333333333,,False,0.0,,,pyin_probability_below_0.5|voicing_disagreement,,False,1.800000000000001,
3.26,3.2173333333333334,3.3026666666666666,False,143.41324688128702,True,0.1504646013433388,-0.9000000000000006,0.031967427774274665,-29.905846147497613,3.2556666666666665,-0.0043333333333333,146.88529634334168,True,0.5766378110707682,3.472049462054656,-0.4141403414544835,pyin_probability_below_0.5,-0.5667572890124406,False,1.8999999999999972,1.4752158803899051
3.27,3.227333333333333,3.312666666666667,False,145.07962854192903,True,0.12793708630129036,-0.6999999999999982,0.03711745533492824,-28.60843610805084,3.2656666666666667,-0.0043333333333333,141.05670527915288,True,0.7340846390098564,4.022923262776146,0.48683650805052836,pyin_probability_below_0.5,-1.2677341385174505,False,2.0999999999999988,0.7742390308848938
3.28,3.2373333333333334,3.3226666666666667,False,142.58724736030138,True,0.17653060863289757,-0.9999999999999994,0.045588591596284735,-26.822876491740534,3.2756666666666665,-0.0043333333333333,142.13547084439213,True,0.9282008141829755,0.45177651590924484,0.05493987611753891,pyin_probability_below_0.5,-1.135837506584462,False,1.800000000000001,0.9061356628178849
3.29,3.247333333333333,3.332666666666667,False,142.58724736030138,True,0.3233360583906409,-0.9999999999999994,0.04963299242449059,-26.084590798988824,3.2856666666666667,-0.0043333333333333,143.32260481912078,True,0.9787433620831648,0.7353574588194078,-0.0890545511768857,pyin_probability_below_0.5,-0.9918430792900363,False,1.800000000000001,1.050130090112309
3.3,3.2573333333333334,3.3426666666666667,False,143.41324688128702,True,0.42606232904328145,-0.9000000000000006,0.05582368476193961,-25.063630007266045,3.2956666666666665,-0.0043333333333333,145.20028145171887,True,0.976647812370059,1.7870345704318424,-0.21439151869520212,pyin_probability_below_0.5,-0.7665061117717233,False,1.8999999999999972,1.2754670576306215
3.31,3.267333333333333,3.3526666666666665,False,143.41324688128702,True,0.5485250542599847,-0.9000000000000006,0.058802282701641326,-24.61211628613572,3.3056666666666668,-0.0043333333333333,143.00975632788197,True,0.9302972360078147,0.40349055340504947,0.04877660235297848,,-1.029674232819902,True,1.8999999999999972,1.0122989365824424
3.32,3.2773333333333334,3.3626666666666667,False,143.41324688128702,True,0.6159498854580681,-0.9000000000000006,0.06250291118108482,-24.08199508337872,3.3156666666666665,-0.0043333333333333,141.99987557725763,True,0.9533695111263429,1.413371304029397,0.1714634916502277,,-1.1523611221171528,True,1.8999999999999972,0.8896120472851932
3.33,3.287333333333333,3.3726666666666665,False,143.41324688128702,True,0.615949885458068,-0.9000000000000006,0.06436854373440903,-23.826526323639197,3.3256666666666668,-0.0043333333333333,143.08479095020712,True,0.9791570932763853,0.3284559310799011,0.03969551379378872,,-1.0205931442607135,True,1.8999999999999972,1.0213800251416352
3.34,3.2973333333333334,3.3826666666666667,False,144.24403136881983,True,0.615949885458068,-0.8000000000000008,0.06703149297231427,-23.47442215175938,3.3356666666666666,-0.0043333333333333,143.66727537607917,True,0.9953346695657159,0.576755992740658,0.06936170444853243,,-0.9502593349154558,True,1.9999999999999973,1.091713834486891
3.35,3.3073333333333332,3.3926666666666665,False,144.24403136881983,True,0.6860828109301792,-0.8000000000000008,0.06836217740028461,-23.303682260784736,3.345666666666667,-0.0043333333333333,143.90782703506895,True,0.9908261932359538,0.3362043337508851,0.040398743730322234,,-0.9212963741972486,True,1.9999999999999973,1.1206767952050973
3.36,3.3173333333333335,3.4026666666666667,False,145.07962854192903,True,0.6860828109301792,-0.6999999999999982,0.06840071655409533,-23.29878697324108,3.3556666666666666,-0.0043333333333333,144.28273916949587,True,0.989950134527264,0.7968893724331565,0.09535486687964259,,-0.8762524973465682,True,2.0999999999999988,1.1657206720557771
3.37,3.3273333333333333,3.4126666666666665,False,145.9200662802185,True,0.7571601330199093,-0.5999999999999971,0.06788251127510216,-23.364841991570003,3.3656666666666664,-0.004333333333333744,144.7600574370865,True,0.9890486136660555,1.1600088431320046,0.13817645607262743,,-0.81907408653955,True,2.1999999999999993,1.2228990828627957
3.38,3.3373333333333335,3.4226666666666667,False,147.61557577921405,True,0.6860828109301793,-0.3999999999999989,0.06680780724482742,-23.50345564712913,3.3756666666666666,-0.0043333333333333,146.2172330658946,True,0.9830237869494962,1.3983427133194652,0.16477920236752827,,-0.645676832834453,True,2.399999999999998,1.3962963365678949
3.39,3.3473333333333333,3.4326666666666665,False,148.4707041104003,True,0.6159498854580681,-0.2999999999999981,0.0674011811203576,-23.426649858741882,3.3856666666666664,-0.004333333333333744,147.9026080854917,True,0.9897701331094023,0.5680960249086127,0.06636956470323971,,-0.4472671951701633,True,2.500000000000002,1.5947059742321823
3.4,3.3573333333333335,3.4426666666666668,False,150.19585059339548,True,0.48498680771591135,-0.10000000000000067,0.0670639605753792,-23.47021604312431,3.3956666666666666,-0.0043333333333333,149.12681684328686,True,0.9921268959502789,1.0690337501086162,0.12366290283864677,pyin_probability_below_0.5,-0.3045605333055721,False,2.6999999999999966,1.7374126360967743
3.41,3.3673333333333333,3.4526666666666666,False,151.9410423129619,True,0.3721358982975087,0.10000000000000017,0.06763421085009999,-23.396671458344194,3.4056666666666664,-0.004333333333333744,150.53274703908897,True,0.991348972019046,1.4082952738729375,0.16121108225973138,pyin_probability_below_0.5,-0.14210871272665504,False,2.9,1.899864456675692
3.42,3.3773333333333335,3.462666666666667,False,154.59692495035372,True,0.3721358982975087,0.4000000000000011,0.06745602780055235,-23.419584723088192,3.4156666666666666,-0.0043333333333333,151.96409357809,True,0.994225375494545,2.6328313722637233,0.29737371104154925,pyin_probability_below_0.5,0.021728658491525752,False,3.2,2.0637018278938712
3.43,3.3873333333333333,3.4726666666666666,False,156.39325469067515,True,0.3233360583906409,0.6000000000000013,0.06811118634793405,-23.335631103825346,3.4256666666666664,-0.004333333333333744,153.00087708806896,True,0.9850377739096724,3.3923776026061887,0.3796603995605661,pyin_probability_below_0.5,0.13944196997251113,False,3.3999999999999977,2.181415139374855
3.44,3.3973333333333335,3.482666666666667,False,158.21045677717683,True,0.2796051653363589,0.8000000000000038,0.06771982508782581,-23.385683445842723,3.4356666666666666,-0.0043333333333333,155.17080078684265,True,0.9714876426237702,3.0396559903341824,0.33585422610918597,pyin_probability_below_0.5,0.38324814342389046,False,3.6000000000000005,2.425221312826236
3.45,3.4073333333333333,3.4926666666666666,False,160.97592684906726,True,0.2065067991177523,1.1000000000000019,0.07107743289374928,-22.965365320264375,3.4456666666666664,-0.004333333333333744,157.31835144480257,True,0.9636815190915736,3.6575754042646906,0.3978957991706291,pyin_probability_below_0.5,0.6212065703624506,False,3.9000000000000035,2.6631797397647965
3.46,3.417333333333333,3.502666666666667,False,161.90845090664698,True,0.15046460134333883,1.1999999999999993,0.07296539923328907,-22.737660738531016,3.4556666666666667,-0.0043333333333333,159.39886364233914,True,0.9533964759190198,2.5095872643078394,0.2704433466829883,pyin_probability_below_0.5,0.8486590228500874,False,4.0,2.890632192252434
3.47,3.4273333333333333,3.5126666666666666,False,163.7897364863335,True,0.12793708630129036,1.4000000000000004,0.0810380021822479,-21.826225482254735,3.4656666666666665,-0.004333333333333744,161.2778391917959,True,0.9661486146652167,2.5118972945376186,0.26756090165133595,pyin_probability_below_0.5,1.0515414678817427,False,4.200000000000001,3.0935146372840867
3.48,3.437333333333333,3.522666666666667,False,164.73856077731807,True,0.2796051653363589,1.5000000000000004,0.08292557450288533,-21.62623022069329,3.4756666666666667,-0.0043333333333333,162.8077106475174,True,0.969652398371108,1.9308501298006604,0.20411114402753538,pyin_probability_below_0.5,1.2149912255055413,False,4.299999999999999,3.2569643949078864
3.49,3.4473333333333334,3.5326666666666666,False,164.73856077731807,True,0.3721358982975087,1.5000000000000004,0.08351321923646006,-21.564895499416984,3.4856666666666665,-0.004333333333333744,164.51128944416035,True,0.9497209283421556,0.22727133315771653,0.023900386443045273,pyin_probability_below_0.5,1.3952019830900297,False,4.299999999999999,3.4371751524923737
3.5,3.457333333333333,3.542666666666667,False,164.73856077731807,True,0.4260623290432814,1.5000000000000004,0.0816712067562685,-21.758620546435786,3.4956666666666667,-0.0043333333333333,165.66811037481065,True,0.9451953540785045,0.9295495974925814,-0.09741160211057692,pyin_probability_below_0.5,1.5165139716436522,False,4.299999999999999,3.5584871410459966
3.51,3.4673333333333334,3.5526666666666666,False,164.73856077731807,True,0.3233360583906408,1.5000000000000004,0.07849130082238841,-22.103569467434795,3.5056666666666665,-0.0043333333333333,166.11612883045927,True,0.9192557649600283,1.3775680531412036,-0.1441664014530981,pyin_probability_below_0.5,1.5632687709861735,False,4.299999999999999,3.6052419403885194
3.52,3.477333333333333,3.562666666666667,False,164.73856077731807,True,0.32333605839064083,1.5000000000000004,0.07574297460863808,-22.41315286184548,3.5156666666666667,-0.0043333333333333,165.16486487750365,True,0.9050738702029142,0.4263041001855754,-0.04474234135781458,pyin_probability_below_0.5,1.4638447108908879,False,4.299999999999999,3.505817880293235
3.53,3.4873333333333334,3.5726666666666667,False,164.73856077731807,True,0.2407543944755743,1.5000000000000004,0.07113978520629806,-22.9577490084364,3.5256666666666665,-0.0043333333333333,163.04175451009377,True,0.9099768351174673,1.6968062672243036,0.17924169866270712,pyin_probability_below_0.5,1.2398606708703666,False,4.299999999999999,3.2818338402727116
3.54,3.497333333333333,3.582666666666667,False,164.73856077731807,True,0.20650679911775227,1.5000000000000004,0.06607229238973866,-23.599612500145767,3.5356666666666667,-0.0043333333333333,160.4525622771246,True,0.8218516057316886,4.285998500193472,0.4563775395393983,pyin_probability_below_0.5,0.9627248299936757,False,4.299999999999999,3.0046979993960203
3.55,3.5073333333333334,3.5926666666666667,False,162.84637702113662,True,0.1765306086328976,1.2999999999999994,0.05558553068286706,-25.100764874256324,3.5456666666666665,-0.0043333333333333,154.7086064578667,True,0.600577288629285,8.137770563269925,0.8874980032862881,pyin_probability_below_0.5,0.3316043662467874,False,4.099999999999998,2.3735775356491358
3.56,3.517333333333333,3.6026666666666665,False,161.90845090664698,True,0.10857977072874497,1.1999999999999993,0.04287693743047943,-27.355524850887385,3.5556666666666668,-0.0043333333333333,156.88652483557544,True,0.5214474260490971,5.021926071071533,0.5454821643938393,pyin_probability_below_0.5,0.5736202051392368,False,4.0,2.6155933745415823
3.57,3.5273333333333334,3.6126666666666667,False,159.12696062960518,True,0.047686993082531035,0.9000000000000021,0.03317832952259806,-29.58290967628794,3.5656666666666665,-0.0043333333333333,161.26902583235852,True,0.7655233443915824,2.1420652027533436,-0.23149300402235395,pyin_probability_below_0.5,1.0505953735554314,False,3.699999999999999,3.092568542957776
3.58,3.537333333333333,3.6226666666666665,False,158.21045677717683,True,0.010622609040911533,0.8000000000000038,0.022910603410650703,-32.79926944758272,3.5756666666666668,-0.0043333333333333,162.55133753103644,True,0.8494989668958551,4.340880753859608,-0.46860564606255334,pyin_probability_below_0.5,1.1877080155956314,False,3.6000000000000005,3.2296811849979776
3.59,3.5473333333333334,3.6326666666666667,False,161.90845090664698,True,0.011422334250709069,1.1999999999999993,0.01862755571830686,-34.59688257753974,3.5856666666666666,-0.0043333333333333,163.00600153951302,True,0.855319280964129,1.0975506328660458,-0.11696151027682074,pyin_probability_below_0.5,1.2360638798098968,False,4.0,3.278037049212242
3.6,3.5573333333333332,3.6426666666666665,False,164.73856077731807,True,0.010006178555334075,1.5000000000000004,0.01850656354123631,-34.65348434631837,3.595666666666667,-0.0043333333333333,163.11326483619993,True,0.8556017122725479,1.6252959411181394,0.17165014826150438,pyin_probability_below_0.5,1.247452221271571,False,4.299999999999999,3.2894253906739155
3.61,3.5673333333333335,3.6526666666666667,False,167.61814009714527,True,0.010000027850262284,1.7999999999999972,0.019377135730360474,-34.25420837277635,3.6056666666666666,-0.0043333333333333,162.39649245372584,True,0.8156993897196213,5.2216476434194306,0.5478938080482068,pyin_probability_below_0.5,1.171208561484866,False,4.599999999999999,3.2131817308872126
3.62,3.5773333333333333,3.6626666666666665,False,160.97592684906726,True,0.010000000009505967,1.1000000000000019,0.020447293962706063,-33.787283185725926,3.6156666666666664,-0.004333333333333744,,False,0.0,,,pyin_probability_below_0.5|voicing_disagreement,,False,3.9000000000000035,
3.63,3.5873333333333335,3.6726666666666667,False,,False,0.010000000000023851,,0.020422211778275308,-33.7979444897593,3.6256666666666666,-0.0043333333333333,,False,0.0,,,,,False,,
3.64,3.5973333333333333,3.6826666666666665,False,,False,0.010000000000001867,,0.020251443207414066,-33.87088043201619,3.6356666666666664,-0.004333333333333744,,False,0.0,,,,,False,,
3.65,3.6073333333333335,3.6926666666666668,False,,False,0.01000000000000011,,0.020125924237380792,-33.924883330279826,3.6456666666666666,-0.0043333333333333,,False,0.0,,,,,False,,
3.66,3.6173333333333333,3.7026666666666666,False,,False,0.010000000000001867,,0.021033607075958465,-33.54172486595627,3.6556666666666664,-0.004333333333333744,,False,0.0,,,,,False,,
3.67,3.6273333333333335,3.712666666666667,False,156.39325469067515,True,0.010000000814014908,0.6000000000000013,0.02569039352861231,-31.804584862126717,3.6656666666666666,-0.0043333333333333,,False,0.0,,,pyin_probability_below_0.5|voicing_disagreement,,False,3.3999999999999977,
3.68,3.6373333333333333,3.7226666666666666,False,150.19585059339548,True,0.010101974593744992,-0.10000000000000067,0.03154103076763729,-30.022482358771256,3.6756666666666664,-0.004333333333333744,,False,0.0,,,pyin_probability_below_0.5|voicing_disagreement,,False,2.6999999999999966,
3.69,3.6473333333333335,3.732666666666667,False,150.19585059339548,True,0.022944219124638603,-0.10000000000000067,0.03527014686506072,-29.05185463848879,3.6856666666666666,-0.0043333333333333,,False,0.0,,,pyin_probability_below_0.5|voicing_disagreement,,False,2.6999999999999966,
3.7,3.6573333333333333,3.7426666666666666,False,149.33078614961454,True,0.1279370863012904,-0.19999999999999973,0.03786149019051055,-28.436045932759107,3.6956666666666664,-0.004333333333333744,152.99683540912872,True,0.6399724740923768,3.666049259514182,-0.4198822707332708,pyin_probability_below_0.5,0.1389846402663474,False,2.5999999999999974,2.1809578096686932
3.71,3.667333333333333,3.752666666666667,False,149.33078614961454,True,0.27960516533635893,-0.19999999999999973,0.03938817452883877,-28.092682927824857,3.7056666666666667,-0.0043333333333333,149.72734740167272,True,0.8264893606416958,0.39656125205817716,-0.04591353101471645,pyin_probability_below_0.5,-0.23498409945220725,False,2.5999999999999974,1.8069890699501376
3.72,3.6773333333333333,3.7626666666666666,False,149.33078614961454,True,0.3721358982975087,-0.19999999999999973,0.040235075899579004,-27.907903501634404,3.7156666666666665,-0.004333333333333744,149.5581412089227,True,0.9351986563004477,0.22735505930816657,-0.026337870679630303,pyin_probability_below_0.5,-0.2545597597872951,False,2.5999999999999974,1.78741340961505
3.73,3.687333333333333,3.772666666666667,False,149.33078614961454,True,0.42606232904328145,-0.19999999999999973,0.04048084112582887,-27.855009442875563,3.7256666666666667,-0.0043333333333333,149.4797371343525,True,0.9736960350574171,0.14895098473795088,-0.017259702566358504,pyin_probability_below_0.5,-0.2636379279005653,False,2.5999999999999974,1.778335241501781
3.74,3.6973333333333334,3.7826666666666666,False,149.33078614961454,True,0.42606232904328145,-0.19999999999999973,0.040873796796164305,-27.771100369802546,3.7356666666666665,-0.004333333333333744,147.97932481091678,True,0.951478194107566,1.35146133869776,0.15739202363711596,pyin_probability_below_0.5,-0.4382896541040393,False,2.5999999999999974,1.603683515298306
3.75,3.707333333333333,3.792666666666667,False,150.19585059339548,True,0.4260623290432815,-0.10000000000000067,0.039841560516998595,-27.99327318877769,3.7456666666666667,-0.0043333333333333,144.22266872261267,True,0.9166128368615553,5.97318187078281,0.7025641601299498,pyin_probability_below_0.5,-0.8834617905968748,False,2.6999999999999966,1.15851137880547
3.76,3.7173333333333334,3.8026666666666666,False,150.19585059339548,True,0.24075439447557428,-0.10000000000000067,0.036091946648080804,-28.85179386575354,3.7556666666666665,-0.0043333333333333,142.1015353418275,True,0.8528891104067378,8.094315251567963,0.9590737711778246,pyin_probability_below_0.5,-1.13997140164475,False,2.6999999999999966,0.9020017677575976
3.77,3.727333333333333,3.812666666666667,False,150.19585059339548,True,0.06608151270920701,-0.10000000000000067,0.029934675278298045,-30.476508971584035,3.7656666666666667,-0.0043333333333333,146.60361676205116,True,0.6506258861478702,3.5922338313443163,0.41909113067372356,pyin_probability_below_0.5,-0.5999887611406483,False,2.6999999999999966,1.4419844082616975
3.78,3.7373333333333334,3.8226666666666667,False,145.07962854192903,True,0.011853505394683411,-0.6999999999999982,0.025932589428734543,-31.72308231523916,3.7756666666666665,-0.0043333333333333,,False,0.0,,,pyin_probability_below_0.5|voicing_disagreement,,False,2.0999999999999988,
3.79,3.747333333333333,3.832666666666667,False,154.59692495035372,True,0.010002815825811102,0.4000000000000011,0.020928595971617246,-33.58519812050007,3.7856666666666667,-0.0043333333333333,,False,0.0,,,pyin_probability_below_0.5|voicing_disagreement,,False,3.2,
3.8,3.7573333333333334,3.8426666666666667,False,157.29923159850804,True,0.010000005216229449,0.7000000000000017,0.019172682611053787,-34.34634234163701,3.7956666666666665,-0.0043333333333333,,False,0.0,,,pyin_probability_below_0.5|voicing_disagreement,,False,3.500000000000001,
3.81,3.767333333333333,3.8526666666666665,False,154.59692495035372,True,0.010000000101429393,0.4000000000000011,0.018664168753814877,-34.57982694965333,3.8056666666666668,-0.0043333333333333,,False,0.0,,,pyin_probability_below_0.5|voicing_disagreement,,False,3.2,
3.82,3.7773333333333334,3.8626666666666667,False,154.59692495035372,True,0.010000000003996623,0.4000000000000011,0.018934683431159782,-34.454839028977425,3.8156666666666665,-0.0043333333333333,,False,0.0,,,pyin_probability_below_0.5|voicing_disagreement,,False,3.2,
3.83,3.787333333333333,3.8726666666666665,False,154.59692495035372,True,0.0100000000000754,0.4000000000000011,0.0186888311491484,-34.568357194840516,3.8256666666666668,-0.0043333333333333,,False,0.0,,,pyin_probability_below_0.5|voicing_disagreement,,False,3.2,
3.84,3.7973333333333334,3.8826666666666667,False,156.39325469067515,True,0.010000000000001869,0.6000000000000013,0.01829262343625892,-34.754480114432866,3.8356666666666666,-0.0043333333333333,,False,0.0,,,pyin_probability_below_0.5|voicing_disagreement,,False,3.3999999999999977,
3.85,3.8073333333333332,3.8926666666666665,False,,False,0.010000000000001865,,0.01804649139382053,-34.87214442521538,3.845666666666667,-0.0043333333333333,,False,0.0,,,,,False,,
3.86,3.8173333333333335,3.9026666666666667,False,,False,0.010000000000001865,,0.01724826420160441,-35.26509208207012,3.8556666666666666,-0.0043333333333333,,False,0.0,,,,,False,,
3.87,3.8273333333333333,3.9126666666666665,False,,False,0.010000000000006923,,0.015957958313210972,-35.94045347527761,3.8656666666666664,-0.004333333333333744,,False,0.0,,,,,False,,
3.88,3.8373333333333335,3.9226666666666667,False,,False,0.01000000000002385,,0.0149230837501949,-36.52282847384904,3.8756666666666666,-0.0043333333333333,,False,0.0,,,,,False,,
3.89,3.8473333333333333,3.9326666666666665,False,,False,0.010000000001606033,,0.013763262705503418,-37.22557200946714,3.8856666666666664,-0.004333333333333744,,False,0.0,,,,,False,,
3.9,3.8573333333333335,3.9426666666666668,False,,False,0.010000000000000439,,0.015173525780151282,-36.37826986224908,3.8956666666666666,-0.0043333333333333,,False,0.0,,,,,False,,
3.91,3.8673333333333333,3.9526666666666666,False,172.52972650401387,True,0.010000016226422836,2.3000000000000034,0.025369619961983652,-31.91372076959741,3.9056666666666664,-0.004333333333333744,,False,0.0,,,pyin_probability_below_0.5|voicing_disagreement,,False,5.100000000000001,
3.92,3.8773333333333335,3.962666666666667,False,164.73856077731807,True,0.011853505394683413,1.5000000000000004,0.04262484769980236,-27.406743194946618,3.9156666666666666,-0.0043333333333333,,False,0.0,,,pyin_probability_below_0.5|voicing_disagreement,,False,4.299999999999999,
3.93,3.8873333333333333,3.9726666666666666,False,163.7897364863335,True,0.056071395445892624,1.4000000000000004,0.05930296457220247,-24.53847191174779,3.9256666666666664,-0.004333333333333744,,False,0.0,,,pyin_probability_below_0.5|voicing_disagreement,,False,4.200000000000001,
3.94,3.8973333333333335,3.982666666666667,False,162.84637702113662,True,0.12793708630129036,1.2999999999999994,0.06941270274821265,-23.17122089965421,3.9356666666666666,-0.0043333333333333,173.608633195701,True,0.598115350953059,10.762256174564385,-1.1079248223810996,pyin_probability_below_0.5|pitch_difference_over_1_semitone,2.3270271919141736,False,4.099999999999998,4.369000361316521
3.95,3.9073333333333333,3.9926666666666666,False,161.90845090664698,True,0.2796051653363588,1.1999999999999993,0.08180261814935202,-21.744655924221416,3.9456666666666664,-0.004333333333333744,165.70300720601966,True,0.7613650452562258,3.7945562993726867,-0.40105794178302256,pyin_probability_below_0.5,1.5201603113160984,False,4.0,3.5621334807184457
3.96,3.917333333333333,4.002666666666666,False,160.97592684906726,True,0.37213589829750876,1.1000000000000019,0.08905096695649523,-21.00722720810456,3.9556666666666667,-0.0043333333333333,163.03729841224134,True,0.9408462539982968,2.0613715631740774,-0.22028513090457047,pyin_probability_below_0.5,1.2393875004376498,False,3.9000000000000035,3.281360669839996
3.97,3.9273333333333333,4.012666666666667,False,160.04877373483913,True,0.4260623290432815,1.0000000000000044,0.09761879796401839,-20.209330887248612,3.9656666666666665,-0.004333333333333744,162.11120663067922,True,0.9794415651820804,2.0624328958400895,-0.2216664421887878,pyin_probability_below_0.5,1.1407688117218657,False,3.8000000000000007,3.182741981124213
3.98,3.937333333333333,4.022666666666667,False,160.04877373483913,True,0.5485250542599847,1.0000000000000044,0.10528852527502439,-19.55237914443527,3.9756666666666667,-0.0043333333333333,160.85056626478072,True,0.9827417928429586,0.8017925299415936,-0.08651270000771946,,1.0056150695407977,True,3.8000000000000007,3.0475882389431437
3.99,3.9473333333333334,4.032666666666667,False,160.04877373483913,True,0.6860828109301793,1.0000000000000044,0.10980188203558,-19.187804317816493,3.9856666666666665,-0.004333333333333744,159.71262087837744,True,0.9902987560058851,0.3361528564616947,0.03639960889499479,,0.8827027606380842,True,3.8000000000000007,2.92467593004043
4.0,3.957333333333333,4.042666666666666,False,159.12696062960518,True,0.6860828109301794,0.9000000000000021,0.1145122888299142,-18.82295809449176,3.9956666666666667,-0.0043333333333333,158.87376833482256,True,0.9968288472411463,0.25319229478262173,0.027568189276914803,,0.7915341802561618,True,3.699999999999999,2.8335073496585093
4.01,3.9673333333333334,4.052666666666667,False,159.12696062960518,True,0.7571601330199094,0.9000000000000021,0.11361355277329152,-18.891397185249698,4.0056666666666665,-0.0043333333333333,158.42387789113656,True,0.9997973042870199,0.7030827384686233,0.07666191472141827,,0.7424404548116568,True,3.699999999999999,2.7844136242140056
4.02,3.977333333333333,4.062666666666667,False,158.21045677717683,True,0.8911444948731204,0.8000000000000038,0.11466433064869291,-18.81143319587831,4.015666666666667,-0.004333333333332412,158.28533522030233,True,0.9994163561780951,0.07487844312549896,-0.008191711610474528,,0.7272940811435502,True,3.6000000000000005,2.7692672505458966
4.03,3.9873333333333334,4.072666666666667,False,158.21045677717683,True,0.8911444948731204,0.8000000000000038,0.1115367889229389,-19.05163725482758,4.025666666666667,-0.0043333333333333,158.11944778145312,True,0.9992692304935528,0.0910089957237119,0.009961617554638322,,0.7091407519784387,True,3.6000000000000005,2.751113921380785
4.04,3.997333333333333,4.082666666666666,False,157.29923159850804,True,0.6860828109301794,0.7000000000000017,0.10986872901257776,-19.182517989527128,4.035666666666667,-0.0043333333333333,157.8687713703374,True,0.9957323331101555,0.5695397718293691,-0.0625702932598504,,0.6816726627929297,True,3.500000000000001,2.723645832195275
4.05,4.007333333333333,4.092666666666666,False,157.29923159850804,True,0.4849868077159114,0.7000000000000017,0.10881093236973578,-19.266549366776943,4.045666666666667,-0.004333333333332412,157.96213566476564,True,0.9930471772351958,0.662904066257596,-0.07280586214112016,pyin_probability_below_0.5,0.6919082316741962,False,3.500000000000001,2.7338814010765424
4.06,4.017333333333333,4.102666666666667,False,156.39325469067515,True,0.17653060863289757,0.6000000000000013,0.10312387361559422,-19.73281564112226,4.055666666666667,-0.004333333333332412,157.95617653738432,True,0.9945120296001756,1.5629218467091732,-0.17215274113939455,pyin_probability_below_0.5,0.691255110672469,False,3.3999999999999977,2.7332282800748144
4.07,4.027333333333333,4.112666666666667,False,156.39325469067515,True,0.066081512709207,0.6000000000000013,0.09978440491452227,-20.018746566797244,4.065666666666667,-0.0043333333333333,156.69405326343758,True,0.9584670683744148,0.3007985727624316,-0.03326566603451353,pyin_probability_below_0.5,0.552368035567589,False,3.3999999999999977,2.5943412049699344
4.08,4.037333333333334,4.1226666666666665,False,156.39325469067515,True,0.034897428019625254,0.6000000000000013,0.09121846298112564,-20.79834499674473,4.075666666666667,-0.0043333333333333,153.24794826706727,True,0.903475946922205,3.1453064236078774,0.35172637369582704,pyin_probability_below_0.5,0.16737599583725005,False,3.3999999999999977,2.209349165239596
4.09,4.0473333333333334,4.132666666666666,False,155.49249582586248,True,0.01818737573491218,0.5000000000000008,0.08284598662443404,-21.634570512323158,4.0856666666666674,-0.004333333333332412,150.04908883235385,True,0.7386269144995031,5.443406993508631,0.6169247800504555,pyin_probability_below_0.5,-0.19782241051738003,False,3.2999999999999976,1.8441507588849646
4.1,4.057333333333333,4.142666666666667,False,154.59692495035372,True,0.011853505394683411,0.4000000000000011,0.07330141540910703,-22.697752785914144,4.095666666666667,-0.004333333333332412,138.45230124497823,True,0.38114813191493957,16.144623705375494,1.9094710801227874,pyin_probability_below_0.5|pitch_difference_over_1_semitone,-1.590368710589713,False,3.2,0.45160445881263134
4.11,4.067333333333333,4.152666666666667,False,151.9410423129619,True,0.010191075496968311,0.10000000000000017,0.06267004751025908,-24.05879952121183,4.105666666666667,-0.0043333333333333,128.94579919891186,True,0.5145773501911052,22.995243114050055,2.8409621944109658,pyin_probability_below_0.5|pitch_difference_over_1_semitone,-2.8218598248778886,False,2.9,-0.7798866554755435
4.12,4.077333333333334,4.1626666666666665,False,,False,0.010000516719604524,,0.05299671144036059,-25.515021569348534,4.115666666666667,-0.0043333333333333,159.11545044481838,True,0.45544681843036233,,,voicing_disagreement,0.8178500648037761,False,,2.859823234206122
4.13,4.0873333333333335,4.172666666666666,False,,False,0.010000127845232541,,0.03982497874195347,-27.996888946948303,4.125666666666667,-0.0043333333333333,154.10023290502542,True,0.652818803037028,,,voicing_disagreement,0.26339139837971853,False,,2.305364567782064
4.14,4.097333333333333,4.182666666666667,False,,False,0.010349055133375844,,0.031228913126619677,-30.10886260891221,4.135666666666667,-0.004333333333332412,156.15547737648774,True,0.6668676726210895,,,voicing_disagreement,0.49276098851957884,False,,2.5347341579219216
4.15,4.107333333333333,4.192666666666667,False,,False,0.011422334250709074,,0.024787206590836247,-32.115448271050965,4.145666666666667,-0.0043333333333333,156.9054290050314,True,0.6800416449617166,,,voicing_disagreement,0.575706144021386,False,,2.617679313423732
4.16,4.117333333333334,4.2026666666666666,False,,False,0.012403124793551348,,0.015137041780294536,-36.39917980718637,4.155666666666667,-0.0043333333333333,157.335661891221,True,0.6842372642412187,,,voicing_disagreement,0.6231114203249013,False,,2.665084589727244
4.17,4.1273333333333335,4.212666666666666,False,,False,0.010259050559778863,,0.01286856883408955,-37.809395001335304,4.165666666666667,-0.0043333333333333,156.67618379624932,True,0.5510586243724735,,,voicing_disagreement,0.5503936151274865,False,,2.59236678452983
4.18,4.137333333333333,4.222666666666667,False,,False,0.010349055133375844,,0.014231095231320476,-36.93523350272023,4.175666666666667,-0.004333333333332412,,False,0.0,,,,,False,,
4.19,4.147333333333333,4.232666666666667,False,144.24403136881983,True,0.010073751764282884,-0.8000000000000008,0.022098967285336536,-33.11256042019744,4.185666666666667,-0.0043333333333333,,False,0.0,,,pyin_probability_below_0.5|voicing_disagreement,,False,1.9999999999999973,
4.2,4.157333333333334,4.242666666666667,False,143.41324688128702,True,0.020317628556360583,-0.9000000000000006,0.0290630369164682,-30.733180128941466,4.195666666666667,-0.0043333333333333,,False,0.0,,,pyin_probability_below_0.5|voicing_disagreement,,False,1.8999999999999972,
4.21,4.167333333333334,4.252666666666666,False,143.41324688128702,True,0.07797523762294818,-0.9000000000000006,0.03559011669891153,-28.973411759108117,4.205666666666667,-0.0043333333333333,,False,0.0,,,pyin_probability_below_0.5|voicing_disagreement,,False,1.8999999999999972,
4.22,4.177333333333333,4.262666666666667,False,142.58724736030138,True,0.17653060863289757,-0.9999999999999994,0.04196148780490629,-27.542982433399047,4.215666666666667,-0.004333333333332412,143.59377260036322,True,0.756159780032929,1.0065252400618476,-0.12177872258159259,pyin_probability_below_0.5,-0.959118907885329,False,1.800000000000001,1.082854261517016
4.23,4.187333333333333,4.272666666666667,False,142.58724736030138,True,0.20650679911775227,-0.9999999999999994,0.04744335325609964,-26.4764924598429,4.225666666666667,-0.0043333333333333,143.76195851083446,True,0.9211355886658176,1.174711150533085,-0.14204414112069946,pyin_probability_below_0.5,-0.9388534893462226,False,1.800000000000001,1.1031196800561212
4.24,4.197333333333333,4.282666666666667,False,141.7660052464835,True,0.3233360583906408,-1.0999999999999979,0.0529542381459105,-25.521985515766403,4.235666666666667,-0.0043333333333333,142.18390610878373,True,0.9587957859427377,0.41790086230022894,-0.05095861596555626,pyin_probability_below_0.5,-1.1299390145013668,False,1.6999999999999993,0.9120341549009799
4.25,4.207333333333334,4.292666666666666,False,141.7660052464835,True,0.4260623290432814,-1.0999999999999979,0.056343826693015464,-24.983073209048428,4.245666666666667,-0.0043333333333333,142.02077224765236,True,0.9817208187601019,0.2547670011688581,-0.031084001121285613,pyin_probability_below_0.5,-1.1498136293456378,False,1.6999999999999993,0.892159540056709
4.26,4.217333333333333,4.302666666666667,False,141.7660052464835,True,0.5485250542599845,-1.0999999999999979,0.0593576217988174,-24.53047015334773,4.255666666666667,-0.004333333333332412,142.21355215815777,True,0.9703583605299984,0.44754691167426586,-0.054567948523962614,,-1.1263296819429598,True,1.6999999999999993,0.9156434874593873
4.27,4.227333333333333,4.312666666666667,False,140.13768379557115,True,0.4260623290432814,-1.3000000000000005,0.06014375343685793,-24.41618944088922,4.265666666666667,-0.004333333333332412,141.65282216332253,True,0.9365462726236451,1.5151383677513763,-0.18617266047186204,pyin_probability_below_0.5,-1.1947249699950622,False,1.499999999999997,0.847248199407283
4.28,4.237333333333333,4.322666666666667,False,140.13768379557115,True,0.3721358982975087,-1.3000000000000005,0.05899706720334007,-24.5833915397211,4.275666666666667,-0.0043333333333333,140.3551346210649,True,0.9494283012021512,0.21745082549375638,-0.026842637229390245,pyin_probability_below_0.5,-1.354054993237535,False,1.499999999999997,0.687918176164811
4.29,4.247333333333334,4.332666666666666,False,140.13768379557115,True,0.37213589829750865,-1.3000000000000005,0.05621810162159998,-25.00247647559742,4.285666666666667,-0.0043333333333333,139.12294799111376,True,0.966165639034481,1.0147358044573878,0.12581457658307754,pyin_probability_below_0.5,-1.506712207050004,False,1.499999999999997,0.535260962352341
4.3,4.257333333333333,4.342666666666666,False,139.33055012971812,True,0.32333605839064083,-1.3999999999999984,0.054356794730230515,-25.294923206566878,4.295666666666667,-0.004333333333332412,136.63891325454324,True,0.915267432600916,2.691636875174879,0.3377186098066693,pyin_probability_below_0.5,-1.8186162402735921,False,1.4000000000000004,0.2233569291287526
4.31,4.267333333333333,4.352666666666667,False,138.52806521170294,True,0.32333605839064083,-1.5000000000000004,0.05023798066823079,-25.979356510524532,4.305666666666667,-0.004333333333332412,132.29487365540257,True,0.7851916580032388,6.233191556300369,0.7970535691438321,pyin_probability_below_0.5,-2.3779511996107585,False,1.2999999999999958,-0.3359780302084128
4.32,4.277333333333333,4.362666666666667,False,137.7302022667084,True,0.3721358982975087,-1.599999999999996,0.04681713217803533,-26.591903857811378,4.315666666666667,-0.0043333333333333,137.79316301467017,True,0.7724203053231672,0.06296074796176754,-0.007912199563334927,pyin_probability_below_0.5,-1.6729854309035872,False,1.200000000000003,0.36898773849876076
4.33,4.287333333333334,4.3726666666666665,False,136.93693467412865,True,0.3233360583906409,-1.6999999999999988,0.04275639035562818,-27.379979331568116,4.325666666666667,-0.0043333333333333,141.3059004868711,True,0.973370443447826,4.368965812742459,-0.5437210326196492,pyin_probability_below_0.5,-1.2371765978472755,False,1.099999999999998,0.8047965715550689
4.34,4.2973333333333334,4.382666666666666,False,136.93693467412865,True,0.20650679911775227,-1.6999999999999988,0.036568024868625135,-28.737969927405036,4.3356666666666674,-0.004333333333332412,140.21507148078484,True,0.9821729217227082,3.2781368066561924,-0.4095576873422324,pyin_probability_below_0.5,-1.3713399431246924,False,1.099999999999998,0.6706332262776531
4.35,4.307333333333333,4.392666666666667,False,139.33055012971812,True,0.6860828109301792,-1.3999999999999984,0.03184390998697476,-29.939472247385496,4.345666666666667,-0.004333333333332412,139.1884710082414,True,0.9531098483328885,0.1420791214767121,0.017662867914237095,,-1.4985604983811593,True,1.4000000000000004,0.5434126710211887
4.36,4.317333333333333,4.402666666666667,False,138.52806521170294,True,0.6159498854580678,-1.5000000000000004,0.029669646306764094,-30.55375261794103,4.355666666666667,-0.0043333333333333,136.74495086542845,True,0.9701906326467123,1.7831143462744876,0.2242887073328652,,-1.8051863377997905,True,1.2999999999999958,0.2367868316025545
4.37,4.327333333333334,4.4126666666666665,False,136.93693467412865,True,0.5485250542599845,-1.6999999999999988,0.026386640412791772,-31.572318025887984,4.365666666666667,-0.0043333333333333,135.5007115110499,True,0.91301446470358,1.4362231630787505,0.1825343531634967,,-1.9634319836304193,True,1.099999999999998,0.07854118577192619
4.38,4.3373333333333335,4.422666666666666,False,138.52806521170294,True,0.24075439447557426,-1.5000000000000004,0.024473047369399144,-32.22623898377502,4.3756666666666675,-0.004333333333332412,131.60002480643473,True,0.7575762428233372,6.928040405268206,0.888222346812767,pyin_probability_below_0.5,-2.4691199772796946,False,1.2999999999999958,-0.42714680787734916
4.39,4.347333333333333,4.432666666666667,False,135.36407982952485,True,0.03010686179419501,-1.8999999999999964,0.02084424270659002,-33.6202775725896,4.385666666666667,-0.004333333333332412,125.79284860917846,True,0.7651101476781322,9.571231220346391,1.269540600292658,pyin_probability_below_0.5|pitch_difference_over_1_semitone,-3.250438230759576,False,0.9000000000000021,-1.2084650613572314
4.4,4.357333333333333,4.442666666666667,False,135.36407982952485,True,0.010009025493342984,-1.8999999999999964,0.018765270076040466,-34.53290361389087,4.395666666666667,-0.0043333333333333,132.79974766353692,True,0.7755655241239312,2.564332165987935,0.3311106144510887,pyin_probability_below_0.5,-2.3120082449180073,False,0.9000000000000021,-0.27003507551566025
4.41,4.367333333333334,4.4526666666666666,False,145.9200662802185,True,0.0100000470079773,-0.5999999999999971,0.020912075398049065,-33.59205727842132,4.405666666666667,-0.0043333333333333,135.23680889286157,True,0.5470944089463669,10.683257387356917,1.3162849276877822,pyin_probability_below_0.5|pitch_difference_over_1_semitone,-1.9971825581547074,False,2.1999999999999993,0.04479061124763792
4.42,4.3773333333333335,4.462666666666666,False,153.70651218352927,True,0.01010197459374499,0.3000000000000021,0.025096118166399214,-32.007868988139364,4.415666666666667,-0.0043333333333333,,False,0.0,,,pyin_probability_below_0.5|voicing_disagreement,,False,3.1000000000000023,
4.43,4.387333333333333,4.472666666666667,False,158.21045677717683,True,0.013980210380185928,0.8000000000000038,0.03266616639255184,-29.718036601737957,4.425666666666667,-0.004333333333332412,,False,0.0,,,pyin_probability_below_0.5|voicing_disagreement,,False,3.6000000000000005,
4.44,4.397333333333333,4.482666666666667,False,158.21045677717683,True,0.04768699308253103,0.8000000000000038,0.04110723124355821,-27.72163547832581,4.435666666666667,-0.0043333333333333,,False,0.0,,,pyin_probability_below_0.5|voicing_disagreement,,False,3.6000000000000005,
4.45,4.407333333333334,4.492666666666667,False,157.29923159850804,True,0.12793708630129036,0.7000000000000017,0.04906874216620217,-26.183901492625044,4.445666666666667,-0.0043333333333333,156.90548934659773,True,0.7855699349943144,0.39374225191031087,0.04338956765703486,pyin_probability_below_0.5,0.5757128018760419,False,3.500000000000001,2.6176859712783873
4.46,4.417333333333334,4.502666666666666,False,157.29923159850804,True,0.2796051653363589,0.7000000000000017,0.05733748708014345,-24.831226894390603,4.455666666666667,-0.0043333333333333,156.42698326782892,True,0.9422740933317177,0.8722483306791275,0.0962667337764034,pyin_probability_below_0.5,0.522835635756674,False,3.500000000000001,2.564808805159021
4.47,4.427333333333333,4.512666666666667,False,156.39325469067515,True,0.37213589829750865,0.6000000000000013,0.06342929601352852,-23.95420217411175,4.465666666666667,-0.004333333333332412,156.41186259816453,True,0.9764691968009716,0.01860790748938257,-0.0020597260904629293,pyin_probability_below_0.5,0.5211620956235374,False,3.3999999999999977,2.563135265025883
4.48,4.437333333333333,4.522666666666667,False,154.59692495035372,True,0.37213589829750865,0.4000000000000011,0.07124393532452204,-22.94504198560183,4.475666666666667,-0.0043333333333333,156.60818123763173,True,0.9831576424469967,2.0112562872780018,-0.22377549569487937,pyin_probability_below_0.5,0.5428778652279538,False,3.2,2.584851034630299
4.49,4.447333333333333,4.532666666666667,False,153.70651218352927,True,0.3233360583906408,0.3000000000000021,0.07740420632974733,-22.224708761494224,4.485666666666667,-0.0043333333333333,156.5585537047874,True,0.9851248849753366,2.852041521258144,-0.31828852241425193,pyin_probability_below_0.5,0.5373908919473298,False,3.1000000000000023,2.579364061349675
4.5,4.457333333333334,4.542666666666666,False,151.9410423129619,True,0.2407543944755743,0.10000000000000017,0.08659661514873826,-21.2499816633377,4.495666666666667,-0.0043333333333333,155.41129914301737,True,0.9803256911940317,3.4702568300554617,-0.390957301423565,pyin_probability_below_0.5,0.4100596709566423,False,2.9,2.452032840358987
4.51,4.467333333333333,4.552666666666667,False,151.06592630451914,True,0.20650679911775227,0.0,0.09335533810008745,-20.59721687703408,4.505666666666667,-0.004333333333332412,153.47004680255367,True,0.9758831994358907,2.40412049803453,-0.2733458177155946,pyin_probability_below_0.5,0.19244818724866816,False,2.8000000000000003,2.2344213566510156
4.52,4.477333333333333,4.562666666666667,False,149.33078614961454,True,0.17653060863289763,-0.19999999999999973,0.09654814136777858,-20.30512164669995,4.515666666666667,-0.004333333333332412,151.45936582723292,True,0.9716951126552997,2.128579677618376,-0.24503003879005794,pyin_probability_below_0.5,-0.03586759167686521,False,2.5999999999999974,2.0061055777254793
4.53,4.487333333333333,4.572666666666667,False,148.4707041104003,True,0.10857977072874497,-0.2999999999999981,0.09779630321281363,-20.19355123239112,4.525666666666667,-0.0043333333333333,149.56179019751832,True,0.9653556799490356,1.0910860871180148,-0.12676026000500623,pyin_probability_below_0.5,-0.25413737046191753,False,2.500000000000002,1.7878357989404279
4.54,4.497333333333334,4.582666666666666,False,146.76537262479707,True,0.12793708630129036,-0.4999999999999981,0.09736440652852371,-20.231995579759577,4.535666666666667,-0.0043333333333333,148.0689080645584,True,0.952302509407241,1.3035354397613332,-0.15308529501854712,pyin_probability_below_0.5,-0.4278123354483761,False,2.3000000000000003,1.614160833953971
4.55,4.507333333333333,4.592666666666666,False,145.07962854192903,True,0.12793708630129033,-0.6999999999999982,0.09778050352101547,-20.19495461331204,4.545666666666667,-0.004333333333332412,146.2382625506703,True,0.9163823077832626,1.1586340087412736,-0.1377105412472414,pyin_probability_below_0.5,-0.6431870892196816,False,2.0999999999999988,1.398786080182663
4.56,4.517333333333333,4.602666666666667,False,144.24403136881983,True,0.17653060863289757,-0.8000000000000008,0.09585124384945208,-20.368044939297235,4.555666666666667,-0.004333333333332412,143.3177295421558,True,0.905010023901273,0.9263018266640302,0.11153435725430282,pyin_probability_below_0.5,-0.9924319877212271,False,1.9999999999999973,1.0495411816811204
4.57,4.527333333333333,4.612666666666667,False,142.58724736030138,True,0.24075439447557434,-0.9999999999999994,0.09313103400716165,-20.618111503424572,4.565666666666667,-0.0043333333333333,141.31626419297936,True,0.9717849414459627,1.270983167322015,0.15500928629093794,pyin_probability_below_0.5,-1.2359069167578622,False,1.800000000000001,0.8060662526444847
4.58,4.537333333333334,4.6226666666666665,False,141.7660052464835,True,0.42606232904328145,-1.0999999999999979,0.0869755441657848,-21.212056907840115,4.575666666666667,-0.0043333333333333,141.1395019237094,True,0.9840118867620228,0.6265033227741128,0.07667759232741522,pyin_probability_below_0.5,-1.2575752227943369,False,1.6999999999999993,0.7843979466080088
4.59,4.5473333333333334,4.632666666666666,False,140.9494931391844,True,0.6159498854580681,-1.199999999999998,0.07990351653915381,-21.948682140893332,4.5856666666666674,-0.004333333333332412,140.99339692915845,True,0.977042131042435,0.04390378997405264,-0.005391711540027211,,-1.2755059189268945,True,1.6000000000000023,0.7664672504754529
4.6,4.557333333333333,4.642666666666667,False,140.13768379557115,True,0.6159498854580682,-1.3000000000000005,0.07293172642673346,-22.7416701154864,4.595666666666667,-0.004333333333332412,140.6951959918038,True,0.9810586000206584,0.5575121962326648,-0.06873734767599898,,-1.3121602827909262,True,1.499999999999997,0.72981288661142
4.61,4.567333333333333,4.652666666666667,False,140.13768379557115,True,0.48498680771591135,-1.3000000000000005,0.06905507294116636,-23.216088233255327,4.605666666666667,-0.0043333333333333,139.91615657856755,True,0.9740939268120506,0.22152721700359734,0.027388700711888266,pyin_probability_below_0.5,-1.408286331178813,False,1.499999999999997,0.6336868382235319
4.62,4.577333333333334,4.6626666666666665,False,140.13768379557115,True,0.4260623290432814,-1.3000000000000005,0.06289789439234923,-24.027277860280634,4.615666666666667,-0.0043333333333333,138.95088881540886,True,0.9487731271806148,1.18679498016229,0.1472387238433838,pyin_probability_below_0.5,-1.5281363543103095,False,1.499999999999997,0.5138368150920368
4.63,4.5873333333333335,4.672666666666666,False,140.13768379557115,True,0.32333605839064083,-1.3000000000000005,0.059577462721713215,-24.49835992823455,4.6256666666666675,-0.004333333333332412,138.79257674400628,True,0.9054406937618307,1.3451070515648667,0.1669745817164109,pyin_probability_below_0.5,-1.5478722121833388,False,1.499999999999997,0.4941009572190084
4.64,4.597333333333333,4.682666666666667,False,140.13768379557115,True,0.27960516533635893,-1.3000000000000005,0.05707278692650483,-24.871418397189487,4.635666666666667,-0.004333333333332412,138.09746270421724,True,0.795222096413624,2.0402210913539136,0.25389772450180825,pyin_probability_below_0.5,-1.6347953549687342,False,1.499999999999997,0.4071778144336127
4.65,4.607333333333333,4.692666666666667,False,140.13768379557115,True,0.2407543944755743,-1.3000000000000005,0.05477908154466265,-25.22770507268488,4.645666666666667,-0.0043333333333333,141.18000196365276,True,0.8096648004773853,1.0423181680816072,-0.12828947850220246,pyin_probability_below_0.5,-1.252608151964723,False,1.499999999999997,0.7893650174376214
4.66,4.617333333333334,4.7026666666666666,False,141.7660052464835,True,0.2796051653363589,-1.0999999999999979,0.054113822635224545,-25.33383572284681,4.655666666666667,-0.0043333333333333,144.1196522658281,True,0.9760961492775353,2.3536470193446064,-0.285065432045318,pyin_probability_below_0.5,-0.8958321984216042,False,1.6999999999999993,1.1461409709807389
4.67,4.6273333333333335,4.712666666666666,False,142.58724736030138,True,0.3233360583906409,-0.9999999999999994,0.05388971669311106,-25.36988199107521,4.665666666666667,-0.0043333333333333,144.3462092824374,True,0.9859512186188445,1.7589619221360238,-0.2122591734294122,pyin_probability_below_0.5,-0.868638457037511,False,1.800000000000001,1.1733347123648332
4.68,4.637333333333333,4.722666666666667,False,143.41324688128702,True,0.6860828109301792,-0.9000000000000006,0.05431351438197608,-25.301841901312162,4.675666666666667,-0.004333333333332412,143.87768750758863,True,0.9845659476523699,0.4644406263016094,-0.05597504343054982,,-0.924922587036375,True,1.8999999999999972,1.1170505823659718
4.69,4.647333333333333,4.732666666666667,False,144.24403136881983,True,0.7571601330199093,-0.8000000000000008,0.054320672728559366,-25.30069720441412,4.685666666666667,-0.0043333333333333,143.57538326711597,True,0.9996626404499303,0.6686481017038659,0.08043852389145426,,-0.9613361543583796,True,1.9999999999999973,1.0806370150439668
4.7,4.657333333333334,4.742666666666667,False,143.41324688128702,True,0.8266685594724994,-0.9000000000000006,0.054413851240894255,-25.285810700232304,4.695666666666667,-0.0043333333333333,143.87711888455655,True,0.9928653743778326,0.46387200326952893,-0.05590662271038399,,-0.9249910077565415,True,1.8999999999999972,1.1169821616458067
4.71,4.667333333333334,4.752666666666666,False,143.41324688128702,True,0.4849868077159114,-0.9000000000000006,0.056588720468670195,-24.945402516302565,4.705666666666667,-0.0043333333333333,143.58098387317634,True,0.9891570110852845,0.16773699188931346,-0.020236784826572016,pyin_probability_below_0.5,-0.9606608456403529,False,1.8999999999999972,1.0813123237619924
4.72,4.677333333333333,4.762666666666667,False,143.41324688128702,True,0.3233360583906409,-0.9000000000000006,0.05739497039490822,-24.82252327588817,4.715666666666667,-0.004333333333332412,143.1397359598827,True,0.9982074941460432,0.2735109214043234,0.033048796702699834,pyin_probability_below_0.5,-1.0139464271696244,False,1.8999999999999972,1.0280267422327212
4.73,4.687333333333333,4.772666666666667,False,142.58724736030138,True,0.2407543944755743,-0.9999999999999994,0.05960575475994361,-24.49423616766635,4.725666666666667,-0.0043333333333333,142.98908816917137,True,0.9933506998506765,0.4018408088699914,-0.048721190324013806,pyin_probability_below_0.5,-1.0321764401429094,False,1.800000000000001,1.0097967292594368
4.74,4.697333333333333,4.782666666666667,False,141.7660052464835,True,0.27960516533635893,-1.0999999999999979,0.062092038454621155,-24.139281644419817,4.735666666666667,-0.0043333333333333,143.00788000089372,True,0.971255072356824,1.2418747544102189,-0.15099625353024487,pyin_probability_below_0.5,-1.029901376936676,False,1.6999999999999993,1.0120717924656708
4.75,4.707333333333334,4.792666666666666,False,141.7660052464835,True,0.2407543944755743,-1.0999999999999979,0.062460967356616194,-24.087825879417984,4.745666666666667,-0.0043333333333333,143.68478508031694,True,0.7968988069122352,1.9187798338334403,-0.23274813921535992,pyin_probability_below_0.5,-0.9481494912515638,False,1.6999999999999993,1.0938236781507815
4.76,4.717333333333333,4.802666666666667,False,141.7660052464835,True,0.27960516533635893,-1.0999999999999979,0.06448950217943046,-23.810219510892114,4.755666666666667,-0.004333333333332412,141.51584130949246,True,0.8045250234072132,0.25016393699104356,0.03057678728202839,pyin_probability_below_0.5,-1.211474417748951,False,1.6999999999999993,0.8304987516533946
4.77,4.727333333333333,4.812666666666667,False,140.9494931391844,True,0.27960516533635893,-1.199999999999998,0.06433624471764397,-23.830885845989577,4.765666666666667,-0.004333333333332412,141.44699501688575,True,0.8905470552659202,0.4975018777013531,-0.06099885213323643,pyin_probability_below_0.5,-1.2198987783336843,False,1.6000000000000023,0.8220743910686599
4.78,4.737333333333333,4.822666666666667,False,140.9494931391844,True,0.2796051653363588,-1.199999999999998,0.06494231004850436,-23.74944534485168,4.775666666666667,-0.0043333333333333,141.00486806650096,True,0.922435486859484,0.05537492731656357,-0.006800175777218691,pyin_probability_below_0.5,-1.2740974546897028,False,1.6000000000000023,0.7678757147126438
4.79,4.747333333333334,4.832666666666666,False,140.9494931391844,True,0.4849868077159113,-1.199999999999998,0.06526163748900009,-23.706840669340128,4.785666666666667,-0.0043333333333333,141.01333501792507,True,0.9436354768178098,0.06384187874067493,-0.0078397026191959,pyin_probability_below_0.5,-1.2730579278477265,False,1.6000000000000023,0.7689152415546203
4.8,4.757333333333333,4.842666666666666,False,140.9494931391844,True,0.32333605839064083,-1.199999999999998,0.06497968956367671,-23.744447356005466,4.795666666666667,-0.004333333333332412,140.95135839745186,True,0.9494470426481514,0.0018652582674576479,-0.00022910172887793278,pyin_probability_below_0.5,-1.2806685287380435,False,1.6000000000000023,0.7613046406643013
4.81,4.767333333333333,4.852666666666667,False,140.9494931391844,True,0.32333605839064083,-1.199999999999998,0.06209629138271546,-24.138686734026408,4.805666666666667,-0.004333333333332412,140.76925474450232,True,0.9524459256708775,0.18023839468207825,0.022152227407005405,pyin_probability_below_0.5,-1.3030498578739276,False,1.6000000000000023,0.7389233115284181
4.82,4.777333333333333,4.862666666666667,False,140.9494931391844,True,0.32333605839064083,-1.199999999999998,0.060554807382799225,-24.357027459354995,4.815666666666667,-0.0043333333333333,140.45003768191984,True,0.9486232678910478,0.49945545726455975,0.06145534067317322,pyin_probability_below_0.5,-1.3423529711400943,False,1.6000000000000023,0.699620198262252
4.83,4.787333333333334,4.8726666666666665,False,140.9494931391844,True,0.2407543944755743,-1.199999999999998,0.060339093115872745,-24.388024429369747,4.825666666666667,-0.0043333333333333,140.31537972822983,True,0.9103718809756449,0.6341134109545692,0.07806169158569491,pyin_probability_below_0.5,-1.3589593220526173,False,1.6000000000000023,0.6830138473497296
4.84,4.7973333333333334,4.882666666666666,False,141.7660052464835,True,0.1765306086328976,-1.0999999999999979,0.059273723356990625,-24.54275582248602,4.8356666666666674,-0.004333333333332412,139.70373475405748,True,0.782923711277867,2.0622704924260233,0.2536924063852678,pyin_probability_below_0.5,-1.4345900368521907,False,1.6999999999999993,0.607383132550155
4.85,4.807333333333333,4.892666666666667,False,142.58724736030138,True,0.1504646013433388,-0.9999999999999994,0.06029963985757423,-24.393705633925094,4.845666666666667,-0.004333333333332412,145.17885770102788,True,0.8645687912243386,2.591610340726504,-0.31183696007019246,pyin_probability_below_0.5,-0.769060670396732,False,1.800000000000001,1.2729124990056144
4.86,4.817333333333333,4.902666666666667,False,145.07962854192903,True,0.2407543944755743,-0.6999999999999982,0.060427157459788945,-24.37535669638573,4.855666666666667,-0.0043333333333333,147.40678319144448,True,0.9920463264759454,2.3271546495154496,-0.27549549134176604,pyin_probability_below_0.5,-0.5054021391251564,False,2.0999999999999988,1.5365710302771869
4.87,4.827333333333334,4.9126666666666665,False,147.61557577921405,True,0.32333605839064083,-0.3999999999999989,0.061486717309454444,-24.224373854327688,4.865666666666667,-0.0043333333333333,148.0396701038284,True,0.9899945807840181,0.4240943246143445,-0.04966643065341228,pyin_probability_below_0.5,-0.4312311998135124,False,2.399999999999998,1.6107419695888328
4.88,4.8373333333333335,4.922666666666666,False,149.33078614961454,True,0.6860828109301792,-0.19999999999999973,0.0634638492253598,-23.94947180997017,4.8756666666666675,-0.004333333333332412,148.31681994176824,True,0.9890624555986278,1.0139662078462948,0.11795287972922203,,-0.39885051019614626,True,2.5999999999999974,1.6431226592061985
4.89,4.847333333333333,4.932666666666667,False,149.33078614961454,True,0.6860828109301792,-0.19999999999999973,0.06454103971237649,-23.803280853724136,4.885666666666667,-0.004333333333332412,148.37276603242063,True,0.9903232612298233,0.9580201171939109,0.11142378111731377,,-0.3923214115842394,True,2.5999999999999974,1.6496517578181076
4.9,4.857333333333333,4.942666666666667,False,150.19585059339548,True,0.7571601330199091,-0.10000000000000067,0.06656890295110106,-23.534572002384348,4.895666666666667,-0.0043333333333333,149.2600871287858,True,0.9880035967402221,0.9357634646096642,0.10819827833568921,,-0.28909590880261476,True,2.6999999999999966,1.7528772605997307
4.91,4.867333333333334,4.9526666666666666,False,151.9410423129619,True,0.42606232904328145,0.10000000000000017,0.06988237245843555,-23.112647188802985,4.905666666666667,-0.0043333333333333,150.62269595707235,True,0.9927247752624454,1.3183463558895596,0.15086940405056962,pyin_probability_below_0.5,-0.1317670345174952,False,2.9,1.9102061348848505
4.92,4.8773333333333335,4.962666666666666,False,151.9410423129619,True,0.3721358982975087,0.10000000000000017,0.07271862474498221,-22.767086861759502,4.915666666666667,-0.0043333333333333,151.2081120996395,True,0.9967133116720289,0.7329302133224189,0.08371299703667757,pyin_probability_below_0.5,-0.06461062750360215,False,2.9,1.9773625418987433
4.93,4.887333333333333,4.972666666666667,False,151.9410423129619,True,0.42606232904328145,0.10000000000000017,0.07484283900501036,-22.516994936314724,4.925666666666667,-0.004333333333332412,151.8182755932008,True,0.989576469530114,0.12276671976110265,0.01399383817292945,pyin_probability_below_0.5,0.005108531360146515,False,2.9,2.0470817007624933
4.94,4.897333333333333,4.982666666666667,False,151.9410423129619,True,0.42606232904328145,0.10000000000000017,0.07683239876634267,-22.289112151877003,4.935666666666667,-0.0043333333333333,153.90020908998463,True,0.9410856319834215,1.9591667770227161,-0.22180282164104198,pyin_probability_below_0.5,0.24090519117411868,False,2.9,2.282878360576463
4.95,4.907333333333334,4.992666666666667,False,151.9410423129619,True,0.48498680771591135,0.10000000000000017,0.07939999441625271,-22.00359056228697,4.945666666666667,-0.0043333333333333,153.42099795330867,True,0.8592775463884038,1.479955640346759,-0.16781192938261424,pyin_probability_below_0.5,0.18691429891569206,False,2.9,2.2288874683180375
4.96,4.917333333333334,5.002666666666666,False,151.9410423129619,True,0.48498680771591135,0.10000000000000017,0.08125385130541486,-21.803120899646412,4.955666666666667,-0.0043333333333333,152.21064182622052,True,0.8946024334746093,0.269599513258612,-0.0306912638360433,pyin_probability_below_0.5,0.04979363336912082,False,2.9,2.0917668027714655
4.97,4.927333333333333,5.012666666666667,False,151.9410423129619,True,0.48498680771591135,0.10000000000000017,0.08371771729916204,-21.54365243846187,4.965666666666667,-0.004333333333332412,151.9588900445009,True,0.9732535063466271,0.01784773153897845,-0.0020334720271052873,pyin_probability_below_0.5,0.0211358415601804,False,2.9,2.0631090109625276
4.98,4.937333333333333,5.022666666666667,False,151.9410423129619,True,0.48498680771591135,0.10000000000000017,0.08550146456938165,-21.36052892205567,4.975666666666667,-0.0043333333333333,151.90713590295368,True,0.9796907050682181,0.03390641000822825,0.0038637672324485233,pyin_probability_below_0.5,0.015238602300625634,False,2.9,2.057211771702971
4.99,4.947333333333333,5.032666666666667,False,151.06592630451914,True,0.6159498854580681,0.0,0.08833545808713687,-21.077298689373073,4.985666666666667,-0.0043333333333333,151.728691633587,True,0.9895955332716134,0.6627653290678666,-0.07578759123463549,,-0.005110039232287767,True,2.8000000000000003,2.0368631301700577
5.0,4.957333333333334,5.042666666666666,False,151.06592630451914,True,0.5485250542599845,0.0,0.08720715073537143,-21.188958054195485,4.995666666666667,-0.0043333333333333,151.4730601491309,True,0.9939016102429952,0.4071338446117636,-0.04659527739324921,,-0.03430235307367431,True,2.8000000000000003,2.0076708163286696
5.01,4.967333333333333,5.052666666666667,False,150.19585059339548,True,0.3721358982975087,-0.10000000000000067,0.08982221885096862,-20.93232441792443,5.005666666666667,-0.004333333333332412,150.9998549053709,True,0.9911421459128715,0.804004311975433,-0.09242648026923578,pyin_probability_below_0.5,-0.08847115019768896,False,2.6999999999999966,1.9535020192046568
5.02,4.977333333333333,5.062666666666667,False,149.33078614961454,True,0.2407543944755743,-0.19999999999999973,0.08940139363909191,-20.973114222504492,5.015666666666667,-0.004333333333332412,149.89240554585857,True,0.9848398558170389,0.5616193962440263,-0.06498799492347314,pyin_probability_below_0.5,-0.21590963554345072,False,2.5999999999999974,1.826063533858894
5.03,4.987333333333333,5.072666666666667,False,147.61557577921405,True,0.12793708630129036,-0.3999999999999989,0.09095710201594136,-20.82326770311155,5.025666666666667,-0.0043333333333333,148.66538354985252,True,0.9800469780930644,1.0498077706384663,-0.12268561352565295,pyin_probability_below_0.5,-0.35821201694127036,False,2.399999999999998,1.683761152461074
5.04,4.997333333333334,5.082666666666666,False,146.76537262479707,True,0.06608151270920701,-0.4999999999999981,0.09025370785204247,-20.890698942661334,5.035666666666667,-0.0043333333333333,146.71684603747715,True,0.9621512178839668,0.04852658731991255,0.005725108757988946,pyin_probability_below_0.5,-0.5866227392249108,False,2.3000000000000003,1.4553504301774343
5.05,5.007333333333333,5.092666666666666,False,145.07962854192903,True,0.04069733156888105,-0.6999999999999982,0.08853407092276593,-21.05779131683974,5.045666666666667,-0.004333333333332412,144.57771880169267,True,0.9713906829512037,0.501909740236357,0.05999668984552349,pyin_probability_below_0.5,-0.840894320312445,False,2.0999999999999988,1.201078849089901
5.06,5.017333333333333,5.102666666666667,False,144.24403136881983,True,0.016467587593113005,-0.8000000000000008,0.0854623354363751,-21.36450486710195,5.055666666666667,-0.004333333333332412,142.7528863596228,True,0.9565948808324041,1.4911450091970266,0.17990048550474663,pyin_probability_below_0.5,-1.0607981159716706,False,1.9999999999999973,0.9811750534306742
5.07,5.027333333333333,5.112666666666667,False,141.7660052464835,True,0.011853505394683413,-1.0999999999999979,0.08484280701262024,-21.42769942688957,5.065666666666667,-0.0043333333333333,140.30063700762582,True,0.9116407116920258,1.4653682388576783,0.17988076807362108,pyin_probability_below_0.5,-1.360778398540544,False,1.6999999999999993,0.6811947708618024
5.08,5.037333333333334,5.1226666666666665,False,139.33055012971812,True,0.010622609040911533,-1.3999999999999984,0.08101661728954684,-21.82851787996122,5.075666666666667,-0.0043333333333333,137.01021776329185,True,0.8555804872092081,2.320332366426271,0.2907376162827329,pyin_probability_below_0.5,-1.7716352467496566,False,1.4000000000000004,0.2703379226526889
5.09,5.0473333333333334,5.132666666666666,False,136.93693467412865,True,0.010140046044704068,-1.6999999999999988,0.07651033574828608,-22.32559784457703,5.0856666666666674,-0.004333333333332412,132.73157471102795,True,0.848032911615613,4.205359963100705,0.5400002127212011,pyin_probability_below_0.5,-2.320897843188127,False,1.099999999999998,-0.27892467378577945
5.1,5.057333333333333,5.142666666666667,False,133.03860595958074,True,0.010037765502929688,-2.1999999999999997,0.07198080259201667,-22.855666304720557,5.095666666666667,-0.004333333333332412,129.8600925872111,True,0.8577932542438692,3.178513372369622,0.4186417620134568,pyin_probability_below_0.5,-2.6995393924803808,False,0.6000000000000013,-0.657566223078035
5.11,5.067333333333333,5.152666666666667,False,130.75308233882095,True,0.010101974593744989,-2.499999999999999,0.06608631656921773,-23.59776907160734,5.105666666666667,-0.0043333333333333,126.47845556124433,True,0.794711021693951,4.274626777576614,0.5754396064513438,pyin_probability_below_0.5,-3.156337236918266,False,0.2999999999999983,-1.114364067515921
5.12,5.077333333333334,5.1626666666666665,False,129.25125509628117,True,0.010073751764282884,-2.6999999999999966,0.061605518759360406,-24.207607620549112,5.115666666666667,-0.0043333333333333,122.73034742469983,True,0.7730960261713705,6.520907671581341,0.8962351545367572,pyin_probability_below_0.5,-3.67713278500368,False,0.100000000000004,-1.6351596156013326
5.13,5.0873333333333335,5.172666666666666,False,127.03079589645196,True,0.01001876450976914,-3.000000000000001,0.057960768215832605,-24.737317339902006,5.1256666666666675,-0.004333333333332412,117.11214015911747,True,0.732625973507413,9.91865573733449,1.4074518322182086,pyin_probability_below_0.5|pitch_difference_over_1_semitone,-4.488349462685134,False,-0.2000000000000017,-2.446376293282788
5.14,5.097333333333333,5.182666666666667,False,122.70366064862014,True,0.010006178555334078,-3.6000000000000014,0.05317902959589349,-25.485191837642198,5.135666666666667,-0.004333333333332412,113.32052783968065,True,0.7257487002333941,9.383132808939493,1.3772287571522068,pyin_probability_below_0.5|pitch_difference_over_1_semitone,-5.058126387619131,False,-0.8000000000000008,-3.016153218216785
5.15,5.107333333333333,5.192666666666667,False,115.14977748330686,True,0.010006178555334078,-4.7,0.04901700033471795,-26.193065390826185,5.145666666666667,-0.0043333333333333,110.08982049599028,True,0.7106438237002876,5.059956987316582,0.7779665714438208,pyin_probability_below_0.5,-5.558864201910746,False,-1.900000000000003,-3.516891032508399
5.16,5.117333333333334,5.2026666666666666,False,112.51975293079859,True,0.010013068846238976,-5.1,0.043581132001893744,-27.214029866471236,5.155666666666667,-0.0043333333333333,106.40430558007235,True,0.7459899261575644,6.115447350726242,0.9674611223580187,pyin_probability_below_0.5,-6.1483587528249455,False,-2.3,-4.106385583422599
5.17,5.1273333333333335,5.212666666666666,False,106.2045044606715,True,0.010191075496968311,-6.099999999999997,0.039235267834507204,-28.126467567784704,5.165666666666667,-0.0043333333333333,103.41688189330075,True,0.7995766510706144,2.7876225673707467,0.4604789337173206,pyin_probability_below_0.5,-6.641376564184245,False,-3.299999999999999,-4.599403394781899
5.18,5.137333333333333,5.222666666666667,False,104.37997464223893,True,0.011853505394683411,-6.399999999999999,0.034201023541031786,-29.31921793059049,5.175666666666667,-0.004333333333332412,101.7902752012147,True,0.8128578475439548,2.589699441024237,0.4349426425709189,pyin_probability_below_0.5,-6.915840273037842,False,-3.6000000000000014,-4.873867103635496
5.19,5.147333333333333,5.232666666666667,False,102.5867891540234,True,0.03489742801962527,-6.699999999999999,0.02844335693924609,-30.92038297308228,5.185666666666667,-0.0043333333333333,100.53117843310504,True,0.8601943302240328,2.0556107209183665,0.3504234329439743,pyin_probability_below_0.5,-7.131321063410897,False,-3.8999999999999986,-5.089347894008552
5.2,5.157333333333334,5.242666666666667,False,101.40847938173854,True,0.05607139544589263,-6.8999999999999995,0.024426861715095255,-32.24264652411382,5.195666666666667,-0.0043333333333333,99.75923368626562,True,0.8924858715185497,1.6492456954729278,0.28387202220222735,pyin_probability_below_0.5,-7.264769652669152,False,-4.100000000000002,-5.222796483266807
5.21,5.167333333333334,5.252666666666666,False,100.24370365151614,True,0.06608151270920701,-7.100000000000001,0.019563712780348574,-34.17097443574886,5.205666666666667,-0.0043333333333333,99.74737291662493,True,0.711125914198522,0.4963307348912167,0.08593047717010419,pyin_probability_below_0.5,-7.266828107637027,False,-4.300000000000003,-5.2248549382346825
5.22,5.177333333333333,5.262666666666667,False,99.66634240352404,True,0.05607139544589263,-7.199999999999998,0.016230902122891164,-35.79314682330832,5.215666666666667,-0.004333333333332412,,False,0.0,,,pyin_probability_below_0.5|voicing_disagreement,,False,-4.4,
5.23,5.187333333333333,5.272666666666667,False,99.66634240352404,True,0.03010686179419501,-7.199999999999998,0.013672357275226062,-37.28313202998295,5.225666666666667,-0.0043333333333333,,False,0.0,,,pyin_probability_below_0.5|voicing_disagreement,,False,-4.4,
5.24,5.197333333333333,5.282666666666667,False,99.66634240352404,True,0.010467533617069907,-7.199999999999998,0.010662539754503954,-39.442786731720275,5.235666666666667,-0.0043333333333333,,False,0.0,,,pyin_probability_below_0.5|voicing_disagreement,,False,-4.4,
5.25,5.207333333333334,5.292666666666666,False,,False,0.010824463728234167,,0.00622944273747561,-44.11101603909241,5.245666666666667,-0.0043333333333333,,False,0.0,,,,,False,,
5.26,5.217333333333333,5.302666666666667,False,,False,0.010140046044704067,,0.0033078390255327763,-49.609112666935715,5.255666666666667,-0.004333333333332412,,False,0.0,,,,,False,,
5.27,5.227333333333333,5.312666666666667,False,,False,0.010000047007977303,,0.0023000976181596377,-52.76507463505327,5.265666666666667,-0.004333333333332412,,False,0.0,,,,,False,,
5.28,5.237333333333333,5.322666666666667,False,,False,0.01000007810228032,,0.001775856429215877,-55.01184296168543,5.275666666666667,-0.0043333333333333,,False,0.0,,,,,False,,
5.29,5.247333333333334,5.332666666666666,False,,False,0.01000419105279527,,0.0013220353853103798,-57.57513840927122,5.285666666666667,-0.0043333333333333,,False,0.0,,,,,False,,
5.3,5.257333333333333,5.342666666666666,False,,False,0.010000047007530627,,0.0009260544686157758,-60.66726936520422,5.295666666666667,-0.004333333333332412,,False,0.0,,,,,False,,
5.31,5.267333333333333,5.352666666666667,False,,False,0.0100000470079773,,0.0008111291596445139,-61.81819971344229,5.305666666666667,-0.004333333333332412,,False,0.0,,,,,False,,
5.32,5.277333333333333,5.362666666666667,False,,False,0.010000078102280324,,0.0007740181967765789,-62.22497658306666,5.315666666666667,-0.0043333333333333,,False,0.0,,,,,False,,
5.33,5.287333333333334,5.3726666666666665,False,,False,0.010000000799683622,,0.0006463560658690527,-63.790563422116435,5.325666666666667,-0.0043333333333333,,False,0.0,,,,,False,,
5.34,5.2973333333333334,5.382666666666666,False,,False,0.010000127845232541,,0.000618730160070358,-64.16997427462553,5.3356666666666674,-0.004333333333332412,,False,0.0,,,,,False,,
5.35,5.307333333333333,5.392666666666667,False,,False,0.01000020633903134,,0.0006036023913349499,-64.38498096634791,5.345666666666667,-0.004333333333332412,,False,0.0,,,,,False,,
5.36,5.317333333333333,5.402666666666667,False,,False,0.010000326967471633,,0.000582555100085201,-64.69325982556697,5.355666666666667,-0.0043333333333333,,False,0.0,,,,,False,,
5.37,5.327333333333334,5.4126666666666665,False,,False,0.010037765502929688,,0.0005927377418964965,-64.5427483735415,5.365666666666667,-0.0043333333333333,,False,0.0,,,,,False,,
5.38,5.3373333333333335,5.422666666666666,False,,False,4.9857933010282065e-05,,0.0005361929422212402,-65.41357813658695,5.3756666666666675,-0.004333333333332412,,False,0.0,,,,,False,,
5.39,5.347333333333333,5.432666666666667,False,,False,0.010824463728234165,,0.0004218017517778617,-67.4978324186315,5.385666666666667,-0.004333333333332412,,False,0.0,,,,,False,,
5.4,5.357333333333333,5.442666666666667,False,,False,0.01010197459374499,,0.00038244510170493227,-68.3486179415924,5.395666666666667,-0.0043333333333333,,False,0.0,,,,,False,,
5.41,5.367333333333334,5.4526666666666666,False,,False,0.010073751764282884,,0.0003381182319251773,-69.4186282137282,5.405666666666667,-0.0043333333333333,,False,0.0,,,,,False,,
5.42,5.3773333333333335,5.461333333333333,True,,False,0.010001664645942774,,0.0003067061487113589,-70.26555034767036,5.415666666666667,-0.0043333333333333,,False,0.0,,,edge_window,,False,,
5.43,5.387333333333333,5.461333333333333,True,,False,0.01000032860450166,,0.00030734732986056966,-70.2474111108825,5.425666666666667,-0.004333333333332412,,False,0.0,,,edge_window,,False,,
5.44,5.397333333333333,5.461333333333333,True,,False,0.01000419105279527,,0.00031628840303907804,-69.99833463076348,5.435666666666667,-0.0043333333333333,,False,0.0,,,edge_window,,False,,
5.45,5.407333333333334,5.461333333333333,True,,False,0.0100028158258111,,0.0002813083591568254,-71.0163472492133,,,,,,,,edge_window,,False,,
5.46,5.417333333333334,5.461333333333333,True,,False,0.010000000417883344,,0.0002480726697981126,-72.10842158756422,,,,,,,,edge_window,,False,,
