timestamp_s,window_start_s,window_end_s,edge_padded,f0_hz,voiced,voicing_probability,relative_pitch_semitones,rms_amplitude,rms_dbfs,praat_timestamp_s,praat_time_offset_s,praat_f0_hz,praat_voiced,praat_strength,absolute_difference_hz,signed_difference_semitones,flags,praat_relative_semitones,agreement_screen_pass
0.0,0.0,0.042666666666666665,True,,False,0.01,,1.4866311329002281e-05,-96.55593552960936,,,,,,,,edge_window,,False
0.01,0.0,0.05266666666666667,True,,False,0.01,,1.3380725606127957e-05,-97.4704067026749,,,,,,,,edge_window,,False
0.02,0.0,0.06266666666666666,True,,False,0.01,,1.2266743486584602e-05,-98.22541432576747,0.024999999999999575,0.004999999999999574,,False,0.0,,,edge_window,,False
0.03,0.0,0.07266666666666667,True,,False,0.01,,1.1391475004159498e-05,-98.86840076917672,0.03499999999999957,0.004999999999999574,,False,0.0,,,edge_window,,False
0.04,0.0,0.08266666666666667,True,,False,0.01,,1.068027334507808e-05,-99.42835264139283,0.044999999999999575,0.004999999999999574,,False,0.0,,,edge_window,,False
0.05,0.007333333333333333,0.09266666666666666,False,,False,0.01,,1.0512069551967908e-05,-99.56623548624917,0.05499999999999958,0.004999999999999574,,False,0.0,,,,,False
0.06,0.017333333333333333,0.10266666666666667,False,,False,0.01,,7.231593555499602e-06,-102.81531981869618,0.06499999999999957,0.004999999999999574,,False,0.0,,,,,False
0.07,0.027333333333333334,0.11266666666666666,False,,False,0.0,,0.0,,0.07499999999999958,0.004999999999999574,,False,0.0,,,,,False
0.08,0.037333333333333336,0.12266666666666666,False,,False,0.0,,0.0,,0.08499999999999958,0.004999999999999574,,False,0.0,,,,,False
0.09,0.04733333333333333,0.13266666666666665,False,,False,0.0,,0.0,,0.09499999999999958,0.004999999999999588,,False,0.0,,,,,False
0.1,0.05733333333333333,0.14266666666666666,False,,False,0.0,,0.0,,0.10499999999999958,0.004999999999999574,,False,0.0,,,,,False
0.11,0.06733333333333333,0.15266666666666667,False,,False,0.0,,0.0,,0.11499999999999957,0.004999999999999574,,False,0.0,,,,,False
0.12,0.07733333333333334,0.16266666666666665,False,,False,0.0,,0.0,,0.12499999999999958,0.004999999999999588,,False,0.0,,,,,False
0.13,0.08733333333333333,0.17266666666666666,False,,False,0.0,,0.0,,0.13499999999999956,0.00499999999999956,,False,0.0,,,,,False
0.14,0.09733333333333333,0.18266666666666667,False,,False,0.0,,0.0,,0.14499999999999957,0.00499999999999956,,False,0.0,,,,,False
0.15,0.10733333333333334,0.19266666666666668,False,,False,0.0,,0.0,,0.15499999999999958,0.004999999999999588,,False,0.0,,,,,False
0.16,0.11733333333333333,0.20266666666666666,False,,False,0.0,,0.0,,0.1649999999999996,0.004999999999999588,,False,0.0,,,,,False
0.17,0.12733333333333333,0.21266666666666667,False,,False,0.0,,0.0,,0.17499999999999957,0.00499999999999956,,False,0.0,,,,,False
0.18,0.13733333333333334,0.22266666666666668,False,,False,0.0,,0.0,,0.18499999999999958,0.004999999999999588,,False,0.0,,,,,False
0.19,0.14733333333333334,0.23266666666666666,False,,False,0.0,,0.0,,0.1949999999999996,0.004999999999999588,,False,0.0,,,,,False
0.2,0.15733333333333333,0.24266666666666667,False,,False,0.0,,0.0,,0.20499999999999957,0.00499999999999956,,False,0.0,,,,,False
0.21,0.16733333333333333,0.25266666666666665,False,,False,0.0,,0.0,,0.21499999999999958,0.004999999999999588,,False,0.0,,,,,False
0.22,0.17733333333333334,0.26266666666666666,False,,False,0.0,,0.0,,0.2249999999999996,0.004999999999999588,,False,0.0,,,,,False
0.23,0.18733333333333332,0.27266666666666667,False,,False,0.0,,0.0,,0.23499999999999957,0.00499999999999956,,False,0.0,,,,,False
0.24,0.19733333333333333,0.2826666666666667,False,,False,0.0,,0.0,,0.24499999999999958,0.004999999999999588,,False,0.0,,,,,False
0.25,0.20733333333333334,0.2926666666666667,False,,False,0.0,,0.0,,0.25499999999999956,0.00499999999999956,,False,0.0,,,,,False
0.26,0.21733333333333332,0.30266666666666664,False,,False,0.0,,0.0,,0.26499999999999957,0.00499999999999956,,False,0.0,,,,,False
0.27,0.22733333333333333,0.31266666666666665,False,,False,0.0,,0.0,,0.2749999999999996,0.00499999999999956,,False,0.0,,,,,False
0.28,0.23733333333333334,0.32266666666666666,False,,False,0.0,,0.0,,0.2849999999999996,0.00499999999999956,,False,0.0,,,,,False
0.29,0.24733333333333332,0.33266666666666667,False,,False,0.0,,0.0,,0.2949999999999996,0.004999999999999616,,False,0.0,,,,,False
0.3,0.25733333333333336,0.3426666666666667,False,,False,0.0,,0.0,,0.3049999999999996,0.004999999999999616,,False,0.0,,,,,False
0.31,0.2673333333333333,0.3526666666666667,False,,False,0.0,,0.0,,0.31499999999999956,0.00499999999999956,,False,0.0,,,,,False
0.32,0.2773333333333333,0.3626666666666667,False,,False,0.0,,0.0,,0.32499999999999957,0.00499999999999956,,False,0.0,,,,,False
0.33,0.28733333333333333,0.37266666666666665,False,,False,0.0,,0.0,,0.3349999999999996,0.00499999999999956,,False,0.0,,,,,False
0.34,0.29733333333333334,0.38266666666666665,False,,False,0.0,,0.0,,0.3449999999999996,0.00499999999999956,,False,0.0,,,,,False
0.35,0.30733333333333335,0.39266666666666666,False,,False,0.0,,0.0,,0.3549999999999996,0.004999999999999616,,False,0.0,,,,,False
0.36,0.31733333333333336,0.4026666666666667,False,,False,0.0,,0.0,,0.3649999999999996,0.004999999999999616,,False,0.0,,,,,False
0.37,0.3273333333333333,0.4126666666666667,False,,False,0.0,,0.0,,0.3749999999999996,0.004999999999999616,,False,0.0,,,,,False
0.38,0.3373333333333333,0.4226666666666667,False,,False,0.0,,0.0,,0.38499999999999956,0.00499999999999956,,False,0.0,,,,,False
0.39,0.3473333333333333,0.43266666666666664,False,,False,0.0,,0.0,,0.3949999999999996,0.00499999999999956,,False,0.0,,,,,False
0.4,0.35733333333333334,0.44266666666666665,False,,False,0.01,,5.682170528322689e-06,-104.90971473504153,0.4049999999999996,0.00499999999999956,,False,0.0,,,,,False
0.41,0.36733333333333335,0.45266666666666666,False,,False,0.01,,1.0425191454446529e-05,-99.6383192127509,0.4149999999999996,0.004999999999999616,,False,0.0,,,,,False
0.42,0.37733333333333335,0.46266666666666667,False,,False,0.010000000000000439,,0.0001466938969122382,-76.67175908543476,0.4249999999999996,0.004999999999999616,,False,0.0,,,,,False
0.43,0.3873333333333333,0.4726666666666667,False,,False,0.01000000000061386,,0.007932062767245979,-42.01227715670555,0.4349999999999996,0.004999999999999616,,False,0.0,,,,,False
0.44,0.3973333333333333,0.4826666666666667,False,232.97550689710764,True,0.011085791888943373,1.599999999999999,0.028967386602964267,-30.761813689372076,0.44499999999999956,0.00499999999999956,,False,0.0,,,pyin_probability_below_0.5|voicing_disagreement,,False
0.45,0.4073333333333333,0.49266666666666664,False,230.29955496661373,True,0.01646758759311301,1.3999999999999968,0.04047027178827981,-27.857277579698284,0.45499999999999957,0.00499999999999956,,False,0.0,,,pyin_probability_below_0.5|voicing_disagreement,,False
0.46,0.41733333333333333,0.5026666666666667,False,226.34314645699226,True,0.011422334250709074,1.099999999999998,0.05523601101731398,-25.155553848689856,0.4649999999999996,0.00499999999999956,234.56040959148908,True,0.5136477109905438,8.217263134496818,-0.6173748549580859,pyin_probability_below_0.5,1.7842637106077612,False
0.47,0.42733333333333334,0.5126666666666667,False,221.17346184722248,True,0.011853505394683411,0.7000000000000017,0.06987812329454353,-23.113175346182974,0.4749999999999996,0.004999999999999616,231.679901739791,True,0.7605699875693749,10.506439892568523,-0.803455268842378,pyin_probability_below_0.5,1.570344124492055,False
0.48,0.43733333333333335,0.5226666666666666,False,218.63306796596578,True,0.01240312479355135,0.5000000000000008,0.08272472310247155,-21.647293556863527,0.4849999999999996,0.004999999999999616,227.0738924281996,True,0.8186489077275696,8.44082446223382,-0.6558026405446689,pyin_probability_below_0.5,1.2226914961943465,False
0.49,0.44733333333333336,0.5326666666666666,False,217.37383415501247,True,0.013980210380185926,0.4000000000000011,0.0928272372433226,-20.646491499569926,0.4949999999999996,0.004999999999999616,221.2696388870302,True,0.8554817186003171,3.895804732017723,-0.30752661611853777,pyin_probability_below_0.5,0.7744154717682197,False
0.5,0.4573333333333333,0.5426666666666666,False,216.12185299712482,True,0.018187375734912182,0.3000000000000021,0.10129927184886472,-19.887873527771013,0.5049999999999996,0.00499999999999956,217.74331823112283,True,0.9154385777480788,1.6214652339980091,-0.1294019007704216,pyin_probability_below_0.5,0.4962907564201,False
0.51,0.4673333333333333,0.5526666666666666,False,216.12185299712482,True,0.022944219124638603,0.3000000000000021,0.1083552569905991,-19.303000269878293,0.5149999999999996,0.00499999999999956,215.25948854832149,True,0.9574175983322338,0.8623644488033335,0.06921749002394322,pyin_probability_below_0.5,0.29767136562573526,False
0.52,0.47733333333333333,0.5626666666666666,False,214.87708272009507,True,0.0779752376229482,0.20000000000000445,0.11222226020488583,-18.998419773313334,0.5249999999999996,0.00499999999999956,213.88020364484333,True,0.9653099524536081,0.9968790752517407,0.0805040129984218,pyin_probability_below_0.5,0.18638484265125882,False
0.53,0.48733333333333334,0.5726666666666667,False,214.87708272009507,True,0.24075439447557428,0.20000000000000445,0.11245838231500481,-18.98016335992906,0.5349999999999996,0.00499999999999956,213.2086341444152,True,0.969950772608735,1.6684485756798608,0.13494912328077716,pyin_probability_below_0.5,0.13193973236890205,False
0.54,0.49733333333333335,0.5826666666666667,False,214.87708272009507,True,0.5485250542599845,0.20000000000000445,0.11029030296435989,-19.14925340562985,0.5449999999999996,0.00499999999999956,213.36778048929725,True,0.9612894159635076,1.5093022307978288,0.12203141032827945,,0.14485744532140102,True
0.55,0.5073333333333333,0.5926666666666667,False,213.63948179230545,True,0.6860828109301792,0.10000000000000017,0.10326618342606936,-19.720837472001016,0.5549999999999996,0.00499999999999956,214.39660670904217,True,0.944488165133124,0.7571249167367284,-0.0612453873629216,,0.22813424301259977,True
0.56,0.5173333333333333,0.6026666666666667,False,213.63948179230545,True,0.615949885458068,0.10000000000000017,0.09415888880220954,-20.522773507522736,0.5649999999999996,0.00499999999999956,214.88121951068484,True,0.9166549547127953,1.2417377183793974,-0.10033329211726777,,0.26722214776694375,True
0.57,0.5273333333333333,0.6126666666666667,False,213.63948179230545,True,0.5485250542599848,0.10000000000000017,0.08260923658579168,-21.659427825027166,0.5749999999999996,0.004999999999999671,213.28785933896043,True,0.8270339894153051,0.35162245334501563,0.028517306934619593,,0.13837154871505808,True
0.58,0.5373333333333333,0.6226666666666667,False,213.63948179230545,True,0.4260623290432814,0.10000000000000017,0.0714258012349165,-22.922897582446225,0.5849999999999996,0.004999999999999671,209.32623537120068,True,0.7149005518390236,4.313246421104765,0.3531018057827042,pyin_probability_below_0.5,-0.18621295013302896,False
0.59,0.5473333333333333,0.6326666666666667,False,214.87708272009507,True,0.32333605839064083,0.20000000000000445,0.05883328541403484,-24.607537974509754,0.5949999999999996,0.004999999999999671,198.1326700277999,True,0.6065943845908512,16.744412692295185,1.4045380550731859,pyin_probability_below_0.5|pitch_difference_over_1_semitone,-1.1376491994235063,False
0.6,0.5573333333333333,0.6426666666666667,False,214.87708272009507,True,0.1504646013433388,0.20000000000000445,0.045645561319226445,-26.812028957682628,0.6049999999999995,0.00499999999999956,,False,0.0,,,pyin_probability_below_0.5|voicing_disagreement,,False
0.61,0.5673333333333334,0.6526666666666666,False,211.18562305262122,True,0.07797523762294818,-0.10000000000000067,0.03336821806042504,-29.533339700999306,0.6149999999999995,0.00499999999999956,,False,0.0,,,pyin_probability_below_0.5|voicing_disagreement,,False
0.62,0.5773333333333334,0.6626666666666666,False,205.1735783080468,True,0.022944219124638603,-0.5999999999999991,0.02120911344134842,-33.469549699520144,0.6249999999999996,0.00499999999999956,,False,0.0,,,pyin_probability_below_0.5|voicing_disagreement,,False
0.63,0.5873333333333334,0.6726666666666666,False,,False,0.010824463728234167,,0.008665648670229013,-41.24397844929124,0.6349999999999996,0.00499999999999956,,False,0.0,,,,,False
0.64,0.5973333333333334,0.6826666666666666,False,,False,0.01,,0.0017042576294326484,-55.369295062470044,0.6449999999999996,0.00499999999999956,,False,0.0,,,,,False
0.65,0.6073333333333333,0.6926666666666667,False,,False,0.010000000000613858,,0.011023592274208203,-39.15353716478148,0.6549999999999996,0.00499999999999956,,False,0.0,,,,,False
0.66,0.6173333333333333,0.7026666666666667,False,,False,0.01000000000002385,,0.017279653005989305,-35.24929965739387,0.6649999999999996,0.00499999999999956,,False,0.0,,,,,False
0.67,0.6273333333333333,0.7126666666666667,False,,False,0.01000000000000011,,0.023503681685968857,-32.57728206463947,0.6749999999999996,0.00499999999999956,,False,0.0,,,,,False
0.68,0.6373333333333333,0.7226666666666667,False,,False,0.010000000000023851,,0.02638077260890888,-31.574249789991477,0.6849999999999996,0.00499999999999956,,False,0.0,,,,,False
0.69,0.6473333333333333,0.7326666666666667,False,,False,0.010000000000006925,,0.027100769115278978,-31.340367674923833,0.6949999999999996,0.004999999999999671,,False,0.0,,,,,False
0.7,0.6573333333333333,0.7426666666666667,False,,False,0.010000000000006925,,0.027607042625943386,-31.17960228374837,0.7049999999999996,0.004999999999999671,,False,0.0,,,,,False
0.71,0.6673333333333333,0.7526666666666667,False,,False,0.010000000000023851,,0.028191743621225684,-30.997561255424237,0.7149999999999996,0.004999999999999671,,False,0.0,,,,,False
0.72,0.6773333333333333,0.7626666666666667,False,,False,0.010000000000221913,,0.029735840604374026,-30.534395597855394,0.7249999999999996,0.004999999999999671,,False,0.0,,,,,False
0.73,0.6873333333333334,0.7726666666666666,False,277.05613042340593,True,0.010000000208892744,4.600000000000001,0.03304169651139998,-29.61875324239376,0.7349999999999995,0.00499999999999956,,False,0.0,,,pyin_probability_below_0.5|voicing_disagreement,,False
0.74,0.6973333333333334,0.7826666666666666,False,280.2753675911423,True,0.01000187304601255,4.799999999999999,0.035806350191587726,-28.92079890365828,0.7449999999999996,0.00499999999999956,,False,0.0,,,pyin_probability_below_0.5|voicing_disagreement,,False
0.75,0.7073333333333334,0.7926666666666666,False,290.159257083858,True,0.010824463728234167,5.399999999999996,0.04077093669230302,-27.792986214603964,0.7549999999999996,0.00499999999999956,273.00442966159784,True,0.5863536287986967,17.154827422260155,1.0550471598538287,pyin_probability_below_0.5|pitch_difference_over_1_semitone,4.411841695795845,False
0.76,0.7173333333333334,0.8026666666666666,False,293.5307452495941,True,0.047686993082531035,5.6,0.046980100196264335,-26.561721226418022,0.7649999999999996,0.00499999999999956,276.60971304702014,True,0.7606846039203196,16.92103220257394,1.0279176741237839,pyin_probability_below_0.5|pitch_difference_over_1_semitone,4.638971181525893,False
0.77,0.7273333333333334,0.8126666666666666,False,296.94140822080067,True,0.09203757081218102,5.800000000000003,0.055124502149232556,-25.17310639576735,0.7749999999999996,0.00499999999999956,286.0700821456827,True,0.8467301359684342,10.871326075117963,0.6457159760519687,pyin_probability_below_0.5,5.221172879597715,False
0.78,0.7373333333333333,0.8226666666666667,False,300.391701186791,True,0.10857977072874499,6.000000000000002,0.06449269138034043,-23.80978997800267,0.7849999999999996,0.00499999999999956,293.30695003159053,True,0.9250099977270141,7.084751155200479,0.4132043978539216,pyin_probability_below_0.5,5.653684457795757,False
0.79,0.7473333333333333,0.8326666666666667,False,305.6424556337383,True,0.09203757081218102,6.300000000000001,0.07545166436165121,-22.446623516678706,0.7949999999999996,0.00499999999999956,298.07028537673665,True,0.9599904481201008,7.5721702570016305,0.4343087560967127,pyin_probability_below_0.5,5.932580099552964,False
0.8,0.7573333333333333,0.8426666666666667,False,307.41302436705854,True,0.1504646013433388,6.400000000000001,0.08722589101799734,-21.187091710231464,0.8049999999999996,0.00499999999999956,302.7491783260106,True,0.9641641949071331,4.663846041047918,0.2646629463651835,pyin_probability_below_0.5,6.202225909284494,False
0.81,0.7673333333333333,0.8526666666666667,False,309.19384990070745,True,0.20650679911775227,6.499999999999998,0.09743411114841108,-20.225779447638388,0.8149999999999996,0.00499999999999956,307.1649946839767,True,0.9759725794702075,2.028855216730733,0.11397373295276819,pyin_probability_below_0.5,6.452915122696908,False
0.82,0.7773333333333333,0.8626666666666667,False,309.19384990070745,True,0.42606232904328145,6.499999999999998,0.1052419774058574,-19.556220009829225,0.8249999999999996,0.004999999999999671,310.33119522605745,True,0.9838504282654272,1.1373453253499974,-0.06356524826010157,pyin_probability_below_0.5,6.630454103909777,False
0.83,0.7873333333333333,0.8726666666666667,False,310.98499165172495,True,0.615949885458068,6.599999999999998,0.11132615896476981,-19.068055498714173,0.8349999999999996,0.004999999999999671,312.71355246024234,True,0.9877019913567305,1.7285608085173862,-0.09596145502726125,,6.762850310676935,True
0.84,0.7973333333333333,0.8826666666666667,False,310.98499165172495,True,0.7571601330199093,6.599999999999998,0.1149020737459009,-18.79344266239192,0.8449999999999996,0.004999999999999671,313.14808053431364,True,0.990140451858235,2.1630888825886814,-0.12000095124567822,,6.786889806895354,True
0.85,0.8073333333333333,0.8926666666666667,False,310.98499165172495,True,0.8911444948731202,6.599999999999998,0.11721434052217455,-18.620385031093832,0.8549999999999996,0.004999999999999671,311.75930586283073,True,0.9899746056829997,0.774314211105775,-0.04305201422530177,,6.709940869874977,True
0.86,0.8173333333333334,0.9026666666666666,False,310.98499165172495,True,0.8911444948731203,6.599999999999998,0.11784352783737022,-18.573885293205073,0.8649999999999995,0.00499999999999956,310.5439875488905,True,0.9888983849190705,0.4410041028344267,0.024567847108716033,,6.642321008540961,True
0.87,0.8273333333333334,0.9126666666666666,False,310.98499165172495,True,0.8911444948731203,6.599999999999998,0.11728226160493803,-18.61535335865058,0.8749999999999996,0.00499999999999956,309.5980358264878,True,0.9885874674609991,1.3869558252371803,0.07738365506983659,,6.589505200579837,True
0.88,0.8373333333333334,0.9226666666666666,False,310.98499165172495,True,0.8911444948731204,6.599999999999998,0.11495876096667851,-18.789158514079656,0.8849999999999996,0.00499999999999956,309.2201723479718,True,0.9880108425072557,1.7648193037531428,0.09852621980269162,,6.568362635846984,True
0.89,0.8473333333333334,0.9326666666666666,False,310.98499165172495,True,0.9459302094659091,6.599999999999998,0.11083303859474386,-19.106615199989104,0.8949999999999996,0.00499999999999956,310.3250951646355,True,0.9830335730107158,0.6598964870894406,0.03677505712949489,,6.63011379852018,True
0.9,0.8573333333333333,0.9426666666666667,False,310.98499165172495,True,0.8911444948731203,6.599999999999998,0.10545410862088045,-19.53872989902742,0.9049999999999996,0.00499999999999956,312.4642113542865,True,0.9841609979432779,1.4792197025615224,-0.08215201200686262,,6.749040867656539,True
0.91,0.8673333333333333,0.9526666666666667,False,310.98499165172495,True,0.8266685594724995,6.599999999999998,0.09936494313146918,-20.055336233583105,0.9149999999999996,0.00499999999999956,312.931564424406,True,0.9827769219534819,1.9465727726810655,-0.1080267534066296,,6.774915609056306,True
0.92,0.8773333333333333,0.9626666666666667,False,310.98499165172495,True,0.7571601330199091,6.599999999999998,0.09220397742276007,-20.705006885760532,0.9249999999999996,0.00499999999999956,311.8135005430221,True,0.9803497060563974,0.8285088912971332,-0.04606124345717029,,6.7129500991068465,True
0.93,0.8873333333333333,0.9726666666666667,False,310.98499165172495,True,0.6860828109301793,6.599999999999998,0.08436251638454693,-21.47700949007255,0.9349999999999996,0.00499999999999956,309.371671830663,True,0.9637014894632198,1.613319821061964,0.0900462803866389,,6.576842575263035,True
0.94,0.8973333333333333,0.9826666666666667,False,310.98499165172495,True,0.5485250542599844,6.599999999999998,0.0775631187107809,-22.206894736670066,0.9449999999999996,0.004999999999999671,305.12202028076325,True,0.9434430498567073,5.862971370961702,0.32950386464848075,,6.337384991001192,True
0.95,0.9073333333333333,0.9926666666666667,False,309.19384990070745,True,0.42606232904328145,6.499999999999998,0.07124288453756723,-22.945170095970653,0.9549999999999996,0.004999999999999671,299.8464749279486,True,0.9207971501690816,9.347374972758871,0.5314513325183966,pyin_probability_below_0.5,6.03543752313128,False
0.96,0.9173333333333333,1.0026666666666666,False,307.41302436705854,True,0.3233360583906409,6.400000000000001,0.06485060491547313,-23.76171937071083,0.9649999999999996,0.004999999999999671,293.2395254313445,True,0.8941857811914652,14.173498935714065,0.8171845688749027,pyin_probability_below_0.5,5.649704286774776,False
0.97,0.9273333333333333,1.0126666666666666,False,303.8820846259238,True,0.24075439447557428,6.199999999999999,0.059294038208258924,-24.53977942223139,0.9749999999999996,0.004999999999999671,278.78959247874985,True,0.9704377327068116,25.09249214717397,1.4920190211635447,pyin_probability_below_0.5|pitch_difference_over_1_semitone,4.7748698344861324,False
0.98,0.9373333333333334,1.0226666666666666,False,298.66157229922914,True,0.2065067991177523,5.900000000000003,0.05399366932603742,-25.353143150926726,0.9849999999999995,0.00499999999999956,272.50433558244924,True,0.9922385112643256,26.15723671677989,1.5867892763975777,pyin_probability_below_0.5|pitch_difference_over_1_semitone,4.380099579252103,False
0.99,0.9473333333333334,1.0326666666666666,False,286.82649376257405,True,0.20650679911775233,5.1999999999999975,0.05140169612107361,-25.780451003802824,0.9949999999999996,0.00499999999999956,268.55816646554376,True,0.9974209635685697,18.268327297030282,1.1393243698760018,pyin_probability_below_0.5|pitch_difference_over_1_semitone,4.127564485773675,False
1.0,0.9573333333333334,1.0426666666666666,False,266.0772119191614,True,0.5485250542599844,3.8999999999999977,0.05029014824187123,-25.970341683870274,1.0049999999999994,0.004999999999999449,266.535981028661,True,0.9988040010651089,0.4587691094995989,-0.029824154187897536,,3.99671300983757,True
1.01,0.9673333333333334,1.0526666666666666,False,263.0210544784999,True,0.7571601330199094,3.7000000000000015,0.05196388385447931,-25.685967931990675,1.0149999999999995,0.004999999999999449,262.68479471214584,True,0.9950041157100459,0.33625976635403276,0.022147154616255656,,3.7447417010334227,True
1.02,0.9773333333333334,1.0626666666666666,False,258.50251019256234,True,0.7571601330199093,3.400000000000004,0.05402736289902356,-25.3477246012252,1.0249999999999995,0.004999999999999449,256.9392974237512,True,0.9938203514482151,1.5632127688111268,0.10500876834280068,,3.361880087306882,True
1.03,0.9873333333333333,1.0726666666666667,False,255.5333556217653,True,0.7571601330199093,3.2000000000000033,0.055961658163120494,-25.042188513902857,1.0349999999999995,0.004999999999999449,251.91435847284768,True,0.9963270692089589,3.6189971489176287,0.246939227015137,,3.0199496286345417,True
1.04,0.9973333333333333,1.0826666666666667,False,251.14344552045984,True,0.7571601330199094,2.9,0.05858692837129849,-24.643985416659543,1.0449999999999995,0.004999999999999449,248.71320067264645,True,0.9983442948099742,2.430244847813384,0.1683424962493355,,2.798546359400341,True
1.05,1.0073333333333334,1.0926666666666667,False,248.25881701670832,True,0.7571601330199093,2.7,0.06101623121427178,-24.291092418104657,1.0549999999999995,0.004999999999999449,245.59263564295193,True,0.9988342124601877,2.6661813737563875,0.18693187175374826,,2.5799569838959293,True
1.06,1.0173333333333334,1.1026666666666667,False,245.40732129724032,True,0.8266685594724996,2.500000000000002,0.063299224477024,-23.972032215896903,1.0649999999999995,0.004999999999999449,243.55073669372103,True,0.9991092020588748,1.8565846035192806,0.13147131435444817,,2.435417541295229,True
1.07,1.0273333333333334,1.1126666666666667,False,242.58857779956992,True,0.8266685594724996,2.3000000000000003,0.06532518537555188,-23.698386983726465,1.0749999999999995,0.004999999999999449,242.0987585079467,True,0.998179980197452,0.48981929162320625,0.03499130514486627,,2.3318975505048085,True
1.08,1.0373333333333334,1.1226666666666667,False,241.19137040474044,True,0.8911444948731203,2.1999999999999993,0.06695866803420514,-23.483863881403536,1.0849999999999995,0.004999999999999449,240.2022451134224,True,0.9984379916716427,0.9891252913180324,0.07114385142492848,,2.1957450042247486,True
1.09,1.0473333333333332,1.1326666666666667,False,242.58857779956992,True,0.8266685594724996,2.3000000000000003,0.07004325529314709,-23.092673561595426,1.0949999999999995,0.004999999999999449,238.02389334585976,True,0.9992140782012352,4.564684453710157,0.32886265976894885,,2.0380261958807293,True
1.1,1.0573333333333332,1.1426666666666667,False,243.99387913449723,True,0.7571601330199094,2.4000000000000012,0.07269198237042716,-22.770269748238846,1.1049999999999995,0.004999999999999449,237.21027022381082,True,0.9980408129531337,6.783608910686411,0.48814179145616154,,1.9787470641935205,True
1.11,1.0673333333333332,1.1526666666666667,False,248.25881701670832,True,0.6860828109301793,2.7,0.07599748110050945,-22.384016039194208,1.1149999999999995,0.004999999999999449,241.2270877714352,True,0.9826556821913174,7.031729245273112,0.49743645292049377,,2.2694524027291862,True
1.12,1.0773333333333333,1.1626666666666667,False,251.14344552045984,True,0.6860828109301793,2.9,0.07833959996369792,-22.120373009605828,1.1249999999999996,0.004999999999999449,249.11784272859933,True,0.9796686132527493,2.025602791860507,0.14019920271606276,,2.826689652933614,True
1.13,1.0873333333333333,1.1726666666666667,False,252.59830469993753,True,0.6860828109301793,2.999999999999999,0.08059086325681354,-21.874283844313073,1.1349999999999996,0.004999999999999671,251.8653665207018,True,0.9869846708408525,0.732938179235731,0.050306434218788165,,3.0165824214308916,True
1.14,1.0973333333333333,1.1826666666666668,False,255.5333556217653,True,0.6860828109301793,3.2000000000000033,0.0827080606240504,-21.64904325176549,1.1449999999999996,0.004999999999999671,254.8004100821546,True,0.9901890089237035,0.7329455396107107,0.04972828497787228,,3.21716057067181,True
1.15,1.1073333333333333,1.1926666666666668,False,257.013645291753,True,0.6860828109301792,3.3000000000000003,0.08386479762610183,-21.528405933582544,1.1549999999999996,0.004999999999999671,255.74554055914433,True,0.9904731607674294,1.2681047326086627,0.08563047244378949,,3.2812583832058904,True
1.16,1.1173333333333333,1.2026666666666668,False,258.50251019256234,True,0.6860828109301792,3.400000000000004,0.08560252372346579,-21.35026862631249,1.1649999999999996,0.004999999999999671,257.4516824520905,True,0.9847701995533716,1.0508277404718456,0.07051910054606883,,3.3963697551036116,True
1.17,1.1273333333333333,1.2126666666666666,False,258.50251019256234,True,0.6860828109301792,3.400000000000004,0.0863954383537318,-21.270183749982866,1.1749999999999996,0.004999999999999671,260.8122855265847,True,0.9800014946007742,2.3097753340223335,-0.1540024703915132,,3.6208913260411926,True
1.18,1.1373333333333333,1.2226666666666666,False,263.0210544784999,True,0.6860828109301792,3.7000000000000015,0.08666240434864393,-21.243385322681046,1.1849999999999994,0.004999999999999449,265.53220730330884,True,0.98443156497721,2.51115282480896,-0.16450285324881966,,3.9313917088985013,True
1.19,1.1473333333333333,1.2326666666666666,False,267.61858152730787,True,0.6860828109301792,3.9999999999999973,0.08630370072588327,-21.279411624427915,1.1949999999999994,0.004999999999999449,268.1266418640821,True,0.9899433342288328,0.5080603367742356,-0.032835444135479196,,4.099724299785153,True
1.2,1.1573333333333333,1.2426666666666666,False,269.16888019875813,True,0.7571601330199093,4.099999999999998,0.08640976254047623,-21.268743766639098,1.2049999999999994,0.004999999999999449,270.7659220831652,True,0.9913605951950324,1.5970418844070764,-0.10241463745272433,,4.2693034931024005,True
1.21,1.1673333333333333,1.2526666666666666,False,270.72815965904965,True,0.8266685594724995,4.200000000000001,0.08660231173872125,-21.249410297766186,1.2149999999999994,0.004999999999999449,272.05522875536053,True,0.9920992397355198,1.327069096310879,-0.08465519881072901,,4.351544054460407,True
1.22,1.1773333333333333,1.2626666666666666,False,272.296471933363,True,0.8266685594724994,4.300000000000004,0.08699369572856865,-21.210244375098505,1.2249999999999994,0.004999999999999449,272.95876312060267,True,0.9930872218365028,0.6622911872396458,-0.04205669359622909,,4.408945549245911,True
1.23,1.1873333333333334,1.2726666666666666,False,272.296471933363,True,0.8911444948731202,4.300000000000004,0.08751458392416131,-21.15839135326455,1.2349999999999994,0.004999999999999449,273.3724090074105,True,0.9926706893148398,1.0759370740474878,-0.06827222061979235,,4.435161076269473,True
1.24,1.1973333333333334,1.2826666666666666,False,272.296471933363,True,0.8911444948731202,4.300000000000004,0.08752818921988752,-21.15704112217204,1.2449999999999994,0.004999999999999449,273.01126847963747,True,0.9924947083435086,0.7147965462744423,-0.045386512463148114,,4.41227536811283,True
1.25,1.2073333333333334,1.2926666666666666,False,272.296471933363,True,0.9459302094659092,4.300000000000004,0.08881577754725423,-21.030197555360704,1.2549999999999994,0.004999999999999449,272.3618668313157,True,0.9943207871862503,0.06539489795267173,-0.0041572437786114875,,4.371046099428296,True
1.26,1.2173333333333334,1.3026666666666666,False,272.296471933363,True,0.9459302094659092,4.300000000000004,0.08910643944553809,-21.00181819432201,1.2649999999999995,0.004999999999999449,272.1162909386614,True,0.9957884556206482,0.18018099470162952,0.011459521366326329,,4.355429334283356,True
1.27,1.2273333333333334,1.3126666666666666,False,272.296471933363,True,0.9848789761259923,4.300000000000004,0.08804385772116477,-21.106018733934505,1.2749999999999995,0.004999999999999449,272.1278949712766,True,0.996270311468587,0.16857696208643347,0.01072127567099258,,4.35616757997869,True
1.28,1.2373333333333334,1.3226666666666667,False,272.296471933363,True,0.9459302094659091,4.300000000000004,0.08393025328868112,-21.521629325010487,1.2849999999999995,0.004999999999999449,271.9872934120584,True,0.9962236485327088,0.3091785213046023,0.01966843308489951,,4.347220422564783,True
1.29,1.2473333333333334,1.3326666666666667,False,270.72815965904965,True,0.9459302094659092,4.200000000000001,0.07924908247391757,-22.020115144682784,1.2949999999999995,0.004999999999999449,270.9302159329582,True,0.9905267079254099,0.20205627390856762,-0.012916138038531708,,4.279804993688209,True
1.3,1.2573333333333334,1.3426666666666667,False,270.72815965904965,True,0.8911444948731202,4.200000000000001,0.07343753796785663,-22.681637830280472,1.3049999999999995,0.004999999999999449,267.5606560045449,True,0.9659876823336843,3.167503654504742,0.2037476281094675,,4.063141227540207,True
1.31,1.2673333333333334,1.3526666666666667,False,270.72815965904965,True,0.8266685594724995,4.200000000000001,0.0666178092279731,-23.528193069596508,1.3149999999999995,0.004999999999999449,256.35866643089304,True,0.9307099567173287,14.369493228156614,0.9441754373852062,,3.3227134182644713,False
1.32,1.2773333333333334,1.3626666666666667,False,269.16888019875813,True,0.7571601330199094,4.099999999999998,0.05976080047109475,-24.471671879190797,1.3249999999999995,0.004999999999999449,239.27419041293925,True,0.9842476681513012,29.894689785818883,2.038162031433229,pitch_difference_over_1_semitone,2.1287268242164474,False
1.33,1.2873333333333334,1.3726666666666667,False,267.61858152730787,True,0.5485250542599845,3.9999999999999973,0.050598131512954,-25.917310409684827,1.3349999999999995,0.004999999999999449,230.46500220698073,True,0.9869426810829252,37.15357932032714,2.587567276879349,pitch_difference_over_1_semitone,1.479321578770326,False
1.34,1.2973333333333332,1.3826666666666667,False,257.013645291753,True,0.2796051653363589,3.3000000000000003,0.04043655429088211,-27.864517178442064,1.3449999999999995,0.004999999999999449,221.7983379491282,True,0.9929227033520591,35.21530734262478,2.551156822979014,pyin_probability_below_0.5|pitch_difference_over_1_semitone,0.8157320326706643,False
1.35,1.3073333333333332,1.3926666666666667,False,234.3251202788159,True,0.15046460134333883,1.7000000000000026,0.02711503361089053,-31.335797057825,1.3549999999999995,0.004999999999999449,214.4140599055765,True,0.9874597021280509,19.911060373239394,1.5373453394788132,pyin_probability_below_0.5|pitch_difference_over_1_semitone,0.22954351617086705,False
1.36,1.3173333333333332,1.4026666666666667,False,218.63306796596578,True,0.07797523762294818,0.5000000000000008,0.021524756872332487,-33.341234906290545,1.3649999999999995,0.004999999999999449,203.25369935830432,True,0.9746016917623762,15.379368607661462,1.2627601519688931,pyin_probability_below_0.5|pitch_difference_over_1_semitone,-0.6958712963192157,False
1.37,1.3273333333333333,1.4126666666666667,False,206.36213675586595,True,0.10857977072874497,-0.4999999999999981,0.019004062443027294,-34.42307102515174,1.3749999999999996,0.004999999999999449,192.51764879360746,True,0.9824822030879504,13.844487962258484,1.2022509713351555,pyin_probability_below_0.5|pitch_difference_over_1_semitone,-1.6353621156854752,False
1.38,1.3373333333333333,1.4226666666666667,False,195.90826859169485,True,0.1765306086328976,-1.4000000000000004,0.017313071004722028,-35.23251779661165,1.3849999999999996,0.004999999999999671,184.1499237171283,True,0.979484596656981,11.758344874566546,1.0715698837124783,pyin_probability_below_0.5|pitch_difference_over_1_semitone,-2.404681028062802,False
1.39,1.3473333333333333,1.4326666666666668,False,190.3311404729313,True,0.37213589829750865,-1.8999999999999986,0.016131304242494454,-35.8466103553583,1.3949999999999996,0.004999999999999671,177.74253624058383,True,0.9838298994791654,12.588604232347478,1.1846717249439964,pyin_probability_below_0.5|pitch_difference_over_1_semitone,-3.017782869294316,False
1.4,1.3573333333333333,1.4426666666666668,False,185.98397121658357,True,0.4849868077159112,-2.3000000000000016,0.015151937892618008,-36.390636369968846,1.4049999999999996,0.004999999999999671,174.13813364393053,True,0.988829415279644,11.84583757265304,1.1393534846611213,pyin_probability_below_0.5|pitch_difference_over_1_semitone,-3.3724646290114437,False
1.41,1.3673333333333333,1.4526666666666668,False,191.43371755306833,True,0.010259050559778863,-1.799999999999999,0.018055397960747684,-34.867858696111675,1.4149999999999996,0.004999999999999671,174.2237552965877,True,0.9762049028733907,17.209962256480623,1.6308433044084467,pyin_probability_below_0.5|pitch_difference_over_1_semitone,-3.3639544487587663,False
1.42,1.3773333333333333,1.4626666666666666,False,214.87708272009507,True,0.010622609040911533,0.20000000000000445,0.026848392111296006,-31.42163436174732,1.4249999999999996,0.004999999999999671,182.54299585940308,True,0.917086874314905,32.334086860692,2.823303712292983,pyin_probability_below_0.5|pitch_difference_over_1_semitone,-2.556414856643304,False
1.43,1.3873333333333333,1.4726666666666666,False,223.74337368352585,True,0.022944219124638603,0.9000000000000021,0.04180236445055781,-27.57598305407428,1.4349999999999994,0.004999999999999449,205.0077164784758,True,0.3833155275273563,18.735657205050046,1.514000914527008,pyin_probability_below_0.5|pitch_difference_over_1_semitone,-0.5471120588773275,False
1.44,1.3973333333333333,1.4826666666666666,False,225.0395058615972,True,0.17653060863289757,1.0000000000000009,0.054616948978339484,-25.253451283076387,1.4449999999999994,0.004999999999999449,214.99624331464608,True,0.6821646971447202,10.043262546951127,0.7904020616593939,pyin_probability_below_0.5,0.2764867939902855,False
1.45,1.4073333333333333,1.4926666666666666,False,223.74337368352585,True,0.42606232904328145,0.9000000000000021,0.06266922094570751,-24.058914081454006,1.4549999999999994,0.004999999999999449,220.99502108735825,True,0.8615048980244069,2.7483525961675923,0.21397307804203608,pyin_probability_below_0.5,0.7529157776076437,False
1.46,1.4173333333333333,1.5026666666666666,False,223.74337368352585,True,0.5485250542599845,0.9000000000000021,0.06824390007520958,-23.318723232138158,1.4649999999999994,0.004999999999999449,224.80354208336686,True,0.9485090758997711,1.060168399841018,-0.08183772911232018,,1.048726584762,True
1.47,1.4273333333333333,1.5126666666666666,False,222.45470667747657,True,0.6159498854580681,0.8000000000000002,0.07325396760006707,-22.703376959367567,1.4749999999999994,0.004999999999999449,225.12475884930757,True,0.978600944177094,2.670052171831003,-0.20655728979145746,,1.0734461454411335,True
1.48,1.4373333333333334,1.5226666666666666,False,222.45470667747657,True,0.6159498854580681,0.8000000000000002,0.07746207256900177,-22.21821774492303,1.4849999999999994,0.004999999999999449,223.68834629043647,True,0.985631264874679,1.2336396129599052,-0.09574168335524019,,0.9626305390049168,True
1.49,1.4473333333333334,1.5326666666666666,False,222.45470667747657,True,0.6860828109301793,0.8000000000000002,0.08246265133116702,-21.67485411832247,1.4949999999999994,0.004999999999999449,221.47454244327312,True,0.9901566548325794,0.9801642342034427,0.07644895923048615,,0.7904398964191928,True
1.5,1.4573333333333334,1.5426666666666666,False,221.17346184722248,True,0.6860828109301793,0.7000000000000017,0.08600540898866431,-21.309484691393926,1.5049999999999994,0.004999999999999449,219.9414975247064,True,0.9940519745793593,1.2319643225160917,0.09670150977159983,,0.6701873458780794,True
1.51,1.4673333333333334,1.5526666666666666,False,221.17346184722248,True,0.7571601330199094,0.7000000000000017,0.08678656748182514,-21.230949763740995,1.5149999999999995,0.004999999999999449,219.10772411543752,True,0.9952740744965988,2.0657377317849637,0.1624553514549973,,0.6044335041946817,True
1.52,1.4773333333333334,1.5626666666666666,False,221.17346184722248,True,0.6860828109301792,0.7000000000000017,0.08643534812101356,-21.26617229059739,1.5249999999999995,0.004999999999999449,219.02883794387398,True,0.9937628536734932,2.144623903348503,0.1686895003260768,,0.5981993553236009,True
1.53,1.4873333333333334,1.5726666666666667,False,221.17346184722248,True,0.6860828109301793,0.7000000000000017,0.0863417896125918,-21.275579078659057,1.5349999999999995,0.004999999999999449,219.65245075023685,True,0.9890198881720181,1.5210110969856316,0.11946832409263038,,0.6474205315570469,True
1.54,1.4973333333333334,1.5826666666666667,False,221.17346184722248,True,0.7571601330199093,0.7000000000000017,0.0867215699976458,-21.23745736631161,1.5449999999999995,0.004999999999999449,220.91949644733717,True,0.9830635021052966,0.25396539988531686,0.019890549608725563,,0.7469983060409523,True
1.55,1.5073333333333334,1.5926666666666667,False,221.17346184722248,True,0.7571601330199093,0.7000000000000017,0.08548133752030382,-21.362573821609324,1.5549999999999995,0.004999999999999449,222.41620694641358,True,0.9720340934796438,1.2427450991910973,-0.09700353323081494,,0.8638923888804908,True
1.56,1.5173333333333334,1.6026666666666667,False,222.45470667747657,True,0.7571601330199094,0.8000000000000002,0.08370437064851916,-21.545037291992113,1.5649999999999995,0.004999999999999449,223.55158759057232,True,0.9577649976141712,1.0968809130957595,-0.08515401856262104,,0.9520428742122978,True
1.57,1.5273333333333334,1.6126666666666667,False,222.45470667747657,True,0.7571601330199093,0.8000000000000002,0.08200248928711519,-21.72345927738688,1.5749999999999995,0.004999999999999449,223.20195779634892,True,0.9427363244694822,0.7472511188723558,-0.05805670129895275,,0.9249455569486313,True
1.58,1.5373333333333334,1.6226666666666667,False,222.45470667747657,True,0.7571601330199094,0.8000000000000002,0.0789708533023058,-22.050663385748447,1.5849999999999995,0.004999999999999449,221.15684822546976,True,0.9376610217322908,1.2978584520068068,0.10130047916750035,,0.7655883764821789,True
1.59,1.5473333333333332,1.6326666666666667,False,222.45470667747657,True,0.7571601330199093,0.8000000000000002,0.07591623623137622,-22.393306629229457,1.5949999999999995,0.004999999999999449,219.4829083070057,True,0.9574784327051707,2.9717983704708786,0.23283630546847844,,0.6340525501812003,True
1.6,1.5573333333333332,1.6426666666666667,False,222.45470667747657,True,0.7571601330199094,0.8000000000000002,0.07275658033424234,-22.762554432102327,1.6049999999999995,0.004999999999999449,221.55589937411204,True,0.9854548395405883,0.8988073033645207,0.07009057492617367,,0.7967982807235041,True
1.61,1.5673333333333332,1.6526666666666667,False,222.45470667747657,True,0.4849868077159113,0.8000000000000002,0.06822421551100254,-23.321228988925775,1.6149999999999995,0.004999999999999449,222.1605982550176,True,0.9970098737058924,0.29410842245897584,0.022903871445508997,pyin_probability_below_0.5,0.8439849842041691,False
1.62,1.5773333333333333,1.6626666666666667,False,225.0395058615972,True,0.2065067991177523,1.0000000000000009,0.06682800819602994,-23.500829655983168,1.6249999999999996,0.004999999999999449,222.44591506755395,True,0.9985517350230324,2.5935907940432514,0.20068421277482135,pyin_probability_below_0.5,0.8662046428748608,False
1.63,1.5873333333333333,1.6726666666666667,False,227.65433896553014,True,0.2065067991177523,1.1999999999999993,0.07155603999418104,-22.907074037404314,1.6349999999999996,0.004999999999999671,223.68018938637272,True,0.9791305431733671,3.9741495791574266,0.30488963105002487,pyin_probability_below_0.5,0.9619992245996544,False
1.64,1.5973333333333333,1.6826666666666668,False,227.65433896553014,True,0.27960516533635893,1.1999999999999993,0.07873270733014705,-22.07689629001444,1.6449999999999996,0.004999999999999671,228.52994563452663,True,0.8648970753013165,0.8756066689964825,-0.06645919167807438,pyin_probability_below_0.5,1.333348047327751,False
1.65,1.6073333333333333,1.6926666666666668,False,227.65433896553014,True,0.3233360583906408,1.1999999999999993,0.08770718492073372,-21.1392965605892,1.6549999999999996,0.004999999999999671,228.79829299909892,True,0.8337419451710198,1.1439540335687752,-0.0867759842396063,pyin_probability_below_0.5,1.353664839889284,False
1.66,1.6173333333333333,1.7026666666666668,False,227.65433896553014,True,0.42606232904328145,1.1999999999999993,0.09715794199525274,-20.25043386037055,1.6649999999999996,0.004999999999999671,228.46138917369748,True,0.9176582219191396,0.8070502081673396,-0.06126490149701235,pyin_probability_below_0.5,1.3281537571466897,False
1.67,1.6273333333333333,1.7126666666666666,False,227.65433896553014,True,0.5485250542599845,1.1999999999999993,0.106153330838357,-19.481327483181797,1.6749999999999996,0.004999999999999671,227.70077193159594,True,0.9636545332320854,0.046432966065793835,-0.0035307095586353996,,1.2704195652083126,True
1.68,1.6373333333333333,1.7226666666666666,False,226.34314645699226,True,0.6159498854580681,1.099999999999998,0.11065982457444296,-19.12020045189545,1.6849999999999996,0.004999999999999671,226.94602582598588,True,0.982344551642201,0.6028793689936265,-0.046051217206472615,,1.2129400728561497,True
1.69,1.6473333333333333,1.7326666666666666,False,226.34314645699226,True,0.6860828109301795,1.099999999999998,0.11307657015774117,-18.93254746034603,1.6949999999999994,0.004999999999999449,226.45392193655675,True,0.9872518126657505,0.11077547956449507,-0.008470827186680286,,1.1753596828363588,True
1.7,1.6573333333333333,1.7426666666666666,False,226.34314645699226,True,0.7571601330199093,1.099999999999998,0.11322600385913148,-18.92107640366208,1.7049999999999994,0.004999999999999449,226.16721850347463,True,0.990584671336963,0.17592795351762902,0.01346145866446601,,1.1534273969852102,True
1.71,1.6673333333333333,1.7526666666666666,False,226.34314645699226,True,0.7571601330199094,1.099999999999998,0.11003066569101806,-19.16972519058882,1.7149999999999994,0.004999999999999449,225.7924551391561,True,0.986996878903764,0.5506913178361685,0.04217212836296062,,1.124716727286716,True
1.72,1.6773333333333333,1.7626666666666666,False,226.34314645699226,True,0.7571601330199094,1.099999999999998,0.10329568317668948,-19.718356553483062,1.7249999999999994,0.004999999999999449,224.5024044164196,True,0.971091768336876,1.8407420405726498,0.14136872362216676,,1.0255201320275096,True
1.73,1.6873333333333334,1.7726666666666666,False,225.0395058615972,True,0.6860828109301793,1.0000000000000009,0.0946451322423409,-20.478034352366915,1.7349999999999994,0.004999999999999449,221.82606108689717,True,0.9375028527316133,3.2134447747000365,0.24899304478199175,,0.8178958108676884,True
1.74,1.6973333333333334,1.7826666666666666,False,225.0395058615972,True,0.6860828109301794,1.0000000000000009,0.08384544922991467,-21.53041008106728,1.7449999999999994,0.004999999999999449,217.68601824894324,True,0.8878910938947332,7.353487612653964,0.5751545070056289,,0.4917343486440505,False
1.75,1.7073333333333334,1.7926666666666666,False,223.74337368352585,True,0.5485250542599845,0.9000000000000021,0.0690911351227146,-23.211553441594507,1.7549999999999994,0.004999999999999449,212.1793255853162,True,0.837779892813521,11.56404809820964,0.9187304086477979,,0.04815844700188188,False
1.76,1.7173333333333334,1.8026666666666666,False,222.45470667747657,True,0.48498680771591124,0.8000000000000002,0.053805170905932447,-25.38351969559453,1.7649999999999995,0.004999999999999449,203.08562108483008,True,0.7681431380284126,19.369085592646485,1.5770823123852247,pyin_probability_below_0.5|pitch_difference_over_1_semitone,-0.710193456735549,False
1.77,1.7273333333333334,1.8126666666666666,False,219.8995964441766,True,0.37213589829750865,0.6000000000000013,0.040477012122938937,-27.85583106289675,1.7749999999999995,0.004999999999999449,,False,0.0,,,pyin_probability_below_0.5|voicing_disagreement,,False
1.78,1.7373333333333334,1.8226666666666667,False,214.87708272009507,True,0.2796051653363588,0.20000000000000445,0.02869911066704599,-30.842631220984792,1.7849999999999995,0.004999999999999449,,False,0.0,,,pyin_probability_below_0.5|voicing_disagreement,,False
1.79,1.7473333333333334,1.8326666666666667,False,203.99186545315516,True,0.04069733156888106,-0.7000000000000022,0.01455185522343471,-36.741632694471704,1.7949999999999995,0.004999999999999449,,False,0.0,,,pyin_probability_below_0.5|voicing_disagreement,,False
1.8,1.7573333333333334,1.8426666666666667,False,208.75994928447787,True,0.0100000470079773,-0.30000000000000004,0.006692483970872081,-43.48825320631747,1.8049999999999995,0.004999999999999449,,False,0.0,,,pyin_probability_below_0.5|voicing_disagreement,,False
1.81,1.7673333333333334,1.8526666666666667,False,,False,0.010000000000000439,,0.004868996760910995,-46.25121028734849,1.8149999999999995,0.004999999999999449,,False,0.0,,,,,False
1.82,1.7773333333333334,1.8626666666666667,False,,False,0.01000123296498612,,0.017522898399539757,-35.127881142791026,1.8249999999999995,0.004999999999999449,,False,0.0,,,,,False
1.83,1.7873333333333334,1.8726666666666667,False,248.25881701670832,True,0.013980210380185928,2.7,0.03808638842461718,-28.384604154879778,1.8349999999999995,0.004999999999999449,,False,0.0,,,pyin_probability_below_0.5|voicing_disagreement,,False
1.84,1.7973333333333332,1.8826666666666667,False,242.58857779956992,True,0.03489742801962526,2.3000000000000003,0.05202499774105034,-25.67575859947208,1.8449999999999995,0.004999999999999449,,False,0.0,,,pyin_probability_below_0.5|voicing_disagreement,,False
1.85,1.8073333333333332,1.8926666666666667,False,237.04784702513638,True,0.020317628556360583,1.9000000000000006,0.06377056076431419,-23.907595280836198,1.8549999999999995,0.004999999999999449,252.5995699435696,True,0.6845210316708816,15.551722918433228,-1.1000867158381356,pyin_probability_below_0.5|pitch_difference_over_1_semitone,3.0669755714878155,False
1.86,1.8173333333333332,1.9026666666666667,False,231.63366671648822,True,0.011085791888943371,1.5000000000000004,0.07659918014625727,-22.315517573369306,1.8649999999999995,0.004999999999999449,245.44616550132875,True,0.8356447778781838,13.812498784840528,-1.0027400603510352,pyin_probability_below_0.5|pitch_difference_over_1_semitone,2.5696289160007115,False
1.87,1.8273333333333333,1.9126666666666667,False,227.65433896553014,True,0.010140046044704068,1.1999999999999993,0.08510113876861244,-21.401292568551348,1.8749999999999996,0.004999999999999449,238.40338975787998,True,0.8571075253939585,10.749050792349834,-0.7987175092196896,pyin_probability_below_0.5,2.065606364869367,False
1.88,1.8373333333333333,1.9226666666666667,False,225.0395058615972,True,0.010037765502929688,1.0000000000000009,0.09115874167051832,-20.804033566569103,1.8849999999999996,0.004999999999999671,230.48837322339836,True,0.8600316014952333,5.448867361801149,-0.4141882455476318,pyin_probability_below_0.5,1.481077101197311,False
1.89,1.8473333333333333,1.9326666666666668,False,223.74337368352585,True,0.01001876450976914,0.9000000000000021,0.0948197873078493,-20.462020463811186,1.8949999999999996,0.004999999999999671,224.31983723764154,True,0.8730673078020794,0.5764635541156906,-0.044547012977239626,pyin_probability_below_0.5,1.0114358686269214,False
1.9,1.8573333333333333,1.9426666666666668,False,222.45470667747657,True,0.010013068846238975,0.8000000000000002,0.09746980171519364,-20.222598348571633,1.9049999999999996,0.004999999999999671,218.74698135935984,True,0.886909733131313,3.7077253181167293,0.2909821789973375,pyin_probability_below_0.5,0.5759066766523404,False
1.91,1.8673333333333333,1.9526666666666668,False,221.17346184722248,True,0.010101974593744989,0.7000000000000017,0.09661540473028715,-20.299072449748962,1.9149999999999996,0.004999999999999671,215.09648677729902,True,0.9335711122253341,6.0769750699234635,0.4823319462288651,pyin_probability_below_0.5,0.2845569094208145,False
1.92,1.8773333333333333,1.9626666666666666,False,219.8995964441766,True,0.013100262550513395,0.6000000000000013,0.09044812925744188,-20.872008224855488,1.9249999999999996,0.004999999999999671,212.3330183180677,True,0.9230265681746808,7.566578126108908,0.6061947023259275,pyin_probability_below_0.5,0.06069415332375065,False
1.93,1.8873333333333333,1.9726666666666666,False,217.37383415501247,True,0.03489742801962526,0.4000000000000011,0.08348604385054163,-21.56772236704118,1.9349999999999996,0.004999999999999671,209.97086311827647,True,0.9025446327585279,7.402971036736005,0.5998697472736718,pyin_probability_below_0.5,-0.1329808916239943,False
1.94,1.8973333333333333,1.9826666666666666,False,214.87708272009507,True,0.10857977072874497,0.20000000000000445,0.07425714243033847,-22.58523534690875,1.9449999999999994,0.004999999999999449,206.1928678990385,True,0.8308874723932542,8.684214821056571,0.7142063008095232,pyin_probability_below_0.5,-0.4473174451598422,False
1.95,1.9073333333333333,1.9926666666666666,False,212.40900892134297,True,0.1765306086328976,0.0,0.06208751346961534,-24.139914655568315,1.9549999999999994,0.004999999999999449,199.57699386607283,True,0.7603341027300524,12.832015055270148,1.0787943869515773,pyin_probability_below_0.5|pitch_difference_over_1_semitone,-1.0119055313018992,False
1.96,1.9173333333333333,2.002666666666667,False,209.96928336801093,True,0.1504646013433388,-0.19999999999999973,0.05154857852283106,-25.755666121945765,1.9649999999999994,0.004999999999999449,192.25600545541803,True,0.862558881100102,17.7132779125929,1.5257955108637118,pyin_probability_below_0.5|pitch_difference_over_1_semitone,-1.6589066552140337,False
1.97,1.9273333333333333,2.0126666666666666,False,207.55758045272898,True,0.10857977072874499,-0.3999999999999989,0.04217136449682036,-27.499646934479788,1.9749999999999994,0.004999999999999449,184.635897107336,True,0.955287336705259,22.921683345392978,2.0259426323620047,pyin_probability_below_0.5|pitch_difference_over_1_semitone,-2.359053776712328,False
1.98,1.9373333333333334,2.022666666666667,False,201.6488190383855,True,0.09203757081218102,-0.8999999999999986,0.03463359651931944,-29.210048137597813,1.9849999999999994,0.004999999999999449,175.8507798437517,True,0.9627404836187425,25.798039194633816,2.369918684447038,pyin_probability_below_0.5|pitch_difference_over_1_semitone,-3.203029828797359,False
1.99,1.9473333333333334,2.0326666666666666,False,195.90826859169485,True,0.016467587593113005,-1.4000000000000004,0.02793628402678994,-31.076627250039937,1.9949999999999994,0.004999999999999449,170.2767869123888,True,0.9566422299919735,25.631481679306063,2.4275582134456712,pyin_probability_below_0.5|pitch_difference_over_1_semitone,-3.7606693577959938,False
2.0,1.9573333333333334,2.042666666666667,False,202.8169587634771,True,0.020317628556360583,-0.8000000000000008,0.03020463134457097,-30.398529211599158,2.0049999999999994,0.004999999999999449,169.03752966291347,True,0.7737120090021181,33.77942910056362,3.154016413431585,pyin_probability_below_0.5|pitch_difference_over_1_semitone,-3.8871275577819087,False
2.01,1.9673333333333334,2.0526666666666666,False,206.36213675586595,True,0.066081512709207,-0.4999999999999981,0.04116922132457539,-27.70854694357624,2.0149999999999997,0.004999999999999893,197.5483007457632,True,0.45182645207204747,8.813836010102733,0.7556742384410025,pyin_probability_below_0.5,-1.188785382791322,False
2.02,1.9773333333333334,2.062666666666667,False,206.36213675586595,True,0.2796051653363589,-0.4999999999999981,0.05020038888936373,-25.98585836950975,2.0249999999999995,0.004999999999999449,204.3740870652907,True,0.808701538019381,1.9880496905752523,0.16759204540092823,pyin_probability_below_0.5,-0.6007031897512495,False
2.03,1.9873333333333334,2.0726666666666667,False,205.1735783080468,True,0.48498680771591124,-0.5999999999999991,0.05612155884165151,-25.01740548882325,2.0349999999999997,0.004999999999999893,206.0171759544017,True,0.9348036636859018,0.8435976463548798,-0.07103598526982528,pyin_probability_below_0.5,-0.46207515908049684,False
2.04,1.9973333333333334,2.082666666666667,False,203.99186545315516,True,0.5485250542599844,-0.7000000000000022,0.060435931297104735,-24.37409562348837,2.0449999999999995,0.004999999999999449,206.64307052594864,True,0.9727205235860383,2.6512050727934877,-0.22355235114413,,-0.40955879320619654,True
2.05,2.0073333333333334,2.0926666666666667,False,202.8169587634771,True,0.5485250542599845,-0.8000000000000008,0.0639251550016346,-23.886564205016356,2.0549999999999997,0.004999999999999893,204.9237758628338,True,0.9747092111132282,2.1068170993567037,-0.17890907864770145,,-0.5542020657026218,True
2.06,2.017333333333333,2.1026666666666665,False,202.8169587634771,True,0.5485250542599845,-0.8000000000000008,0.06691743983413147,-23.489213657593456,2.0649999999999995,0.004999999999999449,202.45775656421534,True,0.9771135756902442,0.3592021992617447,0.030688479551240017,,-0.7637996239015641,True
2.07,2.0273333333333334,2.1126666666666667,False,201.6488190383855,True,0.5485250542599844,-0.8999999999999986,0.0695623087440419,-23.152520247544594,2.0749999999999993,0.004999999999999449,200.22089575461573,True,0.9820550400344095,1.4279232837697862,0.12302891812331262,,-0.9561400624736341,True
2.08,2.037333333333333,2.1226666666666665,False,200.48740730303228,True,0.5485250542599845,-1.0000000000000013,0.07058130785048128,-23.02620597109799,2.0849999999999995,0.004999999999999449,198.97846075126887,True,0.9826999000447709,1.5089465517634153,0.1307922544909849,,-1.0639033988413102,True
2.09,2.0473333333333334,2.1326666666666667,False,199.33268480704808,True,0.615949885458068,-1.0999999999999999,0.06918522436301947,-23.199732926698303,2.0949999999999993,0.004999999999999449,197.74496077292073,True,0.9873909577801997,1.5877240341273477,0.13844831549523948,,-1.1715594598455603,True
2.1,2.0573333333333332,2.1426666666666665,False,198.18461302324906,True,0.6860828109301794,-1.2000000000000002,0.06596133724827206,-23.61421096787041,2.1049999999999995,0.004999999999999449,196.71703039493806,True,0.9895180378000927,1.4675826283109927,0.12867714050426363,,-1.2617882848545847,True
2.11,2.0673333333333335,2.1526666666666667,False,197.04315364635175,True,0.7571601330199093,-1.2999999999999985,0.06299529395324813,-24.013837863777624,2.1149999999999993,0.004999999999999449,196.27918219937243,True,0.9882105394978293,0.7639714469793262,0.06725349283701582,,-1.3003646371873359,True
2.12,2.0773333333333333,2.1626666666666665,False,197.04315364635175,True,0.8266685594724996,-1.2999999999999985,0.06131574926723009,-24.248559207395065,2.1249999999999996,0.004999999999999449,196.44401091492455,True,0.9864797052612295,0.5991427314272073,0.05272126727017318,,-1.2858324116204947,True
2.13,2.0873333333333335,2.1726666666666667,False,197.04315364635175,True,0.8266685594724997,-1.2999999999999985,0.060256634030264475,-24.399902638421086,2.1349999999999993,0.004999999999999449,197.01855922206937,True,0.9882557632099682,0.024594424282383898,0.0021610170894413552,,-1.2352721614397615,True
2.14,2.0973333333333333,2.1826666666666665,False,197.04315364635175,True,0.8911444948731205,-1.2999999999999985,0.058729811989776795,-24.62282778900947,2.1449999999999996,0.004999999999999449,197.85629987036893,True,0.987220040730447,0.8131462240171743,-0.07129654938565669,,-1.1618145949646665,True
2.15,2.1073333333333335,2.1926666666666668,False,197.04315364635175,True,0.8911444948731205,-1.2999999999999985,0.055871935498405065,-25.05612567366752,2.1549999999999994,0.004999999999999449,198.54030090826748,True,0.9902409464307728,1.4971472619157282,-0.131043129420542,,-1.1020680149297792,True
2.16,2.1173333333333333,2.2026666666666666,False,197.04315364635175,True,0.8266685594724996,-1.2999999999999985,0.05192274810829942,-25.692846595076023,2.1649999999999996,0.004999999999999449,197.8467791935213,True,0.9809043986268877,0.8036255471695313,-0.07046347424401386,,-1.1626476701063084,True
2.17,2.1273333333333335,2.212666666666667,False,197.04315364635175,True,0.7571601330199094,-1.2999999999999985,0.04727991146449492,-26.506466907560263,2.1749999999999994,0.004999999999999449,195.79021199404784,True,0.9352540268077986,1.2529416523039174,0.1104357620916287,,-1.3435469064419492,True
2.18,2.1373333333333333,2.2226666666666666,False,197.04315364635175,True,0.6860828109301793,-1.2999999999999985,0.042098588259232246,-27.514649352410284,2.1849999999999996,0.004999999999999449,188.62405305913455,True,0.8387375481783799,8.419100587217201,0.7559755821688359,,-1.9890867265191594,False
2.19,2.1473333333333335,2.232666666666667,False,197.04315364635175,True,0.5485250542599845,-1.2999999999999985,0.03631636928956098,-28.79795152698722,2.1949999999999994,0.004999999999999449,178.14866448950156,True,0.597293926565988,18.8944891568502,1.7451594607140481,pitch_difference_over_1_semitone,-2.978270605064369,False
2.2,2.1573333333333333,2.2426666666666666,False,195.90826859169485,True,0.42606232904328145,-1.4000000000000004,0.03004931313962066,-30.443309011049653,2.2049999999999996,0.004999999999999449,,False,0.0,,,pyin_probability_below_0.5|voicing_disagreement,,False
2.21,2.167333333333333,2.252666666666667,False,192.54268179725335,True,0.20650679911775224,-1.6999999999999988,0.0230229241519487,-32.75679034531122,2.2149999999999994,0.004999999999999449,,False,0.0,,,pyin_probability_below_0.5|voicing_disagreement,,False
2.22,2.1773333333333333,2.2626666666666666,False,182.78887791090543,True,0.056071395445892624,-2.6000000000000005,0.014230421950325063,-36.93564444668961,2.2249999999999996,0.004999999999999449,,False,0.0,,,pyin_probability_below_0.5|voicing_disagreement,,False
2.23,2.187333333333333,2.272666666666667,False,,False,0.011853505394683413,,0.00705008300351092,-43.03611539703851,2.2349999999999994,0.004999999999999449,,False,0.0,,,,,False
2.24,2.1973333333333334,2.2826666666666666,False,221.17346184722248,True,0.010009025493342986,0.7000000000000017,0.009587144845874024,-40.36621422218186,2.2449999999999997,0.004999999999999449,,False,0.0,,,pyin_probability_below_0.5|voicing_disagreement,,False
2.25,2.207333333333333,2.292666666666667,False,219.8995964441766,True,0.013980210380185928,0.6000000000000013,0.014122394641392316,-37.00183313173728,2.2549999999999994,0.004999999999999449,,False,0.0,,,pyin_probability_below_0.5|voicing_disagreement,,False
2.26,2.2173333333333334,2.3026666666666666,False,216.12185299712482,True,0.03489742801962526,0.3000000000000021,0.01883247469906831,-34.50185214716272,2.2649999999999997,0.004999999999999893,221.3687040441497,True,0.5548340149263195,5.246851047024876,-0.4152758307396348,pyin_probability_below_0.5,0.7821646863893126,False
2.27,2.227333333333333,2.312666666666667,False,217.37383415501247,True,0.04069733156888106,0.4000000000000011,0.0235601289932595,-32.55644672175013,2.2749999999999995,0.004999999999999449,221.28593513920754,True,0.7438482520326911,3.912100984195064,-0.3088016029590699,pyin_probability_below_0.5,0.7756904586087483,False
2.28,2.2373333333333334,2.3226666666666667,False,214.87708272009507,True,0.056071395445892624,0.20000000000000445,0.027959453763583858,-31.069426350786532,2.2849999999999997,0.004999999999999893,215.71168203253333,True,0.8455624735983588,0.8345993124382574,-0.0671122274772276,pyin_probability_below_0.5,0.33400108312690796,False
2.29,2.247333333333333,2.332666666666667,False,202.8169587634771,True,0.07797523762294817,-0.8000000000000008,0.03198689274265564,-29.90055891839348,2.2949999999999995,0.004999999999999449,210.38189741372346,True,0.8608308263752206,7.564938650246376,-0.6339873775616902,pyin_probability_below_0.5,-0.0991237667886338,False
2.3,2.2573333333333334,2.3426666666666667,False,200.48740730303228,True,0.10857977072874497,-1.0000000000000013,0.03567187417229899,-28.95348145141332,2.3049999999999997,0.004999999999999893,204.34835044143557,True,0.9067689347172225,3.860943138403286,-0.3302276916383867,pyin_probability_below_0.5,-0.6028834527119384,False
2.31,2.267333333333333,2.3526666666666665,False,200.48740730303228,True,0.1504646013433388,-1.0000000000000013,0.039187249534405985,-28.137104352254347,2.3149999999999995,0.004999999999999449,200.8665200804981,True,0.9504745679864687,0.3791127774658207,-0.032705953484304516,pyin_probability_below_0.5,-0.9004051908660209,False
2.32,2.2773333333333334,2.3626666666666667,False,199.33268480704808,True,0.2796051653363588,-1.0999999999999999,0.042209861453481816,-27.49172146678489,2.3249999999999997,0.004999999999999893,199.36225389426681,True,0.9749721234765946,0.029569087218732193,-0.002567928795560403,pyin_probability_below_0.5,-1.030543215554761,False
2.33,2.287333333333333,2.3726666666666665,False,199.33268480704808,True,0.42606232904328145,-1.0999999999999999,0.044072618118408506,-27.116622992250203,2.3349999999999995,0.004999999999999449,198.11140605649655,True,0.9809148460309003,1.2212787505515337,0.10639614776887005,pyin_probability_below_0.5,-1.1395072921191924,False
2.34,2.2973333333333334,2.3826666666666667,False,199.33268480704808,True,0.5485250542599845,-1.0999999999999999,0.045452641752436476,-26.848817401683394,2.3449999999999993,0.004999999999999449,197.54199926132614,True,0.9862459626637299,1.7906855457219422,0.15622648406271705,,-1.1893376284130373,True
2.35,2.3073333333333332,2.3926666666666665,False,199.33268480704808,True,0.6860828109301793,-1.0999999999999999,0.04630320023185921,-26.68777983622544,2.3549999999999995,0.004999999999999449,197.50956925799122,True,0.9829056733526146,1.8231155490568653,0.15906884341956148,,-1.192179987769885,True
2.36,2.3173333333333335,2.4026666666666667,False,199.33268480704808,True,0.7571601330199094,-1.0999999999999999,0.04660928816811132,-26.63055059400736,2.3649999999999993,0.004999999999999449,198.52014414751275,True,0.9785909641682597,0.8125406595353297,0.07071459140015277,,-1.103825735750474,True
2.37,2.3273333333333333,2.4126666666666665,False,198.18461302324906,True,0.8266685594724994,-1.2000000000000002,0.04619539504715438,-26.70802629203182,2.3749999999999996,0.004999999999999449,199.83235751683677,True,0.9848297444087535,1.6477444935877088,-0.1433430169827335,,-0.9897681273675886,True
2.38,2.3373333333333335,2.4226666666666667,False,199.33268480704808,True,0.7571601330199093,-1.0999999999999999,0.04595304317671623,-26.753714455484435,2.3849999999999993,0.004999999999999449,200.57319960494283,True,0.9879856909070667,1.2405147978947468,-0.10740668886061251,,-0.9257044554897098,True
2.39,2.3473333333333333,2.4326666666666665,False,199.33268480704808,True,0.8266685594724995,-1.0999999999999999,0.045698407361510214,-26.80197870589421,2.3949999999999996,0.004999999999999449,201.30968315091803,True,0.9866557271904948,1.9769983438699512,-0.17085934501556516,,-0.8622517993347578,True
2.4,2.3573333333333335,2.4426666666666668,False,200.48740730303228,True,0.8266685594724995,-1.0000000000000013,0.04558422680507576,-26.823708145196644,2.4049999999999994,0.004999999999999449,200.46528270129502,True,0.987557822700929,0.02212460173726072,0.0019105926880333768,,-0.9350217370383559,True
2.41,2.3673333333333333,2.4526666666666666,False,200.48740730303228,True,0.8266685594724995,-1.0000000000000013,0.04558025852156057,-26.82446431844906,2.4149999999999996,0.004999999999999449,200.89065953838625,True,0.9879613212446313,0.4032522353539605,-0.03478636690774974,,-0.8983247774425747,True
2.42,2.3773333333333335,2.462666666666667,False,201.6488190383855,True,0.8911444948731204,-0.8999999999999986,0.04566869796050438,-26.807627403782476,2.4249999999999994,0.004999999999999449,201.89674800483093,True,0.9951478544059946,0.2479289664454143,-0.021272597571065276,,-0.8118385467792559,True
2.43,2.3873333333333333,2.4726666666666666,False,202.8169587634771,True,0.8911444948731204,-0.8000000000000008,0.04588526039607352,-26.766535987155336,2.4349999999999996,0.004999999999999449,202.07602813463228,True,0.9991157426851985,0.7409306288448079,0.06336122412475467,,-0.7964723684750811,True
2.44,2.3973333333333335,2.482666666666667,False,202.8169587634771,True,0.8911444948731204,-0.8000000000000008,0.046072057462603365,-26.731247856225618,2.4449999999999994,0.004999999999999449,202.8718108657145,True,0.9988883479842081,0.054852102237418876,-0.004681511283724627,,-0.7284296330665982,True
2.45,2.4073333333333333,2.4926666666666666,False,202.8169587634771,True,0.8911444948731204,-0.8000000000000008,0.04623728943373328,-26.70015266929241,2.4549999999999996,0.004999999999999449,202.9659963648157,True,0.9993616597885002,0.14903760133861965,-0.012717093134142557,,-0.7203940512161826,True
2.46,2.417333333333333,2.502666666666667,False,202.8169587634771,True,0.9459302094659093,-0.8000000000000008,0.04614180092730234,-26.71810917699808,2.4649999999999994,0.004999999999999449,203.57712617489636,True,0.998837225449831,0.7601674114192747,-0.06476616118555675,,-0.6683449831647662,True
2.47,2.4273333333333333,2.5126666666666666,False,202.8169587634771,True,0.9848789761259925,-0.8000000000000008,0.04442775930648302,-27.046911792967457,2.4749999999999996,0.004999999999999449,203.83768489398503,True,0.9986372001053028,1.0207261305079385,-0.08691008799000659,,-0.6462010563603168,True
2.48,2.437333333333333,2.522666666666667,False,201.6488190383855,True,0.9848789761259924,-0.8999999999999986,0.0417556973320845,-27.58568518153591,2.4849999999999994,0.004999999999999449,202.63915927454238,True,0.9951281973787959,0.9903402361568681,-0.084816480245977,,-0.7482946641043441,True
2.49,2.4473333333333334,2.5326666666666666,False,201.6488190383855,True,0.9848789761259924,-0.8999999999999986,0.03850759519381607,-28.28907204596467,2.4949999999999997,0.004999999999999449,199.49117464232341,True,0.982916465926662,2.1576443960620963,0.18624039123024871,,-1.01935153558057,True
2.5,2.457333333333333,2.542666666666667,False,201.6488190383855,True,0.9459302094659093,-0.8999999999999986,0.03483524408980998,-29.159622840532165,2.5049999999999994,0.004999999999999449,194.19666230545832,True,0.9574701697526474,7.452156732927193,0.6519186178530232,,-1.4850297622033433,False
2.51,2.4673333333333334,2.5526666666666666,False,200.48740730303228,True,0.9459302094659092,-1.0000000000000013,0.030664869196257438,-30.267177669889954,2.5149999999999997,0.004999999999999893,186.4157119418063,True,0.9171626497266178,14.071695361225977,1.2598579369127183,pitch_difference_over_1_semitone,-2.1929690812630414,False
2.52,2.477333333333333,2.562666666666667,False,199.33268480704808,True,0.8266685594724996,-1.0999999999999999,0.025926953607292143,-31.72497018853674,2.5249999999999995,0.004999999999999449,,False,0.0,,,voicing_disagreement,,False
2.53,2.4873333333333334,2.5726666666666667,False,202.8169587634771,True,0.12793708630129036,-0.8000000000000008,0.021980201316520787,-33.15936668387959,2.5349999999999997,0.004999999999999893,,False,0.0,,,pyin_probability_below_0.5|voicing_disagreement,,False
2.54,2.497333333333333,2.582666666666667,False,194.7799199939686,True,0.010052967545965857,-1.4999999999999982,0.019283082469881856,-34.296470827069726,2.5449999999999995,0.004999999999999449,,False,0.0,,,pyin_probability_below_0.5|voicing_disagreement,,False
2.55,2.5073333333333334,2.5926666666666667,False,194.7799199939686,True,0.010000000009505967,-1.4999999999999982,0.017248803900764092,-35.264820304345406,2.5549999999999997,0.004999999999999893,,False,0.0,,,pyin_probability_below_0.5|voicing_disagreement,,False
2.56,2.517333333333333,2.6026666666666665,False,194.7799199939686,True,0.01,-1.4999999999999982,0.01756948680089449,-35.10481847845463,2.5649999999999995,0.004999999999999449,,False,0.0,,,pyin_probability_below_0.5|voicing_disagreement,,False
2.57,2.5273333333333334,2.6126666666666667,False,,False,0.01,,0.017968336111938064,-34.90984274369738,2.5749999999999997,0.004999999999999893,,False,0.0,,,,,False
2.58,2.537333333333333,2.6226666666666665,False,,False,0.01,,0.01830607717319576,-34.748094222170536,2.5849999999999995,0.004999999999999449,,False,0.0,,,,,False
2.59,2.5473333333333334,2.6326666666666667,False,,False,0.01,,0.018851201668110263,-34.49321921028262,2.5949999999999993,0.004999999999999449,,False,0.0,,,,,False
2.6,2.5573333333333332,2.6426666666666665,False,222.45470667747657,True,0.01000000000061386,0.8000000000000002,0.022134647816854244,-33.098547673308374,2.6049999999999995,0.004999999999999449,,False,0.0,,,pyin_probability_below_0.5|voicing_disagreement,,False
2.61,2.5673333333333335,2.6526666666666667,False,228.9731271349986,True,0.01000419105279527,1.300000000000003,0.026015764610444893,-31.695268110932815,2.6149999999999993,0.004999999999999449,,False,0.0,,,pyin_probability_below_0.5|voicing_disagreement,,False
2.62,2.5773333333333333,2.6626666666666665,False,232.97550689710764,True,0.012403124793551346,1.599999999999999,0.03252436144696284,-29.755824424325365,2.6249999999999996,0.004999999999999449,,False,0.0,,,pyin_probability_below_0.5|voicing_disagreement,,False
2.63,2.5873333333333335,2.6726666666666667,False,228.9731271349986,True,0.04768699308253104,1.300000000000003,0.041218327898917016,-27.698192603878894,2.6349999999999993,0.004999999999999449,225.33835439987635,True,0.8320780851288105,3.6347727351222545,0.2770247657992799,pyin_probability_below_0.5,1.0898640898503968,False
2.64,2.5973333333333333,2.6826666666666665,False,225.0395058615972,True,0.07797523762294818,1.0000000000000009,0.04994932646337475,-26.029407271967937,2.6449999999999996,0.004999999999999449,230.88139674499672,True,0.9300443792331141,5.841890883399515,-0.44368371367539916,pyin_probability_below_0.5,1.510572569325078,False
2.65,2.6073333333333335,2.6926666666666668,False,222.45470667747657,True,0.06608151270920701,0.8000000000000002,0.05707282038349317,-24.87141330538236,2.6549999999999994,0.004999999999999449,230.2517998563405,True,0.9362018259005078,7.797093178863946,-0.5964097261965481,pyin_probability_below_0.5,1.4632985818462267,False
2.66,2.6173333333333333,2.7026666666666666,False,221.17346184722248,True,0.04069733156888106,0.7000000000000017,0.06326971981896731,-23.97608177496934,2.6649999999999996,0.004999999999999449,226.47465288633083,True,0.9056554746520862,5.301191039108346,-0.41005563009550294,pyin_probability_below_0.5,1.1769444857451792,False
2.67,2.6273333333333335,2.712666666666667,False,218.63306796596578,True,0.03010686179419501,0.5000000000000008,0.06904714035804194,-23.21708606725079,2.6749999999999994,0.004999999999999449,222.29420712193027,True,0.9090077794414516,3.6611391559644915,-0.28750475610562876,pyin_probability_below_0.5,0.8543936117553053,False
2.68,2.6373333333333333,2.7226666666666666,False,217.37383415501247,True,0.026168028608935752,0.4000000000000011,0.07276684850122898,-22.761328675313983,2.6849999999999996,0.004999999999999449,218.2052832260238,True,0.9207132526018085,0.8314490710113205,-0.06609291550631678,pyin_probability_below_0.5,0.5329817711559955,False
2.69,2.6473333333333335,2.732666666666667,False,216.12185299712482,True,0.026168028608935755,0.3000000000000021,0.07523399300517118,-22.47171775229312,2.6949999999999994,0.004999999999999449,215.078282122128,True,0.9551372693536235,1.043570874996817,0.08379723527791871,pyin_probability_below_0.5,0.283091620371758,False
2.7,2.6573333333333333,2.7426666666666666,False,216.12185299712482,True,0.04768699308253104,0.3000000000000021,0.07631502913973658,-22.347798512276714,2.7049999999999996,0.004999999999999449,213.13346343430905,True,0.9706318621749875,2.988389562815769,0.24105399047150866,pyin_probability_below_0.5,0.12583486517816916,False
2.71,2.667333333333333,2.752666666666667,False,214.87708272009507,True,0.2065067991177523,0.20000000000000445,0.07492263099935911,-22.50773960499609,2.7149999999999994,0.004999999999999449,212.1461757176403,True,0.9851647077536778,2.730907002454785,0.22143541598688835,pyin_probability_below_0.5,0.04545343966279018,False
2.72,2.6773333333333333,2.7626666666666666,False,213.63948179230545,True,0.5485250542599844,0.10000000000000017,0.07152647515364696,-22.91066353183605,2.7249999999999996,0.004999999999999449,211.9776210688855,True,0.989094729906044,1.6618607234199487,0.13519590594885045,,0.031692949700822544,True
2.73,2.687333333333333,2.772666666666667,False,213.63948179230545,True,0.7571601330199094,0.10000000000000017,0.06792106672834143,-23.359910038734842,2.7349999999999994,0.004999999999999449,212.05563556721353,True,0.983054213934723,1.5838462250919179,0.12882558686483808,,0.03806326878483799,True
2.74,2.6973333333333334,2.7826666666666666,False,212.40900892134297,True,0.8911444948731203,0.0,0.06387167090851086,-23.89383444751383,2.7449999999999997,0.004999999999999449,212.85812198928807,True,0.9796233091072695,0.44911306794509187,-0.03656619887344514,,0.10345505452312252,True
2.75,2.707333333333333,2.792666666666667,False,212.40900892134297,True,0.8911444948731205,0.0,0.05915418746282189,-24.560290133949387,2.7549999999999994,0.004999999999999449,213.84236195147778,True,0.9816780529132171,1.4333530301348105,-0.11643265420274501,,0.18332150985242107,True
2.76,2.7173333333333334,2.8026666666666666,False,212.40900892134297,True,0.8911444948731204,0.0,0.053517560789999065,-25.430073779088787,2.7649999999999997,0.004999999999999893,214.6138685866529,True,0.9794371516800477,2.2048596653099253,-0.1787802129160588,,0.24566906856573495,True
2.77,2.727333333333333,2.812666666666667,False,213.63948179230545,True,0.8266685594724996,0.10000000000000017,0.048193413972363215,-26.34024615260539,2.7749999999999995,0.004999999999999449,215.001609244613,True,0.9744022920984428,1.3621274523075613,-0.1100300186688642,,0.2769188743185394,True
2.78,2.7373333333333334,2.8226666666666667,False,213.63948179230545,True,0.8911444948731204,0.10000000000000017,0.042807203683786724,-27.369662817462586,2.7849999999999997,0.004999999999999893,214.60818956058966,True,0.965777022880921,0.9687077682842187,-0.07832209464836276,,0.24521095029803763,True
2.79,2.747333333333333,2.832666666666667,False,214.87708272009507,True,0.9459302094659092,0.20000000000000445,0.03703922954190865,-28.62676111430405,2.7949999999999995,0.004999999999999449,213.5438326768724,True,0.9628294389902146,1.3332500432226766,0.10775269082660154,,0.1591361648230754,True
2.8,2.7573333333333334,2.8426666666666667,False,214.87708272009507,True,0.8911444948731203,0.20000000000000445,0.03149122149374107,-30.036209869071023,2.8049999999999997,0.004999999999999893,212.17628455895428,True,0.9617830836689618,2.7007981611407956,0.21897853678637685,,0.04791031886330394,True
2.81,2.767333333333333,2.8526666666666665,False,214.87708272009507,True,0.8266685594724995,0.20000000000000445,0.02620577729659892,-31.63205908090133,2.8149999999999995,0.004999999999999449,210.65806113234407,True,0.9315438875821908,4.219021587751001,0.3433019940691419,,-0.07641313841946022,True
2.82,2.7773333333333334,2.8626666666666667,False,213.63948179230545,True,0.8266685594724996,0.10000000000000017,0.020345833415684425,-33.83049031339294,2.8249999999999997,0.004999999999999893,209.5996186188925,True,0.8470110273384862,4.039863173412954,0.3305063775212988,,-0.16361752187162168,True
2.83,2.787333333333333,2.8726666666666665,False,212.40900892134297,True,0.7571601330199093,0.0,0.015379564057715943,-36.261119493567776,2.8349999999999995,0.004999999999999449,,False,0.0,,,voicing_disagreement,,False
2.84,2.7973333333333334,2.8826666666666667,False,211.18562305262122,True,0.6860828109301792,-0.10000000000000067,0.01086871954296326,-39.27643235319816,2.8449999999999993,0.004999999999999449,,False,0.0,,,voicing_disagreement,,False
2.85,2.8073333333333332,2.8926666666666665,False,211.18562305262122,True,0.4260623290432814,-0.10000000000000067,0.006738537132092736,-43.428687482988416,2.8549999999999995,0.004999999999999449,,False,0.0,,,pyin_probability_below_0.5|voicing_disagreement,,False
2.86,2.8173333333333335,2.9026666666666667,False,213.63948179230545,True,0.018187375734912182,0.10000000000000017,0.002908279434471535,-50.72727735503079,2.8649999999999993,0.004999999999999449,,False,0.0,,,pyin_probability_below_0.5|voicing_disagreement,,False
2.87,2.8273333333333333,2.9126666666666665,False,214.87708272009507,True,0.010000000417925077,0.20000000000000445,0.0012326628828296944,-58.18311362048354,2.8749999999999996,0.004999999999999449,,False,0.0,,,pyin_probability_below_0.5|voicing_disagreement,,False
2.88,2.8373333333333335,2.9226666666666667,False,212.40900892134297,True,0.01,0.0,0.001100385198806796,-59.1691051980674,2.8849999999999993,0.004999999999999449,,False,0.0,,,pyin_probability_below_0.5|voicing_disagreement,,False
2.89,2.8473333333333333,2.9326666666666665,False,212.40900892134297,True,0.01,0.0,0.0010811085671543577,-59.3226138221638,2.8949999999999996,0.004999999999999449,,False,0.0,,,pyin_probability_below_0.5|voicing_disagreement,,False
2.9,2.8573333333333335,2.9426666666666668,False,208.75994928447787,True,0.01,-0.30000000000000004,0.000981988908666395,-60.157868348786145,2.9049999999999994,0.004999999999999449,,False,0.0,,,pyin_probability_below_0.5|voicing_disagreement,,False
2.91,2.8673333333333333,2.9526666666666666,False,211.18562305262122,True,0.01,-0.10000000000000067,0.000999652227071445,-60.003021242660196,2.9149999999999996,0.004999999999999449,,False,0.0,,,pyin_probability_below_0.5|voicing_disagreement,,False
2.92,2.8773333333333335,2.962666666666667,False,,False,0.01,,0.0010165130390492128,-59.857740923877365,2.9249999999999994,0.004999999999999449,,False,0.0,,,,,False
2.93,2.8873333333333333,2.9726666666666666,False,,False,0.01000000000000011,,0.0009676521668834469,-60.28561453049186,2.9349999999999996,0.004999999999999449,,False,0.0,,,,,False
2.94,2.8973333333333335,2.982666666666667,False,,False,0.01000000000000011,,0.0009035121747799668,-60.881319819357415,2.9449999999999994,0.004999999999999449,,False,0.0,,,,,False
2.95,2.9073333333333333,2.9926666666666666,False,,False,0.01000000000000011,,0.0008880618101951949,-61.03113611477718,2.9549999999999996,0.004999999999999449,,False,0.0,,,,,False
2.96,2.917333333333333,3.002666666666667,False,,False,0.01,,0.000898550756668674,-60.92914771515069,2.9649999999999994,0.004999999999999449,,False,0.0,,,,,False
2.97,2.9273333333333333,3.0126666666666666,False,,False,0.01,,0.0009004963368440872,-60.91036099040667,2.9749999999999996,0.004999999999999449,,False,0.0,,,,,False
2.98,2.937333333333333,3.022666666666667,False,,False,0.01,,0.0009076449698925327,-60.84167989672147,2.9849999999999994,0.004999999999999449,,False,0.0,,,,,False
2.99,2.9473333333333334,3.0326666666666666,False,,False,0.01,,0.0009343090867100712,-60.590188547207276,2.9949999999999997,0.004999999999999449,,False,0.0,,,,,False
3.0,2.957333333333333,3.042666666666667,False,,False,0.01,,0.0009416269869420524,-60.522422062934226,3.0049999999999994,0.004999999999999449,,False,0.0,,,,,False
3.01,2.9673333333333334,3.0526666666666666,False,,False,0.01,,0.0009471985777711993,-60.47117925436956,3.0149999999999997,0.004999999999999893,,False,0.0,,,,,False
3.02,2.977333333333333,3.062666666666667,False,,False,0.01,,0.0009885785387860595,-60.0997764388635,3.0249999999999995,0.004999999999999449,,False,0.0,,,,,False
3.03,2.9873333333333334,3.0726666666666667,False,,False,0.01,,0.0009852318850551904,-60.12923083070155,3.0349999999999997,0.004999999999999893,,False,0.0,,,,,False
3.04,2.997333333333333,3.082666666666667,False,,False,0.01,,0.0009700140686678475,-60.26443933734509,3.0449999999999995,0.004999999999999449,,False,0.0,,,,,False
3.05,3.0073333333333334,3.0926666666666667,False,,False,0.01,,0.0009325255006732077,-60.60678566437514,3.0549999999999997,0.004999999999999893,,False,0.0,,,,,False
3.06,3.017333333333333,3.1026666666666665,False,,False,0.01,,0.0009048437087135928,-60.86852857733193,3.0649999999999995,0.004999999999999449,,False,0.0,,,,,False
3.07,3.0273333333333334,3.1126666666666667,False,,False,0.01,,0.0008763063117730208,-61.1468812040378,3.0749999999999997,0.004999999999999893,,False,0.0,,,,,False
3.08,3.037333333333333,3.1226666666666665,False,,False,0.01,,0.0008684420880144729,-61.22518274282523,3.0849999999999995,0.004999999999999449,,False,0.0,,,,,False
3.09,3.0473333333333334,3.1326666666666667,False,,False,0.01,,0.000856714891513711,-61.3432736815693,3.0949999999999998,0.004999999999999893,,False,0.0,,,,,False
3.1,3.0573333333333332,3.1426666666666665,False,,False,0.01,,0.0008099011403233791,-61.83135979112555,3.1049999999999995,0.004999999999999449,,False,0.0,,,,,False
3.11,3.0673333333333335,3.1526666666666667,False,,False,0.01,,0.0008631872136122611,-61.27790002958834,3.1149999999999993,0.004999999999999449,,False,0.0,,,,,False
3.12,3.0773333333333333,3.1626666666666665,False,,False,0.01,,0.0008447083785809323,-61.46586396141828,3.1249999999999996,0.004999999999999449,,False,0.0,,,,,False
3.13,3.0873333333333335,3.1726666666666667,False,,False,0.01,,0.0009212696278562489,-60.71226492585775,3.1349999999999993,0.004999999999999449,,False,0.0,,,,,False
3.14,3.0973333333333333,3.1826666666666665,False,,False,0.01,,0.0009299111944265836,-60.631170482943446,3.1449999999999996,0.004999999999999449,,False,0.0,,,,,False
3.15,3.1073333333333335,3.1926666666666668,False,225.0395058615972,True,0.01,1.0000000000000009,0.0010298252006358016,-59.74472969699725,3.1549999999999994,0.004999999999999449,,False,0.0,,,pyin_probability_below_0.5|voicing_disagreement,,False
3.16,3.1173333333333333,3.2026666666666666,False,213.63948179230545,True,0.010001873046012551,0.10000000000000017,0.004560212262015918,-46.820298839357044,3.1649999999999996,0.004999999999999449,,False,0.0,,,pyin_probability_below_0.5|voicing_disagreement,,False
3.17,3.1273333333333335,3.212666666666667,False,194.7799199939686,True,0.016467587593113005,-1.4999999999999982,0.009763262484366899,-40.20810069133856,3.1749999999999994,0.004999999999999449,,False,0.0,,,pyin_probability_below_0.5|voicing_disagreement,,False
3.18,3.1373333333333333,3.2226666666666666,False,191.43371755306833,True,0.06608151270920701,-1.799999999999999,0.016276021952108026,-35.76903466136773,3.1849999999999996,0.004999999999999449,,False,0.0,,,pyin_probability_below_0.5|voicing_disagreement,,False
3.19,3.1473333333333335,3.232666666666667,False,190.3311404729313,True,0.24075439447557417,-1.8999999999999986,0.022530123095925277,-32.94472870903421,3.1949999999999994,0.004999999999999449,195.6802454241474,True,0.8667335195379848,5.349104951216077,-0.4798379420170415,pyin_probability_below_0.5,-1.3532732023332819,False
3.2,3.1573333333333333,3.2426666666666666,False,190.3311404729313,True,0.42606232904328145,-1.8999999999999986,0.028007913285573335,-31.054384936930816,3.2049999999999996,0.004999999999999449,190.94179870630447,True,0.9522481922188814,0.610658233373158,-0.055455980286061246,pyin_probability_below_0.5,-1.77765516406426,False
3.21,3.167333333333333,3.252666666666667,False,190.3311404729313,True,0.5485250542599844,-1.8999999999999986,0.032566125986050506,-29.74467802670601,3.2149999999999994,0.004999999999999449,189.52288635192008,True,0.9839756636041103,0.8082541210112311,0.07367457325945201,,-1.906785717609774,True
3.22,3.1773333333333333,3.2626666666666666,False,190.3311404729313,True,0.6159498854580678,-1.8999999999999986,0.03680323321296865,-28.68228052605663,3.2249999999999996,0.004999999999999449,189.03637844585785,True,0.99146892506365,1.2947620270734603,0.1181727321548533,,-1.951283876505177,True
3.23,3.187333333333333,3.272666666666667,False,191.43371755306833,True,0.6860828109301793,-1.799999999999999,0.041274404311766336,-27.68638371853156,3.2349999999999994,0.004999999999999449,189.09087096837874,True,0.9961377843448581,2.342846584689596,0.2131829139808439,,-1.9462940583311659,True
3.24,3.1973333333333334,3.2826666666666666,False,192.54268179725335,True,0.6860828109301793,-1.6999999999999988,0.04628388771906043,-26.69140337296149,3.2449999999999997,0.004999999999999449,189.8761392658176,True,0.9988403733095641,2.666542531435738,0.2414360271429255,,-1.8745471714932487,True
3.25,3.207333333333333,3.292666666666667,False,194.7799199939686,True,0.615949885458068,-1.4999999999999982,0.05129192074429435,-25.799020749420233,3.2549999999999994,0.004999999999999449,190.96512495765398,True,0.9970813038122445,3.814795036314621,0.3424292007294527,,-1.7755403450797735,True
3.26,3.2173333333333334,3.3026666666666666,False,198.18461302324906,True,0.37213589829750876,-1.2000000000000002,0.05563160995241801,-25.09356743201788,3.2649999999999997,0.004999999999999893,193.77610648306137,True,0.995193305502769,4.4085065401876875,0.38945119245664667,pyin_probability_below_0.5,-1.5225623368069685,False
3.27,3.227333333333333,3.312666666666667,False,206.36213675586595,True,0.047686993082531035,-0.4999999999999981,0.06027887066195516,-24.396697857697397,3.2749999999999995,0.004999999999999449,196.9879686450571,True,0.9908858920298341,9.374168110808853,0.8048492694337559,pyin_probability_below_0.5,-1.237960413784074,False
3.28,3.2373333333333334,3.3226666666666667,False,214.87708272009507,True,0.026168028608935755,0.20000000000000445,0.06718904021499066,-23.454031253904223,3.2849999999999997,0.004999999999999893,201.31037335483296,True,0.9731785963495524,13.566709365262113,1.1290812985515406,pyin_probability_below_0.5|pitch_difference_over_1_semitone,-0.8621924429018607,False
3.29,3.247333333333333,3.332666666666667,False,218.63306796596578,True,0.047686993082531035,0.5000000000000008,0.0765758027899071,-22.318168830578173,3.2949999999999995,0.004999999999999449,211.56477820054198,True,0.8383491650954376,7.068289765423799,0.5689459086962179,pyin_probability_below_0.5,-0.0020570530465391828,False
3.3,3.2573333333333334,3.3426666666666667,False,219.8995964441766,True,0.0779752376229482,0.6000000000000013,0.0872661082836363,-21.183087827664142,3.3049999999999997,0.004999999999999893,217.25630976698295,True,0.798106284529458,2.6432866771936574,0.20936254560142525,pyin_probability_below_0.5,0.4575263100482524,False
3.31,3.267333333333333,3.3526666666666665,False,223.74337368352585,True,0.056071395445892624,0.9000000000000021,0.09977675807907964,-20.019412223057923,3.3149999999999995,0.004999999999999449,218.62940045853512,True,0.8906646459465399,5.11397322499073,0.40029041201556914,pyin_probability_below_0.5,0.5665984436341112,False
3.32,3.2773333333333334,3.3626666666666667,False,226.34314645699226,True,0.0229442191246386,1.099999999999998,0.10871823708867473,-19.273951969673874,3.3249999999999997,0.004999999999999893,220.72235917805827,True,0.9369446028119816,5.620787278933989,0.4353460944686963,pyin_probability_below_0.5,0.7315427611809805,False
3.33,3.287333333333333,3.3726666666666665,False,230.29955496661373,True,0.010824463728234167,1.3999999999999968,0.11820012856628132,-18.547641021447863,3.3349999999999995,0.004999999999999449,223.70800286323302,True,0.9307631837511093,6.591552103380707,0.5027370647078764,pyin_probability_below_0.5,0.9641517909418023,False
3.34,3.2973333333333334,3.3826666666666667,False,232.97550689710764,True,0.010073751764282886,1.599999999999999,0.12598704272612218,-17.993482361443537,3.3449999999999998,0.004999999999999893,228.0590053777827,True,0.9011752653301806,4.916501519324925,0.3692538099119064,pyin_probability_below_0.5,1.297635045737772,False
3.35,3.3073333333333332,3.3926666666666665,False,237.04784702513638,True,0.010013068846238975,1.9000000000000006,0.13170849918682884,-17.607723979755608,3.3549999999999995,0.004999999999999449,234.101501140537,True,0.8587515827511142,2.946345884599367,0.21652925251973038,pyin_probability_below_0.5,1.750359603129948,False
3.36,3.3173333333333335,3.4026666666666667,False,239.8022103323442,True,0.010013068846238976,2.100000000000002,0.13464991424449346,-17.415878376895705,3.3649999999999993,0.004999999999999449,240.37431522133878,True,0.9088682871345678,0.5721048889945735,-0.04125349238950039,pyin_probability_below_0.5,2.2081423480391775,False
3.37,3.3273333333333333,3.4126666666666665,False,242.58857779956992,True,0.01010197459374499,2.3000000000000003,0.13338688342302563,-17.497737491908484,3.3749999999999996,0.004999999999999449,244.70778902726153,True,0.9496688710290485,2.1192112276916077,-0.15058079699821214,pyin_probability_below_0.5,2.5174696526478897,False
3.38,3.3373333333333335,3.4226666666666667,False,242.58857779956992,True,0.011853505394683415,2.3000000000000003,0.12849218924597156,-17.822465426493906,3.3849999999999993,0.004999999999999449,248.23757737252336,True,0.9598520837931687,5.648999572953443,-0.39851878903287086,pyin_probability_below_0.5,2.765407644682547,False
3.39,3.3473333333333333,3.4326666666666665,False,243.99387913449723,True,0.047686993082531035,2.4000000000000012,0.1207434597961245,-18.362727679666197,3.3949999999999996,0.004999999999999449,250.86154309021327,True,0.9725411277005912,6.86766395571604,-0.48055640289918444,pyin_probability_below_0.5,2.9474452585488615,False
3.4,3.3573333333333335,3.4426666666666668,False,246.828951447135,True,0.3721358982975087,2.6000000000000005,0.10942107207722523,-19.21798068882367,3.4049999999999994,0.004999999999999449,251.88409050402808,True,0.9788773382922573,5.0551390568930685,-0.35098053878064583,pyin_probability_below_0.5,3.0178693944303254,False
3.41,3.3673333333333333,3.4526666666666666,False,248.25881701670832,True,0.615949885458068,2.7,0.09839574160033662,-20.140473933709426,3.4149999999999996,0.004999999999999449,251.11750381918742,True,0.961402096411137,2.858686802479099,-0.1982116405174411,,2.9651004961671226,True
3.42,3.3773333333333335,3.462666666666667,False,249.6969657132611,True,0.8911444948731203,2.8000000000000003,0.08203084015052027,-21.720456808632797,3.4249999999999994,0.004999999999999449,248.26527316177274,True,0.9328339514656903,1.4316925514883678,0.09954978626886474,,2.767339069380814,True
3.43,3.3873333333333333,3.4726666666666666,False,251.14344552045984,True,0.8266685594724996,2.9,0.06873275881146819,-23.256724478562177,3.4349999999999996,0.004999999999999449,244.4762128418431,True,0.8820302507177016,6.6672326786167275,0.46581027897998084,,2.5010785766696966,True
3.44,3.3973333333333335,3.482666666666667,False,251.14344552045984,True,0.7571601330199094,2.9,0.0499216330346817,-26.03422432935282,3.4449999999999994,0.004999999999999449,239.027153277337,True,0.72554711724095,12.116292243122842,0.8560452819910511,,2.110843573658625,False
3.45,3.4073333333333333,3.4926666666666666,False,249.6969657132611,True,0.6860828109301792,2.8000000000000003,0.037287963923998094,-28.568626605079537,3.4549999999999996,0.004999999999999449,,False,0.0,,,voicing_disagreement,,False
3.46,3.417333333333333,3.502666666666667,False,245.40732129724032,True,0.6159498854580682,2.500000000000002,0.02365195941023072,-32.52265749953673,3.4649999999999994,0.004999999999999449,,False,0.0,,,voicing_disagreement,,False
3.47,3.4273333333333333,3.5126666666666666,False,243.99387913449723,True,0.05607139544589262,2.4000000000000012,0.013980475042311587,-37.089561429103625,3.4749999999999996,0.004999999999999449,,False,0.0,,,pyin_probability_below_0.5|voicing_disagreement,,False
3.48,3.437333333333333,3.522666666666667,False,,False,0.010000000001606037,,0.011800086650189076,-38.56229607157105,3.4849999999999994,0.004999999999999449,,False,0.0,,,,,False
3.49,3.4473333333333334,3.5326666666666666,False,,False,0.01000000000061386,,0.018791408119959437,-34.52081350302932,3.4949999999999997,0.004999999999999449,,False,0.0,,,,,False
3.5,3.457333333333333,3.542666666666667,False,,False,0.010000000000006923,,0.02483093938604903,-32.100137004429975,3.5049999999999994,0.004999999999999449,,False,0.0,,,,,False
3.51,3.4673333333333334,3.5526666666666666,False,,False,0.010000000000221913,,0.029356336941817954,-30.645962725257906,3.5149999999999997,0.004999999999999893,,False,0.0,,,,,False
3.52,3.477333333333333,3.562666666666667,False,,False,0.010000000000006925,,0.03259403092893209,-29.737238533601055,3.5249999999999995,0.004999999999999449,,False,0.0,,,,,False
3.53,3.4873333333333334,3.5726666666666667,False,,False,0.010000000000006925,,0.034553762663531586,-29.230093081549903,3.5349999999999997,0.004999999999999893,,False,0.0,,,,,False
3.54,3.497333333333333,3.582666666666667,False,,False,0.010000000000001869,,0.03564384270891565,-28.96030962956332,3.5449999999999995,0.004999999999999449,,False,0.0,,,,,False
3.55,3.5073333333333334,3.5926666666666667,False,,False,0.010000000000023851,,0.03599146289240989,-28.876010017100448,3.5549999999999997,0.004999999999999893,,False,0.0,,,,,False
3.56,3.517333333333333,3.6026666666666665,False,,False,0.0100000000000754,,0.03598015952574568,-28.87873830897139,3.5649999999999995,0.004999999999999449,,False,0.0,,,,,False
3.57,3.5273333333333334,3.6126666666666667,False,,False,0.010000000101429393,,0.037040401418410376,-28.626486307590454,3.5749999999999997,0.004999999999999893,,False,0.0,,,,,False
3.58,3.537333333333333,3.6226666666666665,False,232.97550689710764,True,0.010000802780927255,1.599999999999999,0.037120031892973436,-28.60783318627449,3.5849999999999995,0.004999999999999449,,False,0.0,,,pyin_probability_below_0.5|voicing_disagreement,,False
3.59,3.5473333333333334,3.6326666666666667,False,227.65433896553014,True,0.010824463728234169,1.1999999999999993,0.037890096513478945,-28.429485769813965,3.5949999999999998,0.004999999999999893,236.44322022834925,True,0.6664354367901769,8.788881262819103,-0.6557858156608081,pyin_probability_below_0.5,1.922674671310485,False
3.6,3.5573333333333332,3.6426666666666665,False,222.45470667747657,True,0.030106861794195007,0.8000000000000002,0.038135582797069245,-28.373392244654564,3.6049999999999995,0.004999999999999449,230.87173658571692,True,0.9147374025318719,8.417029908240352,-0.642959344073559,pyin_probability_below_0.5,1.509848199723236,False
3.61,3.5673333333333335,3.6526666666666667,False,226.34314645699226,True,0.15046460134333883,1.099999999999998,0.0383328346517225,-28.328581283536952,3.6149999999999993,0.004999999999999449,226.99269204829037,True,0.9779013052213845,0.6495455912981072,-0.04961073526907516,pyin_probability_below_0.5,1.216499590918754,False
3.62,3.5773333333333333,3.6626666666666665,False,221.17346184722248,True,0.27960516533635893,0.7000000000000017,0.03978350126156236,-28.005939963868258,3.6249999999999996,0.004999999999999449,222.95495066564357,True,0.9795649601112766,1.7814888184210815,-0.13888733775803513,pyin_probability_below_0.5,0.9057761934077136,False
3.63,3.5873333333333335,3.6726666666666667,False,217.37383415501247,True,0.37213589829750865,0.4000000000000011,0.041708280934851794,-27.595554196798723,3.6349999999999993,0.004999999999999449,216.87399184566354,True,0.9783500711904459,0.49984230934893503,0.03985486422582256,pyin_probability_below_0.5,0.42703399142385545,False
3.64,3.5973333333333333,3.6826666666666665,False,214.87708272009507,True,0.42606232904328145,0.20000000000000445,0.04374733239628253,-27.18096848067139,3.6449999999999996,0.004999999999999449,211.35613399618816,True,0.9750144975996934,3.520948723906912,0.2860276830708266,pyin_probability_below_0.5,-0.01913882742114524,False
3.65,3.6073333333333335,3.6926666666666668,False,211.18562305262122,True,0.42606232904328145,-0.10000000000000067,0.0440564758920964,-27.11980490622315,3.6549999999999994,0.004999999999999449,205.19728174927678,True,0.9810107115305001,5.988341303344441,0.49800004295737155,pyin_probability_below_0.5,-0.5311111873076959,False
3.66,3.6173333333333333,3.7026666666666666,False,207.55758045272898,True,0.48498680771591124,-0.3999999999999989,0.04267514858062289,-27.396499162843458,3.6649999999999996,0.004999999999999449,200.97847945148715,True,0.9885340235769122,6.579101001241838,0.5576471488108911,pyin_probability_below_0.5,-0.8907582931612136,False
3.67,3.6273333333333335,3.712666666666667,False,202.8169587634771,True,0.5485250542599845,-0.8000000000000008,0.04040476630525944,-27.871348015621102,3.6749999999999994,0.004999999999999449,197.693719631958,True,0.9897975133053006,5.123239131519085,0.4429349989098891,,-1.1760461432602118,True
3.68,3.6373333333333333,3.7226666666666666,False,198.18461302324906,True,0.615949885458068,-1.2000000000000002,0.03754601726234365,-28.508722490225683,3.6849999999999996,0.004999999999999449,194.1738194105477,True,0.9930504564574341,4.010793612701349,0.353955147370886,,-1.48706629172121,True
3.69,3.6473333333333335,3.732666666666667,False,194.7799199939686,True,0.6159498854580678,-1.4999999999999982,0.03473961326119451,-29.183500412921788,3.6949999999999994,0.004999999999999449,190.90814999575696,True,0.987058871518917,3.871769998211647,0.3475951550489475,,-1.7807062993992702,True
3.7,3.6573333333333333,3.7426666666666666,False,191.43371755306833,True,0.615949885458068,-1.799999999999999,0.03180515000468169,-29.950051035830477,3.7049999999999996,0.004999999999999449,186.3624801023063,True,0.9769874307298424,5.071237450762027,0.46480225906622075,,-2.197913403416542,True
3.71,3.667333333333333,3.752666666666667,False,189.23491376948436,True,0.6159498854580678,-1.9999999999999987,0.02847403253694272,-30.911020460696363,3.7149999999999994,0.004999999999999449,180.21449685880108,True,0.9663467340076994,9.02041691068328,0.8455586456665178,,-2.7786697900168376,False
3.72,3.6773333333333333,3.7626666666666666,False,187.0613654014066,True,0.6159498854580678,-2.1999999999999997,0.024784502253772402,-32.116395971820275,3.7249999999999996,0.004999999999999449,174.25332034411107,True,0.9276890354914937,12.808045057295516,1.2279057213858922,pitch_difference_over_1_semitone,-3.3610168657362145,False
3.73,3.687333333333333,3.772666666666667,False,183.84776310850236,True,0.6159498854580678,-2.499999999999999,0.020960857384443116,-33.57181913823479,3.7349999999999994,0.004999999999999449,166.91463468670048,True,0.8517245027965424,16.933128421801882,1.67281405036917,pitch_difference_over_1_semitone,-4.1059251947194895,False
3.74,3.6973333333333334,3.7826666666666666,False,179.64867439581087,True,0.5485250542599844,-2.900000000000002,0.016842241029731274,-35.47200243476572,3.7449999999999997,0.004999999999999449,166.3302148645383,True,0.7174332026661807,13.318459531272566,1.3335362811066416,pitch_difference_over_1_semitone,-4.166647425456963,False
3.75,3.707333333333333,3.792666666666667,False,175.5454930018647,True,0.48498680771591135,-3.299999999999999,0.012892865068658518,-37.79301124913783,3.7549999999999994,0.004999999999999449,,False,0.0,,,pyin_probability_below_0.5|voicing_disagreement,,False
3.76,3.7173333333333334,3.8026666666666666,False,172.52972650401387,True,0.27960516533635893,-3.5999999999999965,0.009300339578274704,-40.63002387993534,3.7649999999999997,0.004999999999999893,,False,0.0,,,pyin_probability_below_0.5|voicing_disagreement,,False
3.77,3.727333333333333,3.812666666666667,False,164.73856077731807,True,0.09203757081218102,-4.4,0.006124891311762037,-44.25803227190797,3.7749999999999995,0.004999999999999449,,False,0.0,,,pyin_probability_below_0.5|voicing_disagreement,,False
3.78,3.7373333333333334,3.8226666666666667,False,,False,0.01000419105279527,,0.005663667144586223,-44.93804556370059,3.7849999999999997,0.004999999999999893,,False,0.0,,,,,False
3.79,3.747333333333333,3.832666666666667,False,185.98397121658357,True,0.013100262550513395,-2.3000000000000016,0.010878585333176977,-39.26855154485383,3.7949999999999995,0.004999999999999449,,False,0.0,,,pyin_probability_below_0.5|voicing_disagreement,,False
3.8,3.7573333333333334,3.8426666666666667,False,185.98397121658357,True,0.1279370863012904,-2.3000000000000016,0.015831469132280382,-36.00957563018518,3.8049999999999997,0.004999999999999893,,False,0.0,,,pyin_probability_below_0.5|voicing_disagreement,,False
3.81,3.767333333333333,3.8526666666666665,False,181.73609144327253,True,0.2796051653363588,-2.699999999999999,0.018420918542983663,-34.693774357698516,3.8149999999999995,0.004999999999999449,185.3251250493056,True,0.8460033798849889,3.5890336060330696,-0.3385623392251657,pyin_probability_below_0.5,-2.2945488051251552,False
3.82,3.7773333333333334,3.8626666666666667,False,180.68936857950385,True,0.42606232904328145,-2.7999999999999954,0.020773849960977368,-33.64966018786972,3.8249999999999997,0.004999999999999893,184.04952973952916,True,0.9385383811130017,3.3601611600253136,-0.3189892833359,pyin_probability_below_0.5,-2.4141218610144177,False
3.83,3.787333333333333,3.8726666666666665,False,179.64867439581087,True,0.4849868077159113,-2.900000000000002,0.02249045247249459,-32.96003614310514,3.8349999999999995,0.004999999999999449,182.13001481917,True,0.9529012295895597,2.4813404233591143,-0.23748487785875003,pyin_probability_below_0.5,-2.595626266491574,False
3.84,3.7973333333333334,3.8826666666666667,False,179.64867439581087,True,0.5485250542599844,-2.900000000000002,0.024100849494052622,-32.359352987442506,3.8449999999999998,0.004999999999999893,177.92770327457757,True,0.9645341968732176,1.7209711212333048,0.16664561719802112,,-2.999756761548346,True
3.85,3.8073333333333332,3.8926666666666665,False,179.64867439581087,True,0.5485250542599844,-2.900000000000002,0.02565139547040289,-31.817780074115035,3.8549999999999995,0.004999999999999449,174.60688306255963,True,0.9935423639641067,5.04179133325124,0.49281429965004664,,-3.3259254440003705,True
3.86,3.8173333333333335,3.9026666666666667,False,180.68936857950385,True,0.5485250542599845,-2.7999999999999954,0.027697344774083216,-31.151237257870505,3.8649999999999993,0.004999999999999449,174.69815318789082,True,0.9907942881229406,5.991215391613025,0.5837671954955859,,-3.3168783398459025,False
3.87,3.8273333333333333,3.9126666666666665,False,183.84776310850236,True,0.1765306086328976,-2.499999999999999,0.030787111231302906,-30.232621184691176,3.8749999999999996,0.004999999999999449,176.44001223889902,True,0.9843543807225121,7.407750869603348,0.7120062916475024,pyin_probability_below_0.5,-3.1451174359978236,False
3.88,3.8373333333333335,3.9226666666666667,False,205.1735783080468,True,0.015085587297504338,-0.5999999999999991,0.035758258227673874,-28.932472873882958,3.8849999999999993,0.004999999999999449,182.05510603590497,True,0.9783462833268277,23.118472272141844,2.0696370296857967,pyin_probability_below_0.5|pitch_difference_over_1_semitone,-2.60274817403612,False
3.89,3.8473333333333333,3.9326666666666665,False,218.63306796596578,True,0.020317628556360583,0.5000000000000008,0.04522814068952201,-26.891825311134365,3.8949999999999996,0.004999999999999449,191.61398788009743,True,0.9380902500424032,27.019080085868353,2.283704893839409,pyin_probability_below_0.5|pitch_difference_over_1_semitone,-1.716816038189733,False
3.9,3.8573333333333335,3.9426666666666668,False,225.0395058615972,True,0.03010686179419501,1.0000000000000009,0.05543581831771002,-25.124190744706382,3.9049999999999994,0.004999999999999449,206.35464900159886,True,0.8824975988547896,18.684856859998348,1.5006281816289997,pyin_probability_below_0.5|pitch_difference_over_1_semitone,-0.43373932597932063,False
3.91,3.8673333333333333,3.9526666666666666,False,228.9731271349986,True,0.047686993082531035,1.300000000000003,0.06660290896279833,-23.53013604154837,3.9149999999999996,0.004999999999999449,217.04930711917035,True,0.9109105005510032,11.923820015828255,0.9258656735990436,pyin_probability_below_0.5,0.4410231820506367,False
3.92,3.8773333333333335,3.962666666666667,False,232.97550689710764,True,0.056071395445892624,1.599999999999999,0.07896181667817538,-22.051657367804125,3.9249999999999994,0.004999999999999449,222.8332038701724,True,0.9152122938090104,10.142303026935224,0.7705688221143212,pyin_probability_below_0.5,0.8963200335353567,False
3.93,3.8873333333333333,3.9726666666666666,False,235.68255189130872,True,0.06608151270920701,1.800000000000001,0.09036995923004491,-20.879518272981237,3.9349999999999996,0.004999999999999449,228.60806066234025,True,0.9163045916115398,7.074491228968469,0.5276241969114472,pyin_probability_below_0.5,1.3392646587382337,False
3.94,3.8973333333333335,3.982666666666667,False,238.4210512332145,True,0.066081512709207,2.0000000000000004,0.09892435621074507,-20.093935347906516,3.9449999999999994,0.004999999999999449,233.6184786152339,True,0.943801731799713,4.802572617980616,0.35228677307667444,pyin_probability_below_0.5,1.7146020825730024,False
3.95,3.9073333333333333,3.9926666666666666,False,241.19137040474044,True,0.05607139544589262,2.1999999999999993,0.10876270583595914,-19.27039992845643,3.9549999999999996,0.004999999999999449,237.10628146441664,True,0.9537304995640431,4.0850889403238,0.29573287733444226,pyin_probability_below_0.5,1.9711559783152346,False
3.96,3.917333333333333,4.002666666666666,False,242.58857779956992,True,0.05607139544589262,2.3000000000000003,0.11409144124495316,-18.854938673336754,3.9649999999999994,0.004999999999999449,240.46237667636277,True,0.9521457160590318,2.126201123207153,0.15240526977980268,pyin_probability_below_0.5,2.214483585869873,False
3.97,3.9273333333333333,4.012666666666667,False,243.99387913449723,True,0.047686993082531035,2.4000000000000012,0.1193120976589357,-18.466310375520475,3.9749999999999996,0.004999999999999449,243.85663605226077,True,0.9572051112656489,0.1372430822364663,0.009740684731829237,pyin_probability_below_0.5,2.4571481709178506,False
3.98,3.937333333333333,4.022666666666667,False,246.828951447135,True,0.047686993082531035,2.6000000000000005,0.11999136759770328,-18.416999935636667,3.9849999999999994,0.004999999999999449,246.81350639802326,True,0.9681636341340883,0.015445049111747267,0.0010833344861463229,pyin_probability_below_0.5,2.6658055211635334,False
3.99,3.9473333333333334,4.032666666666667,False,248.25881701670832,True,0.04069733156888106,2.7,0.12010440198857399,-18.408821496519337,3.9949999999999997,0.004999999999999449,249.39162415379147,True,0.9749269173438548,1.132807137083148,-0.07881667579524529,pyin_probability_below_0.5,2.8457055314449238,False
4.0,3.957333333333333,4.042666666666666,False,249.6969657132611,True,0.03010686179419501,2.8000000000000003,0.11901749521977562,-18.487783878210994,4.005,0.004999999999999893,252.0293894249222,True,0.9640065798586821,2.332423711661079,-0.16096425448324192,pyin_probability_below_0.5,3.027853110132918,False
4.01,3.9673333333333334,4.052666666666667,False,252.59830469993753,True,0.03489742801962526,2.999999999999999,0.11305880147138266,-18.933912455551592,4.005,-0.004999999999999893,252.0293894249222,True,0.9640065798586821,0.5689152750153426,0.039035745516757474,pyin_probability_below_0.5,3.027853110132918,False
4.02,3.977333333333333,4.062666666666667,False,255.5333556217653,True,0.03010686179419501,3.2000000000000033,0.10829529778761247,-19.307808003084958,4.015,-0.004999999999999893,255.52685483783765,True,0.954030290061952,0.0065007839276631785,0.00044043258510351104,pyin_probability_below_0.5,3.266448423064576,False
4.03,3.9873333333333334,4.072666666666667,False,257.013645291753,True,0.04069733156888106,3.3000000000000003,0.10089742856170486,-19.922398038134478,4.034999999999999,0.004999999999999005,262.3971206736872,True,0.9521211203700495,5.383475381934204,-0.3588831903395333,pyin_probability_below_0.5,3.725772045989209,False
4.04,3.997333333333333,4.082666666666666,False,260.0,True,0.09203757081218102,3.500000000000001,0.09172131772835046,-20.75059429078259,4.045,0.004999999999999893,266.0368961172965,True,0.9615468043431111,6.036896117296521,-0.3973766495575497,pyin_probability_below_0.5,3.964265505207228,False
4.05,4.007333333333333,4.092666666666666,False,261.5061646776419,True,0.20650679911775227,3.6000000000000005,0.08292012379019595,-21.62680116452087,4.045,-0.004999999999999893,266.0368961172965,True,0.9615468043431111,4.53073143965463,-0.2973766495575493,pyin_probability_below_0.5,3.964265505207228,False
4.06,4.017333333333333,4.102666666666667,False,264.5447199466984,True,0.4260623290432815,3.799999999999997,0.07397685961897738,-22.618082176037554,4.055,-0.004999999999999893,268.67060704620803,True,0.9713680406806238,4.125887099509612,-0.2679224856232958,pyin_probability_below_0.5,4.134811341272971,False
4.07,4.027333333333333,4.112666666666667,False,266.0772119191614,True,0.615949885458068,3.8999999999999977,0.06395466519112486,-23.882555405922417,4.074999999999999,0.004999999999999005,270.67922157867486,True,0.9073478356285164,4.602009659513442,-0.29687025799028605,,4.26375911363996,True
4.08,4.037333333333334,4.1226666666666665,False,267.61858152730787,True,0.7571601330199091,3.9999999999999973,0.05632685399141331,-24.98569009239724,4.085,0.004999999999999893,268.89314826780986,True,0.9227377408586241,1.2745667405019958,-0.08225644911539529,,4.149145304765069,True
4.09,4.0473333333333334,4.132666666666666,False,269.16888019875813,True,0.8266685594724994,4.099999999999998,0.044901615836003085,-26.95476060263597,4.085,-0.004999999999999893,268.89314826780986,True,0.9227377408586241,0.2757319309482682,0.017743550884609126,,4.149145304765069,True
4.1,4.057333333333333,4.142666666666667,False,270.72815965904965,True,0.7571601330199093,4.200000000000001,0.03484476646395891,-29.157248837118345,4.095,-0.004999999999999893,270.4525496046602,True,0.9883216638383552,0.2756100543894604,0.017633501841717802,,4.249255353807959,True
4.11,4.067333333333333,4.152666666666667,False,269.16888019875813,True,0.6159498854580681,4.099999999999998,0.02761523868422599,-31.177023974538987,4.114999999999999,0.004999999999999005,276.7290218085452,True,0.9939295394668838,7.560141609787081,-0.4795479660164801,,4.646436821666156,True
4.12,4.077333333333334,4.1626666666666665,False,267.61858152730787,True,0.7571601330199093,3.9999999999999973,0.020947702472820514,-33.57727206311191,4.124999999999999,0.004999999999999005,273.9701775475688,True,0.9776823975453176,6.351596020260956,-0.40608684301726905,,4.472975698666944,True
4.13,4.0873333333333335,4.172666666666666,False,269.16888019875813,True,0.6860828109301792,4.099999999999998,0.01895613304983719,-34.44500503447349,4.135,0.004999999999999893,266.27887906552337,True,0.9020387381244934,2.8900011332347617,0.18688347694435942,,3.980005378705319,True
4.14,4.097333333333333,4.182666666666667,False,267.61858152730787,True,0.5485250542599844,3.9999999999999973,0.016403436880815435,-35.70130296344361,4.135,-0.004999999999999893,266.27887906552337,True,0.9020387381244934,1.3397024617844977,0.0868834769443547,,3.980005378705319,True
4.15,4.107333333333333,4.192666666666667,False,267.61858152730787,True,0.42606232904328145,3.9999999999999973,0.013724842996889242,-37.24985229781189,4.154999999999999,0.004999999999999005,260.4930607477612,True,0.6522293938347341,7.125520779546662,0.46720018480596603,pyin_probability_below_0.5,3.599688670843708,False
4.16,4.117333333333334,4.2026666666666666,False,264.5447199466984,True,0.2796051653363588,3.799999999999997,0.011079160704880173,-39.10986276154739,4.164999999999999,0.004999999999999005,,False,0.0,,,pyin_probability_below_0.5|voicing_disagreement,,False
4.17,4.1273333333333335,4.212666666666666,False,263.0210544784999,True,0.0779752376229482,3.7000000000000015,0.008073619652915616,-41.85863427991305,4.175,0.004999999999999893,,False,0.0,,,pyin_probability_below_0.5|voicing_disagreement,,False
4.18,4.137333333333333,4.222666666666667,False,,False,0.01000123296498612,,0.012127890398989644,-38.32429472917626,4.175,-0.004999999999999893,,False,0.0,,,,,False
4.19,4.147333333333333,4.232666666666667,False,,False,0.010000027850262284,,0.020518581504623774,-33.75705332540353,4.194999999999999,0.004999999999999005,,False,0.0,,,,,False
4.2,4.157333333333334,4.242666666666667,False,209.96928336801093,True,0.011422334250709074,-0.19999999999999973,0.028579124708400915,-30.879021529188346,4.204999999999999,0.004999999999999005,,False,0.0,,,pyin_probability_below_0.5|voicing_disagreement,,False
4.21,4.167333333333334,4.252666666666666,False,208.75994928447787,True,0.022944219124638603,-0.30000000000000004,0.03660293213193962,-28.729682468223217,4.215,0.004999999999999893,,False,0.0,,,pyin_probability_below_0.5|voicing_disagreement,,False
4.22,4.177333333333333,4.262666666666667,False,207.55758045272898,True,0.026168028608935752,-0.3999999999999989,0.04325740274027557,-27.278791200217164,4.215,-0.004999999999999893,,False,0.0,,,pyin_probability_below_0.5|voicing_disagreement,,False
4.23,4.187333333333333,4.272666666666667,False,205.1735783080468,True,0.0229442191246386,-0.5999999999999991,0.04909767946613673,-26.17878067439095,4.234999999999999,0.004999999999999005,209.57011510347425,True,0.8794520374655631,4.396536795427437,-0.36705654334657906,pyin_probability_below_0.5,-0.16605460100374253,False
4.24,4.197333333333333,4.282666666666667,False,203.99186545315516,True,0.020317628556360587,-0.7000000000000022,0.05425789716686479,-25.310740837556942,4.244999999999999,0.004999999999999005,206.85139774474862,True,0.882018471816233,2.8595322915934673,-0.24099699588429532,pyin_probability_below_0.5,-0.3921141484660311,False
4.25,4.207333333333334,4.292666666666666,False,202.8169587634771,True,0.022944219124638607,-0.8000000000000008,0.058906684795090536,-24.596708364058713,4.255,0.004999999999999893,203.41138879231508,True,0.9172712875434832,0.5944300288379907,-0.050665998392899994,pyin_probability_below_0.5,-0.6824451459574243,False
4.26,4.217333333333333,4.302666666666667,False,202.8169587634771,True,0.030106861794195014,-0.8000000000000008,0.0628142938045969,-24.038830369171844,4.255,-0.004999999999999893,203.41138879231508,True,0.9172712875434832,0.5944300288379907,-0.050665998392899994,pyin_probability_below_0.5,-0.6824451459574243,False
4.27,4.227333333333333,4.312666666666667,False,201.6488190383855,True,0.06608151270920701,-0.8999999999999986,0.06535061799008648,-23.6950060229035,4.265,-0.004999999999999893,200.9258091162236,True,0.9617449835920826,0.7230099221619071,0.06218478032664239,pyin_probability_below_0.5,-0.8952959246769654,False
4.28,4.237333333333333,4.322666666666667,False,200.48740730303228,True,0.20650679911775227,-1.0000000000000013,0.0657338065562876,-23.644224351647015,4.284999999999999,0.004999999999999005,198.93054588991563,True,0.9779043786625747,1.5568614131166498,0.13496164188596957,pyin_probability_below_0.5,-1.0680727862362915,False
4.29,4.247333333333334,4.332666666666666,False,199.33268480704808,True,0.4849868077159112,-1.0999999999999999,0.06443595385511207,-23.81743476343237,4.295,0.004999999999999893,198.4928467201227,True,0.981154889544522,0.8398380869253685,0.07309528104563631,pyin_probability_below_0.5,-1.1062064253959583,False
4.3,4.257333333333333,4.342666666666666,False,199.33268480704808,True,0.7571601330199094,-1.0999999999999999,0.060902566966979016,-24.307288040248977,4.295,-0.004999999999999893,198.4928467201227,True,0.981154889544522,0.8398380869253685,0.07309528104563631,,-1.1062064253959583,True
4.31,4.267333333333333,4.352666666666667,False,198.18461302324906,True,0.7571601330199095,-1.2000000000000002,0.057209703185562844,-24.850606108558896,4.305,-0.004999999999999893,198.0060921693259,True,0.9807391155051364,0.1785208539231462,0.01560164827928789,,-1.1487127926296121,True
4.32,4.277333333333333,4.362666666666667,False,198.18461302324906,True,0.4849868077159113,-1.2000000000000002,0.054864949001390426,-25.214100403075363,4.324999999999999,0.004999999999999005,197.1671114744396,True,0.907745828219407,1.017501548809463,0.08911240834171602,pyin_probability_below_0.5,-1.222223552692036,False
4.33,4.287333333333334,4.3726666666666665,False,199.33268480704808,True,0.1765306086328976,-1.0999999999999999,0.05358593474373536,-25.418983782558037,4.335,0.004999999999999893,195.189214342617,True,0.8438712012030454,4.14347046443109,0.36365945351748113,pyin_probability_below_0.5,-1.396770597867804,False
4.34,4.2973333333333334,4.382666666666666,False,200.48740730303228,True,0.04069733156888106,-1.0000000000000013,0.05339342078179786,-25.450245081973716,4.335,-0.004999999999999893,195.189214342617,True,0.8438712012030454,5.298192960415292,0.4636594535174787,pyin_probability_below_0.5,-1.396770597867804,False
4.35,4.307333333333333,4.392666666666667,False,205.1735783080468,True,0.022944219124638596,-0.5999999999999991,0.054231558838652064,-25.314958239413762,4.345,-0.004999999999999893,200.87923271078608,True,0.8256702780652134,4.29434559726073,0.366198401408704,pyin_probability_below_0.5,-0.8993095457590257,False
4.36,4.317333333333333,4.402666666666667,False,207.55758045272898,True,0.06608151270920702,-0.3999999999999989,0.056064240418813305,-25.026281149407815,4.364999999999999,0.004999999999999005,206.9187731640411,True,0.948208963513196,0.6388072886878717,0.053364964973157646,pyin_probability_below_0.5,-0.3864761093234783,False
4.37,4.327333333333334,4.4126666666666665,False,208.75994928447787,True,0.2796051653363589,-0.30000000000000004,0.05844200312019263,-24.665498137733167,4.375,0.004999999999999893,208.0488452422168,True,0.9696332385002798,0.7111040422610699,0.05907210888964693,pyin_probability_below_0.5,-0.29218325323996797,False
4.38,4.3373333333333335,4.422666666666666,False,209.96928336801093,True,0.4260623290432815,-0.19999999999999973,0.0626183523950924,-24.065967273230143,4.375,-0.004999999999999893,208.0488452422168,True,0.9696332385002798,1.920438125794135,0.15907210888964624,pyin_probability_below_0.5,-0.29218325323996797,False
4.39,4.347333333333333,4.432666666666667,False,209.96928336801093,True,0.48498680771591124,-0.19999999999999973,0.06729947622719606,-23.439766315081737,4.385,-0.004999999999999893,209.07313516599075,True,0.9777966766389672,0.8961482020201856,0.07404714066552293,pyin_probability_below_0.5,-0.20715828501584543,False
4.4,4.357333333333333,4.442666666666667,False,209.96928336801093,True,0.6860828109301794,-0.19999999999999973,0.07060487424655534,-23.02330632306832,4.404999999999999,0.004999999999999005,211.11145999477623,True,0.9822119046741512,1.1421766267652913,-0.09391927543909959,,-0.03919186891122191,True
4.41,4.367333333333334,4.4526666666666666,False,209.96928336801093,True,0.7571601330199094,-0.19999999999999973,0.07263011905925991,-22.777664878375504,4.414999999999999,0.004999999999999005,211.7099027347606,True,0.9852838080458562,1.7406193667496552,-0.1429255570991822,,0.009814412748860565,True
4.42,4.3773333333333335,4.462666666666666,False,209.96928336801093,True,0.7571601330199093,-0.19999999999999973,0.07392824571211863,-22.623791986312334,4.425,0.004999999999999893,211.58991783016262,True,0.9859906731583292,1.6206344621516848,-0.1331111443503218,,0.0,True
4.43,4.387333333333333,4.472666666666667,False,209.96928336801093,True,0.7571601330199093,-0.19999999999999973,0.07345138721726525,-22.67999995251483,4.425,-0.004999999999999893,211.58991783016262,True,0.9859906731583292,1.6206344621516848,-0.1331111443503218,,0.0,True
4.44,4.397333333333333,4.482666666666667,False,209.96928336801093,True,0.6860828109301793,-0.19999999999999973,0.07128406076190084,-22.94015136566008,4.444999999999999,0.004999999999999005,209.55535883524294,True,0.9835853941185555,0.413924532767993,0.034162497518184495,,-0.16727364186850757,True
4.45,4.407333333333334,4.492666666666667,False,209.96928336801093,True,0.5485250542599845,-0.19999999999999973,0.0669151833556095,-23.489506553644468,4.454999999999999,0.004999999999999005,208.34121423199156,True,0.9756579474060368,1.628069136019377,0.13476032614391287,,-0.267871470494234,True
4.46,4.417333333333334,4.502666666666666,False,208.75994928447787,True,0.4849868077159113,-0.30000000000000004,0.06240224679210306,-24.095995465375285,4.465,0.004999999999999893,206.93529044812982,True,0.9671380749912976,1.8246588363480498,0.15198306313181092,pyin_probability_below_0.5,-0.38509420748213463,False
4.47,4.427333333333333,4.512666666666667,False,208.75994928447787,True,0.4849868077159113,-0.30000000000000004,0.0575792030163104,-24.79468701424175,4.465,-0.004999999999999893,206.93529044812982,True,0.9671380749912976,1.8246588363480498,0.15198306313181092,pyin_probability_below_0.5,-0.38509420748213463,False
4.48,4.437333333333333,4.522666666666667,False,207.55758045272898,True,0.3721358982975087,-0.3999999999999989,0.05252380110888352,-25.592877037455363,4.484999999999999,0.004999999999999005,201.43564630997824,True,0.8176755510876279,6.121934142750746,0.5183113938582786,pyin_probability_below_0.5,-0.8514225382086003,False
4.49,4.447333333333333,4.532666666666667,False,206.36213675586595,True,0.24075439447557426,-0.4999999999999981,0.04729828796823388,-26.50309157822695,4.494999999999999,0.004999999999999005,195.53393228065244,True,0.8755418901758474,10.82820447521351,0.9331116043997434,pyin_probability_below_0.5,-1.3662227487500647,False
4.5,4.457333333333334,4.542666666666666,False,203.99186545315516,True,0.15046460134333878,-0.7000000000000022,0.04160924836294847,-27.61620258621854,4.505,0.004999999999999893,193.45888914287846,True,0.9643001115798431,10.532976310276695,0.9178152395767144,pyin_probability_below_0.5,-1.550926383927039,False
4.51,4.467333333333333,4.552666666666667,False,201.6488190383855,True,0.09203757081218102,-0.8999999999999986,0.036501973305911144,-28.753673136786567,4.505,-0.004999999999999893,193.45888914287846,True,0.9643001115798431,8.18992989550705,0.7178152395767179,pyin_probability_below_0.5,-1.550926383927039,False
4.52,4.477333333333333,4.562666666666667,False,194.7799199939686,True,0.20650679911775227,-1.4999999999999982,0.03385617793309379,-29.407241430305145,4.515,-0.004999999999999893,192.54130267230596,True,0.9687640661915324,2.2386173216626446,0.20012400349862275,pyin_probability_below_0.5,-1.6332351478489426,False
4.53,4.487333333333333,4.572666666666667,False,192.54268179725335,True,0.4260623290432815,-1.6999999999999988,0.03348944571783722,-29.501840807743594,4.534999999999999,0.004999999999999005,192.21648211817953,True,0.9834904588099279,0.32619967907382375,0.029354888952525696,pyin_probability_below_0.5,-1.6624660333028483,False
4.54,4.497333333333334,4.582666666666666,False,191.43371755306833,True,0.3721358982975087,-1.799999999999999,0.0351033524610354,-29.093028106123686,4.545,0.004999999999999893,193.53851839704592,True,0.9549354502826504,2.1048008439775856,-0.18930919461204662,pyin_probability_below_0.5,-1.543801949738275,False
4.55,4.507333333333333,4.592666666666666,False,190.3311404729313,True,0.32333605839064083,-1.8999999999999986,0.03588106977337832,-28.90269234391388,4.545,-0.004999999999999893,193.53851839704592,True,0.9549354502826504,3.20737792411461,-0.28930919461204574,pyin_probability_below_0.5,-1.543801949738275,False
4.56,4.517333333333333,4.602666666666667,False,190.3311404729313,True,0.15046460134333883,-1.8999999999999986,0.036268261574196485,-28.80946521418541,4.555,-0.004999999999999893,193.20160471390224,True,0.9236922364685206,2.8704642409709322,-0.2591454462676891,pyin_probability_below_0.5,-1.5739656980826333,False
4.57,4.527333333333333,4.612666666666667,False,189.23491376948436,True,0.07797523762294817,-1.9999999999999987,0.03655491365558889,-28.741084751644124,4.574999999999999,0.004999999999999005,187.88288446512644,True,0.9224189821171098,1.3520293043579272,0.12413570542891529,pyin_probability_below_0.5,-2.0572468497792364,False
4.58,4.537333333333334,4.6226666666666665,False,188.14500086724917,True,0.047686993082531035,-2.099999999999997,0.03667347547424931,-28.712958616841536,4.585,0.004999999999999893,184.86461821664685,True,0.9293434153371588,3.28038265060232,0.30450992489172957,pyin_probability_below_0.5,-2.3376210692420503,False
4.59,4.5473333333333334,4.632666666666666,False,187.0613654014066,True,0.03489742801962526,-2.1999999999999997,0.036447609922489944,-28.76661891153297,4.585,-0.004999999999999893,184.86461821664685,True,0.9293434153371588,2.1967471847597437,0.20450992489172848,pyin_probability_below_0.5,-2.3376210692420503,False
4.6,4.557333333333333,4.642666666666667,False,182.78887791090543,True,0.05607139544589261,-2.6000000000000005,0.035016234632227874,-29.114611126424983,4.595,-0.004999999999999893,181.92047323191096,True,0.9486834624659485,0.8684046789944659,0.08244453207344984,pyin_probability_below_0.5,-2.6155556764237726,False
4.61,4.567333333333333,4.652666666666667,False,180.68936857950385,True,0.12793708630129036,-2.7999999999999954,0.03288955096923673,-29.65884111527479,4.614999999999999,0.004999999999999005,178.6939576104456,True,0.9721433779958161,1.9954109690582413,0.19224925918323504,pyin_probability_below_0.5,-2.9253604035335536,False
4.62,4.577333333333334,4.6626666666666665,False,179.64867439581087,True,0.27960516533635893,-2.900000000000002,0.03074259491142545,-30.245189549900555,4.625,0.004999999999999893,177.4620791897337,True,0.9760957323620498,2.1865952060771576,0.21201015893595881,pyin_probability_below_0.5,-3.045121303286284,False
4.63,4.5873333333333335,4.672666666666666,False,178.6139741695516,True,0.42606232904328145,-2.9999999999999987,0.02905060000265479,-30.736897867778595,4.625,-0.004999999999999893,177.4620791897337,True,0.9760957323620498,1.1518949798178824,0.11201015893596315,pyin_probability_below_0.5,-3.045121303286284,False
4.64,4.597333333333333,4.682666666666667,False,177.5852333780714,True,0.6159498854580681,-3.100000000000001,0.027428131263833692,-31.236075615646865,4.635,-0.004999999999999893,176.34101055873307,True,0.9767810544434735,1.2442228193383187,0.12172308892634948,,-3.154834233276673,True
4.65,4.607333333333333,4.692666666666667,False,176.56241769755178,True,0.7571601330199094,-3.2000000000000006,0.025539994864940203,-31.85558388783293,4.654999999999999,0.004999999999999005,174.5596953619582,True,0.9813471646371533,2.0027223355935746,0.19749361087418266,,-3.3306047552245026,True
4.66,4.617333333333334,4.7026666666666666,False,175.5454930018647,True,0.8266685594724994,-3.299999999999999,0.02342089233063453,-32.60793124856258,4.664999999999999,0.004999999999999005,174.618328804221,True,0.9769351838305346,0.9271641976437195,0.09167948709845138,,-3.3247906314487716,True
4.67,4.6273333333333335,4.712666666666666,False,175.5454930018647,True,0.8911444948731202,-3.299999999999999,0.02149452905414153,-33.35344131699039,4.675,0.004999999999999893,174.82404684392486,True,0.9765346472163859,0.7214461579398517,0.07129580493480489,,-3.304406949285126,True
4.68,4.637333333333333,4.722666666666667,False,174.53442536143424,True,0.9459302094659092,-3.3999999999999986,0.019689520315533032,-34.11529728399709,4.675,-0.004999999999999893,174.82404684392486,True,0.9765346472163859,0.2896214824906167,-0.028704195065196215,,-3.304406949285126,True
4.69,4.647333333333333,4.732666666666667,False,174.53442536143424,True,0.9459302094659091,-3.3999999999999986,0.017396894349217415,-35.19056547961205,4.694999999999999,0.004999999999999005,174.21822161391057,True,0.9833723378449449,0.316203747523673,0.03139318648368241,,-3.3645043308340075,True
4.7,4.657333333333334,4.742666666666667,False,174.53442536143424,True,0.9459302094659092,-3.3999999999999986,0.01511315553850846,-36.412896960893214,4.704999999999999,0.004999999999999005,174.61904037403374,True,0.9791888084560977,0.08461501259949955,-0.008391060557493196,,-3.3247200837928297,True
4.71,4.667333333333334,4.752666666666666,False,174.53442536143424,True,0.9459302094659092,-3.3999999999999986,0.012935181233924854,-37.76454964070043,4.715,0.004999999999999893,176.00767895960445,True,0.9576430811158732,1.4732535981702028,-0.14552099607451008,,-3.187590148275812,True
4.72,4.677333333333333,4.762666666666667,False,174.53442536143424,True,0.9459302094659092,-3.3999999999999986,0.01101361002488389,-39.161406105740866,4.715,-0.004999999999999893,176.00767895960445,True,0.9576430811158732,1.4732535981702028,-0.14552099607451008,,-3.187590148275812,True
4.73,4.687333333333333,4.772666666666667,False,174.53442536143424,True,0.8911444948731202,-3.3999999999999986,0.009065115309400315,-40.852533345064394,4.734999999999999,0.004999999999999005,,False,0.0,,,voicing_disagreement,,False
4.74,4.697333333333333,4.782666666666667,False,175.5454930018647,True,0.8266685594724995,-3.299999999999999,0.006977860938771073,-43.125553796428704,4.744999999999999,0.004999999999999005,,False,0.0,,,voicing_disagreement,,False
4.75,4.707333333333334,4.792666666666666,False,176.56241769755178,True,0.6860828109301792,-3.2000000000000006,0.005102871194295692,-45.843707878162824,4.755,0.004999999999999893,,False,0.0,,,voicing_disagreement,,False
4.76,4.717333333333333,4.802666666666667,False,174.53442536143424,True,0.2796051653363588,-3.3999999999999986,0.002839470348484961,-50.935253242597575,4.755,-0.004999999999999893,,False,0.0,,,pyin_probability_below_0.5|voicing_disagreement,,False
4.77,4.727333333333333,4.812666666666667,False,176.56241769755178,True,0.01240312479355135,-3.2000000000000006,0.0014508279691176351,-56.76768161330203,4.765,-0.004999999999999893,,False,0.0,,,pyin_probability_below_0.5|voicing_disagreement,,False
4.78,4.737333333333333,4.822666666666667,False,178.6139741695516,True,0.010000000021701592,-2.9999999999999987,0.0009751171819779924,-60.218863820830755,4.784999999999999,0.004999999999999005,,False,0.0,,,pyin_probability_below_0.5|voicing_disagreement,,False
4.79,4.747333333333334,4.832666666666666,False,179.64867439581087,True,0.01,-2.900000000000002,0.0009182066257291482,-60.741191554265875,4.795,0.004999999999999893,,False,0.0,,,pyin_probability_below_0.5|voicing_disagreement,,False
4.8,4.757333333333333,4.842666666666666,False,179.64867439581087,True,0.01,-2.900000000000002,0.0007704118530939211,-62.26554088076277,4.795,-0.004999999999999893,,False,0.0,,,pyin_probability_below_0.5|voicing_disagreement,,False
4.81,4.767333333333333,4.852666666666667,False,179.64867439581087,True,0.01,-2.900000000000002,0.0007819004094175447,-62.13697118930871,4.805,-0.004999999999999893,,False,0.0,,,pyin_probability_below_0.5|voicing_disagreement,,False
4.82,4.777333333333333,4.862666666666667,False,178.6139741695516,True,0.01,-2.9999999999999987,0.000808178075110198,-61.84985871230974,4.824999999999999,0.004999999999999005,,False,0.0,,,pyin_probability_below_0.5|voicing_disagreement,,False
4.83,4.787333333333334,4.8726666666666665,False,178.6139741695516,True,0.01,-2.9999999999999987,0.0008178072831540728,-61.746980521279525,4.835,0.004999999999999893,,False,0.0,,,pyin_probability_below_0.5|voicing_disagreement,,False
4.84,4.7973333333333334,4.882666666666666,False,,False,0.01,,0.0007981917899470991,-61.95785487203235,4.835,-0.004999999999999893,,False,0.0,,,,,False
4.85,4.807333333333333,4.892666666666667,False,,False,0.01,,0.0007731749470796202,-62.23444453418761,4.845,-0.004999999999999893,,False,0.0,,,,,False
4.86,4.817333333333333,4.902666666666667,False,,False,0.01,,0.0007223385755177215,-62.82518383218263,4.864999999999999,0.004999999999999005,,False,0.0,,,,,False
4.87,4.827333333333334,4.9126666666666665,False,,False,0.01,,0.0007350803224830403,-62.67330405626942,4.875,0.004999999999999893,,False,0.0,,,,,False
4.88,4.8373333333333335,4.922666666666666,False,,False,0.01,,0.0007055466028960321,-63.02948589723887,4.875,-0.004999999999999893,,False,0.0,,,,,False
4.89,4.847333333333333,4.932666666666667,False,,False,0.01,,0.0006929459533498481,-63.18601274145113,4.885,-0.004999999999999893,,False,0.0,,,,,False
4.9,4.857333333333333,4.942666666666667,False,,False,0.01,,0.0006895395062635278,-63.228816928827534,4.904999999999999,0.004999999999999005,,False,0.0,,,,,False
4.91,4.867333333333334,4.9526666666666666,False,,False,0.01,,0.0007058095229567639,-63.02624972655774,4.914999999999999,0.004999999999999005,,False,0.0,,,,,False
4.92,4.8773333333333335,4.962666666666666,False,,False,0.01,,0.0008013480758250409,-61.92357603100958,4.925,0.004999999999999893,,False,0.0,,,,,False
4.93,4.887333333333333,4.972666666666667,False,,False,0.010000001546554296,,0.0018405727770952163,-54.70094011347988,4.925,-0.004999999999999893,,False,0.0,,,,,False
4.94,4.897333333333333,4.982666666666667,False,195.90826859169485,True,0.011422334250709074,-1.4000000000000004,0.00466724332599252,-46.61879113300985,4.944999999999999,0.004999999999999005,,False,0.0,,,pyin_probability_below_0.5|voicing_disagreement,,False
4.95,4.907333333333334,4.992666666666667,False,187.0613654014066,True,0.026168028608935752,-2.1999999999999997,0.008517199781825828,-41.3940633140377,4.954999999999999,0.004999999999999005,,False,0.0,,,pyin_probability_below_0.5|voicing_disagreement,,False
4.96,4.917333333333334,5.002666666666666,False,188.14500086724917,True,0.15046460134333883,-2.099999999999997,0.012716119535318994,-37.912907964806465,4.965,0.004999999999999893,,False,0.0,,,pyin_probability_below_0.5|voicing_disagreement,,False
4.97,4.927333333333333,5.012666666666667,False,195.90826859169485,True,0.12793708630129036,-1.4000000000000004,0.01565198335284718,-36.10861245356982,4.965,-0.004999999999999893,,False,0.0,,,pyin_probability_below_0.5|voicing_disagreement,,False
4.98,4.937333333333333,5.022666666666667,False,195.90826859169485,True,0.17653060863289757,-1.4000000000000004,0.019297982872605146,-34.28976166759457,4.984999999999999,0.004999999999999005,185.79157454416261,True,0.9711086500576985,10.116694047532235,0.9179185373408869,pyin_probability_below_0.5,-2.2510296816912114,False
4.99,4.947333333333333,5.032666666666667,False,194.7799199939686,True,0.2796051653363588,-1.4999999999999982,0.0231848475540778,-32.6959151069792,4.994999999999999,0.004999999999999005,191.10610250249078,True,0.9411031171776779,3.67381749147782,0.3296533034982434,pyin_probability_below_0.5,-1.7627644478485647,False
5.0,4.957333333333334,5.042666666666666,False,193.6580702059513,True,0.37213589829750876,-1.5999999999999979,0.027296023876593595,-31.27801221245811,5.005,0.004999999999999893,200.32620376750742,True,0.9200907985825708,6.668133561556118,-0.5860742720870658,pyin_probability_below_0.5,-0.9470368722632547,False
5.01,4.967333333333333,5.052666666666667,False,194.7799199939686,True,0.42606232904328145,-1.4999999999999982,0.032008978397033414,-29.894563732744487,5.005,-0.004999999999999893,200.32620376750742,True,0.9200907985825708,5.546283773538818,-0.48607427208706516,pyin_probability_below_0.5,-0.9470368722632547,False
5.02,4.977333333333333,5.062666666666667,False,195.90826859169485,True,0.4849868077159113,-1.4000000000000004,0.03716060676830497,-28.598344066885865,5.015,-0.004999999999999893,196.1178870013025,True,0.9480761774977469,0.20961840960765699,-0.01851399746838095,pyin_probability_below_0.5,-1.3145971468819424,False
5.03,4.987333333333333,5.072666666666667,False,203.99186545315516,True,0.0779752376229482,-0.7000000000000022,0.0449184755996571,-26.95149981664028,5.034999999999999,0.004999999999999005,192.33881071402502,True,0.9957884295189621,11.653054739130141,1.0183406373537038,pyin_probability_below_0.5|pitch_difference_over_1_semitone,-1.6514517817040297,False
5.04,4.997333333333334,5.082666666666666,False,209.96928336801093,True,0.06608151270920701,-0.19999999999999973,0.056360943449683565,-24.980434913254285,5.045,0.004999999999999893,195.41297017882556,True,0.9937670742528266,14.556313189185374,1.2438247582676727,pyin_probability_below_0.5|pitch_difference_over_1_semitone,-1.3769359026179961,False
5.05,5.007333333333333,5.092666666666666,False,211.18562305262122,True,0.10857977072874497,-0.10000000000000067,0.06734894739106193,-23.433383751106703,5.045,-0.004999999999999893,195.41297017882556,True,0.9937670742528266,15.772652873795664,1.3438247582676734,pyin_probability_below_0.5|pitch_difference_over_1_semitone,-1.3769359026179961,False
5.06,5.017333333333333,5.102666666666667,False,211.18562305262122,True,0.2065067991177523,-0.10000000000000067,0.07856608586213872,-22.095297654632414,5.055,-0.004999999999999893,201.4417124222833,True,0.9521986351709776,9.743910630337922,0.8177900510753604,pyin_probability_below_0.5,-0.8509011954256831,False
5.07,5.027333333333333,5.112666666666667,False,212.40900892134297,True,0.2796051653363589,0.0,0.08936660844719915,-20.9764944733112,5.074999999999999,0.004999999999999005,211.79697791491492,True,0.8573032237720505,0.6120310064280545,0.049955431346399015,pyin_probability_below_0.5,0.016933424303278967,False
5.08,5.037333333333334,5.1226666666666665,False,213.63948179230545,True,0.32333605839064083,0.10000000000000017,0.10060512845756055,-19.947597601496515,5.085,0.004999999999999893,211.80101072540026,True,0.9388012059650799,1.8384710669051856,0.14962579149856592,pyin_probability_below_0.5,0.017263064151109786,False
5.09,5.0473333333333334,5.132666666666666,False,216.12185299712482,True,0.24075439447557428,0.3000000000000021,0.11031301746084535,-19.14746471441728,5.085,-0.004999999999999893,211.80101072540026,True,0.9388012059650799,4.320842271724558,0.3496257914985662,pyin_probability_below_0.5,0.017263064151109786,False
5.1,5.057333333333333,5.142666666666667,False,217.37383415501247,True,0.10857977072874497,0.4000000000000011,0.11714039137951514,-18.625866585556803,5.095,-0.004999999999999893,212.5630400212481,True,0.9688409828723773,4.810794133764375,0.3874502853958704,pyin_probability_below_0.5,0.07943857025381192,False
5.11,5.067333333333333,5.152666666666667,False,219.8995964441766,True,0.04069733156888106,0.6000000000000013,0.12301718068147557,-18.20068460794407,5.114999999999999,0.004999999999999005,217.35105190678874,True,0.9493884611562863,2.548544537387869,0.2018145454810566,pyin_probability_below_0.5,0.46507431016862305,False
5.12,5.077333333333334,5.1626666666666665,False,222.45470667747657,True,0.020317628556360583,0.8000000000000002,0.12677820658865302,-17.939107921475006,5.125,0.004999999999999893,222.09816923269707,True,0.9308616650706536,0.3565374447794909,0.027769470403243946,pyin_probability_below_0.5,0.8391193852464351,False
5.13,5.0873333333333335,5.172666666666666,False,223.74337368352585,True,0.01818737573491218,0.9000000000000021,0.1259684362553176,-17.994765236917484,5.125,-0.004999999999999893,222.09816923269707,True,0.9308616650706536,1.6452044508287713,0.12776947040324604,pyin_probability_below_0.5,0.8391193852464351,False
5.14,5.097333333333333,5.182666666666667,False,226.34314645699226,True,0.026168028608935755,1.099999999999998,0.12338811801964933,-18.17453319616148,5.135,-0.004999999999999893,228.16347475718302,True,0.9461657979837114,1.8203283001907664,-0.13867481955020947,pyin_probability_below_0.5,1.3055636751998883,False
5.15,5.107333333333333,5.192666666666667,False,228.9731271349986,True,0.06608151270920701,1.300000000000003,0.11815189974792939,-18.5511858203005,5.154999999999999,0.004999999999999005,235.5343013845001,True,0.9899965038389082,6.561174249501505,-0.4891066572911273,pyin_probability_below_0.5,1.8559955129408063,False
5.16,5.117333333333334,5.2026666666666666,False,231.63366671648822,True,0.2796051653363589,1.5000000000000004,0.11001409663838914,-19.171033260467794,5.164999999999999,0.004999999999999005,236.9392571255473,True,0.9900555088846034,5.305590409059079,-0.3920675253315484,pyin_probability_below_0.5,1.9589563809812285,False
5.17,5.1273333333333335,5.212666666666666,False,234.3251202788159,True,0.7571601330199094,1.7000000000000026,0.09920059257135422,-20.069714671896136,5.175,0.004999999999999893,237.90520812265632,True,0.9890468851539281,3.580087843840431,-0.26250278087520296,,2.0293916365248843,True
5.18,5.137333333333333,5.222666666666667,False,235.68255189130872,True,0.9459302094659092,1.800000000000001,0.08790418170096145,-21.119809291140005,5.175,-0.004999999999999893,237.90520812265632,True,0.9890468851539281,2.2226562313475995,-0.16250278087520476,,2.0293916365248843,True
5.19,5.147333333333333,5.232666666666667,False,237.04784702513638,True,0.8911444948731204,1.9000000000000006,0.07791908843896064,-22.167122736614743,5.194999999999999,0.004999999999999005,235.61902260386225,True,0.9616679282833125,1.428824421274129,0.1046672479855052,,1.862221607664174,True
5.2,5.157333333333334,5.242666666666667,False,237.04784702513638,True,0.7571601330199095,1.9000000000000006,0.0652818948588995,-23.70414496657261,5.204999999999999,0.004999999999999005,230.89431658155775,True,0.9258407041456018,6.1535304435786315,0.45534753633090397,,1.5115413193187721,True
5.21,5.167333333333334,5.252666666666666,False,237.04784702513638,True,0.3233360583906409,1.9000000000000006,0.05195300015763442,-25.687787358947002,5.215,0.004999999999999893,229.7679971815945,True,0.6978225562396118,7.279849843541882,0.5400050532433666,pyin_probability_below_0.5,1.426883802406312,False
5.22,5.177333333333333,5.262666666666667,False,237.04784702513638,True,0.06608151270920702,1.9000000000000006,0.043326086487012465,-27.2650107537476,5.215,-0.004999999999999893,229.7679971815945,True,0.6978225562396118,7.279849843541882,0.5400050532433666,pyin_probability_below_0.5,1.426883802406312,False
5.23,5.187333333333333,5.272666666666667,False,237.04784702513638,True,0.010622609040911533,1.9000000000000006,0.03396445632136959,-29.379506657837172,5.234999999999999,0.004999999999999005,,False,0.0,,,pyin_probability_below_0.5|voicing_disagreement,,False
5.24,5.197333333333333,5.282666666666667,False,237.04784702513638,True,0.010000206339031339,1.9000000000000006,0.02924807129398785,-30.678055346504728,5.244999999999999,0.004999999999999005,,False,0.0,,,pyin_probability_below_0.5|voicing_disagreement,,False
5.25,5.207333333333334,5.292666666666666,False,237.04784702513638,True,0.010000000001606035,1.9000000000000006,0.02735430236817105,-31.259487135929604,5.255,0.004999999999999893,,False,0.0,,,pyin_probability_below_0.5|voicing_disagreement,,False
5.26,5.217333333333333,5.302666666666667,False,237.04784702513638,True,0.010000000000001869,1.9000000000000006,0.027947969029460038,-31.072994933616563,5.255,-0.004999999999999893,,False,0.0,,,pyin_probability_below_0.5|voicing_disagreement,,False
5.27,5.227333333333333,5.312666666666667,False,,False,0.010000000000023851,,0.028778384978216706,-30.81867164004467,5.265,-0.004999999999999893,,False,0.0,,,,,False
5.28,5.237333333333333,5.322666666666667,False,,False,0.010000000000023851,,0.029544816192613725,-30.590374151108467,5.284999999999999,0.004999999999999005,,False,0.0,,,,,False
5.29,5.247333333333334,5.332666666666666,False,,False,0.010000000000001867,,0.02928025381398562,-30.668503258874264,5.295,0.004999999999999893,,False,0.0,,,,,False
5.3,5.257333333333333,5.342666666666666,False,,False,0.010000000000001869,,0.0290382616409149,-30.740587719738738,5.295,-0.004999999999999893,,False,0.0,,,,,False
5.31,5.267333333333333,5.352666666666667,False,,False,0.010000000000006925,,0.02851644308274608,-30.898092918529617,5.305,-0.004999999999999893,,False,0.0,,,,,False
5.32,5.277333333333333,5.362666666666667,False,,False,0.0100000000000754,,0.02714922085761658,-31.324852590079594,5.324999999999999,0.004999999999999005,,False,0.0,,,,,False
5.33,5.287333333333334,5.3726666666666665,False,,False,0.010000000000075402,,0.027287773127384483,-31.280638086858247,5.335,0.004999999999999893,,False,0.0,,,,,False
5.34,5.2973333333333334,5.382666666666666,False,281.8989862783688,True,0.010000802780927253,4.900000000000001,0.031256284405770655,-30.10125300105137,5.335,-0.004999999999999893,,False,0.0,,,pyin_probability_below_0.5|voicing_disagreement,,False
5.35,5.307333333333333,5.392666666666667,False,281.8989862783688,True,0.010622609040911533,4.900000000000001,0.03546235668765875,-29.004648125725005,5.345,-0.004999999999999893,,False,0.0,,,pyin_probability_below_0.5|voicing_disagreement,,False
5.36,5.317333333333333,5.402666666666667,False,275.4604045334168,True,0.03010686179419501,4.500000000000003,0.03872886217131702,-28.239305242296027,5.364999999999999,0.004999999999999005,285.7394000871416,True,0.8463505404684583,10.27899555372477,-0.6342602880439883,pyin_probability_below_0.5,5.201149143693669,False
5.37,5.327333333333334,5.4126666666666665,False,275.4604045334168,True,0.10857977072874497,4.500000000000003,0.04152851690968578,-27.63307156775702,5.375,0.004999999999999893,282.18921270778094,True,0.9455447123556295,6.728808174364133,-0.41781458721440645,pyin_probability_below_0.5,4.984703442864087,False
5.38,5.3373333333333335,5.422666666666666,False,272.296471933363,True,0.3233360583906407,4.300000000000004,0.04357958586841767,-27.21433802237147,5.375,-0.004999999999999893,282.18921270778094,True,0.9455447123556295,9.892740774417916,-0.6178145872144036,pyin_probability_below_0.5,4.984703442864087,False
5.39,5.347333333333333,5.432666666666667,False,269.16888019875813,True,0.5485250542599844,4.099999999999998,0.045435479270637395,-26.85209772969361,5.385,-0.004999999999999893,273.95155456773017,True,0.9724291237975152,4.782674368972039,-0.304910005709511,,4.471798861359187,True
5.4,5.357333333333333,5.442666666666667,False,269.16888019875813,True,0.6860828109301793,4.099999999999998,0.047679827994162274,-26.433306399803094,5.404999999999999,0.004999999999999005,266.6508187578164,True,0.9913378087355412,2.5180614409417217,0.16271838475023698,,4.004170470899441,True
5.41,5.367333333333334,5.4526666666666666,False,267.61858152730787,True,0.7571601330199091,3.9999999999999973,0.0495529343065038,-26.09861246821941,5.414999999999999,0.004999999999999005,264.0267784750895,True,0.9881219162192846,3.5918030522183813,0.23392835976749282,,3.832960495882184,True
5.42,5.3773333333333335,5.462666666666666,False,266.0772119191614,True,0.8911444948731202,3.8999999999999977,0.048082654532620124,-26.36023127890613,5.425,0.004999999999999893,261.0524890295808,True,0.9922909140324419,5.02472288958063,0.3300605078843212,,3.636828347765352,True
5.43,5.387333333333333,5.472666666666667,False,264.5447199466984,True,0.9459302094659092,3.799999999999997,0.04449900819618115,-27.03299337126936,5.425,-0.004999999999999893,261.0524890295808,True,0.9922909140324419,3.492230917117638,0.23006050788432375,,3.636828347765352,True
5.44,5.397333333333333,5.482666666666667,False,261.5061646776419,True,0.9459302094659092,3.6000000000000005,0.04000139939862957,-27.95849630320476,5.444999999999999,0.004999999999999005,257.44790404530323,True,0.9896841383311268,4.0582606323386585,0.2707731814058282,,3.396115674243849,True
5.45,5.407333333333334,5.492666666666667,False,260.0,True,0.9459302094659092,3.500000000000001,0.035879127451134515,-28.90316254319727,5.454999999999999,0.004999999999999005,255.66234164045352,True,0.973849064876568,4.337658359546481,0.29126342442467335,,3.2756254312250035,True
5.46,5.417333333333334,5.502666666666666,False,258.50251019256234,True,0.9459302094659091,3.400000000000004,0.03157948198064361,-30.011899965840865,5.465,0.004999999999999893,254.06116710558652,True,0.9417549804131923,4.44134308697582,0.30002893919358176,,3.1668599164560973,True
5.47,5.427333333333333,5.512666666666667,False,257.013645291753,True,0.8911444948731202,3.3000000000000003,0.02665138496305273,-31.48560435099741,5.465,-0.004999999999999893,254.06116710558652,True,0.9417549804131923,2.9524781861664735,0.20002893919358003,,3.1668599164560973,True
5.48,5.437333333333333,5.522666666666667,False,257.013645291753,True,0.8266685594724994,3.3000000000000003,0.02146174483325535,-33.36669945853787,5.484999999999999,0.004999999999999005,262.27955445440824,True,0.7585830745201805,5.265909162655248,-0.35112471145565544,,3.718013567105335,True
5.49,5.447333333333333,5.532666666666667,False,255.5333556217653,True,0.4260623290432814,3.2000000000000033,0.01593703190873364,-35.95185115652023,5.494999999999999,0.004999999999999005,254.72336940973054,True,0.6678306882235305,0.8099862120347723,0.05496358278528494,pyin_probability_below_0.5,3.211925272864395,False
5.5,5.457333333333334,5.542666666666666,False,246.828951447135,True,0.010259050559778863,2.6000000000000005,0.011443934141503628,-38.82849300346598,5.505,0.004999999999999893,,False,0.0,,,pyin_probability_below_0.5|voicing_disagreement,,False
5.51,5.467333333333333,5.552666666666667,False,,False,0.01002672467381077,,0.011993400828375017,-38.421153032643375,5.505,-0.004999999999999893,,False,0.0,,,,,False
5.52,5.477333333333333,5.562666666666667,False,208.75994928447787,True,0.022944219124638607,-0.30000000000000004,0.016141686570057948,-35.84102179648953,5.515,-0.004999999999999893,,False,0.0,,,pyin_probability_below_0.5|voicing_disagreement,,False
5.53,5.487333333333333,5.572666666666667,False,206.36213675586595,True,0.10857977072874497,-0.4999999999999981,0.020594068967815144,-33.72515674351774,5.534999999999999,0.004999999999999005,199.71516806457348,True,0.8870581777668806,6.6469686912924715,0.5668125896862033,pyin_probability_below_0.5,-0.9999237340365239,False
5.54,5.497333333333334,5.582666666666666,False,202.8169587634771,True,0.2065067991177523,-0.8000000000000008,0.02481230922887644,-32.106656299651476,5.545,0.004999999999999893,206.46003862331938,True,0.9099751149561707,3.643079859842288,-0.308211334549771,pyin_probability_below_0.5,-0.42489980980055353,False
5.55,5.507333333333333,5.592666666666666,False,199.33268480704808,True,0.2796051653363589,-1.0999999999999999,0.02893604334528342,-30.77121707372932,5.545,-0.004999999999999893,206.46003862331938,True,0.9099751149561707,7.127353816271295,-0.608211334549768,pyin_probability_below_0.5,-0.42489980980055353,False
5.56,5.517333333333333,5.602666666666667,False,197.04315364635175,True,0.3721358982975087,-1.2999999999999985,0.032710614382503854,-29.706225974470467,5.555,-0.004999999999999893,207.03849115364022,True,0.9519987051422789,9.995337507288468,-0.8566486225888235,pyin_probability_below_0.5,-0.37646252176149875,False
5.57,5.527333333333333,5.612666666666667,False,197.04315364635175,True,0.5485250542599845,-1.2999999999999985,0.0357194851605011,-28.94189618803533,5.574999999999999,0.004999999999999005,196.74526892295907,True,0.9748058747194319,0.29788472339268424,0.02619215013165687,,-1.2593032944819775,True
5.58,5.537333333333334,5.6226666666666665,False,197.04315364635175,True,0.6860828109301792,-1.2999999999999985,0.036918751979941475,-28.655059770141243,5.585,0.004999999999999893,193.9154626691659,True,0.9861425202969815,3.127690977185864,0.27700531001198364,,-1.510116454362303,True
5.59,5.5473333333333334,5.632666666666666,False,195.90826859169485,True,0.6159498854580681,-1.4000000000000004,0.038289479819503654,-28.33841067411896,5.585,-0.004999999999999893,193.9154626691659,True,0.9861425202969815,1.9928059225289587,0.1770053100119794,,-1.510116454362303,True
5.6,5.557333333333333,5.642666666666667,False,194.7799199939686,True,0.7571601330199094,-1.4999999999999982,0.03848114778069048,-28.29503965400143,5.595,-0.004999999999999893,193.5085692096723,True,0.9906778190010607,1.2713507842963168,0.11337001702327307,,-1.5464811613735927,True
5.61,5.567333333333333,5.652666666666667,False,193.6580702059513,True,0.8911444948731203,-1.5999999999999979,0.03778821055397844,-28.452873468848527,5.614999999999999,0.004999999999999005,193.11058386672556,True,0.9591162434486065,0.5474863392257419,0.04901263920727855,,-1.5821237835575996,True
5.62,5.577333333333334,5.6626666666666665,False,193.6580702059513,True,0.8911444948731203,-1.5999999999999979,0.03665221428668001,-28.717995660054598,5.625,0.004999999999999893,192.21340103943132,True,0.9600461350810264,1.4446691665199864,0.12963239435315174,,-1.6627435387034724,True
5.63,5.5873333333333335,5.672666666666666,False,192.54268179725335,True,0.8266685594724996,-1.6999999999999988,0.035273177651350164,-29.05110828650089,5.625,-0.004999999999999893,192.21340103943132,True,0.9600461350810264,0.32928075782203337,0.029632394353151528,,-1.6627435387034724,True
5.64,5.597333333333333,5.682666666666667,False,193.6580702059513,True,0.6860828109301794,-1.5999999999999979,0.03396756537389912,-29.37871160164731,5.635,-0.004999999999999893,192.142063522556,True,0.985286466080515,1.516006683395318,0.13605883815300102,,-1.6691699825033197,True
5.65,5.607333333333333,5.692666666666667,False,195.90826859169485,True,0.2796051653363589,-1.4000000000000004,0.03620654269548186,-28.82425886569211,5.654999999999999,0.004999999999999005,190.5750356550005,True,0.9999027312325142,5.333232936694344,0.4778297267007801,pyin_probability_below_0.5,-1.8109408710511015,False
5.66,5.617333333333334,5.7026666666666666,False,197.04315364635175,True,0.42606232904328145,-1.2999999999999985,0.0379548350451159,-28.414657834284583,5.664999999999999,0.004999999999999005,191.2919323742877,True,0.9891208191999776,5.751221272064043,0.512827117306295,pyin_probability_below_0.5,-1.7459382616566175,False
5.67,5.6273333333333335,5.712666666666666,False,197.04315364635175,True,0.5485250542599845,-1.2999999999999985,0.04003545784679342,-27.951104010452838,5.675,0.004999999999999893,197.54228263051712,True,0.9150453523873345,0.4991289841653668,-0.043798350050629896,,-1.1893127942996926,True
5.68,5.637333333333333,5.722666666666667,False,198.18461302324906,True,0.5485250542599844,-1.2000000000000002,0.042000143397869866,-27.534984536424236,5.675,-0.004999999999999893,197.54228263051712,True,0.9150453523873345,0.6423303927319353,0.056201649949368854,,-1.1893127942996926,True
5.69,5.647333333333333,5.732666666666667,False,199.33268480704808,True,0.4849868077159113,-1.0999999999999999,0.04444096691544796,-27.044330011061177,5.694999999999999,0.004999999999999005,197.3393716794477,True,0.9580735794425169,1.9933131276003735,0.173993632661362,pyin_probability_below_0.5,-1.2071047770116854,False
5.7,5.657333333333334,5.742666666666667,False,200.48740730303228,True,0.4849868077159113,-1.0000000000000013,0.04694323607929179,-26.568539503552703,5.704999999999999,0.004999999999999005,197.4519556868172,True,0.9818594452015293,3.0354516162150844,0.26411959244257865,pyin_probability_below_0.5,-1.197230736792903,False
5.71,5.667333333333334,5.752666666666666,False,200.48740730303228,True,0.4849868077159113,-1.0000000000000013,0.049315861225030316,-26.140267563891637,5.715,0.004999999999999893,199.36383505153736,True,0.9796721623326595,1.1235722514949202,0.09729476625351458,pyin_probability_below_0.5,-1.030405910603839,False
5.72,5.677333333333333,5.762666666666667,False,201.6488190383855,True,0.5485250542599845,-0.8999999999999986,0.05160011720173185,-25.746986238770653,5.715,-0.004999999999999893,199.36383505153736,True,0.9796721623326595,2.2849839868481467,0.19729476625351913,,-1.030405910603839,True
5.73,5.687333333333333,5.772666666666667,False,201.6488190383855,True,0.6159498854580681,-0.8999999999999986,0.052125854385524056,-25.658936270338764,5.734999999999999,0.004999999999999005,203.22490167158918,True,0.9769598872021986,1.5760826332036686,-0.13478680200444199,,-0.6983243423458796,True
5.74,5.697333333333333,5.782666666666667,False,201.6488190383855,True,0.7571601330199093,-0.8999999999999986,0.051164102484972544,-25.820692796317488,5.744999999999999,0.004999999999999005,204.0325614935525,True,0.9838815347674353,2.3837424551669812,-0.20345343888153095,,-0.6296577054687906,True
5.75,5.707333333333334,5.792666666666666,False,202.8169587634771,True,0.8266685594724995,-0.8000000000000008,0.05009559364628408,-26.004009450424817,5.755,0.004999999999999893,203.6606244325499,True,0.9814956224144825,0.8436656690728057,-0.07186545532013106,,-0.6612456890301939,True
5.76,5.717333333333333,5.802666666666667,False,202.8169587634771,True,0.8266685594724995,-0.8000000000000008,0.04867028783857943,-26.254721706181,5.755,-0.004999999999999893,203.6606244325499,True,0.9814956224144825,0.8436656690728057,-0.07186545532013106,,-0.6612456890301939,True
5.77,5.727333333333333,5.812666666666667,False,202.8169587634771,True,0.7571601330199093,-0.8000000000000008,0.046701136699711085,-26.613450972658818,5.765,-0.004999999999999893,202.9134266562259,True,0.9775958286864413,0.0964678927488194,-0.008232486878832176,,-0.7248786574714909,True
5.78,5.737333333333333,5.822666666666667,False,202.8169587634771,True,0.6860828109301793,-0.8000000000000008,0.044078693932349616,-27.115425645365402,5.784999999999999,0.004999999999999005,198.78793704892504,True,0.9682953625645085,4.029021714552044,0.3473769206518645,,-1.080488065002188,True
5.79,5.747333333333334,5.832666666666666,False,201.6488190383855,True,0.5485250542599844,-0.8999999999999986,0.04092071282707051,-27.76113619217561,5.795,0.004999999999999893,194.00481586908722,True,0.9600491937077164,7.644003169298287,0.6690298927218359,,-1.502141037072156,False
5.8,5.757333333333333,5.842666666666666,False,199.33268480704808,True,0.42606232904328145,-1.0999999999999999,0.037240728830460805,-28.579636562433656,5.795,-0.004999999999999893,194.00481586908722,True,0.9600491937077164,5.327868937960858,0.4690298927218356,pyin_probability_below_0.5,-1.502141037072156,False
5.81,5.767333333333333,5.852666666666667,False,192.54268179725335,True,0.2407543944755743,-1.6999999999999988,0.03410394019957148,-29.343908837701065,5.805,-0.004999999999999893,189.86302619349857,True,0.9667832436294358,2.6796556037547816,0.2426316792831621,pyin_probability_below_0.5,-1.8757428236334834,False
5.82,5.777333333333333,5.862666666666667,False,185.98397121658357,True,0.20650679911775227,-2.3000000000000016,0.03146549170684147,-30.043309544085872,5.824999999999999,0.004999999999999005,177.05168244232996,True,0.9850399273775179,8.932288774253607,0.8520928421492375,pyin_probability_below_0.5,-3.085203986499561,False
5.83,5.787333333333334,5.8726666666666665,False,179.64867439581087,True,0.2796051653363589,-2.900000000000002,0.029424344957592934,-30.625863932116605,5.835,0.004999999999999893,174.52465719223076,True,0.9900111349589708,5.1240172035801095,0.5009689469761274,pyin_probability_below_0.5,-3.3340800913264514,False
5.84,5.7973333333333334,5.882666666666666,False,174.53442536143424,True,0.3721358982975087,-3.3999999999999986,0.028147225317015717,-31.01128820730176,5.835,-0.004999999999999893,174.52465719223076,True,0.9900111349589708,0.009768169203482557,0.0009689469761302865,pyin_probability_below_0.5,-3.3340800913264514,False
5.85,5.807333333333333,5.892666666666667,False,170.54805357686834,True,0.5485250542599845,-3.8,0.026990784552948954,-31.37568982864409,5.845,-0.004999999999999893,171.8596635301627,True,0.9845745928586426,1.3116099532943508,-0.13263222777922182,,-3.6004789165711006,True
5.86,5.817333333333333,5.902666666666667,False,167.61814009714527,True,0.6860828109301792,-4.100000000000002,0.025874425726102775,-31.742585608866595,5.864999999999999,0.004999999999999005,165.72717071350823,True,0.9821534094814766,1.8909693836370423,0.1964176841695789,,-4.229528828519903,True
5.87,5.827333333333334,5.9126666666666665,False,166.65273064969477,True,0.7571601330199093,-4.1999999999999975,0.02512908012523435,-31.996468177887166,5.875,0.004999999999999893,162.61546255228956,True,0.9887730648091535,4.037268097405217,0.42456614013448923,,-4.557677284484807,True
5.88,5.8373333333333335,5.922666666666666,False,165.6928815515041,True,0.8266685594724994,-4.299999999999998,0.024185945349481718,-32.32873865586442,5.875,-0.004999999999999893,162.61546255228956,True,0.9887730648091535,3.0774189992145295,0.324566140134487,,-4.557677284484807,True
5.89,5.847333333333333,5.932666666666667,False,164.73856077731807,True,0.8911444948731202,-4.4,0.022883913595532004,-32.80939401401491,5.885,-0.004999999999999893,161.20275269147496,True,0.9919005507109077,3.535808085843115,0.37562292532667596,,-4.708734069676997,True
5.9,5.857333333333333,5.942666666666667,False,163.7897364863335,True,0.6860828109301792,-4.500000000000001,0.02180620261232875,-33.22839913968645,5.904999999999999,0.004999999999999005,163.25692078264353,True,0.9999616521978597,0.5328157036899768,0.05640965799283025,,-4.489520802343152,True
5.91,5.867333333333334,5.9526666666666666,False,166.65273064969477,True,0.32333605839064083,-4.1999999999999975,0.02226164755341263,-33.0488539456887,5.914999999999999,0.004999999999999005,165.09222842196937,True,0.9994230666841352,1.560502227725408,0.16287298074145506,pyin_probability_below_0.5,-4.295984125091775,False
5.92,5.8773333333333335,5.962666666666666,False,172.52972650401387,True,0.15046460134333883,-3.5999999999999965,0.023931054625056684,-32.42076323813645,5.925,0.004999999999999893,166.02121052185402,True,0.9986454180747449,6.5085159821598495,0.6657286505474556,pyin_probability_below_0.5,-4.198839794897774,False
5.93,5.887333333333333,5.972666666666667,False,176.56241769755178,True,0.2796051653363589,-3.2000000000000006,0.0262230989797022,-31.62631971572928,5.925,-0.004999999999999893,166.02121052185402,True,0.9986454180747449,10.541207175697764,1.0657286505474515,pyin_probability_below_0.5|pitch_difference_over_1_semitone,-4.198839794897774,False
5.94,5.897333333333333,5.982666666666667,False,176.56241769755178,True,0.3721358982975087,-3.2000000000000006,0.028767532609093465,-30.82194771889042,5.944999999999999,0.004999999999999005,175.4872303450492,True,0.9570744690000614,1.0751873525025815,0.10574683153368573,pyin_probability_below_0.5,-3.2388579758840095,False
5.95,5.907333333333334,5.992666666666667,False,177.5852333780714,True,0.48498680771591135,-3.100000000000001,0.031578968735701,-30.01204113424757,5.954999999999999,0.004999999999999005,178.36168236560735,True,0.9626868493305096,0.7764489875359573,-0.07552907454529227,pyin_probability_below_0.5,-2.957582069805033,False
5.96,5.917333333333334,6.002666666666666,False,177.5852333780714,True,0.615949885458068,-3.100000000000001,0.033896230300319886,-29.39697196561553,5.965,0.004999999999999893,178.7760715950806,True,0.9749454152064945,1.1908382170092011,-0.11570433227846474,,-2.9174068120718597,True
5.97,5.927333333333333,6.012666666666667,False,177.5852333780714,True,0.6860828109301793,-3.100000000000001,0.03616403912752514,-28.83446139090728,5.965,-0.004999999999999893,178.7760715950806,True,0.9749454152064945,1.1908382170092011,-0.11570433227846474,,-2.9174068120718597,True
5.98,5.937333333333333,6.022666666666667,False,178.6139741695516,True,0.7571601330199094,-2.9999999999999987,0.038180212892710653,-28.363233086226977,5.984999999999999,0.004999999999999005,177.82211206280056,True,0.987833856965127,0.7918621067510401,0.07692267700790538,,-3.010033821358225,True
5.99,5.947333333333333,6.032666666666667,False,178.6139741695516,True,0.8266685594724995,-2.9999999999999987,0.0393187309017083,-28.10801016841552,5.994999999999999,0.004999999999999005,178.2683084163533,True,0.9900647301530712,0.34566575319828985,0.033536464984002486,,-2.9666476093343253,True
6.0,5.957333333333334,6.042666666666666,False,179.64867439581087,True,0.8266685594724995,-2.900000000000002,0.03964136359603338,-28.037028298645765,6.005,0.004999999999999893,178.7789127082352,True,0.9894707995443489,0.8697616875756751,0.08402054182221971,,-2.9171316861725423,True
6.01,5.967333333333333,6.052666666666667,False,179.64867439581087,True,0.8266685594724995,-2.900000000000002,0.03907096138317673,-28.162918047184988,6.005,-0.004999999999999893,178.7789127082352,True,0.9894707995443489,0.8697616875756751,0.08402054182221971,,-2.9171316861725423,True
6.02,5.977333333333333,6.062666666666667,False,179.64867439581087,True,0.8911444948731204,-2.900000000000002,0.03800694697098519,-28.402740301653747,6.015,-0.004999999999999893,179.50030241589536,True,0.9889144063071726,0.14837197991550966,0.014304183208346241,,-2.84741532755867,True
6.03,5.987333333333333,6.072666666666667,False,179.64867439581087,True,0.8911444948731203,-2.900000000000002,0.036393432383045314,-28.77953965512365,6.034999999999999,0.004999999999999005,181.35384196370674,True,0.9885445250993379,1.7051675678958702,-0.16354822880739678,,-2.669562915542926,True
6.04,5.997333333333334,6.082666666666666,False,180.68936857950385,True,0.8911444948731203,-2.7999999999999954,0.03455471475214155,-29.22985375529351,6.045,0.004999999999999893,181.5188734139216,True,0.9893380170152862,0.8295048344177474,-0.07929524275302192,,-2.653815901597297,True
6.05,6.007333333333333,6.092666666666666,False,180.68936857950385,True,0.9459302094659092,-2.7999999999999954,0.032694301464025285,-29.710558743978194,6.045,-0.004999999999999893,181.5188734139216,True,0.9893380170152862,0.8295048344177474,-0.07929524275302192,,-2.653815901597297,True
6.06,6.017333333333333,6.102666666666667,False,180.68936857950385,True,0.9459302094659091,-2.7999999999999954,0.0297561181675665,-30.52847450577925,6.055,-0.004999999999999893,181.4276447765902,True,0.9895989752438242,0.7382761970863498,-0.07059213534691444,,-2.662519009003403,True
6.07,6.027333333333333,6.112666666666667,False,181.73609144327253,True,0.9848789761259923,-2.699999999999999,0.026798504992779408,-31.43778866531711,6.074999999999999,0.004999999999999005,180.3571273087067,True,0.9868742359071427,1.3789641345658197,0.13186224319671008,,-2.7649733875470304,True
6.08,6.037333333333334,6.1226666666666665,False,181.73609144327253,True,0.9848789761259924,-2.699999999999999,0.023480273683220653,-32.58593690622286,6.085,0.004999999999999893,178.951671806553,True,0.982538878128588,2.7844196367195195,0.26729921747972984,,-2.90041036183005,True
6.09,6.0473333333333334,6.132666666666666,False,180.68936857950385,True,0.945930209465909,-2.7999999999999954,0.020116281918510316,-33.92904573225363,6.085,-0.004999999999999893,178.951671806553,True,0.982538878128588,1.7376967729508408,0.1672992174797301,,-2.90041036183005,True
6.1,6.057333333333333,6.142666666666667,False,180.68936857950385,True,0.9459302094659091,-2.7999999999999954,0.0172957750763336,-35.24119942311401,6.095,-0.004999999999999893,176.5071147277534,True,0.9681926530409306,4.18225385175046,0.4054234294562249,,-3.138534573806543,True
6.11,6.067333333333333,6.152666666666667,False,178.6139741695516,True,0.945930209465909,-2.9999999999999987,0.01397749333547765,-37.091414122850246,6.114999999999999,0.004999999999999005,,False,0.0,,,voicing_disagreement,,False
6.12,6.077333333333334,6.1626666666666665,False,177.5852333780714,True,0.8911444948731203,-3.100000000000001,0.010936337783219103,-39.22256168950212,6.125,0.004999999999999893,,False,0.0,,,voicing_disagreement,,False
6.13,6.0873333333333335,6.172666666666666,False,175.5454930018647,True,0.7571601330199091,-3.299999999999999,0.007787988778053118,-42.1714936587903,6.125,-0.004999999999999893,,False,0.0,,,voicing_disagreement,,False
6.14,6.097333333333333,6.182666666666667,False,174.53442536143424,True,0.42606232904328145,-3.3999999999999986,0.004635722173812985,-46.67765199772147,6.135,-0.004999999999999893,,False,0.0,,,pyin_probability_below_0.5|voicing_disagreement,,False
6.15,6.107333333333333,6.192666666666667,False,177.5852333780714,True,0.03489742801962526,-3.100000000000001,0.0022225902197675765,-53.06281202086056,6.154999999999999,0.004999999999999005,,False,0.0,,,pyin_probability_below_0.5|voicing_disagreement,,False
6.16,6.117333333333334,6.2026666666666666,False,,False,0.01,,0.0008341965924794197,-61.57463176979434,6.165,0.004999999999999893,,False,0.0,,,,,False
6.17,6.1273333333333335,6.212666666666666,False,,False,0.01,,0.0007389240676459693,-62.62800375434071,6.165,-0.004999999999999893,,False,0.0,,,,,False
6.18,6.137333333333333,6.222666666666667,False,,False,0.01,,0.0007846456499240005,-62.10652857278204,6.175,-0.004999999999999893,,False,0.0,,,,,False
6.19,6.147333333333333,6.232666666666667,False,,False,0.01,,0.0007576232706466429,-62.410933886056156,6.194999999999999,0.004999999999999005,,False,0.0,,,,,False
6.2,6.157333333333334,6.242666666666667,False,,False,0.01,,0.0006445268716401522,-63.815179426203585,6.204999999999999,0.004999999999999005,,False,0.0,,,,,False
6.21,6.167333333333334,6.252666666666666,False,,False,0.01,,0.0006383294919794112,-63.899101798289905,6.215,0.004999999999999893,,False,0.0,,,,,False
6.22,6.177333333333333,6.262666666666667,False,,False,0.01,,0.0006430498696406321,-63.83510690948113,6.215,-0.004999999999999893,,False,0.0,,,,,False
6.23,6.187333333333333,6.272666666666667,False,,False,0.01,,0.000736837006358198,-62.65257141155617,6.234999999999999,0.004999999999999005,,False,0.0,,,,,False
6.24,6.197333333333333,6.282666666666667,False,,False,0.01,,0.0008535060130490305,-61.37586829766769,6.244999999999999,0.004999999999999005,,False,0.0,,,,,False
6.25,6.207333333333334,6.292666666666666,False,,False,0.01,,0.0008437387951147182,-61.47583963141771,6.255,0.004999999999999893,,False,0.0,,,,,False
6.26,6.217333333333333,6.302666666666667,False,,False,0.01,,0.0007483317741740891,-62.5181162847546,6.255,-0.004999999999999893,,False,0.0,,,,,False
6.27,6.227333333333333,6.312666666666667,False,65.0,True,0.01,-20.5,0.0008218852458994993,-61.70377631468956,6.265,-0.004999999999999893,,False,0.0,,,near_pyin_floor|pyin_probability_below_0.5|voicing_disagreement,,False
6.28,6.237333333333333,6.322666666666667,False,65.0,True,0.01,-20.5,0.0008440163174684773,-61.47298314051972,6.284999999999999,0.004999999999999005,,False,0.0,,,near_pyin_floor|pyin_probability_below_0.5|voicing_disagreement,,False
6.29,6.247333333333334,6.332666666666666,False,65.0,True,0.01,-20.5,0.0008417357721094283,-61.49648431546719,6.295,0.004999999999999893,,False,0.0,,,near_pyin_floor|pyin_probability_below_0.5|voicing_disagreement,,False
6.3,6.257333333333333,6.342666666666666,False,65.0,True,0.01,-20.5,0.0008405320458466518,-61.50891448282306,6.295,-0.004999999999999893,,False,0.0,,,near_pyin_floor|pyin_probability_below_0.5|voicing_disagreement,,False
6.31,6.267333333333333,6.352666666666667,False,65.0,True,0.01,-20.5,0.0008201543674725142,-61.72208796130224,6.305,-0.004999999999999893,,False,0.0,,,near_pyin_floor|pyin_probability_below_0.5|voicing_disagreement,,False
6.32,6.277333333333333,6.362666666666667,False,65.0,True,0.01,-20.5,0.0007100379085449416,-62.97436927822724,6.324999999999999,0.004999999999999005,,False,0.0,,,near_pyin_floor|pyin_probability_below_0.5|voicing_disagreement,,False
6.33,6.287333333333334,6.3726666666666665,False,65.0,True,0.01,-20.5,0.0007282900494566368,-62.75391247441717,6.335,0.004999999999999893,,False,0.0,,,near_pyin_floor|pyin_probability_below_0.5|voicing_disagreement,,False
6.34,6.2973333333333334,6.382666666666666,False,65.0,True,0.01,-20.5,0.0007650064244740566,-62.3266983530867,6.335,-0.004999999999999893,,False,0.0,,,near_pyin_floor|pyin_probability_below_0.5|voicing_disagreement,,False
6.35,6.307333333333333,6.392666666666667,False,65.0,True,0.01,-20.5,0.0007164151014446916,-62.89670536307725,6.345,-0.004999999999999893,,False,0.0,,,near_pyin_floor|pyin_probability_below_0.5|voicing_disagreement,,False
6.36,6.317333333333333,6.4,True,65.0,True,0.01,-20.5,0.000623864138680162,-64.09819956038322,6.364999999999999,0.004999999999999005,,False,0.0,,,near_pyin_floor|pyin_probability_below_0.5|voicing_disagreement|edge_window,,False
6.37,6.327333333333334,6.4,True,65.0,True,0.01,-20.5,0.0006500936818697661,-63.74048109522117,6.375,0.004999999999999893,,False,0.0,,,near_pyin_floor|pyin_probability_below_0.5|voicing_disagreement|edge_window,,False
6.38,6.3373333333333335,6.4,True,65.0,True,0.01,-20.5,0.0006848720437055563,-63.28781122426779,6.375,-0.004999999999999893,,False,0.0,,,near_pyin_floor|pyin_probability_below_0.5|voicing_disagreement|edge_window,,False
6.39,6.347333333333333,6.4,True,65.0,True,0.01,-20.5,0.000715354140067699,-62.90957810101624,,,,,,,,near_pyin_floor|pyin_probability_below_0.5|edge_window,,False
