timestamp_s,window_start_s,window_end_s,edge_padded,f0_hz,voiced,voicing_probability,relative_pitch_semitones,rms_amplitude,rms_dbfs,praat_timestamp_s,praat_time_offset_s,praat_f0_hz,praat_voiced,praat_strength,absolute_difference_hz,signed_difference_semitones,flags,praat_relative_semitones,agreement_screen_pass
0.0,0.0,0.042666666666666665,True,,False,0.010001873046012551,,0.02755322283522449,-31.196551908880252,,,,,,,,edge_window,,False
0.01,0.0,0.05266666666666667,True,,False,0.01000032860450166,,0.029096201215748876,-30.723274171300016,,,,,,,,edge_window,,False
0.02,0.0,0.06266666666666666,True,,False,0.010001873046012551,,0.028253324885878978,-30.978608730609633,0.024999999999999575,0.004999999999999574,,False,0.0,,,edge_window,,False
0.03,0.0,0.07266666666666667,True,,False,0.01000123296498612,,0.0272429023698867,-31.29493251956099,0.03499999999999957,0.004999999999999574,,False,0.0,,,edge_window,,False
0.04,0.0,0.08266666666666667,True,,False,0.01000032860450166,,0.02645963411375037,-31.54832331141924,0.044999999999999575,0.004999999999999574,,False,0.0,,,edge_window,,False
0.05,0.007333333333333333,0.09266666666666666,False,,False,0.010013068846238973,,0.0270865511755794,-31.344925769226425,0.05499999999999958,0.004999999999999574,,False,0.0,,,,,False
0.06,0.017333333333333333,0.10266666666666667,False,,False,0.010000802780927255,,0.025068763795637983,-32.01734163353618,0.06499999999999957,0.004999999999999574,,False,0.0,,,,,False
0.07,0.027333333333333334,0.11266666666666666,False,235.68255189130872,True,0.01000419105279527,5.399999999999999,0.036206971051598646,-28.82415610437689,0.07499999999999958,0.004999999999999574,,False,0.0,,,pyin_probability_below_0.5|voicing_disagreement,,False
0.08,0.037333333333333336,0.12266666666666666,False,227.65433896553014,True,0.013100262550513395,4.799999999999996,0.052021220644037726,-25.67638923167241,0.08499999999999958,0.004999999999999574,,False,0.0,,,pyin_probability_below_0.5|voicing_disagreement,,False
0.09,0.04733333333333333,0.13266666666666665,False,228.9731271349986,True,0.10857977072874497,4.899999999999999,0.06876233903813744,-23.25298717312656,0.09499999999999958,0.004999999999999588,223.9462091649938,True,0.5788995196685628,5.026917970004803,0.38431253576776897,pyin_probability_below_0.5,4.594032195618762,False
0.1,0.05733333333333333,0.14266666666666666,False,226.34314645699226,True,0.3233360583906409,4.699999999999997,0.08363569463472421,-21.55216663437745,0.10499999999999958,0.004999999999999574,224.21875534419362,True,0.8955073845556314,2.1243911127986337,0.16325594630152745,pyin_probability_below_0.5,4.615088785085002,False
0.11,0.06733333333333333,0.15266666666666667,False,223.74337368352585,True,0.32333605839064083,4.499999999999999,0.0954140361923126,-20.407754645861065,0.11499999999999957,0.004999999999999574,226.90050575196835,True,0.9605130585117624,3.1571320684425075,-0.2425784176217517,pyin_probability_below_0.5,4.820923149008285,False
0.12,0.07733333333333334,0.16266666666666665,False,221.17346184722248,True,0.2407543944755743,4.299999999999999,0.10448364640068285,-19.619033585074202,0.12499999999999958,0.004999999999999588,227.06538546274788,True,0.9791624291094426,5.8919236155254,-0.45515404884767385,pyin_probability_below_0.5,4.8334987802342075,False
0.13,0.08733333333333333,0.17266666666666666,False,219.8995964441766,True,0.09203757081218102,4.199999999999998,0.11266050260595604,-18.964566312056608,0.13499999999999956,0.00499999999999956,223.84218827709626,True,0.966839052606789,3.9425918329196463,-0.3076441782868887,pyin_probability_below_0.5,4.58598890967342,False
0.14,0.09733333333333333,0.18266666666666667,False,217.37383415501247,True,0.03010686179419501,4.0,0.12019763739944611,-18.402081374530404,0.14499999999999957,0.00499999999999956,218.48993151655066,True,0.9552835827337166,1.1160973615381806,-0.08866210636181512,pyin_probability_below_0.5,4.1670068377483505,False
0.15,0.10733333333333334,0.19266666666666668,False,216.12185299712482,True,0.012403124793551348,3.8999999999999977,0.12660802316155584,-17.950775443342476,0.15499999999999958,0.004999999999999588,211.72872900287788,True,0.936056767454273,4.393123994246935,0.3555350143291147,pyin_probability_below_0.5,3.6228097170574167,False
0.16,0.11733333333333333,0.20266666666666666,False,213.63948179230545,True,0.010191075496968311,3.6999999999999957,0.1279737084514547,-17.857584895681203,0.1649999999999996,0.004999999999999588,204.13164481044436,True,0.9267065893739055,9.50783698186109,0.7881412961482503,pyin_probability_below_0.5,2.990203435238281,False
0.17,0.12733333333333333,0.21266666666666667,False,207.55758045272898,True,0.010073751764282884,3.2,0.12663001856350675,-17.949266589198213,0.17499999999999957,0.00499999999999956,196.52160728299094,True,0.9203768208297318,11.035973169738043,0.9458841563370338,pyin_probability_below_0.5,2.332460575049501,False
0.18,0.13733333333333334,0.22266666666666668,False,194.7799199939686,True,0.01010197459374499,2.0999999999999988,0.12272964257575429,-18.22101061142737,0.18499999999999958,0.004999999999999588,189.6961105913174,True,0.9358988870888275,5.083809402651212,0.45785829165731584,pyin_probability_below_0.5,1.7204864397292146,False
0.19,0.14733333333333334,0.23266666666666666,False,189.23491376948436,True,0.011853505394683413,1.599999999999999,0.11724770456289335,-18.617913020091674,0.1949999999999996,0.004999999999999588,184.59599288185612,True,0.9645894036022477,4.638920887628245,0.429684646851782,pyin_probability_below_0.5,1.248660084534749,False
0.2,0.15733333333333333,0.24266666666666667,False,185.98397121658357,True,0.020317628556360583,1.2999999999999958,0.11110778559297686,-19.08511015842845,0.20499999999999957,0.00499999999999956,180.75604473240497,True,0.972754029988214,5.227926484178596,0.4936127546112739,pyin_probability_below_0.5,0.8847319767752568,False
0.21,0.16733333333333333,0.25266666666666665,False,183.84776310850236,True,0.06608151270920701,1.099999999999998,0.10486795377723353,-19.587144120589453,0.21499999999999958,0.004999999999999588,177.4462289908221,True,0.9771401445890404,6.4015341176802565,0.6135564965914078,pyin_probability_below_0.5,0.5647882347951239,False
0.22,0.17733333333333334,0.26266666666666666,False,180.68936857950385,True,0.1504646013433388,0.8000000000000002,0.09821834508251245,-20.156147754645787,0.2249999999999996,0.004999999999999588,174.6173988014411,True,0.9828085707092785,6.071969778062737,0.5917716914378721,pyin_probability_below_0.5,0.28657303994866545,False
0.23,0.18733333333333332,0.27266666666666667,False,177.5852333780714,True,0.1765306086328976,0.49999999999999706,0.08983049402920944,-20.931524237578323,0.23499999999999957,0.00499999999999956,172.0222213045599,True,0.9798543946118822,5.563012073511487,0.5510002002520173,pyin_probability_below_0.5,0.027344531134511872,False
0.24,0.19733333333333333,0.2826666666666667,False,175.5454930018647,True,0.2065067991177523,0.2999999999999983,0.08128308882451789,-21.799996023950392,0.24499999999999958,0.004999999999999588,168.5954222184791,True,0.9642705631538351,6.950070783385627,0.699355110044943,pyin_probability_below_0.5,-0.3210103786584094,False
0.25,0.20733333333333334,0.2926666666666667,False,173.52918104210445,True,0.20650679911775227,0.09999999999999636,0.07187759147248338,-22.868129679601573,0.25499999999999956,0.00499999999999956,164.07880571544894,True,0.8960388542993732,9.450375326655518,0.9694727271917083,pyin_probability_below_0.5,-0.7911279958051792,False
0.26,0.21733333333333332,0.30266666666666664,False,170.54805357686834,True,0.12793708630129036,-0.2000000000000017,0.06104566945116103,-24.28690278513445,0.26499999999999957,0.00499999999999956,160.11077922022392,True,0.7024892907181745,10.437274356644423,1.0932942179686083,pyin_probability_below_0.5|pitch_difference_over_1_semitone,-1.214949486582078,False
0.27,0.22733333333333333,0.31266666666666665,False,167.61814009714527,True,0.05607139544589263,-0.5000000000000041,0.05208048591620034,-25.666499448190528,0.2749999999999996,0.00499999999999956,,False,0.0,,,pyin_probability_below_0.5|voicing_disagreement,,False
0.28,0.23733333333333334,0.32266666666666666,False,164.73856077731807,True,0.026168028608935755,-0.8000000000000028,0.04362663347943919,-27.2049659752911,0.2849999999999996,0.00499999999999956,80.75843459822887,True,0.5686212228316316,83.9801261790892,12.341921264587686,pyin_probability_below_0.5|pitch_difference_over_1_semitone|possible_octave_disagreement,-13.063576533201157,False
0.29,0.24733333333333332,0.33266666666666667,False,162.84637702113662,True,0.011853505394683413,-1.0000000000000036,0.03809865921774839,-28.381806158182812,0.2949999999999996,0.004999999999999616,81.55546557425261,True,0.6561985738562964,81.29091144688401,11.971897840471144,pyin_probability_below_0.5|pitch_difference_over_1_semitone|possible_octave_disagreement,-12.893553109084612,False
0.3,0.25733333333333336,0.3426666666666667,False,158.21045677717683,True,0.010009025493342986,-1.5000000000000004,0.03024155121699211,-30.387918715994967,0.3049999999999996,0.004999999999999616,81.75599575928848,True,0.5236303483000985,76.45446101788835,11.429382164493108,pyin_probability_below_0.5|pitch_difference_over_1_semitone|possible_octave_disagreement,-12.851037433106576,False
0.31,0.2673333333333333,0.3526666666666667,False,,False,0.0100028158258111,,0.024825562585971725,-32.10201801861362,0.31499999999999956,0.00499999999999956,80.08700430133209,True,0.6619318985965555,,,voicing_disagreement,-13.208114016065469,False
0.32,0.2773333333333333,0.3626666666666667,False,,False,0.010622609040911533,,0.021869055592265284,-33.20339942834085,0.32499999999999957,0.00499999999999956,,False,0.0,,,,,False
0.33,0.28733333333333333,0.37266666666666665,False,,False,0.010052967545965857,,0.0195509814174943,-34.176628741317,0.3349999999999996,0.00499999999999956,,False,0.0,,,,,False
0.34,0.29733333333333334,0.38266666666666665,False,,False,0.010052967545965857,,0.01668503695932041,-35.553456539894725,0.3449999999999996,0.00499999999999956,,False,0.0,,,,,False
0.35,0.30733333333333335,0.39266666666666666,False,,False,0.010052967545965857,,0.014158905846063644,-36.97940612413518,0.3549999999999996,0.004999999999999616,,False,0.0,,,,,False
0.36,0.31733333333333336,0.4026666666666667,False,,False,0.01000419105279527,,0.011884765130396534,-38.50018792967209,0.3649999999999996,0.004999999999999616,,False,0.0,,,,,False
0.37,0.3273333333333333,0.4126666666666667,False,,False,0.010000802780927255,,0.007577154721934894,-42.40987689142028,0.3749999999999996,0.004999999999999616,,False,0.0,,,,,False
0.38,0.3373333333333333,0.4226666666666667,False,,False,0.01010197459374499,,0.004787245495500526,-46.398286016446534,0.38499999999999956,0.00499999999999956,,False,0.0,,,,,False
0.39,0.3473333333333333,0.43266666666666664,False,,False,0.016467587593113005,,0.0043707188886812015,-47.18894250219296,0.3949999999999996,0.00499999999999956,,False,0.0,,,,,False
0.4,0.35733333333333334,0.44266666666666665,False,,False,0.010052967545965857,,0.003088991153713067,-50.20366670868191,0.4049999999999996,0.00499999999999956,,False,0.0,,,,,False
0.41,0.36733333333333335,0.45266666666666666,False,,False,0.010013068846238973,,0.001252862932735535,-58.04192879261088,0.4149999999999996,0.004999999999999616,,False,0.0,,,,,False
0.42,0.37733333333333335,0.46266666666666667,False,,False,0.010349055133375844,,0.0009686629695990477,-60.276546046270816,0.4249999999999996,0.004999999999999616,,False,0.0,,,,,False
0.43,0.3873333333333333,0.4726666666666667,False,,False,0.0100028158258111,,0.0007345846276948971,-62.67916328341738,0.4349999999999996,0.004999999999999616,,False,0.0,,,,,False
0.44,0.3973333333333333,0.4826666666666667,False,,False,0.01000123296498612,,0.0006034822138392624,-64.38671050289157,0.44499999999999956,0.00499999999999956,,False,0.0,,,,,False
0.45,0.4073333333333333,0.49266666666666664,False,,False,0.010000328604501658,,0.000620661766511707,-64.14290013673897,0.45499999999999957,0.00499999999999956,,False,0.0,,,,,False
0.46,0.41733333333333333,0.5026666666666667,False,,False,0.010000802780927255,,0.0005943468658249627,-64.51920046242176,0.4649999999999996,0.00499999999999956,,False,0.0,,,,,False
0.47,0.42733333333333334,0.5126666666666667,False,,False,0.010000001546554296,,0.0006406927859528586,-63.867003320646766,0.4749999999999996,0.004999999999999616,,False,0.0,,,,,False
0.48,0.43733333333333335,0.5226666666666666,False,,False,0.010000000047726025,,0.0006216168146437927,-64.12954492892253,0.4849999999999996,0.004999999999999616,,False,0.0,,,,,False
0.49,0.44733333333333336,0.5326666666666666,False,,False,0.010000000021701592,,0.0006812212530610172,-63.334236223491736,0.4949999999999996,0.004999999999999616,,False,0.0,,,,,False
0.5,0.4573333333333333,0.5426666666666666,False,,False,0.010000000814014906,,0.0006615812707103435,-63.58833596216592,0.5049999999999996,0.00499999999999956,,False,0.0,,,,,False
0.51,0.4673333333333333,0.5526666666666666,False,,False,0.010000000000000108,,0.0007148248646254696,-62.916006986175546,0.5149999999999996,0.00499999999999956,,False,0.0,,,,,False
0.52,0.47733333333333333,0.5626666666666666,False,,False,0.010000000001606035,,0.0007230011864457332,-62.81721980054335,0.5249999999999996,0.00499999999999956,,False,0.0,,,,,False
0.53,0.48733333333333334,0.5726666666666667,False,,False,0.010000000000006925,,0.009692981315863412,-40.27085248811004,0.5349999999999996,0.00499999999999956,,False,0.0,,,,,False
0.54,0.49733333333333335,0.5826666666666667,False,,False,0.010000516719604524,,0.012412205210668594,-38.12302105698098,0.5449999999999996,0.00499999999999956,,False,0.0,,,,,False
0.55,0.5073333333333333,0.5926666666666667,False,,False,0.01000020633903134,,0.012945919456685436,-37.75734198564167,0.5549999999999996,0.00499999999999956,,False,0.0,,,,,False
0.56,0.5173333333333333,0.6026666666666667,False,,False,0.010000078102280324,,0.013741275239722265,-37.239459226351784,0.5649999999999996,0.00499999999999956,,False,0.0,,,,,False
0.57,0.5273333333333333,0.6126666666666667,False,,False,0.010000016226422836,,0.014235965236507534,-36.9322616238322,0.5749999999999996,0.004999999999999671,,False,0.0,,,,,False
0.58,0.5373333333333333,0.6226666666666667,False,,False,0.01000000928748663,,0.014912524277692156,-36.52897672573241,0.5849999999999996,0.004999999999999671,,False,0.0,,,,,False
0.59,0.5473333333333333,0.6326666666666667,False,,False,0.01000000928748663,,0.016120057370035062,-35.85266833815539,0.5949999999999996,0.004999999999999671,,False,0.0,,,,,False
0.6,0.5573333333333333,0.6426666666666667,False,,False,0.010000005216229449,,0.016583399416378795,-35.606528780362616,0.6049999999999995,0.00499999999999956,,False,0.0,,,,,False
0.61,0.5673333333333334,0.6526666666666666,False,,False,0.010000000208892745,,0.017869912212731053,-34.95755161985928,0.6149999999999995,0.00499999999999956,,False,0.0,,,,,False
0.62,0.5773333333333334,0.6626666666666666,False,254.06159179290393,True,0.010140046044704068,6.699999999999996,0.035290071536655296,-29.04694922557865,0.6249999999999996,0.00499999999999956,,False,0.0,,,pyin_probability_below_0.5|voicing_disagreement,,False
0.63,0.5873333333333334,0.6726666666666666,False,251.14344552045984,True,0.06608151270920701,6.499999999999996,0.06129275744552952,-24.251816802378716,0.6349999999999996,0.00499999999999956,,False,0.0,,,pyin_probability_below_0.5|voicing_disagreement,,False
0.64,0.5973333333333334,0.6826666666666666,False,251.14344552045984,True,0.2796051653363589,6.499999999999996,0.07984614132445896,-21.954921338033323,0.6449999999999996,0.00499999999999956,255.39070297379624,True,0.7517421002660708,4.2472574533364025,-0.29033260917679976,pyin_probability_below_0.5,6.868677340563331,False
0.65,0.6073333333333333,0.6926666666666667,False,251.14344552045984,True,0.48498680771591124,6.499999999999996,0.09689452790073794,-20.27401497902988,0.6549999999999996,0.00499999999999956,250.0496377422036,True,0.9046293227440332,1.0938077782562345,0.07556529962213854,pyin_probability_below_0.5,6.502779431764392,False
0.66,0.6173333333333333,0.7026666666666667,False,251.14344552045984,True,0.6860828109301793,6.499999999999996,0.10825796435898902,-19.310802869482558,0.6649999999999996,0.00499999999999956,250.2796164266328,True,0.9684489432799782,0.8638290938270359,0.05964990176097428,,6.518694829625559,True
0.67,0.6273333333333333,0.7126666666666667,False,252.59830469993753,True,0.8266685594724995,6.599999999999998,0.11677497116058569,-18.65300462592028,0.6749999999999996,0.00499999999999956,251.06630557121005,True,0.9928797733444911,1.5319991287274775,0.10531838768341512,,6.573026343703118,True
0.68,0.6373333333333333,0.7226666666666667,False,251.14344552045984,True,0.9459302094659092,6.499999999999996,0.12061407005751977,-18.372040545091725,0.6849999999999996,0.00499999999999956,251.65092808281375,True,0.9950886223419877,0.5074825623539141,-0.034947542602853626,,6.6132922739893845,True
0.69,0.6473333333333333,0.7326666666666667,False,251.14344552045984,True,0.9459302094659092,6.499999999999996,0.12161067460283927,-18.300566047706408,0.6949999999999996,0.004999999999999671,252.7707007421931,True,0.9942887199244427,1.6272552217332645,-0.1118114845445733,,6.690156215931102,True
0.7,0.6573333333333333,0.7426666666666667,False,251.14344552045984,True,0.9848789761259925,6.499999999999996,0.11986087255816062,-18.426451301384876,0.7049999999999996,0.004999999999999671,252.80399861926222,True,0.991855377328924,1.6605530988023816,-0.1140919158517501,,6.692436647238282,True
0.71,0.6673333333333333,0.7526666666666667,False,251.14344552045984,True,0.9848789761259924,6.499999999999996,0.11322106309017754,-18.921455432407704,0.7149999999999996,0.004999999999999671,250.54513891756991,True,0.9751048884395754,0.5983066028899202,0.04129291699664475,,6.537051814389886,True
0.72,0.6773333333333333,0.7626666666666667,False,251.14344552045984,True,0.9848789761259924,6.499999999999996,0.09898770987907705,-20.088374464217445,0.7249999999999996,0.004999999999999671,246.67861318321553,True,0.9355738465734658,4.464832337244303,0.3105477908781817,,6.267796940508351,True
0.73,0.6873333333333334,0.7726666666666666,False,252.59830469993753,True,0.9459302094659093,6.599999999999998,0.08549097199889284,-21.3615949026479,0.7349999999999995,0.00499999999999956,240.4622852633908,True,0.8616254702937565,12.136019436546718,0.8524118511536509,,5.825932880232882,False
0.74,0.6973333333333334,0.7826666666666666,False,251.14344552045984,True,0.8911444948731203,6.499999999999996,0.06466404230084949,-23.78674300219719,0.7449999999999996,0.00499999999999956,244.68499510296257,True,0.7837034973589025,6.458450417497261,0.4510318797377924,,6.127312851648739,True
0.75,0.7073333333333334,0.7926666666666666,False,248.25881701670832,True,0.8266685594724996,6.300000000000001,0.04761036568509092,-26.445969655782967,0.7549999999999996,0.00499999999999956,,False,0.0,,,voicing_disagreement,,False
0.76,0.7173333333333334,0.8026666666666666,False,242.58857779956992,True,0.3233360583906408,5.899999999999998,0.025003180857953305,-32.040094753613886,0.7649999999999996,0.00499999999999956,,False,0.0,,,pyin_probability_below_0.5|voicing_disagreement,,False
0.77,0.7273333333333334,0.8126666666666666,False,228.9731271349986,True,0.010073751764282884,4.899999999999999,0.013805105575227399,-37.19920535446993,0.7749999999999996,0.00499999999999956,,False,0.0,,,pyin_probability_below_0.5|voicing_disagreement,,False
0.78,0.7373333333333333,0.8226666666666667,False,,False,0.01000000287110037,,0.010616656278492108,-39.480244859921775,0.7849999999999996,0.00499999999999956,,False,0.0,,,,,False
0.79,0.7473333333333333,0.8326666666666667,False,,False,0.010000127845232541,,0.011288311726981207,-38.9474201207253,0.7949999999999996,0.00499999999999956,,False,0.0,,,,,False
0.8,0.7573333333333333,0.8426666666666667,False,,False,0.010000802780927255,,0.013699310246508042,-37.26602597610771,0.8049999999999996,0.00499999999999956,,False,0.0,,,,,False
0.81,0.7673333333333333,0.8526666666666667,False,,False,0.01000123296498612,,0.014292095967779982,-36.89808152566209,0.8149999999999996,0.00499999999999956,,False,0.0,,,,,False
0.82,0.7773333333333333,0.8626666666666667,False,,False,0.0100028158258111,,0.015153234286593273,-36.38989324038443,0.8249999999999996,0.004999999999999671,399.98747782935055,True,0.5227641659261525,,,voicing_disagreement,14.635663273653382,False
0.83,0.7873333333333333,0.8726666666666667,False,,False,0.0100028158258111,,0.01574864154134522,-36.055138039445744,0.8349999999999996,0.004999999999999671,400.5895723683727,True,0.6694986924742261,,,voicing_disagreement,14.661703659472135,False
0.84,0.7973333333333333,0.8826666666666667,False,,False,0.010073751764282886,,0.016231707777676713,-35.79271569170328,0.8449999999999996,0.004999999999999671,398.0136410811358,True,0.6193873056967713,,,voicing_disagreement,14.550019775825925,False
0.85,0.8073333333333333,0.8926666666666667,False,,False,0.01001876450976914,,0.014646217710717132,-36.685490290422834,0.8549999999999996,0.004999999999999671,398.5640616985836,True,0.5413295645917138,,,voicing_disagreement,14.57394480065566,False
0.86,0.8173333333333334,0.9026666666666666,False,201.6488190383855,True,0.010000002871100368,2.7,0.022027401165773286,-33.14073477413589,0.8649999999999995,0.00499999999999956,,False,0.0,,,pyin_probability_below_0.5|voicing_disagreement,,False
0.87,0.8273333333333334,0.9126666666666666,False,197.04315364635175,True,0.011422334250709074,2.2999999999999963,0.04124922156840313,-27.691684855850554,0.8749999999999996,0.00499999999999956,,False,0.0,,,pyin_probability_below_0.5|voicing_disagreement,,False
0.88,0.8373333333333334,0.9226666666666666,False,184.9127823656466,True,0.047686993082531035,1.1999999999999993,0.055212395002217876,-25.159268272669962,0.8849999999999996,0.00499999999999956,196.51791374055477,True,0.4662658424911466,11.605131374908183,-1.0537904623165486,pyin_probability_below_0.5|pitch_difference_over_1_semitone,2.3321351937030808,False
0.89,0.8473333333333334,0.9326666666666666,False,180.68936857950385,True,0.108579770728745,0.8000000000000002,0.06458530116388853,-23.797326218976455,0.8949999999999996,0.00499999999999956,196.5711786921648,True,0.768163576849305,15.881810112660958,-1.4584822281370051,pyin_probability_below_0.5|pitch_difference_over_1_semitone,2.336826959523541,False
0.9,0.8573333333333333,0.9426666666666667,False,178.6139741695516,True,0.1765306086328976,0.5999999999999976,0.07308076746547554,-22.723938010114423,0.9049999999999996,0.00499999999999956,187.3863445317233,True,0.8614207094073916,8.7723703621717,-0.8300503948602416,pyin_probability_below_0.5,1.5083951262467759,False
0.91,0.8673333333333333,0.9526666666666667,False,176.56241769755178,True,0.2407543944755743,0.39999999999999736,0.08251159378458077,-21.669700480418065,0.9149999999999996,0.00499999999999956,180.7072157445963,True,0.9600072601972016,4.144798047044532,-0.40170990104792137,pyin_probability_below_0.5,0.8800546324344554,False
0.92,0.8773333333333333,0.9626666666666667,False,175.5454930018647,True,0.27960516533635893,0.2999999999999983,0.0890409455894802,-21.00820473130326,0.9249999999999996,0.00499999999999956,176.53140501013843,True,0.9853516955820534,0.985912008273715,-0.09695886945121779,pyin_probability_below_0.5,0.4753036008377517,False
0.93,0.8873333333333333,0.9726666666666667,False,173.52918104210445,True,0.27960516533635893,0.09999999999999636,0.095898419583704,-20.36377099980511,0.9349999999999996,0.00499999999999956,173.37158371666752,True,0.9926312691254471,0.15759732543693872,0.015730024394628624,pyin_probability_below_0.5,0.16261470699189984,False
0.94,0.8973333333333333,0.9826666666666667,False,172.52972650401387,True,0.32333605839064083,0.0,0.10217516096491723,-19.813093388721747,0.9449999999999996,0.004999999999999671,171.1916578892897,True,0.994727604270205,1.3380686147241647,0.13479066202986384,pyin_probability_below_0.5,-0.05644593064332967,False
0.95,0.9073333333333333,0.9926666666666667,False,170.54805357686834,True,0.48498680771591135,-0.2000000000000017,0.10153136042301768,-19.867995892932765,0.9549999999999996,0.004999999999999671,169.16469202181875,True,0.9936935423324297,1.3833615550495892,0.14099770440158138,pyin_probability_below_0.5,-0.2626529730150517,False
0.96,0.9173333333333333,1.0026666666666666,False,167.61814009714527,True,0.42606232904328145,-0.5000000000000041,0.09812047754328047,-20.164806935789414,0.9649999999999996,0.004999999999999671,167.23623922575155,True,0.988645372407695,0.3819008713937251,0.03948940909341483,pyin_probability_below_0.5,-0.46114467770688805,False
0.97,0.9273333333333333,1.0126666666666666,False,165.6928815515041,True,0.3233360583906409,-0.7000000000000022,0.09485401230755762,-20.458885876175373,0.9749999999999996,0.004999999999999671,164.54314093618848,True,0.9779535048571462,1.1497406153156078,0.12054882010059562,pyin_probability_below_0.5,-0.742204088714063,False
0.98,0.9373333333333334,1.0226666666666666,False,164.73856077731807,True,0.2407543944755743,-0.8000000000000028,0.09108482049997642,-20.811079863917648,0.9849999999999995,0.00499999999999956,160.82580864759223,True,0.9621907635712237,3.9127521297258454,0.4161521665027138,pyin_probability_below_0.5,-1.137807435116183,False
0.99,0.9473333333333334,1.0326666666666666,False,161.90845090664698,True,0.2065067991177523,-1.1000000000000019,0.08493110637645673,-21.41866436863781,0.9949999999999996,0.00499999999999956,156.11568024110446,True,0.9591626482115009,5.79277066554252,0.6307540944212623,pyin_probability_below_0.5,-1.6524093630347325,False
1.0,0.9573333333333334,1.0426666666666666,False,160.04877373483913,True,0.1765306086328976,-1.3000000000000005,0.07873993966673297,-22.076098446342503,1.0049999999999994,0.004999999999999449,151.91149522658176,True,0.9833533353945993,8.137278508257367,0.9033669570488039,pyin_probability_below_0.5,-2.1250222256622715,False
1.01,0.9673333333333334,1.0526666666666666,False,157.29923159850804,True,0.2407543944755743,-1.6000000000000023,0.07290299793188511,-22.745092243378725,1.0149999999999995,0.004999999999999449,149.71510116422303,True,0.9916215552052081,7.584130434285015,0.8555025075836341,pyin_probability_below_0.5,-2.3771577761971017,False
1.02,0.9773333333333334,1.0626666666666666,False,153.70651218352927,True,0.48498680771591135,-2.0000000000000004,0.06580604772303944,-23.63468383834395,1.0249999999999995,0.004999999999999449,149.03895279366654,True,0.9889957653247854,4.667559389862731,0.5338661692283377,pyin_probability_below_0.5,-2.4555214378418055,False
1.03,0.9873333333333333,1.0726666666666667,False,151.9410423129619,True,0.7571601330199094,-2.200000000000002,0.059989518131948166,-24.43849253070461,1.0349999999999995,0.004999999999999449,148.8523725925561,True,0.9904719263647832,3.088669720405818,0.3555528725161582,,-2.4772081411296263,True
1.04,0.9973333333333333,1.0826666666666667,False,151.06592630451914,True,0.8266685594724994,-2.3000000000000043,0.05607162106957172,-25.025137759288253,1.0449999999999995,0.004999999999999449,150.1307373299298,True,0.9928166894204433,0.9351889745893516,0.10750691447622886,,-2.3291621830897,True
1.05,1.0073333333333334,1.0926666666666667,False,151.06592630451914,True,0.6860828109301792,-2.3000000000000043,0.05276874758057636,-25.55246426589826,1.0549999999999995,0.004999999999999449,153.1936074063542,True,0.9873431259952367,2.1276811018350656,-0.2421336790570448,,-1.9795215895564242,True
1.06,1.0173333333333334,1.1026666666666667,False,152.82122781686914,True,0.6159498854580678,-2.1000000000000014,0.051183733483444835,-25.817360772993435,1.0649999999999995,0.004999999999999449,156.2238337377859,True,0.9942602728372135,3.4026059209167556,-0.38123536032807204,,-1.6404199082853947,True
1.07,1.0273333333333334,1.1126666666666667,False,155.49249582586248,True,0.6860828109301792,-1.8000000000000052,0.047959132037573134,-26.38257370691978,1.0749999999999995,0.004999999999999449,158.65184723685317,True,0.997777775948724,3.159351410990695,-0.3482323506023209,,-1.3734229180111501,True
1.08,1.0373333333333334,1.1226666666666667,False,157.29923159850804,True,0.8266685594724994,-1.6000000000000023,0.04611106778946913,-26.72389641498947,1.0849999999999995,0.004999999999999449,161.33280729458238,True,0.9942216250063012,4.033575696074337,-0.43833863409640816,,-1.0833166345170602,True
1.09,1.0473333333333332,1.1326666666666667,False,159.12696062960518,True,0.945930209465909,-1.4000000000000026,0.04294480080038494,-27.341788147891712,1.0949999999999995,0.004999999999999449,161.46968749593853,True,0.98792444859388,2.3427268663333507,-0.253020780812018,,-1.0686344878014498,True
1.1,1.0573333333333332,1.1426666666666667,False,160.97592684906726,True,0.945930209465909,-1.2000000000000002,0.039636562014069635,-28.038080445526635,1.1049999999999995,0.004999999999999449,161.97710670604366,True,0.9835990295800134,1.0011798569763926,-0.10733958378618277,,-1.0143156848272823,True
1.11,1.0673333333333332,1.1526666666666667,False,160.97592684906726,True,0.945930209465909,-1.2000000000000002,0.035473826527835754,-29.00183924139275,1.1149999999999995,0.004999999999999449,163.25781463452867,True,0.9775623784174131,2.2818877854614072,-0.24368512895859876,,-0.877970139654866,True
1.12,1.0773333333333333,1.1626666666666667,False,161.90845090664698,True,0.8911444948731202,-1.1000000000000019,0.031947475655193666,-29.911269042650808,1.1249999999999996,0.004999999999999449,162.57970146364897,True,0.8933017608147175,0.6712505570019971,-0.07162625007382556,,-0.9500290185396421,True
1.13,1.0873333333333333,1.1726666666666667,False,161.90845090664698,True,0.8266685594724994,-1.1000000000000019,0.0275304204480978,-31.203743119104367,1.1349999999999996,0.004999999999999671,162.32138931106988,True,0.49394236153132653,0.41293840442290275,-0.044097940643318095,,-0.977557327970151,True
1.14,1.0973333333333333,1.1826666666666668,False,162.84637702113662,True,0.6860828109301791,-1.0000000000000036,0.022609178287985303,-32.91430442888104,1.1449999999999996,0.004999999999999671,,False,0.0,,,voicing_disagreement,,False
1.15,1.1073333333333333,1.1926666666666668,False,164.73856077731807,True,0.3721358982975087,-0.8000000000000028,0.01614941726424714,-35.83686288274161,1.1549999999999996,0.004999999999999671,,False,0.0,,,pyin_probability_below_0.5|voicing_disagreement,,False
1.16,1.1173333333333333,1.2026666666666668,False,162.84637702113662,True,0.03489742801962527,-1.0000000000000036,0.009907491579191774,-40.08072576238789,1.1649999999999996,0.004999999999999671,,False,0.0,,,pyin_probability_below_0.5|voicing_disagreement,,False
1.17,1.1273333333333333,1.2126666666666666,False,,False,0.010037765502929688,,0.005147119306051367,-45.76871530078538,1.1749999999999996,0.004999999999999671,,False,0.0,,,,,False
1.18,1.1373333333333333,1.2226666666666666,False,,False,0.010037765502929688,,0.0023168208852120883,-52.702150809490774,1.1849999999999994,0.004999999999999449,,False,0.0,,,,,False
1.19,1.1473333333333333,1.2326666666666666,False,,False,0.010037765502929688,,0.0012158189980253714,-58.30262149484791,1.1949999999999994,0.004999999999999449,,False,0.0,,,,,False
1.2,1.1573333333333333,1.2426666666666666,False,,False,0.01000012784523254,,0.0008515465257541063,-61.39583237208345,1.2049999999999994,0.004999999999999449,,False,0.0,,,,,False
1.21,1.1673333333333333,1.2526666666666666,False,,False,0.010001873046012553,,0.0008269706426653101,-61.65019815126499,1.2149999999999994,0.004999999999999449,,False,0.0,,,,,False
1.22,1.1773333333333333,1.2626666666666666,False,,False,0.01000419105279527,,0.0008239012040890268,-61.68249724885811,1.2249999999999994,0.004999999999999449,,False,0.0,,,,,False
1.23,1.1873333333333334,1.2726666666666666,False,,False,0.0100000470079773,,0.0009188386025411215,-60.73521534750222,1.2349999999999994,0.004999999999999449,,False,0.0,,,,,False
1.24,1.1973333333333334,1.2826666666666666,False,,False,0.01000123296498612,,0.0008785569035615642,-61.12460208570836,1.2449999999999994,0.004999999999999449,,False,0.0,,,,,False
1.25,1.2073333333333334,1.2926666666666666,False,,False,0.010000078102280324,,0.000940549418878463,-60.53236761136582,1.2549999999999994,0.004999999999999449,,False,0.0,,,,,False
1.26,1.2173333333333334,1.3026666666666666,False,,False,0.01000419105279527,,0.0009928001561848115,-60.062763263744216,1.2649999999999995,0.004999999999999449,,False,0.0,,,,,False
1.27,1.2273333333333334,1.3126666666666666,False,,False,0.01000020633903134,,0.0009847242649111498,-60.13370720713954,1.2749999999999995,0.004999999999999449,,False,0.0,,,,,False
1.28,1.2373333333333334,1.3226666666666667,False,,False,0.01000020633903134,,0.0009740568216890236,-60.22831415552412,1.2849999999999995,0.004999999999999449,,False,0.0,,,,,False
1.29,1.2473333333333334,1.3326666666666667,False,,False,0.010006178555334078,,0.000975557318452983,-60.21494417466582,1.2949999999999995,0.004999999999999449,,False,0.0,,,,,False
1.3,1.2573333333333334,1.3426666666666667,False,,False,0.010037765502929688,,0.0009863307172084965,-60.11954882943853,1.3049999999999995,0.004999999999999449,,False,0.0,,,,,False
1.31,1.2673333333333334,1.3526666666666667,False,,False,0.01000020633903134,,0.0009584042555661772,-60.36902533138232,1.3149999999999995,0.004999999999999449,,False,0.0,,,,,False
1.32,1.2773333333333334,1.3626666666666667,False,,False,0.010013068846238975,,0.0008798623741375457,-61.111705075790624,1.3249999999999995,0.004999999999999449,,False,0.0,,,,,False
1.33,1.2873333333333334,1.3726666666666667,False,,False,0.01000123296498612,,0.0008985067257793858,-60.929573352559444,1.3349999999999995,0.004999999999999449,,False,0.0,,,,,False
1.34,1.2973333333333332,1.3826666666666667,False,,False,0.0100000470079773,,0.0008019610013297162,-61.91693501135197,1.3449999999999995,0.004999999999999449,,False,0.0,,,,,False
1.35,1.3073333333333332,1.3926666666666667,False,,False,0.01000419105279527,,0.0008052569773334706,-61.881310068959664,1.3549999999999995,0.004999999999999449,,False,0.0,,,,,False
1.36,1.3173333333333332,1.4026666666666667,False,,False,0.010000027850262286,,0.0007747434381122285,-62.21684186882666,1.3649999999999995,0.004999999999999449,,False,0.0,,,,,False
1.37,1.3273333333333333,1.4126666666666667,False,,False,0.010000000417925077,,0.0007533945614337886,-62.45955038368556,1.3749999999999996,0.004999999999999449,,False,0.0,,,,,False
1.38,1.3373333333333333,1.4226666666666667,False,,False,0.0100000470079773,,0.0008114773793576083,-61.814471640158395,1.3849999999999996,0.004999999999999671,,False,0.0,,,,,False
1.39,1.3473333333333333,1.4326666666666668,False,,False,0.0100000470079773,,0.0007654417249899754,-62.32175735283923,1.3949999999999996,0.004999999999999671,,False,0.0,,,,,False
1.4,1.3573333333333333,1.4426666666666668,False,,False,0.010000078102280324,,0.00075972236420348,-62.3869017786879,1.4049999999999996,0.004999999999999671,,False,0.0,,,,,False
1.41,1.3673333333333333,1.4526666666666668,False,,False,0.010000516719604524,,0.000860019141529017,-61.309837650293424,1.4149999999999996,0.004999999999999671,,False,0.0,,,,,False
1.42,1.3773333333333333,1.4626666666666666,False,,False,0.010000000047726025,,0.0008506093297260377,-61.40539716259945,1.4249999999999996,0.004999999999999671,,False,0.0,,,,,False
1.43,1.3873333333333333,1.4726666666666666,False,,False,0.01000000000061386,,0.0008461219752027996,-61.451340508981446,1.4349999999999994,0.004999999999999449,,False,0.0,,,,,False
1.44,1.3973333333333333,1.4826666666666666,False,,False,0.010000000417925077,,0.0008242673375998677,-61.67863818318633,1.4449999999999994,0.004999999999999449,,False,0.0,,,,,False
1.45,1.4073333333333333,1.4926666666666666,False,,False,0.010000000417925077,,0.0008110984643005393,-61.81852841746171,1.4549999999999994,0.004999999999999449,,False,0.0,,,,,False
1.46,1.4173333333333333,1.5026666666666666,False,,False,0.010000027850262282,,0.0008073395250639808,-61.858875703286216,1.4649999999999994,0.004999999999999449,,False,0.0,,,,,False
1.47,1.4273333333333333,1.5126666666666666,False,,False,0.010000000000000108,,0.001987521569572095,-54.03376298932613,1.4749999999999994,0.004999999999999449,,False,0.0,,,,,False
1.48,1.4373333333333334,1.5226666666666666,False,,False,0.010000802780927255,,0.0030513310879149544,-50.31021332435158,1.4849999999999994,0.004999999999999449,,False,0.0,,,,,False
1.49,1.4473333333333334,1.5326666666666666,False,,False,0.010000000000075396,,0.008485739861681978,-41.42620572140393,1.4949999999999994,0.004999999999999449,,False,0.0,,,,,False
1.5,1.4573333333333334,1.5426666666666666,False,,False,0.010000000001606033,,0.01942301574399512,-34.23366675602398,1.5049999999999994,0.004999999999999449,,False,0.0,,,,,False
1.51,1.4673333333333334,1.5526666666666666,False,237.04784702513638,True,0.010000000000221913,5.499999999999998,0.0269417272213082,-31.39149130615995,1.5149999999999995,0.004999999999999449,,False,0.0,,,pyin_probability_below_0.5|voicing_disagreement,,False
1.52,1.4773333333333334,1.5626666666666666,False,245.40732129724032,True,0.010000000000023851,6.099999999999998,0.033767003348415627,-29.430149582076027,1.5249999999999995,0.004999999999999449,,False,0.0,,,pyin_probability_below_0.5|voicing_disagreement,,False
1.53,1.4873333333333334,1.5726666666666667,False,243.99387913449723,True,0.01000000000000187,5.999999999999998,0.04045275226165937,-27.8610385038333,1.5349999999999995,0.004999999999999449,,False,0.0,,,pyin_probability_below_0.5|voicing_disagreement,,False
1.54,1.4973333333333334,1.5826666666666667,False,245.40732129724032,True,0.010000000000006925,6.099999999999998,0.04759802812544497,-26.448220774151817,1.5449999999999995,0.004999999999999449,,False,0.0,,,pyin_probability_below_0.5|voicing_disagreement,,False
1.55,1.5073333333333334,1.5926666666666667,False,243.99387913449723,True,0.0100000000000754,5.999999999999998,0.05380156509082879,-25.384101809934627,1.5549999999999995,0.004999999999999449,,False,0.0,,,pyin_probability_below_0.5|voicing_disagreement,,False
1.56,1.5173333333333334,1.6026666666666667,False,245.40732129724032,True,0.010000000000221911,6.099999999999998,0.05893790931169678,-24.592105476439702,1.5649999999999995,0.004999999999999449,,False,0.0,,,pyin_probability_below_0.5|voicing_disagreement,,False
1.57,1.5273333333333334,1.6126666666666667,False,245.40732129724032,True,0.010000000000075398,6.099999999999998,0.06238125824763647,-24.098917392957965,1.5749999999999995,0.004999999999999449,,False,0.0,,,pyin_probability_below_0.5|voicing_disagreement,,False
1.58,1.5373333333333334,1.6226666666666667,False,245.40732129724032,True,0.010000000000221913,6.099999999999998,0.06467313377224226,-23.78552189130405,1.5849999999999995,0.004999999999999449,,False,0.0,,,pyin_probability_below_0.5|voicing_disagreement,,False
1.59,1.5473333333333332,1.6326666666666667,False,245.40732129724032,True,0.010000000000006925,6.099999999999998,0.06481732613327258,-23.766177772005452,1.5949999999999995,0.004999999999999449,,False,0.0,,,pyin_probability_below_0.5|voicing_disagreement,,False
1.6,1.5573333333333332,1.6426666666666667,False,,False,0.010000000000001865,,0.06537459739672064,-23.691819453559088,1.6049999999999995,0.004999999999999449,,False,0.0,,,,,False
1.61,1.5673333333333332,1.6526666666666667,False,,False,0.010000000000006923,,0.06524645674428517,-23.708861360464105,1.6149999999999995,0.004999999999999449,,False,0.0,,,,,False
1.62,1.5773333333333333,1.6626666666666667,False,,False,0.0100000000000754,,0.06595074973498594,-23.615605259693787,1.6249999999999996,0.004999999999999449,,False,0.0,,,,,False
1.63,1.5873333333333333,1.6726666666666667,False,,False,0.010000000000613858,,0.06576183203307054,-23.64052192919882,1.6349999999999996,0.004999999999999671,,False,0.0,,,,,False
1.64,1.5973333333333333,1.6826666666666668,False,,False,0.010000000003996623,,0.06347162930396472,-23.948407065818177,1.6449999999999996,0.004999999999999671,,False,0.0,,,,,False
1.65,1.6073333333333333,1.6926666666666668,False,,False,0.010000000000613856,,0.05952472380845916,-24.506052220432387,1.6549999999999996,0.004999999999999671,,False,0.0,,,,,False
1.66,1.6173333333333333,1.7026666666666668,False,234.3251202788159,True,0.010000000047726025,5.299999999999999,0.06741428271362458,-23.42496164004171,1.6649999999999996,0.004999999999999671,,False,0.0,,,pyin_probability_below_0.5|voicing_disagreement,,False
1.67,1.6273333333333333,1.7126666666666666,False,223.74337368352585,True,0.010006178555334077,4.499999999999999,0.07888951319892394,-22.059614476377575,1.6749999999999996,0.004999999999999671,,False,0.0,,,pyin_probability_below_0.5|voicing_disagreement,,False
1.68,1.6373333333333333,1.7226666666666666,False,217.37383415501247,True,0.011853505394683411,4.0,0.08916190731591442,-20.996412996766214,1.6849999999999996,0.004999999999999671,,False,0.0,,,pyin_probability_below_0.5|voicing_disagreement,,False
1.69,1.6473333333333333,1.7326666666666666,False,218.63306796596578,True,0.03489742801962526,4.099999999999998,0.09897632346114782,-20.08937364743216,1.6949999999999994,0.004999999999999449,217.7151033785724,True,0.8029418332766581,0.917964587393385,0.0728415516957173,pyin_probability_below_0.5,4.105503179690812,False
1.7,1.6573333333333333,1.7426666666666666,False,219.8995964441766,True,0.15046460134333883,4.199999999999998,0.10691301439308679,-19.419388508531913,1.7049999999999994,0.004999999999999449,217.80301904067974,True,0.9401693193951888,2.096577403496866,0.16585205656709295,pyin_probability_below_0.5,4.11249267481944,False
1.71,1.6673333333333333,1.7526666666666666,False,219.8995964441766,True,0.42606232904328145,4.199999999999998,0.11420801063610711,-18.84606866557819,1.7149999999999994,0.004999999999999449,219.38145401114875,True,0.986284279362673,0.5181424330278617,0.04084065257985994,pyin_probability_below_0.5,4.237504078806674,False
1.72,1.6773333333333333,1.7626666666666666,False,219.8995964441766,True,0.6860828109301794,4.199999999999998,0.12038928784158548,-18.388243091839428,1.7249999999999994,0.004999999999999449,219.94263847575502,True,0.9940095071573533,0.043042031578409023,-0.003388298118345879,,4.281733029504877,True
1.73,1.6873333333333334,1.7726666666666666,False,218.63306796596578,True,0.7571601330199094,4.099999999999998,0.12785176549598354,-17.865865409089327,1.7349999999999994,0.004999999999999449,219.5642411019955,True,0.9950719155561888,0.9311731360297131,-0.07357786238535534,,4.251922593771887,True
1.74,1.6973333333333334,1.7826666666666666,False,218.63306796596578,True,0.8911444948731203,4.099999999999998,0.13517858647447228,-17.381841983349304,1.7449999999999994,0.004999999999999449,218.99448924121936,True,0.9963844593155136,0.36142127525357637,-0.028595318083891406,,4.206940049470422,True
1.75,1.7073333333333334,1.7926666666666666,False,218.63306796596578,True,0.8266685594724996,4.099999999999998,0.13693820738473997,-17.26950723289544,1.7549999999999994,0.004999999999999449,218.65986308217109,True,0.9980322454688683,0.026795116205306613,-0.0021216266848953728,,4.180466358071427,True
1.76,1.7173333333333334,1.8026666666666666,False,218.63306796596578,True,0.8266685594724995,4.099999999999998,0.1376726450350861,-17.223046872494077,1.7649999999999995,0.004999999999999449,218.05403178531756,True,0.9952510933814114,0.5790361806482167,0.04591148855349577,,4.132433242833035,True
1.77,1.7273333333333334,1.8126666666666666,False,217.37383415501247,True,0.8266685594724996,4.0,0.1385461873866816,-17.168108418884835,1.7749999999999995,0.004999999999999449,216.7358937554874,True,0.991990892664221,0.6379403995250641,0.050882293804652354,,4.027462437581882,True
1.78,1.7373333333333334,1.8226666666666667,False,216.12185299712482,True,0.7571601330199093,3.8999999999999977,0.1381409327289933,-17.193552319183603,1.7849999999999995,0.004999999999999449,214.99154046933415,True,0.9900825282070569,1.1303125277906645,0.09078075734512653,,3.887563974041406,True
1.79,1.7473333333333334,1.8326666666666667,False,213.63948179230545,True,0.6860828109301792,3.6999999999999957,0.1378266240982387,-17.213337625042445,1.7949999999999995,0.004999999999999449,212.58991417007002,True,0.9906813188746474,1.049567622235429,0.08526164052895421,,3.6930830908575762,True
1.8,1.7573333333333334,1.8426666666666667,False,211.18562305262122,True,0.6159498854580681,3.4999999999999982,0.13498490493368198,-17.39429589981058,1.8049999999999995,0.004999999999999449,209.4507821745176,True,0.9913097032320536,1.7348408781036255,0.1428042171411156,,3.435540514245415,True
1.81,1.7673333333333334,1.8526666666666667,False,208.75994928447787,True,0.4849868077159112,3.2999999999999976,0.13202829913640518,-17.586659430194505,1.8149999999999995,0.004999999999999449,205.15070312650624,True,0.9897379355907907,3.6092461579716257,0.30193029245377234,pyin_probability_below_0.5,3.0764144389327592,False
1.82,1.7773333333333334,1.8626666666666667,False,206.36213675586595,True,0.37213589829750865,3.0999999999999988,0.12738539523853779,-17.89760722194405,1.8249999999999995,0.004999999999999449,200.00528396497748,True,0.9835835916479783,6.3568527908884676,0.5416820960825657,pyin_probability_below_0.5,2.636662635303967,False
1.83,1.7873333333333334,1.8726666666666667,False,202.8169587634771,True,0.24075439447557423,2.799999999999997,0.12200064773251246,-18.272757270782225,1.8349999999999995,0.004999999999999449,193.72192705321714,True,0.9686704153532203,9.095031710259946,0.7942923666665178,pyin_probability_below_0.5,2.0840523647200144,False
1.84,1.7973333333333332,1.8826666666666667,False,197.04315364635175,True,0.15046460134333883,2.2999999999999963,0.11494227816465537,-18.790403987350114,1.8449999999999995,0.004999999999999449,184.9421491141101,True,0.9623858791329251,12.10100453224166,1.0972507753375722,pyin_probability_below_0.5|pitch_difference_over_1_semitone,1.281093956048959,False
1.85,1.8073333333333332,1.8926666666666667,False,190.3311404729313,True,0.06608151270920701,1.6999999999999993,0.11060853800982152,-19.124226960186036,1.8549999999999995,0.004999999999999449,176.8682472298765,True,0.9878767366613534,13.462893243054822,1.2700386704233158,pyin_probability_below_0.5|pitch_difference_over_1_semitone,0.5083060609632175,False
1.86,1.8173333333333332,1.9026666666666667,False,177.5852333780714,True,0.03489742801962526,0.49999999999999706,0.1077720332235438,-19.349878473611064,1.8649999999999995,0.004999999999999449,172.03234591550967,True,0.9925934332895409,5.552887462561728,0.5499812879697896,pyin_probability_below_0.5,0.028363443416742195,False
1.87,1.8273333333333333,1.9126666666666667,False,168.58914210463126,True,0.0779752376229482,-0.4000000000000008,0.102830021869454,-19.757601436631276,1.8749999999999996,0.004999999999999449,168.2990167231092,True,0.9831882986965096,0.2901253815220741,0.0298185050438309,pyin_probability_below_0.5,-0.3514737736572961,False
1.88,1.8373333333333333,1.9226666666666667,False,162.84637702113662,True,0.1765306086328976,-1.0000000000000036,0.10181184938114483,-19.84403347311532,1.8849999999999996,0.004999999999999671,164.35511757559826,True,0.9775935337984076,1.5087405544616388,-0.15965706601097582,pyin_probability_below_0.5,-0.7619982026024928,False
1.89,1.8473333333333333,1.9326666666666668,False,160.04877373483913,True,0.20650679911775227,-1.3000000000000005,0.09955103829006863,-20.039084120808596,1.8949999999999996,0.004999999999999671,161.43858373897183,True,0.981044121669215,1.3898100041326984,-0.14968559939500015,pyin_probability_below_0.5,-1.0719696692184666,False
1.9,1.8573333333333333,1.9426666666666668,False,158.21045677717683,True,0.15046460134333883,-1.5000000000000004,0.1009419749408731,-19.91856404999541,1.9049999999999996,0.004999999999999671,158.7118163543353,True,0.9756786319245067,0.5013595771584676,-0.05477503908394353,pyin_probability_below_0.5,-1.3668802295295235,False
1.91,1.8673333333333333,1.9526666666666668,False,156.39325469067515,True,0.15046460134333878,-1.7000000000000033,0.0995899274833784,-20.035691677227902,1.9149999999999996,0.004999999999999671,155.37872081447722,True,0.9643994083726509,1.0145338761979303,0.1126722045589437,pyin_probability_below_0.5,-1.7343274731724119,False
1.92,1.8773333333333333,1.9626666666666666,False,154.59692495035372,True,0.1504646013433388,-1.900000000000003,0.09961940251337811,-20.033121347218472,1.9249999999999996,0.004999999999999671,152.02168042671545,True,0.965135119073954,2.5752445236382755,0.29081443604667145,pyin_probability_below_0.5,-2.112469704660139,False
1.93,1.8873333333333333,1.9726666666666666,False,152.82122781686914,True,0.12793708630129036,-2.1000000000000014,0.09710017757170232,-20.255599517526836,1.9349999999999996,0.004999999999999671,148.88312596607398,True,0.9716827174015557,3.9381018507951637,0.45197645735539205,pyin_probability_below_0.5,-2.4736317259688594,False
1.94,1.8973333333333333,1.9826666666666666,False,150.19585059339548,True,0.1765306086328976,-2.400000000000005,0.09287654767946296,-20.641878723189908,1.9449999999999994,0.004999999999999449,146.55442280132485,True,0.9867153113606534,3.6414277920706297,0.4249013933391529,pyin_probability_below_0.5,-2.746556661952623,False
1.95,1.9073333333333333,1.9926666666666666,False,147.61557577921405,True,0.2065067991177523,-2.700000000000003,0.08952701154489542,-20.960918244515256,1.9549999999999994,0.004999999999999449,144.88337109340074,True,0.9911187134693443,2.732204685813315,0.323435240329682,pyin_probability_below_0.5,-2.945090508943151,False
1.96,1.9173333333333333,2.002666666666667,False,145.9200662802185,True,0.32333605839064083,-2.900000000000002,0.0842868876313806,-21.484799651577525,1.9649999999999994,0.004999999999999449,143.6068421407827,True,0.9900335142428737,2.313224139435789,0.27664562386934394,pyin_probability_below_0.5,-3.098300892482813,False
1.97,1.9273333333333333,2.0126666666666666,False,143.41324688128702,True,0.42606232904328145,-3.2000000000000055,0.08060716255498648,-21.8725273227319,1.9749999999999994,0.004999999999999449,142.3482641918615,True,0.9870440588588231,1.064982689425534,0.12904066910573672,pyin_probability_below_0.5,-3.250695937719205,False
1.98,1.9373333333333334,2.022666666666667,False,141.7660052464835,True,0.42606232904328145,-3.4000000000000012,0.07633032235519945,-22.3460580703849,1.9849999999999994,0.004999999999999449,140.62095947424606,True,0.9859335120338198,1.145045772237438,0.14039975926693962,pyin_probability_below_0.5,-3.462055027880406,False
1.99,1.9473333333333334,2.0326666666666666,False,140.9494931391844,True,0.42606232904328145,-3.500000000000001,0.07368938475995676,-22.651901388602727,1.9949999999999994,0.004999999999999449,139.04293151734828,True,0.9853078088121229,1.9065616218361185,0.2357746225768405,pyin_probability_below_0.5,-3.6574298911903096,False
2.0,1.9573333333333334,2.042666666666667,False,139.33055012971812,True,0.42606232904328145,-3.700000000000001,0.07066280067413207,-23.0161830716162,2.0049999999999994,0.004999999999999449,137.52795114155884,True,0.9823490351366908,1.802598988159275,0.2254411426508551,pyin_probability_below_0.5,-3.847096411264321,False
2.01,1.9673333333333334,2.0526666666666666,False,138.52806521170294,True,0.48498680771591135,-3.800000000000005,0.067545274832567,-23.40810053784832,2.0149999999999997,0.004999999999999893,135.8908722134491,True,0.9775000476884826,2.637192998253852,0.33275683621369484,pyin_probability_below_0.5,-4.054412104827166,False
2.02,1.9773333333333334,2.062666666666667,False,136.93693467412865,True,0.615949885458068,-4.0000000000000036,0.0635960679484623,-23.93139470623789,2.0249999999999995,0.004999999999999449,134.6453844946427,True,0.9777420647809557,2.291550179485938,0.2921621600324953,,-4.213817428645966,True
2.03,1.9873333333333334,2.0726666666666667,False,136.14823596668148,True,0.7571601330199094,-4.100000000000002,0.061425467130231386,-24.233030641992904,2.0349999999999997,0.004999999999999893,134.46808105988558,True,0.9750715018453106,1.6801549067959058,0.2149743806732638,,-4.2366296492867335,True
2.04,1.9973333333333334,2.082666666666667,False,135.36407982952485,True,0.8266685594724996,-4.199999999999999,0.056305566386131455,-24.988973370723656,2.0449999999999995,0.004999999999999449,134.85694509350685,True,0.9813162957260949,0.5071347360180027,0.06498161669632792,,-4.186636885309792,True
2.05,2.0073333333333334,2.0926666666666667,False,135.36407982952485,True,0.8266685594724995,-4.199999999999999,0.05305834401487458,-25.504926175059126,2.0549999999999997,0.004999999999999893,135.22398500272064,True,0.983670304836931,0.1400948268042157,0.01792665586216201,,-4.139581924475627,True
2.06,2.017333333333333,2.1026666666666665,False,134.5844400993791,True,0.8911444948731202,-4.300000000000001,0.04868663112361641,-26.25180550930457,2.0649999999999995,0.004999999999999449,135.50885315169748,True,0.9867023513135913,0.9244130523183856,-0.11850583783685537,,-4.103149430776609,True
2.07,2.0273333333333334,2.1126666666666667,False,135.36407982952485,True,0.8911444948731202,-4.199999999999999,0.04273489520670582,-27.38434713336217,2.0749999999999993,0.004999999999999449,136.470904914129,True,0.9861377037355402,1.1068250846041394,-0.14098140192537653,,-3.980673866688088,True
2.08,2.037333333333333,2.1226666666666665,False,136.14823596668148,True,0.8911444948731202,-4.100000000000002,0.03841712614233702,-28.309502527751352,2.0849999999999995,0.004999999999999449,137.9331856276433,True,0.9682921990164807,1.7849496609618143,-0.22549571577430433,,-3.7961595528391623,True
2.09,2.0473333333333334,2.1326666666666667,False,136.14823596668148,True,0.8911444948731202,-4.100000000000002,0.03353633188846423,-29.489688821311248,2.0949999999999993,0.004999999999999449,139.37113113528613,True,0.9285100894933558,3.2228951686046514,-0.40504160712359866,,-3.616613661489869,True
2.1,2.0573333333333332,2.1426666666666665,False,136.93693467412865,True,0.8911444948731202,-4.0000000000000036,0.027834166698910538,-31.108435521976226,2.1049999999999995,0.004999999999999449,139.78816444862724,True,0.8957799053573252,2.8512297744985915,-0.35676711439902664,,-3.5648881542144433,True
2.11,2.0673333333333335,2.1526666666666667,False,138.52806521170294,True,0.8266685594724994,-3.800000000000005,0.023881555286403042,-32.438747863828475,2.1149999999999993,0.004999999999999449,138.9915312025349,True,0.8502036426202035,0.4634659908319634,-0.05782430215494301,,-3.6638309664585282,True
2.12,2.0773333333333333,2.1626666666666665,False,138.52806521170294,True,0.6860828109301792,-3.800000000000005,0.019144455211617003,-34.35913975473007,2.1249999999999996,0.004999999999999449,,False,0.0,,,voicing_disagreement,,False
2.13,2.0873333333333335,2.1726666666666667,False,139.33055012971812,True,0.3721358982975087,-3.700000000000001,0.013153366482013519,-37.61926158614976,2.1349999999999993,0.004999999999999449,,False,0.0,,,pyin_probability_below_0.5|voicing_disagreement,,False
2.14,2.0973333333333333,2.1826666666666665,False,143.41324688128702,True,0.15046460134333886,-3.2000000000000055,0.007291315442467358,-42.74388225156112,2.1449999999999996,0.004999999999999449,,False,0.0,,,pyin_probability_below_0.5|voicing_disagreement,,False
2.15,2.1073333333333335,2.1926666666666668,False,136.14823596668148,True,0.047686993082531035,-4.100000000000002,0.0034624279848444665,-49.21238501478044,2.1549999999999994,0.004999999999999449,,False,0.0,,,pyin_probability_below_0.5|voicing_disagreement,,False
2.16,2.1173333333333333,2.2026666666666666,False,139.33055012971812,True,0.020317628556360583,-3.700000000000001,0.002294644450922805,-52.78569195385985,2.1649999999999996,0.004999999999999449,,False,0.0,,,pyin_probability_below_0.5|voicing_disagreement,,False
2.17,2.1273333333333335,2.212666666666667,False,139.33055012971812,True,0.010140046044704068,-3.700000000000001,0.0010906038269453513,-59.24665965401214,2.1749999999999994,0.004999999999999449,,False,0.0,,,pyin_probability_below_0.5|voicing_disagreement,,False
2.18,2.1373333333333333,2.2226666666666666,False,141.7660052464835,True,0.01001876450976914,-3.4000000000000012,0.0009359707329318398,-60.57475462192434,2.1849999999999996,0.004999999999999449,,False,0.0,,,pyin_probability_below_0.5|voicing_disagreement,,False
2.19,2.1473333333333335,2.232666666666667,False,141.7660052464835,True,0.01000000521622945,-3.4000000000000012,0.0007881796577015563,-62.06749556251079,2.1949999999999994,0.004999999999999449,,False,0.0,,,pyin_probability_below_0.5|voicing_disagreement,,False
2.2,2.1573333333333333,2.2426666666666666,False,142.58724736030138,True,0.010000000208892745,-3.3000000000000007,0.0006771285766067147,-63.38657714893047,2.2049999999999996,0.004999999999999449,,False,0.0,,,pyin_probability_below_0.5|voicing_disagreement,,False
2.21,2.167333333333333,2.252666666666667,False,141.7660052464835,True,0.010000000208892744,-3.4000000000000012,0.0006684029040573123,-63.49923343729267,2.2149999999999994,0.004999999999999449,,False,0.0,,,pyin_probability_below_0.5|voicing_disagreement,,False
2.22,2.1773333333333333,2.2626666666666666,False,,False,0.01000000928748663,,0.000674921519245696,-63.41493449123447,2.2249999999999996,0.004999999999999449,,False,0.0,,,,,False
2.23,2.187333333333333,2.272666666666667,False,,False,0.010000009287486632,,0.0006841485000268316,-63.296992417575154,2.2349999999999994,0.004999999999999449,,False,0.0,,,,,False
2.24,2.1973333333333334,2.2826666666666666,False,,False,0.010000005216229449,,0.0006409645719092549,-63.86331949229227,2.2449999999999997,0.004999999999999449,,False,0.0,,,,,False
2.25,2.207333333333333,2.292666666666667,False,,False,0.010000000000023851,,0.0006385228798893776,-63.8964707250458,2.2549999999999994,0.004999999999999449,,False,0.0,,,,,False
2.26,2.2173333333333334,2.3026666666666666,False,,False,0.010000000021701592,,0.0006925832790655579,-63.19055995533325,2.2649999999999997,0.004999999999999893,,False,0.0,,,,,False
2.27,2.227333333333333,2.312666666666667,False,,False,0.010000016226422836,,0.0007589986471159435,-62.395179964319745,2.2749999999999995,0.004999999999999449,,False,0.0,,,,,False
2.28,2.2373333333333334,2.3226666666666667,False,,False,0.01000123296498612,,0.0007771228624787425,-62.19020628348335,2.2849999999999997,0.004999999999999893,,False,0.0,,,,,False
2.29,2.247333333333333,2.332666666666667,False,,False,0.010000000417925075,,0.012159487536503245,-38.301694561724005,2.2949999999999995,0.004999999999999449,,False,0.0,,,,,False
2.3,2.2573333333333334,2.3426666666666667,False,166.65273064969477,True,0.01002672467381077,-0.6000000000000011,0.049298868559066185,-26.143260958955537,2.3049999999999997,0.004999999999999893,,False,0.0,,,pyin_probability_below_0.5|voicing_disagreement,,False
2.31,2.267333333333333,2.3526666666666665,False,164.73856077731807,True,0.01240312479355135,-0.8000000000000028,0.0669880518795283,-23.480053040169388,2.3149999999999995,0.004999999999999449,,False,0.0,,,pyin_probability_below_0.5|voicing_disagreement,,False
2.32,2.2773333333333334,2.3626666666666667,False,164.73856077731807,True,0.030106861794195007,-0.8000000000000028,0.07701755494609479,-22.26820545829959,2.3249999999999997,0.004999999999999893,,False,0.0,,,pyin_probability_below_0.5|voicing_disagreement,,False
2.33,2.287333333333333,2.3726666666666665,False,165.6928815515041,True,0.07797523762294818,-0.7000000000000022,0.08728741129160045,-21.180967726304925,2.3349999999999995,0.004999999999999449,164.9863350093531,True,0.694517534917406,0.7065465421509884,0.0739810203473423,pyin_probability_below_0.5,-0.6956362889608105,False
2.34,2.2973333333333334,2.3826666666666667,False,165.6928815515041,True,0.10857977072874499,-0.7000000000000022,0.09644215564598525,-20.314661819335562,2.3449999999999993,0.004999999999999449,164.37923684294728,True,0.8309868401586732,1.313644708556808,0.1378025182164205,pyin_probability_below_0.5,-0.7594577868298888,False
2.35,2.3073333333333332,2.3926666666666665,False,166.65273064969477,True,0.15046460134333878,-0.6000000000000011,0.10338288289755322,-19.71102722842318,2.3549999999999995,0.004999999999999449,165.8532715280485,True,0.931075115674435,0.7994591216462652,0.08324983670571673,pyin_probability_below_0.5,-0.604905105319183,False
2.36,2.3173333333333335,2.4026666666666667,False,166.65273064969477,True,0.1765306086328976,-0.6000000000000011,0.10971973800797503,-19.19430476174874,2.3649999999999993,0.004999999999999449,167.29131727602882,True,0.9796830690872202,0.6385866263340461,-0.06621134679377452,pyin_probability_below_0.5,-0.4554439218196912,False
2.37,2.3273333333333333,2.4126666666666665,False,166.65273064969477,True,0.27960516533635893,-0.6000000000000011,0.11549573414523717,-18.748681124336724,2.3749999999999996,0.004999999999999449,168.66430362147133,True,0.9880379275503884,2.011572971776559,-0.2077165811609239,pyin_probability_below_0.5,-0.31393868745254316,False
2.38,2.3373333333333335,2.4226666666666667,False,166.65273064969477,True,0.4260623290432815,-0.6000000000000011,0.11470109903198769,-18.808648415951804,2.3849999999999993,0.004999999999999449,169.39053846034005,True,0.9798269321546657,2.737807810645279,-0.2821000396013665,pyin_probability_below_0.5,-0.2395552290120989,False
2.39,2.3473333333333333,2.4326666666666665,False,167.61814009714527,True,0.7571601330199094,-0.5000000000000041,0.10765674013958668,-19.35917549631846,2.3949999999999996,0.004999999999999449,169.3007487158782,True,0.9711713741884583,1.682608618732928,-0.17292076204704715,,-0.2487345065664234,True
2.4,2.3573333333333335,2.4426666666666668,False,168.58914210463126,True,0.8266685594724996,-0.4000000000000008,0.10449846531772426,-19.61780175257778,2.4049999999999994,0.004999999999999449,168.41624954844252,True,0.9699726156254029,0.17289255618874222,0.01776336603373649,,-0.3394186346472055,True
2.41,2.3673333333333333,2.4526666666666666,False,168.58914210463126,True,0.8266685594724996,-0.4000000000000008,0.10009886056323468,-19.991417322324942,2.4149999999999996,0.004999999999999449,167.6245812952259,True,0.9749266285344697,0.9645608094053557,0.09933473744700598,,-0.42099000606047465,True
2.42,2.3773333333333335,2.462666666666667,False,168.58914210463126,True,0.8266685594724996,-0.4000000000000008,0.09463481891908687,-20.478980890942452,2.4249999999999994,0.004999999999999449,166.98589624331936,True,0.9899385170020817,1.6032458613119047,0.16542439844273488,,-0.4870796670562021,True
2.43,2.3873333333333333,2.4726666666666666,False,167.61814009714527,True,0.8266685594724994,-0.5000000000000041,0.09169023750182406,-20.75353804664115,2.4349999999999996,0.004999999999999449,166.97775437892196,True,0.9957906112506048,0.6403857182233139,0.06626853060167887,,-0.48792379921514795,True
2.44,2.3973333333333335,2.482666666666667,False,167.61814009714527,True,0.6860828109301792,-0.5000000000000041,0.08904478965126524,-21.007829753527673,2.4449999999999994,0.004999999999999449,165.68961403984005,True,0.9973975298358159,1.9285260573052199,0.20034140774023407,,-0.6219966763537038,True
2.45,2.4073333333333333,2.4926666666666666,False,168.58914210463126,True,0.42606232904328145,-0.4000000000000008,0.08984914908423046,-20.929720630370745,2.4549999999999996,0.004999999999999449,164.44452153872248,True,0.9988807828920226,4.144620565908781,0.4309281311435218,pyin_probability_below_0.5,-0.7525833997569886,False
2.46,2.417333333333333,2.502666666666667,False,170.54805357686834,True,0.48498680771591135,-0.2000000000000017,0.09241027274417489,-20.685594959120486,2.4649999999999994,0.004999999999999449,165.54627365670353,True,0.9788600022304973,5.001779920164807,0.5153250358192092,pyin_probability_below_0.5,-0.6369803044326797,False
2.47,2.4273333333333333,2.5126666666666666,False,171.53602840047625,True,0.5485250542599847,-0.10000000000000259,0.09573505818984743,-20.378579888088716,2.4749999999999996,0.004999999999999449,170.17920476995693,True,0.9160404600861171,1.3568236305193295,0.13748240548883808,,-0.15913767410230467,True
2.48,2.437333333333333,2.522666666666667,False,171.53602840047625,True,0.48498680771591135,-0.10000000000000259,0.09757976008616254,-20.212805079954418,2.4849999999999994,0.004999999999999449,171.23684074024527,True,0.925363270181361,0.2991876602309844,0.030221994948984067,pyin_probability_below_0.5,-0.051877263562452425,False
2.49,2.4473333333333334,2.5326666666666666,False,172.52972650401387,True,0.48498680771591135,0.0,0.10050877903930186,-19.95592005406212,2.4949999999999997,0.004999999999999449,171.60955490716242,True,0.9763757774467042,0.9201715968514463,0.09258089860256374,pyin_probability_below_0.5,-0.014236167216029716,False
2.5,2.457333333333333,2.542666666666667,False,173.52918104210445,True,0.48498680771591135,0.09999999999999636,0.104556403331622,-19.61298729204213,2.5049999999999994,0.004999999999999449,172.65125304496016,True,0.9883762397749835,0.8779279971442975,0.08780982112518662,pyin_probability_below_0.5,0.09053491026134436,False
2.51,2.4673333333333334,2.5526666666666666,False,174.53442536143424,True,0.5485250542599845,0.19999999999999687,0.10767629001970484,-19.357598329067486,2.5149999999999997,0.004999999999999893,174.3380537133735,True,0.9873614766120272,0.19637164806073315,0.01948937446709685,,0.25885535691943523,True
2.52,2.477333333333333,2.562666666666667,False,174.53442536143424,True,0.6159498854580681,0.19999999999999687,0.11077188620518058,-19.111408982625594,2.5249999999999995,0.004999999999999449,175.85866280130477,True,0.9916157247434854,1.3242374398705294,-0.1308573677637243,,0.4092020991502556,True
2.53,2.4873333333333334,2.5726666666666667,False,175.5454930018647,True,0.6860828109301793,0.2999999999999983,0.11153001979445988,-19.052164414410584,2.5349999999999997,0.004999999999999893,176.886253441923,True,0.9960473124042346,1.3407604400582898,-0.1317237364072605,,0.5100684677937938,True
2.54,2.497333333333333,2.582666666666667,False,175.5454930018647,True,0.7571601330199094,0.2999999999999983,0.11065542728156857,-19.12054561021868,2.5449999999999995,0.004999999999999449,177.1939662335644,True,0.9953968266533152,1.6484732316996826,-0.16181426204144306,,0.5401589934279748,True
2.55,2.5073333333333334,2.5926666666666667,False,176.56241769755178,True,0.8266685594724995,0.39999999999999736,0.11009404050058307,-19.164723783645933,2.5549999999999997,0.004999999999999893,177.03906882031956,True,0.9919390347067377,0.47665112276777677,-0.0466737377832878,,0.52501846916982,True
2.56,2.517333333333333,2.6026666666666665,False,175.5454930018647,True,0.8266685594724996,0.2999999999999983,0.10834263423128639,-19.30401218461197,2.5649999999999995,0.004999999999999449,176.44406218900642,True,0.990411132225565,0.8985691871417032,-0.08839108596352194,,0.46673581735005426,True
2.57,2.5273333333333334,2.6126666666666667,False,175.5454930018647,True,0.7571601330199094,0.2999999999999983,0.10491023043797296,-19.58364318062476,2.5749999999999997,0.004999999999999893,175.44218706962354,True,0.9883008881741702,0.10330593224117024,0.010191055850995489,,0.36815367553553924,True
2.58,2.537333333333333,2.6226666666666665,False,175.5454930018647,True,0.6860828109301793,0.2999999999999983,0.09914881548642954,-20.0742493973592,2.5849999999999995,0.004999999999999449,173.76009937768802,True,0.9745598618486565,1.7853936241766917,0.17697747862830931,,0.20136725275822598,True
2.59,2.5473333333333334,2.6326666666666667,False,174.53442536143424,True,0.5485250542599845,0.19999999999999687,0.0929599732594109,-20.63408019763168,2.5949999999999993,0.004999999999999449,170.84605639507615,True,0.9541440903402595,3.688368966358098,0.3697761184763537,,-0.09143138708982303,True
2.6,2.5573333333333332,2.6426666666666665,False,173.52918104210445,True,0.4849868077159114,0.09999999999999636,0.08646744036540575,-21.26294793894095,2.6049999999999995,0.004999999999999449,166.6045525548132,True,0.9464981126157201,6.924628487291244,0.7050055955601124,pyin_probability_below_0.5,-0.5266608641735798,False
2.61,2.5673333333333335,2.6526666666666667,False,172.52972650401387,True,0.3721358982975087,0.0,0.07877616245981753,-22.072103588871887,2.6149999999999993,0.004999999999999449,161.98749725666627,True,0.9731598667101432,10.542229247347592,1.0915498951993245,pyin_probability_below_0.5|pitch_difference_over_1_semitone,-1.0132051638127928,False
2.62,2.5773333333333333,2.6626666666666665,False,169.56576906952336,True,0.24075439447557434,-0.30000000000000204,0.0716621444345853,-22.894204000938604,2.6249999999999996,0.004999999999999449,158.20035606281587,True,0.9907873697570205,11.365413006707485,1.2011053162482397,pyin_probability_below_0.5|pitch_difference_over_1_semitone,-1.4227605848617069,False
2.63,2.5873333333333335,2.6726666666666667,False,163.7897364863335,True,0.2065067991177523,-0.9000000000000026,0.06384546157318001,-23.89739937874808,2.6349999999999993,0.004999999999999449,155.62516068897511,True,0.9993624757719025,8.164575797358395,0.8852355572082529,pyin_probability_below_0.5,-1.7068908258217221,False
2.64,2.5973333333333333,2.6826666666666665,False,156.39325469067515,True,0.24075439447557428,-1.7000000000000033,0.059535941972522884,-24.504415412261555,2.6449999999999996,0.004999999999999449,155.1668461331918,True,0.9916557907873962,1.226408557483353,0.13629545076374674,pyin_probability_below_0.5,-1.7579507193772166,False
2.65,2.6073333333333335,2.6926666666666668,False,152.82122781686914,True,0.42606232904328145,-2.1000000000000014,0.055800232970261356,-25.067279756915898,2.6549999999999994,0.004999999999999449,154.05743182937246,True,0.9775966887883746,1.2362040125033218,-0.13947988804221356,pyin_probability_below_0.5,-1.882175380571256,False
2.66,2.6173333333333333,2.7026666666666666,False,151.06592630451914,True,0.4849868077159113,-2.3000000000000043,0.05690720600086743,-24.896654732462956,2.6649999999999996,0.004999999999999449,151.93294833590664,True,0.9782542222326994,0.8670220313875063,-0.09907773820037472,pyin_probability_below_0.5,-2.122577530413094,False
2.67,2.6273333333333335,2.712666666666667,False,149.33078614961454,True,0.48498680771591135,-2.5000000000000036,0.05818216942563843,-24.704201786901837,2.6749999999999994,0.004999999999999449,149.95376449576787,True,0.9850207166211172,0.6229783461533316,-0.0720734084050586,pyin_probability_below_0.5,-2.3495818602084095,False
2.68,2.6373333333333333,2.7226666666666666,False,148.4707041104003,True,0.5485250542599845,-2.6000000000000005,0.06028373688897784,-24.39599668655065,2.6849999999999996,0.004999999999999449,148.1513244342082,True,0.9885314929168594,0.3193796761921135,0.03728119495303554,,-2.558936463566502,True
2.69,2.6473333333333335,2.732666666666667,False,148.4707041104003,True,0.6159498854580681,-2.6000000000000005,0.06113858066092635,-24.27369295376962,2.6949999999999994,0.004999999999999449,146.7087666074103,True,0.9918180620822212,1.7619375029900084,0.20667849413605727,,-2.728333762749525,True
2.7,2.6573333333333333,2.7426666666666666,False,147.61557577921405,True,0.7571601330199094,-2.700000000000003,0.06087948554851765,-24.31058052303613,2.7049999999999996,0.004999999999999449,145.8506567879088,True,0.9943838277832885,1.764918991305251,0.20823688390789602,,-2.829892152521363,True
2.71,2.667333333333333,2.752666666666667,False,146.76537262479707,True,0.8266685594724995,-2.800000000000002,0.05996666358281159,-24.44180227416414,2.7149999999999994,0.004999999999999449,145.5576051529236,True,0.9938436788244628,1.207767471873467,0.14305683968187705,,-2.8647121082953424,True
2.72,2.6773333333333333,2.7626666666666666,False,145.9200662802185,True,0.8911444948731204,-2.900000000000002,0.05750716247054556,-24.80556121830687,2.7249999999999996,0.004999999999999449,145.4500397169461,True,0.9951331757468144,0.47002656327239833,0.05585519443514354,,-2.8775104630486124,True
2.73,2.687333333333333,2.772666666666667,False,145.07962854192903,True,0.8266685594724996,-3.0000000000000036,0.055975375297587004,-25.04005971857857,2.7349999999999994,0.004999999999999449,144.84389380262942,True,0.993149730467106,0.23573473929960187,0.028153086293934305,,-2.949808354907403,True
2.74,2.6973333333333334,2.7826666666666666,False,144.24403136881983,True,0.8266685594724996,-3.100000000000003,0.05253682340532982,-25.590723800105618,2.7449999999999997,0.004999999999999449,143.26639237051072,True,0.9971761124302452,0.9776389983091178,0.11773684048276892,,-3.1393921090962404,True
2.75,2.707333333333333,2.792666666666667,False,144.24403136881983,True,0.8266685594724996,-3.100000000000003,0.05033697308092171,-25.96225806966524,2.7549999999999994,0.004999999999999449,141.30250742601567,True,0.9964294044188869,2.9415239428041673,0.35669467917938313,,-3.378349947792855,True
2.76,2.7173333333333334,2.8026666666666666,False,142.58724736030138,True,0.8266685594724996,-3.3000000000000007,0.046937016839908974,-26.5696903233537,2.7649999999999997,0.004999999999999893,140.3330874540071,True,0.9975795731584757,2.2541599062942623,0.27587702133642067,,-3.4975322899498895,True
2.77,2.727333333333333,2.812666666666667,False,141.7660052464835,True,0.8911444948731204,-3.4000000000000012,0.04483963218147069,-26.966759171413187,2.7749999999999995,0.004999999999999449,140.30938025529093,True,0.9960519230477115,1.4566249911925695,0.1788019321710558,,-3.500457200784524,True
2.78,2.7373333333333334,2.8226666666666667,False,140.9494931391844,True,0.8911444948731203,-3.500000000000001,0.04150349975309737,-27.638305603409627,2.7849999999999997,0.004999999999999893,140.78271405144514,True,0.9932849389298796,0.16677908773925765,0.020497029570977477,,-3.4421522981844452,True
2.79,2.747333333333333,2.832666666666667,False,140.9494931391844,True,0.8911444948731203,-3.500000000000001,0.04026128890702092,-27.90224651828323,2.7949999999999995,0.004999999999999449,140.6505562539603,True,0.9920611713331536,0.29893688522409434,0.03675637910876918,,-3.4584116477222366,True
2.8,2.7573333333333334,2.8426666666666667,False,140.9494931391844,True,0.8266685594724995,-3.500000000000001,0.038576742121348165,-28.273489042636935,2.8049999999999997,0.004999999999999893,139.63322372956273,True,0.9972810582173754,1.3162694096216683,0.16243246639703812,,-3.584087735010503,True
2.81,2.767333333333333,2.8526666666666665,False,141.7660052464835,True,0.8266685594724994,-3.4000000000000012,0.036833325715728796,-28.67518133032394,2.8149999999999995,0.004999999999999449,140.1491836992675,True,0.9997794354291469,1.6168215472160057,0.19857938225724212,,-3.52023465087071,True
2.82,2.7773333333333334,2.8626666666666667,False,141.7660052464835,True,0.8266685594724994,-3.4000000000000012,0.03497715552870186,-29.124310237008757,2.8249999999999997,0.004999999999999893,142.70342578562935,True,0.9900366227129475,0.9374205391458474,-0.11410014947878092,,-3.2075551191346876,True
2.83,2.787333333333333,2.8726666666666665,False,143.41324688128702,True,0.8266685594724995,-3.2000000000000055,0.032155333935176854,-29.854939517642578,2.8349999999999995,0.004999999999999449,145.17093925444718,True,0.9882173850599371,1.757692373160154,-0.21089267256020638,,-2.9107625960532646,True
2.84,2.7973333333333334,2.8826666666666667,False,144.24403136881983,True,0.8266685594724995,-3.100000000000003,0.030317386113806605,-30.366164903336323,2.8449999999999993,0.004999999999999449,147.37928194443225,True,0.9874617731881437,3.1352505756124174,-0.37226527790983077,,-2.64938999070364,True
2.85,2.8073333333333332,2.8926666666666665,False,145.9200662802185,True,0.8911444948731202,-2.900000000000002,0.02759514756626331,-31.183345583673923,2.8549999999999995,0.004999999999999449,150.2804752603831,True,0.9865871146069908,4.360408980164607,-0.5097515242398627,,-2.3119037443736055,False
2.86,2.8173333333333335,2.9026666666666667,False,147.61557577921405,True,0.945930209465909,-2.700000000000003,0.025558427483249997,-31.84931740491755,2.8649999999999993,0.004999999999999449,152.28981253608714,True,0.9892357510200509,4.674236756873086,-0.5396937483798164,,-2.081961520233654,False
2.87,2.8273333333333333,2.9126666666666665,False,149.33078614961454,True,0.9459302094659091,-2.5000000000000036,0.023095856767904745,-32.72931844910499,2.8749999999999996,0.004999999999999449,154.0940143006584,True,0.9810091975469102,4.7632281510438474,-0.543590387667129,,-1.8780648809463405,False
2.88,2.8373333333333335,2.9226666666666667,False,151.06592630451914,True,0.945930209465909,-2.3000000000000043,0.019577991573949682,-34.16463725483497,2.8849999999999993,0.004999999999999449,155.61769129104968,True,0.9747464505931673,4.551764986530543,-0.5139334983421163,,-1.707721770271354,False
2.89,2.8473333333333333,2.9326666666666665,False,152.82122781686914,True,0.9459302094659091,-2.1000000000000014,0.016068188665992994,-35.88066155210251,2.8949999999999996,0.004999999999999449,,False,0.0,,,voicing_disagreement,,False
2.9,2.8573333333333335,2.9426666666666668,False,153.70651218352927,True,0.9459302094659091,-2.0000000000000004,0.012161449699444845,-38.300293042478735,2.9049999999999994,0.004999999999999449,,False,0.0,,,voicing_disagreement,,False
2.91,2.8673333333333333,2.9526666666666666,False,155.49249582586248,True,0.8266685594724994,-1.8000000000000052,0.008853045180314318,-41.05814638823575,2.9149999999999996,0.004999999999999449,,False,0.0,,,voicing_disagreement,,False
2.92,2.8773333333333335,2.962666666666667,False,156.39325469067515,True,0.6860828109301791,-1.7000000000000033,0.005817042909617077,-44.7059546520327,2.9249999999999994,0.004999999999999449,,False,0.0,,,voicing_disagreement,,False
2.93,2.8873333333333333,2.9726666666666666,False,159.12696062960518,True,0.42606232904328145,-1.4000000000000026,0.0036001259127949486,-48.87364619423329,2.9349999999999996,0.004999999999999449,,False,0.0,,,pyin_probability_below_0.5|voicing_disagreement,,False
2.94,2.8973333333333335,2.982666666666667,False,159.12696062960518,True,0.03010686179419501,-1.4000000000000026,0.002112176768269962,-53.50539476943395,2.9449999999999994,0.004999999999999449,,False,0.0,,,pyin_probability_below_0.5|voicing_disagreement,,False
2.95,2.9073333333333333,2.9926666666666666,False,,False,0.01002672467381077,,0.0012937652770787622,-57.76289017838658,2.9549999999999996,0.004999999999999449,,False,0.0,,,,,False
2.96,2.917333333333333,3.002666666666667,False,,False,0.010009025493342986,,0.0010999875689524706,-59.17224445621463,2.9649999999999994,0.004999999999999449,,False,0.0,,,,,False
2.97,2.9273333333333333,3.0126666666666666,False,,False,0.010001873046012551,,0.0011468701921769563,-58.8097146936139,2.9749999999999996,0.004999999999999449,,False,0.0,,,,,False
2.98,2.937333333333333,3.022666666666667,False,,False,0.010001873046012551,,0.001211222699875965,-58.33551997057736,2.9849999999999994,0.004999999999999449,,False,0.0,,,,,False
2.99,2.9473333333333334,3.0326666666666666,False,,False,0.010052967545965857,,0.0011510062803206315,-58.77844613381331,2.9949999999999997,0.004999999999999449,,False,0.0,,,,,False
3.0,2.957333333333333,3.042666666666667,False,,False,0.010013068846238975,,0.0011821759674148988,-58.546357474352405,3.0049999999999994,0.004999999999999449,,False,0.0,,,,,False
3.01,2.9673333333333334,3.0526666666666666,False,,False,0.010037765502929688,,0.001282517339740149,-57.838735089585185,3.0149999999999997,0.004999999999999893,,False,0.0,,,,,False
3.02,2.977333333333333,3.062666666666667,False,,False,0.010009025493342986,,0.0012011610358706722,-58.40797528405352,3.0249999999999995,0.004999999999999449,,False,0.0,,,,,False
3.03,2.9873333333333334,3.0726666666666667,False,,False,0.010000127845232541,,0.001155961853063855,-58.74112994940362,3.0349999999999997,0.004999999999999893,,False,0.0,,,,,False
3.04,2.997333333333333,3.082666666666667,False,,False,0.010013068846238975,,0.0012101858405098689,-58.342958654652634,3.0449999999999995,0.004999999999999449,,False,0.0,,,,,False
3.05,3.0073333333333334,3.0926666666666667,False,,False,0.010000516719604524,,0.001199087982001532,-58.42297899530539,3.0549999999999997,0.004999999999999893,,False,0.0,,,,,False
3.06,3.017333333333333,3.1026666666666665,False,,False,0.010000000814014906,,0.0011121985227410278,-59.076353722061455,3.0649999999999995,0.004999999999999449,,False,0.0,,,,,False
3.07,3.0273333333333334,3.1126666666666667,False,,False,0.010000000814014906,,0.001126036183504553,-58.96895307701347,3.0749999999999997,0.004999999999999893,,False,0.0,,,,,False
3.08,3.037333333333333,3.1226666666666665,False,,False,0.010000802780927255,,0.0011647081175119747,-58.67565795346905,3.0849999999999995,0.004999999999999449,,False,0.0,,,,,False
3.09,3.0473333333333334,3.1326666666666667,False,,False,0.01000419105279527,,0.0010249115294405598,-59.78627242746282,3.0949999999999998,0.004999999999999893,,False,0.0,,,,,False
3.1,3.0573333333333332,3.1426666666666665,False,,False,0.010000516719604524,,0.0010042371684847208,-59.96327417408927,3.1049999999999995,0.004999999999999449,,False,0.0,,,,,False
3.11,3.0673333333333335,3.1526666666666667,False,,False,0.01000419105279527,,0.00107445919058006,-59.37620149907594,3.1149999999999993,0.004999999999999449,,False,0.0,,,,,False
3.12,3.0773333333333333,3.1626666666666665,False,,False,0.01000419105279527,,0.0009679021475622281,-60.28337093072986,3.1249999999999996,0.004999999999999449,,False,0.0,,,,,False
3.13,3.0873333333333335,3.1726666666666667,False,,False,0.010000802780927255,,0.0009853378082482478,-60.128297052851394,3.1349999999999993,0.004999999999999449,,False,0.0,,,,,False
3.14,3.0973333333333333,3.1826666666666665,False,,False,0.01000123296498612,,0.00098865604595614,-60.09909546885517,3.1449999999999996,0.004999999999999449,,False,0.0,,,,,False
3.15,3.1073333333333335,3.1926666666666668,False,,False,0.010000127845232541,,0.000978834379901452,-60.18581570386977,3.1549999999999994,0.004999999999999449,,False,0.0,,,,,False
3.16,3.1173333333333333,3.2026666666666666,False,,False,0.01000000928748663,,0.0010485910401118017,-59.58787715038655,3.1649999999999996,0.004999999999999449,,False,0.0,,,,,False
3.17,3.1273333333333335,3.212666666666667,False,,False,0.010000001546554296,,0.0010444192479643311,-59.622502660236016,3.1749999999999994,0.004999999999999449,,False,0.0,,,,,False
3.18,3.1373333333333333,3.2226666666666666,False,,False,0.010000078102280324,,0.0011046566493189784,-59.13545377854252,3.1849999999999996,0.004999999999999449,,False,0.0,,,,,False
3.19,3.1473333333333335,3.232666666666667,False,,False,0.010000027850262286,,0.001079659785863605,-59.334261490243854,3.1949999999999994,0.004999999999999449,,False,0.0,,,,,False
3.2,3.1573333333333333,3.2426666666666666,False,,False,0.010000516719604524,,0.0011296259194491704,-58.94130702441829,3.2049999999999996,0.004999999999999449,,False,0.0,,,,,False
3.21,3.167333333333333,3.252666666666667,False,,False,0.010000127845232541,,0.0011984307610411562,-58.42774104264221,3.2149999999999994,0.004999999999999449,,False,0.0,,,,,False
3.22,3.1773333333333333,3.2626666666666666,False,,False,0.010000127845232541,,0.0012185390482605289,-58.283210984532126,3.2249999999999996,0.004999999999999449,,False,0.0,,,,,False
3.23,3.187333333333333,3.272666666666667,False,,False,0.010006178555334078,,0.0012451705602702094,-58.09542311898319,3.2349999999999994,0.004999999999999449,,False,0.0,,,,,False
3.24,3.1973333333333334,3.2826666666666666,False,,False,0.010000206339031339,,0.0012967119885335628,-57.743129478788234,3.2449999999999997,0.004999999999999449,,False,0.0,,,,,False
3.25,3.207333333333333,3.292666666666667,False,,False,0.010000002871100366,,0.0014277346999614694,-56.907049703395636,3.2549999999999994,0.004999999999999449,,False,0.0,,,,,False
3.26,3.2173333333333334,3.3026666666666666,False,,False,0.0100000000000754,,0.0016495918050460677,-55.65247019145502,3.2649999999999997,0.004999999999999893,,False,0.0,,,,,False
3.27,3.227333333333333,3.312666666666667,False,,False,0.010000000000023851,,0.0019022068814142244,-54.41484503114154,3.2749999999999995,0.004999999999999449,,False,0.0,,,,,False
3.28,3.2373333333333334,3.3226666666666667,False,,False,0.010000000001606037,,0.002045107265271276,-53.78567816884217,3.2849999999999997,0.004999999999999893,,False,0.0,,,,,False
3.29,3.247333333333333,3.332666666666667,False,,False,0.010000000001606033,,0.0022362842219415474,-53.009460006978586,3.2949999999999995,0.004999999999999449,,False,0.0,,,,,False
3.3,3.2573333333333334,3.3426666666666667,False,,False,0.01000000002170159,,0.0023917354261676267,-52.425737273860705,3.3049999999999997,0.004999999999999893,,False,0.0,,,,,False
3.31,3.267333333333333,3.3526666666666665,False,,False,0.010000000021701592,,0.0024660737188062914,-52.1598789019894,3.3149999999999995,0.004999999999999449,,False,0.0,,,,,False
3.32,3.2773333333333334,3.3626666666666667,False,,False,0.010000000101429396,,0.0025770689691387524,-51.77747916863601,3.3249999999999997,0.004999999999999893,,False,0.0,,,,,False
3.33,3.287333333333333,3.3726666666666665,False,,False,0.010000000047726025,,0.002630460676097016,-51.59936372551532,3.3349999999999995,0.004999999999999449,,False,0.0,,,,,False
3.34,3.2973333333333334,3.3826666666666667,False,,False,0.010000000417925077,,0.002705661686878241,-51.35453016147438,3.3449999999999998,0.004999999999999893,,False,0.0,,,,,False
3.35,3.3073333333333332,3.3926666666666665,False,,False,0.01000000000061386,,0.0026256275958287667,-51.61533743504286,3.3549999999999995,0.004999999999999449,,False,0.0,,,,,False
3.36,3.3173333333333335,3.4026666666666667,False,,False,0.010000000001606035,,0.0025277075239419763,-51.94546357683154,3.3649999999999993,0.004999999999999449,,False,0.0,,,,,False
3.37,3.3273333333333333,3.4126666666666665,False,,False,0.010000000009505967,,0.0024774978445174043,-52.11973429378294,3.3749999999999996,0.004999999999999449,,False,0.0,,,,,False
3.38,3.3373333333333335,3.4226666666666667,False,,False,0.010000000009505967,,0.0023412502466639484,-52.6110432772265,3.3849999999999993,0.004999999999999449,,False,0.0,,,,,False
3.39,3.3473333333333333,3.4326666666666665,False,,False,0.010000000047726025,,0.0022835032021624128,-52.82796750088569,3.3949999999999996,0.004999999999999449,,False,0.0,,,,,False
3.4,3.3573333333333335,3.4426666666666668,False,,False,0.010000000417925077,,0.0022036244970577096,-53.13724816690869,3.4049999999999994,0.004999999999999449,,False,0.0,,,,,False
3.41,3.3673333333333333,3.4526666666666666,False,,False,0.010000002871100366,,0.0021554176756303322,-53.32937120013359,3.4149999999999996,0.004999999999999449,,False,0.0,,,,,False
3.42,3.3773333333333335,3.462666666666667,False,,False,0.010000000101429396,,0.0021205354274488456,-53.47108934909354,3.4249999999999994,0.004999999999999449,,False,0.0,,,,,False
3.43,3.3873333333333333,3.4726666666666666,False,,False,0.010000000047726025,,0.002112522400866565,-53.50397354322307,3.4349999999999996,0.004999999999999449,,False,0.0,,,,,False
3.44,3.3973333333333335,3.482666666666667,False,,False,0.010000000047726026,,0.002041854684326053,-53.799503384462966,3.4449999999999994,0.004999999999999449,,False,0.0,,,,,False
3.45,3.4073333333333333,3.4926666666666666,False,,False,0.010000000417925075,,0.0019711681059449947,-54.10552672931655,3.4549999999999996,0.004999999999999449,,False,0.0,,,,,False
3.46,3.417333333333333,3.502666666666667,False,,False,0.010000016226422836,,0.0018637536412585587,-54.592229900939095,3.4649999999999994,0.004999999999999449,,False,0.0,,,,,False
3.47,3.4273333333333333,3.5126666666666666,False,,False,0.010000005216229447,,0.0017714045404517657,-55.03364492952413,3.4749999999999996,0.004999999999999449,,False,0.0,,,,,False
3.48,3.437333333333333,3.522666666666667,False,,False,0.010000000417925077,,0.00168984146061656,-55.44308077174007,3.4849999999999994,0.004999999999999449,,False,0.0,,,,,False
3.49,3.4473333333333334,3.5326666666666666,False,,False,0.010000000101429395,,0.0015436975363267468,-56.228755779127994,3.4949999999999997,0.004999999999999449,,False,0.0,,,,,False
3.5,3.457333333333333,3.542666666666667,False,,False,0.010000002871100368,,0.0013491149933421143,-57.399020623381965,3.5049999999999994,0.004999999999999449,,False,0.0,,,,,False
3.51,3.4673333333333334,3.5526666666666666,False,,False,0.010000000000000439,,0.001080421669476276,-59.32813427940672,3.5149999999999997,0.004999999999999893,,False,0.0,,,,,False
3.52,3.477333333333333,3.562666666666667,False,,False,0.01,,0.0007884703914188763,-62.0642922124551,3.5249999999999995,0.004999999999999449,,False,0.0,,,,,False
3.53,3.4873333333333334,3.5726666666666667,False,,False,0.01,,0.0007971793217015888,-61.96887950267656,3.5349999999999997,0.004999999999999893,,False,0.0,,,,,False
3.54,3.497333333333333,3.582666666666667,False,,False,0.01,,0.00078910167585849,-62.05734068563851,3.5449999999999995,0.004999999999999449,,False,0.0,,,,,False
3.55,3.5073333333333334,3.5926666666666667,False,,False,0.01,,0.000874383098342638,-61.16596491612293,3.5549999999999997,0.004999999999999893,,False,0.0,,,,,False
3.56,3.517333333333333,3.6026666666666665,False,,False,0.010000000003996623,,0.0008406175231685562,-61.50803122222693,3.5649999999999995,0.004999999999999449,,False,0.0,,,,,False
3.57,3.5273333333333334,3.6126666666666667,False,,False,0.010000516719604524,,0.0008114622485686834,-61.81463359857075,3.5749999999999997,0.004999999999999893,,False,0.0,,,,,False
3.58,3.537333333333333,3.6226666666666665,False,,False,0.0100028158258111,,0.0008463350468758458,-61.449153490909254,3.5849999999999995,0.004999999999999449,,False,0.0,,,,,False
3.59,3.5473333333333334,3.6326666666666667,False,,False,0.010000000003996623,,0.0009031461937734314,-60.884838880549296,3.5949999999999998,0.004999999999999893,,False,0.0,,,,,False
3.6,3.5573333333333332,3.6426666666666665,False,,False,0.01000000928748663,,0.0041062270332137595,-47.73114084336057,3.6049999999999995,0.004999999999999449,,False,0.0,,,,,False
3.61,3.5673333333333335,3.6526666666666667,False,,False,0.01000000000000011,,0.006717264977785778,-43.45615039260767,3.6149999999999993,0.004999999999999449,,False,0.0,,,,,False
3.62,3.5773333333333333,3.6626666666666665,False,,False,0.010001232964986118,,0.037277798123876014,-28.57099495795531,3.6249999999999996,0.004999999999999449,,False,0.0,,,,,False
3.63,3.5873333333333335,3.6726666666666667,False,165.6928815515041,True,0.01000123296498612,-0.7000000000000022,0.055451291888124324,-25.121766626600163,3.6349999999999993,0.004999999999999449,,False,0.0,,,pyin_probability_below_0.5|voicing_disagreement,,False
3.64,3.5973333333333333,3.6826666666666665,False,167.61814009714527,True,0.010140046044704068,-0.5000000000000041,0.06759352839563182,-23.401897654128405,3.6449999999999996,0.004999999999999449,,False,0.0,,,pyin_probability_below_0.5|voicing_disagreement,,False
3.65,3.6073333333333335,3.6926666666666668,False,169.56576906952336,True,0.011853505394683413,-0.30000000000000204,0.08292710450490295,-21.626069964871665,3.6549999999999994,0.004999999999999449,,False,0.0,,,pyin_probability_below_0.5|voicing_disagreement,,False
3.66,3.6173333333333333,3.7026666666666666,False,171.53602840047625,True,0.018187375734912182,-0.10000000000000259,0.0990293378085798,-20.084722499792456,3.6649999999999996,0.004999999999999449,165.1974986969801,True,0.6551243491526287,6.338529703496164,0.6518373671173783,pyin_probability_below_0.5,-0.6734926357308475,False
3.67,3.6273333333333335,3.712666666666667,False,172.52972650401387,True,0.03489742801962526,0.0,0.11237359428316525,-18.98671455903554,3.6749999999999994,0.004999999999999449,168.61431372214707,True,0.8942419966347199,3.9154127818667916,0.3974153312701078,pyin_probability_below_0.5,-0.3190705998835732,False
3.68,3.6373333333333333,3.7226666666666666,False,172.52972650401387,True,0.06608151270920702,0.0,0.11995796323291048,-18.419418334778605,3.6849999999999996,0.004999999999999449,171.7507297574092,True,0.9540215833102105,0.7789967466046619,0.07834473138653239,pyin_probability_below_0.5,0.0,False
3.69,3.6473333333333335,3.732666666666667,False,171.53602840047625,True,0.09203757081218103,-0.10000000000000259,0.12298223043743703,-18.203152694865125,3.6949999999999994,0.004999999999999449,173.87652698667168,True,0.9665622433512544,2.340498586195423,-0.2346187361070682,pyin_probability_below_0.5,0.21296346749360223,False
3.7,3.6573333333333333,3.7426666666666666,False,171.53602840047625,True,0.12793708630129036,-0.10000000000000259,0.12366164324921604,-18.155299735535483,3.7049999999999996,0.004999999999999449,174.51153507559343,True,0.9634512524988254,2.975506675117174,-0.29772932812356834,pyin_probability_below_0.5,0.2760740595100999,False
3.71,3.667333333333333,3.752666666666667,False,172.52972650401387,True,0.48498680771591135,0.0,0.11728936185302236,-18.614827532292107,3.7149999999999994,0.004999999999999449,172.70597324552645,True,0.9058048515409658,0.17624674151258546,-0.017676294002756734,pyin_probability_below_0.5,0.09602102538929007,False
3.72,3.6773333333333333,3.7626666666666666,False,173.52918104210445,True,0.5485250542599845,0.09999999999999636,0.11095407031768817,-19.097135223468285,3.7249999999999996,0.004999999999999449,168.6205397731422,True,0.8364005661323682,4.908641268962242,0.4967760882402973,,-0.3184313568537659,True
3.73,3.687333333333333,3.772666666666667,False,173.52918104210445,True,0.5485250542599845,0.09999999999999636,0.10344114182777055,-19.706133883442053,3.7349999999999994,0.004999999999999449,162.1078210536872,True,0.9193963776493691,11.421359988417265,1.178695117476996,pitch_difference_over_1_semitone,-1.0003503860904661,False
3.74,3.6973333333333334,3.7826666666666666,False,173.52918104210445,True,0.42606232904328145,0.09999999999999636,0.08947137299145519,-20.966317961966556,3.7449999999999997,0.004999999999999449,160.8094994819125,True,0.9687595366869455,12.719681560191958,1.3179078806452318,pyin_probability_below_0.5|pitch_difference_over_1_semitone,-1.139563149258703,False
3.75,3.707333333333333,3.792666666666667,False,169.56576906952336,True,0.3721358982975087,-0.30000000000000204,0.07085236182621273,-22.99291336394223,3.7549999999999994,0.004999999999999449,159.63602832217876,True,0.9792792800242831,9.929740747344596,1.0447039899575499,pyin_probability_below_0.5|pitch_difference_over_1_semitone,-1.2663592585710186,False
3.76,3.7173333333333334,3.8026666666666666,False,161.90845090664698,True,0.3721358982975087,-1.1000000000000019,0.050611636003653114,-25.914992480903738,3.7649999999999997,0.004999999999999893,158.43886959455074,True,0.9673230950817655,3.4695813120962384,0.37502371978500126,pyin_probability_below_0.5,-1.3966789883984707,False
3.77,3.727333333333333,3.812666666666667,False,160.97592684906726,True,0.8266685594724994,-1.2000000000000002,0.038174456744864756,-28.364542692181974,3.7749999999999995,0.004999999999999449,156.27116616673734,True,0.9478103902398672,4.704760682329919,0.5135201709106724,,-1.635175439524138,False
3.78,3.7373333333333334,3.8226666666666667,False,166.65273064969477,True,0.010009025493342986,-0.6000000000000011,0.04305169785859023,-27.320194326215123,3.7849999999999997,0.004999999999999893,153.88711905064469,True,0.9229046382645214,12.76561159905009,1.3796697485235294,pyin_probability_below_0.5|pitch_difference_over_1_semitone,-1.901325017136995,False
3.79,3.747333333333333,3.832666666666667,False,175.5454930018647,True,0.011853505394683413,0.2999999999999983,0.05816990754147807,-24.706032529863066,3.7949999999999995,0.004999999999999449,147.62272127785593,True,0.601153582588574,27.922771724008783,2.9991619968905066,pyin_probability_below_0.5|pitch_difference_over_1_semitone,-2.620817265503974,False
3.8,3.7573333333333334,3.8426666666666667,False,173.52918104210445,True,0.015085587297504338,0.09999999999999636,0.0661501290145241,-23.589386089169434,3.8049999999999997,0.004999999999999893,,False,0.0,,,pyin_probability_below_0.5|voicing_disagreement,,False
3.81,3.767333333333333,3.8526666666666665,False,171.53602840047625,True,0.0229442191246386,-0.10000000000000259,0.07561229614781084,-22.42815146698403,3.8149999999999995,0.004999999999999449,177.09505739892953,True,0.5734472591749784,5.559028998453272,-0.5521478972770859,pyin_probability_below_0.5,0.5304926286636165,False
3.82,3.7773333333333334,3.8626666666666667,False,170.54805357686834,True,0.04768699308253103,-0.2000000000000017,0.08539281017510972,-21.37157388193998,3.8249999999999997,0.004999999999999893,174.19716824852307,True,0.7665732317375447,3.649114671654729,-0.3665145808474298,pyin_probability_below_0.5,0.24485931223396207,False
3.83,3.787333333333333,3.8726666666666665,False,170.54805357686834,True,0.092037570812181,-0.2000000000000017,0.09250349172437113,-20.676837473218068,3.8349999999999995,0.004999999999999449,170.5560072203101,True,0.906244373356871,0.00795364344176619,-0.000807355873210064,pyin_probability_below_0.5,-0.12084791274025874,False
3.84,3.7973333333333334,3.8826666666666667,False,170.54805357686834,True,0.10857977072874497,-0.2000000000000017,0.09808222554362156,-20.168193766311674,3.8449999999999998,0.004999999999999893,169.37062312076793,True,0.9794587447084742,1.17743045610041,0.11993550153591895,pyin_probability_below_0.5,-0.24159077014938957,False
3.85,3.8073333333333332,3.8926666666666665,False,171.53602840047625,True,0.10857977072874497,-0.10000000000000259,0.10296237569411887,-19.746428906583223,3.8549999999999995,0.004999999999999449,169.2113321388565,True,0.9737897226514076,2.3246962616197493,0.2362252055592156,pyin_probability_below_0.5,-0.2578804741726845,False
3.86,3.8173333333333335,3.9026666666666667,False,171.53602840047625,True,0.17653060863289757,-0.10000000000000259,0.10647719052110668,-19.45486833122311,3.8649999999999993,0.004999999999999449,170.60337419179567,True,0.9510195795352886,0.9326542086805887,0.09438531249050428,pyin_probability_below_0.5,-0.1160405811039728,False
3.87,3.8273333333333333,3.9126666666666665,False,171.53602840047625,True,0.2065067991177523,-0.10000000000000259,0.10125503127548702,-19.891667757151154,3.8749999999999996,0.004999999999999449,172.8319691079064,True,0.9481010656093277,1.295940707430134,-0.1303017287191599,pyin_probability_below_0.5,0.10864646010568921,False
3.88,3.8373333333333335,3.9226666666666667,False,171.53602840047625,True,0.12793708630129036,-0.10000000000000259,0.09640666049559614,-20.317859214773257,3.8849999999999993,0.004999999999999449,175.38552818758043,True,0.955595350513209,3.849499787104179,-0.3842170377880181,pyin_probability_below_0.5,0.36256176917454885,False
3.89,3.8473333333333333,3.9326666666666665,False,172.52972650401387,True,0.10857977072874497,0.0,0.09324723277716274,-20.607280950694452,3.8949999999999996,0.004999999999999449,177.32950336758583,True,0.9642011701212019,4.799776863571964,-0.47505155282090766,pyin_probability_below_0.5,0.5533962842074396,False
3.9,3.8573333333333335,3.9426666666666668,False,174.53442536143424,True,0.2065067991177523,0.19999999999999687,0.08730542391698905,-21.179175491513785,3.9049999999999994,0.004999999999999449,179.40505685404048,True,0.9605964160859091,4.870631492606236,-0.4765071903575445,pyin_probability_below_0.5,0.7548519217440753,False
3.91,3.8673333333333333,3.9526666666666666,False,176.56241769755178,True,0.4260623290432814,0.39999999999999736,0.07981393157803689,-21.958425912488305,3.9149999999999996,0.004999999999999449,181.79237199484433,True,0.9657643961445272,5.229954297292551,-0.5053605050365696,pyin_probability_below_0.5,0.983705236423102,False
3.92,3.8773333333333335,3.962666666666667,False,177.5852333780714,True,0.5485250542599845,0.49999999999999706,0.07324495952297766,-22.704445133245493,3.9249999999999994,0.004999999999999449,183.53139481216334,True,0.9755443857296854,5.946161434091948,-0.5701829736255782,,1.1485277050121068,False
3.93,3.8873333333333333,3.9726666666666666,False,179.64867439581087,True,0.6860828109301792,0.699999999999998,0.06556211310736783,-23.66694114593554,3.9349999999999996,0.004999999999999449,183.27423259346125,True,0.9553013905653931,3.6255581976503777,-0.3459080972970652,,1.1242528286835936,True
3.94,3.8973333333333335,3.982666666666667,False,181.73609144327253,True,0.7571601330199091,0.8999999999999985,0.05722264586481766,-24.848641302539612,3.9449999999999994,0.004999999999999449,181.05415451169185,True,0.8971057817240161,0.6819369315806796,0.06508409963535644,,0.9132606317511778,True
3.95,3.9073333333333333,3.9926666666666666,False,182.78887791090543,True,0.7571601330199093,0.9999999999999971,0.04939914706096199,-26.125610993152783,3.9549999999999996,0.004999999999999449,172.56763185097577,True,0.8387609124124378,10.221246059929655,0.9961968397626177,,0.08214789162391367,False
3.96,3.917333333333333,4.002666666666666,False,182.78887791090543,True,0.6860828109301791,0.9999999999999971,0.042334473690771535,-27.466116701602065,3.9649999999999994,0.004999999999999449,,False,0.0,,,voicing_disagreement,,False
3.97,3.9273333333333333,4.012666666666667,False,182.78887791090543,True,0.5485250542599844,0.9999999999999971,0.034521667259396545,-29.23816475504015,3.9749999999999996,0.004999999999999449,,False,0.0,,,voicing_disagreement,,False
3.98,3.937333333333333,4.022666666666667,False,178.6139741695516,True,0.2065067991177523,0.5999999999999976,0.024597920281007504,-32.182032206439615,3.9849999999999994,0.004999999999999449,,False,0.0,,,pyin_probability_below_0.5|voicing_disagreement,,False
3.99,3.9473333333333334,4.032666666666667,False,175.5454930018647,True,0.010000127845232545,0.2999999999999983,0.01562054784752698,-36.126074770268445,3.9949999999999997,0.004999999999999449,,False,0.0,,,pyin_probability_below_0.5|voicing_disagreement,,False
4.0,3.957333333333333,4.042666666666666,False,,False,0.010000000009505967,,0.015254378396574541,-36.33210969610875,4.005,0.004999999999999893,,False,0.0,,,,,False
4.01,3.9673333333333334,4.052666666666667,False,,False,0.010000000001606035,,0.020227544749161587,-33.881136587394465,4.005,-0.004999999999999893,,False,0.0,,,,,False
4.02,3.977333333333333,4.062666666666667,False,,False,0.010000000000613858,,0.025566017056611406,-31.846738513442258,4.015,-0.004999999999999893,,False,0.0,,,,,False
4.03,3.9873333333333334,4.072666666666667,False,,False,0.010000000000221913,,0.03190674180743988,-29.922350840163197,4.034999999999999,0.004999999999999005,,False,0.0,,,,,False
4.04,3.997333333333333,4.082666666666666,False,,False,0.010000000000023851,,0.03528585196172218,-29.04798784499489,4.045,0.004999999999999893,,False,0.0,,,,,False
4.05,4.007333333333333,4.092666666666666,False,,False,0.010000000000001867,,0.037764689775103034,-28.45828157085979,4.045,-0.004999999999999893,,False,0.0,,,,,False
4.06,4.017333333333333,4.102666666666667,False,,False,0.010000000000006923,,0.038092482869619276,-28.38321438168133,4.055,-0.004999999999999893,,False,0.0,,,,,False
4.07,4.027333333333333,4.112666666666667,False,,False,0.01000000000002385,,0.037710212779673624,-28.47082034166357,4.074999999999999,0.004999999999999005,,False,0.0,,,,,False
4.08,4.037333333333334,4.1226666666666665,False,,False,0.010000005216229449,,0.04687019041318329,-26.582065642535074,4.085,0.004999999999999893,,False,0.0,,,,,False
4.09,4.0473333333333334,4.132666666666666,False,214.87708272009507,True,0.010101974593744989,3.8000000000000007,0.05863096987848218,-24.637458432391707,4.085,-0.004999999999999893,,False,0.0,,,pyin_probability_below_0.5|voicing_disagreement,,False
4.1,4.057333333333333,4.142666666666667,False,214.87708272009507,True,0.016467587593113005,3.8000000000000007,0.06677312567717135,-23.50796587578699,4.095,-0.004999999999999893,,False,0.0,,,pyin_probability_below_0.5|voicing_disagreement,,False
4.11,4.067333333333333,4.152666666666667,False,213.63948179230545,True,0.0779752376229482,3.6999999999999957,0.0711970317580184,-22.95076223905631,4.114999999999999,0.004999999999999005,217.6227460372422,True,0.7903035594167054,3.9832642449367484,-0.31981278899138554,pyin_probability_below_0.5,4.098157520377913,False
4.12,4.077333333333334,4.1626666666666665,False,207.55758045272898,True,0.1765306086328976,3.2,0.07421311284574889,-22.59038703366318,4.124999999999999,0.004999999999999005,211.08520721174168,True,0.9295302962671618,3.5276267590126906,-0.2917662640365459,pyin_probability_below_0.5,3.5701109954230787,False
4.13,4.0873333333333335,4.172666666666666,False,207.55758045272898,True,0.3721358982975087,3.2,0.0747818473722632,-22.524076209239084,4.135,0.004999999999999893,208.39612379261544,True,0.9843299289493906,0.8385433398864564,-0.06980184253394525,pyin_probability_below_0.5,3.3481465739204785,False
4.14,4.097333333333333,4.182666666666667,False,207.55758045272898,True,0.3721358982975087,3.2,0.07461822466682194,-22.543101760038024,4.135,-0.004999999999999893,208.39612379261544,True,0.9843299289493906,0.8385433398864564,-0.06980184253394525,pyin_probability_below_0.5,3.3481465739204785,False
4.15,4.107333333333333,4.192666666666667,False,207.55758045272898,True,0.3721358982975087,3.2,0.07456413250413997,-22.54940060910892,4.154999999999999,0.004999999999999005,199.7413732224266,True,0.9578649873729295,7.816207230302382,0.6645411405090075,pyin_probability_below_0.5,2.6138035908775237,False
4.16,4.117333333333334,4.2026666666666666,False,206.36213675586595,True,0.6860828109301792,3.0999999999999988,0.07238376684644802,-22.807176399671278,4.164999999999999,0.004999999999999005,190.9668152904972,True,0.9304462361624879,15.395321465368738,1.3422759607689194,pitch_difference_over_1_semitone,1.8360687706176129,False
4.17,4.1273333333333335,4.212666666666666,False,203.99186545315516,True,0.6860828109301793,2.8999999999999932,0.06363621691144555,-23.925912929760884,4.175,0.004999999999999893,182.50514656067807,True,0.9052328002925826,21.486718892477086,1.9268937042587733,pitch_difference_over_1_semitone,1.051451027127757,False
4.18,4.137333333333333,4.222666666666667,False,200.48740730303228,True,0.6860828109301792,2.5999999999999974,0.05239263473549457,-25.614595221606116,4.175,-0.004999999999999893,182.50514656067807,True,0.9052328002925826,17.982260742354214,1.6268937042587726,pitch_difference_over_1_semitone,1.051451027127757,False
4.19,4.147333333333333,4.232666666666667,False,198.18461302324906,True,0.6159498854580678,2.399999999999998,0.03971688527421761,-28.02049635220403,4.194999999999999,0.004999999999999005,,False,0.0,,,voicing_disagreement,,False
4.2,4.157333333333334,4.242666666666667,False,190.3311404729313,True,0.5485250542599845,1.6999999999999993,0.026474216862917354,-31.543537558984784,4.204999999999999,0.004999999999999005,,False,0.0,,,voicing_disagreement,,False
4.21,4.167333333333334,4.252666666666666,False,,False,0.010000000047726025,,0.026227664637324694,-31.624807562403014,4.215,0.004999999999999893,,False,0.0,,,,,False
4.22,4.177333333333333,4.262666666666667,False,,False,0.010000000208892744,,0.0249150778734053,-32.07075502160454,4.215,-0.004999999999999893,,False,0.0,,,,,False
4.23,4.187333333333333,4.272666666666667,False,,False,0.010000002871100368,,0.02696135340865334,-31.3851662166535,4.234999999999999,0.004999999999999005,,False,0.0,,,,,False
4.24,4.197333333333333,4.282666666666667,False,,False,0.010000009287486629,,0.027963204632875018,-31.068261183117727,4.244999999999999,0.004999999999999005,,False,0.0,,,,,False
4.25,4.207333333333334,4.292666666666666,False,,False,0.01000000928748663,,0.02856277133776165,-30.883993137982927,4.255,0.004999999999999893,,False,0.0,,,,,False
4.26,4.217333333333333,4.302666666666667,False,,False,0.01000000928748663,,0.029099332935545168,-30.722339330750795,4.255,-0.004999999999999893,,False,0.0,,,,,False
4.27,4.227333333333333,4.312666666666667,False,,False,0.010000016226422834,,0.029489000237998,-30.606799020636313,4.265,-0.004999999999999893,79.17282073869082,True,0.6550014037264111,,,voicing_disagreement,-13.406868861311573,False
4.28,4.237333333333333,4.322666666666667,False,,False,0.010622609040911533,,0.02976790691698232,-30.525034020106787,4.284999999999999,0.004999999999999005,80.14287448526206,True,0.6712550531406396,,,voicing_disagreement,-13.196040816060616,False
4.29,4.247333333333334,4.332666666666666,False,,False,0.01000020633903134,,0.03604275458227426,-28.863640505820293,4.295,0.004999999999999893,79.56109216053414,True,0.7037170748729029,,,voicing_disagreement,-13.322174918585809,False
4.3,4.257333333333333,4.342666666666666,False,211.18562305262122,True,0.010824463728234167,3.4999999999999982,0.04178760071994994,-27.579051272508824,4.295,-0.004999999999999893,79.56109216053414,True,0.7037170748729029,131.62453089208708,16.90051964997234,pyin_probability_below_0.5|pitch_difference_over_1_semitone,-13.322174918585809,False
4.31,4.267333333333333,4.352666666666667,False,208.75994928447787,True,0.06608151270920701,3.2999999999999976,0.050446428558355766,-25.943391499265744,4.305,-0.004999999999999893,,False,0.0,,,pyin_probability_below_0.5|voicing_disagreement,,False
4.32,4.277333333333333,4.362666666666667,False,206.36213675586595,True,0.1765306086328976,3.0999999999999988,0.05886168902590193,-24.603345601063676,4.324999999999999,0.004999999999999005,215.12958857911352,True,0.8340557476221255,8.767451823247569,-0.7203320934368985,pyin_probability_below_0.5,3.898676824823433,False
4.33,4.287333333333334,4.3726666666666665,False,205.1735783080468,True,0.3233360583906409,2.999999999999999,0.06604712741373966,-23.602921327981075,4.335,0.004999999999999893,210.76738652022445,True,0.9180165336839237,5.593808212177635,-0.4656802750000856,pyin_probability_below_0.5,3.5440250063866174,False
4.34,4.2973333333333334,4.382666666666666,False,205.1735783080468,True,0.42606232904328145,2.999999999999999,0.07199400650010124,-22.854073141451806,4.335,-0.004999999999999893,210.76738652022445,True,0.9180165336839237,5.593808212177635,-0.4656802750000856,pyin_probability_below_0.5,3.5440250063866174,False
4.35,4.307333333333333,4.392666666666667,False,203.99186545315516,True,0.5485250542599844,2.8999999999999932,0.07700699262434499,-22.2693967380356,4.345,-0.004999999999999893,206.2299074914117,True,0.9773114779422716,2.2380420382565376,-0.1889033336471017,,3.16724806503363,True
4.36,4.317333333333333,4.402666666666667,False,203.99186545315516,True,0.6860828109301793,2.8999999999999932,0.08157623705394203,-21.768726633577767,4.364999999999999,0.004999999999999005,202.58192975037136,True,0.9939617017240389,1.4099357027837982,0.12007357627866613,,2.8582711551078637,True
4.37,4.327333333333334,4.4126666666666665,False,203.99186545315516,True,0.8266685594724994,2.8999999999999932,0.08469665614122635,-21.442674709107322,4.375,0.004999999999999893,202.01712835899912,True,0.9939349550256442,1.9747370941560405,0.16840804544019042,,2.80993668594634,True
4.38,4.3373333333333335,4.422666666666666,False,202.8169587634771,True,0.9459302094659092,2.799999999999997,0.08282855344829357,-21.636398465423127,4.375,-0.004999999999999893,202.01712835899912,True,0.9939349550256442,0.7998304044779729,0.0684080454401918,,2.80993668594634,True
4.39,4.347333333333333,4.432666666666667,False,202.8169587634771,True,0.9459302094659093,2.799999999999997,0.07813608134156225,-22.142967463558357,4.385,-0.004999999999999893,202.26856534886417,True,0.9930298846294903,0.5483934146129172,0.04687395007408754,,2.8314707813124436,True
4.4,4.357333333333333,4.442666666666667,False,201.6488190383855,True,0.8266685594724995,2.7,0.072358353081414,-22.810226529940913,4.404999999999999,0.004999999999999005,201.50087611550967,True,0.9854398682399559,0.147942922875842,0.01270614067066964,,2.765638590715865,True
4.41,4.367333333333334,4.4526666666666666,False,201.6488190383855,True,0.6159498854580681,2.7,0.06620501691631059,-23.582181982651935,4.414999999999999,0.004999999999999005,196.787240606929,True,0.9615666154399906,4.861578431456508,0.42249930103272304,,2.355845430353809,True
4.42,4.3773333333333335,4.462666666666666,False,206.36213675586595,True,0.20650679911775227,3.0999999999999988,0.06116334688590686,-24.2701751563941,4.425,0.004999999999999893,187.17687559884234,True,0.8897709512991093,19.185261157023604,1.6893129471413166,pyin_probability_below_0.5|pitch_difference_over_1_semitone,1.4890317842452172,False
4.43,4.387333333333333,4.472666666666667,False,199.33268480704808,True,0.01508558729750434,2.4999999999999987,0.058717508719901786,-24.62464758096499,4.425,-0.004999999999999893,187.17687559884234,True,0.8897709512991093,12.155809208205739,1.0893129471413172,pyin_probability_below_0.5|pitch_difference_over_1_semitone,1.4890317842452172,False
4.44,4.397333333333333,4.482666666666667,False,208.75994928447787,True,0.010073751764282886,3.2999999999999976,0.057052716620691155,-24.874473427970138,4.444999999999999,0.004999999999999005,,False,0.0,,,pyin_probability_below_0.5|voicing_disagreement,,False
4.45,4.407333333333334,4.492666666666667,False,197.04315364635175,True,0.010000078102280322,2.2999999999999963,0.05800254302599085,-24.731059301864,4.454999999999999,0.004999999999999005,,False,0.0,,,pyin_probability_below_0.5|voicing_disagreement,,False
4.46,4.417333333333334,4.502666666666666,False,197.04315364635175,True,0.01000000002170159,2.2999999999999963,0.05888517443444181,-24.599880682111397,4.465,0.004999999999999893,,False,0.0,,,pyin_probability_below_0.5|voicing_disagreement,,False
4.47,4.427333333333333,4.512666666666667,False,,False,0.010000000000075395,,0.06061075026528516,-24.3490068015498,4.465,-0.004999999999999893,,False,0.0,,,,,False
4.48,4.437333333333333,4.522666666666667,False,,False,0.010000000000023851,,0.0655941870453097,-23.66269292163445,4.484999999999999,0.004999999999999005,,False,0.0,,,,,False
4.49,4.447333333333333,4.532666666666667,False,,False,0.01000000000061386,,0.07222486265070026,-22.826265507529154,4.494999999999999,0.004999999999999005,,False,0.0,,,,,False
4.5,4.457333333333334,4.542666666666666,False,,False,0.010000000001606031,,0.0745698717720623,-22.548732074148788,4.505,0.004999999999999893,,False,0.0,,,,,False
4.51,4.467333333333333,4.552666666666667,False,,False,0.010000000000221911,,0.07662301332088825,-22.312815454028044,4.505,-0.004999999999999893,,False,0.0,,,,,False
4.52,4.477333333333333,4.562666666666667,False,,False,0.010000000009505964,,0.07536151812731964,-22.457007228805466,4.515,-0.004999999999999893,,False,0.0,,,,,False
4.53,4.487333333333333,4.572666666666667,False,,False,0.010000000003996621,,0.0723090266415397,-22.816149690095063,4.534999999999999,0.004999999999999005,,False,0.0,,,,,False
4.54,4.497333333333334,4.582666666666666,False,,False,0.01000000002170159,,0.06787422977566586,-23.36590171338822,4.545,0.004999999999999893,,False,0.0,,,,,False
4.55,4.507333333333333,4.592666666666666,False,,False,0.010000000208892744,,0.06389796823516425,-23.89025901782891,4.545,-0.004999999999999893,,False,0.0,,,,,False
4.56,4.517333333333333,4.602666666666667,False,,False,0.01000000928748663,,0.0580625929378928,-24.72207147016477,4.555,-0.004999999999999893,,False,0.0,,,,,False
4.57,4.527333333333333,4.612666666666667,False,,False,0.010000005216229449,,0.06470321020881363,-23.78148343101939,4.574999999999999,0.004999999999999005,,False,0.0,,,,,False
4.58,4.537333333333334,4.6226666666666665,False,212.40900892134297,True,0.010052967545965857,3.599999999999997,0.06749716860576777,-23.41428889439635,4.585,0.004999999999999893,,False,0.0,,,pyin_probability_below_0.5|voicing_disagreement,,False
4.59,4.5473333333333334,4.632666666666666,False,212.40900892134297,True,0.01240312479355135,3.599999999999997,0.07056109079830236,-23.02869428200832,4.585,-0.004999999999999893,,False,0.0,,,pyin_probability_below_0.5|voicing_disagreement,,False
4.6,4.557333333333333,4.642666666666667,False,211.18562305262122,True,0.0229442191246386,3.4999999999999982,0.07540662895536937,-22.451809477248577,4.595,-0.004999999999999893,230.88213785312894,True,0.530279459201509,19.696514800507714,-1.5437392846131843,pyin_probability_below_0.5|pitch_difference_over_1_semitone,5.1220840159997145,False
4.61,4.567333333333333,4.652666666666667,False,205.1735783080468,True,0.06608151270920702,2.999999999999999,0.07993903441615048,-21.944822037773047,4.614999999999999,0.004999999999999005,207.62444964100467,True,0.8539020270413766,2.4508713329578597,-0.20557664870761386,pyin_probability_below_0.5,3.283921380094145,False
4.62,4.577333333333334,4.6626666666666665,False,202.8169587634771,True,0.108579770728745,2.799999999999997,0.08555769417773598,-21.35481856788667,4.625,0.004999999999999893,202.91343950302874,True,0.9786718972763129,0.0964807395516516,-0.008233582953259044,pyin_probability_below_0.5,2.8865783143397894,False
4.63,4.5873333333333335,4.672666666666666,False,201.6488190383855,True,0.15046460134333878,2.7,0.09178878375129357,-20.74420769460854,4.625,-0.004999999999999893,202.91343950302874,True,0.9786718972763129,1.2646204646432295,-0.10823358295325655,pyin_probability_below_0.5,2.8865783143397894,False
4.64,4.597333333333333,4.682666666666667,False,200.48740730303228,True,0.15046460134333883,2.5999999999999974,0.09754398699558606,-20.215989942124075,4.635,-0.004999999999999893,200.4914498243377,True,0.9820584027587592,0.004042521305422042,-0.0003490732942078026,pyin_probability_below_0.5,2.678693804680737,False
4.65,4.607333333333333,4.692666666666667,False,198.18461302324906,True,0.4260623290432814,2.399999999999998,0.09990302555891607,-20.00842717969562,4.654999999999999,0.004999999999999005,195.64825451991902,True,0.983409294288653,2.5363585033300353,0.22299260790671188,pyin_probability_below_0.5,2.2553521234798204,False
4.66,4.617333333333334,4.7026666666666666,False,193.6580702059513,True,0.5485250542599844,1.9999999999999973,0.09760490104044083,-20.21056749064587,4.664999999999999,0.004999999999999005,193.41910334744452,True,0.984360542680155,0.23896685850678523,0.021375975793523953,,2.056968755593009,True
4.67,4.6273333333333335,4.712666666666666,False,192.54268179725335,True,0.5485250542599845,1.8999999999999972,0.09772421346893248,-20.19995632581445,4.675,0.004999999999999893,191.44977823502975,True,0.9891530987679304,1.0929035622235972,0.09854761044625604,,1.8797971209402737,True
4.68,4.637333333333333,4.722666666666667,False,190.3311404729313,True,0.615949885458068,1.6999999999999993,0.09846406925725926,-20.134444399204597,4.675,-0.004999999999999893,191.44977823502975,True,0.9891530987679304,1.1186377620984445,-0.10145238955374215,,1.8797971209402737,True
4.69,4.647333333333333,4.732666666666667,False,189.23491376948436,True,0.6860828109301793,1.599999999999999,0.0997156031532414,-20.02473758940291,4.694999999999999,0.004999999999999005,189.4932623337622,True,0.9908038794729374,0.2583485642778385,-0.02361915107459551,,1.70196388246113,True
4.7,4.657333333333334,4.742666666666667,False,188.14500086724917,True,0.6860828109301793,1.5000000000000004,0.1013657572505645,-19.88217461775196,4.704999999999999,0.004999999999999005,188.35996868267057,True,0.9897119923319507,0.21496781542140297,-0.019769175551447762,,1.5981139069379826,True
4.71,4.667333333333334,4.752666666666666,False,187.0613654014066,True,0.7571601330199094,1.3999999999999968,0.10309104645088174,-19.735581038816473,4.715,0.004999999999999893,187.5924398427102,True,0.9905060492674486,0.5310744413036161,-0.04908076513872037,,1.5274254965252512,True
4.72,4.677333333333333,4.762666666666667,False,187.0613654014066,True,0.6860828109301793,1.3999999999999968,0.1037259873177452,-19.682248452783757,4.715,-0.004999999999999893,187.5924398427102,True,0.9905060492674486,0.5310744413036161,-0.04908076513872037,,1.5274254965252512,True
4.73,4.687333333333333,4.772666666666667,False,185.98397121658357,True,0.7571601330199093,1.2999999999999958,0.10469780128551583,-19.601248773222448,4.734999999999999,0.004999999999999005,185.97118945235434,True,0.990223554456369,0.012781764229231385,0.001189832957807179,,1.3771548984287223,True
4.74,4.697333333333333,4.782666666666667,False,185.98397121658357,True,0.8266685594724995,1.2999999999999958,0.10502927432824524,-19.573792702936302,4.744999999999999,0.004999999999999005,185.31696908015743,True,0.9906347294896798,0.6670021364261345,0.06219957593333021,,1.3161451554532004,True
4.75,4.707333333333334,4.792666666666666,False,185.98397121658357,True,0.8266685594724995,1.2999999999999958,0.1048500635107848,-19.58862604267088,4.755,0.004999999999999893,184.88406876911873,True,0.9906219198998588,1.0999024474648422,0.10268850077698247,,1.2756562306095496,True
4.76,4.717333333333333,4.802666666666667,False,185.98397121658357,True,0.8266685594724995,1.2999999999999958,0.10474491655990988,-19.59734089726699,4.755,-0.004999999999999893,184.88406876911873,True,0.9906219198998588,1.0999024474648422,0.10268850077698247,,1.2756562306095496,True
4.77,4.727333333333333,4.812666666666667,False,185.98397121658357,True,0.8266685594724993,1.2999999999999958,0.10350645802530387,-19.700651052980685,4.765,-0.004999999999999893,184.9841264238322,True,0.9888195689300079,0.999844792751361,0.09332174660959505,,1.2850229847769348,True
4.78,4.737333333333333,4.822666666666667,False,185.98397121658357,True,0.7571601330199091,1.2999999999999958,0.10116924170302061,-19.89903010349618,4.784999999999999,0.004999999999999005,187.24897678102516,True,0.9869288243063334,1.2650055644415943,-0.11735454242023016,,1.4956992738067585,True
4.79,4.747333333333334,4.832666666666666,False,187.0613654014066,True,0.6860828109301793,1.3999999999999968,0.09732705173444833,-20.235328644555203,4.795,0.004999999999999893,189.6589683130884,True,0.9863222407295783,2.597602911681804,-0.2387516402765795,,1.7170963716631105,True
4.8,4.757333333333333,4.842666666666666,False,188.14500086724917,True,0.6860828109301792,1.5000000000000004,0.0930921927326449,-20.62173480041768,4.795,-0.004999999999999893,189.6589683130884,True,0.9863222407295783,1.5139674458392278,-0.13875164027657774,,1.7170963716631105,True
4.81,4.767333333333333,4.852666666666667,False,190.3311404729313,True,0.6860828109301793,1.6999999999999993,0.08525578855141287,-21.38552248703975,4.805,-0.004999999999999893,192.92103212459153,True,0.9802252503835891,2.589891651660224,-0.2339857245110173,,2.0123304558975503,True
4.82,4.777333333333333,4.862666666666667,False,193.6580702059513,True,0.7571601330199094,1.9999999999999973,0.07751902117138101,-22.211834394726782,4.824999999999999,0.004999999999999005,200.3090477878011,True,0.9820797394242108,6.650977581849787,-0.5845915759880311,,2.662936307374564,False
4.83,4.787333333333334,4.8726666666666665,False,194.7799199939686,True,0.8266685594724996,2.0999999999999988,0.06964893060089614,-23.14171094810121,4.835,0.004999999999999893,202.68514028965447,True,0.9520245492007946,7.905220295685865,-0.6887443917676779,,2.8670891231542104,False
4.84,4.7973333333333334,4.882666666666666,False,197.04315364635175,True,0.8911444948731204,2.2999999999999963,0.060362955122302706,-24.38459014204623,4.835,-0.004999999999999893,202.68514028965447,True,0.9520245492007946,5.641986643302715,-0.4887443917676779,,2.8670891231542104,True
4.85,4.807333333333333,4.892666666666667,False,199.33268480704808,True,0.8911444948731203,2.4999999999999987,0.0506547377124373,-25.90759858114056,4.845,-0.004999999999999893,200.0461796492764,True,0.884433781599918,0.7134948422283287,-0.06185744859127129,,2.640202179977802,True
4.86,4.817333333333333,4.902666666666667,False,201.6488190383855,True,0.8266685594724996,2.7,0.03996139672534904,-27.967186815572273,4.864999999999999,0.004999999999999005,,False,0.0,,,voicing_disagreement,,False
4.87,4.827333333333334,4.9126666666666665,False,202.8169587634771,True,0.6159498854580678,2.799999999999997,0.028333440872528932,-30.95401361286697,4.875,0.004999999999999893,,False,0.0,,,voicing_disagreement,,False
4.88,4.8373333333333335,4.922666666666666,False,191.43371755306833,True,0.1504646013433388,1.7999999999999972,0.014623026006450211,-36.69925495259754,4.875,-0.004999999999999893,,False,0.0,,,pyin_probability_below_0.5|voicing_disagreement,,False
4.89,4.847333333333333,4.932666666666667,False,198.18461302324906,True,0.4260623290432814,2.399999999999998,0.006473075610268832,-43.77778640148985,4.885,-0.004999999999999893,,False,0.0,,,pyin_probability_below_0.5|voicing_disagreement,,False
4.9,4.857333333333333,4.942666666666667,False,195.90826859169485,True,0.15046460134333883,2.199999999999996,0.0027721343119793485,-51.143714633164414,4.904999999999999,0.004999999999999005,,False,0.0,,,pyin_probability_below_0.5|voicing_disagreement,,False
4.91,4.867333333333334,4.9526666666666666,False,193.6580702059513,True,0.0779752376229482,1.9999999999999973,0.0015805022066006946,-56.024097869770706,4.914999999999999,0.004999999999999005,,False,0.0,,,pyin_probability_below_0.5|voicing_disagreement,,False
4.92,4.8773333333333335,4.962666666666666,False,190.3311404729313,True,0.056071395445892624,1.6999999999999993,0.001446142312343443,-56.79577933551468,4.925,0.004999999999999893,,False,0.0,,,pyin_probability_below_0.5|voicing_disagreement,,False
4.93,4.887333333333333,4.972666666666667,False,191.43371755306833,True,0.056071395445892624,1.7999999999999972,0.0013527138178924423,-57.37588147316812,4.925,-0.004999999999999893,,False,0.0,,,pyin_probability_below_0.5|voicing_disagreement,,False
4.94,4.897333333333333,4.982666666666667,False,193.6580702059513,True,0.108579770728745,1.9999999999999973,0.0013314494035140743,-57.51350665122479,4.944999999999999,0.004999999999999005,,False,0.0,,,pyin_probability_below_0.5|voicing_disagreement,,False
4.95,4.907333333333334,4.992666666666667,False,197.04315364635175,True,0.2407543944755743,2.2999999999999963,0.0012541934061545046,-58.032709736629435,4.954999999999999,0.004999999999999005,,False,0.0,,,pyin_probability_below_0.5|voicing_disagreement,,False
4.96,4.917333333333334,5.002666666666666,False,199.33268480704808,True,0.0779752376229482,2.4999999999999987,0.0010425054050390067,-59.63843369355835,4.965,0.004999999999999893,,False,0.0,,,pyin_probability_below_0.5|voicing_disagreement,,False
4.97,4.927333333333333,5.012666666666667,False,200.48740730303228,True,0.026168028608935755,2.5999999999999974,0.0009645016682387148,-60.313940336944356,4.965,-0.004999999999999893,,False,0.0,,,pyin_probability_below_0.5|voicing_disagreement,,False
4.98,4.937333333333333,5.022666666666667,False,,False,0.013100262550513397,,0.0008664623208736154,-61.24500636684818,4.984999999999999,0.004999999999999005,,False,0.0,,,,,False
4.99,4.947333333333333,5.032666666666667,False,,False,0.01002672467381077,,0.0009474275564414032,-60.46907975470297,4.994999999999999,0.004999999999999005,,False,0.0,,,,,False
5.0,4.957333333333334,5.042666666666666,False,,False,0.010000002871100368,,0.02724369842391288,-31.29467871633902,5.005,0.004999999999999893,,False,0.0,,,,,False
5.01,4.967333333333333,5.052666666666667,False,213.63948179230545,True,0.01010197459374499,3.6999999999999957,0.06490418860778639,-23.754545499878734,5.005,-0.004999999999999893,,False,0.0,,,pyin_probability_below_0.5|voicing_disagreement,,False
5.02,4.977333333333333,5.062666666666667,False,208.75994928447787,True,0.020317628556360583,3.2999999999999976,0.08156634543543066,-21.7697799147693,5.015,-0.004999999999999893,,False,0.0,,,pyin_probability_below_0.5|voicing_disagreement,,False
5.03,4.987333333333333,5.072666666666667,False,207.55758045272898,True,0.05607139544589263,3.2,0.09450885252042453,-20.490550195802818,5.034999999999999,0.004999999999999005,,False,0.0,,,pyin_probability_below_0.5|voicing_disagreement,,False
5.04,4.997333333333334,5.082666666666666,False,207.55758045272898,True,0.12793708630129036,3.2,0.10464683040310199,-19.60547842520424,5.045,0.004999999999999893,210.1838252537684,True,0.6984072909844969,2.6262448010394053,-0.21768032853900726,pyin_probability_below_0.5,3.49602505992554,False
5.05,5.007333333333333,5.092666666666666,False,207.55758045272898,True,0.17653060863289757,3.2,0.11262807930330052,-18.967066440808143,5.045,-0.004999999999999893,210.1838252537684,True,0.6984072909844969,2.6262448010394053,-0.21768032853900726,pyin_probability_below_0.5,3.49602505992554,False
5.06,5.017333333333333,5.102666666666667,False,206.36213675586595,True,0.24075439447557428,3.0999999999999988,0.11920928831481933,-18.473798095486654,5.055,-0.004999999999999893,207.23533693403263,True,0.936567018983749,0.8732001781666838,-0.07310083945468768,pyin_probability_below_0.5,3.251445570841221,False
5.07,5.027333333333333,5.112666666666667,False,206.36213675586595,True,0.2796051653363589,3.0999999999999988,0.12496996449079445,-18.06388707157066,5.074999999999999,0.004999999999999005,205.89664257704763,True,0.9856268480841954,0.465494178818318,0.03909581820422207,pyin_probability_below_0.5,3.1392489131823114,False
5.08,5.037333333333334,5.1226666666666665,False,206.36213675586595,True,0.4260623290432815,3.0999999999999988,0.12986662737925048,-17.7300487579276,5.085,0.004999999999999893,205.30068742923635,True,0.9809520143740152,1.0614493266295995,0.08927798091367097,pyin_probability_below_0.5,3.0890667504728633,False
5.09,5.0473333333333334,5.132666666666666,False,206.36213675586595,True,0.8911444948731203,3.0999999999999988,0.12364645385370135,-18.156366691408103,5.085,-0.004999999999999893,205.30068742923635,True,0.9809520143740152,1.0614493266295995,0.08927798091367097,,3.0890667504728633,True
5.1,5.057333333333333,5.142666666666667,False,206.36213675586595,True,0.8911444948731203,3.0999999999999988,0.11679577961950587,-18.651457000820873,5.095,-0.004999999999999893,205.2339507169201,True,0.9847648058132642,1.1281860389458416,0.09490658610148744,,3.0834381452850455,True
5.11,5.067333333333333,5.152666666666667,False,206.36213675586595,True,0.8911444948731204,3.0999999999999988,0.11004047197445023,-19.16895111092884,5.114999999999999,0.004999999999999005,205.41686682068516,True,0.987807746750744,0.9452699351807894,0.0794837210112468,,3.0988610103752867,True
5.12,5.077333333333334,5.1626666666666665,False,206.36213675586595,True,0.8266685594724996,3.0999999999999988,0.1042144141723887,-19.641444169176843,5.125,0.004999999999999893,206.4406606141271,True,0.9857575887380232,0.07852385826114983,-0.006586349685203423,,3.1849310810717375,True
5.13,5.0873333333333335,5.172666666666666,False,206.36213675586595,True,0.8266685594724996,3.0999999999999988,0.09886977360215944,-20.09872920631693,5.125,-0.004999999999999893,206.4406606141271,True,0.9857575887380232,0.07852385826114983,-0.006586349685203423,,3.1849310810717375,True
5.14,5.097333333333333,5.182666666666667,False,207.55758045272898,True,0.7571601330199094,3.2,0.09415297576146618,-20.523318985838273,5.135,-0.004999999999999893,207.61296212484595,True,0.9870165611463928,0.05538167211696532,-0.004618759145896509,,3.2829634905324294,True
5.15,5.107333333333333,5.192666666666667,False,208.75994928447787,True,0.6860828109301794,3.2999999999999976,0.08955916526603185,-20.9577992581008,5.154999999999999,0.004999999999999005,212.21879779059805,True,0.9855336932755638,3.4588485061201766,-0.2844899461185799,,3.662834677505111,True
5.16,5.117333333333334,5.2026666666666666,False,209.96928336801093,True,0.6860828109301794,3.3999999999999977,0.08495066559267755,-21.416664281256065,5.164999999999999,0.004999999999999005,215.53313061007043,True,0.9855180167328564,5.563847242059495,-0.45277631846784805,,3.9311210498543794,True
5.17,5.1273333333333335,5.212666666666666,False,213.63948179230545,True,0.6860828109301794,3.6999999999999957,0.08071681473891512,-21.860719692758657,5.175,0.004999999999999893,218.35489521618197,True,0.9894415257768622,4.715413423876527,-0.3779590175669766,,4.156303748953505,True
5.18,5.137333333333333,5.222666666666667,False,216.12185299712482,True,0.7571601330199095,3.8999999999999977,0.07649020764540383,-22.327883202228573,5.175,-0.004999999999999893,218.35489521618197,True,0.9894415257768622,2.233042219057154,-0.17795901756697374,,4.156303748953505,True
5.19,5.147333333333333,5.232666666666667,False,218.63306796596578,True,0.8266685594724996,4.099999999999998,0.07263039336868138,-22.777632073570928,5.194999999999999,0.004999999999999005,222.13536967607504,True,0.9930048869532571,3.502301710109265,-0.275130025862844,,4.453474757249375,True
5.2,5.157333333333334,5.242666666666667,False,221.17346184722248,True,0.8911444948731203,4.299999999999999,0.06841289128646844,-23.29724109803591,5.204999999999999,0.004999999999999005,223.6488916329291,True,0.9903833238578806,2.475429785706609,-0.1926878241699292,,4.571032555556462,True
5.21,5.167333333333334,5.252666666666666,False,222.45470667747657,True,0.8911444948731203,4.399999999999997,0.06338075605880983,-23.96085168972072,5.215,0.004999999999999893,226.1081478417171,True,0.9915913866753465,3.6534411642405473,-0.282016290108657,,4.760361021495189,True
5.22,5.177333333333333,5.262666666666667,False,225.0395058615972,True,0.8911444948731203,4.599999999999999,0.05793838159678917,-24.740672803770604,5.215,-0.004999999999999893,226.1081478417171,True,0.9915913866753465,1.0686419801199065,-0.0820162901086554,,4.760361021495189,True
5.23,5.187333333333333,5.272666666666667,False,226.34314645699226,True,0.8911444948731202,4.699999999999997,0.052541722103518984,-25.58991393827005,5.234999999999999,0.004999999999999005,232.1905006121596,True,0.9917930406428876,5.847354155167352,-0.4415679186595783,,5.219912650046109,True
5.24,5.197333333333333,5.282666666666667,False,228.9731271349986,True,0.9459302094659092,4.899999999999999,0.04664235204940753,-26.624391147689632,5.244999999999999,0.004999999999999005,235.9643625207127,True,0.9925152523575757,6.991235385714106,-0.5206883666643207,,5.499033098050851,False
5.25,5.207333333333334,5.292666666666666,False,230.29955496661373,True,0.9459302094659092,4.9999999999999964,0.041051845432447685,-27.733346299215214,5.255,0.004999999999999893,239.42424743446702,True,0.9887433257979625,9.124692467853293,-0.6726917258778509,,5.751036457264382,False
5.26,5.217333333333333,5.302666666666667,False,232.97550689710764,True,0.9459302094659092,5.1999999999999975,0.03485114678028339,-29.15565853659639,5.255,-0.004999999999999893,239.42424743446702,True,0.9887433257979625,6.4487405373593845,-0.47269172587785035,,5.751036457264382,True
5.27,5.227333333333333,5.312666666666667,False,235.68255189130872,True,0.9848789761259923,5.399999999999999,0.029735134675553516,-30.534601803312714,5.265,-0.004999999999999893,239.4497968232843,True,0.9749450684886246,3.7672449319755685,-0.2745390580699217,,5.752883789456453,True
5.28,5.237333333333333,5.322666666666667,False,238.4210512332145,True,0.9848789761259924,5.599999999999996,0.024246601043684438,-32.30698266818901,5.284999999999999,0.004999999999999005,,False,0.0,,,voicing_disagreement,,False
5.29,5.247333333333334,5.332666666666666,False,239.8022103323442,True,0.9459302094659091,5.699999999999999,0.018784671686895925,-34.523927820173185,5.295,0.004999999999999893,,False,0.0,,,voicing_disagreement,,False
5.3,5.257333333333333,5.342666666666666,False,238.4210512332145,True,0.7571601330199094,5.599999999999996,0.013142358319682938,-37.62653392333978,5.295,-0.004999999999999893,,False,0.0,,,voicing_disagreement,,False
5.31,5.267333333333333,5.352666666666667,False,234.3251202788159,True,0.2407543944755743,5.299999999999999,0.00689461008787839,-43.22980579054875,5.305,-0.004999999999999893,,False,0.0,,,pyin_probability_below_0.5|voicing_disagreement,,False
5.32,5.277333333333333,5.362666666666667,False,245.40732129724032,True,0.010009025493342986,6.099999999999998,0.0021788572917561984,-53.23542427467491,5.324999999999999,0.004999999999999005,,False,0.0,,,pyin_probability_below_0.5|voicing_disagreement,,False
5.33,5.287333333333334,5.3726666666666665,False,245.40732129724032,True,0.01003776550292969,6.099999999999998,0.001643267467073239,-55.68583485399975,5.335,0.004999999999999893,,False,0.0,,,pyin_probability_below_0.5|voicing_disagreement,,False
5.34,5.2973333333333334,5.382666666666666,False,228.9731271349986,True,0.01000020633903134,4.899999999999999,0.0017504905750297538,-55.136804464315325,5.335,-0.004999999999999893,,False,0.0,,,pyin_probability_below_0.5|voicing_disagreement,,False
5.35,5.307333333333333,5.392666666666667,False,,False,0.01000419105279527,,0.011492655985488853,-38.7915918604461,5.345,-0.004999999999999893,,False,0.0,,,,,False
5.36,5.317333333333333,5.402666666666667,False,200.48740730303228,True,0.010824463728234167,2.5999999999999974,0.026083365878793122,-31.672727332217946,5.364999999999999,0.004999999999999005,,False,0.0,,,pyin_probability_below_0.5|voicing_disagreement,,False
5.37,5.327333333333334,5.4126666666666665,False,192.54268179725335,True,0.04069733156888106,1.8999999999999972,0.043536804328572175,-27.22286904076367,5.375,0.004999999999999893,,False,0.0,,,pyin_probability_below_0.5|voicing_disagreement,,False
5.38,5.3373333333333335,5.422666666666666,False,185.98397121658357,True,0.108579770728745,1.2999999999999958,0.05898213984391483,-24.585589510032854,5.375,-0.004999999999999893,,False,0.0,,,pyin_probability_below_0.5|voicing_disagreement,,False
5.39,5.347333333333333,5.432666666666667,False,181.73609144327253,True,0.20650679911775227,0.8999999999999985,0.07396338758061898,-22.619664120652615,5.385,-0.004999999999999893,204.66017152987843,True,0.7386304531856487,22.924080086605898,-2.0566249602095406,pyin_probability_below_0.5|pitch_difference_over_1_semitone,3.034969691596072,False
5.4,5.357333333333333,5.442666666666667,False,177.5852333780714,True,0.2796051653363589,0.49999999999999706,0.08586052697798957,-21.32412900640935,5.404999999999999,0.004999999999999005,185.20303931185381,True,0.9504648277641045,7.617805933782421,-0.7271538141218178,pyin_probability_below_0.5,1.3054985455083479,False
5.41,5.367333333333334,5.4526666666666666,False,175.5454930018647,True,0.3721358982975087,0.2999999999999983,0.09263969121039627,-20.66405802437174,5.414999999999999,0.004999999999999005,179.14484882569963,True,0.9741353502699127,3.5993558238349124,-0.3513792474712758,pyin_probability_below_0.5,0.7297239788578086,False
5.42,5.3773333333333335,5.462666666666666,False,173.52918104210445,True,0.37213589829750876,0.09999999999999636,0.09746428687437754,-20.22308981006059,5.425,0.004999999999999893,173.80495601231445,True,0.9847277875509702,0.2757749702099943,-0.027491171623997356,pyin_probability_below_0.5,0.20583590301052618,False
5.43,5.387333333333333,5.472666666666667,False,172.52972650401387,True,0.42606232904328145,0.0,0.09953680042056802,-20.040326472568253,5.425,-0.004999999999999893,173.80495601231445,True,0.9847277875509702,1.2752295083005833,-0.12749117162399293,pyin_probability_below_0.5,0.20583590301052618,False
5.44,5.397333333333333,5.482666666666667,False,170.54805357686834,True,0.4849868077159113,-0.2000000000000017,0.10033245582089023,-19.97117114938915,5.444999999999999,0.004999999999999005,163.8511504482976,True,0.9794915645873776,6.696903128570739,0.6935098488909446,pyin_probability_below_0.5,-0.8151651175044135,False
5.45,5.407333333333334,5.492666666666667,False,166.65273064969477,True,0.42606232904328145,-0.6000000000000011,0.09939261103884653,-20.05291800709052,5.454999999999999,0.004999999999999005,159.12215397432152,True,0.9847920555506942,7.530576675373254,0.8005229516694957,pyin_probability_below_0.5,-1.32217822028296,False
5.46,5.417333333333334,5.502666666666666,False,161.90845090664698,True,0.3721358982975087,-1.1000000000000019,0.09527953056342195,-20.4200078252616,5.465,0.004999999999999893,156.39841163631664,True,0.9881534288190725,5.5100392703303385,0.5994291484815207,pyin_probability_below_0.5,-1.6210844170949903,False
5.47,5.427333333333333,5.512666666666667,False,156.39325469067515,True,0.2796051653363589,-1.7000000000000033,0.0880275083338369,-21.107631818191983,5.465,-0.004999999999999893,156.39841163631664,True,0.9881534288190725,0.005156945641488164,-0.0005708515184800805,pyin_probability_below_0.5,-1.6210844170949903,False
5.48,5.437333333333333,5.522666666666667,False,151.06592630451914,True,0.20650679911775227,-2.3000000000000043,0.08068772130003503,-21.863850985202387,5.484999999999999,0.004999999999999005,153.01193548339154,True,0.861373766792004,1.9460091788724014,-0.22159083370368485,pyin_probability_below_0.5,-2.0000644349097847,False
5.49,5.447333333333333,5.532666666666667,False,148.4707041104003,True,0.2065067991177523,-2.6000000000000005,0.0742346726489057,-22.587864044565954,5.494999999999999,0.004999999999999005,149.04702192229541,True,0.9398383176243041,0.5763178118951089,-0.06707111406687985,pyin_probability_below_0.5,-2.4545841545465863,False
5.5,5.457333333333334,5.542666666666666,False,145.9200662802185,True,0.1765306086328976,-2.900000000000002,0.07021402661421693,-23.071522409071154,5.505,0.004999999999999893,145.68229253348431,True,0.9483544589469083,0.2377737467341774,0.028233111640551818,pyin_probability_below_0.5,-2.8498883802540207,False
5.51,5.467333333333333,5.552666666666667,False,145.07962854192903,True,0.2065067991177523,-3.0000000000000036,0.06909929121621193,-23.210528147296564,5.505,-0.004999999999999893,145.68229253348431,True,0.9483544589469083,0.6026639915552892,-0.07176688835944922,pyin_probability_below_0.5,-2.8498883802540207,False
5.52,5.477333333333333,5.562666666666667,False,144.24403136881983,True,0.2796051653363589,-3.100000000000003,0.07174207998237357,-22.884520723880627,5.515,-0.004999999999999893,143.0308049064498,True,0.9845017903977136,1.213226462370045,0.14622871083650335,pyin_probability_below_0.5,-3.167883979449973,False
5.53,5.487333333333333,5.572666666666667,False,143.41324688128702,True,0.5485250542599847,-3.2000000000000055,0.07074853978759138,-23.00565038638745,5.534999999999999,0.004999999999999005,142.46926175130505,True,0.990856494540785,0.9439851299819679,0.11433124371691561,,-3.2359865123303884,True
5.54,5.497333333333334,5.582666666666666,False,142.58724736030138,True,0.8266685594724996,-3.3000000000000007,0.06933708170888306,-23.180688821633893,5.545,0.004999999999999893,142.44842670128685,True,0.9920609481910977,0.13882065901452734,0.016863227481473383,,-3.238518496094942,True
5.55,5.507333333333333,5.592666666666666,False,142.58724736030138,True,0.7571601330199094,-3.3000000000000007,0.06557145814153817,-23.6657031725496,5.545,-0.004999999999999893,142.44842670128685,True,0.9920609481910977,0.13882065901452734,0.016863227481473383,,-3.238518496094942,True
5.56,5.517333333333333,5.602666666666667,False,142.58724736030138,True,0.8266685594724996,-3.3000000000000007,0.06238536312334444,-24.098345853919746,5.555,-0.004999999999999893,142.63669729910777,True,0.9891818682975728,0.04944993880639004,-0.006002961549800911,,-3.2156523070636673,True
5.57,5.527333333333333,5.612666666666667,False,142.58724736030138,True,0.7571601330199094,-3.3000000000000007,0.05648529153791541,-24.961292507513214,5.574999999999999,0.004999999999999005,139.9501217522766,True,0.8683573183464942,2.6371256080247747,0.32318657490759994,,-3.5448418435210667,True
5.58,5.537333333333334,5.6226666666666665,False,141.7660052464835,True,0.7571601330199091,-3.4000000000000012,0.05205171940366219,-25.671298400805945,5.585,0.004999999999999893,135.25860855676245,True,0.8931364963336716,6.507396689721048,0.8134944685487022,,-4.135149737162168,False
5.59,5.5473333333333334,5.632666666666666,False,141.7660052464835,True,0.6860828109301792,-3.4000000000000012,0.04694203427295647,-26.56876187618169,5.585,-0.004999999999999893,135.25860855676245,True,0.8931364963336716,6.507396689721048,0.8134944685487022,,-4.135149737162168,False
5.6,5.557333333333333,5.642666666666667,False,140.9494931391844,True,0.48498680771591135,-3.500000000000001,0.03891317814321535,-28.198065955143225,5.595,-0.004999999999999893,138.4463773429826,True,0.9453300473098997,2.503115796201797,0.31021183200301117,pyin_probability_below_0.5,-3.73186710061648,False
5.61,5.567333333333333,5.652666666666667,False,138.52806521170294,True,0.2407543944755743,-3.800000000000005,0.032130608102667386,-29.86162109859695,5.614999999999999,0.004999999999999005,136.1440306690271,True,0.9290159100536232,2.3840345426758347,0.3005347455934903,pyin_probability_below_0.5,-4.022190014206961,False
5.62,5.577333333333334,5.6626666666666665,False,140.13768379557115,True,0.05607139544589261,-3.600000000000003,0.023203156838635785,-32.68905848810271,5.625,0.004999999999999893,,False,0.0,,,pyin_probability_below_0.5|voicing_disagreement,,False
5.63,5.5873333333333335,5.672666666666666,False,133.80929076365396,True,0.010000002871100365,-4.400000000000002,0.030225526731267414,-30.392522441608733,5.625,-0.004999999999999893,,False,0.0,,,pyin_probability_below_0.5|voicing_disagreement,,False
5.64,5.597333333333333,5.682666666666667,False,,False,0.010000000047726025,,0.03535455837680605,-29.031091665480417,5.635,-0.004999999999999893,,False,0.0,,,,,False
5.65,5.607333333333333,5.692666666666667,False,,False,0.010000000000075398,,0.040853526669162574,-27.7754089432938,5.654999999999999,0.004999999999999005,,False,0.0,,,,,False
5.66,5.617333333333334,5.7026666666666666,False,,False,0.01000000000002385,,0.042774293538054085,-27.37634309105387,5.664999999999999,0.004999999999999005,,False,0.0,,,,,False
5.67,5.6273333333333335,5.712666666666666,False,,False,0.010000000000006923,,0.04390187828736814,-27.150337972201232,5.675,0.004999999999999893,,False,0.0,,,,,False
5.68,5.637333333333333,5.722666666666667,False,,False,0.01000000000002385,,0.044338700122241365,-27.064340864941574,5.675,-0.004999999999999893,,False,0.0,,,,,False
5.69,5.647333333333333,5.732666666666667,False,,False,0.01000000000061386,,0.04945096023242684,-26.116505418203403,5.694999999999999,0.004999999999999005,,False,0.0,,,,,False
5.7,5.657333333333334,5.742666666666667,False,152.82122781686914,True,0.010000000101429398,-2.1000000000000014,0.05496344817265868,-25.19852058615235,5.704999999999999,0.004999999999999005,,False,0.0,,,pyin_probability_below_0.5|voicing_disagreement,,False
5.71,5.667333333333334,5.752666666666666,False,152.82122781686914,True,0.010026724673810768,-2.1000000000000014,0.06296362315985664,-24.01820578036901,5.715,0.004999999999999893,,False,0.0,,,pyin_probability_below_0.5|voicing_disagreement,,False
5.72,5.677333333333333,5.762666666666667,False,151.9410423129619,True,0.011422334250709073,-2.200000000000002,0.06431373155777727,-23.83392582826806,5.715,-0.004999999999999893,,False,0.0,,,pyin_probability_below_0.5|voicing_disagreement,,False
5.73,5.687333333333333,5.772666666666667,False,152.82122781686914,True,0.034897428019625254,-2.1000000000000014,0.06758036465142357,-23.40358938360664,5.734999999999999,0.004999999999999005,154.75946544539144,True,0.7966837666717766,1.9382376285223017,-0.21819232923526038,pyin_probability_below_0.5,-1.8034629393782078,False
5.74,5.697333333333333,5.782666666666667,False,151.9410423129619,True,0.0779752376229482,-2.200000000000002,0.07045821902079423,-23.041366774391836,5.744999999999999,0.004999999999999005,153.72899601121915,True,0.943144692872276,1.7879536982572404,-0.2025322233172137,pyin_probability_below_0.5,-1.9191230452962564,False
5.75,5.707333333333334,5.792666666666666,False,149.33078614961454,True,0.09203757081218103,-2.5000000000000036,0.07630568855925274,-22.348861687087613,5.755,0.004999999999999893,151.2264544059072,True,0.9570644832185735,1.8956682562926517,-0.218386949775283,pyin_probability_below_0.5,-2.203268318838186,False
5.76,5.717333333333333,5.802666666666667,False,149.33078614961454,True,0.12793708630129036,-2.5000000000000036,0.07940888984920617,-22.002617509055664,5.755,-0.004999999999999893,151.2264544059072,True,0.9570644832185735,1.8956682562926517,-0.218386949775283,pyin_probability_below_0.5,-2.203268318838186,False
5.77,5.727333333333333,5.812666666666667,False,148.4707041104003,True,0.2796051653363589,-2.6000000000000005,0.08319095194459317,-21.598478121834468,5.765,-0.004999999999999893,149.34749451024896,True,0.971110119632081,0.8767903998486588,-0.10193693915745317,pyin_probability_below_0.5,-2.4197183294560136,False
5.78,5.737333333333333,5.822666666666667,False,147.61557577921405,True,0.3233360583906409,-2.700000000000003,0.08261201519711232,-21.659135674822274,5.784999999999999,0.004999999999999005,145.70751378855851,True,0.964581041354019,1.9080619906555398,0.22523617113636407,pyin_probability_below_0.5,-2.8468914397498315,False
5.79,5.747333333333334,5.832666666666666,False,146.76537262479707,True,0.5485250542599845,-2.800000000000002,0.07981450580794867,-21.95836342114626,5.795,0.004999999999999893,144.73364420645083,True,0.9787066477767102,2.0317284183462334,0.24133559107899163,,-2.9629908596924577,True
5.8,5.757333333333333,5.842666666666666,False,146.76537262479707,True,0.615949885458068,-2.800000000000002,0.07788205616786396,-22.171251823428086,5.795,-0.004999999999999893,144.73364420645083,True,0.9787066477767102,2.0317284183462334,0.24133559107899163,,-2.9629908596924577,True
5.81,5.767333333333333,5.852666666666667,False,145.9200662802185,True,0.6159498854580681,-2.900000000000002,0.07493317216276554,-22.506517638542682,5.805,-0.004999999999999893,144.4561923149725,True,0.98630136883624,1.4638739652459947,0.17455489882927494,,-2.996210167442741,True
5.82,5.777333333333333,5.862666666666667,False,145.9200662802185,True,0.6159498854580681,-2.900000000000002,0.07247780335078213,-22.79589955361455,5.824999999999999,0.004999999999999005,147.33814654784882,True,0.9814315694260064,1.4180802676303301,-0.1674325131823495,,-2.6542227554311193,True
5.83,5.787333333333334,5.8726666666666665,False,146.76537262479707,True,0.5485250542599844,-2.800000000000002,0.06804791345161534,-23.343703739952844,5.835,0.004999999999999893,149.9358638358103,True,0.9799198536528906,3.1704912110132284,-0.3700066325563202,,-2.3516486360571482,True
5.84,5.7973333333333334,5.882666666666666,False,147.61557577921405,True,0.4849868077159113,-2.700000000000003,0.06500713304243565,-23.740779737603116,5.835,-0.004999999999999893,149.9358638358103,True,0.9799198536528906,2.3202880565962403,-0.2700066325563205,pyin_probability_below_0.5,-2.3516486360571482,False
5.85,5.807333333333333,5.892666666666667,False,150.19585059339548,True,0.6860828109301792,-2.400000000000005,0.060314388686746205,-24.391581391750897,5.845,-0.004999999999999893,151.81290622095545,True,0.9828390940565529,1.617055627559978,-0.18539386370942262,,-2.1362614049040487,True
5.86,5.817333333333333,5.902666666666667,False,151.06592630451914,True,0.7571601330199091,-2.3000000000000043,0.05690642875973888,-24.89677336553673,5.864999999999999,0.004999999999999005,155.90387088009606,True,0.9875188968929117,4.837944575576927,-0.5457415044797151,,-1.6759137641337547,False
5.87,5.827333333333334,5.9126666666666665,False,152.82122781686914,True,0.8911444948731202,-2.1000000000000014,0.05107758929604765,-25.835392165576575,5.875,0.004999999999999893,157.75247411479663,True,0.9894354339735529,4.931246297927487,-0.5498121040950067,,-1.4718431645184618,False
5.88,5.8373333333333335,5.922666666666666,False,154.59692495035372,True,0.8911444948731202,-1.900000000000003,0.046618062246423404,-26.62891565156223,5.875,-0.004999999999999893,157.75247411479663,True,0.9894354339735529,3.1555491644429026,-0.34981210409500796,,-1.4718431645184618,True
5.89,5.847333333333333,5.932666666666667,False,156.39325469067515,True,0.945930209465909,-1.7000000000000033,0.03933254779227793,-28.104958419229582,5.885,-0.004999999999999893,158.7380253066582,True,0.9823315304102384,2.3447706159830375,-0.25763368475328574,,-1.3640215838601848,True
5.9,5.857333333333333,5.942666666666667,False,158.21045677717683,True,0.945930209465909,-1.5000000000000004,0.03434280944521237,-29.283283597220866,5.904999999999999,0.004999999999999005,158.64666953697875,True,0.9740971608327269,0.43621275980191854,-0.04766734258334779,,-1.3739879260301195,True
5.91,5.867333333333334,5.9526666666666666,False,159.12696062960518,True,0.945930209465909,-1.4000000000000026,0.028117681909356724,-31.020409729568165,5.914999999999999,0.004999999999999005,164.67529891138176,True,0.9110526337717666,5.54833828177658,-0.5933505470737415,,-0.7283047215397279,False
5.92,5.8773333333333335,5.962666666666666,False,159.12696062960518,True,0.8266685594724994,-1.4000000000000026,0.02289276492442291,-32.806035025580606,5.925,0.004999999999999893,174.23961761740097,True,0.8096246963121589,15.112656987795788,-1.5707328377082128,pitch_difference_over_1_semitone,0.2490775690947436,False
5.93,5.887333333333333,5.972666666666667,False,160.97592684906726,True,0.6860828109301791,-1.2000000000000002,0.017027188188953837,-35.37714128014262,5.925,-0.004999999999999893,174.23961761740097,True,0.8096246963121589,13.263690768333703,-1.370732837708209,pitch_difference_over_1_semitone,0.2490775690947436,False
5.94,5.897333333333333,5.982666666666667,False,162.84637702113662,True,0.4849868077159113,-1.0000000000000036,0.01162757090330525,-38.690220070824154,5.944999999999999,0.004999999999999005,,False,0.0,,,pyin_probability_below_0.5|voicing_disagreement,,False
5.95,5.907333333333334,5.992666666666667,False,171.53602840047625,True,0.24075439447557426,-0.10000000000000259,0.007353870185773374,-42.669680815695855,5.954999999999999,0.004999999999999005,,False,0.0,,,pyin_probability_below_0.5|voicing_disagreement,,False
5.96,5.917333333333334,6.002666666666666,False,177.5852333780714,True,0.011853505394683413,0.49999999999999706,0.0035398931308790473,-49.020196981914225,5.965,0.004999999999999893,,False,0.0,,,pyin_probability_below_0.5|voicing_disagreement,,False
5.97,5.927333333333333,6.012666666666667,False,161.90845090664698,True,0.011085791888943373,-1.1000000000000019,0.001979891963428792,-54.067170143929246,5.965,-0.004999999999999893,,False,0.0,,,pyin_probability_below_0.5|voicing_disagreement,,False
5.98,5.937333333333333,6.022666666666667,False,157.29923159850804,True,0.04768699308253104,-1.6000000000000023,0.0017817206575117166,-54.98320769409629,5.984999999999999,0.004999999999999005,,False,0.0,,,pyin_probability_below_0.5|voicing_disagreement,,False
5.99,5.947333333333333,6.032666666666667,False,157.29923159850804,True,0.01001876450976914,-1.6000000000000023,0.0012957735461412321,-57.74941781274302,5.994999999999999,0.004999999999999005,,False,0.0,,,pyin_probability_below_0.5|voicing_disagreement,,False
6.0,5.957333333333334,6.042666666666666,False,153.70651218352927,True,0.01000020633903134,-2.0000000000000004,0.0010513499182731902,-59.565054294414125,6.005,0.004999999999999893,,False,0.0,,,pyin_probability_below_0.5|voicing_disagreement,,False
6.01,5.967333333333333,6.052666666666667,False,142.58724736030138,True,0.01000123296498612,-3.3000000000000007,0.0009767811035071945,-60.2040550140631,6.005,-0.004999999999999893,,False,0.0,,,pyin_probability_below_0.5|voicing_disagreement,,False
6.02,5.977333333333333,6.062666666666667,False,145.07962854192903,True,0.01000020633903134,-3.0000000000000036,0.0009157036571801273,-60.76490102608248,6.015,-0.004999999999999893,,False,0.0,,,pyin_probability_below_0.5|voicing_disagreement,,False
6.03,5.987333333333333,6.072666666666667,False,138.52806521170294,True,0.01000032860450166,-3.800000000000005,0.0010513438627429272,-59.56510432325621,6.034999999999999,0.004999999999999005,,False,0.0,,,pyin_probability_below_0.5|voicing_disagreement,,False
6.04,5.997333333333334,6.082666666666666,False,125.57172276022992,True,0.01000419105279527,-5.5000000000000036,0.0011445985081147063,-58.82693648985214,6.045,0.004999999999999893,,False,0.0,,,pyin_probability_below_0.5|voicing_disagreement,,False
6.05,6.007333333333333,6.092666666666666,False,121.29428889978496,True,0.011422334250709074,-6.100000000000002,0.0011379376857263426,-58.87763039126477,6.045,-0.004999999999999893,,False,0.0,,,pyin_probability_below_0.5|voicing_disagreement,,False
6.06,6.017333333333333,6.102666666666667,False,121.29428889978496,True,0.010349055133375844,-6.100000000000002,0.001103570763523304,-59.14399627274957,6.055,-0.004999999999999893,,False,0.0,,,pyin_probability_below_0.5|voicing_disagreement,,False
6.07,6.027333333333333,6.112666666666667,False,121.9969395672486,True,0.010259050559778863,-6.000000000000002,0.0011087227866811553,-59.103540533540304,6.074999999999999,0.004999999999999005,,False,0.0,,,pyin_probability_below_0.5|voicing_disagreement,,False
6.08,6.037333333333334,6.1226666666666665,False,119.21052561660726,True,0.010824463728234167,-6.400000000000004,0.0011045076169056466,-59.13662569601054,6.085,0.004999999999999893,,False,0.0,,,pyin_probability_below_0.5|voicing_disagreement,,False
6.09,6.0473333333333334,6.132666666666666,False,118.52392351256819,True,0.013980210380185926,-6.500000000000002,0.0010816495730634663,-59.318268336063724,6.085,-0.004999999999999893,,False,0.0,,,pyin_probability_below_0.5|voicing_disagreement,,False
6.1,6.057333333333333,6.142666666666667,False,115.81683335824411,True,0.020317628556360583,-6.900000000000002,0.0011383390373804086,-58.87456741023614,6.095,-0.004999999999999893,,False,0.0,,,pyin_probability_below_0.5|voicing_disagreement,,False
6.11,6.067333333333333,6.152666666666667,False,117.16256013940793,True,0.013100262550513393,-6.700000000000001,0.0010470503632640869,-59.600648563908535,6.114999999999999,0.004999999999999005,,False,0.0,,,pyin_probability_below_0.5|voicing_disagreement,,False
6.12,6.077333333333334,6.1626666666666665,False,121.9969395672486,True,0.010191075496968311,-6.000000000000002,0.0010070617901702132,-59.93887763348211,6.125,0.004999999999999893,,False,0.0,,,pyin_probability_below_0.5|voicing_disagreement,,False
6.13,6.0873333333333335,6.172666666666666,False,116.48775344855382,True,0.016467587593113005,-6.8000000000000025,0.0010600453600909648,-59.49351101138916,6.125,-0.004999999999999893,,False,0.0,,,pyin_probability_below_0.5|voicing_disagreement,,False
6.14,6.097333333333333,6.182666666666667,False,117.16256013940793,True,0.04069733156888106,-6.700000000000001,0.0010835874458090626,-59.302720704882084,6.135,-0.004999999999999893,,False,0.0,,,pyin_probability_below_0.5|voicing_disagreement,,False
6.15,6.107333333333333,6.192666666666667,False,119.21052561660726,True,0.026168028608935752,-6.400000000000004,0.0011190499522729424,-59.02301053909697,6.154999999999999,0.004999999999999005,,False,0.0,,,pyin_probability_below_0.5|voicing_disagreement,,False
6.16,6.117333333333334,6.2026666666666666,False,117.84127594565435,True,0.03489742801962526,-6.600000000000003,0.0011944029360542435,-58.45698275417721,6.165,0.004999999999999893,,False,0.0,,,pyin_probability_below_0.5|voicing_disagreement,,False
6.17,6.1273333333333335,6.212666666666666,False,117.84127594565435,True,0.07797523762294818,-6.600000000000003,0.001219474278266262,-58.27654711200438,6.165,-0.004999999999999893,,False,0.0,,,pyin_probability_below_0.5|voicing_disagreement,,False
6.18,6.137333333333333,6.222666666666667,False,118.52392351256819,True,0.1279370863012904,-6.500000000000002,0.0012266861799512172,-58.22533055063376,6.175,-0.004999999999999893,,False,0.0,,,pyin_probability_below_0.5|voicing_disagreement,,False
6.19,6.147333333333333,6.232666666666667,False,117.84127594565435,True,0.15046460134333883,-6.600000000000003,0.001266207831041025,-57.94990009701457,6.194999999999999,0.004999999999999005,,False,0.0,,,pyin_probability_below_0.5|voicing_disagreement,,False
6.2,6.157333333333334,6.242666666666667,False,118.52392351256819,True,0.2796051653363588,-6.500000000000002,0.0012824765630776434,-57.83901125522439,6.204999999999999,0.004999999999999005,,False,0.0,,,pyin_probability_below_0.5|voicing_disagreement,,False
6.21,6.167333333333334,6.252666666666666,False,119.9011051661721,True,0.1765306086328976,-6.300000000000001,0.0012040241165476627,-58.387296281851626,6.215,0.004999999999999893,,False,0.0,,,pyin_probability_below_0.5|voicing_disagreement,,False
6.22,6.177333333333333,6.262666666666667,False,119.9011051661721,True,0.15046460134333883,-6.300000000000001,0.001195493235436979,-58.449057538947464,6.215,-0.004999999999999893,,False,0.0,,,pyin_probability_below_0.5|voicing_disagreement,,False
6.23,6.187333333333333,6.272666666666667,False,118.52392351256819,True,0.24075439447557428,-6.500000000000002,0.0012263070682951914,-58.228015370115685,6.234999999999999,0.004999999999999005,,False,0.0,,,pyin_probability_below_0.5|voicing_disagreement,,False
6.24,6.197333333333333,6.282666666666667,False,120.59568520237023,True,0.24075439447557428,-6.200000000000002,0.0011436807778012262,-58.83390356305587,6.244999999999999,0.004999999999999005,,False,0.0,,,pyin_probability_below_0.5|voicing_disagreement,,False
6.25,6.207333333333334,6.292666666666666,False,121.29428889978496,True,0.2065067991177523,-6.100000000000002,0.001110451674367442,-59.09000673442587,6.255,0.004999999999999893,,False,0.0,,,pyin_probability_below_0.5|voicing_disagreement,,False
6.26,6.217333333333333,6.302666666666667,False,119.21052561660726,True,0.1765306086328976,-6.400000000000004,0.0011226437991412855,-58.99516036197225,6.255,-0.004999999999999893,,False,0.0,,,pyin_probability_below_0.5|voicing_disagreement,,False
6.27,6.227333333333333,6.312666666666667,False,120.59568520237023,True,0.24075439447557428,-6.200000000000002,0.0010570433370843382,-59.51814413898359,6.265,-0.004999999999999893,,False,0.0,,,pyin_probability_below_0.5|voicing_disagreement,,False
6.28,6.237333333333333,6.322666666666667,False,119.9011051661721,True,0.1279370863012904,-6.300000000000001,0.001013645218123021,-59.88228048136988,6.284999999999999,0.004999999999999005,,False,0.0,,,pyin_probability_below_0.5|voicing_disagreement,,False
6.29,6.247333333333334,6.332666666666666,False,117.84127594565435,True,0.2065067991177523,-6.600000000000003,0.000995543035282638,-60.03879923142946,6.295,0.004999999999999893,,False,0.0,,,pyin_probability_below_0.5|voicing_disagreement,,False
6.3,6.257333333333333,6.342666666666666,False,118.52392351256819,True,0.15046460134333883,-6.500000000000002,0.000987165785523708,-60.112198107864884,6.295,-0.004999999999999893,,False,0.0,,,pyin_probability_below_0.5|voicing_disagreement,,False
6.31,6.267333333333333,6.35,True,121.29428889978496,True,0.07797523762294818,-6.100000000000002,0.000944573819629983,-60.49528191513556,6.305,-0.004999999999999893,,False,0.0,,,pyin_probability_below_0.5|voicing_disagreement|edge_window,,False
6.32,6.277333333333333,6.35,True,120.59568520237023,True,0.05607139544589263,-6.200000000000002,0.000909839248926197,-60.82070664745247,6.324999999999999,0.004999999999999005,,False,0.0,,,pyin_probability_below_0.5|voicing_disagreement|edge_window,,False
6.33,6.287333333333334,6.35,True,120.59568520237023,True,0.04069733156888106,-6.200000000000002,0.000926865716210864,-60.65966363281702,6.324999999999999,-0.005000000000000782,,False,0.0,,,pyin_probability_below_0.5|voicing_disagreement|edge_window,,False
6.34,6.2973333333333334,6.35,True,124.84848285663055,True,0.04069733156888106,-5.600000000000001,0.000857441247010829,-61.33591257376612,,,,,,,,pyin_probability_below_0.5|edge_window,,False
